step,train/total_loss,train/recon_loss_weighted,train/mmd_loss,train/triplet_loss_weighted,train/grad_norm,train/lr,train/smooth_total_loss
0,0.8515478745102882,0.2556764790788293,0.02194470912218094,0.5739266835153103,0.04963033692911267,0.0001,0.8515478745102882
1,0.8365825973451138,0.25011386442929506,0.021501503884792328,0.5649672225117683,0.058291247114539146,0.0001,0.844065235927701
2,0.8087515942752361,0.24160813633352518,0.020294904708862305,0.5468485504388809,0.06542970892041922,0.0001,0.8322940220435461
3,0.7773337177932262,0.2294221017509699,0.019276119768619537,0.5286354944109917,0.06391762825660408,0.0001,0.8185539459809661
4,0.7542636357247829,0.21813315153121948,0.018749691545963287,0.5173807851970196,0.059310304233804345,0.0001,0.8056958839297295
5,0.7387474104762077,0.20982970669865608,0.018544457852840424,0.5103732384741306,0.05681610060855746,0.0001,0.7945378050208092
6,0.7293953076004982,0.20497628021985292,0.01847264915704727,0.5059463754296303,0.05574972182512283,0.0001,0.7852317339607647
7,0.7180685587227345,0.2017386956140399,0.018505610525608063,0.49782425723969936,0.05655908631160855,0.0001,0.776836337056011
8,0.7103853300213814,0.19997906032949686,0.018822863698005676,0.4915834031999111,0.056310312589630485,0.0001,0.769452891829941
9,0.7116733267903328,0.1989877764135599,0.01910299062728882,0.49358256347477436,0.05253665172494948,0.0001,0.7636749353259802
10,0.7224394157528877,0.19754933938384056,0.019458256661891937,0.5054318215698004,0.050392577424645424,0.0001,0.7507640894502401
11,0.7275560833513737,0.19516601227223873,0.019758671522140503,0.5126313976943493,0.04956450825557113,0.0001,0.7398614380508661
12,0.7339618839323521,0.19357687421143055,0.019879065454006195,0.5205059498548508,0.048562331357970834,0.0001,0.7323824670165777
13,0.7397491335868835,0.19262724183499813,0.019659288227558136,0.5274626016616821,0.047312525333836675,0.0001,0.7286240085959435
14,0.7407232746481895,0.19229338318109512,0.020018741488456726,0.5284111499786377,0.04877850180491805,0.0001,0.7272699724882841
15,0.7471749968826771,0.19198761135339737,0.02007041871547699,0.5351169668138027,0.049167483346536756,0.0001,0.728112731128931
16,0.7494294047355652,0.19148969557136297,0.019848160445690155,0.5380915515124798,0.047849291237071157,0.0001,0.7301161408424377
17,0.7509795650839806,0.19128921627998352,0.020134754478931427,0.5395555905997753,0.0482700380962342,0.0001,0.7334072414785624
18,0.7486896254122257,0.19049669988453388,0.020007722079753876,0.5381851978600025,0.04922793945297599,0.0001,0.7372376710176468
19,0.7469443865120411,0.18956333678215742,0.019958026707172394,0.5374230220913887,0.048596890177577734,0.0001,0.7407647769898176
20,0.735445287078619,0.18927157577127218,0.019989699125289917,0.5261840112507343,0.04872496146708727,0.0001,0.7420653641223908
21,0.7301119267940521,0.18929084669798613,0.01992592215538025,0.5208951607346535,0.04830491682514548,0.0001,0.7423209484666586
22,0.7305065095424652,0.19023397471755743,0.019908323884010315,0.5203642174601555,0.048842499731108546,0.0001,0.74197541102767
23,0.7351744845509529,0.19023764040321112,0.01980767399072647,0.5251291692256927,0.05031593656167388,0.0001,0.7415179461240768
24,0.7375245504081249,0.19025396090000868,0.019617930054664612,0.5276526547968388,0.050624189898371696,0.0001,0.7411980737000704
25,0.7362492829561234,0.19072805251926184,0.019702672958374023,0.5258185639977455,0.048549799947068095,0.0001,0.740105502307415
26,0.7397108525037766,0.1901388643309474,0.019659675657749176,0.5299123078584671,0.05269574839621782,0.0001,0.7391336470842361
27,0.7372826524078846,0.18901883624494076,0.019510813057422638,0.528753001242876,0.051774490624666214,0.0001,0.7377639558166266
28,0.7378173060715199,0.18885801080614328,0.019609838724136353,0.5293494611978531,0.052843918558210135,0.0001,0.736676723882556
29,0.7324811331927776,0.18781513441354036,0.019547313451766968,0.5251186788082123,0.05140030360780656,0.0001,0.7352303985506297
30,0.7323348745703697,0.18713998422026634,0.01939646154642105,0.5257984288036823,0.04899693815968931,0.0001,0.7349193572998047
31,0.7256054542958736,0.18687717150896788,0.019419901072978973,0.5193083733320236,0.04957171133719385,0.0001,0.7344687100499868
32,0.7138581871986389,0.1867150506004691,0.019238658249378204,0.5079044792801142,0.053723557852208614,0.0001,0.7328038778156042
33,0.647463820874691,0.1876372480764985,0.019186295568943024,0.4406402800232172,0.048232542583718896,0.0001,0.724032811447978
34,0.6325186677277088,0.187000279314816,0.01876351237297058,0.42675487510859966,0.04857285926118493,0.0001,0.7135322231799364
35,0.6519486121833324,0.18774889037013054,0.01809483766555786,0.44610488414764404,0.04725685762241483,0.0001,0.7051021561026574
36,0.6685524024069309,0.18716807384043932,0.017703652381896973,0.46368067525327206,0.05055689229629934,0.0001,0.6979863110929727
37,0.6678089052438736,0.18603117484599352,0.017489135265350342,0.46428860537707806,0.05037484620697796,0.0001,0.6910389363765717
38,0.6740699373185635,0.18579468503594398,0.01729583740234375,0.4709794148802757,0.05649173469282687,0.0001,0.684664199501276
39,0.677178543061018,0.18554197531193495,0.017093725502490997,0.47454284131526947,0.052287193946540356,0.0001,0.6791339404881
40,0.6837038844823837,0.18539951369166374,0.016945265233516693,0.4813591055572033,0.05610417132265866,0.0001,0.6742708414793015
41,0.6862088330090046,0.18505313619971275,0.016801543533802032,0.48435415141284466,0.05888671730645001,0.0001,0.6703311793506146
42,0.6858265586197376,0.18475468549877405,0.016734689474105835,0.48433718644082546,0.05387991317547858,0.0001,0.6675280164927244
43,0.6890982985496521,0.18475385196506977,0.016632400453090668,0.4877120479941368,0.052870651008561254,0.0001,0.6716914642602205
44,0.6897698044776917,0.18441755417734385,0.016552865505218506,0.48879938945174217,0.05623014084994793,0.0001,0.6774165779352188
45,0.6888606697320938,0.18446803838014603,0.016520477831363678,0.48787215538322926,0.05420530471019447,0.0001,0.681107783690095
46,0.6901510506868362,0.1844342201948166,0.016453199088573456,0.4892636239528656,0.05949062551371753,0.0001,0.6832676485180855
47,0.689507968723774,0.18449543323367834,0.016419611871242523,0.4885929189622402,0.056341721676290035,0.0001,0.6854375548660755
48,0.6920603327453136,0.1842737076804042,0.01639290153980255,0.4913937281817198,0.05737314675934613,0.0001,0.6872365944087505
49,0.6949097327888012,0.18416730221360922,0.016302697360515594,0.4944397285580635,0.05152547708712518,0.0001,0.6890097133815288
50,0.6957159787416458,0.18420807551592588,0.016237013041973114,0.49527089856565,0.05965527310036123,0.0001,0.6902109228074551
51,0.6958753354847431,0.18408837169408798,0.01622367650270462,0.49556328542530537,0.05749551369808614,0.0001,0.6911775730550289
52,0.6946437768638134,0.1841482250019908,0.01619619131088257,0.49429936334490776,0.05639775888994336,0.0001,0.6920592948794365
53,0.6949123106896877,0.18402907438576221,0.016171418130397797,0.4947118107229471,0.0606997013092041,0.0001,0.69264069609344
54,0.6947046853601933,0.18419749289751053,0.016167782247066498,0.4943394102156162,0.05786562571302056,0.0001,0.6931341841816903
55,0.6912968568503857,0.18394202180206776,0.016126446425914764,0.491228386759758,0.0569760852959007,0.0001,0.6933778028935194
56,0.6951342150568962,0.18396093603223562,0.01606246829032898,0.49511080980300903,0.056454147677868605,0.0001,0.6938761193305254
57,0.6937885023653507,0.18397900462150574,0.016087308526039124,0.49372218176722527,0.057746156584471464,0.0001,0.694304172694683
58,0.6977775879204273,0.18393695913255215,0.016032785177230835,0.4978078454732895,0.055712389992550015,0.0001,0.6948758982121944
59,0.6955279000103474,0.18374942895025015,0.016009852290153503,0.495768615975976,0.05758676747791469,0.0001,0.6949377149343491
60,0.6923955380916595,0.18376708775758743,0.016013696789741516,0.4926147572696209,0.054507301887497306,0.0001,0.6946056708693504
61,0.6962006464600563,0.18357781693339348,0.015970252454280853,0.4966525826603174,0.05432263412512839,0.0001,0.6946382019668818
62,0.6954224482178688,0.18372509069740772,0.015930816531181335,0.4957665428519249,0.05796678666956723,0.0001,0.6947160691022873
63,0.6937095858156681,0.18360270373523235,0.015986748039722443,0.49412012472748756,0.053746480494737625,0.0001,0.6945957966148854
64,0.6958710476756096,0.18386243283748627,0.01592531055212021,0.4960832931101322,0.056413993472233415,0.0001,0.6947124328464269
65,0.6935565210878849,0.18353898730129004,0.015976741909980774,0.49404079280793667,0.05918502411805093,0.0001,0.6949383992701769
66,0.6971428208053112,0.18366823252290487,0.015923410654067993,0.4975511711090803,0.06261528749018908,0.0001,0.6951392598450183
67,0.6932898499071598,0.18343508895486593,0.015934891998767853,0.4939198698848486,0.052223411621525884,0.0001,0.6950893945991993
68,0.6936813555657864,0.18348469585180283,0.015879876911640167,0.49431678280234337,0.054714125813916326,0.0001,0.6946797713637352
69,0.6942136138677597,0.18338231928646564,0.01588255912065506,0.49494874477386475,0.05686444533057511,0.0001,0.6945483427494764
70,0.6927404776215553,0.18343305122107267,0.015869736671447754,0.49343769811093807,0.05824379553087056,0.0001,0.694582836702466
71,0.6947024278342724,0.18307121098041534,0.015897274017333984,0.4957339446991682,0.05782214691862464,0.0001,0.6944330148398876
72,0.6963202580809593,0.1833987208083272,0.015858344733715057,0.4970631878823042,0.05889306333847344,0.0001,0.6945227958261967
73,0.6939632594585419,0.18322064355015755,0.0158093124628067,0.4949333071708679,0.062385071301832795,0.0001,0.6945481631904841
74,0.6948165148496628,0.18312820605933666,0.015808023512363434,0.49588029086589813,0.05903132096864283,0.0001,0.6944427099078894
75,0.6931506656110287,0.18305114563554525,0.01580026000738144,0.49429926648736,0.06001930101774633,0.0001,0.6944021243602038
76,0.69170331209898,0.1831723488867283,0.015778616070747375,0.492752343416214,0.05360826384276152,0.0001,0.6938581734895706
77,0.6930328756570816,0.18307804875075817,0.01579035073518753,0.49416447803378105,0.057405013125389814,0.0001,0.6938324760645628
78,0.6956130787730217,0.18291037809103727,0.01572389155626297,0.49697880633175373,0.05244803964160383,0.0001,0.6940256483852864
79,0.6919436380267143,0.1829541027545929,0.015745550394058228,0.4932439774274826,0.05541722849011421,0.0001,0.6937986508011817
80,0.69416169449687,0.18297850247472525,0.01570361852645874,0.49547957070171833,0.05406645010225475,0.0001,0.6939407724887132
81,0.69333815574646,0.1829920019954443,0.01570548117160797,0.494640676304698,0.05184401501901448,0.0001,0.6938043452799321
82,0.6911146119236946,0.18291621375828981,0.015696056187152863,0.49250234104692936,0.05393235106021166,0.0001,0.6932837806642056
83,0.6888743788003922,0.18280654586851597,0.015731826424598694,0.49033600464463234,0.05552594852633774,0.0001,0.6927748925983905
84,0.6904731206595898,0.18270990997552872,0.01566481590270996,0.4920983947813511,0.052626232616603374,0.0001,0.6923405531793833
85,0.6874092221260071,0.18279532063752413,0.015608280897140503,0.4890056177973747,0.05143392155878246,0.0001,0.6917664088308811
86,0.6859910674393177,0.18244919180870056,0.015594355762004852,0.48794752918183804,0.05382052715867758,0.0001,0.6911951843649149
87,0.6845322325825691,0.18257435131818056,0.015611410140991211,0.4863464776426554,0.04961198568344116,0.0001,0.6903451200574636
88,0.6854793466627598,0.18239193595945835,0.015619069337844849,0.48746834695339203,0.04870350565761328,0.0001,0.6893317468464375
89,0.6821060292422771,0.18250287231057882,0.015551351010799408,0.48405180871486664,0.051266285590827465,0.0001,0.6883479859679937
90,0.6785003691911697,0.1822697427123785,0.015563242137432098,0.48066738806664944,0.05330636166036129,0.0001,0.6867818534374237
91,0.6744877099990845,0.18236948549747467,0.015565529465675354,0.4765526931732893,0.055821764981374145,0.0001,0.6848968088626861
92,0.6717253923416138,0.18238661251962185,0.015560172498226166,0.4737786091864109,0.04431231250055134,0.0001,0.6829578869044781
93,0.6687739677727222,0.18211684562265873,0.015593364834785461,0.4710637480020523,0.05037801503203809,0.0001,0.6809478458017111
94,0.6615775711834431,0.1824378576129675,0.01551896333694458,0.46362075582146645,0.04759435565210879,0.0001,0.6780582908540964
95,0.6621917262673378,0.18246907088905573,0.015506260097026825,0.46421639062464237,0.045182120287790895,0.0001,0.6755365412682295
96,0.6531705893576145,0.18224534392356873,0.015534907579421997,0.4553903341293335,0.04476026748307049,0.0001,0.6722544934600592
97,0.6449932977557182,0.18238590471446514,0.015554860234260559,0.4470525346696377,0.04641009378246963,0.0001,0.6683005999773741
98,0.6379589326679707,0.18240970093756914,0.015505410730838776,0.44004382006824017,0.05100921867415309,0.0001,0.6635485585778952
99,0.630899228155613,0.1821972606703639,0.0154828280210495,0.4332191329449415,0.04287791345268488,0.0001,0.6584278784692288
100,0.6257069520652294,0.1824822062626481,0.01547762006521225,0.42774713411927223,0.04330149688757956,0.0001,0.6531485367566348
101,0.6217725239694118,0.18235013727098703,0.015445500612258911,0.42397688515484333,0.045453194761648774,0.0001,0.6478770181536675
102,0.6169552840292454,0.18250173702836037,0.015419170260429382,0.4190343786031008,0.048596634762361646,0.0001,0.6424000073224306
103,0.6144861578941345,0.18243485782295465,0.015404298901557922,0.4166470021009445,0.04830225696787238,0.0001,0.6369712263345718
104,0.6093598566949368,0.18255257420241833,0.015381596982479095,0.4114256873726845,0.05137199559248984,0.0001,0.6317494548857212
105,0.6074978932738304,0.18239674344658852,0.015353620052337646,0.4097475279122591,0.04742625611834228,0.0001,0.6262800715863704
106,0.6064835153520107,0.1824113456532359,0.015347689390182495,0.40872447937726974,0.04616168886423111,0.0001,0.6216113641858101
107,0.6060733683407307,0.1822816152125597,0.015329405665397644,0.4084623456001282,0.046599058667197824,0.0001,0.6177193712443113
108,0.6077742725610733,0.18256001267582178,0.015249140560626984,0.4099651128053665,0.04612501780502498,0.0001,0.6147009052336216
109,0.6012526005506516,0.1822675820440054,0.015264146029949188,0.4037208780646324,0.045696922577917576,0.0001,0.6117362424731254
110,0.6002965494990349,0.18222388625144958,0.015263423323631287,0.4028092436492443,0.047802110901102424,0.0001,0.609195202216506
111,0.5973662249743938,0.18229601625353098,0.015216194093227386,0.39985401555895805,0.046631610253825784,0.0001,0.6067545723170042
112,0.5983437113463879,0.1822496261447668,0.01520005613565445,0.4008940365165472,0.04382977611385286,0.0001,0.6048934150487184
113,0.5980588085949421,0.18215275276452303,0.015157535672187805,0.4007485155016184,0.04664704599417746,0.0001,0.6032506801187992
114,0.5973995141685009,0.18211217131465673,0.015154145658016205,0.4001331962645054,0.04689451772719622,0.0001,0.6020546458661556
115,0.5958513393998146,0.18228606414049864,0.015144072473049164,0.39842120185494423,0.046656806487590075,0.0001,0.600889990478754
116,0.5962241590023041,0.18232305813580751,0.01508999615907669,0.39881110191345215,0.04353737272322178,0.0001,0.5998640548437834
117,0.5931981578469276,0.18233159556984901,0.01516326516866684,0.39570329897105694,0.05047245207242668,0.0001,0.5985765337944031
118,0.5914158709347248,0.18225060682743788,0.015084594488143921,0.39408066868782043,0.048353153048083186,0.0001,0.5969406936317683
119,0.5916128754615784,0.18224802426993847,0.01510252058506012,0.3942623343318701,0.0482134276535362,0.0001,0.5959767211228609
120,0.5881105400621891,0.1821519322693348,0.015081509947776794,0.39087709598243237,0.04991054837591946,0.0001,0.5947581201791763
121,0.5922230072319508,0.18225298635661602,0.015025429427623749,0.39494459331035614,0.04653412150219083,0.0001,0.594243798404932
122,0.5883490703999996,0.18228004593402147,0.015049509704113007,0.3910195156931877,0.05012191040441394,0.0001,0.5932443343102932
123,0.5886912941932678,0.18224465567618608,0.014999158680438995,0.39144747890532017,0.04996175738051534,0.0001,0.5923075828701257
124,0.5872266888618469,0.1820335341617465,0.014991842210292816,0.39020131900906563,0.04829929582774639,0.0001,0.5912903003394604
125,0.586329523473978,0.1818819884210825,0.015010438859462738,0.38943709433078766,0.050691162468865514,0.0001,0.5903381187468767
126,0.5894220881164074,0.18203906435519457,0.01496896892786026,0.3924140650779009,0.05118375550955534,0.0001,0.5896579116582871
127,0.5855385400354862,0.18214705120772123,0.014947779476642609,0.3884437046945095,0.05307795130647719,0.0001,0.5888919498771429
128,0.5870482549071312,0.18199498858302832,0.014986149966716766,0.3900671135634184,0.058120411122217774,0.0001,0.5884551882743836
129,0.5814202502369881,0.18194696120917797,0.01497090607881546,0.38450238294899464,0.05631967959925532,0.0001,0.5874359257519245
130,0.5897384025156498,0.18163522239774466,0.014913193881511688,0.393189987167716,0.047145510325208306,0.0001,0.5875987119972705
131,0.5859819538891315,0.1818945175036788,0.014897443354129791,0.3891899883747101,0.05103914416395128,0.0001,0.5869746066629886
132,0.5839667432010174,0.18194897659122944,0.014901965856552124,0.38711580261588097,0.05352720618247986,0.0001,0.5865363739430904
133,0.5858504958450794,0.18185631837695837,0.014929980039596558,0.38906420208513737,0.05183401657268405,0.0001,0.5862522941082716
134,0.5837549529969692,0.1818676209077239,0.01490107923746109,0.3869862575083971,0.05214106407947838,0.0001,0.5859051205217838
135,0.5860782638192177,0.1819006558507681,0.014856651425361633,0.3893209621310234,0.05150763411074877,0.0001,0.5858799945563078
136,0.5871905907988548,0.18190267495810986,0.01488245278596878,0.3904054593294859,0.05390876159071922,0.0001,0.5856568448245525
137,0.5873627252876759,0.18180098664015532,0.014837175607681274,0.39072456769645214,0.052837950643152,0.0001,0.5858392633497715
138,0.5844079665839672,0.18173818849027157,0.01484639197587967,0.3878233879804611,0.051323564955964684,0.0001,0.5855752345174551
139,0.5858838893473148,0.18200717866420746,0.014812380075454712,0.3890643361955881,0.051291773561388254,0.0001,0.5860215984284878
140,0.5862670578062534,0.18179080821573734,0.014828361570835114,0.3896478936076164,0.05142459645867348,0.0001,0.5856744639575482
141,0.5825347192585468,0.1817327393218875,0.014828994870185852,0.3859729915857315,0.05118383886292577,0.0001,0.5853297404944897
142,0.5836039036512375,0.18171436991542578,0.014771118760108948,0.38711841218173504,0.04929389641620219,0.0001,0.5852934565395117
143,0.5828667469322681,0.18151990044862032,0.0147685706615448,0.38657827489078045,0.05104332882910967,0.0001,0.5849950816482306
144,0.5837502628564835,0.18169846571981907,0.014753483235836029,0.38729830645024776,0.05314529361203313,0.0001,0.584994612634182
145,0.5857226625084877,0.18178097438067198,0.014738105237483978,0.38920357823371887,0.05352598405443132,0.0001,0.584959052503109
146,0.5876053869724274,0.1816606381908059,0.014738030731678009,0.39120672084391117,0.05083810701034963,0.0001,0.5850005321204662
147,0.5864030532538891,0.1816930454224348,0.014716342091560364,0.38999367132782936,0.05306582897901535,0.0001,0.5849045649170875
148,0.5874361395835876,0.18176856078207493,0.014743626117706299,0.39092395827174187,0.05644681304693222,0.0001,0.5852073822170496
149,0.5857820808887482,0.18153243325650692,0.014683336019515991,0.3895663134753704,0.055066033732146025,0.0001,0.5851972013711929
150,0.5858445949852467,0.1816583825275302,0.014690816402435303,0.38949539326131344,0.053462767507880926,0.0001,0.5851549550890922
151,0.5888822115957737,0.1816210336983204,0.014703616499900818,0.39255756326019764,0.0551907264161855,0.0001,0.585789704322815
152,0.5851754434406757,0.18162972200661898,0.014678798615932465,0.38886692747473717,0.05464594531804323,0.0001,0.5859468583017587
153,0.581725500524044,0.18163743242621422,0.014688149094581604,0.3853999190032482,0.05365661927498877,0.0001,0.5858327336609364
154,0.5854494534432888,0.18148184102028608,0.014674551784992218,0.3892930615693331,0.05036721262149513,0.0001,0.5860026527196169
155,0.583645686507225,0.18163651786744595,0.014644794166088104,0.3873643707484007,0.05266655539162457,0.0001,0.5857949551194906
156,0.5857293531298637,0.18149337731301785,0.014653287827968597,0.38958268612623215,0.05131702125072479,0.0001,0.5856073517352343
157,0.5835667587816715,0.18180115148425102,0.014655746519565582,0.38710986264050007,0.05254605691879988,0.0001,0.5853237222880125
158,0.5871369913220406,0.1814526468515396,0.014650046825408936,0.391034297645092,0.05280304257757962,0.0001,0.5852938074618578
159,0.5869890563189983,0.1814817637205124,0.014625489711761475,0.3908818084746599,0.05055499775335193,0.0001,0.5854145050048828
160,0.5875357985496521,0.18133386597037315,0.0146145299077034,0.39158740639686584,0.05123926047235727,0.0001,0.5855836253613234
161,0.5830161981284618,0.18132770620286465,0.014613136649131775,0.38707535713911057,0.056379681918770075,0.0001,0.5849970240145922
162,0.5888255871832371,0.18163486756384373,0.014591790735721588,0.39259892515838146,0.05353306094184518,0.0001,0.5853620383888483
163,0.5849918387830257,0.18157535139471292,0.014578394591808319,0.3888380881398916,0.052641920978203416,0.0001,0.5856886722147465
164,0.5871608704328537,0.18148029781877995,0.014590106904506683,0.39109046943485737,0.05573649890720844,0.0001,0.585859813913703
165,0.5851446054875851,0.18146065063774586,0.014588475227355957,0.3890954740345478,0.05638460977934301,0.0001,0.586009705811739
166,0.5830068960785866,0.18126810528337955,0.014580197632312775,0.38715859316289425,0.05238587060011923,0.0001,0.5857374601066112
167,0.5862406305968761,0.18128059338778257,0.014568015933036804,0.39039202965795994,0.05016831727698445,0.0001,0.5860048472881317
168,0.5879491791129112,0.18145339377224445,0.014562100172042847,0.3919336870312691,0.05079704918898642,0.0001,0.5860860660672188
169,0.5865447781980038,0.18157579377293587,0.014547392725944519,0.39042159728705883,0.05348597792908549,0.0001,0.5860416382551193
170,0.5902219712734222,0.1814303072169423,0.014570958912372589,0.3942207023501396,0.058066584169864655,0.0001,0.5863102555274964
171,0.590229619294405,0.1814735997468233,0.014536552131175995,0.3942194748669863,0.05785989807918668,0.0001,0.5870315976440906
172,0.5902588032186031,0.18131786864250898,0.014570727944374084,0.39437021128833294,0.05390999419614673,0.0001,0.5871749192476272
173,0.5889395363628864,0.1814173236489296,0.014539189636707306,0.3929830323904753,0.055759400594979525,0.0001,0.5875696890056133
174,0.5897744856774807,0.18130609020590782,0.014544643461704254,0.3939237520098686,0.05299570085480809,0.0001,0.587831050530076
175,0.592496432363987,0.18148428667336702,0.014508433640003204,0.3965037167072296,0.05360125773586333,0.0001,0.5885662332177162
176,0.5882627293467522,0.18147769942879677,0.014526978135108948,0.3922580536454916,0.05374900088645518,0.0001,0.5890918165445328
177,0.5893526338040829,0.1814410462975502,0.014513283967971802,0.39339830353856087,0.055957459611818194,0.0001,0.5894030168652534
178,0.5896810702979565,0.18124047573655844,0.014500744640827179,0.3939398489892483,0.05514165782369673,0.0001,0.5895762059837579
179,0.5867980234324932,0.18129386007785797,0.014517225325107574,0.39098694175481796,0.055353534407913685,0.0001,0.5896015305072069
180,0.5875393226742744,0.18135857209563255,0.014498814940452576,0.39168193377554417,0.05248344293795526,0.0001,0.5893332656472922
181,0.5858881361782551,0.18134698551148176,0.014481127262115479,0.3900600243359804,0.05064127082005143,0.0001,0.5888991173356771
182,0.587250541895628,0.18127775192260742,0.014488838613033295,0.39148395135998726,0.05543449963442981,0.0001,0.5885982912033796
183,0.5876080840826035,0.1810822319239378,0.014489397406578064,0.3920364547520876,0.055173989152535796,0.0001,0.5884651459753514
184,0.5873494818806648,0.1811698665842414,0.014484375715255737,0.3916952330619097,0.05348383146338165,0.0001,0.5882226455956697
185,0.5845420844852924,0.18124064523726702,0.014476791024208069,0.3888246454298496,0.05460507213138044,0.0001,0.5874272108078002
186,0.5925604775547981,0.18119799252599478,0.014469638466835022,0.39689284935593605,0.05589314131066203,0.0001,0.5878569856286049
187,0.5916135832667351,0.18125119805335999,0.01444728672504425,0.3959150966256857,0.05175352329388261,0.0001,0.5880830805748701
188,0.5931167453527451,0.18112098518759012,0.014464952051639557,0.39753081277012825,0.05375004676170647,0.0001,0.588426648080349
189,0.5865835212171078,0.18112693447619677,0.014448627829551697,0.3910079598426819,0.052922414150089025,0.0001,0.5884051978588104
190,0.5897330567240715,0.18114406894892454,0.014427796006202698,0.3941611908376217,0.054291545413434505,0.0001,0.5886245712637901
191,0.5893260724842548,0.18100005015730858,0.014426656067371368,0.39389936439692974,0.05527528049424291,0.0001,0.5889683648943901
192,0.5908777117729187,0.18113135173916817,0.014444239437580109,0.3953021261841059,0.05453573795966804,0.0001,0.5893310818821191
193,0.5937069617211819,0.1810105349868536,0.014417968690395355,0.39827844873070717,0.05459412024356425,0.0001,0.589940969645977
194,0.5839205980300903,0.18081317655742168,0.014424845576286316,0.38868258334696293,0.054148381343111396,0.0001,0.5895980812609196
195,0.591401569545269,0.181059786118567,0.014447197318077087,0.39589458517730236,0.05475339200347662,0.0001,0.5902840297669172
196,0.5914743989706039,0.18099245708435774,0.01438557356595993,0.39609636552631855,0.050226492807269096,0.0001,0.5901754219084978
197,0.5926772728562355,0.18094375636428595,0.014395102858543396,0.397338405251503,0.052341903327032924,0.0001,0.5902817908674478
198,0.5912798643112183,0.18065557908266783,0.014411918818950653,0.3962123729288578,0.05380049324594438,0.0001,0.5900981027632952
199,0.5923186987638474,0.18107484560459852,0.014419183135032654,0.39682467095553875,0.05480406992137432,0.0001,0.5906716205179692
200,0.5881408788263798,0.18100918363779783,0.014417625963687897,0.39271406829357147,0.056940957903862,0.0001,0.5905124027281999
201,0.5901621840894222,0.18106367252767086,0.014395512640476227,0.39470299147069454,0.052742327796295285,0.0001,0.5905960138887167
202,0.5891210548579693,0.18102526664733887,0.01440081000328064,0.39369497634470463,0.05451477295719087,0.0001,0.5904203481972218
203,0.5920990742743015,0.18098220601677895,0.014407455921173096,0.39670941419899464,0.054259919095784426,0.0001,0.5902595594525337
204,0.5905687473714352,0.18087655678391457,0.014374934136867523,0.3953172583132982,0.055204845033586025,0.0001,0.5909243743866682
205,0.5919633321464062,0.18093062192201614,0.014371424913406372,0.39666128903627396,0.052701341919600964,0.0001,0.5909805506467819
206,0.5915388949215412,0.18096597772091627,0.014368727803230286,0.39620419405400753,0.05790270562283695,0.0001,0.5909870002418757
207,0.5867087170481682,0.18082921020686626,0.014390140771865845,0.3914893642067909,0.06687178718857467,0.0001,0.5903901446610689
208,0.5882441364228725,0.18073306046426296,0.01437520980834961,0.3931358680129051,0.06072644074447453,0.0001,0.5900865718722343
209,0.5877801105380058,0.18087479565292597,0.01437447965145111,0.3925308361649513,0.05361875332891941,0.0001,0.5896327130496501
210,0.591769065707922,0.18080998212099075,0.014324843883514404,0.3966342359781265,0.053057253593578935,0.0001,0.5899955317378044
211,0.5925889797508717,0.18082178942859173,0.014343351125717163,0.3974238336086273,0.04916338180191815,0.0001,0.5902382113039494
212,0.5967646911740303,0.18065442610532045,0.014346159994602203,0.4017641041427851,0.05015607620589435,0.0001,0.5910025749355554
213,0.5893659107387066,0.18068567849695683,0.01435650885105133,0.3943237215280533,0.05469376430846751,0.0001,0.590729258581996
214,0.5915048643946648,0.18056193087249994,0.014348216354846954,0.3965947236865759,0.052190264919772744,0.0001,0.5908228702843189
215,0.5907187350094318,0.18063240684568882,0.014346390962600708,0.3957399372011423,0.05490045249462128,0.0001,0.5906984105706214
216,0.5891132950782776,0.1808318430557847,0.014355197548866272,0.3939262591302395,0.0501089331228286,0.0001,0.5904558505862951
217,0.594445001333952,0.18065918050706387,0.014322511851787567,0.39946330711245537,0.055589571595191956,0.0001,0.5912294790148735
218,0.5976042933762074,0.18058325815945864,0.014310695230960846,0.4027103390544653,0.05196122755296528,0.0001,0.592165494710207
219,0.5910979509353638,0.18066509813070297,0.014326855540275574,0.3961060009896755,0.0544715179130435,0.0001,0.5924972787499427
220,0.5921068973839283,0.1805278528481722,0.014305762946605682,0.3972732797265053,0.0510489116422832,0.0001,0.5925310619175435
221,0.5864173918962479,0.18055111821740866,0.014315210282802582,0.39155106619000435,0.053422146243974566,0.0001,0.591913903132081
222,0.5879602134227753,0.18056757096201181,0.014318354427814484,0.3930742833763361,0.05603808490559459,0.0001,0.5910334553569555
223,0.5934274531900883,0.1804716158658266,0.014305323362350464,0.39865051209926605,0.05344439158216119,0.0001,0.5914396096020937
224,0.5915848203003407,0.18043067306280136,0.01428396999835968,0.3968701772391796,0.054335751570761204,0.0001,0.5914476051926613
225,0.5898320972919464,0.180705226957798,0.014303050935268402,0.39482381939888,0.0523359642829746,0.0001,0.5913589414209127
226,0.5927749760448933,0.18070219364017248,0.01433311402797699,0.39773966930806637,0.052980075823143125,0.0001,0.5917251095175743
227,0.5992984212934971,0.18054790049791336,0.014301963150501251,0.40444856137037277,0.04712576838210225,0.0001,0.5922104515135288
228,0.5968170091509819,0.18038886785507202,0.014317385852336884,0.40211074985563755,0.05370397213846445,0.0001,0.5921317230910063
229,0.591279923915863,0.18058163952082396,0.014307014644145966,0.396391274407506,0.05413441359996796,0.0001,0.5921499203890562
230,0.5964644961059093,0.18039353378117085,0.014279060065746307,0.40179190039634705,0.05626826616935432,0.0001,0.5925856802612544
231,0.5949425511062145,0.1801534341648221,0.01429419219493866,0.4004949275404215,0.05067258817143738,0.0001,0.593438196182251
232,0.592197846621275,0.18040509149432182,0.01430792361497879,0.3974848221987486,0.05874489573761821,0.0001,0.593861959502101
233,0.5900454856455326,0.18035072088241577,0.014298416674137115,0.3953963480889797,0.05273133469745517,0.0001,0.5935237627476454
234,0.5924867875874043,0.18018600810319185,0.014330647885799408,0.39797012880444527,0.05341276014223695,0.0001,0.5936139594763518
235,0.5924642607569695,0.18011949583888054,0.014290399849414825,0.3980543650686741,0.05243628891184926,0.0001,0.593877175822854
236,0.5914119444787502,0.1802906496450305,0.014270573854446411,0.39685072377324104,0.053529301192611456,0.0001,0.5937408726662398
237,0.5942663066089153,0.18017433118075132,0.01428348571062088,0.3998084869235754,0.05615726765245199,0.0001,0.5932376611977815
238,0.5895917974412441,0.18027234077453613,0.014273867011070251,0.39504559710621834,0.051477402448654175,0.0001,0.5925151400268078
239,0.5921583324670792,0.18009816017001867,0.014272205531597137,0.3977879676967859,0.0581003213301301,0.0001,0.5926029808819294
240,0.5918534658849239,0.18017623387277126,0.01428540050983429,0.39739182591438293,0.05168201611377299,0.0001,0.5921418778598309
241,0.5980497896671295,0.17998108640313148,0.014253571629524231,0.40381513349711895,0.05130278482101858,0.0001,0.5924526017159224
242,0.595529492944479,0.18017285596579313,0.014257624745368958,0.4010990094393492,0.053752741077914834,0.0001,0.5927857663482428
243,0.5939466655254364,0.18023597821593285,0.014253191649913788,0.39945750311017036,0.05077842157334089,0.0001,0.5931758843362331
244,0.5934157706797123,0.17987199779599905,0.014248386025428772,0.3992953784763813,0.050694585079327226,0.0001,0.5932687826454639
245,0.5948486290872097,0.1799401855096221,0.014254122972488403,0.40065431594848633,0.05417749332264066,0.0001,0.593507219478488
246,0.5905067473649979,0.17999620363116264,0.014265798032283783,0.39624474942684174,0.054670981131494045,0.0001,0.5934166997671128
247,0.5957112796604633,0.18020068295300007,0.014264799654483795,0.4012457989156246,0.059107470558956265,0.0001,0.5935611970722675
248,0.5960159040987492,0.17985445819795132,0.014256738126277924,0.4019047021865845,0.05432631215080619,0.0001,0.5942036077380181
249,0.5912161134183407,0.17995411064475775,0.014241881668567657,0.397020123898983,0.05249653570353985,0.0001,0.5941093858331442
250,0.5945908986032009,0.17986268270760775,0.014240331947803497,0.4004878792911768,0.0526421032845974,0.0001,0.5943831291049719
251,0.5943894982337952,0.17990864906460047,0.014237627387046814,0.40024321898818016,0.051944101229310036,0.0001,0.5940170999616384
252,0.5937331356108189,0.17996013443917036,0.014238737523555756,0.3995342683047056,0.0523282871581614,0.0001,0.5938374642282724
253,0.5943950042128563,0.17962103523314,0.014247037470340729,0.4005269296467304,0.05091416975483298,0.0001,0.5938822980970144
254,0.5962711721658707,0.1797961574047804,0.014229364693164825,0.40224564447999,0.05045120790600777,0.0001,0.5941678382456302
255,0.5930969044566154,0.17978435754776,0.014253869652748108,0.3990586791187525,0.05100125726312399,0.0001,0.5939926657825708
256,0.5948338061571121,0.17968214489519596,0.01425240933895111,0.4008992500603199,0.05155891622416675,0.0001,0.5944253716617822
257,0.5945376046001911,0.17967157438397408,0.014240510761737823,0.40062552131712437,0.05178723717108369,0.0001,0.594308004155755
258,0.5943841896951199,0.1797030959278345,0.014238476753234863,0.40044261515140533,0.050478776916861534,0.0001,0.5941448327153921
259,0.595712598413229,0.17973696906119585,0.014213085174560547,0.4017625395208597,0.051800401881337166,0.0001,0.5945944812148809
260,0.593913808465004,0.17973416484892368,0.014221712946891785,0.39995792880654335,0.05545301432721317,0.0001,0.5945267722010612
261,0.5949499160051346,0.17955464590340853,0.014240331947803497,0.4011549297720194,0.05600759480148554,0.0001,0.5945828139781952
262,0.595551960170269,0.17956875823438168,0.014233216643333435,0.40174998715519905,0.05446085869334638,0.0001,0.5947646964341402
263,0.5939736515283585,0.17947940714657307,0.014249898493289948,0.4002443514764309,0.054574570152908564,0.0001,0.5947225611656904
264,0.5965502299368382,0.1795879239216447,0.01424194872379303,0.402720358222723,0.051125963451340795,0.0001,0.5947504669427872
265,0.5963433049619198,0.17956385668367147,0.014206014573574066,0.4025734346359968,0.05167771875858307,0.0001,0.5950751069933176
266,0.5887951850891113,0.17935398407280445,0.01421666145324707,0.3952245432883501,0.050463367719203234,0.0001,0.5944712448865175
267,0.5927824564278126,0.17961605452001095,0.014217518270015717,0.3989488873630762,0.05457462277263403,0.0001,0.5942957300692797
268,0.5963955298066139,0.17946472484618425,0.014244645833969116,0.4026861619204283,0.0524181688670069,0.0001,0.5944968640804291
269,0.5956077128648758,0.1794624999165535,0.014203406870365143,0.4019418079406023,0.05444825883023441,0.0001,0.5944863755255938
270,0.5975710712373257,0.17938895523548126,0.014217667281627655,0.40396444499492645,0.05014986777678132,0.0001,0.5948521018028259
271,0.5942897871136665,0.17933909967541695,0.014215029776096344,0.4007356632500887,0.05060907918959856,0.0001,0.5947860889136791
272,0.5939241349697113,0.17927945218980312,0.014220796525478363,0.40042388439178467,0.051368158776313066,0.0001,0.5946233063936234
273,0.5966583006083965,0.17932935524731874,0.01420004665851593,0.4031289052218199,0.051476299995556474,0.0001,0.5948917713016272
274,0.5931572653353214,0.17928525153547525,0.01419113576412201,0.39968087896704674,0.04988751048222184,0.0001,0.5945524748414754
275,0.5910326279699802,0.17933270428329706,0.014221303164958954,0.39747862331569195,0.05193967395462096,0.0001,0.5940214071422816
276,0.591229185461998,0.17932549584656954,0.014195799827575684,0.39770789071917534,0.054311462212353945,0.0001,0.5942648071795702
277,0.5973550714552402,0.17912815604358912,0.01419946551322937,0.4040274526923895,0.057310831267386675,0.0001,0.5947220686823129
278,0.5938097052276134,0.1791450371965766,0.014202862977981567,0.4004618041217327,0.05580645031295717,0.0001,0.5944634862244129
279,0.5938262827694416,0.17918177135288715,0.014194659888744354,0.40044984593987465,0.05158443585969508,0.0001,0.5942853432148695
280,0.59679314494133,0.17897688318043947,0.014177627861499786,0.4036386255174875,0.047300684498623013,0.0001,0.59420755058527
281,0.5952971875667572,0.17915549781173468,0.014178052544593811,0.40196364000439644,0.05009181913919747,0.0001,0.594308290630579
282,0.5923645384609699,0.17912300862371922,0.014193490147590637,0.3990480396896601,0.0506561785005033,0.0001,0.5941523309797049
283,0.5946679376065731,0.17900583986192942,0.014195755124092102,0.401466341689229,0.05249842652119696,0.0001,0.5939532946795225
284,0.5966347455978394,0.17897456139326096,0.014201141893863678,0.4034590311348438,0.05473803565837443,0.0001,0.5943010427057743
285,0.5967383868992329,0.1792484326288104,0.01420322060585022,0.40328673645853996,0.05961508466862142,0.0001,0.5948716185986995
286,0.6008893512189388,0.17913888581097126,0.014179743826389313,0.40757072158157825,0.05126303783617914,0.0001,0.5958376351743937
287,0.598526306450367,0.17904459312558174,0.014171741902828217,0.40530997328460217,0.049710790161043406,0.0001,0.5959547586739063
288,0.5925094746053219,0.1789141148328781,0.01417655497789383,0.39941880851984024,0.049922168254852295,0.0001,0.5958247356116771
289,0.5901093147695065,0.1787850446999073,0.014168813824653625,0.3971554655581713,0.04933360940776765,0.0001,0.5954530388116837
290,0.5943069085478783,0.17892945557832718,0.014196634292602539,0.40118082612752914,0.0529004349373281,0.0001,0.5952044151723385
291,0.5950622111558914,0.17896907217800617,0.01418827474117279,0.4019048698246479,0.05452137556858361,0.0001,0.5951809175312519
292,0.5953092500567436,0.17905470542609692,0.014193430542945862,0.40206111781299114,0.05382978217676282,0.0001,0.5954753886908293
293,0.5959143042564392,0.17876756563782692,0.014163993299007416,0.4029827509075403,0.04939260194078088,0.0001,0.5956000253558159
294,0.5966241471469402,0.1789497509598732,0.014145255088806152,0.40352914296090603,0.05160573124885559,0.0001,0.595598965510726
295,0.5989576205611229,0.178773807361722,0.014169074594974518,0.4060147386044264,0.04973794589750469,0.0001,0.595820888876915
296,0.594569306820631,0.17867997847497463,0.014177761971950531,0.4017115645110607,0.0522230165079236,0.0001,0.5951888844370842
297,0.5955056212842464,0.1787552610039711,0.0141645148396492,0.40258584544062614,0.05364256561733782,0.0001,0.5948868159204721
298,0.5966721065342426,0.17877292539924383,0.014173068106174469,0.4037261102348566,0.05033265380188823,0.0001,0.5953030791133642
299,0.5979029014706612,0.17902535758912563,0.014172032475471497,0.40470550395548344,0.05221588653512299,0.0001,0.5960824377834797
300,0.5935746096074581,0.1786251673474908,0.014163993299007416,0.4007854536175728,0.05318488832563162,0.0001,0.5960092078894377
301,0.5916392914950848,0.17854829505085945,0.014165200293064117,0.3989257998764515,0.055997088085860014,0.0001,0.595666915923357
302,0.5925619080662727,0.17844332940876484,0.014162354171276093,0.3999562170356512,0.049091267166659236,0.0001,0.59539218172431
303,0.592727068811655,0.17861259635537863,0.014176152646541595,0.39993832260370255,0.04973024292849004,0.0001,0.5950734581798315
304,0.5936959348618984,0.17855548206716776,0.014163963496685028,0.4009764902293682,0.051294823409989476,0.0001,0.5947806369513273
305,0.5927679613232613,0.1785435387864709,0.014145992696285248,0.40007843263447285,0.05005676671862602,0.0001,0.5941616710275411
306,0.5900165475904942,0.17873295489698648,0.0141587033867836,0.39712488651275635,0.05481396964751184,0.0001,0.5937063951045275
307,0.5975612103939056,0.1785551244392991,0.01414632797241211,0.4048597551882267,0.05213336646556854,0.0001,0.5939119540154933
308,0.5937010794878006,0.17851229943335056,0.014168307185173035,0.4010204691439867,0.049701126059517264,0.0001,0.5936148513108492
309,0.5969552397727966,0.17851210478693247,0.014144912362098694,0.40429822355508804,0.051644134568050504,0.0001,0.5935200851410627
310,0.5963635183870792,0.1785252196714282,0.014116935431957245,0.4037213586270809,0.047479345463216305,0.0001,0.5937989760190249
311,0.595665268599987,0.17847773153334856,0.014151662588119507,0.40303587540984154,0.0491774280089885,0.0001,0.5942015737295151
312,0.5967044197022915,0.17846601363271475,0.014158852398395538,0.4040795527398586,0.05136776017025113,0.0001,0.5946158248931169
313,0.5983275771141052,0.17821608111262321,0.014148645102977753,0.40596285089850426,0.05012535722926259,0.0001,0.595175875723362
314,0.5925855338573456,0.17821068689227104,0.014149188995361328,0.40022565983235836,0.04786032694391906,0.0001,0.5950648356229067
315,0.5943005234003067,0.17820518370717764,0.014147840440273285,0.40194750390946865,0.052828988060355186,0.0001,0.5952180918306113
316,0.5932458527386189,0.17823875602334738,0.014169670641422272,0.4008374270051718,0.047782257897779346,0.0001,0.5955410223454237
317,0.5941728129982948,0.1783101111650467,0.014129772782325745,0.40173292718827724,0.05389025644399226,0.0001,0.5952021826058627
318,0.5933122746646404,0.1783791994675994,0.01413676142692566,0.40079631842672825,0.048525872407481074,0.0001,0.5951633021235466
319,0.5941836759448051,0.17810993362218142,0.014162011444568634,0.4019117336720228,0.05331513099372387,0.0001,0.5948861457407475
320,0.5994863957166672,0.17825315985828638,0.01413840800523758,0.4070948176085949,0.049226788338273764,0.0001,0.5951984334737063
321,0.5948735736310482,0.17815189994871616,0.014128059148788452,0.4025936108082533,0.05108272354118526,0.0001,0.5951192639768124
322,0.5946659334003925,0.1785477390512824,0.014138199388980865,0.401979997754097,0.06607826333492994,0.0001,0.5949154153466225
323,0.5963512174785137,0.17829584423452616,0.014133483171463013,0.40392189286649227,0.05649211723357439,0.0001,0.5947177793830634
324,0.5920172147452831,0.17806592769920826,0.014129489660263062,0.3998217936605215,0.046498101437464356,0.0001,0.594660947471857
325,0.5930986031889915,0.1779761528596282,0.014140598475933075,0.40098184905946255,0.05191924446262419,0.0001,0.5945407554507256
326,0.5952936336398125,0.1778068421408534,0.01411157101392746,0.40337521955370903,0.0468587891664356,0.0001,0.5947455335408449
327,0.5887306071817875,0.17787395138293505,0.014137431979179382,0.39671922102570534,0.05147372558712959,0.0001,0.5942013129591942
328,0.6003856100142002,0.17801715340465307,0.014142856001853943,0.40822559781372547,0.05759202316403389,0.0001,0.5949086464941502
329,0.5978033542633057,0.17787100281566381,0.014141879975795746,0.4057904724031687,0.05108848353847861,0.0001,0.5952706143260003
330,0.5977478325366974,0.1779605494812131,0.014118976891040802,0.40566830709576607,0.05197312426753342,0.0001,0.5950967580080032
331,0.5940153710544109,0.17780350800603628,0.014113746583461761,0.40209812112152576,0.04986055614426732,0.0001,0.5950109377503395
332,0.5968977473676205,0.17770896013826132,0.014148153364658356,0.4050406254827976,0.047265136847272515,0.0001,0.5952341191470623
333,0.5989284552633762,0.17779157869517803,0.014127805829048157,0.4070090726017952,0.04959775391034782,0.0001,0.5954918429255486
334,0.5923404805362225,0.17772185523062944,0.01410074532032013,0.40051788464188576,0.047744656912982464,0.0001,0.5955241695046425
335,0.5967816039919853,0.17772726248949766,0.01413486897945404,0.4049194734543562,0.04820634447969496,0.0001,0.5958924695849419
336,0.5942196696996689,0.17772202380001545,0.014117613434791565,0.4023800380527973,0.05103155714459717,0.0001,0.5957850731909275
337,0.5974850170314312,0.1778602646663785,0.014128640294075012,0.4054961148649454,0.05130781373009086,0.0001,0.5966605141758918
338,0.6019821241497993,0.1778332320973277,0.014118403196334839,0.4100304897874594,0.049675268586725,0.0001,0.5968201655894518
339,0.5945205800235271,0.17769664525985718,0.014121942222118378,0.40270199440419674,0.048123863991349936,0.0001,0.5964918881654739
340,0.5964102707803249,0.1774880550801754,0.014114528894424438,0.4048076942563057,0.047938777366653085,0.0001,0.5963581319898367
341,0.5925125442445278,0.17759267054498196,0.014116816222667694,0.40080305002629757,0.04806523607112467,0.0001,0.5962078493088484
342,0.5893803648650646,0.17742088623344898,0.014103218913078308,0.3978562690317631,0.04817764135077596,0.0001,0.5954561110585928
343,0.5911588370800018,0.17764463927596807,0.014120146632194519,0.3993940521031618,0.04767786292359233,0.0001,0.5946791492402553
344,0.5934442207217216,0.1774810655042529,0.014127731323242188,0.4018354285508394,0.0533234104514122,0.0001,0.5947895232588053
345,0.593997422605753,0.17766817938536406,0.01412539929151535,0.4022038374096155,0.050769197288900614,0.0001,0.594511105120182
346,0.5949089229106903,0.17744752950966358,0.014127194881439209,0.4033342059701681,0.048854835564270616,0.0001,0.5945800304412842
347,0.5976153165102005,0.17745231743901968,0.01412259042263031,0.40604040399193764,0.055434346199035645,0.0001,0.5945930603891612
348,0.5946261286735535,0.17770353611558676,0.014094248414039612,0.4028283413499594,0.04775402205996215,0.0001,0.5938574608415366
349,0.5967622436583042,0.17743838392198086,0.01412568986415863,0.4051981698721647,0.05107407714240253,0.0001,0.5940816272050142
350,0.5989783406257629,0.1773354336619377,0.014113649725914001,0.4075292591005564,0.05199598637409508,0.0001,0.594338434189558
351,0.5988315902650356,0.17751937825232744,0.014083996415138245,0.40722821839153767,0.04689222131855786,0.0001,0.5949703387916088
352,0.5932120606303215,0.17740068212151527,0.014100126922130585,0.4017112534493208,0.05277589964680374,0.0001,0.5953535083681345
353,0.5940827019512653,0.17715673614293337,0.01410914957523346,0.40281681157648563,0.0506393201649189,0.0001,0.5956458948552609
354,0.5982810705900192,0.17728839255869389,0.014096327126026154,0.4068963434547186,0.046087672701105475,0.0001,0.5961295798420906
355,0.5972295626997948,0.17726893350481987,0.014094196259975433,0.4058664385229349,0.05186756583862007,0.0001,0.5964527938514947
356,0.5995248556137085,0.17730881180614233,0.014082446694374084,0.4081335924565792,0.04748987825587392,0.0001,0.5969143871217966
357,0.596018984913826,0.17727644834667444,0.014095991849899292,0.40464654564857483,0.049010396702215075,0.0001,0.5967547539621592
358,0.5971469730138779,0.17744613159447908,0.014088071882724762,0.40561276488006115,0.0504558423999697,0.0001,0.5970068383961916
359,0.5957219749689102,0.17716658301651478,0.014100722968578339,0.40445467084646225,0.04686816269531846,0.0001,0.5969028115272522
360,0.5965840965509415,0.1772978836670518,0.014079675078392029,0.40520653687417507,0.04401859175413847,0.0001,0.5966633871197701
361,0.5963730998337269,0.17727519664913416,0.014092087745666504,0.40500581078231335,0.05067710671573877,0.0001,0.5964175380766392
362,0.5957471281290054,0.1772719593718648,0.014092370867729187,0.4043828025460243,0.044756419491022825,0.0001,0.5966710448265076
363,0.596082516014576,0.17709515616297722,0.014068730175495148,0.40491862408816814,0.045396571047604084,0.0001,0.5968710262328386
364,0.5960022583603859,0.17698672879487276,0.014070607721805573,0.40494491904973984,0.04848573938943446,0.0001,0.5966431450098753
365,0.5949045941233635,0.1768983593210578,0.014096878468990326,0.4039093591272831,0.047255412908270955,0.0001,0.5964106481522322
366,0.5952099077403545,0.17722580954432487,0.014063447713851929,0.40392065048217773,0.05114375660195947,0.0001,0.5959791533648968
367,0.5993926115334034,0.17677295859903097,0.014080427587032318,0.4085392225533724,0.04934246628545225,0.0001,0.5963165160268545
368,0.5961104743182659,0.17679757624864578,0.0140739306807518,0.4052389655262232,0.047085341764613986,0.0001,0.5962128661572933
369,0.5970519930124283,0.17695328034460545,0.014089986681938171,0.40600872226059437,0.045986382057890296,0.0001,0.5963458679616451
370,0.5960071980953217,0.1767556956037879,0.014071688055992126,0.40517981722950935,0.04724019253626466,0.0001,0.5962881781160831
371,0.5965101271867752,0.17678142804652452,0.014082305133342743,0.40564639307558537,0.045510242227464914,0.0001,0.596301880851388
372,0.5966777168214321,0.17675192095339298,0.01406620442867279,0.40585959516465664,0.04446690622717142,0.0001,0.5963949397206306
373,0.592365924268961,0.17678671795874834,0.014063745737075806,0.4015154652297497,0.051732578314840794,0.0001,0.5960232805460691
374,0.5970744453370571,0.17682967707514763,0.01407836377620697,0.4061664044857025,0.04963350249454379,0.0001,0.5961304992437363
375,0.5951720699667931,0.176800019107759,0.014068856835365295,0.40430319868028164,0.051255130441859365,0.0001,0.5961572468280792
376,0.5997960679233074,0.17684770561754704,0.014066390693187714,0.4088819697499275,0.052437949227169156,0.0001,0.5966158628463745
377,0.5977660045027733,0.17697192169725895,0.014053672552108765,0.4067404065281153,0.04999553831294179,0.0001,0.5964532021433115
378,0.5967632420361042,0.17677477281540632,0.014060646295547485,0.4059278219938278,0.050251044100150466,0.0001,0.5965184789150954
379,0.5921001844108105,0.17672981228679419,0.01408291608095169,0.40128744952380657,0.04699002671986818,0.0001,0.5960232980549336
380,0.5971136577427387,0.1766348909586668,0.014087386429309845,0.40639137476682663,0.0466079015750438,0.0001,0.5961339440196752
381,0.5924354940652847,0.1766052097082138,0.014066897332668304,0.40176339261233807,0.049892980605363846,0.0001,0.5957264807075262
382,0.5973853766918182,0.17667585238814354,0.014061525464057922,0.4066479988396168,0.04647662118077278,0.0001,0.5957972466945648
383,0.5973742939531803,0.17660921718925238,0.01405380666255951,0.40671126917004585,0.05446091829799116,0.0001,0.5962980836629868
384,0.5955850668251514,0.17634452413767576,0.014052361249923706,0.4051881805062294,0.04779117531143129,0.0001,0.5961491458117962
385,0.6000278629362583,0.17653918452560902,0.014060184359550476,0.4094284977763891,0.047579187201336026,0.0001,0.5966347251087427
386,0.5958622470498085,0.17640051897615194,0.014071322977542877,0.40539040975272655,0.04735188698396087,0.0001,0.5962413430213929
387,0.5958003364503384,0.176326516084373,0.014039285480976105,0.4054345339536667,0.045544892782345414,0.0001,0.5960447762161494
388,0.5920597240328789,0.17634384240955114,0.014073796570301056,0.40164208598434925,0.043911846820265055,0.0001,0.5955744244158268
389,0.5988869331777096,0.17631741147488356,0.01404881477355957,0.408520707860589,0.047802859684452415,0.0001,0.5962530992925167
390,0.5967059247195721,0.17636757995933294,0.014060020446777344,0.40627832897007465,0.04820344038307667,0.0001,0.5962123259902
391,0.5971873216331005,0.17623478826135397,0.01405555009841919,0.4068969842046499,0.04842121014371514,0.0001,0.5966875087469816
392,0.5960479453206062,0.17635363433510065,0.014070317149162292,0.40562399476766586,0.045230330200865865,0.0001,0.5965537656098604
393,0.5934812463819981,0.17624480556696653,0.014057859778404236,0.40317858196794987,0.04617010476067662,0.0001,0.5961644608527422
394,0.5961216762661934,0.17627673968672752,0.014042943716049194,0.4058019910007715,0.05235880822874606,0.0001,0.5962181217968464
395,0.5979249738156796,0.17621271032840014,0.014046639204025269,0.40766562707722187,0.048682973720133305,0.0001,0.5960078328847885
396,0.5955020152032375,0.17624748218804598,0.01404503732919693,0.40520950220525265,0.04487836849875748,0.0001,0.5959718097001314
397,0.5938427373766899,0.17607905808836222,0.014045514166355133,0.40371816232800484,0.047142134979367256,0.0001,0.5957760497927665
398,0.5936081148684025,0.17606582306325436,0.014060668647289276,0.40348161198198795,0.048759551951661706,0.0001,0.595930888876319
399,0.5962405428290367,0.17632726300507784,0.014043144881725311,0.40587013959884644,0.049456303473562,0.0001,0.5956662498414517
400,0.5980651564896107,0.17613925226032734,0.014043331146240234,0.40788257494568825,0.04825862403959036,0.0001,0.5958021730184555
401,0.5947756059467793,0.1760699823498726,0.014056302607059479,0.4046493247151375,0.04561391077004373,0.0001,0.5955610014498234
402,0.597835835069418,0.17591141257435083,0.01404881477355957,0.407875606790185,0.04589531396050006,0.0001,0.5957397904247046
403,0.5971829853951931,0.1762911044061184,0.01403297483921051,0.40685890428721905,0.045599075267091393,0.0001,0.596109964326024
404,0.597576379776001,0.17602503672242165,0.014056064188480377,0.40749528259038925,0.04795470926910639,0.0001,0.5962554346770048
405,0.5920270942151546,0.17591123189777136,0.014062248170375824,0.4020536094903946,0.04614675301127136,0.0001,0.5956656467169523
406,0.5968409106135368,0.17605142202228308,0.014046870172023773,0.40674261562526226,0.05161103559657931,0.0001,0.5957995362579822
407,0.5998675636947155,0.1759976912289858,0.014053180813789368,0.4098166972398758,0.05078340834006667,0.0001,0.5964020188897848
408,0.5903922580182552,0.1757717402651906,0.01405760645866394,0.40056290850043297,0.04757039784453809,0.0001,0.5960804332047701
409,0.5972004011273384,0.17579245567321777,0.014049477875232697,0.40735846012830734,0.046938556944951415,0.0001,0.5961764190346003
410,0.594985369592905,0.17569031193852425,0.014047801494598389,0.40524726174771786,0.047106747049838305,0.0001,0.5958684403449297
411,0.5969973877072334,0.17583835124969482,0.014068447053432465,0.4070905838161707,0.04732643975876272,0.0001,0.5960906185209751
412,0.594434168189764,0.1756928050890565,0.014034569263458252,0.40470679476857185,0.04570800345391035,0.0001,0.5957504518330097
413,0.5925453901290894,0.17574304342269897,0.01405259221792221,0.4027497600764036,0.04511167493183166,0.0001,0.5952866923063993
414,0.5944236107170582,0.17575320787727833,0.014043480157852173,0.40462692826986313,0.050384621135890484,0.0001,0.594971415400505
415,0.5955615229904652,0.17556093260645866,0.014040425419807434,0.40596016868948936,0.04691071528941393,0.0001,0.5953248582780362
416,0.5969307161867619,0.17561104334890842,0.014026142656803131,0.40729353576898575,0.044022235088050365,0.0001,0.5953338388353586
417,0.5992865450680256,0.17564519122242928,0.014039911329746246,0.4096014443784952,0.0461884387768805,0.0001,0.5952757369726897
418,0.5951791480183601,0.1757806297391653,0.01404021680355072,0.40535830333828926,0.05405509611591697,0.0001,0.5957544259727001
419,0.5983699075877666,0.17552522849291563,0.014032110571861267,0.4088125638663769,0.04773042048327625,0.0001,0.5958713766187429
420,0.5980543196201324,0.17546797823160887,0.014035709202289581,0.4085506312549114,0.04547022865153849,0.0001,0.5961782716214656
421,0.5963503643870354,0.17535660602152348,0.014030635356903076,0.40696311742067337,0.047078081872314215,0.0001,0.5961135692894459
422,0.5993008352816105,0.17534617520868778,0.014029495418071747,0.4099251590669155,0.0425667593954131,0.0001,0.5966002359986305
423,0.5990438461303711,0.17536049988120794,0.014058195054531097,0.4096251502633095,0.04508780688047409,0.0001,0.5972500815987587
424,0.5953700505197048,0.17530917190015316,0.01401626318693161,0.40604462288320065,0.04267624381463975,0.0001,0.5973447255790234
425,0.5994431227445602,0.1754800733178854,0.014028988778591156,0.4099340680986643,0.043684953823685646,0.0001,0.5977328855544328
426,0.5970115885138512,0.17529193684458733,0.014029324054718018,0.4076903257519007,0.04348119650967419,0.0001,0.5977409727871418
427,0.5963724069297314,0.1753271957859397,0.014027699828147888,0.4070175066590309,0.04610042925924063,0.0001,0.5974495589733124
428,0.5962353684008121,0.17521151807159185,0.014034420251846313,0.40698943100869656,0.04433593153953552,0.0001,0.5975551810115576
429,0.5992402732372284,0.1752145802602172,0.01403595507144928,0.40998974442481995,0.04577831015922129,0.0001,0.5976422175765037
430,0.6017007939517498,0.1754643227905035,0.014002807438373566,0.41223366372287273,0.0471646492369473,0.0001,0.5980068650096655
431,0.5969486348330975,0.17502470035105944,0.014020398259162903,0.40790353901684284,0.04571237799245864,0.0001,0.5980666920542717
432,0.594854298979044,0.1752281030640006,0.01401512324810028,0.4056110754609108,0.04713188298046589,0.0001,0.5976220384240151
433,0.5963045470416546,0.17502858396619558,0.014020293951034546,0.40725567378103733,0.04736945452168584,0.0001,0.5973481085151434
434,0.5912198424339294,0.1750355949625373,0.014043420553207397,0.4021408222615719,0.05068117519840598,0.0001,0.5969330877065658
435,0.5978545174002647,0.1750994948670268,0.014023087918758392,0.4087319355458021,0.04677684837952256,0.0001,0.5967742271721364
436,0.5990491136908531,0.17500753328204155,0.014024771749973297,0.4100168105214834,0.04617567849345505,0.0001,0.5969779796898365
437,0.5964538864791393,0.17509072460234165,0.014009162783622742,0.40735400281846523,0.05166456033475697,0.0001,0.5969861276447773
438,0.5946336537599564,0.17486242949962616,0.01403762400150299,0.4057335965335369,0.04624933400191367,0.0001,0.5968259561806917
439,0.5949346236884594,0.1749564902856946,0.014019854366779327,0.4059582781046629,0.046430304646492004,0.0001,0.5963953912258149
440,0.5993162542581558,0.1749772960320115,0.01403479278087616,0.41030416265130043,0.04804229270666838,0.0001,0.5961569372564555
441,0.5948101133108139,0.1748815020546317,0.014024965465068817,0.4059036485850811,0.04455067357048392,0.0001,0.5959430851042271
442,0.5954507514834404,0.17496007308363914,0.014040984213352203,0.4064496923238039,0.04633261542767286,0.0001,0.5960027303546667
443,0.5903921201825142,0.17473805509507656,0.0140223428606987,0.4016317240893841,0.0472308243624866,0.0001,0.5954114876687526
444,0.5973028540611267,0.17471836227923632,0.01402241736650467,0.4085620790719986,0.04852220416069031,0.0001,0.5960197888314724
445,0.5974533520638943,0.1748291216790676,0.014031067490577698,0.4085931535810232,0.04707225761376321,0.0001,0.5959796722978353
446,0.5960808582603931,0.17459348496049643,0.01402975618839264,0.40745761431753635,0.047316010342910886,0.0001,0.5956828467547893
447,0.5963158048689365,0.17462026700377464,0.014010697603225708,0.4076848402619362,0.04682113882154226,0.0001,0.5956690385937691
448,0.5989576652646065,0.17462390661239624,0.014013417065143585,0.41032034531235695,0.04473897733259946,0.0001,0.5961014397442341
449,0.6032402366399765,0.17455350700765848,0.01400832086801529,0.41467841900885105,0.04319880134426057,0.0001,0.5969320010393858
450,0.5940738134086132,0.1745785642415285,0.013992279767990112,0.4055029693990946,0.044397740392014384,0.0001,0.5964077569544315
451,0.5934066437184811,0.17456294316798449,0.014014028012752533,0.4048296697437763,0.045387582504190505,0.0001,0.5962674099951982
452,0.5968484953045845,0.1745875459164381,0.014004811644554138,0.40825614146888256,0.0517950780922547,0.0001,0.5964071843773127
453,0.5907407216727734,0.17445996776223183,0.01403728872537613,0.40224346704781055,0.045475352089852095,0.0001,0.5964420445263385
454,0.5960481651127338,0.17453671153634787,0.014006085693836212,0.4075053669512272,0.046330171171575785,0.0001,0.5963165756314993
455,0.5958126783370972,0.1742905881255865,0.013994649052619934,0.4075274411588907,0.04435934009961784,0.0001,0.5961525082588196
456,0.5946679562330246,0.17427782248705626,0.014008045196533203,0.40638208761811256,0.046074565732851624,0.0001,0.5960112180560827
457,0.5931774079799652,0.1742700431495905,0.014014974236488342,0.4048923961818218,0.042496208101511,0.0001,0.5956973783671856
458,0.5983519069850445,0.17428175639361143,0.014013543725013733,0.4100566077977419,0.04458889807574451,0.0001,0.5956368025392293
459,0.5964064598083496,0.17417289037257433,0.014032304286956787,0.4082012642174959,0.05097543750889599,0.0001,0.5949534248560667
460,0.5998493582010269,0.174216297455132,0.014022484421730042,0.41161057725548744,0.04644682235084474,0.0001,0.5955309793353081
461,0.5976441465318203,0.17416147328913212,0.014003485441207886,0.4094791915267706,0.044977317564189434,0.0001,0.595954729616642
462,0.5957210697233677,0.1741601936519146,0.014024242758750916,0.40753663145005703,0.047216800739988685,0.0001,0.5958419870585203
463,0.5930644944310188,0.17392658814787865,0.014006368815898895,0.40513154305517673,0.048394679790362716,0.0001,0.5960743643343449
464,0.5955254919826984,0.1740217674523592,0.014026172459125519,0.40747755765914917,0.0461524254642427,0.0001,0.5960220970213413
465,0.5972696729004383,0.17402775958180428,0.014018721878528595,0.40922318771481514,0.04303460102528334,0.0001,0.5961677964776755
466,0.5992681905627251,0.17405768390744925,0.014000281691551208,0.4112102258950472,0.048674775287508965,0.0001,0.5966278199106455
467,0.5958958454430103,0.1738698724657297,0.014012984931468964,0.4080129936337471,0.04621109808795154,0.0001,0.59689966365695
468,0.5951406061649323,0.17388080898672342,0.01400236040353775,0.4072574358433485,0.048200966557487845,0.0001,0.5965785335749387
469,0.5942503400146961,0.1737540801987052,0.014016218483448029,0.4064800441265106,0.04423741635400802,0.0001,0.5963629215955735
470,0.5935663133859634,0.17388809099793434,0.014025963842868805,0.40565225668251514,0.04707677336409688,0.0001,0.595734617114067
471,0.5946738757193089,0.17372609954327345,0.01400543749332428,0.40694234147667885,0.04331283085048199,0.0001,0.5954375900328159
472,0.59458402171731,0.17383700143545866,0.01397770643234253,0.4067693166434765,0.04590029641985893,0.0001,0.5953238852322101
473,0.5952603258192539,0.1737040663138032,0.013997890055179596,0.40755836851894855,0.04499737545847893,0.0001,0.5955434683710337
474,0.5989679545164108,0.1736624138429761,0.013994455337524414,0.4113110825419426,0.04626770573668182,0.0001,0.5958877146244049
475,0.5930602960288525,0.17354613542556763,0.013987191021442413,0.40552697144448757,0.04578091367147863,0.0001,0.5954667769372464
476,0.5986766442656517,0.17351772543042898,0.014001697301864624,0.41115722991526127,0.04284452786669135,0.0001,0.595407622307539
477,0.594619233161211,0.17343492060899734,0.013989299535751343,0.4071950130164623,0.04129466658923775,0.0001,0.5952799610793591
478,0.5935037769377232,0.17359766364097595,0.013998501002788544,0.4059076104313135,0.040704577579163015,0.0001,0.5951162781566381
479,0.5980424396693707,0.17336680833250284,0.014001436531543732,0.41067419201135635,0.042172759072855115,0.0001,0.5954954881221056
480,0.5953329093754292,0.17353598307818174,0.013996697962284088,0.4078002255409956,0.04434392973780632,0.0001,0.5956721477210521
481,0.5949129648506641,0.17347351368516684,0.013982832431793213,0.4074566140770912,0.04603564878925681,0.0001,0.5956960566341877
482,0.5972710847854614,0.17320320010185242,0.014000862836837769,0.4100670237094164,0.043630411149933934,0.0001,0.5959647629410029
483,0.594806645065546,0.17319173086434603,0.013989336788654327,0.4076255802065134,0.04270775942131877,0.0001,0.5959193948656321
484,0.5951076075434685,0.17337248660624027,0.014009110629558563,0.4077260084450245,0.043996225809678435,0.0001,0.5955333601683378
485,0.5926972404122353,0.17333697993308306,0.014006219804286957,0.40535404346883297,0.050197223434224725,0.0001,0.5954970546066761
486,0.5905159674584866,0.17321282904595137,0.014000914990901947,0.40330222994089127,0.04628845816478133,0.0001,0.5946809869259596
487,0.593571849167347,0.17303991597145796,0.01401589810848236,0.40651603788137436,0.044976674020290375,0.0001,0.5945762485265732
488,0.5970728471875191,0.17313405312597752,0.013990581035614014,0.40994821675121784,0.04677402786910534,0.0001,0.5949331555515528
489,0.5952522046864033,0.1729916399344802,0.01400686800479889,0.40825369395315647,0.046828561928123236,0.0001,0.594654132053256
490,0.596144899725914,0.17311408556997776,0.013990581035614014,0.4090402331203222,0.04845204809680581,0.0001,0.5947353310883046
491,0.593040656298399,0.1730561088770628,0.013992249965667725,0.4059922993183136,0.042936778627336025,0.0001,0.594548100233078
492,0.5954901278018951,0.17300784587860107,0.013990424573421478,0.40849186293780804,0.04466948821209371,0.0001,0.5943700045347213
493,0.5948800221085548,0.17319007962942123,0.014009900391101837,0.4076800439506769,0.04410014138557017,0.0001,0.5943773422390223
494,0.5960290655493736,0.17302850168198347,0.014002412557601929,0.4089981559664011,0.04728673747740686,0.0001,0.5944694880396127
495,0.5970476381480694,0.17293200828135014,0.01399773359298706,0.41011790186166763,0.04285363876260817,0.0001,0.5949045278131961
496,0.5900428295135498,0.17296366300433874,0.014008812606334686,0.40307035483419895,0.0493161843623966,0.0001,0.5948572140187025
497,0.5915660373866558,0.1728709666058421,0.013988003134727478,0.4047070648521185,0.043923657620325685,0.0001,0.5946566328406334
498,0.5870454907417297,0.17292346712201834,0.013975009322166443,0.40014701895415783,0.044193925336003304,0.0001,0.5936538971960544
499,0.5935734212398529,0.17286710534244776,0.013982057571411133,0.4067242667078972,0.04579311003908515,0.0001,0.5934860188513994
500,0.5982018299400806,0.17267945688217878,0.01397009938955307,0.4115522764623165,0.043841155245900154,0.0001,0.5936917118728161
501,0.592650044709444,0.17283731326460838,0.013986475765705109,0.405826261267066,0.045031000627204776,0.0001,0.5936526507139206
502,0.5978659577667713,0.17284484393894672,0.013972237706184387,0.4110488723963499,0.05073050782084465,0.0001,0.5938902337104082
503,0.5950309596955776,0.17265489976853132,0.013967014849185944,0.40840904228389263,0.04514337470754981,0.0001,0.5939053274691105
504,0.5997391194105148,0.17266531847417355,0.013969488441944122,0.41310430876910686,0.046137547586113214,0.0001,0.5942763328552246
505,0.5961798690259457,0.17254600673913956,0.013982154428958893,0.4096517078578472,0.04263917333446443,0.0001,0.5941895559430123
506,0.5919135063886642,0.17274116072803736,0.013993129134178162,0.40517921932041645,0.042933588149026036,0.0001,0.5943766236305237
507,0.5959702134132385,0.17254604771733284,0.013972572982311249,0.4094515908509493,0.0428282639477402,0.0001,0.5948170412331819
508,0.5941828712821007,0.17261161096394062,0.014005683362483978,0.40756557136774063,0.04066471545957029,0.0001,0.5955307792872191
509,0.5933361388742924,0.17273366264998913,0.013983108103275299,0.40661936812102795,0.04628742393106222,0.0001,0.595507051050663
510,0.5930673182010651,0.17265453096479177,0.01397569477558136,0.40643708407878876,0.0488177752122283,0.0001,0.5949935998767615
511,0.5933443754911423,0.17268239334225655,0.013968676328659058,0.40669331699609756,0.04333133762702346,0.0001,0.5950630329549312
512,0.5932543948292732,0.17256780061870813,0.013979330658912659,0.4067072682082653,0.0457612972240895,0.0001,0.5946018766611815
513,0.5965190716087818,0.17264374345541,0.013981848955154419,0.40989347733557224,0.045409772312268615,0.0001,0.5947506878525018
514,0.5934218689799309,0.17252535559237003,0.013971701264381409,0.4069248102605343,0.044166739913634956,0.0001,0.5941189628094434
515,0.5960841216146946,0.17231801059097052,0.013963073492050171,0.40980303660035133,0.04477987193968147,0.0001,0.5941093880683184
516,0.5988325513899326,0.17241981159895658,0.013957329094409943,0.41245540603995323,0.04247802076861262,0.0001,0.5948012925684452
517,0.594585120677948,0.17245450429618359,0.013966679573059082,0.4081639312207699,0.04428405617363751,0.0001,0.5946627832949162
518,0.5934442393481731,0.17238329909741879,0.013958893716335297,0.4071020409464836,0.04323640721850097,0.0001,0.5945889201015234
519,0.5924059525132179,0.17247831728309393,0.013971686363220215,0.40595595352351665,0.04624717473052442,0.0001,0.594495901465416
520,0.595715019851923,0.17225603386759758,0.013967737555503845,0.4094912502914667,0.04080299427732825,0.0001,0.5947606716305017
521,0.5960446558892727,0.172290762886405,0.013962998986244202,0.40979089960455894,0.04121596668846905,0.0001,0.5950306996703147
522,0.5980202294886112,0.17217563558369875,0.013962432742118835,0.4118821546435356,0.04069628892466426,0.0001,0.5955072831362486
523,0.5973509773612022,0.17225171253085136,0.013954922556877136,0.4111443515866995,0.042035893304273486,0.0001,0.5955904737114907
524,0.5943463183939457,0.1723619168624282,0.013968922197818756,0.4080154728144407,0.043135929852724075,0.0001,0.5956829186528921
525,0.5937354788184166,0.17213211115449667,0.013976626098155975,0.4076267331838608,0.04198752250522375,0.0001,0.5954480543732643
526,0.5899453908205032,0.1719618597999215,0.013957388699054718,0.40402614511549473,0.04363855579867959,0.0001,0.5945593383163214
527,0.5951938517391682,0.17197235673666,0.013976708054542542,0.4092447906732559,0.040143516613170505,0.0001,0.5946202114224434
528,0.5942470729351044,0.172053555957973,0.013966143131256104,0.40822737850248814,0.04632899502757937,0.0001,0.5947004947811365
529,0.5951612964272499,0.171995691023767,0.013976432383060455,0.40918916650116444,0.04151574650313705,0.0001,0.5949760291725397
530,0.5930771753191948,0.1721792994067073,0.01397646963596344,0.4069213978946209,0.04425257979892194,0.0001,0.5947122447192669
531,0.5926195122301579,0.17170267179608345,0.013954214751720428,0.406962625682354,0.04288065549917519,0.0001,0.5943697303533554
532,0.5952365547418594,0.172040406614542,0.013975754380226135,0.40922039560973644,0.04185896413400769,0.0001,0.5940913628786803
533,0.5947404876351357,0.17190046980977058,0.013965949416160583,0.40887406654655933,0.04197103693149984,0.0001,0.5938303139060735
534,0.594810213893652,0.17184034176170826,0.013966560363769531,0.4090033061802387,0.04074377962388098,0.0001,0.5938767034560442
535,0.5945095345377922,0.17173472605645657,0.01396508514881134,0.40880973264575005,0.03975533181801438,0.0001,0.5939541090279817
536,0.5927724130451679,0.1718438258394599,0.013973191380500793,0.40695540234446526,0.04170924401842058,0.0001,0.5942368112504482
537,0.5934228710830212,0.1718771755695343,0.013963714241981506,0.4075819794088602,0.04282528010662645,0.0001,0.5940597131848335
538,0.593165248632431,0.17178765404969454,0.013955987989902496,0.40742161497473717,0.04606213001534343,0.0001,0.5939515307545662
539,0.5936135798692703,0.17177106253802776,0.013963773846626282,0.407878739759326,0.04154894361272454,0.0001,0.5937967590987683
540,0.5956933386623859,0.1718605188652873,0.01396682858467102,0.40986599028110504,0.04314654157496989,0.0001,0.5940583754330874
541,0.5958070419728756,0.17166595440357924,0.013946838676929474,0.4101942479610443,0.03678879712242633,0.0001,0.5943771284073591
542,0.5933821089565754,0.17175472900271416,0.013981975615024567,0.4076453950256109,0.04401163989678025,0.0001,0.5941916838288307
543,0.5941283106803894,0.17175028286874294,0.013977065682411194,0.40840096585452557,0.04251688905060291,0.0001,0.5941304661333561
544,0.5938570126891136,0.17159734573215246,0.013941511511802673,0.40831815637648106,0.04048046609386802,0.0001,0.5940351460129023
545,0.5943810306489468,0.17147135362029076,0.013967186212539673,0.4089424852281809,0.042705521103926,0.0001,0.5940222956240178
546,0.59562548995018,0.171580595895648,0.013966575264930725,0.4100783206522465,0.04835275141522288,0.0001,0.5943076033145189
547,0.596397839486599,0.17170728649944067,0.013948708772659302,0.410741837695241,0.04204251943156123,0.0001,0.5946051001548767
548,0.5897299535572529,0.1713793110102415,0.013968154788017273,0.40438248962163925,0.040375313721597195,0.0001,0.5942615706473588
549,0.5922132022678852,0.1715253321453929,0.013964474201202393,0.4067233968526125,0.04206096846610308,0.0001,0.5941215328872204
550,0.5931297019124031,0.17147048842161894,0.013973496854305267,0.4076857138425112,0.04264989320654422,0.0001,0.5938651692122221
551,0.5984703116118908,0.17157671879976988,0.013957217335700989,0.41293637827038765,0.047837444581091404,0.0001,0.5941314961761236
552,0.5939802378416061,0.171568282879889,0.013966202735900879,0.4084457568824291,0.04745186399668455,0.0001,0.5941913090646267
553,0.5939252078533173,0.17173867486417294,0.013947717845439911,0.40823882073163986,0.046258267015218735,0.0001,0.5941709987819195
554,0.590675838291645,0.1713170437142253,0.013963639736175537,0.4053951557725668,0.04318866319954395,0.0001,0.5938528813421726
555,0.5971768125891685,0.1716308919712901,0.013957977294921875,0.4115879535675049,0.04182843258604407,0.0001,0.5941324595361948
556,0.598261296749115,0.17144394665956497,0.013943292200565338,0.41287406347692013,0.04287690343335271,0.0001,0.5943960402160883
557,0.5934043452143669,0.17148168664425611,0.013959690928459167,0.40796297043561935,0.04331628582440317,0.0001,0.5940966907888651
558,0.5940533019602299,0.17137412447482347,0.013954304158687592,0.4087248705327511,0.0399226633599028,0.0001,0.5945290256291628
559,0.594429686665535,0.17135772947221994,0.013972647488117218,0.4090993031859398,0.04183894884772599,0.0001,0.5947506740689278
560,0.589683722704649,0.1713186027482152,0.013965748250484467,0.4043993689119816,0.040976163116283715,0.0001,0.5944060761481523
561,0.5912169218063354,0.17138067912310362,0.013929270207881927,0.40590697154402733,0.03953747684136033,0.0001,0.5936807371675968
562,0.5931616201996803,0.17134995851665735,0.01396206021308899,0.4078495968133211,0.04257736948784441,0.0001,0.5935988754034043
563,0.5929087847471237,0.1713915430009365,0.013974331319332123,0.40754291228950024,0.04243655002210289,0.0001,0.5934972330927849
564,0.5949037112295628,0.17130743619054556,0.013971507549285889,0.40962477028369904,0.0530504408525303,0.0001,0.5939200203865767
565,0.5946619845926762,0.17109543830156326,0.013962410390377045,0.40960413590073586,0.044607810443267226,0.0001,0.5936685375869274
566,0.5955658257007599,0.17132503166794777,0.013958737254142761,0.41028206050395966,0.04339494730811566,0.0001,0.5933989904820919
567,0.5942018106579781,0.17130796425044537,0.01394587755203247,0.40894796699285507,0.03754026535898447,0.0001,0.593478737026453
568,0.5918653458356857,0.171232589520514,0.013931438326835632,0.4067013207823038,0.04329716390930116,0.0001,0.5932599414139986
569,0.6001135669648647,0.1711285011842847,0.013956353068351746,0.415028715506196,0.03954790229909122,0.0001,0.5938283294439316
570,0.5952467508614063,0.1711677024140954,0.013965420424938202,0.4101136289536953,0.04534220835193992,0.0001,0.5943846322596074
571,0.5940144322812557,0.17099665105342865,0.013941690325737,0.4090760927647352,0.04077851364854723,0.0001,0.5946643833070994
572,0.5927007980644703,0.17105562798678875,0.013953439891338348,0.4076917339116335,0.03980400774162263,0.0001,0.5946183010935784
573,0.5946606658399105,0.1714205676689744,0.01394684612751007,0.40929324366152287,0.044029101612977684,0.0001,0.594793489202857
574,0.5908350273966789,0.17112518846988678,0.013961292803287506,0.40574854239821434,0.038992349058389664,0.0001,0.5943866208195686
575,0.5912708975374699,0.17090210132300854,0.013955384492874146,0.4064134191721678,0.039828143431805074,0.0001,0.594047512114048
576,0.5938456393778324,0.17069627437740564,0.013946592807769775,0.4092027675360441,0.039821005426347256,0.0001,0.5938754934817553
577,0.5942892991006374,0.1709774760529399,0.013933949172496796,0.4093778673559427,0.03973168018274009,0.0001,0.5938842423260212
578,0.5952336825430393,0.1709057865664363,0.013931535184383392,0.41039636358618736,0.04159934492781758,0.0001,0.5942210759967566
579,0.5910497233271599,0.17094079591333866,0.013954617083072662,0.40615431778132915,0.04177221958525479,0.0001,0.5933146916329861
580,0.5934134535491467,0.17094322387129068,0.013937771320343018,0.408532464876771,0.04312636866234243,0.0001,0.5931313619017601
581,0.5996145345270634,0.17098696157336235,0.013944223523139954,0.41468335688114166,0.03962944680824876,0.0001,0.5936913721263408
582,0.5936906337738037,0.17099657095968723,0.013956211507320404,0.4087378550320864,0.04304387769661844,0.0001,0.5937903556972742
583,0.5954706743359566,0.17095079459249973,0.01394025981426239,0.41057962365448475,0.0439648472238332,0.0001,0.5938713565468788
584,0.5910944603383541,0.1708202576264739,0.013919368386268616,0.4063548371195793,0.04231816786341369,0.0001,0.5938972998410463
585,0.5983890518546104,0.17088364157825708,0.013938762247562408,0.4135666508227587,0.03944250347558409,0.0001,0.5946091152727604
586,0.5965529270470142,0.17080147936940193,0.013936653733253479,0.4118147920817137,0.04099759960081428,0.0001,0.5948798440396785
587,0.5919219478964806,0.1710679279640317,0.013937234878540039,0.40691678412258625,0.0401506784837693,0.0001,0.5946431089192629
588,0.5990380570292473,0.17065633926540613,0.013944469392299652,0.4144372474402189,0.03929751494433731,0.0001,0.5950235463678837
589,0.5983473733067513,0.17072919849306345,0.013909995555877686,0.4137081727385521,0.03723899647593498,0.0001,0.5957533113658429
590,0.5924342684447765,0.17087185382843018,0.013922013342380524,0.407640403136611,0.03820246155373752,0.0001,0.5956553928554058
591,0.5959843508899212,0.17067446745932102,0.013929091393947601,0.41138079576194286,0.03748359461314976,0.0001,0.5952923744916916
592,0.5951505117118359,0.17076169047504663,0.013931326568126678,0.4104574993252754,0.04427962563931942,0.0001,0.5954383622854948
593,0.5924672484397888,0.17074677627533674,0.01395665854215622,0.407763808965683,0.04129120404832065,0.0001,0.595138019695878
594,0.5953034646809101,0.17070473451167345,0.013939552009105682,0.41065918281674385,0.03709489852190018,0.0001,0.5955589201301337
595,0.5969281941652298,0.1707601062953472,0.013959348201751709,0.4122087452560663,0.03874331689439714,0.0001,0.5954128343611955
596,0.5972527042031288,0.1707732416689396,0.01393166184425354,0.41254779882729053,0.04121052997652441,0.0001,0.595482812076807
597,0.591840349137783,0.17045777663588524,0.01392386108636856,0.40745871514081955,0.040057087084278464,0.0001,0.5954746522009373
598,0.5952274017035961,0.1706242123618722,0.013939939439296722,0.4106632601469755,0.04125491832382977,0.0001,0.5950935866683722
599,0.5954898372292519,0.17073085345327854,0.013934090733528137,0.41082488372921944,0.03980646072886884,0.0001,0.5948078330606222
600,0.5951435938477516,0.17058077920228243,0.013935983180999756,0.41062683425843716,0.04285778244957328,0.0001,0.5950787656009198
601,0.5971128530800343,0.17064252402633429,0.013943396508693695,0.41252693720161915,0.04208336852025241,0.0001,0.5951916158199311
602,0.5961343683302402,0.17053088825196028,0.013944283127784729,0.4116592090576887,0.04493775719311088,0.0001,0.5952900014817715
603,0.5951317995786667,0.17053389642387629,0.013935230672359467,0.41066266410052776,0.04339275450911373,0.0001,0.5955564565956593
604,0.5916680246591568,0.1706000305712223,0.013940103352069855,0.4071278963238001,0.036922208149917424,0.0001,0.595192912593484
605,0.5928412415087223,0.17040602024644613,0.01393861323595047,0.4084966089576483,0.039271565969102085,0.0001,0.5947842173278332
606,0.595918070524931,0.17055926378816366,0.013926222920417786,0.4114325810223818,0.04310930985957384,0.0001,0.5946507539600134
607,0.5908135063946247,0.1704509425908327,0.013952724635601044,0.4064098484814167,0.03843076538760215,0.0001,0.5945480696856975
608,0.5921326391398907,0.17048834171146154,0.013910047709941864,0.40773425437510014,0.038620400009676814,0.0001,0.5942385934293271
609,0.5946024544537067,0.17056839168071747,0.01392430067062378,0.41010975651443005,0.0389474657131359,0.0001,0.5941498551517725
610,0.5945273414254189,0.17032673582434654,0.013944290578365326,0.41025632061064243,0.041199211962521076,0.0001,0.5940882299095392
611,0.5956611260771751,0.17043317016214132,0.013951390981674194,0.41127656772732735,0.040025755763053894,0.0001,0.5939430572092533
612,0.592542503029108,0.17031317204236984,0.013921290636062622,0.40830804221332073,0.03703448479063809,0.0001,0.5935838706791401
613,0.5924916937947273,0.1703017158433795,0.013917028903961182,0.4082729499787092,0.04168995306827128,0.0001,0.5933198601007461
614,0.5935394428670406,0.17039170768111944,0.013928093016147614,0.4092196449637413,0.04002359102014452,0.0001,0.5935070019215345
615,0.5935471132397652,0.17040186747908592,0.013920582830905914,0.4092246703803539,0.03551607264671475,0.0001,0.5935775890946389
616,0.5987448543310165,0.17044891603291035,0.013920605182647705,0.41437533497810364,0.03717902209609747,0.0001,0.5938602674752473
617,0.5920516885817051,0.17034023720771074,0.013936437666416168,0.40777501836419106,0.04190155235119164,0.0001,0.5939840856939554
618,0.5983329266309738,0.17046850826591253,0.013929001986980438,0.41393541544675827,0.038642799598164856,0.0001,0.5946041144430637
619,0.5943367555737495,0.17030909657478333,0.013915061950683594,0.4101126007735729,0.03925782965961844,0.0001,0.5945775445550681
620,0.5979410894215107,0.17010619211941957,0.013932213187217712,0.41390268690884113,0.0366345033980906,0.0001,0.5949189193546772
621,0.5943057611584663,0.17018573358654976,0.013929329812526703,0.41019069589674473,0.04007269931025803,0.0001,0.5947833828628063
622,0.5923753380775452,0.17021610122174025,0.013911508023738861,0.4082477241754532,0.03864019981119782,0.0001,0.5947666663676501
623,0.5928675457835197,0.1701664924621582,0.013889163732528687,0.40881189331412315,0.03598470508586615,0.0001,0.5948042515665293
624,0.5888842009007931,0.17013880982995033,0.01391911506652832,0.4048262760043144,0.04218680062331259,0.0001,0.5943387273699046
625,0.5924803465604782,0.17013124469667673,0.013928674161434174,0.40842043049633503,0.03908661927562207,0.0001,0.5942320507019758
626,0.5960059724748135,0.17003862466663122,0.013921380043029785,0.41204596869647503,0.04046311147976667,0.0001,0.5939581625163555
627,0.5950751937925816,0.17027643602341413,0.013918578624725342,0.4108801819384098,0.03662865119986236,0.0001,0.5942605130374432
628,0.5929321683943272,0.17008755635470152,0.013911694288253784,0.4089329168200493,0.040832184720784426,0.0001,0.5937204372137785
629,0.5981971472501755,0.17011326365172863,0.013909615576267242,0.41417427361011505,0.03666276391595602,0.0001,0.5941064763814211
630,0.5953168198466301,0.17022717837244272,0.013915397226810455,0.41117424704134464,0.03818457410670817,0.0001,0.593844049423933
631,0.5934417061507702,0.1699763284996152,0.013916507363319397,0.4095488730818033,0.03687479661311954,0.0001,0.5937576439231634
632,0.5959197580814362,0.17011229507625103,0.01393737643957138,0.41187008284032345,0.04155255504883826,0.0001,0.5941120859235525
633,0.5940347798168659,0.17001419235020876,0.013919129967689514,0.41010146774351597,0.04023014765698463,0.0001,0.5942288093268872
634,0.5929642505943775,0.1700152726843953,0.013926982879638672,0.40902199782431126,0.038359774043783545,0.0001,0.5946368142962456
635,0.5953653454780579,0.16993061266839504,0.013939104974269867,0.41149563528597355,0.03711594396736473,0.0001,0.5949253141880035
636,0.596116591244936,0.16994144953787327,0.01391901820898056,0.412256121635437,0.04221512074582279,0.0001,0.5949363760650158
637,0.5959766544401646,0.17000143975019455,0.013915695250034332,0.4120595157146454,0.040353705175220966,0.0001,0.5950265221297741
638,0.5908971801400185,0.1699560359120369,0.013894490897655487,0.4070466533303261,0.03689255425706506,0.0001,0.5948230233043432
639,0.5894919633865356,0.16978609841316938,0.013920828700065613,0.4057850316166878,0.04261751065496355,0.0001,0.5939525049179792
640,0.5975305698812008,0.16978259291499853,0.013920508325099945,0.41382746770977974,0.03706444182898849,0.0001,0.5941738799214363
641,0.5937846377491951,0.1699129156768322,0.013932481408119202,0.409939244389534,0.043892320594750345,0.0001,0.5942081730812788
642,0.5979953855276108,0.16990126390010118,0.01392555981874466,0.41416856460273266,0.043156555970199406,0.0001,0.5944157358258962
643,0.5887773707509041,0.16988581512123346,0.013939224183559418,0.4049523323774338,0.04014499904587865,0.0001,0.5938899949193001
644,0.5953062511980534,0.1697976514697075,0.01391233503818512,0.4115962665528059,0.03537446528207511,0.0001,0.5941241949796676
645,0.5960605330765247,0.16988538578152657,0.013930067420005798,0.41224507987499237,0.043253164272755384,0.0001,0.5941937137395144
646,0.5939288921654224,0.16986941546201706,0.013913966715335846,0.410145515576005,0.0389849750790745,0.0001,0.593974943831563
647,0.5933463238179684,0.1695589628070593,0.013902470469474792,0.4098849017173052,0.03884956147521734,0.0001,0.5937119107693434
648,0.592200756072998,0.1697816178202629,0.01392008364200592,0.4084990546107292,0.037495834403671324,0.0001,0.5938422683626413
649,0.5923713482916355,0.1696477634832263,0.013912655413150787,0.4088109266012907,0.04029162018559873,0.0001,0.5941302068531513
650,0.5947357639670372,0.16969780903309584,0.013908013701438904,0.41112994588911533,0.04083604412153363,0.0001,0.593850726261735
651,0.5911709032952785,0.1698808539658785,0.01390305906534195,0.40738699212670326,0.0417468911036849,0.0001,0.5935893528163433
652,0.5943586565554142,0.1698050769045949,0.01392548531293869,0.4106280915439129,0.03778794046957046,0.0001,0.5932256799191237
653,0.5972484461963177,0.16948949079960585,0.01391185075044632,0.4138471055775881,0.039386382792145014,0.0001,0.594072787463665
654,0.5963368304073811,0.16958243679255247,0.013910636305809021,0.4128437638282776,0.04174884385429323,0.0001,0.5941758453845978
655,0.5935269668698311,0.16961145773530006,0.013920009136199951,0.40999549999833107,0.03952959319576621,0.0001,0.5939224887639284
656,0.5937351547181606,0.16974024288356304,0.013907253742218018,0.41008765436708927,0.04058130190242082,0.0001,0.5939031150192022
657,0.5894394405186176,0.16945275850594044,0.013915017247200012,0.40607166290283203,0.040737055940553546,0.0001,0.5935124266892672
658,0.5935099460184574,0.16959472838789225,0.013898178935050964,0.4100170414894819,0.03987531631719321,0.0001,0.593643345683813
659,0.5940097756683826,0.16953830793499947,0.01391206681728363,0.41055940091609955,0.04128811869304627,0.0001,0.5938071884214878
660,0.5945548340678215,0.16937623359262943,0.01391446590423584,0.41126412712037563,0.035257850657217205,0.0001,0.5937890954315662
661,0.5975965596735477,0.1695197243243456,0.013902202248573303,0.4141746275126934,0.03794446075335145,0.0001,0.5944316610693932
662,0.594004712998867,0.16939556133002043,0.013911031186580658,0.4106981214135885,0.04024666827172041,0.0001,0.5943962667137385
663,0.591229721903801,0.16941482946276665,0.013890475034713745,0.4079244136810303,0.04023369925562292,0.0001,0.5937943942844868
664,0.599879939109087,0.16934743337333202,0.013912081718444824,0.41662042401731014,0.03752007812727243,0.0001,0.5941487051546573
665,0.59291847422719,0.16936198249459267,0.01391107589006424,0.4096454083919525,0.03717727796174586,0.0001,0.5940878558903933
666,0.59236104413867,0.16932815592736006,0.013898409903049469,0.40913447365164757,0.03795284079387784,0.0001,0.5939504448324442
667,0.5940851531922817,0.1693794010207057,0.013910770416259766,0.41079498268663883,0.03649471199605614,0.0001,0.5944150160998106
668,0.5947094447910786,0.1691484907642007,0.013883702456951141,0.41167725436389446,0.03696470521390438,0.0001,0.5945349659770727
669,0.5921547412872314,0.16932078078389168,0.013905413448810577,0.4089285545051098,0.040049675619229674,0.0001,0.5943494625389576
670,0.5956077724695206,0.1691691419109702,0.013907372951507568,0.4125312604010105,0.037686335504986346,0.0001,0.5944547563791275
671,0.5943220853805542,0.16934886388480663,0.013900794088840485,0.41107241809368134,0.04119490901939571,0.0001,0.5941273089498281
672,0.5918401330709457,0.16915631759911776,0.013895325362682343,0.40878848917782307,0.033201334066689014,0.0001,0.593910850957036
673,0.5962072424590588,0.16924647241830826,0.013907641172409058,0.4130531270056963,0.0376282730139792,0.0001,0.5944086030125618
674,0.5916223786771297,0.1693455222994089,0.013897322118282318,0.40837953239679337,0.041755098034627736,0.0001,0.593582846969366
675,0.5914547443389893,0.16908917389810085,0.01390257477760315,0.4084630012512207,0.03511627367697656,0.0001,0.593436473980546
676,0.5914319194853306,0.1692316997796297,0.013908840715885162,0.408291382715106,0.035454630269668996,0.0001,0.5933435615152121
677,0.593845222145319,0.16922258865088224,0.013897977769374847,0.41072465665638447,0.035079937893897295,0.0001,0.5933195684105158
678,0.5929512865841389,0.16909892112016678,0.01390325278043747,0.40994912199676037,0.03725401638075709,0.0001,0.5931437525898218
679,0.5908297337591648,0.1690645283088088,0.013902537524700165,0.4078626725822687,0.04386148392222822,0.0001,0.5930112518370152
680,0.5939395576715469,0.16912178602069616,0.01390879601240158,0.4109089784324169,0.041923488257452846,0.0001,0.5928444303572178
681,0.5957523323595524,0.16896244511008263,0.013910017907619476,0.4128798693418503,0.036820572800934315,0.0001,0.5929874550551176
682,0.5956866517663002,0.16888071596622467,0.013894975185394287,0.41291096061468124,0.03582634683698416,0.0001,0.593372106924653
683,0.5918198712170124,0.1690594246610999,0.013898789882659912,0.40886165574193,0.038281623856164515,0.0001,0.5929333698004484
684,0.5947300530970097,0.16874391213059425,0.013896681368350983,0.41208946146070957,0.035774372052401304,0.0001,0.5932441372424364
685,0.592257671058178,0.16903014294803143,0.013907298445701599,0.4093202333897352,0.03856405953411013,0.0001,0.5933244299143553
686,0.5932590141892433,0.169045589864254,0.013913266360759735,0.410300150513649,0.040640374179929495,0.0001,0.5935071393847465
687,0.5909726917743683,0.16902105044573545,0.01389891654253006,0.40805272199213505,0.0363418897613883,0.0001,0.5932198863476514
688,0.5943052098155022,0.16901881620287895,0.013900406658649445,0.41138598322868347,0.0354615111136809,0.0001,0.5933552786707879
689,0.5918052569031715,0.16885794699192047,0.0138859823346138,0.4090613219887018,0.03612844180315733,0.0001,0.5934528309851885
690,0.5907495357096195,0.1689547337591648,0.0139041468501091,0.4078906513750553,0.034986053593456745,0.0001,0.5931338287889958
691,0.5948825366795063,0.1687683742493391,0.013885647058486938,0.4122285135090351,0.03648823732510209,0.0001,0.5930468492209912
692,0.591308943927288,0.16882575303316116,0.013907082378864288,0.40857611037790775,0.03768865577876568,0.0001,0.5926090784370899
693,0.5943977050483227,0.16875069681555033,0.013897992670536041,0.41174902208149433,0.04084148071706295,0.0001,0.592866861820221
694,0.5917452797293663,0.168848792091012,0.01391039788722992,0.40898609161376953,0.038126786006614566,0.0001,0.5925683844834566
695,0.598582062870264,0.16869356483221054,0.013874322175979614,0.41601417399942875,0.04153016523923725,0.0001,0.5932008236646652
696,0.592622309923172,0.168601774610579,0.013890787959098816,0.41012974455952644,0.042305595125071704,0.0001,0.593137153238058
697,0.5914444588124752,0.16859715431928635,0.013908036053180695,0.4089392703026533,0.03760447248350829,0.0001,0.5931843299418688
698,0.5852549485862255,0.16860464867204428,0.013905905187129974,0.4027443937957287,0.040396686061285436,0.0001,0.5922793038189411
699,0.591582641005516,0.16842945851385593,0.013894625008106232,0.40925855562090874,0.03560738323722035,0.0001,0.5922570422291755
700,0.5935430787503719,0.16850766353309155,0.013879753649234772,0.4111556578427553,0.034607699257321656,0.0001,0.5925363965332509
701,0.593688614666462,0.1685340227559209,0.01390472799539566,0.4112498741596937,0.038362517138011754,0.0001,0.5924170043319463
702,0.5903211049735546,0.16838198248296976,0.013886339962482452,0.408052783459425,0.03521084797102958,0.0001,0.592318220436573
703,0.5972940847277641,0.16849382035434246,0.013902217149734497,0.4148980397731066,0.0371801647124812,0.0001,0.5926078584045171
704,0.5930463299155235,0.16849043872207403,0.013913184404373169,0.4106427077203989,0.038355268188752234,0.0001,0.5927379634231329
705,0.594514150172472,0.16840230207890272,0.013888366520404816,0.4122234880924225,0.037778735626488924,0.0001,0.5923311721533537
706,0.5925519838929176,0.16844286303967237,0.013890497386455536,0.4102186169475317,0.03814384900033474,0.0001,0.5923241395503283
707,0.5946230515837669,0.16819145064800978,0.01389697939157486,0.4125346187502146,0.03810790565330535,0.0001,0.5926419988274574
708,0.5935726128518581,0.16832516714930534,0.013889476656913757,0.41135797649621964,0.034407097613438964,0.0001,0.5934737652540207
709,0.5897811315953732,0.16842265985906124,0.013882838189601898,0.40747563913464546,0.040296899154782295,0.0001,0.5932936143130064
710,0.5923421829938889,0.16834755055606365,0.013893261551856995,0.4101013671606779,0.03536529920529574,0.0001,0.5931735247373581
711,0.595966961234808,0.16821176186203957,0.013884507119655609,0.41387069411575794,0.03551744774449617,0.0001,0.5934013593941927
712,0.5955179147422314,0.16816370096057653,0.013886421918869019,0.41346779465675354,0.03620670468080789,0.0001,0.5939210403710604
713,0.5890269391238689,0.1680766185745597,0.013880550861358643,0.4070697706192732,0.03778468945529312,0.0001,0.5930943258106709
714,0.5904373675584793,0.16814279090613127,0.013882741332054138,0.40841183066368103,0.0357545210281387,0.0001,0.5928334295749664
715,0.5943025015294552,0.16817976254969835,0.01388956606388092,0.4122331738471985,0.037213944480754435,0.0001,0.5928122647106647
716,0.5927045978605747,0.16820357739925385,0.013905465602874756,0.41059555672109127,0.03788267890922725,0.0001,0.5928275261074305
717,0.5890909358859062,0.1683333581313491,0.013895854353904724,0.40686172619462013,0.035005930229090154,0.0001,0.5922743145376443
718,0.5910620465874672,0.16826787125319242,0.013911470770835876,0.408882699906826,0.04168595012743026,0.0001,0.5920232579112052
719,0.5914524532854557,0.1677539525553584,0.013890370726585388,0.4098081346601248,0.03516369545832276,0.0001,0.5921903900802136
720,0.5952840633690357,0.16799072548747063,0.013890646398067474,0.4134026952087879,0.039785037748515606,0.0001,0.5924845781177283
721,0.588802132755518,0.1679920619353652,0.01388750970363617,0.40692255087196827,0.036336882621981204,0.0001,0.5917680952697992
722,0.5927652455866337,0.16795844305306673,0.01387980580329895,0.4109269976615906,0.035297623137012124,0.0001,0.5914928283542394
723,0.5909075550734997,0.16797275003045797,0.01389233022928238,0.40904247760772705,0.03513545903842896,0.0001,0.5916808899492025
724,0.5935128293931484,0.16789833549410105,0.01387585699558258,0.4117386396974325,0.03678579244296998,0.0001,0.5919884361326695
725,0.5925983041524887,0.16797741036862135,0.01388048380613327,0.4107404090464115,0.03372016467619687,0.0001,0.5918180163949728
726,0.5910818241536617,0.1678405962884426,0.01387227326631546,0.40936895832419395,0.03916830138769001,0.0001,0.5916557390242815
727,0.5908899009227753,0.1677598999813199,0.013904266059398651,0.40922572650015354,0.038843141053803265,0.0001,0.5918356355279684
728,0.5940295904874802,0.1676966669037938,0.01387922465801239,0.41245369240641594,0.03532122238539159,0.0001,0.5921323899179697
729,0.5929855145514011,0.16777069866657257,0.013885989785194397,0.41132882609963417,0.0403243099572137,0.0001,0.5922856960445643
730,0.5921253748238087,0.1677123885601759,0.013879813253879547,0.4105331730097532,0.031827848055399954,0.0001,0.5919698271900415
731,0.5948531106114388,0.16774429008364677,0.013885557651519775,0.41322325728833675,0.03935841971542686,0.0001,0.5925749249756336
732,0.5891576074063778,0.16771826148033142,0.013899914920330048,0.4075394235551357,0.03966073889750987,0.0001,0.592214161157608
733,0.5859557017683983,0.16786457132548094,0.013867609202861786,0.40422352962195873,0.04043982387520373,0.0001,0.5917189758270979
734,0.5885618776082993,0.16746704000979662,0.013890378177165985,0.4072044622153044,0.03501169348601252,0.0001,0.591223880648613
735,0.5900894217193127,0.167648671194911,0.013876035809516907,0.40856471471488476,0.03635781432967633,0.0001,0.5909729924052953
736,0.5933317206799984,0.16722392570227385,0.0138874351978302,0.4122203588485718,0.03317105199676007,0.0001,0.5911979820579291
737,0.5901037156581879,0.1676565818488598,0.013881392776966095,0.40856573544442654,0.040901016211137176,0.0001,0.5911193635314703
738,0.590280544012785,0.16745819244533777,0.013873569667339325,0.4089487846940756,0.03822945605497807,0.0001,0.5907444588840007
739,0.5909383706748486,0.1674158787354827,0.013900130987167358,0.40962235629558563,0.035896784625947475,0.0001,0.5905397444963455
740,0.5888107270002365,0.16745394375175238,0.013878695666790009,0.4074780885130167,0.034111490938812494,0.0001,0.5902082797139883
741,0.5920459032058716,0.16722241323441267,0.013895832002162933,0.41092766635119915,0.036054664524272084,0.0001,0.5899275589734316
742,0.5913182124495506,0.1675395965576172,0.0138845294713974,0.4098940920084715,0.04481667105574161,0.0001,0.5901436194777488
743,0.5923659540712833,0.16745050717145205,0.013877414166927338,0.4110380355268717,0.03987779631279409,0.0001,0.5907846447080374
744,0.5901959091424942,0.16718721948564053,0.013871200382709503,0.40913749299943447,0.03653323429170996,0.0001,0.5909480478614568
745,0.5940701887011528,0.16757476143538952,0.013888001441955566,0.41260742768645287,0.040796298533678055,0.0001,0.5913461245596409
746,0.5901579819619656,0.16712606884539127,0.013900406658649445,0.4091315045952797,0.034451549989171326,0.0001,0.5910287506878376
747,0.5927005372941494,0.16712106857448816,0.013887077569961548,0.4116923902183771,0.03632120811380446,0.0001,0.5912884328514337
748,0.5924162603914738,0.1671123281121254,0.013867191970348358,0.41143673099577427,0.033336030784994364,0.0001,0.5915020044893027
749,0.5903964936733246,0.16714949160814285,0.013893157243728638,0.40935384295880795,0.03452381817623973,0.0001,0.5914478167891503
750,0.5939131118357182,0.16716026049107313,0.013897813856601715,0.4128550421446562,0.03603950119577348,0.0001,0.5919580552726984
751,0.5941600166261196,0.16715227533131838,0.013886868953704834,0.4131208714097738,0.03315064054913819,0.0001,0.5921694666147232
752,0.592468436807394,0.16711385641247034,0.013895533978939056,0.41145904920995235,0.033472815179266036,0.0001,0.5922844890505076
753,0.59227679297328,0.1672005569562316,0.013876616954803467,0.4111996218562126,0.03367282298859209,0.0001,0.5922755729407072
754,0.5938994623720646,0.16718751471489668,0.013872891664505005,0.41283905878663063,0.034719936666078866,0.0001,0.5926459282636642
755,0.5922119915485382,0.16725697740912437,0.013863682746887207,0.4110913351178169,0.03319857316091657,0.0001,0.5924601085484028
756,0.5899282656610012,0.16695290338248014,0.013877339661121368,0.40909802354872227,0.036653301562182605,0.0001,0.5924371369183064
757,0.5931685604155064,0.1669817017391324,0.013874396681785583,0.41231246665120125,0.0376543189631775,0.0001,0.5924839392304421
758,0.5890066623687744,0.16708751861006021,0.013881266117095947,0.4080378767102957,0.032447647652588785,0.0001,0.5921429794281721
759,0.5901780463755131,0.16693537589162588,0.013873480260372162,0.40936918556690216,0.03676245384849608,0.0001,0.592121134698391
760,0.5894407965242863,0.16680388525128365,0.013865374028682709,0.4087715335190296,0.03160721343010664,0.0001,0.5916739031672478
761,0.5924624651670456,0.1669251285493374,0.013881176710128784,0.4116561636328697,0.03336331120226532,0.0001,0.5915041480213403
762,0.5936149507761002,0.1667954633012414,0.013869620859622955,0.41294986195862293,0.03441823471803218,0.0001,0.5916187994182109
763,0.5912359543144703,0.1668444750830531,0.013894826173782349,0.4104966465383768,0.031406238093040884,0.0001,0.59151471555233
764,0.5938329696655273,0.16658758372068405,0.01388782262802124,0.41335757076740265,0.03521246218588203,0.0001,0.5915080662816763
765,0.595244824886322,0.16686634439975023,0.01386968046426773,0.4145088028162718,0.03930695937015116,0.0001,0.5918113496154547
766,0.5915603674948215,0.1667270679026842,0.013894692063331604,0.4109386131167412,0.03492982662282884,0.0001,0.5919745597988367
767,0.5932603925466537,0.16681914776563644,0.0138840451836586,0.41255720146000385,0.03621520474553108,0.0001,0.5919837430119514
768,0.5866093821823597,0.1668065395206213,0.013874448835849762,0.40592839755117893,0.03703142027370632,0.0001,0.59174401499331
769,0.5909380801022053,0.1668261345475912,0.013871051371097565,0.41024089232087135,0.04512470599729568,0.0001,0.5918200183659792
770,0.5871204249560833,0.16672940365970135,0.013878121972084045,0.4065128993242979,0.038099583121947944,0.0001,0.5915879812091589
771,0.5927526913583279,0.16688607539981604,0.01387401670217514,0.4119926020503044,0.04005609767045826,0.0001,0.5916170038282871
772,0.5887180045247078,0.16670194547623396,0.013896778225898743,0.4081192910671234,0.035992658929899335,0.0001,0.5911273092031479
773,0.5912624001502991,0.16662397980690002,0.013883762061595917,0.4107546601444483,0.0349898689892143,0.0001,0.5911299537867307
774,0.5888749770820141,0.16659869253635406,0.013868719339370728,0.40840757079422474,0.03609557938762009,0.0001,0.5906341545283794
775,0.5931747406721115,0.16653776541352272,0.013855651021003723,0.41278132796287537,0.037776606739498675,0.0001,0.5904271461069583
776,0.5917741730809212,0.16662614047527313,0.013871520757675171,0.411276513710618,0.03548777743708342,0.0001,0.5904485266655684
777,0.5903635323047638,0.16655903030186892,0.013862796127796173,0.40994170494377613,0.03422219888307154,0.0001,0.5901588406413794
778,0.5923076681792736,0.16660240665078163,0.013860397040843964,0.411844864487648,0.035516689997166395,0.0001,0.5907286692410707
779,0.5939897298812866,0.16647269669920206,0.01387440413236618,0.4136426243931055,0.036455242545343935,0.0001,0.5910338342189789
780,0.5901844315230846,0.16652676183730364,0.013878412544727325,0.40977925807237625,0.03521559515502304,0.0001,0.591340234875679
781,0.588685005903244,0.16642384231090546,0.01386183500289917,0.4083993248641491,0.03770583856385201,0.0001,0.5909334663301706
782,0.5893150642514229,0.16658355575054884,0.0138741135597229,0.40885739028453827,0.03566884307656437,0.0001,0.5909931723028421
783,0.5916249118745327,0.16632269695401192,0.0138634592294693,0.4114387594163418,0.034543238463811576,0.0001,0.5910294234752655
784,0.5894594565033913,0.16641159262508154,0.0138745978474617,0.40917325951159,0.03433245199266821,0.0001,0.5910878714174033
785,0.5918871350586414,0.16639789193868637,0.01386801153421402,0.41162123531103134,0.03855323500465602,0.0001,0.5909591108560562
786,0.5886063911020756,0.16650821547955275,0.013870187103748322,0.4082279894500971,0.03598295582924038,0.0001,0.5906423326581717
787,0.5884473994374275,0.16629690118134022,0.013877905905246735,0.4082726016640663,0.04050433239899576,0.0001,0.590450719371438
788,0.5922770760953426,0.16626410093158484,0.013866864144802094,0.41214611753821373,0.03250391723122448,0.0001,0.590447660163045
789,0.59094363078475,0.1661756904795766,0.013873539865016937,0.41089439392089844,0.0341113816248253,0.0001,0.5901430502533913
790,0.5887409709393978,0.16621034406125546,0.01386471837759018,0.4086659047752619,0.03692155051976442,0.0001,0.5899987041950225
791,0.5922899655997753,0.1663013631477952,0.01388009637594223,0.41210850700736046,0.03537556144874543,0.0001,0.5903592001646757
792,0.5923887006938457,0.16640498768538237,0.013866044580936432,0.4121176768094301,0.03323513770010322,0.0001,0.590666563808918
793,0.5858727991580963,0.166180863045156,0.01387450098991394,0.40581743232905865,0.037441902910359204,0.0001,0.5900913525372744
794,0.5929357334971428,0.16614360362291336,0.013878151774406433,0.4129139706492424,0.03479725669603795,0.0001,0.5904389802366495
795,0.5915826074779034,0.1661392915993929,0.013854369521141052,0.41158894822001457,0.03880131884943694,0.0001,0.5904085274785758
796,0.5941358730196953,0.16627612709999084,0.013857848942279816,0.4140019007027149,0.032521499088034034,0.0001,0.5909614756703376
797,0.5902434848248959,0.16629578452557325,0.013875357806682587,0.4100723471492529,0.03561303857713938,0.0001,0.5911410842090845
798,0.5937534980475903,0.16628026217222214,0.013852789998054504,0.4136204458773136,0.03655166691169143,0.0001,0.5912887264043093
799,0.5902100652456284,0.16613524686545134,0.013854116201400757,0.41022070311009884,0.03895096434280276,0.0001,0.5912153698503971
800,0.5907136388123035,0.16611878015100956,0.013871356844902039,0.4107234999537468,0.03516934206709266,0.0001,0.5914126366376877
801,0.5884707123041153,0.16599775105714798,0.013862065970897675,0.4086109008640051,0.031830595107749104,0.0001,0.5910307113081217
802,0.5920098274946213,0.1660658223554492,0.013870447874069214,0.4120735563337803,0.032837355975061655,0.0001,0.5909928239881992
803,0.5916184633970261,0.16610209736973047,0.013864628970623016,0.41165173798799515,0.03201371803879738,0.0001,0.5915673904120922
804,0.5905705019831657,0.16619537584483624,0.013870179653167725,0.41050495207309723,0.03306717402301729,0.0001,0.5913308672606945
805,0.5889860279858112,0.16576438210904598,0.013863645493984222,0.4093580059707165,0.03170570661313832,0.0001,0.5910712093114853
806,0.5873166918754578,0.16611400805413723,0.013857491314411163,0.4073451980948448,0.035430118441581726,0.0001,0.5903892911970615
807,0.5911509171128273,0.16608597990125418,0.01386965811252594,0.41119527257978916,0.033895824453793466,0.0001,0.5904800344258547
808,0.5889590233564377,0.16600515320897102,0.01386156678199768,0.4090923089534044,0.037136263330467045,0.0001,0.5900005869567394
809,0.5912343040108681,0.16583871096372604,0.013872861862182617,0.41152274049818516,0.03677591367159039,0.0001,0.5901030108332634
810,0.5904185809195042,0.16601867601275444,0.013855233788490295,0.41054466739296913,0.03653096663765609,0.0001,0.5900735050439835
811,0.5890488401055336,0.16601568832993507,0.013867594301700592,0.4091655556112528,0.033672804245725274,0.0001,0.5901313178241253
812,0.5899188071489334,0.16568180546164513,0.013860099017620087,0.4103769063949585,0.03254011075478047,0.0001,0.5899222157895565
813,0.5920851305127144,0.1657037390395999,0.013856574892997742,0.4125248175114393,0.03179555421229452,0.0001,0.5899688825011253
814,0.5928435288369656,0.16579755675047636,0.013873465359210968,0.4131725076586008,0.03541861963458359,0.0001,0.5901961851865053
815,0.5879792459309101,0.1657757917419076,0.013853728771209717,0.40834973007440567,0.031103995046578348,0.0001,0.5900955069810152
816,0.5924570746719837,0.16593023389577866,0.013854660093784332,0.4126721788197756,0.03708148782607168,0.0001,0.5906095452606678
817,0.5911121591925621,0.165973206050694,0.013870172202587128,0.41126877814531326,0.03489261365029961,0.0001,0.5906056694686412
818,0.5936581380665302,0.1658557066693902,0.013864465057849884,0.4139379598200321,0.03483856760431081,0.0001,0.5910755809396505
819,0.5899899527430534,0.16560691688209772,0.013853341341018677,0.4105296917259693,0.03265786496922374,0.0001,0.5909511458128691
820,0.5902158915996552,0.1655832165852189,0.013862743973731995,0.4107699301093817,0.03415546484757215,0.0001,0.5909308768808842
821,0.5905831940472126,0.16580470837652683,0.013864465057849884,0.4109140168875456,0.033911752281710505,0.0001,0.5910843122750521
822,0.5941969826817513,0.165661440230906,0.013860121369361877,0.4146754238754511,0.03295386326499283,0.0001,0.5915121298283339
823,0.5906699895858765,0.16561002936214209,0.013875238597393036,0.41118471696972847,0.03102032421156764,0.0001,0.5913706157356501
824,0.5905700922012329,0.1654867297038436,0.01386832445859909,0.41121503710746765,0.030994043219834566,0.0001,0.5911432720720768
825,0.588925089687109,0.16554532200098038,0.013861238956451416,0.4095185250043869,0.0361731672892347,0.0001,0.5912378564476967
826,0.594927903264761,0.16563756950199604,0.013855963945388794,0.4154343642294407,0.03678314061835408,0.0001,0.5914849393069744
827,0.5900988206267357,0.1655514994636178,0.013853102922439575,0.41069421730935574,0.03242493886500597,0.0001,0.5913836054503918
828,0.5925335176289082,0.1654186174273491,0.01384589821100235,0.4132689945399761,0.032214578008279204,0.0001,0.5912711434066296
829,0.5902366116642952,0.16554141137748957,0.01383964717388153,0.4108555465936661,0.03308845800347626,0.0001,0.5912958092987537
830,0.5867963247001171,0.16563175432384014,0.013842657208442688,0.40732192248106003,0.036206155782565475,0.0001,0.5909538526088
831,0.5923024229705334,0.16565584018826485,0.013849854469299316,0.41279673390090466,0.03445319505408406,0.0001,0.591125775501132
832,0.5922688543796539,0.16562244668602943,0.013853169977664948,0.41279324144124985,0.03540171741042286,0.0001,0.5909329626709223
833,0.5850883834064007,0.1655945973470807,0.013859249651432037,0.4056345410645008,0.03396100667305291,0.0001,0.5903748020529747
834,0.590947013348341,0.16535561997443438,0.013860546052455902,0.41173085756599903,0.03450245130807161,0.0001,0.5904124941676855
835,0.5917495377361774,0.16553545463830233,0.013854563236236572,0.41235951893031597,0.03305735532194376,0.0001,0.5906949389725924
836,0.5918697156012058,0.165359353646636,0.013847805559635162,0.4126625582575798,0.03335839184001088,0.0001,0.5903891202062368
837,0.5894626677036285,0.16540804971009493,0.013860128819942474,0.41019449569284916,0.03272479178849608,0.0001,0.5903255049139261
838,0.5901011489331722,0.1652591833844781,0.013863295316696167,0.41097867116332054,0.034883127198554575,0.0001,0.5900822680443525
839,0.5885240137577057,0.16554626170545816,0.01385517418384552,0.40912257693707943,0.03475715673994273,0.0001,0.5899110082536936
840,0.5909739695489407,0.16536240745335817,0.013865582644939423,0.4117459785193205,0.03305461595300585,0.0001,0.590328772738576
841,0.5931081585586071,0.16526761278510094,0.013866446912288666,0.41397410072386265,0.039404774201102555,0.0001,0.5904093462973833
842,0.5880158618092537,0.16534772980958223,0.013848021626472473,0.40882011130452156,0.03161929245106876,0.0001,0.5899840470403432
843,0.5882277749478817,0.16541174333542585,0.013843059539794922,0.40897297859191895,0.03322098695207387,0.0001,0.5902979861944914
844,0.5887604169547558,0.16528417076915503,0.013852357864379883,0.409623883664608,0.03579219651874155,0.0001,0.5900793265551328
845,0.5898375883698463,0.16537214629352093,0.01385478675365448,0.41061065532267094,0.03313662996515632,0.0001,0.5898881316184997
846,0.5879070609807968,0.16546776611357927,0.013848185539245605,0.4085911177098751,0.03155542816966772,0.0001,0.5894918661564589
847,0.5913212113082409,0.1652056472375989,0.013841107487678528,0.41227445378899574,0.03235101990867406,0.0001,0.5896777205169201
848,0.5957001410424709,0.16523072216659784,0.013853691518306732,0.4166157264262438,0.03025546472053975,0.0001,0.5902376197278499
849,0.5894357785582542,0.16517582815140486,0.013849593698978424,0.41041035763919353,0.031961469794623554,0.0001,0.5903287962079048
850,0.5902729518711567,0.1651280578225851,0.013861380517482758,0.4112835079431534,0.034547203802503645,0.0001,0.5902586944401265
851,0.5885806456208229,0.16517999302595854,0.013847485184669495,0.4095531702041626,0.03465777635574341,0.0001,0.589805943146348
852,0.5872282534837723,0.16515951603651047,0.01386222243309021,0.40820650942623615,0.036416550166904926,0.0001,0.5897271823137998
853,0.5895220562815666,0.16523103695362806,0.013831913471221924,0.4104591067880392,0.03328693343792111,0.0001,0.5898566104471683
854,0.5912441685795784,0.16528249345719814,0.013849541544914246,0.4121121298521757,0.0347995082847774,0.0001,0.5901049856096506
855,0.5943241789937019,0.1651256950572133,0.013842575252056122,0.4153559096157551,0.03682080062571913,0.0001,0.5905536446720362
856,0.5932108759880066,0.16514914948493242,0.01386108249425888,0.4142006505280733,0.031607738812454045,0.0001,0.5910840261727571
857,0.5918137319386005,0.16497562639415264,0.013841412961483002,0.41299669072031975,0.03520924039185047,0.0001,0.5911332782357931
858,0.5900233201682568,0.1649585161358118,0.01384531706571579,0.41121948696672916,0.032755146734416485,0.0001,0.5905655961483717
859,0.5894221886992455,0.16509569715708494,0.013864442706108093,0.41046205163002014,0.030532047851011157,0.0001,0.5905642371624709
860,0.5868718400597572,0.1650986084714532,0.013844475150108337,0.4079287629574537,0.03635486587882042,0.0001,0.5902241259813309
861,0.5875362195074558,0.16491588857024908,0.013832367956638336,0.40878795832395554,0.03144203219562769,0.0001,0.5901196833699942
862,0.5911805927753448,0.16517763957381248,0.013865068554878235,0.4121378902345896,0.03400813648477197,0.0001,0.5905149172991514
863,0.5913805812597275,0.16496112011373043,0.013839341700077057,0.4125801119953394,0.0319853377295658,0.0001,0.5907007697969675
864,0.5911482907831669,0.1649442920461297,0.013848833739757538,0.41235516406595707,0.033718930440954864,0.0001,0.5906911820173264
865,0.5921539030969143,0.16506616491824389,0.013849049806594849,0.41323869302868843,0.0353510013082996,0.0001,0.5904741544276476
866,0.5844499059021473,0.16499207261949778,0.013849601149559021,0.40560824051499367,0.036260198103263974,0.0001,0.5895980574190617
867,0.5933020040392876,0.16495475638657808,0.013838440179824829,0.4145087990909815,0.03813728189561516,0.0001,0.5897468846291304
868,0.5935533940792084,0.1649815160781145,0.013852529227733612,0.41471935249865055,0.03352172905579209,0.0001,0.5900998920202255
869,0.5915589295327663,0.16495598666369915,0.01383451372385025,0.4127684272825718,0.03125221037771553,0.0001,0.5903135661035777
870,0.5923703834414482,0.1650544311851263,0.01385500282049179,0.4134609457105398,0.034352718852460384,0.0001,0.5908634204417467
871,0.586883045732975,0.16482859384268522,0.013843685388565063,0.40821076557040215,0.034913928946480155,0.0001,0.5907981030642986
872,0.5930144488811493,0.16501583624631166,0.013860449194908142,0.41413816064596176,0.03631161723751575,0.0001,0.5909814886748791
873,0.5945756807923317,0.16474416479468346,0.013843797147274017,0.4159877151250839,0.031755429110489786,0.0001,0.5913009986281395
874,0.5883994624018669,0.16460554115474224,0.013853773474693298,0.4099401477724314,0.03533642354886979,0.0001,0.5910261157900095
875,0.5916049480438232,0.1648903200402856,0.013832427561283112,0.41288219951093197,0.03690234082750976,0.0001,0.5909712202847004
876,0.592673696577549,0.1647994164377451,0.013850659132003784,0.4140236210078001,0.03154320165049285,0.0001,0.5917935993522405
877,0.5938562266528606,0.16468253545463085,0.013858884572982788,0.415314806625247,0.03315316827502102,0.0001,0.5918490216135979
878,0.5937226787209511,0.16492159478366375,0.013833291828632355,0.4149677976965904,0.035077750915661454,0.0001,0.5918659500777721
879,0.5908844247460365,0.16471124719828367,0.013838186860084534,0.41233499348163605,0.036426624399609864,0.0001,0.5917984995990991
880,0.5919742807745934,0.16466675698757172,0.01384349912405014,0.4134640246629715,0.03179972094949335,0.0001,0.5917588893324137
881,0.5933610685169697,0.16459631454199553,0.013842716813087463,0.41492203809320927,0.03243809810373932,0.0001,0.5924066916108132
882,0.5926419124007225,0.16466106474399567,0.013836435973644257,0.41414440982043743,0.034904576605185866,0.0001,0.5923694379627704
883,0.5900687538087368,0.1644942592829466,0.013847194612026215,0.4117272961884737,0.03367422113660723,0.0001,0.591918745264411
884,0.5894495919346809,0.16469778772443533,0.01382707804441452,0.41092472337186337,0.03486308641731739,0.0001,0.5920237582176924
885,0.5889664143323898,0.1645791344344616,0.013857334852218628,0.4105299450457096,0.03417161665856838,0.0001,0.5917599048465491
886,0.5898156464099884,0.16450222488492727,0.01383211463689804,0.4114813096821308,0.03430193476378918,0.0001,0.5914740998297929
887,0.5918227285146713,0.16448922269046307,0.013844035565853119,0.41348947398364544,0.03228775865864009,0.0001,0.5912707500159741
888,0.5871362946927547,0.16476813703775406,0.01383749395608902,0.4085306692868471,0.030752024264074862,0.0001,0.5906121116131544
889,0.5894631259143353,0.16470882203429937,0.013845100998878479,0.41090920381248,0.033461592392995954,0.0001,0.5904699817299843
890,0.5906224437057972,0.1645916858687997,0.013847216963768005,0.4121835492551327,0.0321768238209188,0.0001,0.5903347980231046
891,0.5862048231065273,0.16457993257790804,0.013846524059772491,0.4077783674001694,0.0311702050967142,0.0001,0.5896191734820604
892,0.5950849018990993,0.16461934614926577,0.013848155736923218,0.4166174028068781,0.028838977334089577,0.0001,0.5898634724318981
893,0.5900730863213539,0.1646697958931327,0.013856366276741028,0.4115469232201576,0.03237046138383448,0.0001,0.5898639056831598
894,0.5927843861281872,0.16454078815877438,0.013835474848747253,0.41440812684595585,0.034147824510000646,0.0001,0.5901973851025104
895,0.5897297970950603,0.16458903532475233,0.013834640383720398,0.4113061185926199,0.030568906688131392,0.0001,0.5902737233787775
896,0.5922954119741917,0.16436214093118906,0.013815946877002716,0.4141173306852579,0.029949244111776352,0.0001,0.5905216999351979
897,0.5890805497765541,0.1644934732466936,0.013841964304447174,0.4107451103627682,0.030713592190295458,0.0001,0.5902474820613861
898,0.5909657143056393,0.16465028561651707,0.013827964663505554,0.4124874584376812,0.03377513901796192,0.0001,0.5906304240226745
899,0.5906624123454094,0.16455491911619902,0.013820551335811615,0.4122869409620762,0.03171780565753579,0.0001,0.590750352665782
900,0.5892985798418522,0.16442979592829943,0.013835452497005463,0.41103333607316017,0.029521767748519778,0.0001,0.5906179662793875
901,0.5904164053499699,0.16450097225606441,0.013833053410053253,0.4120823796838522,0.03078917833045125,0.0001,0.5910391245037317
902,0.5917037203907967,0.16469210479408503,0.013828374445438385,0.4131832420825958,0.03520783339627087,0.0001,0.5907010063529015
903,0.5921962633728981,0.16424647439271212,0.013837195932865143,0.4141125977039337,0.033941481495276093,0.0001,0.5909133240580559
904,0.5880593471229076,0.16429604031145573,0.013829305768013,0.4099340010434389,0.029674366931430995,0.0001,0.590440820157528
905,0.5873667150735855,0.16433519963175058,0.013847574591636658,0.4091839399188757,0.03202078759204596,0.0001,0.5902045119553805
906,0.5902946889400482,0.16431156545877457,0.0138368159532547,0.4121463131159544,0.03138023766223341,0.0001,0.5900044396519661
907,0.5897445306181908,0.16436051577329636,0.01381383091211319,0.41157018579542637,0.0348813203163445,0.0001,0.5900708377361298
908,0.5878278613090515,0.16433929651975632,0.01382264494895935,0.40966591611504555,0.03250692319124937,0.0001,0.589757052436471
909,0.5934034325182438,0.1645034970715642,0.013829007744789124,0.41507092490792274,0.03294262720737606,0.0001,0.5900311544537544
910,0.5879373662173748,0.16428716015070677,0.013842858374118805,0.40980735048651695,0.03344121528789401,0.0001,0.5898950330913066
911,0.5901112034916878,0.16417964547872543,0.013831071555614471,0.4121004845947027,0.03052673232741654,0.0001,0.5898645129054785
912,0.5903721861541271,0.16413354501128197,0.013823941349983215,0.4124146979302168,0.03248882293701172,0.0001,0.5897313594818115
913,0.5915904380381107,0.16418989468365908,0.013826481997966766,0.4135740716010332,0.03376244485843927,0.0001,0.5896707769483328
914,0.5898440666496754,0.16420619376003742,0.013842418789863586,0.4117954596877098,0.030742929433472455,0.0001,0.5898492489010095
915,0.5907649844884872,0.16418299451470375,0.013818934559822083,0.41276305355131626,0.032322262530215085,0.0001,0.5901890758424997
916,0.5936163999140263,0.16416697017848492,0.013828016817569733,0.4156214240938425,0.03608348418492824,0.0001,0.5905212469398975
917,0.5906411744654179,0.16418382152915,0.013815134763717651,0.41264221258461475,0.03143604227807373,0.0001,0.5906109113246203
918,0.5911720581352711,0.1639875704422593,0.013829626142978668,0.41335485503077507,0.03239833377301693,0.0001,0.5909453310072422
919,0.5904202722012997,0.16384319309145212,0.0138302743434906,0.4127468094229698,0.033695382880978286,0.0001,0.5906470149755478
920,0.5892471969127655,0.16409454308450222,0.013828329741954803,0.4113243278115988,0.032803022651933134,0.0001,0.5907779980450869
921,0.5905403196811676,0.1639578901231289,0.013824395835399628,0.4127580299973488,0.03269659320358187,0.0001,0.5908209096640349
922,0.5892450883984566,0.16393785271793604,0.013821899890899658,0.41148533672094345,0.033741876017302275,0.0001,0.5907081998884678
923,0.5906817466020584,0.16401826683431864,0.013849519193172455,0.4128139652311802,0.030590654350817204,0.0001,0.5906173307448626
924,0.5912781357765198,0.16381497494876385,0.013835161924362183,0.41362800262868404,0.032137885806150734,0.0001,0.590760737657547
925,0.5889968648552895,0.16387104894965887,0.013828948140144348,0.41129685565829277,0.03634578257333487,0.0001,0.5905839256942272
926,0.5888471156358719,0.16401897463947535,0.013825535774230957,0.4110026080161333,0.030786350718699396,0.0001,0.5901069972664118
927,0.5926756784319878,0.16401717346161604,0.013822034001350403,0.41483647748827934,0.03262210276443511,0.0001,0.5903104476630687
928,0.5894652754068375,0.1638210527598858,0.013825803995132446,0.4118184242397547,0.03240000701043755,0.0001,0.5901397693902254
929,0.5898656994104385,0.16382229328155518,0.01381712406873703,0.4122262839227915,0.03209090745076537,0.0001,0.5900843121111393
930,0.5941658318042755,0.16397022269666195,0.013826936483383179,0.41636867076158524,0.03350134380161762,0.0001,0.5905761756002903
931,0.5900972932577133,0.16371248848736286,0.013836599886417389,0.4125482030212879,0.029805134516209364,0.0001,0.5905318729579448
932,0.5902534313499928,0.16384972352534533,0.01381191611289978,0.4125917833298445,0.028638091287575662,0.0001,0.5906327072530985
933,0.5868061110377312,0.16396428272128105,0.013831615447998047,0.4090102110058069,0.031242725322954357,0.0001,0.5902451436966658
934,0.588631134480238,0.16356686875224113,0.01382705569267273,0.41123720817267895,0.032724019372835755,0.0001,0.5899804435670376
935,0.5886523798108101,0.16382546909153461,0.013834185898303986,0.4109927285462618,0.032543994137085974,0.0001,0.5899459950625896
936,0.5879706107079983,0.16388761065900326,0.013831764459609985,0.41025123558938503,0.03345320979133248,0.0001,0.5898583445698022
937,0.5896117724478245,0.1638679252937436,0.013826526701450348,0.41191731952130795,0.033811340224929154,0.0001,0.5895519539713859
938,0.5935637578368187,0.1638566516339779,0.01383104920387268,0.4158760514110327,0.03235754882916808,0.0001,0.5899618022143841
939,0.5891444012522697,0.16371157299727201,0.01382988691329956,0.4116029404103756,0.03108179464470595,0.0001,0.5898896723985672
940,0.5896881595253944,0.1635675672441721,0.01382698118686676,0.4122936110943556,0.03341771080158651,0.0001,0.5894419051706791
941,0.5881526656448841,0.16381946299225092,0.01383732259273529,0.4104958809912205,0.03504050034098327,0.0001,0.5892474424093962
942,0.5916535183787346,0.16370892990380526,0.01383160799741745,0.414112975820899,0.0314679587027058,0.0001,0.5893874511122703
943,0.5909694097936153,0.16353593301028013,0.013820990920066833,0.4136124886572361,0.03195241605862975,0.0001,0.5898037809878588
944,0.5879684239625931,0.16368587035685778,0.013831570744514465,0.41045098565518856,0.03341538296081126,0.0001,0.5897375099360943
945,0.5887012220919132,0.16372146643698215,0.013821601867675781,0.4111581575125456,0.031943427165970206,0.0001,0.5897423941642046
946,0.5908127315342426,0.16351587232202291,0.013828448951244354,0.41346841119229794,0.03303203440736979,0.0001,0.590026606246829
947,0.5959185361862183,0.16378660406917334,0.013830393552780151,0.4183015376329422,0.04506980814039707,0.0001,0.5906572826206684
948,0.5865642130374908,0.16357509419322014,0.013818025588989258,0.40917108952999115,0.0325977336615324,0.0001,0.5899573281407356
949,0.5925260484218597,0.16349084302783012,0.013823799788951874,0.4152114074677229,0.0343404560117051,0.0001,0.5902954928576947
950,0.5878991149365902,0.1635322030633688,0.013815276324748993,0.4105516392737627,0.03551977488677949,0.0001,0.5901165883988142
951,0.590808093547821,0.16362564079463482,0.013817422091960907,0.4133650343865156,0.03323325014207512,0.0001,0.5903821311891079
952,0.5901950746774673,0.16366651561111212,0.013822227716445923,0.41270633786916733,0.03589122509583831,0.0001,0.5902362868189812
953,0.5878283232450485,0.1634884774684906,0.01381799578666687,0.41052184998989105,0.03168994188308716,0.0001,0.5899221781641245
954,0.5935738012194633,0.16342028137296438,0.013817183673381805,0.4163363389670849,0.03331492515280843,0.0001,0.5904827158898115
955,0.5910309255123138,0.16357004642486572,0.013811804354190826,0.41364907287061214,0.031741647282615304,0.0001,0.5907156862318516
956,0.5884129032492638,0.16350401286035776,0.01382368803024292,0.41108519956469536,0.031672969460487366,0.0001,0.5904757034033536
957,0.5890982337296009,0.16350874211639166,0.013828456401824951,0.41176103614270687,0.031058814493007958,0.0001,0.5897936731576919
958,0.5892330259084702,0.16346851456910372,0.013818591833114624,0.41194592230021954,0.03085706359706819,0.0001,0.5900605544447899
959,0.5889670699834824,0.16341061051934958,0.013813719153404236,0.4117427431046963,0.03160877409391105,0.0001,0.5897046566009522
960,0.5925803557038307,0.16343375854194164,0.013819396495819092,0.41532719880342484,0.03190818603616208,0.0001,0.5901727806776762
961,0.588802196085453,0.16342202946543694,0.013803578913211823,0.4115765932947397,0.03228486911393702,0.0001,0.5899721909314394
962,0.5897250957787037,0.16359604708850384,0.01381191611289978,0.41231713630259037,0.031176827382296324,0.0001,0.589925193041563
963,0.5906427092850208,0.16363974194973707,0.013812996447086334,0.41318996623158455,0.031643036170862615,0.0001,0.5902066316455603
964,0.5870513431727886,0.16331922262907028,0.013815633952617645,0.4099164791405201,0.02840477565769106,0.0001,0.5895543858408928
965,0.5938351042568684,0.1633009845390916,0.01381015032529831,0.41672397404909134,0.02839069941546768,0.0001,0.5898348037153482
966,0.5901281461119652,0.16326581314206123,0.013816848397254944,0.4130454882979393,0.031384941190481186,0.0001,0.5900063280016183
967,0.5905820764601231,0.16334837768226862,0.013814516365528107,0.41341918893158436,0.03351380513049662,0.0001,0.5901547122746706
968,0.5870926305651665,0.16332866717129946,0.013829194009304047,0.40993476659059525,0.03188320924527943,0.0001,0.5899406727403402
969,0.590181976556778,0.1631621103733778,0.013810805976390839,0.4132090639322996,0.0318807193543762,0.0001,0.5900621633976698
970,0.5896022543311119,0.16331874392926693,0.013806089758872986,0.4124774280935526,0.03203224157914519,0.0001,0.5897643532603979
971,0.5871745869517326,0.16319712530821562,0.013824231922626495,0.4101532306522131,0.033360749133862555,0.0001,0.5896015923470259
972,0.5898027867078781,0.16334937047213316,0.01383911818265915,0.4126143082976341,0.027902046334929764,0.0001,0.5896093614399434
973,0.5873063318431377,0.16336393170058727,0.013828851282596588,0.41011355072259903,0.03288471675477922,0.0001,0.589275723695755
974,0.5893452726304531,0.16323748417198658,0.01383429765701294,0.41227348893880844,0.03205435839481652,0.0001,0.5895051166415215
975,0.590275451540947,0.16320050694048405,0.013819225132465363,0.41325573064386845,0.030443109455518425,0.0001,0.5891491513699293
976,0.588396467268467,0.1632483620196581,0.01382429152727127,0.41132381185889244,0.034366930136457086,0.0001,0.5889759834855794
977,0.5908187665045261,0.16314281336963177,0.013808295130729675,0.41386765614151955,0.03386268706526607,0.0001,0.5889996524900198
978,0.5873153693974018,0.16318137291818857,0.013798616826534271,0.4103353824466467,0.03543834085576236,0.0001,0.5890219263732434
979,0.582410141825676,0.16293308045715094,0.013813726603984833,0.4056633412837982,0.029373005032539368,0.0001,0.5882447429001332
980,0.5903775244951248,0.16301073785871267,0.013805761933326721,0.41356102749705315,0.03103173174895346,0.0001,0.5883222699165345
981,0.591617725789547,0.1632370026782155,0.013803429901599884,0.4145772960036993,0.03154805721715093,0.0001,0.5887665838003159
982,0.588121235370636,0.16293455474078655,0.013826578855514526,0.4113601017743349,0.03135551046580076,0.0001,0.5885984286665916
983,0.5898041389882565,0.16305619105696678,0.013808831572532654,0.4129391238093376,0.027711964095942676,0.0001,0.5888482093811035
984,0.5924899578094482,0.16307256557047367,0.013821616768836975,0.4155957717448473,0.03128494811244309,0.0001,0.589162677899003
985,0.5886359475553036,0.16289526596665382,0.013815581798553467,0.4119250997900963,0.029048682539723814,0.0001,0.5889987275004387
986,0.5918909199535847,0.16307191457599401,0.013807140290737152,0.4150118660181761,0.03225011099129915,0.0001,0.5893481727689505
987,0.58986871317029,0.1631982633844018,0.01381896436214447,0.41285149194300175,0.033254286739975214,0.0001,0.5892531674355268
988,0.5894258953630924,0.1630068402737379,0.013819754123687744,0.4125993028283119,0.03389848838560283,0.0001,0.5894642200320959
989,0.5907695852220058,0.16306167095899582,0.013819672167301178,0.413888243958354,0.02954685757867992,0.0001,0.5903001643717289
990,0.5913280062377453,0.16290385369211435,0.013833694159984589,0.41459046490490437,0.03561843477655202,0.0001,0.5903952125459909
991,0.5857253558933735,0.1629544785246253,0.013812385499477386,0.40895848721265793,0.028035943396389484,0.0001,0.5898059755563736
992,0.5843242816627026,0.16290487255901098,0.01382080465555191,0.40759860165417194,0.02772121236193925,0.0001,0.5894262801855803
993,0.588936060667038,0.16294132079929113,0.013810306787490845,0.41218443401157856,0.02956269879359752,0.0001,0.5893394723534584
994,0.5913946218788624,0.16309954039752483,0.013805784285068512,0.4144892953336239,0.029117134516127408,0.0001,0.5892299387603999
995,0.588949628174305,0.16311335936188698,0.013802476227283478,0.4120337814092636,0.03265731374267489,0.0001,0.5892613068222999
996,0.587538305670023,0.16283479426056147,0.013802088797092438,0.41090142354369164,0.030464612878859043,0.0001,0.5888260453939438
997,0.5852230675518513,0.1629875572398305,0.013809531927108765,0.40842597745358944,0.03294988942798227,0.0001,0.5883614808320999
998,0.5895548909902573,0.1626906143501401,0.013805963099002838,0.4130583144724369,0.03184667055029422,0.0001,0.5883743803948164
999,0.5869545787572861,0.16273394972085953,0.013823188841342926,0.4103974401950836,0.028754841652698815,0.0001,0.5879928797483445
1000,0.592961024492979,0.16282985545694828,0.01380198448896408,0.4163291845470667,0.030637835385277867,0.0001,0.5881561815738678
1001,0.5896182060241699,0.16279362607747316,0.013815820217132568,0.41300876438617706,0.03411395114380866,0.0001,0.5885454665869474
1002,0.5888971462845802,0.16281866002827883,0.013809271156787872,0.41226921416819096,0.029617516323924065,0.0001,0.5890027530491352
1003,0.5926531814038754,0.1625080704689026,0.013799063861370087,0.4163460396230221,0.03171255183406174,0.0001,0.589374465122819
1004,0.5877732671797276,0.16279974952340126,0.013800263404846191,0.4111732505261898,0.03163018508348614,0.0001,0.5890123296529055
1005,0.5905102007091045,0.162786359898746,0.013808369636535645,0.41391546837985516,0.029563384014181793,0.0001,0.5891683869063854
1006,0.5840250551700592,0.1628015860915184,0.013808123767375946,0.40741535276174545,0.03190050378907472,0.0001,0.588817061856389
1007,0.5925988331437111,0.16272380016744137,0.013828188180923462,0.41604685224592686,0.030553799821063876,0.0001,0.589554638415575
1008,0.5886785574257374,0.16280172765254974,0.013813696801662445,0.4120631292462349,0.02833282225765288,0.0001,0.5894670050591231
1009,0.5926175564527512,0.16279075480997562,0.013795845210552216,0.4160309508442879,0.030497069121338427,0.0001,0.5900333028286695
1010,0.5890149623155594,0.16263854689896107,0.013809539377689362,0.4125668779015541,0.030941719538532197,0.0001,0.5896386966109276
1011,0.5854913257062435,0.16271201893687248,0.013813376426696777,0.40896593034267426,0.02984825917519629,0.0001,0.589226008579135
1012,0.5868045948445797,0.1625832011923194,0.013809487223625183,0.4104119073599577,0.02750546345487237,0.0001,0.5890167534351349
1013,0.5895011834800243,0.1627434240654111,0.013802982866764069,0.4129547793418169,0.03190117422491312,0.0001,0.5887015536427498
1014,0.5916465930640697,0.16265091113746166,0.013804242014884949,0.4151914454996586,0.029407821013592184,0.0001,0.589088886231184
1015,0.5918101482093334,0.162795664742589,0.013809934258460999,0.4152045473456383,0.030127048725262284,0.0001,0.5892188809812069
1016,0.5904706865549088,0.1625026799738407,0.013805292546749115,0.4141627177596092,0.032842985703609884,0.0001,0.5898634441196918
1017,0.5905421227216721,0.16253289487212896,0.013806447386741638,0.4142027795314789,0.02855125325731933,0.0001,0.5896577730774879
1018,0.5889568626880646,0.1625346103683114,0.013811632990837097,0.4126106258481741,0.031929743476212025,0.0001,0.5896856036037207
1019,0.5897265523672104,0.1626650895923376,0.01381896436214447,0.4132424984127283,0.032699802657589316,0.0001,0.5893965031951666
1020,0.5897594764828682,0.16260453779250383,0.01384061574935913,0.41331432573497295,0.03340786008629948,0.0001,0.5894709546118975
1021,0.5899625979363918,0.16276850551366806,0.013796068727970123,0.41339802369475365,0.028998845256865025,0.0001,0.5899180818349123
1022,0.5915202759206295,0.1624921578913927,0.013795733451843262,0.4152323827147484,0.02720051317010075,0.0001,0.5903896499425173
1023,0.5865954160690308,0.1626505209133029,0.013811580836772919,0.4101333115249872,0.03942837764043361,0.0001,0.590099073201418
1024,0.586247880011797,0.16265747044235468,0.01381915807723999,0.40977125428617,0.0282902829349041,0.0001,0.5895592018961906
1025,0.5895601734519005,0.1624828791245818,0.013801932334899902,0.4132753722369671,0.031020983587950468,0.0001,0.5893342044204474
1026,0.5867013148963451,0.16253373213112354,0.013797245919704437,0.4103703312575817,0.028195769526064396,0.0001,0.588957267254591
1027,0.5888000391423702,0.16238111536949873,0.013792619109153748,0.4126263130456209,0.030374439316801727,0.0001,0.5887830588966608
1028,0.5917696096003056,0.16249860730022192,0.013792134821414948,0.4154788702726364,0.03327775083016604,0.0001,0.5890643335878849
1029,0.5892548337578773,0.16267266776412725,0.013796679675579071,0.4127854872494936,0.029935485334135592,0.0001,0.5890171617269516
1030,0.5862717404961586,0.16228573862463236,0.013816319406032562,0.4101696815341711,0.03184207063168287,0.0001,0.5886683881282806
1031,0.5847935490310192,0.16236785892397165,0.01380062848329544,0.40862506069242954,0.029122399631887674,0.0001,0.5881514832377434
1032,0.5888564698398113,0.16241247858852148,0.013796009123325348,0.4126479923725128,0.02916078711859882,0.0001,0.5878851026296615
1033,0.588894672691822,0.16237020306289196,0.013803809881210327,0.4127206541597843,0.0307187793077901,0.0001,0.5881150282919407
1034,0.5918313525617123,0.1624337751418352,0.013800539076328278,0.4155970364809036,0.03248500486370176,0.0001,0.5886733755469322
1035,0.59249047935009,0.16239790059626102,0.013800173997879028,0.4162924028933048,0.028666559024713933,0.0001,0.5889664061367512
1036,0.5889617502689362,0.16217511985450983,0.013801082968711853,0.41298554837703705,0.028108994592912495,0.0001,0.5891924496740103
1037,0.5856952667236328,0.16225832514464855,0.01379692554473877,0.40964001417160034,0.028219168423675,0.0001,0.5888819724321366
1038,0.5900772511959076,0.16247752867639065,0.013798005878925323,0.4138017166405916,0.02770853159017861,0.0001,0.5887127365916968
1039,0.5911359153687954,0.1624651337042451,0.013812988996505737,0.41485778987407684,0.03340890526305884,0.0001,0.5889008447527886
1040,0.5900492444634438,0.16196308564394712,0.013798728585243225,0.41428742930293083,0.02998713159468025,0.0001,0.5892785951495171
1041,0.5870577767491341,0.16231052670627832,0.013798661530017853,0.4109485875815153,0.03211487457156181,0.0001,0.5895050179213286
1042,0.5908677987754345,0.16219260729849339,0.013804331421852112,0.41487086191773415,0.030100092408247292,0.0001,0.5897061508148909
1043,0.5932760573923588,0.16204149648547173,0.013812422752380371,0.41742214374244213,0.029966645408421755,0.0001,0.5901442892849446
1044,0.5856629274785519,0.162448575720191,0.013794027268886566,0.40942032635211945,0.03006770520005375,0.0001,0.5895274467766285
1045,0.5928456075489521,0.16223140247166157,0.0138092041015625,0.41680500097572803,0.033164138440042734,0.0001,0.5895629595965147
1046,0.592043399810791,0.162024331279099,0.01380889117717743,0.416210176423192,0.032895457930862904,0.0001,0.5898711245507002
1047,0.5889904424548149,0.16229540575295687,0.013789653778076172,0.41290538385510445,0.028923161327838898,0.0001,0.5902006421238184
1048,0.5886537469923496,0.16221482399851084,0.013815954327583313,0.41262297332286835,0.03174128814134747,0.0001,0.5900582917034626
1049,0.5912685319781303,0.16214001923799515,0.01380223035812378,0.41532628796994686,0.030662995530292392,0.0001,0.5900715533643961
1050,0.5894449092447758,0.16220688167959452,0.013792186975479126,0.4134458340704441,0.027751607121899724,0.0001,0.5900111198425293
1051,0.5902311839163303,0.16214284300804138,0.01379653811454773,0.4142918083816767,0.02958310896065086,0.0001,0.5903284605592489
1052,0.5881431736052036,0.16201642621308565,0.013796254992485046,0.41233049519360065,0.03194198722485453,0.0001,0.5900559980422259
1053,0.5919687338173389,0.16216448694467545,0.013805828988552094,0.41599841974675655,0.029626111616380513,0.0001,0.5899252656847238
1054,0.5878973044455051,0.16216539219021797,0.013805299997329712,0.4119266103953123,0.029891997575759888,0.0001,0.5901487033814192
1055,0.5917469039559364,0.16224177088588476,0.013804301619529724,0.41570083424448967,0.03079877165146172,0.0001,0.5900388330221176
1056,0.5917634256184101,0.16223554126918316,0.013788439333438873,0.4157394412904978,0.029789872700348496,0.0001,0.5900108356028795
1057,0.5860424675047398,0.16209220606833696,0.013798102736473083,0.4101521596312523,0.030227193608880043,0.0001,0.589716038107872
1058,0.5914278104901314,0.16209954489022493,0.013812482357025146,0.4155157785862684,0.02797409368213266,0.0001,0.5899934444576502
1059,0.5850682109594345,0.16216247528791428,0.013815023005008698,0.40909072011709213,0.030429150676354766,0.0001,0.5893734123557806
1060,0.590408306568861,0.16195788141340017,0.013787902891635895,0.41466252133250237,0.03246000036597252,0.0001,0.5894697520881891
1061,0.5903230719268322,0.16210436448454857,0.01379711925983429,0.4144215900450945,0.026213086675852537,0.0001,0.5894789408892394
1062,0.5926041901111603,0.1618902524933219,0.013795211911201477,0.4169187266379595,0.02776783739682287,0.0001,0.589925042539835
1063,0.5924823731184006,0.16206403728574514,0.013781420886516571,0.41663690842688084,0.02820009971037507,0.0001,0.5899764064699411
1064,0.5890031568706036,0.16201884113252163,0.013798326253890991,0.4131859950721264,0.03495132504031062,0.0001,0.5900869917124509
1065,0.5893299505114555,0.16182680148631334,0.013805173337459564,0.41369797848165035,0.02888231200631708,0.0001,0.5898452963680029
1066,0.5846488922834396,0.16213896125555038,0.013799689710140228,0.4087102431803942,0.0288482183823362,0.0001,0.5891338430345059
1067,0.5886979140341282,0.16209153179079294,0.013785943388938904,0.4128204397857189,0.031096959253773093,0.0001,0.5893993876874447
1068,0.5919072516262531,0.1619574148207903,0.01378757506608963,0.4161622654646635,0.033984655514359474,0.0001,0.5894473318010569
1069,0.5868029929697514,0.16203639097511768,0.013801060616970062,0.4109655488282442,0.027748247957788408,0.0001,0.5896208100020885
1070,0.587029792368412,0.16188222263008356,0.013794779777526855,0.4113527908921242,0.028820146806538105,0.0001,0.5892829585820436
1071,0.5890474580228329,0.16197143588215113,0.013806521892547607,0.4132694974541664,0.03174739656969905,0.0001,0.5891553971916437
1072,0.5864588692784309,0.16177792567759752,0.013801120221614838,0.41087981685996056,0.027249934151768684,0.0001,0.5885408651083708
1073,0.5858980491757393,0.1617168327793479,0.013782329857349396,0.4103988893330097,0.02826786634977907,0.0001,0.5878824327141047
1074,0.5900177210569382,0.16184648592025042,0.01378604769706726,0.4143851827830076,0.031471554771997035,0.0001,0.5879838891327381
1075,0.5890453457832336,0.16188862454146147,0.013793937861919403,0.41336278803646564,0.034393902868032455,0.0001,0.5879554286599159
1076,0.589044351130724,0.16181746125221252,0.013806439936161041,0.4134204499423504,0.027684359811246395,0.0001,0.5883949745446444
1077,0.5909229032695293,0.16181865241378546,0.01376679539680481,0.4153374619781971,0.03042033244855702,0.0001,0.5886174734681845
1078,0.5866587683558464,0.161873709410429,0.01378495991230011,0.41100010089576244,0.029314027749933302,0.0001,0.5880926251411438
1079,0.5838020816445351,0.16174461785703897,0.01380658894777298,0.4082508720457554,0.03064356022514403,0.0001,0.5877925340086222
1080,0.5917969979345798,0.16181308776140213,0.013799957931041718,0.4161839559674263,0.030091264517977834,0.0001,0.5882692545652389
1081,0.5881722122430801,0.16195695474743843,0.013800092041492462,0.4124151673167944,0.03193332511000335,0.0001,0.5881817299872637
1082,0.5856522396206856,0.1617887681350112,0.01377442479133606,0.4100890476256609,0.02972956618759781,0.0001,0.5881010670214891
1083,0.5876214317977428,0.16173961013555527,0.013781525194644928,0.41210029274225235,0.029097010381519794,0.0001,0.5882734052836895
1084,0.59111313149333,0.16181344166398048,0.013803675770759583,0.4154960196465254,0.02904917171690613,0.0001,0.5883829463273287
1085,0.5854900777339935,0.1618203492835164,0.013817496597766876,0.4098522309213877,0.03200086811557412,0.0001,0.5880274195224047
1086,0.5912155210971832,0.1619479153305292,0.013793915510177612,0.4154736902564764,0.02598228072747588,0.0001,0.5882445365190506
1087,0.5882021151483059,0.16169456858187914,0.013807639479637146,0.4126999117434025,0.03032048896420747,0.0001,0.5879724577069283
1088,0.5892567336559296,0.16168948356062174,0.013794444501399994,0.41377280838787556,0.02837815007660538,0.0001,0.5882322542369366
1089,0.5846488624811172,0.161603263579309,0.013789370656013489,0.4092562347650528,0.02934791089501232,0.0001,0.5883169323205948
1090,0.587837103754282,0.16168807540088892,0.013797610998153687,0.4123514275997877,0.027060412103310227,0.0001,0.587920942902565
1091,0.5901781506836414,0.1615440109744668,0.013775065541267395,0.4148590750992298,0.030276179313659668,0.0001,0.5881215367466212
1092,0.5874580554664135,0.16168813966214657,0.013811349868774414,0.4119585547596216,0.029633956030011177,0.0001,0.588302118331194
1093,0.589134968817234,0.16141712944954634,0.013812907040119171,0.4139049295336008,0.027779750060290098,0.0001,0.588453472033143
1094,0.5859666876494884,0.16159951593726873,0.013788938522338867,0.4105782378464937,0.02909636916592717,0.0001,0.5879388276487589
1095,0.585318598896265,0.16152087040245533,0.013805873692035675,0.409991854801774,0.02518106671050191,0.0001,0.587921679764986
1096,0.5818858072161674,0.16160590574145317,0.013796649873256683,0.40648325346410275,0.028324090060777962,0.0001,0.5869887083768844
1097,0.588250957429409,0.16163760237395763,0.013796873390674591,0.41281648725271225,0.027006578515283763,0.0001,0.5869935926049947
1098,0.5884445831179619,0.16174982767552137,0.013786032795906067,0.4129087273031473,0.02869395539164543,0.0001,0.586912377551198
1099,0.5875165797770023,0.1616387302055955,0.013776026666164398,0.412101823836565,0.02860277914442122,0.0001,0.5871991492807865
1100,0.5891060717403889,0.1616463204845786,0.01378011703491211,0.4136796370148659,0.028751536505296826,0.0001,0.5873260460793972
1101,0.5897725522518158,0.16156759671866894,0.01379382610321045,0.4144111294299364,0.030634449911303818,0.0001,0.5872854862362147
1102,0.59019460901618,0.1615247717127204,0.013789072632789612,0.4148807618767023,0.03109840175602585,0.0001,0.5875591415911913
1103,0.5891160145401955,0.16133754700422287,0.013790138065814972,0.4139883313328028,0.029439515783451498,0.0001,0.5875572461634875
1104,0.5895425826311111,0.16159475222229958,0.01377619057893753,0.4141716379672289,0.030573640717193484,0.0001,0.5879148356616497
1105,0.5908776074647903,0.16144775319844484,0.01379520446062088,0.41563464887440205,0.031038744724355638,0.0001,0.5884707365185022
1106,0.5896916463971138,0.161567029543221,0.013786427676677704,0.4143381956964731,0.032757594948634505,0.0001,0.5892513204365969
1107,0.5903738439083099,0.16150366328656673,0.013777598738670349,0.41509258560836315,0.033821178367361426,0.0001,0.5894636090844869
1108,0.5874852910637856,0.16127088852226734,0.013783656060695648,0.4124307483434677,0.030505989561788738,0.0001,0.5893676798790694
1109,0.590943593531847,0.1613490069285035,0.013787835836410522,0.41580675542354584,0.029605654766783118,0.0001,0.5897103812545538
1110,0.5912685580551624,0.16145393066108227,0.01379886269569397,0.41601576283574104,0.029339868808165193,0.0001,0.5899266298860312
1111,0.589695893228054,0.16144051030278206,0.013776317238807678,0.4144790694117546,0.028453413513489068,0.0001,0.589918963983655
1112,0.5880531817674637,0.161330402828753,0.013789020478725433,0.4129337649792433,0.028185975388623774,0.0001,0.5897048212587833
1113,0.5863523297011852,0.1614492842927575,0.013798274099826813,0.4111047741025686,0.030624349834397435,0.0001,0.5894284527748823
1114,0.5923548750579357,0.16151752788573503,0.013783551752567291,0.41705380007624626,0.02991378610022366,0.0001,0.5897096820175648
1115,0.5880656763911247,0.16157921589910984,0.013787172734737396,0.41269928961992264,0.029168790206313133,0.0001,0.5894284889101982
1116,0.581978052854538,0.16125700902193785,0.013796195387840271,0.4069248493760824,0.02853033086284995,0.0001,0.5886571295559406
1117,0.5912977829575539,0.1614645617082715,0.013796932995319366,0.41603628918528557,0.030523255350999534,0.0001,0.5887495234608651
1118,0.5922918245196342,0.16156697180122137,0.013778120279312134,0.41694673523306847,0.02913644991349429,0.0001,0.5892301768064498
1119,0.5869508273899555,0.16146949119865894,0.013792268931865692,0.4116890709847212,0.030203450238332152,0.0001,0.5888309001922607
1120,0.5908962935209274,0.16132969595491886,0.013797350227832794,0.41576925478875637,0.028370097395963967,0.0001,0.5887936737388373
1121,0.5920499116182327,0.16134847234934568,0.01376602053642273,0.4169354159384966,0.02918977360241115,0.0001,0.5890290755778551
1122,0.5930194482207298,0.1612895941361785,0.013777501881122589,0.417952349409461,0.03094323235563934,0.0001,0.5895257022231817
1123,0.5856369584798813,0.1612655185163021,0.013776957988739014,0.4105944763869047,0.025142138358205557,0.0001,0.5894541651010513
1124,0.5895411297678947,0.16126132290810347,0.013791471719741821,0.4144883304834366,0.026272870833054185,0.0001,0.5891727905720472
1125,0.5849301815032959,0.16134677547961473,0.01378089189529419,0.40980251878499985,0.028145830263383687,0.0001,0.5888592410832644
1126,0.5879324190318584,0.16117451712489128,0.013778246939182281,0.4129796512424946,0.02930950839072466,0.0001,0.5894546777009964
1127,0.5865484960377216,0.16137071046978235,0.013792857527732849,0.4113849326968193,0.030824280460365117,0.0001,0.5889797490090132
1128,0.5845493488013744,0.16112645622342825,0.013772718608379364,0.4096501749008894,0.029580607428215444,0.0001,0.5882055014371872
1129,0.5868070833384991,0.1611404763534665,0.013770021498203278,0.4118965920060873,0.03255611879285425,0.0001,0.5881911270320416
1130,0.5869303084909916,0.16118992120027542,0.013764731585979462,0.4119756519794464,0.028019615332596004,0.0001,0.587794528529048
1131,0.5930071026086807,0.16125087440013885,0.013776086270809174,0.41798014007508755,0.027168310014531016,0.0001,0.5878902476280927
1132,0.5870577022433281,0.16129554249346256,0.013795256614685059,0.4119669087231159,0.02779469103552401,0.0001,0.5872940730303526
1133,0.5890795215964317,0.16102048754692078,0.013776160776615143,0.4142828769981861,0.03081567317713052,0.0001,0.5876383293420077
1134,0.5884387455880642,0.16109105944633484,0.013783909380435944,0.4135637767612934,0.03591396112460643,0.0001,0.5875280909240246
1135,0.5887116380035877,0.1611954551190138,0.013789013028144836,0.41372716799378395,0.03014038293622434,0.0001,0.5879062365740537
1136,0.5854195468127728,0.1610490856692195,0.013784050941467285,0.41058641485869884,0.02950336260255426,0.0001,0.5876549493521452
1137,0.5870720334351063,0.1611172892153263,0.013773143291473389,0.4121816046535969,0.030326933600008488,0.0001,0.5877073030918837
1138,0.5846176333725452,0.16109399683773518,0.013792596757411957,0.40973104536533356,0.027619426138699055,0.0001,0.5877141315490008
1139,0.5869300924241543,0.16103047598153353,0.013766691088676453,0.4121329244226217,0.02756415365729481,0.0001,0.5877264324575663
1140,0.5900563709437847,0.16111553460359573,0.013788141310214996,0.41515270061790943,0.028964725672267377,0.0001,0.5880390387028456
1141,0.592719417065382,0.16082973685115576,0.013763226568698883,0.41812645457684994,0.028094335575588048,0.0001,0.5880102701485157
1142,0.590355422347784,0.16112586110830307,0.013781242072582245,0.4154483247548342,0.030746996053494513,0.0001,0.5883400421589613
1143,0.5919618718326092,0.16099098697304726,0.013774693012237549,0.4171961974352598,0.029532846296206117,0.0001,0.588628277182579
1144,0.5898767411708832,0.16115349810570478,0.01377122849225998,0.414952015504241,0.02651846781373024,0.0001,0.588772076740861
1145,0.5881653316318989,0.1610696678981185,0.013795852661132812,0.4132998138666153,0.029143774416297674,0.0001,0.588717446103692
1146,0.5891199968755245,0.16097400523722172,0.01377851516008377,0.4143674708902836,0.02917824569158256,0.0001,0.5890874911099673
1147,0.5888377167284489,0.16101441998034716,0.013778187334537506,0.41404510475695133,0.031685931026004255,0.0001,0.5892640594393015
1148,0.5891866087913513,0.16108283773064613,0.013771764934062958,0.4143320042639971,0.030932602006942034,0.0001,0.5897209569811821
1149,0.5900372751057148,0.1610881481319666,0.013793401420116425,0.41515572741627693,0.0304254301590845,0.0001,0.5900316752493382
1150,0.5918702520430088,0.1609930107370019,0.013776972889900208,0.4171002693474293,0.027829134021885693,0.0001,0.5902130633592606
1151,0.5870307460427284,0.16090458258986473,0.013770654797554016,0.4123555123806,0.02880623168312013,0.0001,0.5896441962569952
1152,0.590059258043766,0.16106499265879393,0.013787023723125458,0.4152072388678789,0.027589926728978753,0.0001,0.5896145798265934
1153,0.5894051268696785,0.16096527222543955,0.013782612979412079,0.41465723887085915,0.026365968631580472,0.0001,0.5893589053303003
1154,0.5909811779856682,0.16084434930235147,0.013785213232040405,0.4163516126573086,0.03153942886274308,0.0001,0.5894693490117788
1155,0.5867142714560032,0.161015628837049,0.013788849115371704,0.4119097925722599,0.03504168975632638,0.0001,0.5893242429941893
1156,0.5901890993118286,0.16054683458060026,0.01377822458744049,0.41586404107511044,0.028420961229130626,0.0001,0.5894311532378197
1157,0.5883236788213253,0.16085278242826462,0.01376679539680481,0.4137040935456753,0.02836686745285988,0.0001,0.5893797494471074
1158,0.58391447737813,0.160924281924963,0.013790756464004517,0.40919943898916245,0.029441689956001937,0.0001,0.5888525363057852
1159,0.5849547833204269,0.16071095690131187,0.013786248862743378,0.410457581281662,0.02672974788583815,0.0001,0.5883442871272564
1160,0.5848957039415836,0.1607859069481492,0.013782620429992676,0.41032717749476433,0.02597851911559701,0.0001,0.5876468323171139
1161,0.5908067226409912,0.1609164159744978,0.01378069818019867,0.41610961221158504,0.028386376914568245,0.0001,0.5880244299769402
1162,0.5916642136871815,0.16060870699584484,0.01376379281282425,0.417291721329093,0.026471882010810077,0.0001,0.5881849255412817
1163,0.5832689888775349,0.16075353417545557,0.013771004974842072,0.40874445252120495,0.027415318065322936,0.0001,0.5875713117420673
1164,0.5910719074308872,0.16072530299425125,0.013764791190624237,0.4165818113833666,0.029770252876915038,0.0001,0.5875803846865892
1165,0.5898796394467354,0.16087598353624344,0.013782911002635956,0.41522075049579144,0.02891305717639625,0.0001,0.5878969214856624
1166,0.5863072983920574,0.16091153398156166,0.013787947595119476,0.41160780750215054,0.02870319742942229,0.0001,0.5875087413936854
1167,0.5896094851195812,0.16076555009931326,0.01378633826971054,0.4150575939565897,0.02678053721319884,0.0001,0.5876373220235109
1168,0.5881463997066021,0.16067199874669313,0.013774096965789795,0.41370030865073204,0.029897184926085174,0.0001,0.5880605142563582
1169,0.584507405757904,0.16072621196508408,0.013759464025497437,0.41002172604203224,0.02856199094094336,0.0001,0.5880157765001058
1170,0.5904737748205662,0.1607008520513773,0.01377703994512558,0.41599587723612785,0.02639706013724208,0.0001,0.5885735835880042
1171,0.58634839579463,0.16074792202562094,0.013770729303359985,0.4118297379463911,0.028689704253338277,0.0001,0.588127750903368
1172,0.5905829705297947,0.16070621646940708,0.013779394328594208,0.41609735414385796,0.027886241558007896,0.0001,0.5880196265876293
1173,0.5888925045728683,0.16054686158895493,0.01378912478685379,0.4145565237849951,0.027746372390538454,0.0001,0.5885819781571626
1174,0.5908751487731934,0.1609053760766983,0.013751663267612457,0.41621811501681805,0.026460089487954974,0.0001,0.5885623022913933
1175,0.5860483981668949,0.16062489710748196,0.013761013746261597,0.41166249103844166,0.030670712236315012,0.0001,0.5881791781634093
1176,0.5884201191365719,0.1606690427288413,0.013775579631328583,0.41397550329566,0.030801149900071323,0.0001,0.5883904602378607
1177,0.5894866026937962,0.16093856748193502,0.0137723907828331,0.4147756416350603,0.02831370523199439,0.0001,0.5883781719952822
1178,0.5900182388722897,0.16071467008441687,0.013779401779174805,0.4155241772532463,0.03577866870909929,0.0001,0.5885653559118509
1179,0.5869370102882385,0.16054142732173204,0.013763710856437683,0.4126318786293268,0.028443122399039567,0.0001,0.5888083163648844
1180,0.5869169682264328,0.16067863069474697,0.013765543699264526,0.41247279569506645,0.028284351574257016,0.0001,0.588452635705471
1181,0.5887297093868256,0.1606197329238057,0.01378948986530304,0.4143204838037491,0.031021718750707805,0.0001,0.5886907670646906
1182,0.5870241522789001,0.16061419807374477,0.013771012425422668,0.4126389417797327,0.029273416963405907,0.0001,0.5883348852396011
1183,0.5873465426266193,0.1607078406959772,0.013764768838882446,0.41287393681705,0.026530673960223794,0.0001,0.5881802890449762
1184,0.5893308483064175,0.16078246291726828,0.013777010142803192,0.4147713854908943,0.02704304689541459,0.0001,0.5880258589982986
1185,0.5914479084312916,0.16058486513793468,0.013779878616333008,0.41708317026495934,0.027300045359879732,0.0001,0.5885658100247383
1186,0.5898513495922089,0.16058817971497774,0.013753272593021393,0.415509894490242,0.037637417553924024,0.0001,0.588708933070302
1187,0.5884913206100464,0.16067415568977594,0.01376710832118988,0.414050055667758,0.027756228111684322,0.0001,0.588609404861927
1188,0.5863597132265568,0.16060433350503445,0.013757973909378052,0.41199740394949913,0.03025507426355034,0.0001,0.5882435522973537
1189,0.5894201956689358,0.16052665561437607,0.01376718282699585,0.4151263628154993,0.029227653983980417,0.0001,0.5884918708354234
1190,0.5873768366873264,0.16048815101385117,0.013765126466751099,0.4131235610693693,0.02778776630293578,0.0001,0.5885378576815128
1191,0.5901699550449848,0.1603471776470542,0.01376640796661377,0.41605636291205883,0.02646574634127319,0.0001,0.5886818822473288
1192,0.5888996571302414,0.1606277683749795,0.013766944408416748,0.4145049434155226,0.02981357870157808,0.0001,0.5888694327324628
1193,0.5877274461090565,0.16063327621668577,0.013752982020378113,0.4133411943912506,0.027681306353770196,0.0001,0.5889075230807066
1194,0.5884323045611382,0.16036117263138294,0.01379936933517456,0.41427176259458065,0.02858991827815771,0.0001,0.5888176687061787
1195,0.5852239802479744,0.16059203073382378,0.013761252164840698,0.4108706898987293,0.02670421393122524,0.0001,0.5881952758878469
1196,0.5876499898731709,0.16035602893680334,0.013759426772594452,0.41353453882038593,0.026864520623348653,0.0001,0.5879751399159432
1197,0.5914637669920921,0.16023524943739176,0.013755246996879578,0.41747327893972397,0.025279781548306346,0.0001,0.5882723845541478
1198,0.5875672847032547,0.16032888274639845,0.013756856322288513,0.4134815465658903,0.027872329810634255,0.0001,0.5883931417018176
1199,0.5887452997267246,0.16029483452439308,0.013766713440418243,0.41468376107513905,0.027693584794178605,0.0001,0.5883256521075964
1200,0.5879258252680302,0.16048846673220396,0.0137702077627182,0.41366714984178543,0.026823660358786583,0.0001,0.5883805509656668
1201,0.5839700847864151,0.16065991017967463,0.013756789267063141,0.40955338440835476,0.027345497044734657,0.0001,0.5877605639398098
1202,0.5896543711423874,0.16039633750915527,0.013767004013061523,0.41549103520810604,0.030262391548603773,0.0001,0.5878360353410244
1203,0.5872200280427933,0.16051527298986912,0.013775728642940521,0.41292902640998363,0.029007081873714924,0.0001,0.5877852935343981
1204,0.5874088332056999,0.16027597058564425,0.013778544962406158,0.4133543111383915,0.02859279653057456,0.0001,0.5876829463988542
1205,0.591365072876215,0.16037576086819172,0.013752646744251251,0.41723666340112686,0.027161597041413188,0.0001,0.5882970556616783
1206,0.5870972760021687,0.16048578266054392,0.013762086629867554,0.41284940391778946,0.027581083704717457,0.0001,0.5882417842745781
1207,0.5875545926392078,0.1605265848338604,0.013771995902061462,0.413256011903286,0.026061153039336205,0.0001,0.5878508668392897
1208,0.5897358804941177,0.16045986581593752,0.0137614905834198,0.41551451943814754,0.03104952012654394,0.0001,0.588067726418376
1209,0.5883062034845352,0.1602516220882535,0.013764604926109314,0.4142899829894304,0.025736373267136514,0.0001,0.588023816794157
1210,0.5859614089131355,0.16043472103774548,0.013754516839981079,0.4117721691727638,0.026947740698233247,0.0001,0.5878273751586676
1211,0.5854753144085407,0.16031459532678127,0.013754718005657196,0.4114060066640377,0.024070246960036457,0.0001,0.5879778981208801
1212,0.5919212065637112,0.16025236900895834,0.013772144913673401,0.41789669916033745,0.027488357271067798,0.0001,0.5882045816630125
1213,0.5876320563256741,0.16043626610189676,0.01377175748348236,0.4134240411221981,0.0252633512718603,0.0001,0.5882457844913006
1214,0.5864319056272507,0.16020946390926838,0.013764522969722748,0.4124579317867756,0.028956576716154814,0.0001,0.5881480917334556
1215,0.582741841673851,0.1603137142956257,0.013766326010227203,0.4086618050932884,0.027340230997651815,0.0001,0.5872857686132192
1216,0.586418192833662,0.16012786515057087,0.013776876032352448,0.4125134442001581,0.028147393837571144,0.0001,0.5872178602963686
1217,0.588280163705349,0.1602205904200673,0.013771161437034607,0.4142884276807308,0.026819906546734273,0.0001,0.5872904174029827
1218,0.5879359617829323,0.1602363782003522,0.01377096027135849,0.4139286261051893,0.027849860722199082,0.0001,0.5871104255318642
1219,0.5908164232969284,0.1605279017239809,0.013772472739219666,0.4165160544216633,0.03289118339307606,0.0001,0.5873614475131035
1220,0.5843873098492622,0.16023550927639008,0.013761885464191437,0.4103899225592613,0.02773001417517662,0.0001,0.5872040376067161
1221,0.5865543186664581,0.16000940091907978,0.01378585398197174,0.41275906562805176,0.024647457874380052,0.0001,0.5873119380325079
1222,0.5875334143638611,0.16016872972249985,0.013768322765827179,0.4135963637381792,0.027739837300032377,0.0001,0.5868731588125229
1223,0.5887514650821686,0.1600780002772808,0.01376122236251831,0.41491224616765976,0.027538202702999115,0.0001,0.5869850996881724
1224,0.5853552296757698,0.16004211641848087,0.013774760067462921,0.41153835505247116,0.025911739678122103,0.0001,0.5868774320930242
1225,0.5844748131930828,0.16012300830334425,0.013776302337646484,0.4105755127966404,0.025810654973611236,0.0001,0.5870507292449474
1226,0.5902567841112614,0.16013899445533752,0.013758562505245209,0.4163592252880335,0.025878683081828058,0.0001,0.5874345883727073
1227,0.5894018150866032,0.16017414163798094,0.013757184147834778,0.41547049023211,0.028212804230861366,0.0001,0.5875467535108327
1228,0.5885983258485794,0.16002098377794027,0.013762377202510834,0.4148149639368057,0.02451913070399314,0.0001,0.5876129899173975
1229,0.5842967219650745,0.16009663324803114,0.013774484395980835,0.41042560525238514,0.02939224219880998,0.0001,0.5869610197842121
1230,0.5886421985924244,0.1599443992599845,0.013763204216957092,0.4149345960468054,0.029198379605077207,0.0001,0.5873865086585284
1231,0.5855907499790192,0.15994004160165787,0.013777665793895721,0.4118730425834656,0.028069123975001276,0.0001,0.5872901517897844
1232,0.5893726460635662,0.16029667481780052,0.013782791793346405,0.4152931869029999,0.03145315370056778,0.0001,0.5874740749597549
1233,0.5893171764910221,0.1601178916171193,0.013748392462730408,0.4154508952051401,0.0256931243930012,0.0001,0.5875306461006403
1234,0.5907161720097065,0.1599487131461501,0.013774774968624115,0.4169926829636097,0.028636260889470577,0.0001,0.5880667403340339
1235,0.588299248367548,0.1600143862888217,0.013760566711425781,0.41452429443597794,0.026965663768351078,0.0001,0.5884491838514805
1236,0.5912320576608181,0.15984909143298864,0.013749755918979645,0.41763320937752724,0.026992443250492215,0.0001,0.5885467112064362
1237,0.5879802145063877,0.16004902496933937,0.013763763010501862,0.41416742466390133,0.02585651818662882,0.0001,0.5884045511484146
1238,0.5806380808353424,0.16005027666687965,0.013770870864391327,0.406816940754652,0.026441186666488647,0.0001,0.587608526647091
1239,0.5878038890659809,0.1599474400281906,0.013761423528194427,0.4140950217843056,0.024828864610753953,0.0001,0.5879592433571815
1240,0.5855990946292877,0.16005166620016098,0.013775065541267395,0.41177235916256905,0.0265749532263726,0.0001,0.5876549329608679
1241,0.5860985554754734,0.16007100138813257,0.013775520026683807,0.41225203312933445,0.028584109852090478,0.0001,0.5877057135105133
1242,0.5893099382519722,0.15987292118370533,0.013776309788227081,0.4156607110053301,0.02733741153497249,0.0001,0.5876994427293539
1243,0.5886636078357697,0.16006064601242542,0.013741940259933472,0.4148610197007656,0.027252955129370093,0.0001,0.5876340858638287
1244,0.5862769335508347,0.1600973643362522,0.013770893216133118,0.4124086815863848,0.02672147226985544,0.0001,0.5871901620179415
1245,0.5851371698081493,0.15994337480515242,0.01376093178987503,0.41143286786973476,0.02763222309295088,0.0001,0.5868739541620016
1246,0.5854985192418098,0.15990669187158346,0.013765819370746613,0.41182600520551205,0.02609502535779029,0.0001,0.5863006003201008
1247,0.5856458730995655,0.15998224820941687,0.013757161796092987,0.4119064640253782,0.02603949757758528,0.0001,0.5860671661794186
1248,0.5864338092505932,0.16004699002951384,0.01375802606344223,0.4126287940889597,0.029489222797565162,0.0001,0.5866467390209437
1249,0.5863016359508038,0.15982405841350555,0.013767287135124207,0.41271029226481915,0.02389251091517508,0.0001,0.5864965137094259
1250,0.5899809002876282,0.16015625558793545,0.013761617243289948,0.4160630349069834,0.030444768955931067,0.0001,0.58693469427526
1251,0.5869599767029285,0.16006964165717363,0.01377001404762268,0.4131203219294548,0.028575964854098856,0.0001,0.5870208363980055
1252,0.5931567028164864,0.15988929104059935,0.013779520988464355,0.4194878898561001,0.025516725261695683,0.0001,0.5874055128544569
1253,0.585315365344286,0.15983300656080246,0.013770952820777893,0.41171140410006046,0.02699122717604041,0.0001,0.5870706886053085
1254,0.5859748087823391,0.15997739415615797,0.013746142387390137,0.41225127689540386,0.029351461096666753,0.0001,0.587040476128459
1255,0.5915628932416439,0.15979384072124958,0.013743467628955841,0.41802559047937393,0.025922188651748,0.0001,0.5876830484718084
1256,0.5868201591074467,0.1598970741033554,0.013741165399551392,0.413181921467185,0.027929482981562614,0.0001,0.5878152124583721
1257,0.5835531018674374,0.15980217326432467,0.013765223324298859,0.40998570807278156,0.025795502471737564,0.0001,0.5876059353351593
1258,0.5886920094490051,0.1598662817850709,0.013758793473243713,0.41506692953407764,0.028766851173713803,0.0001,0.5878317553550005
1259,0.5847978740930557,0.1597293382510543,0.013764731585979462,0.4113038070499897,0.025511683081276715,0.0001,0.5876813791692257
1260,0.5859132744371891,0.15976763144135475,0.01374853402376175,0.41239710710942745,0.02709671074990183,0.0001,0.5872746165841818
1261,0.5867982245981693,0.15989414975047112,0.01376158744096756,0.4131424892693758,0.027408403693698347,0.0001,0.5872584413737059
1262,0.5919393859803677,0.15974543802440166,0.013772822916507721,0.4184211231768131,0.02766735025215894,0.0001,0.587136709690094
1263,0.5878154411911964,0.15979310125112534,0.013768389821052551,0.4142539445310831,0.027505300473421812,0.0001,0.5873867172747851
1264,0.5843149311840534,0.15977912861853838,0.013752847909927368,0.4107829537242651,0.025755313807167113,0.0001,0.5872207295149565
1265,0.5867613516747952,0.1598500031977892,0.013743288815021515,0.4131680689752102,0.026748361764475703,0.0001,0.5867405753582716
1266,0.5833449773490429,0.15961537510156631,0.013764835894107819,0.40996476262807846,0.02758708014152944,0.0001,0.5863930571824312
1267,0.5847520306706429,0.15976334270089865,0.013739354908466339,0.41124933771789074,0.028784080524928868,0.0001,0.5865129500627517
1268,0.5867030285298824,0.15975734312087297,0.013746872544288635,0.4131988175213337,0.02619279536884278,0.0001,0.5863140519708395
1269,0.585750300437212,0.15975493751466274,0.013754494488239288,0.4122408702969551,0.029262687428854406,0.0001,0.5864092946052551
1270,0.5876290537416935,0.15957265254110098,0.013767778873443604,0.41428861767053604,0.027993379859253764,0.0001,0.5865808725357056
1271,0.5891866534948349,0.15973588079214096,0.013739228248596191,0.4157115500420332,0.02499297249596566,0.0001,0.5868197154253721
1272,0.5857060700654984,0.1594182252883911,0.01376979798078537,0.4125180449336767,0.025874563376419246,0.0001,0.5861963838338852
1273,0.5895253606140614,0.15971388947218657,0.01376340538263321,0.4160480722784996,0.03007207077462226,0.0001,0.5863673757761717
1274,0.5918894223868847,0.15953619591891766,0.013740941882133484,0.41861228086054325,0.0261711694765836,0.0001,0.5871248248964548
1275,0.5878512151539326,0.1595815820619464,0.01377057284116745,0.41449906677007675,0.025747813982889056,0.0001,0.5872338112443686
1276,0.5846377015113831,0.1596479555591941,0.013756334781646729,0.4112334121018648,0.02639987354632467,0.0001,0.5873630836606025
1277,0.5881616771221161,0.1595310289412737,0.013755746185779572,0.4148749131709337,0.024873982649296522,0.0001,0.5877040483057498
1278,0.583050437271595,0.15961940586566925,0.013757094740867615,0.409673934802413,0.025706982356496155,0.0001,0.5873387891799211
1279,0.5904715098440647,0.15949361957609653,0.01374809443950653,0.4172297902405262,0.025689405156299472,0.0001,0.5878109101206064
1280,0.5819922499358654,0.15962912421673536,0.013761006295681,0.40860212594270706,0.027203975711017847,0.0001,0.5872472297400236
1281,0.5885253809392452,0.1595269786193967,0.013759136199951172,0.4152392689138651,0.026221577543765306,0.0001,0.5871811024844646
1282,0.5887063927948475,0.15958741400390863,0.013760484755039215,0.41535849310457706,0.027717262040823698,0.0001,0.5874811347573996
1283,0.5837785750627518,0.15963006764650345,0.013762041926383972,0.41038646548986435,0.028433991828933358,0.0001,0.5869064562022686
1284,0.5892320349812508,0.1593470061197877,0.013765394687652588,0.4161196369677782,0.026910035288892686,0.0001,0.5866407174617052
1285,0.5858573988080025,0.1594161381945014,0.013761952519416809,0.41267931275069714,0.02654460782650858,0.0001,0.5864413358271122
1286,0.5883233398199081,0.1595948850736022,0.013743937015533447,0.4149845167994499,0.026319070369936526,0.0001,0.5868098996579647
1287,0.584405031055212,0.15949278697371483,0.013752177357673645,0.4111600648611784,0.025581675115972757,0.0001,0.5864342350512743
1288,0.5816178470849991,0.15942725259810686,0.013749457895755768,0.4084411319345236,0.025808691629208624,0.0001,0.5862909760326147
1289,0.5871959961950779,0.159485487267375,0.013763494789600372,0.41394701041281223,0.026456261170096695,0.0001,0.585963424667716
1290,0.5902916602790356,0.15951708517968655,0.01375339925289154,0.4170211721211672,0.0248371756169945,0.0001,0.586793365702033
1291,0.585993018001318,0.1594519056379795,0.013728700578212738,0.41281241178512573,0.02628348325379193,0.0001,0.5865401294082403
1292,0.5878696888685226,0.15949954092502594,0.013755500316619873,0.4146146457642317,0.028695557033643126,0.0001,0.5864564590156078
1293,0.5851140879094601,0.1593976067379117,0.013760179281234741,0.41195629723370075,0.02711215161252767,0.0001,0.5865900103002787
1294,0.586951207369566,0.15959913097321987,0.013760238885879517,0.4135918375104666,0.026152723468840122,0.0001,0.5863619275391102
1295,0.5890363268554211,0.1593560902401805,0.013760417699813843,0.4159198235720396,0.026295824558474123,0.0001,0.586679820343852
1296,0.5854789204895496,0.1594903226941824,0.013745702803134918,0.4122428987175226,0.025917081045918167,0.0001,0.5863953784108162
1297,0.585271529853344,0.15932952146977186,0.013727143406867981,0.4122148733586073,0.026613179710693657,0.0001,0.5864820282906293
1298,0.5855669714510441,0.15948017593473196,0.013753458857536316,0.4123333375900984,0.026941170915961266,0.0001,0.5868769407272338
1299,0.5865740329027176,0.159390720538795,0.013742886483669281,0.4134404230862856,0.026616913732141256,0.0001,0.5868147443979979
1300,0.5865328423678875,0.15922599099576473,0.01374584436416626,0.41356100514531136,0.025621251203119755,0.0001,0.586438862606883
1301,0.5851439721882343,0.15937553253024817,0.013746164739131927,0.41202227026224136,0.028209090931341052,0.0001,0.5863539580255747
1302,0.5880480818450451,0.1593603091314435,0.013768970966339111,0.41491880267858505,0.02829125034622848,0.0001,0.586371797323227
1303,0.5847919508814812,0.1591215841472149,0.01374632865190506,0.41192404367029667,0.027990885311737657,0.0001,0.586339583620429
1304,0.5829957313835621,0.15931579750031233,0.013747796416282654,0.40993213281035423,0.030637400574050844,0.0001,0.5859440360218287
1305,0.5886016078293324,0.15939087606966496,0.013752788305282593,0.4154579434543848,0.025772239547222853,0.0001,0.5859005641192198
1306,0.5846586786210537,0.15935739502310753,0.013746343553066254,0.41155494190752506,0.025771204847842455,0.0001,0.5858185399323702
1307,0.5885090306401253,0.15932608861476183,0.013760268688201904,0.41542266868054867,0.028933498193509877,0.0001,0.5861422900110483
1308,0.5860922522842884,0.1591082215309143,0.013742536306381226,0.413241496309638,0.029082473716698587,0.0001,0.5861948180943728
1309,0.5881139598786831,0.15918392408639193,0.013744443655014038,0.4151855930685997,0.027656936086714268,0.0001,0.5863488107919693
1310,0.5859247893095016,0.15924750734120607,0.013745464384555817,0.41293181478977203,0.026943185017444193,0.0001,0.5862880054861307
1311,0.5879783816635609,0.15922344382852316,0.013760395348072052,0.41499454714357853,0.027492699213325977,0.0001,0.5865714464336633
1312,0.5885021574795246,0.15909347590059042,0.01374022662639618,0.4156684596091509,0.028022923856042325,0.0001,0.5866168539971113
1313,0.5895837210118771,0.15908679645508528,0.013727419078350067,0.41676950827240944,0.02511399332433939,0.0001,0.587096031010151
1314,0.5891093350946903,0.1592974215745926,0.013752005994319916,0.41605990938842297,0.02670100680552423,0.0001,0.5877073913812637
1315,0.5821521729230881,0.15924608521163464,0.013745449483394623,0.40916064009070396,0.02781839156523347,0.0001,0.5870624478906393
1316,0.5856407843530178,0.1592766037210822,0.01375541090965271,0.41260877437889576,0.029876311775296926,0.0001,0.5871606584638357
1317,0.5872252285480499,0.1591511657461524,0.01375175267457962,0.4143223147839308,0.024442635709419847,0.0001,0.5870322782546282
1318,0.5888847298920155,0.1591347474604845,0.013753227889537811,0.4159967601299286,0.027324231574311852,0.0001,0.5873115260154009
1319,0.582717027515173,0.15909243561327457,0.013744942843914032,0.40987964160740376,0.027626615366898477,0.0001,0.5867718327790499
1320,0.5837918631732464,0.15908447932451963,0.013764820992946625,0.4109425637871027,0.02648996573407203,0.0001,0.5865585401654243
1321,0.5844757966697216,0.15930281672626734,0.013743743300437927,0.41142923198640347,0.03037408844102174,0.0001,0.5862082816660404
1322,0.5830856636166573,0.15913389530032873,0.013747848570346832,0.4102039337158203,0.024105679825879633,0.0001,0.5856666322797537
1323,0.5880526304244995,0.15899936109781265,0.013751812279224396,0.41530145704746246,0.026503389817662537,0.0001,0.5855135232210159
1324,0.5883296728134155,0.1592015316709876,0.013743966817855835,0.41538417525589466,0.030778055428527296,0.0001,0.5854355569928884
1325,0.5890087634325027,0.1590476268902421,0.01375492662191391,0.41620620898902416,0.025942344800569117,0.0001,0.5861212160438299
1326,0.5882542990148067,0.1590798106044531,0.013749092817306519,0.4154254011809826,0.02433788066264242,0.0001,0.5863825675100088
1327,0.5846504159271717,0.15907653886824846,0.013744823634624481,0.4118290562182665,0.02657665906008333,0.0001,0.586125086247921
1328,0.5850026607513428,0.159025433473289,0.013752639293670654,0.41222459450364113,0.024744097026996315,0.0001,0.5857368793338538
1329,0.5854674242436886,0.1589542292058468,0.013730190694332123,0.4127830024808645,0.029884369228966534,0.0001,0.5860119190067052
1330,0.5851849988102913,0.15922071877866983,0.013754449784755707,0.4122098311781883,0.03094384225551039,0.0001,0.5861512325704098
1331,0.585248775780201,0.15923787001520395,0.013747788965702057,0.4122631214559078,0.02856120967771858,0.0001,0.5862285304814577
1332,0.5870287232100964,0.15909781400114298,0.01374228298664093,0.414188627153635,0.027866461081430316,0.0001,0.5866228364408016
1333,0.5876212567090988,0.15909835044294596,0.013755299150943756,0.4147676136344671,0.02735043689608574,0.0001,0.5865796990692616
1334,0.5890162438154221,0.15897266194224358,0.013737611472606659,0.4163059685379267,0.025856952415779233,0.0001,0.5866483561694622
1335,0.5858129896223545,0.15891207195818424,0.013745144009590149,0.4131557773798704,0.02606588462367654,0.0001,0.5863287787884474
1336,0.5853341035544872,0.15885470435023308,0.013761565089225769,0.41271783225238323,0.027344072237610817,0.0001,0.5860367592424154
1337,0.5861047320067883,0.1589264990761876,0.013739228248596191,0.4134390074759722,0.02612993586808443,0.0001,0.586182190850377
1338,0.585088461637497,0.15901561826467514,0.013743296265602112,0.41232955269515514,0.028168413904495537,0.0001,0.5861907709389925
1339,0.5821171700954437,0.15909332130104303,0.013757213950157166,0.40926663391292095,0.025674722041003406,0.0001,0.585855745524168
1340,0.5833794809877872,0.15899588260799646,0.013741724193096161,0.4106418751180172,0.02816918771713972,0.0001,0.5856751937419176
1341,0.5872075632214546,0.15902005694806576,0.013750143349170685,0.4144373629242182,0.02643182233441621,0.0001,0.585871072486043
1342,0.586275976151228,0.1588020185008645,0.013732463121414185,0.4137414861470461,0.028598553501069546,0.0001,0.5857957977801561
1343,0.5866655334830284,0.15883453376591206,0.013741999864578247,0.4140889961272478,0.025508977472782135,0.0001,0.5857002254575491
1344,0.5877637602388859,0.15886531583964825,0.013742946088314056,0.4151555001735687,0.025796602247282863,0.0001,0.5855749770998955
1345,0.5824164152145386,0.15883411094546318,0.01374780386686325,0.409834498539567,0.02454667683923617,0.0001,0.5852353196591139
1346,0.5873519852757454,0.15882395673543215,0.01373821496963501,0.41478981263935566,0.028477868414483964,0.0001,0.5854371078312397
1347,0.5855809599161148,0.15883171651512384,0.013754643499851227,0.41299459524452686,0.024589648470282555,0.0001,0.5853847306221723
1348,0.5883827283978462,0.15863888338208199,0.013744503259658813,0.4159993380308151,0.026183041976764798,0.0001,0.5857141572982073
1349,0.5858023688197136,0.158770396374166,0.013746336102485657,0.41328563541173935,0.025449021719396114,0.0001,0.5860826771706342
1350,0.5883019268512726,0.15872968547046185,0.013761959969997406,0.4158102907240391,0.026761328801512718,0.0001,0.5865749217569828
1351,0.5857502371072769,0.15884802397340536,0.01373898983001709,0.41316322050988674,0.02805016259662807,0.0001,0.5864291891455651
1352,0.5872131027281284,0.1587933050468564,0.01373375952243805,0.41468603536486626,0.025362392305396497,0.0001,0.5865229018032551
1353,0.5868082940578461,0.15866027027368546,0.013756714761257172,0.41439131647348404,0.02776747872121632,0.0001,0.5865371778607369
1354,0.5905657857656479,0.15894278697669506,0.013730332255363464,0.4178926758468151,0.026098923990502954,0.0001,0.586817380413413
1355,0.5868642963469028,0.15877846907824278,0.013768702745437622,0.4143171180039644,0.0247264337958768,0.0001,0.5872621685266495
1356,0.5867911390960217,0.1588219003751874,0.013742610812187195,0.41422663256525993,0.0284795465413481,0.0001,0.5872060839086771
1357,0.5816252268850803,0.1589250136166811,0.013744600117206573,0.4089556075632572,0.025055348873138428,0.0001,0.5868105106055737
1358,0.5871825963258743,0.15891862660646439,0.013732820749282837,0.41453114338219166,0.025884388596750796,0.0001,0.5866904973983764
1359,0.5897590704262257,0.15855709742754698,0.013751611113548279,0.417450362816453,0.026361698168329895,0.0001,0.5870861675590276
1360,0.5899595282971859,0.15858860593289137,0.01373869925737381,0.41763222590088844,0.024676594650372863,0.0001,0.587251927703619
1361,0.5840309113264084,0.15871218778192997,0.013751611113548279,0.41156711615622044,0.02620116202160716,0.0001,0.5870799951255321
1362,0.5872002355754375,0.15867535304278135,0.013746500015258789,0.41477838344872,0.02714796015061438,0.0001,0.5870787084102631
1363,0.5877178534865379,0.1588273672387004,0.013736911118030548,0.4151535704731941,0.027191907516680658,0.0001,0.5871696643531322
1364,0.5860550589859486,0.15886121150106192,0.013748660683631897,0.4134451858699322,0.026098056230694056,0.0001,0.5867185916751623
1365,0.5877944268286228,0.15872590243816376,0.013728298246860504,0.4153402280062437,0.027976701501756907,0.0001,0.5868116047233343
1366,0.5850133635103703,0.15871512796729803,0.013745017349720001,0.4125532153993845,0.02697618689853698,0.0001,0.5866338271647692
1367,0.5856748558580875,0.1586132301017642,0.013751909136772156,0.4133097119629383,0.026395378867164254,0.0001,0.5870387900620699
1368,0.5894684754312038,0.15859872289001942,0.01374942809343338,0.4171203188598156,0.025761174969375134,0.0001,0.5872673779726029
1369,0.588627927005291,0.15857797488570213,0.013735383749008179,0.41631457209587097,0.026350127765908837,0.0001,0.5871542636305094
1370,0.587504867464304,0.1584975104779005,0.01374012976884842,0.4152672328054905,0.024473470402881503,0.0001,0.5869087975472211
1371,0.580164160579443,0.15857793111354113,0.013724654912948608,0.4078615792095661,0.02503663836978376,0.0001,0.5865221224725247
1372,0.5874907933175564,0.15847061946988106,0.01373843103647232,0.41528174467384815,0.026640230556949973,0.0001,0.5865511782467365
1373,0.5899840742349625,0.15874288883060217,0.01373019814491272,0.4175109788775444,0.03422301518730819,0.0001,0.586777800321579
1374,0.5865269675850868,0.15855800546705723,0.013740353286266327,0.4142286106944084,0.023938788450323045,0.0001,0.5868249911814928
1375,0.5849553532898426,0.15860556811094284,0.013753741979598999,0.4125960450619459,0.028568979469127953,0.0001,0.5865410838276148
1376,0.5889069437980652,0.15866929292678833,0.013747811317443848,0.4164898432791233,0.024440728477202356,0.0001,0.5869304418563843
1377,0.5850255899131298,0.15874357242137194,0.013745822012424469,0.4125361945480108,0.02797288598958403,0.0001,0.5868655152618885
1378,0.5861057490110397,0.1585880145430565,0.013748355209827423,0.41376938857138157,0.026085493387654424,0.0001,0.586529242619872
1379,0.5832342505455017,0.15863389801234007,0.01375514268875122,0.4108452182263136,0.02690628857817501,0.0001,0.5859898749738932
1380,0.58819330483675,0.15858426224440336,0.01374286413192749,0.4158661849796772,0.024788753944449127,0.0001,0.5860587187111378
1381,0.5864857509732246,0.15851209685206413,0.013743467628955841,0.4142301809042692,0.026090753148309886,0.0001,0.586690877750516
1382,0.5837926641106606,0.15866414364427328,0.013732373714447021,0.4113961476832628,0.030121601885184646,0.0001,0.5863210648298264
1383,0.5878190211951733,0.15867904666811228,0.013732858002185822,0.41540711373090744,0.024097960209473968,0.0001,0.5861045595258474
1384,0.587113082408905,0.15846674982458353,0.01374545693397522,0.41490087658166885,0.026518720434978604,0.0001,0.5861631710082292
1385,0.5862387716770172,0.1585854683071375,0.013730600476264954,0.41392270661890507,0.026846584863960743,0.0001,0.5862915128469467
1386,0.5868301726877689,0.15847542602568865,0.01373591274023056,0.41461884044110775,0.025050554308108985,0.0001,0.586083835735917
1387,0.5850888341665268,0.15841545816510916,0.013729549944400787,0.4129438288509846,0.026602546917274594,0.0001,0.5860901601612568
1388,0.5869061127305031,0.1584415528923273,0.013736121356487274,0.41472844406962395,0.027179763303138316,0.0001,0.5861701965332031
1389,0.5813304074108601,0.1582556003704667,0.013735011219978333,0.40933979861438274,0.02678389265201986,0.0001,0.5859798122197389
1390,0.5857040658593178,0.1584212053567171,0.013730980455875397,0.413551889359951,0.026016657706350088,0.0001,0.5857308883219957
1391,0.5860136337578297,0.15826295968145132,0.013752877712249756,0.41399780102074146,0.028322311933152378,0.0001,0.5856836766004563
1392,0.5917577221989632,0.15839761961251497,0.013728171586990356,0.41963193751871586,0.02649268286768347,0.0001,0.5864801824092865
1393,0.585990197956562,0.15828095935285091,0.013740479946136475,0.4139687642455101,0.0243182071717456,0.0001,0.5862973000854254
1394,0.5866705812513828,0.15842412132769823,0.01374998688697815,0.4144964721053839,0.025658703758381307,0.0001,0.5862530499696732
1395,0.5883760489523411,0.1584122572094202,0.013728104531764984,0.4162356983870268,0.02675681293476373,0.0001,0.5864667776972056
1396,0.5876084566116333,0.15824280958622694,0.013728857040405273,0.4156367853283882,0.02616820822004229,0.0001,0.586544606089592
1397,0.584611602127552,0.1583415735512972,0.013736091554164886,0.4125339388847351,0.023870676173828542,0.0001,0.5864968828856945
1398,0.5865064039826393,0.15830360166728497,0.01371573656797409,0.4144870638847351,0.024965666118077934,0.0001,0.5864569120109081
1399,0.5889086276292801,0.15838525537401438,0.01373983919620514,0.41678352653980255,0.025002638227306306,0.0001,0.5872147340327502
1400,0.5857952274382114,0.15815548039972782,0.013731956481933594,0.4139077924191952,0.025381389306858182,0.0001,0.5872238501906395
1401,0.5841250605881214,0.15829346235841513,0.013749226927757263,0.4120823722332716,0.028076959773898125,0.0001,0.5870349928736687
1402,0.5887460447847843,0.15843783132731915,0.013719514012336731,0.4165886975824833,0.02779068285599351,0.0001,0.5867338251322508
1403,0.5884290747344494,0.15818481519818306,0.013740547001361847,0.41650371067225933,0.026501404820010066,0.0001,0.5869777128100395
1404,0.5873307436704636,0.15818749275058508,0.013753704726696014,0.41538954339921474,0.026177831110544503,0.0001,0.5870437290519476
1405,0.584533330053091,0.15822396520525217,0.013757184147834778,0.4125521741807461,0.02670390240382403,0.0001,0.5866594571620226
1406,0.5864955820143223,0.15834221057593822,0.013732723891735077,0.4144206512719393,0.026552699971944094,0.0001,0.5865481697022915
1407,0.5823615081608295,0.1583306510001421,0.013733357191085815,0.4102975018322468,0.029101302148774266,0.0001,0.5863231603056193
1408,0.5863675847649574,0.15826641488820314,0.013732843101024628,0.4143683258444071,0.02642139233648777,0.0001,0.586309278383851
1409,0.5859534591436386,0.15813584718853235,0.013746961951255798,0.41407065093517303,0.025848991121165454,0.0001,0.586013761535287
1410,0.585625346750021,0.15830960124731064,0.01372847706079483,0.41358725912868977,0.026299783610738814,0.0001,0.5859967734664678
1411,0.5904762670397758,0.1581676034256816,0.013731658458709717,0.41857700049877167,0.02291817031800747,0.0001,0.5866318941116333
1412,0.5885563865303993,0.1581731727346778,0.013716623187065125,0.4166665989905596,0.024666975485160947,0.0001,0.5866129282861948
1413,0.5875043757259846,0.15835005789995193,0.013732656836509705,0.41542165353894234,0.027032614452764392,0.0001,0.5865204583853483
1414,0.5856857821345329,0.15802970994263887,0.013747386634349823,0.4139086864888668,0.025273458217270672,0.0001,0.5863559622317552
1415,0.5849997885525227,0.15836098417639732,0.013729579746723175,0.41290922462940216,0.024112286046147346,0.0001,0.5864026080816984
1416,0.5841722786426544,0.15822261478751898,0.013736344873905182,0.41221332363784313,0.02573276055045426,0.0001,0.5861702777445317
1417,0.591123528778553,0.15833761263638735,0.013727821409702301,0.4190580863505602,0.027496119611896574,0.0001,0.587046479806304
1418,0.5827927365899086,0.15812645852565765,0.013722516596317291,0.41094376891851425,0.02862094948068261,0.0001,0.5866889949887991
1419,0.585122711956501,0.15808380488306284,0.013729728758335114,0.4133091829717159,0.026850423426367342,0.0001,0.5866059202700853
1420,0.5848418734967709,0.15807156078517437,0.013729594647884369,0.41304071620106697,0.02836763416416943,0.0001,0.5865275729447603
1421,0.5851648859679699,0.1580620091408491,0.013739384710788727,0.41336349584162235,0.026757404557429254,0.0001,0.5859964348375797
1422,0.5901199541985989,0.1582913864403963,0.01371622085571289,0.4181123375892639,0.025034085847437382,0.0001,0.5861527916043997
1423,0.5840525291860104,0.15813694801181555,0.0137418732047081,0.41217371076345444,0.02399387548211962,0.0001,0.5858076069504022
1424,0.5892418958246708,0.15817704796791077,0.013723842799663544,0.4173410087823868,0.023549210745841265,0.0001,0.5861632183194161
1425,0.5894506052136421,0.1580386944115162,0.01373784989118576,0.4176740553230047,0.023148091277107596,0.0001,0.586608299985528
1426,0.5905899256467819,0.1579670812934637,0.013726107776165009,0.4188967365771532,0.024580822908319533,0.0001,0.5872500646859408
1427,0.5864842049777508,0.15794475749135017,0.013743266463279724,0.4147961772978306,0.02495150244794786,0.0001,0.5867861323058605
1428,0.5864352993667126,0.15802629571408033,0.01371840387582779,0.414690600708127,0.026614079833962023,0.0001,0.587150388583541
1429,0.5910381004214287,0.15801753662526608,0.013730227947235107,0.41929033771157265,0.02622999926097691,0.0001,0.5877419274300337
1430,0.5882310643792152,0.15798022784292698,0.013740353286266327,0.4165104813873768,0.0254484792239964,0.0001,0.5880808465182781
1431,0.587333433330059,0.1579161575064063,0.013730958104133606,0.41568632423877716,0.025153424707241356,0.0001,0.588297701254487
1432,0.5893595740199089,0.15792230796068907,0.013739608228206635,0.41769765689969063,0.026634205249138176,0.0001,0.5882216632366181
1433,0.5855018198490143,0.1579901808872819,0.013728320598602295,0.4137833211570978,0.025441490695811808,0.0001,0.5883665923029184
1434,0.5866500996053219,0.15798135567456484,0.013710394501686096,0.4149583466351032,0.025948929833248258,0.0001,0.5881074126809835
1435,0.5850608684122562,0.1579469470307231,0.013725534081459045,0.4133883826434612,0.025444268714636564,0.0001,0.587668439000845
1436,0.5861016735434532,0.1579597955569625,0.013728335499763489,0.4144135471433401,0.026008136337623,0.0001,0.5872196137905121
1437,0.5885244458913803,0.157700608484447,0.013717308640480042,0.4171065241098404,0.02480236894916743,0.0001,0.587423637881875
1438,0.5923220738768578,0.15818561613559723,0.013728320598602295,0.42040814086794853,0.0231978262308985,0.0001,0.5880123153328896
1439,0.5850627906620502,0.15790556836873293,0.013733826577663422,0.41342339664697647,0.0254251048900187,0.0001,0.5874147843569517
1440,0.581210982054472,0.15810027439147234,0.01373676210641861,0.40937394835054874,0.024221314350143075,0.0001,0.5867127761244774
1441,0.5808538012206554,0.1578394854441285,0.013740919530391693,0.4092733934521675,0.026891493005678058,0.0001,0.5860648129135371
1442,0.5863634012639523,0.15796566661447287,0.013718590140342712,0.4146791435778141,0.02823729533702135,0.0001,0.5857651956379414
1443,0.5840039290487766,0.1577176870778203,0.013745397329330444,0.41254084557294846,0.025017781066708267,0.0001,0.5856154065579176
1444,0.5832265987992287,0.15790904499590397,0.013725928962230682,0.4115916285663843,0.02620629104785621,0.0001,0.5852730564773083
1445,0.5854694172739983,0.15796148870140314,0.013723291456699371,0.4137846324592829,0.0254904628964141,0.0001,0.5853139113634824
1446,0.5812779888510704,0.15772545523941517,0.013713739812374115,0.4098387937992811,0.026114783715456724,0.0001,0.5848315428942442
1447,0.5884834937751293,0.15781399328261614,0.013738393783569336,0.4169311039149761,0.02427826845087111,0.0001,0.5848274476826191
1448,0.5852808654308319,0.15797378029674292,0.013745732605457306,0.41356134600937366,0.024854250950738788,0.0001,0.5841233268380165
1449,0.5843727141618729,0.15783067885786295,0.013729825615882874,0.4128122180700302,0.025455681490711868,0.0001,0.5840543191879988
1450,0.588106419891119,0.15778812300413847,0.013728313148021698,0.4165899809449911,0.024616984417662024,0.0001,0.5847438629716635
1451,0.5900282710790634,0.15788010135293007,0.013734400272369385,0.41841377317905426,0.025380314677022398,0.0001,0.5856613099575043
1452,0.5861209630966187,0.15790961030870676,0.013713911175727844,0.414497435092926,0.024635502137243748,0.0001,0.5856370661407709
1453,0.5863912366330624,0.1579737290740013,0.013712875545024872,0.4147046413272619,0.02458985580597073,0.0001,0.5858757968991994
1454,0.589254841208458,0.15767344553023577,0.013716563582420349,0.4178648330271244,0.0241689991671592,0.0001,0.5864786211401224
1455,0.5830122753977776,0.15782466996461153,0.01371484249830246,0.41147275641560555,0.025354039971716702,0.0001,0.5862329069525003
1456,0.5871189013123512,0.15772985853254795,0.01372462511062622,0.4156644120812416,0.026309630484320223,0.0001,0.5868169981986284
1457,0.5840273946523666,0.15765094477683306,0.01371985673904419,0.41265658661723137,0.02486145473085344,0.0001,0.5863713882863522
1458,0.5888704434037209,0.15783658996224403,0.013731643557548523,0.41730221174657345,0.027541878051124513,0.0001,0.586730346083641
1459,0.5820100083947182,0.15761982183903456,0.013720430433750153,0.41066975705325603,0.023400852922350168,0.0001,0.5864940755069256
1460,0.5875363387167454,0.1577078877016902,0.01373244822025299,0.41609601117670536,0.02421504387166351,0.0001,0.5864370673894882
1461,0.5860767588019371,0.15763505641371012,0.013711482286453247,0.41473021544516087,0.022427908144891262,0.0001,0.5860419161617756
1462,0.5841038376092911,0.1576359886676073,0.01374923437833786,0.4127186108380556,0.025799251510761678,0.0001,0.5858402036130428
1463,0.5804500132799149,0.1576420310884714,0.013721570372581482,0.4090864136815071,0.027613220387138426,0.0001,0.585246081277728
1464,0.5847396589815617,0.1575238322839141,0.013719193637371063,0.4134966339915991,0.025248202378861606,0.0001,0.5847945630550384
1465,0.5840856768190861,0.15772435441613197,0.013724863529205322,0.4126364644616842,0.025356023339554667,0.0001,0.5849019031971693
1466,0.5855574682354927,0.15762110333889723,0.013724617660045624,0.4142117463052273,0.02549826947506517,0.0001,0.5847457598894834
1467,0.5878339521586895,0.15779165364801884,0.013733990490436554,0.4163083154708147,0.026842236751690507,0.0001,0.5851264156401157
1468,0.5860303081572056,0.15770579129457474,0.013738572597503662,0.4145859479904175,0.02363947848789394,0.0001,0.5848424021154642
1469,0.5850609354674816,0.15777545236051083,0.01372741162776947,0.4135580714792013,0.02320714108645916,0.0001,0.5851474948227405
1470,0.585285097360611,0.15761481784284115,0.013735741376876831,0.413934538140893,0.023488548584282398,0.0001,0.5849223706871272
1471,0.5858825854957104,0.15764813218265772,0.013718128204345703,0.41451633535325527,0.025183727382682264,0.0001,0.5849029533565044
1472,0.585484404116869,0.15777028910815716,0.013728074729442596,0.41398604214191437,0.028012272785417736,0.0001,0.5850410100072623
1473,0.5822340846061707,0.15775952488183975,0.013735994696617126,0.4107385687530041,0.024100324604660273,0.0001,0.5852194171398878
1474,0.5866119861602783,0.1578185437247157,0.013733580708503723,0.41505986265838146,0.0230505985673517,0.0001,0.5854066498577595
1475,0.5869918167591095,0.15758623089641333,0.01372876763343811,0.4156768135726452,0.024858518969267607,0.0001,0.5856972638517618
1476,0.5855972580611706,0.15763023123145103,0.013724446296691895,0.4142425823956728,0.02693435875698924,0.0001,0.5857012428343296
1477,0.5873207524418831,0.1575225656852126,0.013718664646148682,0.4160795174539089,0.02596390387043357,0.0001,0.5856499228626489
1478,0.5869385115802288,0.15770127158612013,0.013732202351093292,0.41550503484904766,0.025787767837755382,0.0001,0.5857407432049513
1479,0.5866295173764229,0.15741200931370258,0.013715334236621857,0.4155021794140339,0.02515035937540233,0.0001,0.5858976013958455
1480,0.5855690203607082,0.15754542779177427,0.01373184472322464,0.4142917450517416,0.028347951476462185,0.0001,0.5859259936958552
1481,0.5863450802862644,0.15753833297640085,0.013724230229854584,0.415082523599267,0.024540297454223037,0.0001,0.5859722431749106
1482,0.5832844711840153,0.1574854226782918,0.01371387392282486,0.4120851643383503,0.02386464097071439,0.0001,0.5857522498816252
1483,0.5869533978402615,0.1575020607560873,0.013732858002185822,0.41571847535669804,0.0250885026762262,0.0001,0.5862241812050343
1484,0.5841531418263912,0.15755189303308725,0.013726815581321716,0.4128744322806597,0.02357650687918067,0.0001,0.5859782967716456
1485,0.5835100784897804,0.15733532328158617,0.013727165758609772,0.4124475847929716,0.02459782361984253,0.0001,0.5856301229447126
1486,0.5833887606859207,0.15751986298710108,0.01371631771326065,0.41215258091688156,0.024252736242488027,0.0001,0.5854092732071876
1487,0.5837206393480301,0.1575238611549139,0.013743467628955841,0.41245331056416035,0.030082534765824676,0.0001,0.5850492618978024
1488,0.5818714983761311,0.15752770844846964,0.01371052861213684,0.4106332566589117,0.02548889524769038,0.0001,0.5845425605773926
1489,0.5871602892875671,0.15746338106691837,0.013722389936447144,0.41597452014684677,0.025416183983907104,0.0001,0.584595637768507
1490,0.5855869650840759,0.1575498478487134,0.013709992170333862,0.4143271315842867,0.022881436976604164,0.0001,0.5845974322408438
1491,0.5868592709302902,0.1574897151440382,0.013722330331802368,0.41564723290503025,0.0259782598586753,0.0001,0.5846488513052464
1492,0.5769180469214916,0.15745634865015745,0.013733342289924622,0.40572836622595787,0.025183096062391996,0.0001,0.584012208878994
1493,0.5869154743850231,0.15739782713353634,0.013733111321926117,0.41578453592956066,0.024833017261698842,0.0001,0.5840084165334701
1494,0.5903319232165813,0.1574689345434308,0.013721510767936707,0.41914148069918156,0.02427128190174699,0.0001,0.5846262946724892
1495,0.5862355120480061,0.15749746467918158,0.013731800019741058,0.41500625386834145,0.024694080580957234,0.0001,0.5848988380283118
1496,0.5817605964839458,0.157382158562541,0.01373434066772461,0.41064408980309963,0.023193963919766247,0.0001,0.5847360216081142
1497,0.5874247625470161,0.15731737576425076,0.013727672398090363,0.416379714384675,0.02471686282660812,0.0001,0.5851064339280129
1498,0.5807480812072754,0.15740010794252157,0.013710983097553253,0.40963699109852314,0.02429814252536744,0.0001,0.5849940922111273
1499,0.5814570151269436,0.15733512584120035,0.013725727796554565,0.41039615496993065,0.02253053057938814,0.0001,0.584423764795065
1500,0.5878193601965904,0.15732994209975004,0.013723291456699371,0.4167661312967539,0.02495485928375274,0.0001,0.5846470043063163
1501,0.5863766334950924,0.15741154737770557,0.013708949089050293,0.4152561351656914,0.0260428135516122,0.0001,0.5845987405627966
1502,0.5828468278050423,0.15731337573379278,0.013716332614421844,0.4118171166628599,0.024199140607379377,0.0001,0.5851916186511517
1503,0.5874466337263584,0.15705541614443064,0.01373213529586792,0.41665908694267273,0.02529813162982464,0.0001,0.5852447345852851
1504,0.5893628187477589,0.1572711579501629,0.01372123509645462,0.4183704238384962,0.023995692026801407,0.0001,0.5851478241384029
1505,0.5865396112203598,0.15740348957479,0.013722516596317291,0.41541360318660736,0.025067032780498266,0.0001,0.5851782340556383
1506,0.5843166634440422,0.15740111470222473,0.013713613152503967,0.4132019355893135,0.02555448981001973,0.0001,0.585433840751648
1507,0.5835895240306854,0.15745610930025578,0.013708166778087616,0.41242524422705173,0.026228116126731038,0.0001,0.5850503169000149
1508,0.5874133557081223,0.15722047723829746,0.013709038496017456,0.41648384742438793,0.025495997164398432,0.0001,0.5857168443500995
1509,0.586472000926733,0.15728817787021399,0.01370026171207428,0.4154835660010576,0.027354261837899685,0.0001,0.5862183429300785
1510,0.5816927626729012,0.15732161421328783,0.01372578740119934,0.41064536571502686,0.025293029728345573,0.0001,0.5856056831777096
1511,0.586777176707983,0.15724875032901764,0.013717778027057648,0.41581065207719803,0.024589901324361563,0.0001,0.5856457374989986
1512,0.5864296704530716,0.15723723080009222,0.013721786439418793,0.41547064669430256,0.023513927008025348,0.0001,0.5860040217638016
1513,0.5879955366253853,0.15721555892378092,0.013739332556724548,0.41704064793884754,0.025134357390925288,0.0001,0.5860589120537043
1514,0.5863568745553493,0.157189154997468,0.013733431696891785,0.41543429158627987,0.02501113945618272,0.0001,0.5857583176344633
1515,0.5872728154063225,0.15739875845611095,0.013733483850955963,0.41614056937396526,0.02409285760950297,0.0001,0.5858316380530596
1516,0.5823540352284908,0.15721413772553205,0.01371975988149643,0.4114201460033655,0.02585834765341133,0.0001,0.5856353752315044
1517,0.5837636105716228,0.15732723101973534,0.013709917664527893,0.41272646375000477,0.025118191610090435,0.0001,0.5856527838855982
1518,0.5864967964589596,0.15725715458393097,0.013730376958847046,0.415509270504117,0.023069785675033927,0.0001,0.5855611279606819
1519,0.5862641371786594,0.1571111585944891,0.013722337782382965,0.4154306445270777,0.02568153804168105,0.0001,0.5855403415858745
1520,0.5866158232092857,0.15709214191883802,0.013717472553253174,0.4158062096685171,0.0264086740789935,0.0001,0.586032647639513
1521,0.5849418006837368,0.15730459988117218,0.013728097081184387,0.41390909999608994,0.024453332647681236,0.0001,0.5858491100370884
1522,0.5870765335857868,0.15725846495479345,0.013723939657211304,0.41609412617981434,0.024792904499918222,0.0001,0.5859137963503599
1523,0.5832041092216969,0.1571679413318634,0.013719506561756134,0.412316657602787,0.023437660071067512,0.0001,0.585434653609991
1524,0.5855736322700977,0.15720287337899208,0.013710416853427887,0.4146603401750326,0.02410793083254248,0.0001,0.5853563293814659
1525,0.5846423767507076,0.15722550079226494,0.01372934877872467,0.41368753276765347,0.025969945127144456,0.0001,0.5850932855159044
1526,0.5858446471393108,0.15710374992340803,0.013718821108341217,0.41502207703888416,0.02495966199785471,0.0001,0.5854423467069865
1527,0.5882862024009228,0.15715908631682396,0.013705790042877197,0.41742132045328617,0.023085220716893673,0.0001,0.5858946058899164
1528,0.580457266420126,0.15709174517542124,0.013725519180297852,0.4096400048583746,0.02293746266514063,0.0001,0.5852906528860331
1529,0.5884964913129807,0.15710065513849258,0.013722598552703857,0.41767324693500996,0.024945108802057803,0.0001,0.5855138882994652
1530,0.5910119488835335,0.15715505369007587,0.013721778988838196,0.42013512179255486,0.023991618305444717,0.0001,0.5859535008668899
1531,0.5864678770303726,0.15718088950961828,0.013723202049732208,0.4155637826770544,0.024918962037190795,0.0001,0.5861061085015535
1532,0.5860011465847492,0.15710033662617207,0.013717405498027802,0.41518340073525906,0.024311328656040132,0.0001,0.5859985698014498
1533,0.5820839032530785,0.15712282340973616,0.01372247189283371,0.41123860143125057,0.02577385783661157,0.0001,0.5858865492045879
1534,0.5842580311000347,0.15710143372416496,0.013714686036109924,0.4134419094771147,0.024028342100791633,0.0001,0.5857549890875816
1535,0.5841552019119263,0.1570629719644785,0.013717539608478546,0.4133746922016144,0.023817398468963802,0.0001,0.5857062716037035
1536,0.5870787799358368,0.15704866871237755,0.013693317770957947,0.41633679158985615,0.024250235874205828,0.0001,0.5858296848833561
1537,0.5872851833701134,0.1571122631430626,0.013714440166950226,0.41645848378539085,0.026042336132377386,0.0001,0.5857295829802751
1538,0.5853832401335239,0.15709757898002863,0.013723514974117279,0.41456214524805546,0.026378637296147645,0.0001,0.586222180351615
1539,0.5859574265778065,0.15710783004760742,0.01372826099395752,0.4151213373988867,0.02317799476440996,0.0001,0.5859682738780976
1540,0.5862993597984314,0.1571425935253501,0.013711176812648773,0.4154455903917551,0.024725181399844587,0.0001,0.5854970149695873
1541,0.5825654044747353,0.15676012262701988,0.013713404536247253,0.4120918810367584,0.022500653518363833,0.0001,0.5851067677140236
1542,0.5865796096622944,0.15684408508241177,0.013730302453041077,0.41600522585213184,0.024014563125092536,0.0001,0.5851646140217781
1543,0.5848802477121353,0.15704617835581303,0.0137132927775383,0.41412077844142914,0.02398230799008161,0.0001,0.5854442484676838
1544,0.588139496743679,0.15709303505718708,0.013727627694606781,0.41731883212924004,0.02499094302766025,0.0001,0.5858323950320482
1545,0.5853621549904346,0.15702026151120663,0.013727709650993347,0.41461419127881527,0.026882077800109982,0.0001,0.5859530903398991
1546,0.5851128734648228,0.15698211267590523,0.013728119432926178,0.4144026432186365,0.024348685517907143,0.0001,0.5857564996927976
1547,0.5861774235963821,0.15686058159917593,0.013706907629966736,0.4156099334359169,0.023712375899776816,0.0001,0.5856457237154246
1548,0.5854955203831196,0.15694365557283163,0.013712793588638306,0.41483907029032707,0.026005263440310955,0.0001,0.5856569517403841
1549,0.5854789838194847,0.15710738487541676,0.013721078634262085,0.41465052030980587,0.023837985238060355,0.0001,0.585609107464552
1550,0.5774834491312504,0.1568829696625471,0.013725928962230682,0.406874543055892,0.025298368535004556,0.0001,0.5847275163978338
1551,0.5852240175008774,0.15693684853613377,0.013720057904720306,0.4145671036094427,0.02332613687030971,0.0001,0.584993377700448
1552,0.5859799757599831,0.15682109352201223,0.013715669512748718,0.41544321179389954,0.022651034989394248,0.0001,0.584933414310217
1553,0.584644827991724,0.15702457819133997,0.01370217651128769,0.41391807422041893,0.02288718952331692,0.0001,0.5849098723381758
1554,0.582687497138977,0.15702337305992842,0.013710886240005493,0.41195324435830116,0.02539439487736672,0.0001,0.5843646723777056
1555,0.5860523097217083,0.15706614963710308,0.013715989887714386,0.41527017019689083,0.02459914528299123,0.0001,0.5844336878508329
1556,0.5825952291488647,0.15680784173309803,0.013711564242839813,0.41207582503557205,0.02514211111702025,0.0001,0.5841819234192371
1557,0.5835166200995445,0.1568286893889308,0.013699524104595184,0.4129884149879217,0.023278233828023076,0.0001,0.5839158430695534
1558,0.5848373174667358,0.15695259626954794,0.013717561960220337,0.414167158305645,0.0239222205709666,0.0001,0.583850022777915
1559,0.5817843824625015,0.1570228971540928,0.013731218874454498,0.41103027388453484,0.02279667602851987,0.0001,0.5834805626422167
1560,0.5818891562521458,0.15686332061886787,0.013704612851142883,0.41132122091948986,0.022249712492339313,0.0001,0.5839211333543062
1561,0.5886279121041298,0.15651490725576878,0.013709932565689087,0.41840306855738163,0.023576277657411993,0.0001,0.5842615228146315
1562,0.5863205641508102,0.15670398995280266,0.0137137770652771,0.41590278781950474,0.024159776861779392,0.0001,0.5842955816537142
1563,0.58401283249259,0.15690468717366457,0.013724051415920258,0.41338408552110195,0.02442359342239797,0.0001,0.5842323821038008
1564,0.5856699422001839,0.15678306948393583,0.01369822770357132,0.415188642218709,0.02622032107319683,0.0001,0.5845306266099215
1565,0.5873051956295967,0.15684612561017275,0.013715505599975586,0.41674356907606125,0.02310986176598817,0.0001,0.5846559152007103
1566,0.5810282304883003,0.15686412621289492,0.01371563971042633,0.41044847294688225,0.02335232711629942,0.0001,0.5844992153346539
1567,0.5797821246087551,0.1566756060346961,0.013708613812923431,0.4093979001045227,0.022365867160260677,0.0001,0.584125765785575
1568,0.5850805155932903,0.15688388422131538,0.013712562620639801,0.4144840706139803,0.026701276539824903,0.0001,0.5841500855982303
1569,0.5821461118757725,0.15675352979451418,0.013712815940380096,0.4116797614842653,0.02487474773079157,0.0001,0.5841862585395574
1570,0.5858852006494999,0.15655623842030764,0.013704836368560791,0.41562412306666374,0.02430583885870874,0.0001,0.5845858629792928
1571,0.5850918553769588,0.15689138788729906,0.013706006109714508,0.4144944604486227,0.02643664798233658,0.0001,0.5842322573065758
1572,0.5853316225111485,0.15674931462854147,0.013695813715457916,0.4148864895105362,0.02502015174832195,0.0001,0.5841333631426096
1573,0.5811432674527168,0.1566816968843341,0.013707168400287628,0.410754406824708,0.022763282991945744,0.0001,0.5838464066386223
1574,0.5848351381719112,0.15659224335104227,0.013711430132389069,0.4145314618945122,0.022585034021176398,0.0001,0.5837629262357951
1575,0.5840732604265213,0.1566778225824237,0.013697430491447449,0.4136979952454567,0.02535706083290279,0.0001,0.5834397327154874
1576,0.586410541087389,0.15662415884435177,0.013711079955101013,0.41607530415058136,0.024179031956009567,0.0001,0.5839779637753963
1577,0.5855483897030354,0.15659823920577765,0.013705775141716003,0.41524437442421913,0.022981485701166093,0.0001,0.5845545902848244
1578,0.5855095684528351,0.15664747916162014,0.013711906969547272,0.41515018977224827,0.02504267543554306,0.0001,0.5845974955707789
1579,0.587724719196558,0.15669278427958488,0.013711392879486084,0.41732053831219673,0.02430583955720067,0.0001,0.5851553563028574
1580,0.588229313492775,0.15666073374450207,0.013703405857086182,0.41786517575383186,0.024922212469391525,0.0001,0.5853897675871849
1581,0.5899755284190178,0.15658106096088886,0.013710811734199524,0.41968365758657455,0.023656750097870827,0.0001,0.5858781348913908
1582,0.5888233780860901,0.15670423861593008,0.013695865869522095,0.4184232745319605,0.026473200879991055,0.0001,0.586227310448885
1583,0.5824511870741844,0.15671096928417683,0.013718768954277039,0.41202144883573055,0.02423832716885954,0.0001,0.5863581024110317
1584,0.5848418623209,0.15682204626500607,0.013705991208553314,0.41431382670998573,0.023251039907336235,0.0001,0.5863587748259306
1585,0.5872398354113102,0.15671710390597582,0.01370289921760559,0.4168198388069868,0.024101311108097434,0.0001,0.5866754323244094
1586,0.5887561179697514,0.1568159181624651,0.0137033611536026,0.41823683492839336,0.028098200331442058,0.0001,0.5869099900126458
1587,0.5804109014570713,0.15656100027263165,0.0137103870511055,0.4101395197212696,0.024258872377686203,0.0001,0.5863962411880493
1588,0.5824197754263878,0.15672270953655243,0.013698846101760864,0.41199821792542934,0.025776800117455423,0.0001,0.5860872618854046
1589,0.5848517790436745,0.15661117807030678,0.01370975375175476,0.4145308546721935,0.025110100163146853,0.0001,0.5857999678701162
1590,0.5837511867284775,0.15648363064974546,0.013713464140892029,0.41355409286916256,0.02523965761065483,0.0001,0.5853521551936864
1591,0.5818006619811058,0.15649173315614462,0.013706199824810028,0.41160272248089314,0.022932153660804033,0.0001,0.5845346685498953
1592,0.5815942510962486,0.1567658632993698,0.01369970291852951,0.41112867929041386,0.02596200944390148,0.0001,0.5838117558509112
1593,0.5818426832556725,0.15664451289922,0.013709887862205505,0.41148828342556953,0.025542376562952995,0.0001,0.5837509054690599
1594,0.5816372931003571,0.15665327105671167,0.013727627694606781,0.4112563971430063,0.02377569326199591,0.0001,0.5834304485470057
1595,0.5832526944577694,0.15649153385311365,0.013720281422138214,0.4130408838391304,0.025042821536771953,0.0001,0.5830317344516516
1596,0.587226327508688,0.15651259943842888,0.01371503621339798,0.41699867881834507,0.02625430654734373,0.0001,0.5828787554055452
1597,0.581281740218401,0.156570577993989,0.013714395463466644,0.4109967704862356,0.025495145935565233,0.0001,0.5829658392816782
1598,0.5843687206506729,0.15665911231189966,0.013707399368286133,0.4140022136271,0.024588588625192642,0.0001,0.5831607338041067
1599,0.5847452506422997,0.15648682322353125,0.013702981173992157,0.41455545276403427,0.021659478661604226,0.0001,0.5831500809639693
1600,0.5877546481788158,0.15647660288959742,0.013702310621738434,0.4175757374614477,0.02485486608929932,0.0001,0.5835504271090031
1601,0.585955485701561,0.1566422889009118,0.013707272708415985,0.41560592502355576,0.022548438515514135,0.0001,0.5839659094810485
1602,0.5857793726027012,0.15641789231449366,0.01371331512928009,0.41564817167818546,0.023752475390210748,0.0001,0.5843844216316938
1603,0.5823138691484928,0.15650059934705496,0.01368924230337143,0.412124028429389,0.024408834404312074,0.0001,0.5844315402209759
1604,0.5831490643322468,0.15645843464881182,0.013703994452953339,0.41298663802444935,0.02160622482188046,0.0001,0.5845827173441649
1605,0.5822387561202049,0.15648806933313608,0.01368914544582367,0.41206153854727745,0.02486484858673066,0.0001,0.5844813235104084
1606,0.5880092829465866,0.15654294099658728,0.013703085482120514,0.4177632536739111,0.02598725981079042,0.0001,0.5845596190541983
1607,0.5844969861209393,0.15654275473207235,0.013718053698539734,0.4142361767590046,0.027151338988915086,0.0001,0.5848811436444521
1608,0.5842856764793396,0.15649785660207272,0.013720378279685974,0.41406743973493576,0.025072127231396735,0.0001,0.5848728392273188
1609,0.5846054553985596,0.15653273556381464,0.013687796890735626,0.4143849331885576,0.024594292975962162,0.0001,0.5848588597029447
1610,0.5876872576773167,0.15645425859838724,0.01370159536600113,0.41753140464425087,0.026038844953291118,0.0001,0.5848521206527948
1611,0.5826108604669571,0.15629227366298437,0.01369735598564148,0.4126212280243635,0.022217715857550502,0.0001,0.5845176581293344
1612,0.5883227214217186,0.1562832733616233,0.013719625771045685,0.41831982135772705,0.0230153746670112,0.0001,0.5847719930112362
1613,0.5848284251987934,0.15641882456839085,0.013689681887626648,0.41471992060542107,0.024599728058092296,0.0001,0.5850234486162662
1614,0.5874472819268703,0.1562711838632822,0.013697400689125061,0.41747869923710823,0.025944296969100833,0.0001,0.5854532703757286
1615,0.5862127058207989,0.1562804812565446,0.013688914477825165,0.4162433035671711,0.022994364728219807,0.0001,0.585850665345788
1616,0.5879364758729935,0.15640016924589872,0.013705544173717499,0.41783076524734497,0.022533651906996965,0.0001,0.5858433846384287
1617,0.5835298225283623,0.15645686257630587,0.013715699315071106,0.41335725225508213,0.026197173981927335,0.0001,0.585746668279171
1618,0.5801377408206463,0.15641945973038673,0.013705149292945862,0.410013135522604,0.02484044781886041,0.0001,0.5853318747133016
1619,0.5865259580314159,0.15633143298327923,0.013707883656024933,0.4164866432547569,0.023346268688328564,0.0001,0.5855239249765873
1620,0.5866192504763603,0.15657669864594936,0.013699240982532501,0.41634330712258816,0.027174234157428145,0.0001,0.5854171242564916
1621,0.5900529287755489,0.1563096484169364,0.013691969215869904,0.4200513120740652,0.02312006673309952,0.0001,0.5861613310873508
1622,0.5852786861360073,0.15612264163792133,0.013708531856536865,0.4154475089162588,0.026427882141433656,0.0001,0.5858569275587797
1623,0.5798385851085186,0.15642996784299612,0.013717904686927795,0.4096907153725624,0.02409974404145032,0.0001,0.5853579435497522
1624,0.5863907486200333,0.15629732329398394,0.013689875602722168,0.41640355065464973,0.024032299988903105,0.0001,0.5852522902190685
1625,0.5879033841192722,0.15646990202367306,0.013704970479011536,0.41772851534187794,0.02361344126984477,0.0001,0.5854213580489158
1626,0.5827387310564518,0.15637774113565683,0.013703495264053345,0.4126574993133545,0.02442438981961459,0.0001,0.5849015835672617
1627,0.5831517726182938,0.15623275097459555,0.013714246451854706,0.41320478171110153,0.024810735252685845,0.0001,0.5848637785762548
1628,0.5846556387841702,0.15618551522493362,0.013705283403396606,0.4147648401558399,0.023976085940375924,0.0001,0.5853155683726072
1629,0.586601946502924,0.15645814687013626,0.013694234192371368,0.41644956544041634,0.02505909639876336,0.0001,0.5853231672197581
1630,0.5831506438553333,0.1562666203826666,0.013713449239730835,0.4131705742329359,0.025069141294807196,0.0001,0.5849763065576553
1631,0.584839440882206,0.15640360862016678,0.013709351420402527,0.41472648084163666,0.024536280194297433,0.0001,0.584454957768321
1632,0.5827798694372177,0.1562398551031947,0.013715662062168121,0.4128243587911129,0.024635414010845125,0.0001,0.5842050760984421
1633,0.587172370404005,0.1562332259491086,0.013707876205444336,0.4172312654554844,0.025188428931869566,0.0001,0.5849384546279908
1634,0.5889213122427464,0.15624305233359337,0.013713210821151733,0.4189650509506464,0.023686108645051718,0.0001,0.585191510990262
1635,0.584135640412569,0.15617578569799662,0.0136939138174057,0.4142659343779087,0.022485745837911963,0.0001,0.5848147366195917
1636,0.5859808325767517,0.15625255275517702,0.013702265918254852,0.4160260036587715,0.024400264373980463,0.0001,0.5851389467716217
1637,0.5837856084108353,0.15611791517585516,0.013711906969547272,0.41395578905940056,0.02440532698528841,0.0001,0.5852023303508759
1638,0.5835367329418659,0.15628810040652752,0.013728238642215729,0.4135203938931227,0.02676904760301113,0.0001,0.5850904397666454
1639,0.587308719754219,0.15636651031672955,0.013707883656024933,0.4172343239188194,0.025904557784087956,0.0001,0.585161117091775
1640,0.5893433205783367,0.1561601348221302,0.013719834387302399,0.4194633550941944,0.0236140115885064,0.0001,0.5857803847640752
1641,0.5831822529435158,0.1560974819585681,0.013697989284992218,0.41338678635656834,0.02406203467398882,0.0001,0.5856146659702063
1642,0.5878236331045628,0.15602105297148228,0.013701580464839935,0.41810099966824055,0.025073630386032164,0.0001,0.5861190423369408
1643,0.5829972811043262,0.15615387726575136,0.013696059584617615,0.4131473433226347,0.023259567678906024,0.0001,0.5857015334069728
1644,0.5791828520596027,0.15609228890389204,0.01370740681886673,0.40938315726816654,0.02451450121589005,0.0001,0.5847276873886585
1645,0.5846131071448326,0.156087807379663,0.013692930340766907,0.4148323740810156,0.024072821019217372,0.0001,0.5847754340618849
1646,0.5844361558556557,0.15603615436702967,0.013690747320652008,0.41470925882458687,0.022688868804834783,0.0001,0.5846209663897752
1647,0.5770465768873692,0.1559940055012703,0.013717405498027802,0.40733516216278076,0.024051020736806095,0.0001,0.5839470632374286
1648,0.582926519215107,0.15609980840235949,0.01372414082288742,0.41310256719589233,0.025113621726632118,0.0001,0.5838860418647528
1649,0.586856547743082,0.15617424808442593,0.013697467744350433,0.4169848319143057,0.02413778065238148,0.0001,0.5838408246636391
1650,0.5859993323683739,0.1562335379421711,0.013700425624847412,0.41606537625193596,0.023444323102012277,0.0001,0.5835064258426428
1651,0.5837570913136005,0.15629283897578716,0.013698533177375793,0.41376571729779243,0.02288093836978078,0.0001,0.5835639096796512
1652,0.5846880599856377,0.15617919247597456,0.013708047568798065,0.41480082646012306,0.025033458601683378,0.0001,0.5832503523677588
1653,0.5864072144031525,0.15608947724103928,0.013686776161193848,0.4166309628635645,0.023458402254618704,0.0001,0.5835913456976414
1654,0.5842809900641441,0.1561880400404334,0.013714544475078583,0.41437840461730957,0.026178716914728284,0.0001,0.5841011594980955
1655,0.5798839181661606,0.15602476615458727,0.013704173266887665,0.4101549796760082,0.027025157469324768,0.0001,0.5836282406002283
1656,0.5846443772315979,0.15600785799324512,0.013701826333999634,0.41493469662964344,0.02575731067918241,0.0001,0.5836490627378226
1657,0.5809367075562477,0.15608758758753538,0.013691805303096771,0.4111573174595833,0.02421180938836187,0.0001,0.5840380758047103
1658,0.5840096510946751,0.15601444244384766,0.013687171041965485,0.4143080338835716,0.02438991202507168,0.0001,0.5841463889926672
1659,0.584027111530304,0.15617604181170464,0.013703390955924988,0.41414767131209373,0.02351847116369754,0.0001,0.5838634453713893
1660,0.5815943516790867,0.15602659434080124,0.013699717819690704,0.41186804324388504,0.023234033840708435,0.0001,0.5834229473024607
1661,0.5806364975869656,0.15602312050759792,0.013688541948795319,0.4109248425811529,0.023599894251674414,0.0001,0.5831108879297972
1662,0.5855837464332581,0.15610935352742672,0.013697512447834015,0.4157768841832876,0.023955716285854578,0.0001,0.5832004565745592
1663,0.5830728746950626,0.15603842958807945,0.013687178492546082,0.41334726475179195,0.023580002365633845,0.0001,0.5828670226037502
1664,0.5808247812092304,0.15597945544868708,0.013685226440429688,0.4111601021140814,0.02163107809610665,0.0001,0.5825214017182588
1665,0.5859787203371525,0.15607634745538235,0.01369503140449524,0.41620735079050064,0.02403872099239379,0.0001,0.583130881935358
1666,0.5809228047728539,0.15594555251300335,0.013702213764190674,0.411275040358305,0.024104990647174418,0.0001,0.5827587246894836
1667,0.5887956358492374,0.15603975020349026,0.013696230947971344,0.41905965097248554,0.02422153123188764,0.0001,0.5835446175187826
1668,0.5875858478248119,0.1559021407738328,0.013708598911762238,0.4179751127958298,0.023180130403488874,0.0001,0.5839022371917963
1669,0.585016418248415,0.15605398174375296,0.01370193064212799,0.41526051238179207,0.02304641011869535,0.0001,0.5840011678636075
1670,0.5842999294400215,0.15596679411828518,0.013692647218704224,0.41464048624038696,0.022809258196502924,0.0001,0.5842717256397009
1671,0.5847442895174026,0.15611626952886581,0.013698577880859375,0.4149294402450323,0.02518109534867108,0.0001,0.5846825048327446
1672,0.5841898359358311,0.15597888361662626,0.01369844377040863,0.4145125113427639,0.023811628110706806,0.0001,0.5845431137830019
1673,0.5883147045969963,0.15608521085232496,0.013688333332538605,0.41854115948081017,0.022288773790933192,0.0001,0.5850672967731952
1674,0.5861782059073448,0.1558048017323017,0.013706855475902557,0.41666654497385025,0.022885475656948984,0.0001,0.5856026392430067
1675,0.5859915129840374,0.1560148736461997,0.0136934295296669,0.4162832163274288,0.02418293966911733,0.0001,0.5856039185076952
1676,0.5869380123913288,0.15591901168227196,0.013704583048820496,0.41731441766023636,0.024076146073639393,0.0001,0.5862054392695427
1677,0.5849965773522854,0.15596654824912548,0.01371331512928009,0.41531671211123466,0.023663212079554796,0.0001,0.5858255334198474
1678,0.5871843993663788,0.1559087699279189,0.013701282441616058,0.4175743404775858,0.023617767612449825,0.0001,0.5857853885740042
1679,0.5857989639043808,0.15603462420403957,0.01371290534734726,0.41605144180357456,0.022384344483725727,0.0001,0.5858636431396007
1680,0.5836270041763783,0.15581416711211205,0.013690650463104248,0.41412218660116196,0.023773423628881574,0.0001,0.5857963506132364
1681,0.5813019014894962,0.1558938818052411,0.013707764446735382,0.4117002561688423,0.025001173955388367,0.0001,0.5854521118104458
1682,0.5867847204208374,0.1559727368876338,0.01369108259677887,0.41712091490626335,0.022610945627093315,0.0001,0.5857116002589464
1683,0.5835789293050766,0.15588049218058586,0.013700373470783234,0.4139980599284172,0.022973102051764727,0.0001,0.5852380227297544
1684,0.5847764760255814,0.1557916821911931,0.013715006411075592,0.4152697864919901,0.02309571288060397,0.0001,0.5850978497415781
1685,0.5830492228269577,0.15594180580228567,0.013692386448383331,0.4134150315076113,0.02284817141480744,0.0001,0.5848036207258701
1686,0.583571195602417,0.1557680368423462,0.01369350403547287,0.41410964727401733,0.022532453993335366,0.0001,0.584466939046979
1687,0.5830314941704273,0.15581060480326414,0.01370161771774292,0.41351926885545254,0.023674248484894633,0.0001,0.5842704307287931
1688,0.5813693068921566,0.15574887860566378,0.013682596385478973,0.4119378346949816,0.024396526045165956,0.0001,0.583688921481371
1689,0.5895147919654846,0.15601684991270304,0.013693362474441528,0.41980457305908203,0.023820374277420342,0.0001,0.5840605042874814
1690,0.5842834413051605,0.15571315679699183,0.013694636523723602,0.4148756414651871,0.02381457423325628,0.0001,0.5841261480003596
1691,0.5842322111129761,0.15582547895610332,0.013691641390323639,0.4147150944918394,0.022963701630942523,0.0001,0.5844191789627076
1692,0.5844847336411476,0.1559312865138054,0.013695836067199707,0.41485760547220707,0.022069368744269013,0.0001,0.5841891802847385
1693,0.5831392370164394,0.15597764775156975,0.013703562319278717,0.413458026945591,0.023939774138852954,0.0001,0.5841452110558748
1694,0.5838622637093067,0.15574212092906237,0.013716138899326324,0.4144040122628212,0.02181360498070717,0.0001,0.5840537898242474
1695,0.5840844288468361,0.1557145221158862,0.01369640976190567,0.4146734941750765,0.0246999446535483,0.0001,0.5841573104262352
1696,0.5859099626541138,0.15577051136642694,0.013700656592845917,0.41643879376351833,0.023955657496117055,0.0001,0.5843911871314049
1697,0.5820096246898174,0.15582303423434496,0.013683579862117767,0.412503007799387,0.02594920981209725,0.0001,0.5842890001833438
1698,0.5843043401837349,0.156019926071167,0.01370721310377121,0.4145771972835064,0.023348114220425487,0.0001,0.5845825035125017
1699,0.5877229906618595,0.1558774309232831,0.013682089745998383,0.4181634671986103,0.02405179082415998,0.0001,0.5844033233821392
1700,0.5874229073524475,0.15593125205487013,0.013695724308490753,0.4177959430962801,0.02474032947793603,0.0001,0.5847172699868679
1701,0.583960983902216,0.15599344857037067,0.013689666986465454,0.41427787207067013,0.023426707019098103,0.0001,0.5846901472657919
1702,0.5864090360701084,0.15584886353462934,0.013696804642677307,0.41686336509883404,0.02458848070818931,0.0001,0.584882577508688
1703,0.5844962000846863,0.15588167682290077,0.0136900395154953,0.41492448188364506,0.02644663513638079,0.0001,0.5850182738155126
1704,0.5835117399692535,0.15590769425034523,0.013692989945411682,0.4139110539108515,0.023525909869931638,0.0001,0.5849832214415074
1705,0.5852027013897896,0.1556206103414297,0.013682283461093903,0.4158998019993305,0.022141887340694666,0.0001,0.5850950486958026
1706,0.5854792408645153,0.1557216038927436,0.013684757053852081,0.41607288271188736,0.022184874396771193,0.0001,0.5850519765168428
1707,0.5857174284756184,0.15565399453043938,0.013692744076251984,0.4163706861436367,0.02251639706082642,0.0001,0.5854227568954229
1708,0.5855334810912609,0.1557998787611723,0.013694293797016144,0.4160393048077822,0.025335215381346643,0.0001,0.5855456709861755
1709,0.5860955268144608,0.15563928429037333,0.013698816299438477,0.4167574252933264,0.02604998112656176,0.0001,0.5853829246014357
1710,0.5812206193804741,0.15565396193414927,0.01369592547416687,0.41187073290348053,0.0233592496952042,0.0001,0.5847626958042383
1711,0.5818301774561405,0.1558319004252553,0.013702020049095154,0.4122962597757578,0.024677077191881835,0.0001,0.5845496151596308
1712,0.582071278244257,0.15578619297593832,0.013704270124435425,0.41258081421256065,0.024475194863043725,0.0001,0.5841158393770456
1713,0.5839402228593826,0.15562820713967085,0.013691909611225128,0.4146201070398092,0.025673656607978046,0.0001,0.5840602416545153
1714,0.5856470353901386,0.15562011487782001,0.013690195977687836,0.4163367282599211,0.022928581573069096,0.0001,0.5842737711966037
1715,0.5782735906541348,0.15567062608897686,0.013687632977962494,0.40891533344984055,0.021928250207565725,0.0001,0.5835808601230383
1716,0.5831742994487286,0.15572414454072714,0.01369406282901764,0.4137560948729515,0.025621434673666954,0.0001,0.5833503659814596
1717,0.5824906602501869,0.15574421267956495,0.013704448938369751,0.4130420032888651,0.02688452322036028,0.0001,0.5830276891589165
1718,0.5857350863516331,0.15557576529681683,0.013685986399650574,0.41647334210574627,0.02583680348470807,0.0001,0.5830478496849537
1719,0.5872219242155552,0.15562529116868973,0.013684459030628204,0.4179121758788824,0.02314186200965196,0.0001,0.5831604894250632
1720,0.5845045372843742,0.1556343473494053,0.013692960143089294,0.41517722979187965,0.023329531541094184,0.0001,0.5834888812154532
1721,0.5863946750760078,0.15555271320044994,0.013675659894943237,0.41716629825532436,0.023104986874386668,0.0001,0.5839453309774398
1722,0.5845181755721569,0.1555848577991128,0.01369660347700119,0.41523671709001064,0.024697426822967827,0.0001,0.5841900207102299
1723,0.5835923403501511,0.15561886597424746,0.013707645237445831,0.41426582634449005,0.023856780375353992,0.0001,0.5841552324593067
1724,0.5873426496982574,0.15560586657375097,0.013695500791072845,0.4180412832647562,0.023084767046384513,0.0001,0.5843247938901186
1725,0.5823718421161175,0.15561361331492662,0.01368238776922226,0.41307583451271057,0.02384016348514706,0.0001,0.5847346190363168
1726,0.5841488167643547,0.15551656018942595,0.013699635863304138,0.4149326179176569,0.021697297343052924,0.0001,0.5848320707678795
1727,0.5819222591817379,0.1555364616215229,0.013709858059883118,0.41267594136297703,0.021706752595491707,0.0001,0.5847752306610345
1728,0.5861638896167278,0.15561833512037992,0.01369565725326538,0.41684990003705025,0.02610250806901604,0.0001,0.5848181109875441
1729,0.5839863270521164,0.1554742269217968,0.01368299126625061,0.41482909955084324,0.023945626569911838,0.0001,0.5844945512712002
1730,0.5824085362255573,0.15552020072937012,0.013684839010238647,0.41320349276065826,0.022694371873512864,0.0001,0.5842849511653185
1731,0.5856589265167713,0.15572357457131147,0.013678118586540222,0.4162572305649519,0.022244429565034807,0.0001,0.5842113763093948
1732,0.5874637253582478,0.15557294338941574,0.01367952674627304,0.4182112477719784,0.02378555398900062,0.0001,0.5845059312880039
1733,0.587862603366375,0.15556189510971308,0.013691127300262451,0.41860957629978657,0.022799596190452576,0.0001,0.5849329575896263
1734,0.5875653624534607,0.15557003393769264,0.013674594461917877,0.4183207266032696,0.021975089446641505,0.0001,0.5849552288651466
1735,0.5827288441359997,0.15547529142349958,0.013682566583156586,0.41357099264860153,0.021303550573065877,0.0001,0.5849909290671349
1736,0.5829794965684414,0.155403901822865,0.01368802785873413,0.4138875585049391,0.021932684117928147,0.0001,0.5848739970475435
1737,0.585241861641407,0.15550922974944115,0.013681761920452118,0.41605086252093315,0.022940262802876532,0.0001,0.5852059572935104
1738,0.5860572159290314,0.1556453825905919,0.01367967575788498,0.41673216968774796,0.024034273345023394,0.0001,0.5851952899247408
1739,0.585874367505312,0.1553066112101078,0.013691067695617676,0.41687669418752193,0.0246400551404804,0.0001,0.5853840939700603
1740,0.5858251117169857,0.15550595987588167,0.013695009052753448,0.41662413999438286,0.02472385740838945,0.0001,0.5857257515192031
1741,0.5854985788464546,0.15554097294807434,0.013688728213310242,0.4162688720971346,0.022853977396152914,0.0001,0.5857097167521715
1742,0.5810157880187035,0.15556052420288324,0.013699300587177277,0.41175596974790096,0.024782014545053244,0.0001,0.5850649230182171
1743,0.5848793834447861,0.15547123551368713,0.013688750565052032,0.4157193973660469,0.02427614643238485,0.0001,0.5847666010260582
1744,0.5882116332650185,0.15545679442584515,0.013705074787139893,0.4190497621893883,0.02221416891552508,0.0001,0.584831228107214
1745,0.5805613808333874,0.15539956465363503,0.013690344989299774,0.411471463739872,0.022750914096832275,0.0001,0.5846144817769527
1746,0.5882174447178841,0.15529423393309116,0.013697020709514618,0.4192261826246977,0.022428611293435097,0.0001,0.585138276591897
1747,0.5814918018877506,0.15547716896981,0.013687632977962494,0.4123270008713007,0.023049372131936252,0.0001,0.5847632706165313
1748,0.5831705443561077,0.1554511683061719,0.01368599385023117,0.4140333794057369,0.022796669392846525,0.0001,0.584474603459239
1749,0.5833490155637264,0.15532086417078972,0.01367909461259842,0.414349053055048,0.02215794485528022,0.0001,0.5842220682650805
1750,0.5851105861365795,0.1553425220772624,0.013691619038581848,0.41607644222676754,0.027320980792865157,0.0001,0.5841506157070399
1751,0.5831771977245808,0.15539455879479647,0.013708390295505524,0.41407424211502075,0.02281445823609829,0.0001,0.5839184775948525
1752,0.5840422660112381,0.155562624335289,0.013683371245861053,0.4147962722927332,0.023344499757513404,0.0001,0.5842211253941059
1753,0.5813780277967453,0.15548101346939802,0.013685345649719238,0.41221167147159576,0.02319432026706636,0.0001,0.5838709898293019
1754,0.5840500965714455,0.1554826209321618,0.013674050569534302,0.41489342227578163,0.023497432470321655,0.0001,0.5834548361599445
1755,0.5825569331645966,0.15557023137807846,0.01368686556816101,0.41329983063042164,0.022625965881161392,0.0001,0.5836543913930654
1756,0.5799860320985317,0.15542379766702652,0.013689607381820679,0.4108726307749748,0.02225290355272591,0.0001,0.5828312501311302
1757,0.5841481648385525,0.15534987580031157,0.013694234192371368,0.41510405391454697,0.024843371589668095,0.0001,0.5830968864262104
1758,0.5824596025049686,0.15539670083671808,0.013678163290023804,0.41338473930954933,0.02326976729091257,0.0001,0.5830257922410965
1759,0.5864435471594334,0.15531422942876816,0.013685978949069977,0.4174433369189501,0.02442700881510973,0.0001,0.5833352454006672
1760,0.5779406428337097,0.15534066315740347,0.013686619699001312,0.40891336277127266,0.026341039454564452,0.0001,0.5826182510703802
1761,0.5861653573811054,0.15536367055028677,0.013677239418029785,0.417124442756176,0.0208856234094128,0.0001,0.5829170670360326
1762,0.5849806293845177,0.1554174656048417,0.013679318130016327,0.41588384844362736,0.023321316053625196,0.0001,0.5830109033733606
1763,0.5819489434361458,0.15519473422318697,0.01369687169790268,0.4130573347210884,0.022534137242473662,0.0001,0.5830679949373007
1764,0.5791561529040337,0.15535459574311972,0.013685457408428192,0.4101161025464535,0.024511402705684304,0.0001,0.5825786005705595
1765,0.5791194774210453,0.15543158911168575,0.013704508543014526,0.4099833779036999,0.022755879908800125,0.0001,0.5822348549962044
1766,0.5857098735868931,0.1551356501877308,0.013687141239643097,0.4168870858848095,0.0218063541688025,0.0001,0.5828072391450405
1767,0.5782856158912182,0.15520928148180246,0.0137057825922966,0.4093705490231514,0.02249056554865092,0.0001,0.5822209842503071
1768,0.5862073935568333,0.15522158052772284,0.013690158724784851,0.4172956570982933,0.023525894386693835,0.0001,0.5825957633554936
1769,0.58956603333354,0.15513330418616533,0.013687029480934143,0.4207456987351179,0.02298232715111226,0.0001,0.5829080119729042
1770,0.5832423232495785,0.1553977420553565,0.013683296740055084,0.4141612835228443,0.02283137629274279,0.0001,0.5834381800144911
1771,0.5828883610665798,0.1551744705066085,0.013692937791347504,0.4140209574252367,0.02363797731231898,0.0001,0.5831104803830385
1772,0.584172148257494,0.1552982972934842,0.013673551380634308,0.41520030051469803,0.025848652818240225,0.0001,0.5830296322703361
1773,0.5843717232346535,0.1552081936970353,0.013675257563591003,0.4154882784932852,0.024635068606585264,0.0001,0.5832719102501869
1774,0.5833391025662422,0.15527635533362627,0.013690762221813202,0.41437199525535107,0.022481605177745223,0.0001,0.5836902052164078
1775,0.5816183462738991,0.15529969986528158,0.013673797249794006,0.41264485009014606,0.023041011882014573,0.0001,0.5839400921016932
1776,0.5802841894328594,0.15511546470224857,0.013670295476913452,0.41149842366576195,0.022773273056373,0.0001,0.5833975236862898
1777,0.5822359174489975,0.1553048938512802,0.013700820505619049,0.4132302049547434,0.024097736226394773,0.0001,0.5837925538420677
1778,0.5797142311930656,0.1552735883742571,0.013688340783119202,0.41075231321156025,0.023388526285998523,0.0001,0.583143237605691
1779,0.579598180949688,0.15519445296376944,0.013681530952453613,0.41072219982743263,0.024329655920155346,0.0001,0.5821464523673058
1780,0.5802689604461193,0.15508804377168417,0.013692378997802734,0.41148853302001953,0.02335998078342527,0.0001,0.5818491160869599
1781,0.5837263390421867,0.15519603621214628,0.013683661818504333,0.41484663262963295,0.02506295475177467,0.0001,0.5819329138845205
1782,0.5853734724223614,0.15505632758140564,0.013681471347808838,0.41663567908108234,0.023537041735835373,0.0001,0.5820530463010073
1783,0.5817616060376167,0.1550431251525879,0.013669930398464203,0.4130485486239195,0.02289205091074109,0.0001,0.5817920345813036
1784,0.58403604850173,0.15519772935658693,0.013683512806892395,0.41515481658279896,0.02459889091551304,0.0001,0.5818617291748523
1785,0.581645630300045,0.15533789340406656,0.013673178851604462,0.41263456642627716,0.022871197666972876,0.0001,0.581864457577467
1786,0.5849938429892063,0.15508557204157114,0.013695180416107178,0.4162130933254957,0.024087297031655908,0.0001,0.5823354229331017
1787,0.5833930261433125,0.15512292832136154,0.013684317469596863,0.4145857896655798,0.022499030805192888,0.0001,0.5824511338025331
1788,0.5860866792500019,0.15525711420923471,0.013680145144462585,0.4171494245529175,0.024774434743449092,0.0001,0.5830883786082268
1789,0.5811024345457554,0.15524206403642893,0.013665013015270233,0.4121953584253788,0.025833292631432414,0.0001,0.5832388039678336
1790,0.5850539766252041,0.15510248485952616,0.013683430850505829,0.4162680562585592,0.022936487919650972,0.0001,0.583717305585742
1791,0.5845391899347305,0.15510131791234016,0.013679921627044678,0.41575794853270054,0.021133901202119887,0.0001,0.5837985906749964
1792,0.5787993408739567,0.15491154324263334,0.013693317770957947,0.4101944901049137,0.022787059540860355,0.0001,0.5831411775201559
1793,0.5799649842083454,0.15518246963620186,0.013698145747184753,0.41108437068760395,0.02403918677009642,0.0001,0.5829615153372287
1794,0.5799906626343727,0.1551936799660325,0.013670474290847778,0.411126509308815,0.0236288943560794,0.0001,0.582556976750493
1795,0.5844724103808403,0.15526767168194056,0.013665266335010529,0.4155394695699215,0.024168831994757056,0.0001,0.5828396547585726
1796,0.5843305326998234,0.15513179823756218,0.013696379959583282,0.4155023582279682,0.02366897778119892,0.0001,0.5827733237296343
1797,0.5830064080655575,0.15495517291128635,0.01367206871509552,0.4143791627138853,0.023232890176586807,0.0001,0.5827346619218587
1798,0.5807957388460636,0.1552548473700881,0.013685472309589386,0.41185541823506355,0.025544306612573564,0.0001,0.5822055678814649
1799,0.5852104872465134,0.1550603648647666,0.013672009110450745,0.4164781104773283,0.022143713431432843,0.0001,0.5826163731515408
1800,0.58733044937253,0.15490531455725431,0.013659872114658356,0.41876525804400444,0.02264482621103525,0.0001,0.5828440204262734
1801,0.5832660831511021,0.15507609490305185,0.013675510883331299,0.4145144782960415,0.022478294209577143,0.0001,0.5827167097479105
1802,0.586131639778614,0.1549418130889535,0.013693660497665405,0.4174961671233177,0.023069398710504174,0.0001,0.5834499396383762
1803,0.5846252031624317,0.15499078296124935,0.013686813414096832,0.415947612375021,0.022627048543654382,0.0001,0.5839159615337849
1804,0.5795230567455292,0.15509244985878468,0.013690494000911713,0.4107401054352522,0.023905341397039592,0.0001,0.5838692009449005
1805,0.5849552787840366,0.15504366252571344,0.013702131807804108,0.4162094909697771,0.023145782644860446,0.0001,0.5839174877852201
1806,0.5824202708899975,0.15492870472371578,0.013681873679161072,0.4138097018003464,0.024490196956321597,0.0001,0.5837264616042376
1807,0.5796269066631794,0.1551148109138012,0.013689696788787842,0.4108224008232355,0.024990611942484975,0.0001,0.5833885114639997
1808,0.5845967829227448,0.15474877133965492,0.013681687414646149,0.4161663297563791,0.022275305702351034,0.0001,0.5837686158716678
1809,0.5829513743519783,0.15490342397242785,0.013677775859832764,0.41437017545104027,0.02348720235750079,0.0001,0.5835427045822144
1810,0.5831308662891388,0.15508035477250814,0.013670668005943298,0.4143798444420099,0.021836342988535762,0.0001,0.5831227462738753
1811,0.5846277736127377,0.15491089969873428,0.013684101402759552,0.4160327762365341,0.02293084462871775,0.0001,0.5832589153200388
1812,0.5840341933071613,0.15499209985136986,0.01367563009262085,0.4153664596378803,0.023818544461391866,0.0001,0.5830491706728935
1813,0.5825302079319954,0.15497261006385088,0.013670288026332855,0.41388731449842453,0.02301435370463878,0.0001,0.5828396711498499
1814,0.5829114951193333,0.15488262381404638,0.013688117265701294,0.41434074752032757,0.022165965987369418,0.0001,0.5831785149872303
1815,0.5800105519592762,0.15484788082540035,0.013665728271007538,0.41149694100022316,0.023778438800945878,0.0001,0.5826840423047542
1816,0.5796015523374081,0.15512851439416409,0.01367156207561493,0.4108014777302742,0.024719312437810004,0.0001,0.5824021704494953
1817,0.5794453956186771,0.15497465431690216,0.01369321346282959,0.41077753342688084,0.023024254012852907,0.0001,0.5823840193450451
1818,0.5853048972785473,0.15495374519377947,0.013674333691596985,0.4166768118739128,0.021932522649876773,0.0001,0.5824548307806253
1819,0.5838772654533386,0.15501737222075462,0.013685263693332672,0.4151746314018965,0.023726602317765355,0.0001,0.5825474198907614
1820,0.5791335590183735,0.15487525518983603,0.013678357005119324,0.4105799440294504,0.024427753291092813,0.0001,0.5821476891636849
1821,0.5861417464911938,0.15484448615461588,0.013687297701835632,0.41760996729135513,0.02297853003256023,0.0001,0.5822990864515305
1822,0.5836197957396507,0.1550749223679304,0.01368141919374466,0.41486345417797565,0.024488884606398642,0.0001,0.5822576466947794
1823,0.5865028835833073,0.15485115349292755,0.013692177832126617,0.4179595485329628,0.025412474176846445,0.0001,0.5826549142599106
1824,0.5852971337735653,0.15499594062566757,0.013686686754226685,0.4166145045310259,0.023887679912149906,0.0001,0.5828934781253338
1825,0.5791679583489895,0.1550519373267889,0.01367340236902237,0.4104426261037588,0.02476016036234796,0.0001,0.5828092187643051
1826,0.5870008431375027,0.15509373042732477,0.013664886355400085,0.41824223287403584,0.022235843003727496,0.0001,0.5835491478443146
1827,0.5827110931277275,0.15493181720376015,0.013673797249794006,0.41410548239946365,0.021959514706395566,0.0001,0.5838757175952196
1828,0.5847695507109165,0.15494182519614697,0.013673283159732819,0.41615443862974644,0.024106325232423842,0.0001,0.5838221829384566
1829,0.5837896019220352,0.15493218321353197,0.013675235211849213,0.4151821807026863,0.023226336110383272,0.0001,0.5838134165853262
1830,0.582423746585846,0.1546974489465356,0.013673126697540283,0.4140531700104475,0.022790145478211343,0.0001,0.5841424353420734
1831,0.579299159348011,0.15498561970889568,0.013679057359695435,0.41063448414206505,0.02382568398024887,0.0001,0.5834581766277551
1832,0.5820849537849426,0.15519463550299406,0.013667233288288116,0.413223085924983,0.024196952232159674,0.0001,0.5833046924322843
1833,0.5800867639482021,0.15498849842697382,0.013678692281246185,0.4114195704460144,0.025245820404961705,0.0001,0.5826630804687738
1834,0.5803099684417248,0.15483053773641586,0.013693958520889282,0.4117854703217745,0.024604603881016374,0.0001,0.5821643639355898
1835,0.5840048491954803,0.15488670486956835,0.01367267221212387,0.415445476770401,0.022254900017287582,0.0001,0.5826480530202389
1836,0.5835759714245796,0.15484652668237686,0.013670854270458221,0.41505859419703484,0.023514889762736857,0.0001,0.5823055658489465
1837,0.578384418040514,0.15488153975456953,0.013687819242477417,0.4098150599747896,0.023206473444588482,0.0001,0.5818728983402253
1838,0.5841314755380154,0.1548655303195119,0.013689003884792328,0.4155769366770983,0.022273936890996993,0.0001,0.5818090908229351
1839,0.587107390165329,0.1548005323857069,0.013674117624759674,0.41863273456692696,0.021928957081399858,0.0001,0.5821408696472645
1840,0.582052368670702,0.1546410033479333,0.01366066187620163,0.4137507062405348,0.022235751152038574,0.0001,0.58210373185575
1841,0.5864449292421341,0.1549009159207344,0.013664484024047852,0.4178795348852873,0.02189285249914974,0.0001,0.5828183088451624
1842,0.5848401449620724,0.15485837496817112,0.01367136836051941,0.4163103997707367,0.025080432649701834,0.0001,0.5830938279628753
1843,0.5813310816884041,0.15502550918608904,0.013674139976501465,0.41263144090771675,0.022042518365196884,0.0001,0.5832182597368956
1844,0.5823597647249699,0.1548434030264616,0.013678044080734253,0.4138383138924837,0.023089869413524866,0.0001,0.5834232393652201
1845,0.5812431946396828,0.15469303168356419,0.013662882149219513,0.41288728453218937,0.02158264070749283,0.0001,0.5831470739096403
1846,0.5820323452353477,0.15488982014358044,0.01366376131772995,0.4134787656366825,0.022740579093806446,0.0001,0.5829927112907172
1847,0.5858284682035446,0.1548054674640298,0.013684682548046112,0.417338315397501,0.02235765557270497,0.0001,0.5837371163070202
1848,0.5872508212924004,0.15470226854085922,0.013687528669834137,0.41886102594435215,0.022639002418145537,0.0001,0.5840490508824587
1849,0.58605882152915,0.1548574697226286,0.013671599328517914,0.4175297450274229,0.02271393348928541,0.0001,0.5839441940188408
1850,0.5809987559914589,0.15484719723463058,0.01367390900850296,0.41247765347361565,0.024270044872537255,0.0001,0.5838388327509165
1851,0.5856170356273651,0.15481265727430582,0.013680770993232727,0.4171236176043749,0.024130048230290413,0.0001,0.5837560433894395
1852,0.5850349999964237,0.1547016901895404,0.013673678040504456,0.4166596345603466,0.023144161910749972,0.0001,0.5837755288928748
1853,0.5811253786087036,0.1546908998861909,0.013684041798114777,0.4127504341304302,0.023970710346475244,0.0001,0.5837549585849047
1854,0.5832593627274036,0.15467028599232435,0.013677209615707397,0.4149118550121784,0.024908904684707522,0.0001,0.5838449183851481
1855,0.5833767019212246,0.15469238068908453,0.013678863644599915,0.4150054547935724,0.023707514395937324,0.0001,0.5840582691133023
1856,0.5833468399941921,0.15493358578532934,0.013685517013072968,0.4147277381271124,0.022199408675078303,0.0001,0.5841897185891867
1857,0.5854755789041519,0.1545373545959592,0.013674929738044739,0.417263301089406,0.022941100411117077,0.0001,0.5841544296592474
1858,0.582229595631361,0.1548012960702181,0.013657741248607635,0.41377055272459984,0.02298614999745041,0.0001,0.5836523070931434
1859,0.5841293558478355,0.1548060728237033,0.013660170137882233,0.415663106366992,0.022771519841626287,0.0001,0.583459360525012
1860,0.5843163914978504,0.15469218511134386,0.013678520917892456,0.4159456845372915,0.02262159832753241,0.0001,0.5837911240756511
1861,0.5832344852387905,0.1548372618854046,0.013670988380908966,0.41472623497247696,0.02445654454641044,0.0001,0.5835528690367937
1862,0.5788278840482235,0.15460845921188593,0.013653576374053955,0.41056584008038044,0.02165111224167049,0.0001,0.5829321574419737
1863,0.5858997516334057,0.15468928311020136,0.013677127659320831,0.4175333306193352,0.02451920893508941,0.0001,0.5834095947444439
1864,0.5825902745127678,0.15465224906802177,0.013665899634361267,0.41427211835980415,0.024213009979575872,0.0001,0.5833426859229803
1865,0.5828026197850704,0.15478362143039703,0.013671666383743286,0.41434732638299465,0.02323002554476261,0.0001,0.5832852777093649
1866,0.5870484597980976,0.15464358031749725,0.01367853581905365,0.418726347386837,0.02497567841783166,0.0001,0.5836554396897554
1867,0.5882447212934494,0.15470793470740318,0.013670742511749268,0.4198660496622324,0.024430288700386882,0.0001,0.5839323539286851
1868,0.5806712806224823,0.1546274572610855,0.013682432472705841,0.41236138716340065,0.02167886251118034,0.0001,0.5837765224277973
1869,0.5860214605927467,0.15477402787655592,0.013671375811100006,0.41757605597376823,0.021294121514074504,0.0001,0.5839657329022885
1870,0.5836641676723957,0.15463212132453918,0.013683415949344635,0.4153486341238022,0.02335712220519781,0.0001,0.583900510519743
1871,0.5843218863010406,0.1546193091198802,0.0136709064245224,0.4160316772758961,0.022912694490514696,0.0001,0.584009250625968
1872,0.581917367875576,0.15450447797775269,0.013669453561306,0.4137434381991625,0.022654720582067966,0.0001,0.5843181990087032
1873,0.5830140933394432,0.15475976560264826,0.013662070035934448,0.4145922567695379,0.0226876208325848,0.0001,0.584029633179307
1874,0.5852300673723221,0.1545531153678894,0.01368626207113266,0.4169906899333,0.021642939769662917,0.0001,0.5842936124652625
1875,0.5812488757073879,0.15480361133813858,0.013690456748008728,0.41275480203330517,0.02333175000967458,0.0001,0.5841382380574942
1876,0.5843290351331234,0.1545969108119607,0.013692907989025116,0.4160392191261053,0.02384941279888153,0.0001,0.5838662955909968
1877,0.5803615972399712,0.15447507239878178,0.013685427606105804,0.41220109537243843,0.023782442789524794,0.0001,0.583077983185649
1878,0.5830764248967171,0.15449497662484646,0.013690553605556488,0.414890892803669,0.02271844318602234,0.0001,0.5833184976130724
1879,0.5863648280501366,0.15461368393152952,0.013669304549694061,0.4180818386375904,0.022482079919427633,0.0001,0.5833528343588114
1880,0.5829246267676353,0.1545350281521678,0.013677768409252167,0.41471183113753796,0.02148486045189202,0.0001,0.5832788802683353
1881,0.5861631222069263,0.15458520781248808,0.013671137392520905,0.4179067797958851,0.021761774783954024,0.0001,0.5834630038589239
1882,0.5825178697705269,0.1547922184690833,0.013661220669746399,0.4140644408762455,0.02177308709360659,0.0001,0.583523054048419
1883,0.5816572718322277,0.15458215307444334,0.013685807585716248,0.41338930651545525,0.02402407128829509,0.0001,0.5833873718976974
1884,0.5813361257314682,0.15435937326401472,0.013684459030628204,0.4132922925055027,0.021870041848160326,0.0001,0.5829979777336121
1885,0.5816840194165707,0.15453294198960066,0.013664618134498596,0.41348646208643913,0.022320467978715897,0.0001,0.5830414921045304
1886,0.5801716968417168,0.15450584702193737,0.01368577778339386,0.41198006458580494,0.023249397752806544,0.0001,0.5826257582753896
1887,0.5821319371461868,0.15450536273419857,0.013661772012710571,0.41396480426192284,0.0225638187257573,0.0001,0.5828027922660113
1888,0.5816246569156647,0.15455805603414774,0.013675600290298462,0.4133909996598959,0.02290755114518106,0.0001,0.582657615467906
1889,0.5827722512185574,0.15452729165554047,0.013679146766662598,0.41456581093370914,0.022195324883796275,0.0001,0.582298357784748
1890,0.5867660008370876,0.15450147166848183,0.013669230043888092,0.41859530471265316,0.022698053915519267,0.0001,0.5826824951916934
1891,0.5841965302824974,0.15445641800761223,0.01366986334323883,0.4160702507942915,0.02309003530535847,0.0001,0.5824858359992504
1892,0.582615077495575,0.15440146811306477,0.013662867248058319,0.41455074213445187,0.022308886400423944,0.0001,0.5824955567717552
1893,0.5833096727728844,0.1545997504144907,0.013679608702659607,0.41503031738102436,0.024351741303689778,0.0001,0.5826607968658208
1894,0.5823783874511719,0.15446674171835184,0.013664640486240387,0.4142470099031925,0.022730893339030445,0.0001,0.5827650230377912
1895,0.5823481939733028,0.1545539740473032,0.013671375811100006,0.41412285156548023,0.022178101004101336,0.0001,0.5828314404934645
1896,0.5835205614566803,0.1545853791758418,0.013688497245311737,0.4152466878294945,0.02225230453768745,0.0001,0.5831663269549608
1897,0.5850443318486214,0.15444399043917656,0.013669073581695557,0.41693127155303955,0.021724924561567605,0.0001,0.5834575664252043
1898,0.5825231373310089,0.15443758573383093,0.01367390900850296,0.4144116435199976,0.02424856915604323,0.0001,0.5835474144667387
1899,0.5798872895538807,0.15442520566284657,0.013670071959495544,0.41179201751947403,0.02486675966065377,0.0001,0.583258918300271
1900,0.5821514837443829,0.15432982333004475,0.013672679662704468,0.4141489788889885,0.02078521775547415,0.0001,0.5827974665910005
1901,0.5845054499804974,0.15445154439657927,0.013659067451953888,0.4163948502391577,0.022011517314240336,0.0001,0.5828283585608005
1902,0.5848058760166168,0.1544392528012395,0.013684995472431183,0.4166816174983978,0.02338888472877443,0.0001,0.5830474384129047
1903,0.5797087661921978,0.15439734421670437,0.013670116662979126,0.41164131090044975,0.02393113635480404,0.0001,0.5826873477548361
1904,0.5858019664883614,0.1545587182044983,0.013675689697265625,0.4175675567239523,0.022892128443345428,0.0001,0.583029705658555
1905,0.5843132250010967,0.15439238585531712,0.013678111135959625,0.41624272614717484,0.023906901944428682,0.0001,0.5832262087613345
1906,0.5805049724876881,0.15445972606539726,0.013667583465576172,0.4123776704072952,0.023430577013641596,0.0001,0.5829246498644352
1907,0.5830738805234432,0.1544855972751975,0.013685740530490875,0.41490254178643227,0.023596215876750648,0.0001,0.5827276047319174
1908,0.5801368840038776,0.1543972920626402,0.013682670891284943,0.4120569135993719,0.022575065609999,0.0001,0.5824889793992043
1909,0.5894924141466618,0.1544301174581051,0.013674341142177582,0.4213879518210888,0.022266236832365394,0.0001,0.5834494918584824
1910,0.5838564522564411,0.15440889727324247,0.013678029179573059,0.41576953046023846,0.02331846917513758,0.0001,0.5836199887096882
1911,0.5844060964882374,0.15447630267590284,0.013660147786140442,0.4162696450948715,0.023559350171126425,0.0001,0.5836100533604622
1912,0.5804431959986687,0.1544691240414977,0.013674713671207428,0.41229935735464096,0.022024324047379196,0.0001,0.5831737853586674
1913,0.5805293545126915,0.1545156892389059,0.01366867870092392,0.41234499029815197,0.024586654151789844,0.0001,0.5832558441907167
1914,0.581038948148489,0.15425399504601955,0.013652950525283813,0.41313200257718563,0.021569589735008776,0.0001,0.5827795423567295
1915,0.583516325801611,0.15425979532301426,0.01366320252418518,0.41559332236647606,0.022027206956408918,0.0001,0.5826998524367809
1916,0.5813967399299145,0.1544118905439973,0.013671450316905975,0.4133134000003338,0.023661822197027504,0.0001,0.5827890291810036
1917,0.5868076682090759,0.1544050583615899,0.013668201863765717,0.4187344089150429,0.02225851477123797,0.0001,0.5831624079495669
1918,0.5795516930520535,0.15447381790727377,0.013667769730091095,0.411410104483366,0.025614664773456752,0.0001,0.5831038888543845
1919,0.5851200856268406,0.15446434449404478,0.013677813112735748,0.41697792522609234,0.02229639794677496,0.0001,0.5826666560024023
1920,0.5834938660264015,0.15424160845577717,0.013675428926944733,0.41557682678103447,0.02098784362897277,0.0001,0.5826303973793984
1921,0.5838190093636513,0.15442743245512247,0.01366916298866272,0.41572241857647896,0.021494342130608857,0.0001,0.5825716886669398
1922,0.5826798938214779,0.15428858622908592,0.013667576014995575,0.4147237278521061,0.02198877918999642,0.0001,0.5827953584492207
1923,0.5826151855289936,0.15423373878002167,0.013671919703483582,0.41470953077077866,0.02066724665928632,0.0001,0.5830039415508509
1924,0.5878008641302586,0.15432077553123236,0.013668842613697052,0.4198112469166517,0.02269811963196844,0.0001,0.5836801331490278
1925,0.5821520760655403,0.15428705420345068,0.013683930039405823,0.41418108716607094,0.024051407002843916,0.0001,0.5835437081754208
1926,0.5830198787152767,0.15447445772588253,0.013669922947883606,0.41487549990415573,0.023445446975529194,0.0001,0.5837060220539569
1927,0.5771106481552124,0.15424745250493288,0.01367245614528656,0.409190746024251,0.024792514042928815,0.0001,0.5827363200485707
1928,0.5865576788783073,0.15425210166722536,0.013655275106430054,0.4186502993106842,0.02164565131533891,0.0001,0.5834369186311961
1929,0.5815789513289928,0.15426772646605968,0.013668082654476166,0.413643142208457,0.020812824135646224,0.0001,0.5830828052014112
1930,0.5785806030035019,0.1541051184758544,0.013646796345710754,0.41082868725061417,0.02221722819376737,0.0001,0.5825914788991213
1931,0.5859505832195282,0.15420966409146786,0.013659916818141937,0.4180809948593378,0.023003453970886767,0.0001,0.582804636284709
1932,0.5833060666918755,0.15421346947550774,0.013687528669834137,0.41540506668388844,0.02464471070561558,0.0001,0.5828672535717487
1933,0.5818078257143497,0.15422724280506372,0.0136680006980896,0.41391258500516415,0.02291737194173038,0.0001,0.5827865175902843
1934,0.5833596102893353,0.15422587655484676,0.013649560511112213,0.4154841769486666,0.022353883367031813,0.0001,0.582342392206192
1935,0.5810166224837303,0.15436254907399416,0.013661779463291168,0.4129922930151224,0.02389176026917994,0.0001,0.582228846848011
1936,0.5858661830425262,0.1542524741962552,0.013654053211212158,0.41795965284109116,0.024147633695974946,0.0001,0.582513477280736
1937,0.5803626962006092,0.15431249514222145,0.013662509620189667,0.41238768957555294,0.02289961278438568,0.0001,0.5828386820852757
1938,0.5841607786715031,0.15425216127187014,0.013679809868335724,0.41622881032526493,0.02241898071952164,0.0001,0.5825989920645952
1939,0.5848782435059547,0.15437863767147064,0.013694852590560913,0.41680474393069744,0.021285855676978827,0.0001,0.5829289212822915
1940,0.5786614082753658,0.15414748713374138,0.013667233288288116,0.41084670275449753,0.023251453530974686,0.0001,0.5829370018094778
1941,0.5809310674667358,0.15429404750466347,0.01366724818944931,0.4129697736352682,0.023258025525137782,0.0001,0.5824350502341986
1942,0.5814751014113426,0.15426716580986977,0.013674236834049225,0.4135336931794882,0.023584748152643442,0.0001,0.5822519537061452
1943,0.577760636806488,0.1542514069005847,0.013668730854988098,0.4098405037075281,0.02132781408727169,0.0001,0.5818472348153592
1944,0.5817487351596355,0.15419769566506147,0.01366790384054184,0.41388313844799995,0.021606009220704436,0.0001,0.5816861473023891
1945,0.5826037600636482,0.1542602153494954,0.013665497303009033,0.41467805206775665,0.022359218215569854,0.0001,0.5818448610603809
1946,0.58607342466712,0.15415178146213293,0.013661198318004608,0.41826044395565987,0.02226279431488365,0.0001,0.5818655852228403
1947,0.5830042101442814,0.15423650573939085,0.013669751584529877,0.4150979556143284,0.021291167242452502,0.0001,0.5821297366172076
1948,0.5791451074182987,0.1541652176529169,0.013667799532413483,0.4113120958209038,0.021549845347180963,0.0001,0.5816281694918871
1949,0.5875775665044785,0.15413143578916788,0.01366693526506424,0.4197791889309883,0.022185480571351945,0.0001,0.5818981017917395
1950,0.5816040709614754,0.15418008528649807,0.013668164610862732,0.41375582106411457,0.023005744442343712,0.0001,0.5821923680603505
1951,0.5814557373523712,0.1542619727551937,0.013661496341228485,0.413532268255949,0.021994459093548357,0.0001,0.582244835048914
1952,0.5844240300357342,0.15425872150808573,0.013669557869434357,0.4164957571774721,0.022615585767198354,0.0001,0.5825397279113531
1953,0.581059318035841,0.15412426739931107,0.013673648238182068,0.41326140239834785,0.02308925858233124,0.0001,0.5828695960342885
1954,0.5813682936131954,0.15420321468263865,0.013674505054950714,0.4134905729442835,0.022802394232712686,0.0001,0.5828315518796444
1955,0.5818813480436802,0.15409353468567133,0.013674899935722351,0.41411291249096394,0.024332203320227563,0.0001,0.5827593106776476
1956,0.5783803835511208,0.15417218022048473,0.013671904802322388,0.41053629852831364,0.02181332476902753,0.0001,0.5819900065660477
1957,0.5824706666171551,0.15411358140408993,0.01365969330072403,0.4146973956376314,0.022428351687267423,0.0001,0.581936652213335
1958,0.5822682343423367,0.15424062311649323,0.013658791780471802,0.4143688213080168,0.02191646775463596,0.0001,0.5822489649057389
1959,0.5828711166977882,0.15412658359855413,0.013655148446559906,0.4150893874466419,0.02188102842774242,0.0001,0.5817783199250698
1960,0.5818285532295704,0.15397973265498877,0.013665556907653809,0.4141832683235407,0.023190391715615988,0.0001,0.5818007681518793
1961,0.582168448716402,0.15396882873028517,0.013671226799488068,0.41452839598059654,0.022722993860952556,0.0001,0.5818720392882824
1962,0.579282134771347,0.15388367418199778,0.013669818639755249,0.41172864101827145,0.023234487394802272,0.0001,0.5813578497618437
1963,0.5827916413545609,0.15407733339816332,0.013657428324222565,0.4150568749755621,0.022434926009736955,0.0001,0.5815310820937156
1964,0.5784352533519268,0.1542575303465128,0.013656117022037506,0.4105216059833765,0.022625579964369535,0.0001,0.5812377780675888
1965,0.5825197361409664,0.1540944967418909,0.013672776520252228,0.4147524628788233,0.023231414146721363,0.0001,0.5813016168773174
1966,0.5813715867698193,0.15411785431206226,0.01365961879491806,0.41359411738812923,0.02319672319572419,0.0001,0.5816007371991873
1967,0.5814397558569908,0.1541772410273552,0.013654455542564392,0.4136080611497164,0.022892432752996683,0.0001,0.5814976461231709
1968,0.5789247043430805,0.15412096958607435,0.013673298060894012,0.41113043017685413,0.024357727030292153,0.0001,0.5811632931232452
1969,0.5837524048984051,0.15418729837983847,0.013652153313159943,0.41591295786201954,0.023112624185159802,0.0001,0.5812514219433069
1970,0.5809466540813446,0.15414824336767197,0.013659939169883728,0.41313846968114376,0.023635562043637037,0.0001,0.5811632320284843
1971,0.5798137858510017,0.15413301903754473,0.013660430908203125,0.412020331248641,0.023041612468659878,0.0001,0.5809277657419443
1972,0.5841169208288193,0.1540304496884346,0.013658702373504639,0.41642776876688004,0.022044437238946557,0.0001,0.5814112443476915
1973,0.5784557200968266,0.15415427461266518,0.013654962182044983,0.4106464795768261,0.024840166326612234,0.0001,0.5809776522219181
1974,0.5827588587999344,0.15400458313524723,0.013662293553352356,0.41509198024868965,0.022258247481659055,0.0001,0.5814100127667189
1975,0.5819780379533768,0.15416740532964468,0.013672590255737305,0.41413803584873676,0.02268229378387332,0.0001,0.5813558429479599
1976,0.5836605057120323,0.1541832685470581,0.01368376612663269,0.41579347290098667,0.023784212418831885,0.0001,0.5815847348421812
1977,0.581883791834116,0.15390575770288706,0.013681337237358093,0.4142966978251934,0.023967024171724916,0.0001,0.5816291384398937
1978,0.5805621817708015,0.15396287385374308,0.013674132525920868,0.4129251763224602,0.022779583290684968,0.0001,0.5817928861826658
1979,0.5825976617634296,0.15405243914574385,0.013651229441165924,0.41489400155842304,0.02396436652634293,0.0001,0.5816774118691683
1980,0.5818939656019211,0.15397903323173523,0.013652719557285309,0.4142622221261263,0.022731405100785196,0.0001,0.5817721430212259
1981,0.5814412645995617,0.15413658507168293,0.013649776577949524,0.4136549085378647,0.02271706867031753,0.0001,0.581934890896082
1982,0.582364484667778,0.15393710508942604,0.01368018239736557,0.41474719531834126,0.022523474064655602,0.0001,0.5817596472799778
1983,0.5815561525523663,0.1540920613333583,0.013655416667461395,0.41380867175757885,0.022650816827081144,0.0001,0.5820696905255318
1984,0.581051591783762,0.15409834031015635,0.013653486967086792,0.413299772888422,0.023387368419207633,0.0001,0.5818989638239145
1985,0.5807958245277405,0.15400585439056158,0.013664834201335907,0.41312513686716557,0.024425036273896694,0.0001,0.5817807424813509
1986,0.5765970759093761,0.1541420603170991,0.01365390419960022,0.40880110673606396,0.022761017084121704,0.0001,0.5810743995010853
1987,0.5810883194208145,0.15393091924488544,0.013670749962329865,0.41348665952682495,0.024776516482234,0.0001,0.5809948522597551
1988,0.5870180949568748,0.15403371211141348,0.013655491173267365,0.41932889074087143,0.022116590524092317,0.0001,0.5816404435783624
1989,0.5838521383702755,0.1539321020245552,0.013658590614795685,0.4162614457309246,0.021178875118494034,0.0001,0.5817658912390471
1990,0.5801274292171001,0.15386924427002668,0.013660334050655365,0.41259785927832127,0.025048270937986672,0.0001,0.5815892376005649
1991,0.581867765635252,0.15387852303683758,0.013659246265888214,0.4143299963325262,0.022264858125708997,0.0001,0.581631887704134
1992,0.5805499739944935,0.15391761995851994,0.013663709163665771,0.4129686485975981,0.02200215624179691,0.0001,0.5814504366368055
1993,0.5813603959977627,0.15394775569438934,0.013649910688400269,0.41376273334026337,0.022744592279195786,0.0001,0.5814308609813452
1994,0.5813464559614658,0.15388128720223904,0.013669699430465698,0.4137954730540514,0.023982756421901286,0.0001,0.5814603473991156
1995,0.5823869928717613,0.15403464157134295,0.013656407594680786,0.41469594463706017,0.023606230039149523,0.0001,0.5816194642335176
1996,0.5799212902784348,0.1539176171645522,0.013671256601810455,0.4123324193060398,0.021544734481722116,0.0001,0.5819518856704236
1997,0.5802001915872097,0.15405604057013988,0.013654209673404694,0.4124899320304394,0.022935282322578132,0.0001,0.5818630728870631
1998,0.5852597057819366,0.15407493989914656,0.013657189905643463,0.4175275731831789,0.023526720935478806,0.0001,0.5816872339695692
1999,0.5832265168428421,0.1539843613281846,0.013644561171531677,0.4155975915491581,0.024186486494727433,0.0001,0.5816246718168259
2000,0.578740831464529,0.1538068512454629,0.01366184651851654,0.4112721420824528,0.021906753769144416,0.0001,0.5814860120415688
2001,0.5817375220358372,0.1540308091789484,0.013655416667461395,0.4140512999147177,0.022652096231468022,0.0001,0.5814729876816273
2002,0.5809263773262501,0.15385327115654945,0.013663016259670258,0.41341008245944977,0.023219366441480815,0.0001,0.5815106280148029
2003,0.583368506282568,0.1538627315312624,0.013655565679073334,0.41585020907223225,0.02362664125394076,0.0001,0.5817114390432835
2004,0.5852823033928871,0.1538987448439002,0.013649091124534607,0.4177344609051943,0.023573800222948194,0.0001,0.5821050237864256
2005,0.5830699540674686,0.15395985543727875,0.013670921325683594,0.4154391773045063,0.02075596177019179,0.0001,0.5821733199059963
2006,0.5780647546052933,0.1537092486396432,0.013667792081832886,0.4106877129524946,0.02224854496307671,0.0001,0.5819876663386822
2007,0.5804427936673164,0.15379482973366976,0.013657741248607635,0.4129902273416519,0.023443126468919218,0.0001,0.5820119265466929
2008,0.5858434215188026,0.15403782203793526,0.013647019863128662,0.4181585777550936,0.023992742877453566,0.0001,0.5820702981203795
2009,0.5810710527002811,0.1537179285660386,0.013635188341140747,0.41371793299913406,0.023066319525241852,0.0001,0.5818547517061233
2010,0.5789679661393166,0.1539478376507759,0.013648837804794312,0.41137128695845604,0.022737175226211548,0.0001,0.5818774651736021
2011,0.5790173932909966,0.15388022270053625,0.013646654784679413,0.41149051673710346,0.021826367126777768,0.0001,0.5816054522991181
2012,0.5832791663706303,0.1539260083809495,0.013648800551891327,0.41570436023175716,0.0248323199339211,0.0001,0.5818407312035561
2013,0.587016835808754,0.15389032289385796,0.013649404048919678,0.41947709769010544,0.021459042793139815,0.0001,0.5822055641561746
2014,0.5843816623091698,0.15381601452827454,0.013658858835697174,0.4169067945331335,0.02272110804915428,0.0001,0.5821155000478029
2015,0.5828009806573391,0.15370688028633595,0.013655200600624084,0.4154389016330242,0.022897428483702242,0.0001,0.58208860270679
2016,0.5812416709959507,0.15394633822143078,0.013659097254276276,0.4136362299323082,0.021896935999393463,0.0001,0.5824062943458557
2017,0.583542350679636,0.15383628755807877,0.013665787875652313,0.416040264070034,0.021386651322245598,0.0001,0.5827162500470877
2018,0.5851247198879719,0.15395988337695599,0.013659685850143433,0.4175051525235176,0.022480576997622848,0.0001,0.5826443798840046
2019,0.5818671584129333,0.1536627383902669,0.013657256960868835,0.41454716213047504,0.01978919329121709,0.0001,0.5827239904552698
2020,0.5814331285655499,0.15379621926695108,0.013670064508914948,0.41396685130894184,0.021614540950395167,0.0001,0.5829705066978932
2021,0.5796414688229561,0.1540075819939375,0.013648539781570435,0.4119853526353836,0.025251376791857183,0.0001,0.583032914251089
2022,0.5870999060571194,0.1537464102730155,0.013656847178936005,0.4196966513991356,0.023743566242046654,0.0001,0.583414988219738
2023,0.5789828412234783,0.15383532643318176,0.013657398521900177,0.4114901125431061,0.026008873712271452,0.0001,0.5826115887612104
2024,0.5802095457911491,0.15370180737227201,0.013664431869983673,0.41284330375492573,0.024989951169118285,0.0001,0.5821943771094084
2025,0.5877580121159554,0.15375131834298372,0.01364230364561081,0.42036438919603825,0.021732455992605537,0.0001,0.58269008025527
2026,0.5843483246862888,0.15386809408664703,0.013663150370121002,0.4168170765042305,0.023063143948093057,0.0001,0.5830007456243038
2027,0.5805212520062923,0.15383358020335436,0.013646043837070465,0.4130416177213192,0.021942350431345403,0.0001,0.5826986357569695
2028,0.5804737098515034,0.15368690248578787,0.013645492494106293,0.4131413158029318,0.021399714518338442,0.0001,0.5822335347533226
2029,0.5814039781689644,0.1537073953077197,0.013670623302459717,0.4140259549021721,0.022205483517609537,0.0001,0.5821872167289257
2030,0.5831812731921673,0.153745723888278,0.013650670647621155,0.4157848712056875,0.02551923505961895,0.0001,0.5823620311915875
2031,0.58104482665658,0.1535172238945961,0.013655908405780792,0.4138717018067837,0.024415896739810705,0.0001,0.5825023669749498
2032,0.5827975831925869,0.15376120898872614,0.013656608760356903,0.41537976637482643,0.024373641586862504,0.0001,0.5820721346884966
2033,0.5773743502795696,0.15377388522028923,0.013652600347995758,0.4099478628486395,0.02413103450089693,0.0001,0.5819112855941058
2034,0.5835563354194164,0.15377126820385456,0.013668254017829895,0.41611681319773197,0.02482096536550671,0.0001,0.5822459645569324
2035,0.5804465599358082,0.1536727249622345,0.013650566339492798,0.41312326304614544,0.021394211216829717,0.0001,0.5815148193389177
2036,0.5810200162231922,0.15382478758692741,0.013653315603733063,0.41354191675782204,0.02291366271674633,0.0001,0.581181988492608
2037,0.5902226828038692,0.15385239478200674,0.013653621077537537,0.4227166660130024,0.02304107102099806,0.0001,0.5821521315723658
2038,0.5826902538537979,0.15369485039263964,0.013655811548233032,0.41533958725631237,0.02409354131668806,0.0001,0.5823737859725953
2039,0.5828071497380733,0.15367604698985815,0.013652630150318146,0.4154784753918648,0.02402139501646161,0.0001,0.5825141031295061
2040,0.5775524452328682,0.1537341447547078,0.0136624276638031,0.41015587374567986,0.022492562071420252,0.0001,0.5819512203335762
2041,0.5842059962451458,0.15363123640418053,0.013655617833137512,0.4169191401451826,0.02268583548720926,0.0001,0.5822673372924327
2042,0.5823121629655361,0.15359342098236084,0.013670869171619415,0.415047874674201,0.025909183779731393,0.0001,0.5822187952697278
2043,0.5786470957100391,0.15382033679634333,0.013656340539455414,0.4111704211682081,0.024775380501523614,0.0001,0.5823460698127747
2044,0.581722117960453,0.15382874757051468,0.0136488676071167,0.41424450278282166,0.023804210009984672,0.0001,0.5821626480668783
2045,0.5832505859434605,0.15368797723203897,0.013658441603183746,0.41590416990220547,0.022350444458425045,0.0001,0.5824430506676436
2046,0.5838564783334732,0.15361032541841269,0.013648800551891327,0.4165973514318466,0.021432284032925963,0.0001,0.5827266968786716
2047,0.5857369191944599,0.15354114584624767,0.013656526803970337,0.41853924095630646,0.021220499300397933,0.0001,0.5822781205177308
2048,0.5859255082905293,0.15382361318916082,0.013660669326782227,0.4184412322938442,0.021535087609663606,0.0001,0.5826016459614038
2049,0.5835798643529415,0.15374352131038904,0.01366279274225235,0.41617356054484844,0.023189800209365785,0.0001,0.5826789174228907
2050,0.5843166261911392,0.1536351703107357,0.013644926249980927,0.4170365259051323,0.022906863130629063,0.0001,0.5833553355187178
2051,0.5828818120062351,0.15376630425453186,0.013669870793819427,0.41544563323259354,0.023116682772524655,0.0001,0.5832229170948267
2052,0.5837758593261242,0.15380746126174927,0.01364387571811676,0.41632452234625816,0.022325359634123743,0.0001,0.5833692867308855
2053,0.5835867151618004,0.15357048716396093,0.013658314943313599,0.4163579139858484,0.023854340659454465,0.0001,0.5838632486760617
2054,0.5855719931423664,0.15373740438371897,0.013665750622749329,0.41816883720457554,0.022528393543325365,0.0001,0.5842482361942529
2055,0.5806086361408234,0.1535031646490097,0.013671070337295532,0.413434399291873,0.023358241538517177,0.0001,0.5839840412139893
2056,0.5816050358116627,0.15362878050655127,0.013637356460094452,0.41433889232575893,0.02093318582046777,0.0001,0.5837588969618082
2057,0.5807919502258301,0.15354876033961773,0.013642311096191406,0.4136008806526661,0.022561466321349144,0.0001,0.5832644000649452
2058,0.5797981731593609,0.15352951269596815,0.013658523559570312,0.41261012852191925,0.022382716997526586,0.0001,0.5826516665518284
2059,0.5808128379285336,0.15350165031850338,0.013639383018016815,0.4136718064546585,0.024265783722512424,0.0001,0.5823749639093876
2060,0.5795654989778996,0.15383755508810282,0.013651564717292786,0.4120763801038265,0.02294338122010231,0.0001,0.5818998511880636
2061,0.579921193420887,0.1536075258627534,0.01365651935338974,0.41265715286135674,0.021580970380455256,0.0001,0.5816037893295288
2062,0.5834350176155567,0.15372109971940517,0.013656102120876312,0.41605781577527523,0.024765450740233064,0.0001,0.5815697051584721
2063,0.5808538235723972,0.15345241595059633,0.013646073639392853,0.41375534422695637,0.02162078279070556,0.0001,0.5812964159995317
2064,0.5850328356027603,0.15356913395226002,0.0136508047580719,0.4178128968924284,0.02217082923743874,0.0001,0.5812425002455711
2065,0.5802673362195492,0.15362434647977352,0.013658903539180756,0.4129840899258852,0.0227438157889992,0.0001,0.5812083702534437
2066,0.5833211354911327,0.1535039022564888,0.01364906132221222,0.41616816632449627,0.02190953283570707,0.0001,0.5813799802213907
2067,0.5826010182499886,0.15341220702975988,0.013658136129379272,0.4155306797474623,0.021064610220491886,0.0001,0.5815608870238066
2068,0.579919833689928,0.1532684052363038,0.013645350933074951,0.4130060765892267,0.021751396940089762,0.0001,0.5815730530768632
2069,0.5823807679116726,0.15349581837654114,0.013647578656673431,0.4152373671531677,0.022509537870064378,0.0001,0.5817298460751772
2070,0.5795098803937435,0.15362275578081608,0.013646245002746582,0.41224087588489056,0.02371041604783386,0.0001,0.5817242842167616
2071,0.5811192728579044,0.15345988515764475,0.01364395022392273,0.4140154365450144,0.021465115249156952,0.0001,0.5818440921604633
2072,0.5831597484648228,0.15357505343854427,0.01365891844034195,0.41592577658593655,0.021050223615020514,0.0001,0.5818165652453899
2073,0.5795043557882309,0.15359335020184517,0.013669304549694061,0.4122416917234659,0.025074940756894648,0.0001,0.5816816184669733
2074,0.5803131498396397,0.15349998325109482,0.013647548854351044,0.41316561959683895,0.0254521572496742,0.0001,0.5812096498906613
2075,0.580490093678236,0.15340031869709492,0.013650402426719666,0.4134393744170666,0.023894792655482888,0.0001,0.5812319256365299
2076,0.5815992169082165,0.15346393175423145,0.013648241758346558,0.4144870452582836,0.022402911563403904,0.0001,0.5810597337782383
2077,0.5790377408266068,0.15361379366368055,0.013641580939292908,0.4117823727428913,0.0238983886083588,0.0001,0.5807034060359001
2078,0.5843354314565659,0.1535107009112835,0.013652987778186798,0.4171717446297407,0.021408088272437453,0.0001,0.5811449658125639
2079,0.5834888927638531,0.15341905690729618,0.013650044798851013,0.4164197910577059,0.021184031385928392,0.0001,0.581255778297782
2080,0.5818662643432617,0.1536295497789979,0.013637326657772064,0.41459938511252403,0.021021028980612755,0.0001,0.5814914166927337
2081,0.584278404712677,0.15332340355962515,0.013644121587276459,0.41731087677180767,0.022780462400987744,0.0001,0.581807329878211
2082,0.5823194123804569,0.1535314004868269,0.01363036036491394,0.4151576552540064,0.02461216738447547,0.0001,0.5817232962697745
2083,0.581227894872427,0.15352733246982098,0.013668440282344818,0.4140321295708418,0.022746274014934897,0.0001,0.581895650178194
2084,0.5806553587317467,0.15339323971420527,0.013649113476276398,0.4136130139231682,0.02362545533105731,0.0001,0.5819298710674048
2085,0.5813993103802204,0.15361114218831062,0.013657622039318085,0.4141305424273014,0.021916645113378763,0.0001,0.5820207927376032
2086,0.5808115936815739,0.15372565295547247,0.013656027615070343,0.41342991031706333,0.023964240681380033,0.0001,0.581942030414939
2087,0.5809275470674038,0.153448854573071,0.01365450769662857,0.4138241820037365,0.023635044344700873,0.0001,0.5821310110390187
2088,0.5790559090673923,0.1536233238875866,0.013650476932525635,0.4117821026593447,0.02331077220151201,0.0001,0.5816030588001013
2089,0.5791602060198784,0.15358829870820045,0.013628177344799042,0.41194372810423374,0.02296945173293352,0.0001,0.5811701901257038
2090,0.5772042199969292,0.15332724899053574,0.013655439019203186,0.4102215301245451,0.025003617512993515,0.0001,0.5807039856910705
2091,0.5766268409788609,0.1535869464278221,0.013661123812198639,0.4093787744641304,0.022989639081060886,0.0001,0.5799388293176889
2092,0.5830701254308224,0.15352836810052395,0.013671547174453735,0.41587021946907043,0.023020356777124107,0.0001,0.5800139006227255
2093,0.5826360806822777,0.1536561008542776,0.01365555077791214,0.4153244327753782,0.021835378953255713,0.0001,0.5801547192037105
2094,0.5845978036522865,0.15348943322896957,0.01363876461982727,0.41746960766613483,0.022576981224119663,0.0001,0.5805489636957646
2095,0.5795063748955727,0.1533764423802495,0.013651087880134583,0.412478843703866,0.021930338989477605,0.0001,0.5803596701472997
2096,0.5823269374668598,0.15345620177686214,0.013637863099575043,0.4152328744530678,0.024560575373470783,0.0001,0.5805112045258284
2097,0.584136713296175,0.15341800637543201,0.01363847404718399,0.417080232873559,0.022592766908928752,0.0001,0.5808321211487055
2098,0.5804507806897163,0.15346700884401798,0.013648658990859985,0.4133351054042578,0.022750280797481537,0.0001,0.5809716083109379
2099,0.5819090008735657,0.15342627745121717,0.013647481799125671,0.41483524814248085,0.021977530559524894,0.0001,0.5812464877963066
2100,0.5804815478622913,0.15335371065884829,0.013659432530403137,0.41346840374171734,0.022304031997919083,0.0001,0.5815742205828428
2101,0.5817093774676323,0.15340615902096033,0.013638146221637726,0.4146650657057762,0.02486669074278325,0.0001,0.58208247423172
2102,0.5838356502354145,0.15344242379069328,0.01366402953863144,0.4167291969060898,0.0219987757736817,0.0001,0.5821590267121792
2103,0.578347958624363,0.15346181858330965,0.013638623058795929,0.41124752163887024,0.02169064898043871,0.0001,0.5817302145063877
2104,0.5785687528550625,0.15320006292313337,0.013644173741340637,0.4117245152592659,0.021433576592244208,0.0001,0.5811273094266654
2105,0.5856763869524002,0.15342278126627207,0.013640381395816803,0.4186132252216339,0.023833565413951874,0.0001,0.5817443106323481
2106,0.5806064866483212,0.15337996277958155,0.013654448091983795,0.4135720655322075,0.022218037745915353,0.0001,0.5815722655504942
2107,0.5834460482001305,0.15341912675648928,0.013653106987476349,0.416373822838068,0.024217679514549673,0.0001,0.5815031990408898
2108,0.5851240940392017,0.1535519314929843,0.013650290668010712,0.4179218728095293,0.02405354450456798,0.0001,0.5819705303758382
2109,0.5834023095667362,0.15355421602725983,0.013641662895679474,0.4162064306437969,0.020595301408320665,0.0001,0.5821198612451554
2110,0.5852371416985989,0.15328048076480627,0.013634905219078064,0.4183217603713274,0.021967643755488098,0.0001,0.5825954206287861
2111,0.5838274657726288,0.15322360303252935,0.013641297817230225,0.41696256026625633,0.02317543572280556,0.0001,0.5828072294592858
2112,0.5796109884977341,0.15338975097984076,0.013637863099575043,0.41258337907493114,0.022531646536663175,0.0001,0.5823847632855177
2113,0.5836185291409492,0.15310515277087688,0.013636082410812378,0.4168772976845503,0.025030560325831175,0.0001,0.5829118203371764
2114,0.5843888707458973,0.15344928484410048,0.013649247586727142,0.41729033552110195,0.022405543131753802,0.0001,0.5834938321262598
2115,0.5816951878368855,0.15344050526618958,0.013644218444824219,0.4146104697138071,0.02223825769033283,0.0001,0.5830957122147084
2116,0.5790385082364082,0.15317578054964542,0.013641446828842163,0.4122212752699852,0.021495082415640354,0.0001,0.5829389143735171
2117,0.5765070095658302,0.15321594011038542,0.013641685247421265,0.409649383276701,0.02084470121189952,0.0001,0.582245010510087
2118,0.5848798267543316,0.1533271549269557,0.013649076223373413,0.4179035946726799,0.022950707585550845,0.0001,0.5822205837816
2119,0.5805076919496059,0.15321584418416023,0.013644486665725708,0.41364736668765545,0.024254841613583267,0.0001,0.581931122019887
2120,0.5831812396645546,0.15325465332716703,0.013645544648170471,0.4162810444831848,0.022946301382035017,0.0001,0.5817255318164826
2121,0.5829519294202328,0.15333587769418955,0.01365266740322113,0.41596338525414467,0.021818874636664987,0.0001,0.581637978181243
2122,0.5837921053171158,0.15322442259639502,0.013640567660331726,0.416927108541131,0.02428874420002103,0.0001,0.5820560898631811
2123,0.5805574841797352,0.15336696151643991,0.013650111854076385,0.4135404173284769,0.02275067346636206,0.0001,0.5817499853670597
2124,0.5826436579227448,0.15343129448592663,0.013636700809001923,0.4155756700783968,0.022083206102252007,0.0001,0.5815754640847445
2125,0.5761061236262321,0.15323012229055166,0.013643108308315277,0.4092328976839781,0.02169364655856043,0.0001,0.5810165576636791
2126,0.5803136192262173,0.15329625643789768,0.013650000095367432,0.41336736641824245,0.021873088786378503,0.0001,0.58114406876266
2127,0.5859819985926151,0.15344571601599455,0.013631850481033325,0.41890443302690983,0.024424434290267527,0.0001,0.5820915676653385
2128,0.5816146843135357,0.15333028137683868,0.0136483833193779,0.41463602520525455,0.025163350044749677,0.0001,0.581765053421259
2129,0.5836878530681133,0.15328254736959934,0.01364610344171524,0.4167592041194439,0.022383383940905333,0.0001,0.5820830695331096
2130,0.580682497471571,0.15310239885002375,0.013653784990310669,0.413926312699914,0.02394513227045536,0.0001,0.5818331953138113
2131,0.5825117789208889,0.15342686511576176,0.013655684888362885,0.4154292345046997,0.022096232161857188,0.0001,0.5817891802638769
2132,0.5819330401718616,0.15346334595233202,0.013645179569721222,0.41482451371848583,0.02198268484789878,0.0001,0.5816032737493515
2133,0.5863718017935753,0.1533279875293374,0.013636097311973572,0.41940771229565144,0.02193481952417642,0.0001,0.5821847055107355
2134,0.5809672437608242,0.1532660247758031,0.013635985553264618,0.4140652436763048,0.02125214401166886,0.0001,0.5820170640945435
2135,0.5792536400258541,0.15329312905669212,0.013649605214595795,0.4123109094798565,0.023439582786522806,0.0001,0.5823318157345057
2136,0.5847530141472816,0.15318528935313225,0.013634629547595978,0.41793309338390827,0.022839443059638143,0.0001,0.5827757552266121
2137,0.5795684196054935,0.15311745088547468,0.01364569365978241,0.4128052741289139,0.021569086355157197,0.0001,0.5821343973279
2138,0.5818775296211243,0.15309589449316263,0.013633213937282562,0.41514841839671135,0.0241817319765687,0.0001,0.5821606818586588
2139,0.5815268158912659,0.15336697548627853,0.013648167252540588,0.4145116750150919,0.02218756650108844,0.0001,0.581944578140974
2140,0.5804090723395348,0.1532090362161398,0.013643614947795868,0.41355642676353455,0.022238927893340588,0.0001,0.5819172356277704
2141,0.5851436480879784,0.15335686411708593,0.013640426099300385,0.4181463494896889,0.021588554605841637,0.0001,0.5821804225444793
2142,0.583491925150156,0.1531960815191269,0.013644509017467499,0.4166513402014971,0.022676307591609657,0.0001,0.5823363110423088
2143,0.5825134553015232,0.153127814643085,0.01364242285490036,0.41574322059750557,0.023698196397162974,0.0001,0.5819504763931036
2144,0.5793075896799564,0.1533568250015378,0.013636991381645203,0.41231377981603146,0.023215521243400872,0.0001,0.5817845109850168
2145,0.5836187787353992,0.15323245245963335,0.01365363597869873,0.41673269122838974,0.023034980753436685,0.0001,0.5822210248559714
2146,0.5832088477909565,0.15321055240929127,0.013652637600898743,0.41634565591812134,0.022113968734629452,0.0001,0.5820666082203388
2147,0.587551012635231,0.15316517930477858,0.013642989099025726,0.4207428451627493,0.022269255365245044,0.0001,0.5828648675233126
2148,0.5789903253316879,0.1533159213140607,0.0136517733335495,0.41202262789011,0.021699181525036693,0.0001,0.5825761470943689
2149,0.5823434181511402,0.15316754207015038,0.013651512563228607,0.4155243709683418,0.021348805399611592,0.0001,0.5826578073203563
2150,0.5857873223721981,0.15306157059967518,0.01364646852016449,0.4190792813897133,0.020912746083922684,0.0001,0.5831956323236227
2151,0.5836176127195358,0.15314135421067476,0.013643398880958557,0.4168328568339348,0.02199473395012319,0.0001,0.5830430287867785
2152,0.581233948469162,0.15309582650661469,0.013634517788887024,0.4145036078989506,0.021495028166100383,0.0001,0.582817231118679
2153,0.5758160650730133,0.1530671063810587,0.013665422797203064,0.40908353589475155,0.021900667576119304,0.0001,0.5821474920958281
2154,0.5847614705562592,0.15304139908403158,0.01367408037185669,0.4180459901690483,0.023524735937826335,0.0001,0.5826928801834583
2155,0.5861852876842022,0.15305481851100922,0.013643458485603333,0.41948700323700905,0.01993276027496904,0.0001,0.5829495310783386
2156,0.5824197083711624,0.1530868373811245,0.013635538518428802,0.41569733060896397,0.02118199714459479,0.0001,0.5828706171363592
2157,0.579409021884203,0.15304531250149012,0.013632990419864655,0.41273072361946106,0.022926815669052303,0.0001,0.5820564180612564
2158,0.5793919079005718,0.15330223832279444,0.013642489910125732,0.41244717687368393,0.02227067935746163,0.0001,0.5820965763181448
2159,0.5832768864929676,0.15311036072671413,0.013653099536895752,0.41651342809200287,0.021752730302978307,0.0001,0.5821899231523275
2160,0.5817882567644119,0.15318331588059664,0.013644389808177948,0.4149605445563793,0.022103586117736995,0.0001,0.5817900165915489
2161,0.5803580768406391,0.15320871118456125,0.013633690774440765,0.41351567581295967,0.023091008188202977,0.0001,0.5814640630036593
2162,0.5828238651156425,0.15307742916047573,0.013642668724060059,0.41610377095639706,0.0218825499759987,0.0001,0.5816230546683073
2163,0.5826491862535477,0.15304943546652794,0.013648919761180878,0.4159508291631937,0.02298646850977093,0.0001,0.5823063667863607
2164,0.5814936980605125,0.15310966223478317,0.013642877340316772,0.4147411659359932,0.024387474404647946,0.0001,0.5819795895367861
2165,0.5822968445718288,0.15308284852653742,0.013651415705680847,0.41556258872151375,0.02446369535755366,0.0001,0.5815907452255488
2166,0.5786783806979656,0.1532034082338214,0.013635732233524323,0.4118392448872328,0.024284847546368837,0.0001,0.5812166124582291
2167,0.5789428949356079,0.15286601707339287,0.01364019513130188,0.41243668273091316,0.02315426548011601,0.0001,0.5811699997633696
2168,0.5802820660173893,0.1530684120953083,0.013645254075527191,0.41356839798390865,0.02301833254750818,0.0001,0.5812590155750513
2169,0.5841580219566822,0.15310841146856546,0.013634353876113892,0.4174152575433254,0.021209285012446344,0.0001,0.5813471291214227
2170,0.5845463126897812,0.1531211892142892,0.013649553060531616,0.4177755694836378,0.021984905819408596,0.0001,0.5816229347139596
2171,0.5828977860510349,0.1532031251117587,0.013631351292133331,0.41606331430375576,0.0223749183351174,0.0001,0.5818769056349993
2172,0.5847585052251816,0.15291776414960623,0.013630352914333344,0.4182103890925646,0.02137202094309032,0.0001,0.5820703696459532
2173,0.5795456059277058,0.15303015243262053,0.013642348349094391,0.4128730967640877,0.021238844492472708,0.0001,0.581760011613369
2174,0.5799166671931744,0.1530387895181775,0.013638429343700409,0.41323945485055447,0.021889831987209618,0.0001,0.5816023085266352
2175,0.5838726907968521,0.1530894311144948,0.013635970652103424,0.4171472918242216,0.02331890899222344,0.0001,0.5817598931491375
2176,0.5781034864485264,0.15290690772235394,0.01365160197019577,0.4115449748933315,0.022997639258392155,0.0001,0.5817024037241936
2177,0.5824244953691959,0.153124806471169,0.013627834618091583,0.4156718645244837,0.024313588859513402,0.0001,0.5820505637675524
2178,0.5801558718085289,0.15292458795011044,0.013636514544487,0.41359476558864117,0.022725622868165374,0.0001,0.5820379443466663
2179,0.5795591808855534,0.1531004412099719,0.013642795383930206,0.4128159433603287,0.022633861284703016,0.0001,0.5815780602395535
2180,0.5831572450697422,0.15322285797446966,0.013650044798851013,0.4162843506783247,0.02272998378612101,0.0001,0.5814391534775496
2181,0.5773273184895515,0.1530648646876216,0.013637430965900421,0.41062502562999725,0.02186393679585308,0.0001,0.5808821067214012
2182,0.5808917321264744,0.15319678746163845,0.013641133904457092,0.41405380703508854,0.020925093442201614,0.0001,0.5804954294115305
2183,0.5828080549836159,0.1529351845383644,0.013653337955474854,0.41621953062713146,0.022814808413386345,0.0001,0.5808216743171215
2184,0.5798804610967636,0.15295756980776787,0.01364021748304367,0.4132826682180166,0.02523891208693385,0.0001,0.5808180537074804
2185,0.5809856131672859,0.15299307461827993,0.01364108920097351,0.4143514446914196,0.023752076318487525,0.0001,0.5805293459445238
2186,0.5822917222976685,0.15304615907371044,0.013641506433486938,0.4156040623784065,0.02350268908776343,0.0001,0.5809481695294381
2187,0.5844362154603004,0.15309608448296785,0.01363857090473175,0.41770155914127827,0.02089493500534445,0.0001,0.5811493415385485
2188,0.5828241929411888,0.1530306050553918,0.013650715351104736,0.41614287346601486,0.021259800414554775,0.0001,0.5814161736518144
2189,0.582374170422554,0.15280714724212885,0.013644658029079437,0.41592236794531345,0.025963447522372007,0.0001,0.5816976726055145
2190,0.5809473991394043,0.1530284872278571,0.013641603291034698,0.4142773114144802,0.022123862872831523,0.0001,0.5814766880124808
2191,0.5848957002162933,0.15304256044328213,0.013640917837619781,0.41821221448481083,0.02122631762176752,0.0001,0.5822335261851549
2192,0.5833952613174915,0.1531600458547473,0.013619810342788696,0.4166154097765684,0.02310213609598577,0.0001,0.5824838791042566
2193,0.5829412825405598,0.15306258015334606,0.013623975217342377,0.4162547253072262,0.023753172485157847,0.0001,0.582497201859951
2194,0.5833925530314445,0.15310456417500973,0.013638898730278015,0.41664909198880196,0.023992891306988895,0.0001,0.5828484110534191
2195,0.5834739543497562,0.153047114610672,0.013622373342514038,0.4168044775724411,0.024598939227871597,0.0001,0.5830972451716662
2196,0.5834155827760696,0.15295739751309156,0.013644039630889893,0.41681414656341076,0.021961348480544984,0.0001,0.5832096312195063
2197,0.5795832425355911,0.15285257808864117,0.013621613383293152,0.4131090473383665,0.02176910825073719,0.0001,0.5827243339270354
2198,0.5810758918523788,0.15291783772408962,0.013638950884342194,0.4145191013813019,0.021077009150758386,0.0001,0.5825495038181543
2199,0.5814216285943985,0.15283389389514923,0.013632617890834808,0.41495511680841446,0.024134671548381448,0.0001,0.5824542496353388
2200,0.5821374878287315,0.15313379932194948,0.013645589351654053,0.4153581000864506,0.02204686659388244,0.0001,0.5825732585042716
2201,0.5787639990448952,0.15319190546870232,0.013640634715557098,0.41193145886063576,0.023106876760721207,0.0001,0.5819600883871316
2202,0.5835972465574741,0.15295960661023855,0.0136338472366333,0.41700379364192486,0.021900944993831217,0.0001,0.5819802869111299
2203,0.5824940279126167,0.15304439049214125,0.013654828071594238,0.41579481586813927,0.023701637284830213,0.0001,0.5819355614483357
2204,0.5810490436851978,0.15287004224956036,0.0136566162109375,0.4145223870873451,0.02372880035545677,0.0001,0.5817012105137109
2205,0.5798901356756687,0.15298600029200315,0.013643249869346619,0.41326088458299637,0.022762609063647687,0.0001,0.5813428286463023
2206,0.5807535275816917,0.15280232205986977,0.013639390468597412,0.4143118094652891,0.022400381392799318,0.0001,0.5810766231268645
2207,0.5786731503903866,0.15294467099010944,0.013624094426631927,0.41210439056158066,0.022663183975964785,0.0001,0.5809856139123439
2208,0.5856089927256107,0.15290656965225935,0.013649486005306244,0.41905293986201286,0.021567740011960268,0.0001,0.5814389239996671
2209,0.5809456966817379,0.1529317321255803,0.01364772766828537,0.4143662340939045,0.02211392717435956,0.0001,0.5813913308084011
2210,0.586491409689188,0.1527658049017191,0.013638317584991455,0.42008728720247746,0.023161350283771753,0.0001,0.5818267229944467
2211,0.5814390107989311,0.1531079737469554,0.013633936643600464,0.4146971069276333,0.02357086364645511,0.0001,0.5820942241698503
2212,0.5816929079592228,0.15308377519249916,0.013630017638206482,0.4149791244417429,0.02245187887456268,0.0001,0.5819037903100253
2213,0.5852590054273605,0.15304432902485132,0.013637237250804901,0.41857743449509144,0.023768329643644392,0.0001,0.5821802880614996
2214,0.5819294787943363,0.15296527836471796,0.013636641204357147,0.41532755829393864,0.021799064823426306,0.0001,0.5822683315724134
2215,0.5813333280384541,0.15296500828117132,0.013652198016643524,0.41471612453460693,0.02147337654605508,0.0001,0.582412650808692
2216,0.5838009342551231,0.1527570253238082,0.013633601367473602,0.41741031408309937,0.024183006607927382,0.0001,0.5827173914760351
2217,0.5788471773266792,0.1529602911323309,0.013641469180583954,0.41224542260169983,0.024161456618458033,0.0001,0.5827347941696643
2218,0.5844135954976082,0.15293887443840504,0.013636864721775055,0.4178378563374281,0.022485281573608518,0.0001,0.5826152544468641
2219,0.5855249427258968,0.15292505454272032,0.01363365352153778,0.41896623373031616,0.02514728019014001,0.0001,0.58307317905128
2220,0.5823922418057919,0.1529746474698186,0.013646751642227173,0.4157708380371332,0.022124174516648054,0.0001,0.5826632622629404
2221,0.5851575471460819,0.15279535669833422,0.013642951846122742,0.41871923953294754,0.023050872259773314,0.0001,0.5830351158976554
2222,0.5806138776242733,0.1528957737609744,0.013635873794555664,0.41408223658800125,0.023239289061166346,0.0001,0.5829272128641605
2223,0.5821855627000332,0.1529635526239872,0.013638779520988464,0.4155832286924124,0.02352496690582484,0.0001,0.5826198685914278
2224,0.5789214335381985,0.15291219018399715,0.013626091182231903,0.41238315775990486,0.02171780727803707,0.0001,0.582319064065814
2225,0.5818075463175774,0.15274822898209095,0.013646602630615234,0.4154127202928066,0.021913918084464967,0.0001,0.5823664858937263
2226,0.5808626860380173,0.1528849322348833,0.013636797666549683,0.4143409561365843,0.022964967763982713,0.0001,0.5820726610720157
2227,0.5784897841513157,0.15273642260581255,0.013639867305755615,0.4121134951710701,0.020535934600047767,0.0001,0.5820369217544794
2228,0.5820734389126301,0.15292155090719461,0.013640262186527252,0.4155116192996502,0.022200986044481397,0.0001,0.5818029060959816
2229,0.5810868702828884,0.15293400827795267,0.013644777238368988,0.4145080875605345,0.02174059906974435,0.0001,0.5813590988516808
2230,0.5753761306405067,0.15278502274304628,0.013631954789161682,0.4089591559022665,0.023564116563647985,0.0001,0.5806574877351522
2231,0.5812266357243061,0.1527782315388322,0.013632193207740784,0.41481620632112026,0.02386518253479153,0.0001,0.5802643965929747
2232,0.5779613628983498,0.15293345972895622,0.013635501265525818,0.411392405629158,0.023670071153901517,0.0001,0.5799991451203823
2233,0.5789064317941666,0.1527888998389244,0.013627879321575165,0.4124896489083767,0.02278021548409015,0.0001,0.5796712320297956
2234,0.5833936408162117,0.15293806418776512,0.013635136187076569,0.41682043485343456,0.021688348264433444,0.0001,0.580118452757597
2235,0.576629463583231,0.15262277889996767,0.013631276786327362,0.41037540696561337,0.022519896738231182,0.0001,0.5796006444841624
2236,0.57781146094203,0.15265916474163532,0.01363413780927658,0.4115181639790535,0.02462972409557551,0.0001,0.5792955219745636
2237,0.5835624001920223,0.15278353542089462,0.013635285198688507,0.4171435795724392,0.02262160903774202,0.0001,0.5798027835786342
2238,0.580675769597292,0.15264850854873657,0.013624534010887146,0.4144027326256037,0.02162982535082847,0.0001,0.5796630166471004
2239,0.5814286060631275,0.15283929463475943,0.013631008565425873,0.4149583000689745,0.024372345651499927,0.0001,0.5796971902251243
2240,0.5781251899898052,0.1527173649519682,0.013648100197315216,0.4117597136646509,0.022599208168685436,0.0001,0.5799720961600542
2241,0.5795707404613495,0.1528922375291586,0.013631023466587067,0.4130474869161844,0.020823997096158564,0.0001,0.5798065066337585
2242,0.5792380385100842,0.15281007532030344,0.013646021485328674,0.41278194077312946,0.020964925875887275,0.0001,0.579934174194932
2243,0.5806732550263405,0.15279413387179375,0.013630092144012451,0.41424903087317944,0.022650226252153516,0.0001,0.5801108565181494
2244,0.5751862563192844,0.1527028875425458,0.013625800609588623,0.40885757096111774,0.022318491130135953,0.0001,0.5792901180684566
2245,0.5781585425138474,0.15272397082298994,0.013640061020851135,0.41179450787603855,0.022952310740947723,0.0001,0.5794430259615183
2246,0.5807962790131569,0.15286307036876678,0.01363980770111084,0.41429340094327927,0.021680805133655667,0.0001,0.579741507768631
2247,0.58463229611516,0.15272969286888838,0.01362127810716629,0.4182813186198473,0.02331032487563789,0.0001,0.5798484973609448
2248,0.5827748328447342,0.15269901975989342,0.013649389147758484,0.4164264313876629,0.022054100991226733,0.0001,0.580058403685689
2249,0.5791111774742603,0.15282938815653324,0.013646014034748077,0.41263577714562416,0.02455457649193704,0.0001,0.5798266608268022
2250,0.5833616219460964,0.15276953298598528,0.01363798975944519,0.4169540982693434,0.020448604365810752,0.0001,0.5803503040224314
2251,0.579951923340559,0.1528153158724308,0.013633623719215393,0.41350298561155796,0.02225691790226847,0.0001,0.5803884223103524
2252,0.5841712579131126,0.15274045057594776,0.013641037046909332,0.4177897721529007,0.022396125714294612,0.0001,0.5808817442506552
2253,0.5812658965587616,0.15275358967483044,0.013641595840454102,0.4148707166314125,0.02330701134633273,0.0001,0.5809410084038973
2254,0.572623111307621,0.15285544842481613,0.013646356761455536,0.4061213042587042,0.02411559724714607,0.0001,0.5806846939027309
2255,0.5779111720621586,0.15264075621962547,0.013627573847770691,0.41164284013211727,0.023381636128760874,0.0001,0.5806599568575621
2256,0.5802986696362495,0.15265580546110868,0.013643287122249603,0.413999579846859,0.022484560147859156,0.0001,0.5806101959198713
2257,0.5838202238082886,0.152775633148849,0.0136399045586586,0.41740469075739384,0.024714029510505497,0.0001,0.5805289886891842
2258,0.579578272998333,0.1525734681636095,0.0136590376496315,0.4133457727730274,0.023677874822169542,0.0001,0.5802093327045441
2259,0.5808370746672153,0.1526142954826355,0.013613753020763397,0.4146090243011713,0.021020690561272204,0.0001,0.5803819224238396
2260,0.5825726240873337,0.15260148607194424,0.013622142374515533,0.41634899005293846,0.023133148904889822,0.0001,0.5803030226379633
2261,0.5791303887963295,0.1526358425617218,0.013647384941577911,0.41284716315567493,0.023633499164134264,0.0001,0.5802208691835403
2262,0.5822514183819294,0.15263237059116364,0.01362282782793045,0.4159962199628353,0.02364670147653669,0.0001,0.5800288852304221
2263,0.582278773188591,0.15267654974013567,0.013640232384204865,0.4159619975835085,0.021812282386235893,0.0001,0.580130172893405
2264,0.5806307904422283,0.15267368033528328,0.013637058436870575,0.4143200498074293,0.021308938274160028,0.0001,0.5809309408068657
2265,0.5802098326385021,0.1526007018983364,0.013634145259857178,0.41397498175501823,0.02189947187434882,0.0001,0.5811608068645
2266,0.576947383582592,0.1523961564525962,0.01365216076374054,0.41089906729757786,0.021196027635596693,0.0001,0.5808256782591343
2267,0.5824704244732857,0.15251289121806622,0.013623125851154327,0.41633440554142,0.022887695929966867,0.0001,0.580690698325634
2268,0.5790504477918148,0.15251016896218061,0.013623617589473724,0.41291666962206364,0.022214720025658607,0.0001,0.5806379158049821
2269,0.5824127346277237,0.15260264184325933,0.013656817376613617,0.41615328192710876,0.02381506178062409,0.0001,0.580795481801033
2270,0.5769211873412132,0.1525358660146594,0.013638935983181,0.41074638813734055,0.023086106753908098,0.0001,0.580230338126421
2271,0.581317774951458,0.15264513529837132,0.01364067941904068,0.41503195464611053,0.02431216009426862,0.0001,0.5804490767419338
2272,0.5769113302230835,0.1526065282523632,0.013645298779010773,0.41065950132906437,0.024747943156398833,0.0001,0.5799150679260492
2273,0.5837283469736576,0.1525253914296627,0.013627737760543823,0.41757521964609623,0.02287971694022417,0.0001,0.5800600253045559
2274,0.5846552215516567,0.1526779131963849,0.01362813264131546,0.41834917664527893,0.021082371298689395,0.0001,0.5804624684154988
2275,0.5783306509256363,0.15254683047533035,0.013640590012073517,0.4121432304382324,0.022412125137634575,0.0001,0.5802745502442122
2276,0.5816678293049335,0.15263723395764828,0.013637810945510864,0.41539277881383896,0.02446107834111899,0.0001,0.5807465948164463
2277,0.5832411535084248,0.15255456045269966,0.01362764835357666,0.4170589502900839,0.02247369906399399,0.0001,0.5808236677199602
2278,0.586866557598114,0.15247043874114752,0.013631895184516907,0.420764222741127,0.022341306786984205,0.0001,0.5816052787005901
2279,0.5781528986990452,0.15247512329369783,0.013624370098114014,0.41205341182649136,0.021146774757653475,0.0001,0.5811792951077223
2280,0.58320277556777,0.1526104649528861,0.013627804815769196,0.416964503005147,0.02135138970334083,0.0001,0.5818074539303779
2281,0.5823252722620964,0.15272343158721924,0.013619445264339447,0.41598239354789257,0.02357630233746022,0.0001,0.5819082036614418
2282,0.5802501440048218,0.15247973147779703,0.013637110590934753,0.414133308455348,0.022830581292510033,0.0001,0.5822420850396156
2283,0.5812791027128696,0.15260984003543854,0.013638414442539215,0.4150308445096016,0.022797511308453977,0.0001,0.5819971606135368
2284,0.5786600522696972,0.15260668564587831,0.013629324734210968,0.41242404095828533,0.02113407664000988,0.0001,0.5813976436853409
2285,0.5826762989163399,0.1526840552687645,0.013630889356136322,0.4163613449782133,0.022115268046036363,0.0001,0.5818322084844112
2286,0.5806989781558514,0.15272398106753826,0.013617530465126038,0.4143574610352516,0.023374958313070238,0.0001,0.5817353233695031
2287,0.5808900818228722,0.15275170374661684,0.013614512979984283,0.41452386789023876,0.02218479779548943,0.0001,0.5815002162009477
2288,0.5774187557399273,0.15277968533337116,0.0136251300573349,0.4110139384865761,0.02346895751543343,0.0001,0.580555436015129
2289,0.580172635614872,0.1524789948016405,0.013637334108352661,0.41405630111694336,0.0224981980281882,0.0001,0.5807574097067117
2290,0.5835739709436893,0.1527711022645235,0.013610921800136566,0.4171919468790293,0.022450618911534548,0.0001,0.5807945292443037
2291,0.5846888683736324,0.15255899168550968,0.013630226254463196,0.41849964670836926,0.02291776693891734,0.0001,0.5810308888554573
2292,0.5784524977207184,0.15252637397497892,0.013640351593494415,0.4122857730835676,0.023702454287558794,0.0001,0.580851124227047
2293,0.5796908959746361,0.15240855608135462,0.013633772730827332,0.41364856250584126,0.021801373339258134,0.0001,0.5806923035532237
2294,0.5798991583287716,0.15239897929131985,0.013630568981170654,0.4138696175068617,0.022502905456349254,0.0001,0.5808162141591311
2295,0.5819413624703884,0.15242834482342005,0.013631105422973633,0.41588191874325275,0.02152158261742443,0.0001,0.5807427205145359
2296,0.5798136740922928,0.15253708604723215,0.01362811028957367,0.41364847868680954,0.02275253424886614,0.0001,0.5806541901081801
2297,0.5755647383630276,0.15253898594528437,0.013627961277961731,0.4093977864831686,0.02472224284429103,0.0001,0.5801216557621955
2298,0.5780216492712498,0.15249293576925993,0.013632304966449738,0.4118964020162821,0.025399557896889746,0.0001,0.5801819451153278
2299,0.5807453691959381,0.15244638081640005,0.013629436492919922,0.414669556543231,0.02228927263058722,0.0001,0.5802392184734344
2300,0.5825980193912983,0.15269806142896414,0.013637550175189972,0.41626240871846676,0.023464773665182292,0.0001,0.5801416233181953
2301,0.5781967826187611,0.15265716891735792,0.013623937964439392,0.4119156748056412,0.02277284092269838,0.0001,0.5794924147427082
2302,0.5802689976990223,0.15257442835718393,0.013638935983181,0.4140556361526251,0.022886103368364275,0.0001,0.5796740647405386
2303,0.5777384266257286,0.15242778975516558,0.013639412820339203,0.41167121939361095,0.02300241286866367,0.0001,0.5794788178056478
2304,0.5786572881042957,0.15263322088867426,0.01361924409866333,0.4124048314988613,0.022239205660298467,0.0001,0.5793546307832003
2305,0.5787829644978046,0.15250474773347378,0.013636879622936249,0.41264134272933006,0.023230017395690084,0.0001,0.5790387909859419
2306,0.5801337696611881,0.1526040118187666,0.013610415160655975,0.4139193445444107,0.02135250042192638,0.0001,0.5790708005428314
2307,0.5797291360795498,0.15262478310614824,0.013625010848045349,0.4134793374687433,0.023660967824980617,0.0001,0.5794872403144836
2308,0.5833158269524574,0.1525462819263339,0.013628199696540833,0.4171413443982601,0.023181765340268612,0.0001,0.5800166580826044
2309,0.5840322822332382,0.1524130068719387,0.013626828789710999,0.4179924502968788,0.021015843376517296,0.0001,0.5803453493863344
2310,0.581558596342802,0.15258975327014923,0.013636991381645203,0.41533184610307217,0.022666774690151215,0.0001,0.5802414070814848
2311,0.5832619220018387,0.15257911384105682,0.013632141053676605,0.41705067083239555,0.024318619980476797,0.0001,0.5807479210197926
2312,0.5793823674321175,0.15243283193558455,0.013630010187625885,0.4133195225149393,0.02327490458264947,0.0001,0.580659257993102
2313,0.5763115361332893,0.1524292267858982,0.013628922402858734,0.41025339253246784,0.02373155066743493,0.0001,0.5805165689438582
2314,0.5823801271617413,0.15259551722556353,0.013610996305942535,0.4161736201494932,0.02348315657582134,0.0001,0.5808888528496027
2315,0.5815816037356853,0.15256338380277157,0.013618096709251404,0.41540011763572693,0.02174861717503518,0.0001,0.5811687167733908
2316,0.5793139524757862,0.15262688603252172,0.013630904257297516,0.41305615939199924,0.024991332204081118,0.0001,0.5810867350548505
2317,0.5829700864851475,0.15267394669353962,0.013627864420413971,0.4166682753711939,0.02335621020756662,0.0001,0.5814108300954104
2318,0.5773721821606159,0.15224366821348667,0.013636253774166107,0.411492258310318,0.023436088929884136,0.0001,0.5808164656162262
2319,0.5782657824456692,0.15259322058409452,0.01362656056880951,0.4120460022240877,0.02433719439432025,0.0001,0.5802398156374693
2320,0.5759946554899216,0.15245450101792812,0.013634689152240753,0.40990546718239784,0.021708696149289608,0.0001,0.5796834215521812
2321,0.5772057995200157,0.15232257451862097,0.013619482517242432,0.4112637396901846,0.023789318278431892,0.0001,0.579077809303999
2322,0.580749087035656,0.15245263185352087,0.013630382716655731,0.41466607339680195,0.023338931030593812,0.0001,0.5792144812643528
2323,0.5808603540062904,0.15221132431179285,0.013632096350193024,0.41501693055033684,0.023704836959950626,0.0001,0.579669363051653
2324,0.5823180601000786,0.15230790711939335,0.013624235987663269,0.4163859188556671,0.02358251193072647,0.0001,0.5796631563454866
2325,0.5813594572246075,0.15247331093996763,0.013635247945785522,0.4152509029954672,0.02122319198679179,0.0001,0.5796409416943789
2326,0.5791787430644035,0.15235408209264278,0.013633333146572113,0.4131913259625435,0.02453772211447358,0.0001,0.5796274207532406
2327,0.5853412449359894,0.15246734954416752,0.013620078563690186,0.41925380751490593,0.02319763577543199,0.0001,0.5798645365983248
2328,0.5813022293150425,0.15211826097220182,0.013634413480758667,0.4155495688319206,0.024390331411268562,0.0001,0.5802575413137674
2329,0.5820654891431332,0.15239247772842646,0.013636462390422821,0.4160365480929613,0.02251887577585876,0.0001,0.5806375119835139
2330,0.579499639570713,0.15242774412035942,0.013616211712360382,0.4134556781500578,0.0220569969387725,0.0001,0.580988010391593
2331,0.5779863744974136,0.1523121315985918,0.013626523315906525,0.41204772517085075,0.021541258902288973,0.0001,0.5810660678893328
2332,0.5815244615077972,0.15209986176341772,0.013636499643325806,0.41578810289502144,0.021220352966338396,0.0001,0.5811436053365469
2333,0.5779294520616531,0.15238808374851942,0.013639330863952637,0.4119020402431488,0.02157471003010869,0.0001,0.5808505151420832
2334,0.5813090205192566,0.1524948263540864,0.013616710901260376,0.41519747860729694,0.023480892879888415,0.0001,0.5807496111840009
2335,0.5782728455960751,0.152347925119102,0.013604752719402313,0.41232016310095787,0.02136093599256128,0.0001,0.5804409500211477
2336,0.5828591212630272,0.15240450389683247,0.013631895184516907,0.4168227184563875,0.022795024211518466,0.0001,0.5808089878410101
2337,0.5789364948868752,0.15227654110640287,0.0136408731341362,0.4130190722644329,0.021879894193261862,0.0001,0.5801685128360987
2338,0.5804556235671043,0.15244527254253626,0.013627879321575165,0.41438247449696064,0.022669521742500365,0.0001,0.5800838522613049
2339,0.5793945901095867,0.15236979071050882,0.013630874454975128,0.41339393332600594,0.022556809009984136,0.0001,0.5798167623579502
2340,0.5815307572484016,0.15249197836965322,0.013631761074066162,0.4154070168733597,0.02352330193389207,0.0001,0.5800198741257191
2341,0.582407608628273,0.15231138467788696,0.013631835579872131,0.41646439023315907,0.02464316296391189,0.0001,0.580461997538805
2342,0.5815566405653954,0.1522322492673993,0.013640962541103363,0.4156834278255701,0.022325486643239856,0.0001,0.5804652154445649
2343,0.5802481770515442,0.1524368254467845,0.013635009527206421,0.414176344871521,0.023230277583934367,0.0001,0.5806970879435539
2344,0.5819312185049057,0.15207828301936388,0.013639792799949646,0.41621314361691475,0.022513108211569488,0.0001,0.5807593077421188
2345,0.5830797888338566,0.15231832396239042,0.01364801824092865,0.41711344942450523,0.023072526091709733,0.0001,0.581240002065897
2346,0.5838999003171921,0.1523735085502267,0.013635590672492981,0.4178908057510853,0.021933885174803436,0.0001,0.5813440799713134
2347,0.5784307532012463,0.1523925829678774,0.013627253472805023,0.4124109223484993,0.021869352436624467,0.0001,0.5812935058027506
2348,0.5845328606665134,0.15225112438201904,0.013618998229503632,0.41866273432970047,0.02109976368956268,0.0001,0.5817012295126915
2349,0.5823067277669907,0.1521371193230152,0.013614162802696228,0.4165554493665695,0.020875575253739953,0.0001,0.5819924432784319
2350,0.5874611102044582,0.15241318754851818,0.013617344200611115,0.42143058590590954,0.020823384169489145,0.0001,0.5825854785740375
2351,0.5839759111404419,0.15248821396380663,0.013612911105155945,0.41787478141486645,0.0224991743452847,0.0001,0.5827423088252545
2352,0.5800208523869514,0.15242975018918514,0.013636864721775055,0.4139542393386364,0.02226701914332807,0.0001,0.5825887300074101
2353,0.5776793695986271,0.15231312438845634,0.01362791657447815,0.4117383249104023,0.023567933938466012,0.0001,0.5823318492621183
2354,0.5798119343817234,0.1522142356261611,0.013621985912322998,0.41397571191191673,0.022086843266151845,0.0001,0.5821199208498001
2355,0.5829116888344288,0.15228378307074308,0.013636566698551178,0.41699134558439255,0.023540940135717392,0.0001,0.5821031108498573
2356,0.5869861990213394,0.15236297063529491,0.013636514544487,0.4209867138415575,0.021957026445306838,0.0001,0.582411740720272
2357,0.5846561379730701,0.15223141945898533,0.013621293008327484,0.4188034273684025,0.022388745564967394,0.0001,0.5830342791974544
2358,0.5789521932601929,0.15219762921333313,0.013619795441627502,0.4131347741931677,0.02087286952883005,0.0001,0.5824762124568224
2359,0.5788487195968628,0.15219452884048223,0.013625219464302063,0.41302897594869137,0.02220379118807614,0.0001,0.5821304116398096
2360,0.582015972584486,0.15226840693503618,0.013625726103782654,0.41612183675169945,0.024535419419407845,0.0001,0.5815858978778123
2361,0.5803677998483181,0.15211765002459288,0.013619482517242432,0.4146306589245796,0.020605833386071026,0.0001,0.5812250867486
2362,0.5800749212503433,0.152257208712399,0.013618960976600647,0.41419874504208565,0.022830758476629853,0.0001,0.5812304936349392
2363,0.5824422985315323,0.15220532845705748,0.013615615665912628,0.4166213497519493,0.023890442098490894,0.0001,0.5817067865282297
2364,0.5823904499411583,0.15227552503347397,0.013625986874103546,0.41648893617093563,0.02243722730781883,0.0001,0.5819646380841732
2365,0.5813816115260124,0.1520392196252942,0.01361914724111557,0.4157232493162155,0.022017838316969573,0.0001,0.5818116303533316
2366,0.5772674381732941,0.15222730301320553,0.01362617313861847,0.4114139564335346,0.023033993784338236,0.0001,0.5808397542685271
2367,0.5840805359184742,0.15223258268088102,0.013608202338218689,0.4182397536933422,0.023369283298961818,0.0001,0.5807821940630674
2368,0.5783755294978619,0.1521638184785843,0.013622559607028961,0.4125891514122486,0.023355926270596683,0.0001,0.5807245276868344
2369,0.5781295523047447,0.15220217034220695,0.013624116778373718,0.4123032633215189,0.0241651147371158,0.0001,0.5806526109576226
2370,0.5854510366916656,0.1522492477670312,0.013613305985927582,0.419588478282094,0.022139954031445086,0.0001,0.5809961173683404
2371,0.5797233432531357,0.15206255484372377,0.01363375037908554,0.41402703523635864,0.02285601489711553,0.0001,0.5809316717088222
2372,0.5756806917488575,0.1521858423948288,0.013619981706142426,0.4098748657852411,0.022707527969032526,0.0001,0.5804922487586737
2373,0.5855759158730507,0.15224318392574787,0.013609223067760468,0.4197235107421875,0.021991473389789462,0.0001,0.5808056104928255
2374,0.5756918080151081,0.1521323947235942,0.013633482158184052,0.4099259413778782,0.022236197371967137,0.0001,0.5801357463002205
2375,0.5848642997443676,0.15228848904371262,0.013620071113109589,0.4189557321369648,0.023241883725859225,0.0001,0.580484015122056
2376,0.5819643624126911,0.15216912981122732,0.013619042932987213,0.41617619059979916,0.023510402301326394,0.0001,0.5809537075459957
2377,0.5800482779741287,0.15224696043878794,0.013627566397190094,0.41417374834418297,0.02391007903497666,0.0001,0.5805504817515612
2378,0.5765083990991116,0.15208963118493557,0.013633079826831818,0.41078568808734417,0.023194437148049474,0.0001,0.5803637687116862
2379,0.5773388296365738,0.1522195404395461,0.013616986572742462,0.41150230541825294,0.023608897696249187,0.0001,0.580284696444869
2380,0.5826015435159206,0.15201062988489866,0.013625606894493103,0.4169653095304966,0.022128918091766536,0.0001,0.5799997471272945
2381,0.5753269232809544,0.15251837484538555,0.013638928532600403,0.4091696161776781,0.02489590272307396,0.0001,0.5795601051300764
2382,0.5815333984792233,0.1521884212270379,0.013619579374790192,0.41572539508342743,0.023662973777391016,0.0001,0.580145375803113
2383,0.5781835652887821,0.15219018887728453,0.01363258808851242,0.41236078925430775,0.022663565236143768,0.0001,0.5794061407446861
2384,0.5769166573882103,0.1522867688909173,0.013623051345348358,0.41100683622062206,0.023132822010666132,0.0001,0.5795286256819964
2385,0.5805768519639969,0.15222994424402714,0.013613298535346985,0.41473361290991306,0.022526247426867485,0.0001,0.5790998809039593
2386,0.5818156637251377,0.15208100900053978,0.013626724481582642,0.41610792838037014,0.023237618152052164,0.0001,0.5790850110352039
2387,0.5765560902655125,0.1520334342494607,0.01363983005285263,0.41088282503187656,0.02322265214752406,0.0001,0.5787357922643424
2388,0.5844547487795353,0.15209638141095638,0.01363547146320343,0.4187228921800852,0.021885914960876107,0.0001,0.5795304272323847
2389,0.5782321318984032,0.15213081240653992,0.013635046780109406,0.412466274574399,0.023264659685082734,0.0001,0.5796197574585676
2390,0.5788828507065773,0.15200968272984028,0.013612151145935059,0.4132610149681568,0.02098676038440317,0.0001,0.5792478881776333
2391,0.5774708315730095,0.15197310131043196,0.013612315058708191,0.4118854161351919,0.0221035813447088,0.0001,0.5794622790068388
2392,0.5805964395403862,0.15212757792323828,0.013619311153888702,0.41484954953193665,0.021203715354204178,0.0001,0.5793685831129551
2393,0.5823923498392105,0.15220379829406738,0.013616308569908142,0.4165722392499447,0.021651417249813676,0.0001,0.5797894615679979
2394,0.5806208327412605,0.15197147708386183,0.013610541820526123,0.41503881104290485,0.021182072698138654,0.0001,0.5801598791033029
2395,0.5816101133823395,0.15218668803572655,0.013626635074615479,0.41579679399728775,0.02215037669520825,0.0001,0.5802632052451372
2396,0.5786296054720879,0.15198878478258848,0.013627693057060242,0.4130131285637617,0.023969048401340842,0.0001,0.5799445994198322
2397,0.5805675983428955,0.1520171072334051,0.013623908162117004,0.41492658853530884,0.02220976643729955,0.0001,0.5803457502275705
2398,0.5814773514866829,0.15206002537161112,0.013630345463752747,0.41578698344528675,0.021240185014903545,0.0001,0.5800480104982852
2399,0.583351157605648,0.15238229557871819,0.013625793159008026,0.4173430725932121,0.021945376181975007,0.0001,0.5805599130690098
2400,0.577989749610424,0.15207727812230587,0.013621360063552856,0.412291107699275,0.022559066768735647,0.0001,0.5804706029593945
2401,0.5753977112472057,0.15214233472943306,0.013625487685203552,0.4096298888325691,0.022417934727855027,0.0001,0.5802632909268141
2402,0.580869123339653,0.15195546485483646,0.013616420328617096,0.41529723443090916,0.022084233234636486,0.0001,0.5802905593067408
2403,0.5767036713659763,0.15216270741075277,0.013609498739242554,0.41093146055936813,0.020438301842659712,0.0001,0.5797216914594173
2404,0.582551546394825,0.15229988750070333,0.013635702431201935,0.4166159611195326,0.02159088896587491,0.0001,0.5799147628247738
2405,0.582658015191555,0.15204421803355217,0.013625480234622955,0.4169883169233799,0.022667612065561116,0.0001,0.5800195530056953
2406,0.5779669210314751,0.15194085706025362,0.013634540140628815,0.4123915247619152,0.02205200749449432,0.0001,0.5799532845616341
2407,0.5825590863823891,0.15201831050217152,0.013617925345897675,0.4169228505343199,0.02262500475626439,0.0001,0.5801524333655834
2408,0.5787230990827084,0.15209936071187258,0.013616010546684265,0.4130077213048935,0.02464493381557986,0.0001,0.5798770081251859
2409,0.5795659869909286,0.15210528392344713,0.013621814548969269,0.4138388931751251,0.02389945776667446,0.0001,0.579498491063714
2410,0.5793698988854885,0.15219905134290457,0.013620749115943909,0.41355009749531746,0.02315373858436942,0.0001,0.5796365059912205
2411,0.5805010013282299,0.1520091900601983,0.013624228537082672,0.4148675836622715,0.023333649267442524,0.0001,0.5801468349993228
2412,0.578059658408165,0.15206830017268658,0.013609789311885834,0.412381574511528,0.023866559262387455,0.0001,0.579865888506174
2413,0.5792870633304119,0.151850207708776,0.01362185925245285,0.41381499730050564,0.022544187726452947,0.0001,0.5801242277026176
2414,0.5804789513349533,0.1520689446479082,0.013621151447296143,0.4147888533771038,0.022066288511268795,0.0001,0.5799169681966305
2415,0.5790107101202011,0.15198579151183367,0.01362232118844986,0.4134025927633047,0.020327662117779255,0.0001,0.579552237689495
2416,0.575873039662838,0.1521375011652708,0.013621211051940918,0.41011432372033596,0.02289120282512158,0.0001,0.5793428495526314
2417,0.5829499401152134,0.1520352754741907,0.013615384697914124,0.4172992780804634,0.022643227013759315,0.0001,0.5793819349259138
2418,0.574822410941124,0.15184146258980036,0.013622626662254333,0.40935831889510155,0.0229121798183769,0.0001,0.5789918661117553
2419,0.5786961279809475,0.15210037678480148,0.013623453676700592,0.41297229938209057,0.024437468615360558,0.0001,0.5789048802107573
2420,0.5782575458288193,0.15208896435797215,0.013619542121887207,0.41254904121160507,0.021179719362407923,0.0001,0.5787936449050903
2421,0.577473659068346,0.1519446475431323,0.01363111287355423,0.4118979014456272,0.022051703999750316,0.0001,0.578490910679102
2422,0.5792094618082047,0.15183901600539684,0.013596460223197937,0.413773987442255,0.022970514255575836,0.0001,0.5786058910191059
2423,0.578900758177042,0.15196748729795218,0.013616390526294708,0.41331687942147255,0.022257328033447266,0.0001,0.5785672605037689
2424,0.5796235725283623,0.15216807834804058,0.01361304521560669,0.413842448964715,0.021851629950106144,0.0001,0.5784817226231098
2425,0.578013151884079,0.15202456153929234,0.013609163463115692,0.4123794287443161,0.02110280515626073,0.0001,0.5783819667994976
2426,0.5769653804600239,0.1519953217357397,0.013613000512123108,0.4113570526242256,0.021049812203273177,0.0001,0.5784912008792162
2427,0.5799712240695953,0.15187022369354963,0.01362457126379013,0.41447643004357815,0.02128461399115622,0.0001,0.5781933292746544
2428,0.5781878232955933,0.15195496939122677,0.013615421950817108,0.41261743381619453,0.022189835202880204,0.0001,0.5785298705101013
2429,0.578981164842844,0.15185801684856415,0.013623811304569244,0.4134993404150009,0.022622540476731956,0.0001,0.578558374196291
2430,0.579140804708004,0.15203567314893007,0.013614341616630554,0.4134907890111208,0.023536499007605016,0.0001,0.5786467000842095
2431,0.5787271857261658,0.15194169525057077,0.013604216277599335,0.41318127512931824,0.024435361148789525,0.0001,0.5787720527499914
2432,0.5825057290494442,0.15196570195257664,0.01360911875963211,0.41693090833723545,0.02288423723075539,0.0001,0.5791016794741154
2433,0.5830257497727871,0.15177364647388458,0.013626635074615479,0.41762547194957733,0.02345213305670768,0.0001,0.5795141786336899
2434,0.5812236107885838,0.15196493081748486,0.013616204261779785,0.4156424757093191,0.02182934177108109,0.0001,0.579674182459712
2435,0.5805749520659447,0.15194639749825,0.01361740380525589,0.4150111526250839,0.022611251333728433,0.0001,0.5799303624778986
2436,0.5811620093882084,0.15188667178153992,0.013615868985652924,0.41565947979688644,0.022035853005945683,0.0001,0.580350025370717
2437,0.5746988914906979,0.15182289388030767,0.013613320887088776,0.4092626739293337,0.02142626920249313,0.0001,0.5798227921128273
2438,0.5800427831709385,0.15188894141465425,0.013615682721138,0.41453815810382366,0.022112172446213663,0.0001,0.5800082881003619
2439,0.5795987471938133,0.1518789315596223,0.013618528842926025,0.4141012914478779,0.02270985848736018,0.0001,0.5800700463354588
2440,0.5752547569572926,0.15182079654186964,0.013619177043437958,0.4098147824406624,0.020998789463192225,0.0001,0.5796814415603876
2441,0.5804000645875931,0.15193610824644566,0.013629235327243805,0.4148347321897745,0.02519862388726324,0.0001,0.5798487294465303
2442,0.581557672470808,0.15196988359093666,0.013620033860206604,0.4159677606076002,0.023013251717202365,0.0001,0.5797539237886667
2443,0.5821664147078991,0.15184284001588821,0.013623468577861786,0.4167001023888588,0.02120463619939983,0.0001,0.579667990282178
2444,0.5745541490614414,0.15187709126621485,0.013624884188175201,0.40905217081308365,0.022116501699201763,0.0001,0.5790010441094637
2445,0.5837765894830227,0.1518212417140603,0.013623341917991638,0.4183320067822933,0.023475707857869565,0.0001,0.5793212078511715
2446,0.5784922018647194,0.15194676630198956,0.013620644807815552,0.4129247944802046,0.0221657456131652,0.0001,0.5790542270988226
2447,0.5787998549640179,0.15177880972623825,0.013619549572467804,0.4134014956653118,0.02143127890303731,0.0001,0.5794643234461546
2448,0.5763746574521065,0.15175320766866207,0.013623438775539398,0.4109980184584856,0.023980511468835175,0.0001,0.5790975108742714
2449,0.5802994295954704,0.1519201211631298,0.013620056211948395,0.4147592503577471,0.022373300045728683,0.0001,0.5791675791144371
2450,0.5782263539731503,0.15192123781889677,0.013607002794742584,0.4126981198787689,0.022121878573670983,0.0001,0.5794647388160229
2451,0.584479033946991,0.15187313966453075,0.013598896563053131,0.4190069939941168,0.02240013820119202,0.0001,0.5798726357519627
2452,0.5712919309735298,0.15187727939337492,0.013631567358970642,0.40578308515250683,0.021654043812304735,0.0001,0.5788460616022348
2453,0.5785706043243408,0.15195251628756523,0.013614088296890259,0.4130039978772402,0.024038579780608416,0.0001,0.578486480563879
2454,0.5773821361362934,0.1516600288450718,0.013621553778648376,0.4121005404740572,0.02154420700389892,0.0001,0.5787692792713642
2455,0.578803937882185,0.1518196240067482,0.013633154332637787,0.4133511558175087,0.02178395411465317,0.0001,0.5782720141112805
2456,0.5787583701312542,0.15193272847682238,0.01360969990491867,0.4132159389555454,0.023362552747130394,0.0001,0.5782986309379339
2457,0.5821772739291191,0.15180030930787325,0.01363462209701538,0.4167423527687788,0.02202663302887231,0.0001,0.578636372834444
2458,0.5799803026020527,0.15192967373877764,0.013607919216156006,0.414442703127861,0.022112841834314167,0.0001,0.5789969373494387
2459,0.5760061703622341,0.1517704175785184,0.01361362636089325,0.4106221292167902,0.023496804991737008,0.0001,0.578567611426115
2460,0.5770423077046871,0.15191443730145693,0.013613112270832062,0.41151476465165615,0.021629729541018605,0.0001,0.5784492067992687
2461,0.5785078629851341,0.15183896478265524,0.013614840805530548,0.41305405646562576,0.022505809902213514,0.0001,0.577852089703083
2462,0.5772271268069744,0.15180345810949802,0.013608522713184357,0.41181513853371143,0.02197156671900302,0.0001,0.5784456092864275
2463,0.5821029283106327,0.1517951712012291,0.013625666499137878,0.4166820887476206,0.020376164582557976,0.0001,0.5787988416850567
2464,0.580998856574297,0.1518056159839034,0.013621911406517029,0.4155713338404894,0.023234383901581168,0.0001,0.579160513728857
2465,0.5806119032204151,0.15175463538616896,0.013631634414196014,0.4152256343513727,0.02360992308240384,0.0001,0.5793413102626801
2466,0.5777917318046093,0.15166545007377863,0.013613700866699219,0.4125125836580992,0.02226271212566644,0.0001,0.5792446464300156
2467,0.5788793452084064,0.1519152745604515,0.013610340654850006,0.41335372999310493,0.022346579236909747,0.0001,0.5789148535579443
2468,0.5786294415593147,0.15187196992337704,0.013627879321575165,0.4131295941770077,0.023506219498813152,0.0001,0.5787797674536705
2469,0.581872433423996,0.1518761431798339,0.013615258038043976,0.41638103127479553,0.023694765637628734,0.0001,0.5793663937598467
2470,0.5789173059165478,0.15174839459359646,0.013619817793369293,0.4135490879416466,0.022735919454135,0.0001,0.5795538935810327
2471,0.5800872147083282,0.15181362815201283,0.013618074357509613,0.41465551033616066,0.020569377578794956,0.0001,0.5797118287533521
2472,0.5819590128958225,0.15200020000338554,0.013627156615257263,0.41633165441453457,0.02219519787468016,0.0001,0.5801850173622369
2473,0.579092051833868,0.15177726279944181,0.013622067868709564,0.4136927127838135,0.022151038399897516,0.0001,0.5798839297145605
2474,0.5813969597220421,0.15181965846568346,0.013617821037769318,0.4159594774246216,0.02273131802212447,0.0001,0.579923740029335
2475,0.5788784697651863,0.15178766660392284,0.013607926666736603,0.413482878357172,0.0224061100743711,0.0001,0.5797503966838121
2476,0.5776510611176491,0.15194526500999928,0.013615213334560394,0.4120905790477991,0.02172435959801078,0.0001,0.5797363296151161
2477,0.5812453664839268,0.15185735933482647,0.013610675930976868,0.41577733121812344,0.02433027350343764,0.0001,0.5799729317426682
2478,0.5826672241091728,0.15157884825021029,0.013611994683742523,0.41747638024389744,0.020835927687585354,0.0001,0.580376709997654
2479,0.5843030661344528,0.15181524027138948,0.013616815209388733,0.4188710134476423,0.024398667155764997,0.0001,0.5806197732686996
2480,0.5798071920871735,0.15172954834997654,0.013625793159008026,0.4144518505781889,0.02115879114717245,0.0001,0.5807087618857623
2481,0.5777582116425037,0.15168814454227686,0.013626813888549805,0.4124432560056448,0.022725695627741516,0.0001,0.5804758615791797
2482,0.578534048050642,0.15177393332123756,0.0136178657412529,0.41314224898815155,0.023157285526394844,0.0001,0.5801333650946617
2483,0.5796086452901363,0.15172559674829245,0.013616777956485748,0.41426627337932587,0.023982547223567963,0.0001,0.5801850244402885
2484,0.5765802189707756,0.15180365648120642,0.01361217349767685,0.41116439551115036,0.023319640546105802,0.0001,0.5797033503651619
2485,0.5817616619169712,0.15177515894174576,0.01361345499753952,0.4163730498403311,0.023093577474355698,0.0001,0.5799916695803404
2486,0.5813406966626644,0.1517453994601965,0.013609424233436584,0.4159858748316765,0.0265008055139333,0.0001,0.5803606331348419
2487,0.579996757209301,0.15176178142428398,0.013607300817966461,0.4146276880055666,0.022733808727934957,0.0001,0.5802357722073793
2488,0.5820749327540398,0.15156650822609663,0.013622023165225983,0.4168864022940397,0.023408649140037596,0.0001,0.5801765430718661
2489,0.5753485187888145,0.15170301496982574,0.013612374663352966,0.410033131018281,0.0230375548126176,0.0001,0.5792810883373022
2490,0.5785778984427452,0.15182288829237223,0.013617537915706635,0.4131374694406986,0.022167637362144887,0.0001,0.5791581589728594
2491,0.5771321058273315,0.15174797270447016,0.013613119721412659,0.4117710180580616,0.024309573112986982,0.0001,0.5790955483913421
2492,0.578965287655592,0.15185911674052477,0.013594061136245728,0.4135121162980795,0.02272676967550069,0.0001,0.5791386723518371
2493,0.5786299742758274,0.15178686659783125,0.013613767921924591,0.41322932951152325,0.023083699168637395,0.0001,0.5790408052504062
2494,0.5784136801958084,0.15192297287285328,0.013608716428279877,0.4128819964826107,0.022264657309278846,0.0001,0.5792241513729095
2495,0.5842786617577076,0.15167606808245182,0.013616062700748444,0.41898652352392673,0.021683149388991296,0.0001,0.5794758513569832
2496,0.5826910361647606,0.15181946568191051,0.013602517545223236,0.41726904921233654,0.022783457417972386,0.0001,0.5796108853071928
2497,0.5850108601152897,0.15168574173003435,0.01361297070980072,0.41971214301884174,0.02179841708857566,0.0001,0.5801122955977916
2498,0.5840019211173058,0.15183002967387438,0.013608478009700775,0.41856340877711773,0.022566834231838584,0.0001,0.5803049944341183
2499,0.580334410071373,0.15173021517693996,0.013613544404506683,0.4149906449019909,0.022567339008674026,0.0001,0.5808035835623742
2500,0.5856813192367554,0.15179696027189493,0.01361548900604248,0.42026886343955994,0.021532310754992068,0.0001,0.5815139256417752
2501,0.5817184671759605,0.15174982231110334,0.013599574565887451,0.4163690712302923,0.023326326976530254,0.0001,0.581972561776638
2502,0.5829764120280743,0.15162680484354496,0.013608686625957489,0.4177409242838621,0.024070999934338033,0.0001,0.5823736742138863
2503,0.5812938250601292,0.1514555625617504,0.01361926645040512,0.4162189979106188,0.023101307568140328,0.0001,0.5826400592923164
2504,0.5781818702816963,0.15153978671878576,0.013602100312709808,0.4130399823188782,0.02178065979387611,0.0001,0.5826168783009052
2505,0.5789133086800575,0.15158156026154757,0.013616688549518585,0.4137150663882494,0.022348953876644373,0.0001,0.5820803429931403
2506,0.5771182030439377,0.1517636151984334,0.013613782823085785,0.4117408003658056,0.023294802871532738,0.0001,0.5815230596810579
2507,0.5748383514583111,0.15148613136261702,0.013607591390609741,0.40974462032318115,0.022724943817593157,0.0001,0.5805058088153601
2508,0.5799876786768436,0.1517383549362421,0.013606153428554535,0.4146431777626276,0.022318431991152465,0.0001,0.5801043845713139
2509,0.5819248184561729,0.1516005201265216,0.013607770204544067,0.41671652905642986,0.02139524882659316,0.0001,0.5802634254097938
2510,0.5828591510653496,0.1516132326796651,0.01360853761434555,0.4176373779773712,0.02471352170687169,0.0001,0.5799812085926532
2511,0.5766429454088211,0.15163779817521572,0.01361236721277237,0.41139277443289757,0.024000981473363936,0.0001,0.5794736564159393
2512,0.5789835341274738,0.15177552588284016,0.013617746531963348,0.41359025798738003,0.023860884131863713,0.0001,0.5790743686258792
2513,0.5781201496720314,0.1516269939020276,0.013609617948532104,0.41288353502750397,0.024503396241925657,0.0001,0.5787570010870695
2514,0.5774002000689507,0.15144595596939325,0.013622753322124481,0.4123314879834652,0.023367494926787913,0.0001,0.5786788340657949
2515,0.5783169567584991,0.1515966597944498,0.013605624437332153,0.4131146613508463,0.02110377512872219,0.0001,0.5786191988736391
2516,0.5744051150977612,0.15154345147311687,0.013601996004581451,0.40925966016948223,0.022673108032904565,0.0001,0.5783478900790214
2517,0.5794280357658863,0.15188547503203154,0.01361134648323059,0.41393121890723705,0.022750644478946924,0.0001,0.578806858509779
2518,0.5803592763841152,0.15174241177737713,0.013599388301372528,0.415017481893301,0.022455109632574022,0.0001,0.5788440182805061
2519,0.5810458734631538,0.15162545628845692,0.013609178364276886,0.41581123508512974,0.022789918584749103,0.0001,0.5787561237812042
2520,0.5837178081274033,0.15162142366170883,0.013604596257209778,0.41849179565906525,0.021895167650654912,0.0001,0.5788419894874096
2521,0.5831566713750362,0.15163566265255213,0.013610951602458954,0.4179100524634123,0.021461525349877775,0.0001,0.5794933620840311
2522,0.5794313326478004,0.15158367343246937,0.013599291443824768,0.4142483714967966,0.021507399040274322,0.0001,0.5795381419360638
2523,0.5754377208650112,0.15148665104061365,0.013606280088424683,0.41034478321671486,0.02198461617808789,0.0001,0.5792698990553617
2524,0.576817873865366,0.15157846733927727,0.01360948383808136,0.4116299208253622,0.024214656674303114,0.0001,0.5792116664350033
2525,0.582314744591713,0.15153543651103973,0.013606861233711243,0.4171724431216717,0.02102092665154487,0.0001,0.5796114452183246
2526,0.581621553748846,0.15176375396549702,0.013602212071418762,0.41625558398664,0.02226150082424283,0.0001,0.5803330890834332
2527,0.5780698321759701,0.15170395094901323,0.01359887421131134,0.41276699863374233,0.021359950536862016,0.0001,0.5801972687244416
2528,0.5820477902889252,0.15151697117835283,0.013612285256385803,0.4169185422360897,0.02219704177696258,0.0001,0.5803661201149225
2529,0.5803401209414005,0.15150956250727177,0.013597600162029266,0.41523296013474464,0.023026284063234925,0.0001,0.5802955448627471
2530,0.5790820606052876,0.15163175854831934,0.01362135261297226,0.41382894665002823,0.02275368571281433,0.0001,0.5798319701105357
2531,0.5777976587414742,0.15152718871831894,0.013613782823085785,0.4126566853374243,0.02308607113081962,0.0001,0.5792960688471794
2532,0.5806880109012127,0.15152325574308634,0.013613730669021606,0.4155510291457176,0.023364940658211708,0.0001,0.5794217366725206
2533,0.5842826552689075,0.15162792149931192,0.013603836297988892,0.41905090026557446,0.023269245633855462,0.0001,0.5803062301129103
2534,0.5796256475150585,0.15165609121322632,0.013612903654575348,0.414356654509902,0.02402078511659056,0.0001,0.5805870074778795
2535,0.5780976191163063,0.15158929210156202,0.013603240251541138,0.41290509328246117,0.023389875423163176,0.0001,0.5801652949303389
2536,0.5812357850372791,0.15158103313297033,0.0136103555560112,0.4160443991422653,0.022562925587408245,0.0001,0.5801267180591821
2537,0.5793557539582253,0.15155766066163778,0.013599574565887451,0.4141985233873129,0.023514648200944066,0.0001,0.5802553102374077
2538,0.5828615017235279,0.1516411816701293,0.013613060116767883,0.4176072534173727,0.02167542523238808,0.0001,0.5803366813808679
2539,0.5775994472205639,0.15168243180960417,0.013616807758808136,0.412300206720829,0.023075006087310612,0.0001,0.5800626140087843
2540,0.5783988833427429,0.15148097090423107,0.013611681759357452,0.4133062306791544,0.02329132123850286,0.0001,0.5799942962825299
2541,0.5743765458464622,0.15160495042800903,0.013620994985103607,0.4091506041586399,0.022567637264728546,0.0001,0.5796521849930286
2542,0.576750848442316,0.1517626391723752,0.013612456619739532,0.4113757461309433,0.02221822179853916,0.0001,0.5792584687471389
2543,0.5755966231226921,0.15144406352192163,0.01361335813999176,0.41053920425474644,0.02475186961237341,0.0001,0.5783898655325175
2544,0.5797714255750179,0.1515157138928771,0.013588614761829376,0.4146670922636986,0.02259901782963425,0.0001,0.5784044433385134
2545,0.5785142593085766,0.1516714245080948,0.013600535690784454,0.4132422935217619,0.021953109768219292,0.0001,0.5784461073577404
2546,0.5792611725628376,0.15142618119716644,0.013594970107078552,0.41424001939594746,0.0225063239922747,0.0001,0.5782486461102962
2547,0.5828034691512585,0.1516096107661724,0.013600297272205353,0.4175935573875904,0.02258610283024609,0.0001,0.5785934176295996
2548,0.5786884799599648,0.15149531606584787,0.013608492910861969,0.4135846681892872,0.021885832538828254,0.0001,0.5781761154532432
2549,0.5772828683257103,0.15144649520516396,0.013601630926132202,0.4122347477823496,0.023649294394999743,0.0001,0.5781444575637579
2550,0.5798659324645996,0.15142473950982094,0.013601943850517273,0.41483925469219685,0.024885033373720944,0.0001,0.5782911624759436
2551,0.5804070383310318,0.15160921774804592,0.01360456645488739,0.4151932541280985,0.023359131533652544,0.0001,0.5788942117244005
2552,0.5739380531013012,0.15165350958704948,0.013595536351203918,0.4086889997124672,0.022543736966326833,0.0001,0.5786129321902991
2553,0.5781679712235928,0.1514588762074709,0.013612650334835052,0.41309643909335136,0.02258414390962571,0.0001,0.5788700670003891
2554,0.5823848396539688,0.15146767534315586,0.013607494533061981,0.4173096716403961,0.02372570289298892,0.0001,0.5791314084082841
2555,0.5792861133813858,0.15150512661784887,0.013596773147583008,0.41418421640992165,0.022615252411924303,0.0001,0.5792085938155651
2556,0.5751586146652699,0.1517151901498437,0.013587407767772675,0.40985601767897606,0.023566383752040565,0.0001,0.5787983380258084
2557,0.5794343538582325,0.15142920147627592,0.013592608273029327,0.4144125394523144,0.02210428030230105,0.0001,0.5784614264965058
2558,0.5793758779764175,0.151395452208817,0.013612829148769379,0.41436760127544403,0.023560953559353948,0.0001,0.578530166298151
2559,0.5803003534674644,0.15149687696248293,0.01360512524843216,0.41519835591316223,0.023551023099571466,0.0001,0.5788319148123264
2560,0.5822232328355312,0.1515731094405055,0.013610482215881348,0.4170396439731121,0.02250610536430031,0.0001,0.5790676448494196
2561,0.5772806406021118,0.15154362190514803,0.013612240552902222,0.41212478652596474,0.023757235961966217,0.0001,0.5787550050765276
2562,0.576915979385376,0.1514095850288868,0.013616785407066345,0.411889610812068,0.023988292436115444,0.0001,0.5790527977049351
2563,0.5721430964767933,0.15124201774597168,0.01359933614730835,0.4073017369955778,0.023475518450140953,0.0001,0.5784503102302552
2564,0.5822131074965,0.15151558723300695,0.013608410954475403,0.4170891121029854,0.02391125855501741,0.0001,0.5784331370145083
2565,0.5803735293447971,0.1515103615820408,0.013617247343063354,0.41524592228233814,0.02343975706025958,0.0001,0.5785418786108494
2566,0.5779728591442108,0.15148482006043196,0.013614945113658905,0.41287309490144253,0.02505509799811989,0.0001,0.5788233030587435
2567,0.5770023465156555,0.1514128353446722,0.013597249984741211,0.41199225559830666,0.022334656212478876,0.0001,0.5785801023244858
2568,0.5783981196582317,0.15155686624348164,0.013598918914794922,0.4132423400878906,0.022942868527024984,0.0001,0.5784823264926672
2569,0.5808663479983807,0.15162154473364353,0.013602040708065033,0.4156427625566721,0.022313622990623116,0.0001,0.5785389259457588
2570,0.5790332444012165,0.15156195685267448,0.0135817751288414,0.4138895068317652,0.023601089720614254,0.0001,0.5782199271023274
2571,0.5777304135262966,0.15138197876513004,0.01359732449054718,0.4127511102706194,0.02210741804447025,0.0001,0.5782649043947459
2572,0.5810177363455296,0.15149731375277042,0.013599090278148651,0.4159213285893202,0.02290852158330381,0.0001,0.5786750800907612
2573,0.5774882435798645,0.15153494384139776,0.013610109686851501,0.4123431984335184,0.022871222347021103,0.0001,0.5792095948010683
2574,0.5793766193091869,0.15144428238272667,0.013603858649730682,0.4143284820020199,0.02280707797035575,0.0001,0.578925945982337
2575,0.5776637122035027,0.15149823110550642,0.013604387640953064,0.4125611037015915,0.023526495904661715,0.0001,0.5786549642682075
2576,0.5826425887644291,0.1514344308525324,0.013595089316368103,0.41761306673288345,0.019915533252060413,0.0001,0.5791219372302294
2577,0.581136479973793,0.1514450777322054,0.01359732449054718,0.4160940870642662,0.021353527321480215,0.0001,0.5795353505760431
2578,0.5781615488231182,0.1513170674443245,0.0135975182056427,0.4132469668984413,0.020868447492830455,0.0001,0.5795116934925317
2579,0.5776277892291546,0.15135671477764845,0.013606585562229156,0.4126644842326641,0.021284908056259155,0.0001,0.5791878376156092
2580,0.5794355273246765,0.15137230698019266,0.01360245794057846,0.41446076706051826,0.024548922665417194,0.0001,0.5792280659079552
2581,0.5796169117093086,0.15140363480895758,0.013582736253738403,0.41463053971529007,0.02319836081005633,0.0001,0.5794167157262564
2582,0.5742773562669754,0.1514494102448225,0.01360417902469635,0.4092237651348114,0.02212885778862983,0.0001,0.5787426777184009
2583,0.5791136063635349,0.15130369551479816,0.013616636395454407,0.41419327445328236,0.024762642569839954,0.0001,0.578905213996768
2584,0.5785133689641953,0.15147759765386581,0.01360601931810379,0.4134297538548708,0.023339923238381743,0.0001,0.5788188889622689
2585,0.5804257020354271,0.15133516304194927,0.013608008623123169,0.4154825285077095,0.02110963757149875,0.0001,0.5790950879454613
2586,0.5824820809066296,0.151284983381629,0.013611502945423126,0.4175855927169323,0.02096668560989201,0.0001,0.5790790371596813
2587,0.5787884965538979,0.15150379575788975,0.013616330921649933,0.4136683735996485,0.022379976348020136,0.0001,0.5788442388176918
2588,0.5747695229947567,0.1511641275137663,0.013599641621112823,0.41000575199723244,0.022858452051877975,0.0001,0.5785050362348556
2589,0.5767684504389763,0.15140205156058073,0.013604067265987396,0.4117623344063759,0.02100323769263923,0.0001,0.5784191023558378
2590,0.5775532498955727,0.15147836972028017,0.013593189418315887,0.4124816805124283,0.022257461678236723,0.0001,0.5782308746129274
2591,0.5776919350028038,0.15141117293387651,0.013598009943962097,0.41268275305628777,0.02214498515240848,0.0001,0.578038376942277
2592,0.5770391337573528,0.15134604927152395,0.013607703149318695,0.41208537854254246,0.024263847153633833,0.0001,0.5783145546913147
2593,0.5814633741974831,0.15147173590958118,0.013599313795566559,0.41639232635498047,0.024285873398184776,0.0001,0.5785495314747096
2594,0.5732261501252651,0.15134730376303196,0.013585574924945831,0.40829327143728733,0.021926161600276828,0.0001,0.5780208095908165
2595,0.5801902301609516,0.1514083296060562,0.013600215315818787,0.4151816852390766,0.022587607614696026,0.0001,0.5779972624033689
2596,0.5810803547501564,0.15144838020205498,0.013610407710075378,0.4160215649753809,0.022640487761236727,0.0001,0.5778570897877217
2597,0.5795098692178726,0.1513596335425973,0.013596653938293457,0.41455358266830444,0.021973632974550128,0.0001,0.5779292270541191
2598,0.579645425081253,0.15140507742762566,0.013592720031738281,0.4146476276218891,0.02195845788810402,0.0001,0.5784168172627687
2599,0.5789722837507725,0.15130006149411201,0.013605110347270966,0.4140671193599701,0.021576096420176327,0.0001,0.5786372005939484
2600,0.579701341688633,0.15134113561362028,0.013611912727355957,0.41474830359220505,0.0234404873335734,0.0001,0.5788520097732544
2601,0.5783086121082306,0.1514239739626646,0.013594627380371094,0.4132900107651949,0.024423397495411336,0.0001,0.5789136774837971
2602,0.5763436295092106,0.15136828925460577,0.01360812783241272,0.41136721335351467,0.02369631954934448,0.0001,0.5788441270589828
2603,0.5775770358741283,0.1511373035609722,0.01359710842370987,0.4128426294773817,0.021795377833768725,0.0001,0.5784554932266474
2604,0.578676626086235,0.15116809215396643,0.013598307967185974,0.41391022503376007,0.021697537158615887,0.0001,0.5790005408227443
2605,0.5834191367030144,0.15138705540448427,0.013595789670944214,0.41843629628419876,0.024825781234540045,0.0001,0.5793234314769506
2606,0.5812285505235195,0.15139002446085215,0.013605773448944092,0.41623274609446526,0.022338935174047947,0.0001,0.5793382510542869
2607,0.5788310654461384,0.15149545576423407,0.01359560340642929,0.4137400109320879,0.024583146325312555,0.0001,0.5792703706771135
2608,0.5768940895795822,0.15133131761103868,0.013601548969745636,0.41196122765541077,0.023951349430717528,0.0001,0.5789952371269464
2609,0.5767917819321156,0.15126186795532703,0.013608433306217194,0.4119214862585068,0.02429378347005695,0.0001,0.5787771869450807
2610,0.5774403177201748,0.1514334613457322,0.013612248003482819,0.4123946037143469,0.02333805779926479,0.0001,0.5785510845482349
2611,0.5813632495701313,0.15137040615081787,0.013588428497314453,0.4164044186472893,0.024128022487275302,0.0001,0.578856548294425
2612,0.5795062966644764,0.15159484464675188,0.013616517186164856,0.41429493948817253,0.022326455335132778,0.0001,0.5791728150099515
2613,0.5835463628172874,0.15126065723598003,0.013614259660243988,0.4186714440584183,0.022271548165008426,0.0001,0.5797697477042675
2614,0.5774285160005093,0.15128282830119133,0.013592302799224854,0.41255338676273823,0.02211390936281532,0.0001,0.579644936695695
2615,0.5796084590256214,0.15123629290610552,0.013587050139904022,0.41478511691093445,0.021080847072880715,0.0001,0.5792638689279557
2616,0.5770481489598751,0.1512789111584425,0.013604693114757538,0.4121645465493202,0.02192721189931035,0.0001,0.5788458287715912
2617,0.5814659595489502,0.15140050649642944,0.013608358800411224,0.41645709052681923,0.023604298825375736,0.0001,0.5791093181818724
2618,0.5759746581315994,0.1512966426089406,0.013590030372142792,0.41108798049390316,0.022000213619321585,0.0001,0.5790173750370741
2619,0.5781278349459171,0.15135284420102835,0.013616405427455902,0.41315858624875546,0.022785292705520988,0.0001,0.5791509803384542
2620,0.5795364528894424,0.151252799667418,0.013599373400211334,0.4146842770278454,0.02433080959599465,0.0001,0.579360593855381
2621,0.5787061601877213,0.1512575028464198,0.013600438833236694,0.4138482231646776,0.021929577575065196,0.0001,0.57909488491714
2622,0.581437561661005,0.15141650289297104,0.013595983386039734,0.41642506793141365,0.022905523888766766,0.0001,0.5792880114167929
2623,0.5780517794191837,0.15139934699982405,0.01359761506319046,0.4130548257380724,0.02159553812816739,0.0001,0.5787385530769825
2624,0.5785090401768684,0.15121584758162498,0.013588257133960724,0.41370493918657303,0.023351098410785198,0.0001,0.5788466054946184
2625,0.5783008076250553,0.15122473519295454,0.013602949678897858,0.4134731274098158,0.02337101544253528,0.0001,0.5787158403545618
2626,0.5783257074654102,0.15120065491646528,0.013604529201984406,0.4135205317288637,0.021715322276577353,0.0001,0.5788435962051153
2627,0.5730338990688324,0.1514115585014224,0.01358947902917862,0.40803286246955395,0.02287130185868591,0.0001,0.5780003901571036
2628,0.5760900154709816,0.15116358548402786,0.013607032597064972,0.41131940484046936,0.02248720801435411,0.0001,0.5780119258910418
2629,0.5827077589929104,0.15120460372418165,0.013582706451416016,0.41792044788599014,0.022577089024707675,0.0001,0.5784699182957411
2630,0.5771406106650829,0.15118222311139107,0.013601340353488922,0.4123570453375578,0.02319116343278438,0.0001,0.5782303340733052
2631,0.5802010670304298,0.1514845248311758,0.013594813644886017,0.4151217322796583,0.02438503666780889,0.0001,0.578379824757576
2632,0.5783837139606476,0.15114890970289707,0.013600341975688934,0.413634467869997,0.02187014906667173,0.0001,0.5780744399875403
2633,0.5843926258385181,0.15130051877349615,0.01358545571565628,0.41950665414333344,0.02314720640424639,0.0001,0.5787085246294736
2634,0.5746691152453423,0.15118200611323118,0.013599976897239685,0.4098871350288391,0.02175782946869731,0.0001,0.5783245321363211
2635,0.5771618746221066,0.15133145544677973,0.013616159558296204,0.41221425868570805,0.021911486517637968,0.0001,0.5782106388360262
2636,0.580410048365593,0.15119651891291142,0.013612300157546997,0.4156012274324894,0.023695615585893393,0.0001,0.5784190729260444
2637,0.582546841353178,0.15114679746329784,0.013601884245872498,0.41779816150665283,0.02206407336052507,0.0001,0.579370367154479
2638,0.5844622477889061,0.15119627956300974,0.013582795858383179,0.41968316398561,0.023163851583376527,0.0001,0.5802075903862715
2639,0.5808457657694817,0.15098436269909143,0.013602033257484436,0.41625936701893806,0.021716651157476008,0.0001,0.5800213910639286
2640,0.5788923762738705,0.15103131532669067,0.013592347502708435,0.41426871716976166,0.02397851028945297,0.0001,0.5801965676248073
2641,0.5808572806417942,0.15125218499451876,0.013595104217529297,0.4160099886357784,0.022819954436272383,0.0001,0.5802621889859438
2642,0.579691156744957,0.15126030705869198,0.013599134981632233,0.41483171097934246,0.024940732400864363,0.0001,0.5803929332643747
2643,0.5772214978933334,0.15134853404015303,0.01360148936510086,0.412271473556757,0.025238062255084515,0.0001,0.5796758204698562
2644,0.5801460184156895,0.1512658316642046,0.013586819171905518,0.4152933657169342,0.023174903355538845,0.0001,0.5802235107868909
2645,0.5796907544136047,0.1509914370253682,0.013602174818515778,0.4150971472263336,0.022483752691186965,0.0001,0.5804763987660408
2646,0.5780585594475269,0.1512261750176549,0.01359015703201294,0.41324223205447197,0.022362937568686903,0.0001,0.5802412498742342
2647,0.5778460651636124,0.151357582770288,0.013581253588199615,0.41290723346173763,0.02501206228043884,0.0001,0.5797711722552776
2648,0.5793709829449654,0.15129858255386353,0.013590559363365173,0.4144818317145109,0.02267934603150934,0.0001,0.5792620457708836
2649,0.5788833908736706,0.15126299858093262,0.013600237667560577,0.4140201508998871,0.022371772560290992,0.0001,0.5790658082813025
2650,0.5790236257016659,0.1510998634621501,0.013606436550617218,0.4143173284828663,0.02279207913670689,0.0001,0.579078933224082
2651,0.5791337266564369,0.1510583059862256,0.013597704470157623,0.4144777189940214,0.02165008895099163,0.0001,0.5789065778255462
2652,0.5782838389277458,0.15123169496655464,0.013604827225208282,0.41344732232391834,0.024152713711373508,0.0001,0.5787658460438252
2653,0.5816288441419601,0.15129378344863653,0.013594113290309906,0.416740944609046,0.022927463753148913,0.0001,0.5792065806686878
2654,0.5777902230620384,0.15118749998509884,0.013588249683380127,0.41301448084414005,0.023369448725134134,0.0001,0.5789710011333227
2655,0.5753313265740871,0.15117071103304625,0.013583123683929443,0.41057748533785343,0.02266742184292525,0.0001,0.5785350583493709
2656,0.5770970396697521,0.1512298323214054,0.013575948774814606,0.4122912660241127,0.0220005817245692,0.0001,0.5784389063715935
2657,0.5757085233926773,0.15123619325459003,0.013607122004032135,0.41086520813405514,0.02223331027198583,0.0001,0.5782251521945
2658,0.5804992876946926,0.15114272758364677,0.013598091900348663,0.4157584644854069,0.022869120468385518,0.0001,0.5783379826694727
2659,0.5751037634909153,0.15124878101050854,0.013614475727081299,0.41024050116539,0.023295407299883664,0.0001,0.5779600199311972
2660,0.5791273862123489,0.15094153583049774,0.013590998947620392,0.41459486074745655,0.023294608341529965,0.0001,0.5779703959822655
2661,0.5816504880785942,0.15124202705919743,0.013591133058071136,0.41681732423603535,0.0226782807148993,0.0001,0.5782220721244812
2662,0.5788748487830162,0.15125474613159895,0.013612151145935059,0.4140079505741596,0.022798818768933415,0.0001,0.5782811731100083
2663,0.5805462747812271,0.15131694450974464,0.013592474162578583,0.41563685797154903,0.02420517848804593,0.0001,0.578172916173935
2664,0.5796171687543392,0.1511887153610587,0.013602487742900848,0.41482596658170223,0.02365299768280238,0.0001,0.578355610743165
2665,0.5779252760112286,0.15113635547459126,0.013594716787338257,0.4131942018866539,0.02203988318797201,0.0001,0.5786150056868792
2666,0.5809312015771866,0.15108992531895638,0.013599969446659088,0.4162413105368614,0.023841810878366232,0.0001,0.5789984218776226
2667,0.5783629342913628,0.1511553879827261,0.013606175780296326,0.4136013723909855,0.022026106365956366,0.0001,0.5792638629674911
2668,0.5802033022046089,0.15118115302175283,0.01359589397907257,0.4154262598603964,0.02591273037251085,0.0001,0.5792342644184828
2669,0.5793975405395031,0.15112772677093744,0.013588830828666687,0.41468096897006035,0.02368162223137915,0.0001,0.5796636421233415
2670,0.5816818550229073,0.15114205796271563,0.01360708475112915,0.41693271324038506,0.022538036108016968,0.0001,0.5799190890043974
2671,0.5755567885935307,0.1511526769027114,0.013608165085315704,0.41079594381153584,0.023198724258691072,0.0001,0.579309719055891
2672,0.5796869620680809,0.15111046377569437,0.013588771224021912,0.4149877279996872,0.022825035033747554,0.0001,0.5793909303843975
2673,0.5746761821210384,0.15126793459057808,0.013582080602645874,0.40982616879045963,0.02353371970821172,0.0001,0.5788039211183786
2674,0.5817957520484924,0.15107853803783655,0.013601526618003845,0.4171156920492649,0.022441844921559095,0.0001,0.579021779447794
2675,0.579257670789957,0.15123157296329737,0.013593629002571106,0.4144324641674757,0.02288699324708432,0.0001,0.5791550189256668
2676,0.5800640136003494,0.15107569471001625,0.013589918613433838,0.41539840027689934,0.020473993732593954,0.0001,0.579068300127983
2677,0.5749221742153168,0.15131034795194864,0.013601899147033691,0.41000992618501186,0.023766601691022515,0.0001,0.5787242241203785
2678,0.5790453888475895,0.15118984878063202,0.013605646789073944,0.41424988955259323,0.02215632190927863,0.0001,0.5786084327846766
2679,0.5749571695923805,0.1511393403634429,0.013584882020950317,0.4102329481393099,0.021852293401025236,0.0001,0.5781643956899643
2680,0.5784221142530441,0.15116206649690866,0.01359482854604721,0.41366520896553993,0.0241217075381428,0.0001,0.5778384216129779
2681,0.5813318192958832,0.15115425270050764,0.01360148936510086,0.41657607816159725,0.024433103622868657,0.0001,0.5784159246832132
2682,0.5773976370692253,0.1511991322040558,0.013599850237369537,0.4125986509025097,0.022934075794182718,0.0001,0.5781869921833277
2683,0.5833422765135765,0.15112160611897707,0.013607345521450043,0.41861332207918167,0.023692792863585055,0.0001,0.5790536016225815
2684,0.5780166238546371,0.15107753407210112,0.013593725860118866,0.41334536857903004,0.022508203168399632,0.0001,0.578675688803196
2685,0.5763651616871357,0.15086642559617758,0.013593114912509918,0.4119056202471256,0.0238216333091259,0.0001,0.5783864378929138
2686,0.5791575498878956,0.1510704904794693,0.013593457639217377,0.4144936017692089,0.024285012274049222,0.0001,0.5782957915216684
2687,0.5792207419872284,0.1509901899844408,0.013590343296527863,0.4146402105689049,0.021680432837456465,0.0001,0.5787256482988596
2688,0.5795081742107868,0.1511749718338251,0.013581670820713043,0.41475152783095837,0.023943226668052375,0.0001,0.5787719268351793
2689,0.5801971815526485,0.15106917824596167,0.013598151504993439,0.41552985459566116,0.02312561485450715,0.0001,0.5792959280312061
2690,0.5748650692403316,0.15098553337156773,0.013601265847682953,0.4102782681584358,0.022860251599922776,0.0001,0.5789402235299349
2691,0.5816316567361355,0.1509567266330123,0.013593465089797974,0.41708147153258324,0.023151506204158068,0.0001,0.5789702072739601
2692,0.579205360263586,0.15110471192747355,0.013583280146121979,0.41451735980808735,0.02256991609465331,0.0001,0.5791509795933962
2693,0.5759081728756428,0.15100364852696657,0.013593517243862152,0.4113110061734915,0.02508186304476112,0.0001,0.5784075692296028
2694,0.5811975412070751,0.15094422828406096,0.013603083789348602,0.41665023006498814,0.023287463700398803,0.0001,0.5787256609648466
2695,0.5779075063765049,0.15100435353815556,0.013589881360530853,0.41331326961517334,0.023409117944538593,0.0001,0.5788798954337835
2696,0.5758901238441467,0.15102494787424803,0.013589024543762207,0.4112761504948139,0.023632532451301813,0.0001,0.5785531528294087
2697,0.5780875757336617,0.1509919771924615,0.01359027624130249,0.4135053176432848,0.022268689004704356,0.0001,0.5784398362040519
2698,0.5788661651313305,0.1510638641193509,0.013582125306129456,0.414220180362463,0.022999466978944838,0.0001,0.5783756352961064
2699,0.5716260187327862,0.15106907486915588,0.013582795858383179,0.40697414241731167,0.023204214870929718,0.0001,0.5775185190141201
2700,0.5770360566675663,0.15121588204056025,0.013602256774902344,0.4122179113328457,0.03082208556588739,0.0001,0.5777356177568436
2701,0.5794858746230602,0.1511443816125393,0.013588830828666687,0.4147526640444994,0.022051078965887427,0.0001,0.577521039545536
2702,0.5796848274767399,0.1510812845081091,0.013591483235359192,0.41501205414533615,0.022560970042832196,0.0001,0.5775689862668514
2703,0.574159748852253,0.15092248003929853,0.01361062377691269,0.4096266459673643,0.023730267072096467,0.0001,0.5773941438645125
2704,0.5759336613118649,0.15103969536721706,0.013606354594230652,0.4112876169383526,0.022768878494389355,0.0001,0.5768677558749914
2705,0.5796597525477409,0.15098125953227282,0.013609141111373901,0.41506935097277164,0.021434002090245485,0.0001,0.577042980492115
2706,0.5767315328121185,0.15097704250365496,0.013582214713096619,0.41217226907610893,0.02138637308962643,0.0001,0.5771271213889122
2707,0.5793276950716972,0.1511504938825965,0.013582192361354828,0.4145950060337782,0.022000210010446608,0.0001,0.5772511333227157
2708,0.5817842483520508,0.15094598848372698,0.01360168308019638,0.41723657585680485,0.023988476488739252,0.0001,0.5775429416447878
2709,0.5785166919231415,0.1511142970994115,0.013593651354312897,0.4138087425380945,0.023498826543800533,0.0001,0.5782320089638233
2710,0.577862199395895,0.1510034203529358,0.013594046235084534,0.4132647383958101,0.022678216453641653,0.0001,0.5783146232366562
2711,0.5792453214526176,0.1510803522542119,0.013592548668384552,0.4145724195986986,0.02182522090151906,0.0001,0.578290567919612
2712,0.5748074613511562,0.15098589658737183,0.013600513339042664,0.41022105515003204,0.022675424348562956,0.0001,0.5778028313070536
2713,0.5829368196427822,0.1509024128317833,0.013591885566711426,0.41844251938164234,0.023192226537503302,0.0001,0.5786805383861064
2714,0.5763385370373726,0.15088418684899807,0.013576976954936981,0.41187737323343754,0.022840295336209238,0.0001,0.5787210259586573
2715,0.5767003111541271,0.1510000340640545,0.013594113290309906,0.4121061656624079,0.020948961144313216,0.0001,0.5784250818192959
2716,0.5724470056593418,0.1510717896744609,0.013595566153526306,0.4077796433120966,0.021088403067551553,0.0001,0.5779966291040182
2717,0.5779260471463203,0.15089976135641336,0.013587892055511475,0.4134383946657181,0.021831361227668822,0.0001,0.5778564643114805
2718,0.5773145891726017,0.15084682404994965,0.013586528599262238,0.4128812402486801,0.0209177415817976,0.0001,0.5774094983935356
2719,0.5734153613448143,0.15084808226674795,0.013601265847682953,0.4089660197496414,0.023417284828610718,0.0001,0.5768993653357029
2720,0.5808587707579136,0.15091010555624962,0.013583332300186157,0.4163653291761875,0.022508050897158682,0.0001,0.5771990224719048
2721,0.579794954508543,0.15097959712147713,0.013593114912509918,0.4152222406119108,0.022499843849800527,0.0001,0.5772539857774973
2722,0.5781691670417786,0.1510907718911767,0.013593316078186035,0.4134850800037384,0.023689213441684842,0.0001,0.5775901563465595
2723,0.577280517667532,0.15105282329022884,0.013593003153800964,0.4126346968114376,0.022078867885284126,0.0001,0.5770245261490345
2724,0.5801011584699154,0.15094942320138216,0.013578914105892181,0.4155728183686733,0.021073971060104668,0.0001,0.5774007882922888
2725,0.578829575330019,0.15107591077685356,0.013586699962615967,0.4141669627279043,0.023405852494761348,0.0001,0.577613714709878
2726,0.5764570459723473,0.15082831028848886,0.013598218560218811,0.41203051805496216,0.023241300601512194,0.0001,0.5780147187411785
2727,0.5771231725811958,0.15103652141988277,0.013619378209114075,0.41246727481484413,0.023837920860387385,0.0001,0.577934431284666
2728,0.5746184512972832,0.15083554573357105,0.013582848012447357,0.4102000519633293,0.02266459900420159,0.0001,0.5776648174971342
2729,0.5786629021167755,0.15087438561022282,0.01359531283378601,0.4141932036727667,0.02278339210897684,0.0001,0.5781895715743304
2730,0.5788842514157295,0.150989830493927,0.013590313494205475,0.4143041055649519,0.0228136139921844,0.0001,0.5779921196401119
2731,0.5784002989530563,0.15094208903610706,0.013590991497039795,0.4138672202825546,0.022876791772432625,0.0001,0.5778526540845632
2732,0.5786796808242798,0.1509787142276764,0.013586342334747314,0.41411462239921093,0.021714013069868088,0.0001,0.5779037054628133
2733,0.5741609483957291,0.15089177433401346,0.01359577476978302,0.40967340394854546,0.023684746236540377,0.0001,0.5775917485356331
2734,0.5819428898394108,0.1508417772129178,0.013577237725257874,0.4175238758325577,0.024898820091038942,0.0001,0.5777759216725826
2735,0.5761288702487946,0.15085049718618393,0.013590246438980103,0.4116881228983402,0.022603651275858283,0.0001,0.5775058511644602
2736,0.5785419270396233,0.15103277936577797,0.013594232499599457,0.41391492262482643,0.022656901739537716,0.0001,0.5777143392711878
2737,0.5781070478260517,0.15092191006988287,0.01359269767999649,0.41359243728220463,0.02264979132451117,0.0001,0.5778127267956734
2738,0.5788510590791702,0.1509845368564129,0.013594791293144226,0.41427172906696796,0.023553601698949933,0.0001,0.5782359875738621
2739,0.5761211104691029,0.1508857812732458,0.013594485819339752,0.41164083778858185,0.02332932234276086,0.0001,0.5779818084090949
2740,0.5750489048659801,0.15089294128119946,0.013592511415481567,0.4105634484440088,0.022475262288935483,0.0001,0.5775982737541199
2741,0.5784552805125713,0.15091007947921753,0.013586550951004028,0.41395864821970463,0.02408938528969884,0.0001,0.5776037719100714
2742,0.5796235129237175,0.15096397045999765,0.013590365648269653,0.41506917029619217,0.023112613358534873,0.0001,0.5776981551200151
2743,0.5826173834502697,0.15100429952144623,0.01360415667295456,0.4180089384317398,0.02324044331908226,0.0001,0.5785437986254692
2744,0.5770516581833363,0.1510861860588193,0.013586901128292084,0.41237856820225716,0.023502660333178937,0.0001,0.5780546754598618
2745,0.5816757157444954,0.15093118697404861,0.013588041067123413,0.41715649142861366,0.022886836202815175,0.0001,0.5786093600094319
2746,0.5747636221349239,0.15094455517828465,0.013585597276687622,0.41023346595466137,0.022132301470264792,0.0001,0.578231529518962
2747,0.577964723110199,0.1508563533425331,0.013578131794929504,0.41353023424744606,0.022390000987797976,0.0001,0.5782172970473767
2748,0.5739605948328972,0.15084784477949142,0.013587206602096558,0.4095255360007286,0.02521558664739132,0.0001,0.5777282506227494
2749,0.5767601951956749,0.1509048594161868,0.01358146220445633,0.41227387823164463,0.022424742113798857,0.0001,0.5777921590954065
2750,0.5760296508669853,0.15075117722153664,0.013582736253738403,0.41169573925435543,0.02309012971818447,0.0001,0.5778902336955071
2751,0.5803158096969128,0.15078307874500751,0.013579420745372772,0.41595330834388733,0.022233035298995674,0.0001,0.5780762866139412
2752,0.5775468200445175,0.1508292257785797,0.013598702847957611,0.4131188951432705,0.025188995292410254,0.0001,0.5778686173260212
2753,0.5797846876084805,0.15095570497214794,0.013592898845672607,0.41523608565330505,0.02320922026410699,0.0001,0.5775853477418422
2754,0.5762260779738426,0.15095462929457426,0.013598829507827759,0.4116726163774729,0.025037011597305536,0.0001,0.5775027897208929
2755,0.5739752501249313,0.15082924347370863,0.013584598898887634,0.4095614105463028,0.02402992534916848,0.0001,0.5767327431589365
2756,0.5739037431776524,0.15078834537416697,0.01357971876859665,0.40953568555414677,0.022593745728954673,0.0001,0.5766467552632093
2757,0.5764528065919876,0.15091045014560223,0.013591386377811432,0.41195097006857395,0.022848612861707807,0.0001,0.5764955636113882
2758,0.5755590721964836,0.15088920295238495,0.013579130172729492,0.411090737208724,0.02316916373092681,0.0001,0.5766554113477469
2759,0.5808240622282028,0.15074953995645046,0.013587377965450287,0.4164871387183666,0.02290428418200463,0.0001,0.5770617980509997
2760,0.5758171789348125,0.15087864641100168,0.013592422008514404,0.41134612262248993,0.02232429466675967,0.0001,0.5770405508577824
2761,0.5758474245667458,0.15091560687869787,0.013574473559856415,0.41135733760893345,0.023399907047860324,0.0001,0.5765937123447656
2762,0.5823667980730534,0.15087390691041946,0.013595610857009888,0.4178972877562046,0.024590863496996462,0.0001,0.5770757101476193
2763,0.5801955014467239,0.15087518002837896,0.013587698340415955,0.4157326240092516,0.023851625970564783,0.0001,0.5771167915314436
2764,0.5743815936148167,0.15076771285384893,0.013595394790172577,0.4100184813141823,0.02411926817148924,0.0001,0.576932343095541
2765,0.5779873505234718,0.15074488706886768,0.013586297631263733,0.41365616768598557,0.02274378587026149,0.0001,0.577333553135395
2766,0.5802266262471676,0.15090734232217073,0.0135708749294281,0.41574839875102043,0.02217694465070963,0.0001,0.5779658414423465
2767,0.5753059796988964,0.15086801908910275,0.013572946190834045,0.4108650181442499,0.02337800315581262,0.0001,0.5778511587530375
2768,0.5786573141813278,0.15068121626973152,0.013593778014183044,0.4143823143094778,0.02337989816442132,0.0001,0.5781609829515219
2769,0.5771370828151703,0.15097640547901392,0.013581939041614532,0.41257874108850956,0.0230542600620538,0.0001,0.5777922850102186
2770,0.5794958285987377,0.1509722899645567,0.013592787086963654,0.41493074782192707,0.02235492831096053,0.0001,0.5781601499766111
2771,0.5784796662628651,0.1509106568992138,0.013589508831501007,0.41397950053215027,0.024569023516960442,0.0001,0.578423374146223
2772,0.5771475844085217,0.15072475373744965,0.013598710298538208,0.41282412223517895,0.02392348845023662,0.0001,0.5779014527797699
2773,0.5781830996274948,0.15092492569237947,0.013593949377536774,0.413664223626256,0.024285722989588976,0.0001,0.577700212597847
2774,0.5779635868966579,0.1508204061537981,0.013581201434135437,0.4135619793087244,0.0240281653823331,0.0001,0.5780584119260311
2775,0.5829270668327808,0.15087182819843292,0.013586916029453278,0.4184683170169592,0.022961738635785878,0.0001,0.578552383556962
2776,0.5769893862307072,0.15077038761228323,0.013579390943050385,0.412639606744051,0.02130774559918791,0.0001,0.578228659555316
2777,0.5779308527708054,0.15081334672868252,0.013592332601547241,0.413525165989995,0.023987308610230684,0.0001,0.5784911468625069
2778,0.5785129591822624,0.1508485721424222,0.013584733009338379,0.4140796512365341,0.022517525358125567,0.0001,0.5784767113626004
2779,0.5758410505950451,0.15083605982363224,0.013595901429653168,0.41140909492969513,0.02307397744152695,0.0001,0.5783471081405878
2780,0.5747310556471348,0.15057354886084795,0.013594478368759155,0.4105630200356245,0.02272141317371279,0.0001,0.5778706308454276
2781,0.5752978436648846,0.15067094657570124,0.013597264885902405,0.4110296331346035,0.023889286443591118,0.0001,0.5775524485856295
2782,0.5759650357067585,0.15075211692601442,0.013616450130939484,0.4115964714437723,0.023710553417913616,0.0001,0.5774341937154531
2783,0.5781108178198338,0.1508316770195961,0.013589851558208466,0.41368929855525494,0.022625601151958108,0.0001,0.5774269655346871
2784,0.5822923444211483,0.15068578626960516,0.013586267828941345,0.41802028752863407,0.023624179302714765,0.0001,0.5778598412871361
2785,0.5742831043899059,0.15074349008500576,0.013579487800598145,0.4099601283669472,0.02430471684783697,0.0001,0.5769954450428486
2786,0.577376265078783,0.15068688429892063,0.013581700623035431,0.4131076820194721,0.022925781435333192,0.0001,0.5770341329276562
2787,0.5819319784641266,0.15089394804090261,0.013597995042800903,0.41744004003703594,0.022135047591291368,0.0001,0.5774342454969883
2788,0.5743991136550903,0.15075420774519444,0.013589069247245789,0.4100558403879404,0.022985370247624815,0.0001,0.5770228609442711
2789,0.5722614601254463,0.1506395349279046,0.013593800365924835,0.40802812576293945,0.022738452069461346,0.0001,0.5766649018973112
2790,0.5758987255394459,0.15054671466350555,0.0135965496301651,0.41175546310842037,0.022729773190803826,0.0001,0.5767816688865424
2791,0.580268606543541,0.15095326770097017,0.013577982783317566,0.4157373569905758,0.023482245160266757,0.0001,0.5772787451744079
2792,0.5791213735938072,0.1507385615259409,0.013587959110736847,0.4147948566824198,0.02214353485032916,0.0001,0.5775943789631128
2793,0.5812062174081802,0.15068571642041206,0.013587668538093567,0.41693282686173916,0.02174952661152929,0.0001,0.5779039189219475
2794,0.5724404864013195,0.15042776986956596,0.01357947289943695,0.40843324922025204,0.023288973257876933,0.0001,0.5769187331199646
2795,0.5817087069153786,0.1508062994107604,0.013597726821899414,0.4173046797513962,0.02275615418329835,0.0001,0.5776612933725118
2796,0.57978505641222,0.15058295615017414,0.013587817549705505,0.41561429016292095,0.022035339730791748,0.0001,0.5779021725058555
2797,0.574374619871378,0.1507090926170349,0.013579048216342926,0.4100864827632904,0.022486882167868316,0.0001,0.5771464366465807
2798,0.5758915655314922,0.15061987936496735,0.013584062457084656,0.4116876292973757,0.023203055374324322,0.0001,0.5772956818342209
2799,0.5776365622878075,0.15061726793646812,0.01358020305633545,0.41343909688293934,0.023511633626185358,0.0001,0.577833192050457
2800,0.5791855864226818,0.15071264375001192,0.013584353029727936,0.41488860361278057,0.02273789676837623,0.0001,0.5781618781387806
2801,0.5761057622730732,0.1507680518552661,0.013590201735496521,0.411747507750988,0.02238232863601297,0.0001,0.5777455937117338
2802,0.5761307962238789,0.15057997405529022,0.013584136962890625,0.41196668334305286,0.0221927521051839,0.0001,0.5774465359747409
2803,0.5804023295640945,0.1507014548406005,0.01357472687959671,0.41612615063786507,0.022362818126566708,0.0001,0.5773661471903324
2804,0.578929927200079,0.1505587724968791,0.013585053384304047,0.41478610411286354,0.021636443794704974,0.0001,0.5780150912702083
2805,0.5767573192715645,0.15086228027939796,0.013587556779384613,0.4123074859380722,0.024508579052053392,0.0001,0.577519952505827
2806,0.5797401554882526,0.15073838643729687,0.013583838939666748,0.4154179338365793,0.022893834859132767,0.0001,0.5775154624134302
2807,0.5806423351168633,0.15080603398382664,0.013575464487075806,0.41626083850860596,0.023466168553568423,0.0001,0.5781422339379787
2808,0.5758280083537102,0.1506154164671898,0.013601839542388916,0.4116107542067766,0.021642040577717125,0.0001,0.5781358782202005
2809,0.5730544254183769,0.15069270227104425,0.01357664167881012,0.4087850768119097,0.023064115550369024,0.0001,0.5776776645332575
2810,0.5803012773394585,0.1506347358226776,0.01359550654888153,0.41607104055583477,0.022040454321540892,0.0001,0.5777892336249352
2811,0.5770082660019398,0.15070582274347544,0.013589680194854736,0.4127127677202225,0.023222402785904706,0.0001,0.5778794839978219
2812,0.5783557146787643,0.15061741042882204,0.013583309948444366,0.41415499337017536,0.02258490363601595,0.0001,0.5781019758433104
2813,0.5816521793603897,0.15050906501710415,0.013575933873653412,0.41756717674434185,0.02155034418683499,0.0001,0.5782269608229399
2814,0.5841385945677757,0.1505378670990467,0.013589069247245789,0.4200116656720638,0.02170274336822331,0.0001,0.5787478275597095
2815,0.5780469253659248,0.15065003745257854,0.013586200773715973,0.41381068527698517,0.023249216959811747,0.0001,0.5788767881691456
2816,0.5761204957962036,0.15060841105878353,0.013580843806266785,0.4119312409311533,0.023782611591741443,0.0001,0.5785148221999407
2817,0.57840970531106,0.15050882194191217,0.013593412935733795,0.4143074695020914,0.0221562332008034,0.0001,0.5782915592193604
2818,0.576814666390419,0.15066022798419,0.013585031032562256,0.41256940364837646,0.024701272835955024,0.0001,0.5783902250230313
2819,0.576645016670227,0.15061084274202585,0.013566896319389343,0.4124672804027796,0.022660787566564977,0.0001,0.5787492841482162
2820,0.581811435520649,0.1505400463938713,0.01359529048204422,0.4176761005073786,0.02182643278501928,0.0001,0.5789002999663353
2821,0.5758009739220142,0.15074082557111979,0.013593144714832306,0.41146701015532017,0.021600418025627732,0.0001,0.5787795707583427
2822,0.5790432505309582,0.15061510168015957,0.013574153184890747,0.41485399566590786,0.023977970122359693,0.0001,0.5788483243435621
2823,0.5752667672932148,0.1507986169308424,0.013602092862129211,0.41086605936288834,0.022504573222249746,0.0001,0.5782097831368447
2824,0.5749627947807312,0.15061529073864222,0.013593621551990509,0.4107538815587759,0.02352492546197027,0.0001,0.5772922031581402
2825,0.5827753990888596,0.15062820725142956,0.013594523072242737,0.4185526669025421,0.023696259246207774,0.0001,0.5777650505304337
2826,0.5774955525994301,0.1503707030788064,0.013587221503257751,0.41353762336075306,0.02178948954679072,0.0001,0.5779025562107563
2827,0.5806956402957439,0.1507606329396367,0.013589970767498016,0.4163450449705124,0.022819294244982302,0.0001,0.5781311497092247
2828,0.5811043009161949,0.15071027632802725,0.013590782880783081,0.41680324263870716,0.020899090450257063,0.0001,0.5785601131618023
2829,0.5770176649093628,0.15053034760057926,0.013573765754699707,0.4129135478287935,0.024763861089013517,0.0001,0.5785973779857159
2830,0.5770169608294964,0.15063011832535267,0.013577952980995178,0.4128088913857937,0.02323276363313198,0.0001,0.5781179305166007
2831,0.577395360916853,0.1506813932210207,0.013587549328804016,0.41312642209231853,0.022120789508335292,0.0001,0.5782773692160845
2832,0.575054757297039,0.15055007860064507,0.01358088105916977,0.41092379949986935,0.02215061616152525,0.0001,0.5778785198926926
2833,0.5783520452678204,0.15061933919787407,0.01358111947774887,0.41415158845484257,0.022575951064936817,0.0001,0.5781870476901532
2834,0.5749244317412376,0.15067677106708288,0.013590127229690552,0.41065752878785133,0.023255966836586595,0.0001,0.5781832113862038
2835,0.5741529576480389,0.15065080765634775,0.0135749951004982,0.4099271558225155,0.024359285598620772,0.0001,0.5773209672421217
2836,0.577815804630518,0.15054284874349833,0.013603046536445618,0.413669902831316,0.02234619890805334,0.0001,0.5773529924452305
2837,0.5780854523181915,0.15082747396081686,0.013581149280071259,0.413676830008626,0.02353801135905087,0.0001,0.5770919736474752
2838,0.5806114040315151,0.15066555980592966,0.013590484857559204,0.4163553509861231,0.024082782911136746,0.0001,0.5770426839590073
2839,0.5779065228998661,0.15074685215950012,0.013579793274402618,0.41357987001538277,0.023087161243893206,0.0001,0.5771315697580576
2840,0.5829717814922333,0.15066233277320862,0.013572461903095245,0.4187369830906391,0.023082334897480905,0.0001,0.5777270518243313
2841,0.5760736390948296,0.1506105400621891,0.0135718435049057,0.41189125925302505,0.02290813741274178,0.0001,0.577594879642129
2842,0.5773137547075748,0.1504843272268772,0.013578847050666809,0.4132505804300308,0.024097654270008206,0.0001,0.5778207793831825
2843,0.5755362026393414,0.15049766656011343,0.013575829565525055,0.41146271117031574,0.022117007989436388,0.0001,0.5775391951203346
2844,0.5817814767360687,0.15062143467366695,0.013578049838542938,0.41758199594914913,0.02085425634868443,0.0001,0.5782248996198177
2845,0.5803446173667908,0.15062234550714493,0.013578228652477264,0.41614403761923313,0.020615893066860735,0.0001,0.5788440655916929
2846,0.5763433091342449,0.15059981774538755,0.013592436909675598,0.41215105541050434,0.022964526433497667,0.0001,0.5786968160420656
2847,0.5758765898644924,0.15061639621853828,0.013576582074165344,0.41168361343443394,0.02218895684927702,0.0001,0.5784759297966957
2848,0.5786950848996639,0.15051765646785498,0.013589426875114441,0.41458799317479134,0.022601687931455672,0.0001,0.5782842978835105
2849,0.5801382623612881,0.15058208536356688,0.013573281466960907,0.415982898324728,0.02332558110356331,0.0001,0.5785074718296528
2850,0.5793984793126583,0.15057353302836418,0.013576850295066833,0.41524809785187244,0.022552893380634487,0.0001,0.5781501416116953
2851,0.5781303085386753,0.15062758419662714,0.0135718435049057,0.41393088176846504,0.02353386953473091,0.0001,0.5783558085560798
2852,0.5754911787807941,0.15043455734848976,0.013584785163402557,0.4114718399941921,0.022750185918994248,0.0001,0.5781735509634018
2853,0.5797837786376476,0.15060018002986908,0.01358204334974289,0.41560156270861626,0.02264358673710376,0.0001,0.5785983085632325
2854,0.5803447924554348,0.1505588125437498,0.01357315480709076,0.41621281392872334,0.022127748816274107,0.0001,0.578454640135169
2855,0.5788709744811058,0.1505619427189231,0.013585165143013,0.41472386568784714,0.023220977745950222,0.0001,0.5783072758466006
2856,0.580539483577013,0.1505883503705263,0.013579703867435455,0.4163714200258255,0.022554583032615483,0.0001,0.5787268932908773
2857,0.5755568966269493,0.15045304410159588,0.013586610555648804,0.41151724196970463,0.021577009232714772,0.0001,0.5786949239671231
2858,0.5772571004927158,0.15051653236150742,0.013577617704868317,0.4131629429757595,0.024477713042870164,0.0001,0.5785511255264282
2859,0.5763509720563889,0.15072912350296974,0.01357673853635788,0.41204511374235153,0.02472291502635926,0.0001,0.5781723964959383
2860,0.5779387578368187,0.15059130731970072,0.013594284653663635,0.41375316865742207,0.023577063460834324,0.0001,0.5780264243483544
2861,0.5795428715646267,0.15069406013935804,0.013573810458183289,0.41527499817311764,0.02350721275433898,0.0001,0.5781676806509495
2862,0.5808646567165852,0.1504369955509901,0.013578899204730988,0.41684875451028347,0.0234431215794757,0.0001,0.5787050284445285
2863,0.5801120921969414,0.1504831900820136,0.013589508831501007,0.41603939421474934,0.02275601914152503,0.0001,0.578737859800458
2864,0.5783234611153603,0.15048886463046074,0.01357530802488327,0.4142592865973711,0.022619948722422123,0.0001,0.5785357266664505
2865,0.5795157849788666,0.1504587335512042,0.013581611216068268,0.4154754374176264,0.021670984919182956,0.0001,0.5786002077162266
2866,0.5779418312013149,0.15059340000152588,0.01358059048652649,0.41376784443855286,0.021900238818489015,0.0001,0.5783404424786568
2867,0.5729656256735325,0.15043717436492443,0.013594761490821838,0.40893368422985077,0.023080325685441494,0.0001,0.5780813153833151
2868,0.5770015716552734,0.15057790093123913,0.013579979538917542,0.4128436893224716,0.022579923504963517,0.0001,0.5780557624995708
2869,0.5762629359960556,0.1504970397800207,0.013581641018390656,0.4121842570602894,0.0220079516293481,0.0001,0.5780469588935375
2870,0.5781264528632164,0.15053145587444305,0.013575717806816101,0.41401927918195724,0.023465060396119952,0.0001,0.5780657283961773
2871,0.5778172090649605,0.15038937609642744,0.013571366667747498,0.4138564635068178,0.022584398044273257,0.0001,0.5778931621462107
2872,0.5805923864245415,0.15052353404462337,0.013590976595878601,0.41647788137197495,0.022335423156619072,0.0001,0.5778659351170063
2873,0.5808940343558788,0.15044256672263145,0.013570323586463928,0.41688114777207375,0.02396616619080305,0.0001,0.5779441293329001
2874,0.5750598311424255,0.15063938219100237,0.013567611575126648,0.41085284389555454,0.02267510734964162,0.0001,0.5776177663356066
2875,0.5815157406032085,0.1502815494313836,0.013570308685302734,0.4176638796925545,0.025383043684996665,0.0001,0.5778177618980408
2876,0.5827101729810238,0.15027521643787622,0.013572663068771362,0.41886228881776333,0.02248025080189109,0.0001,0.5782945960760116
2877,0.5789511650800705,0.15051711350679398,0.01359354704618454,0.4148405008018017,0.02311837300658226,0.0001,0.5788931500166654
2878,0.575353130698204,0.1503994520753622,0.013571001589298248,0.41138266772031784,0.02221938641741872,0.0001,0.5787283059209585
2879,0.5760547555983067,0.15054810885339975,0.013584278523921967,0.4119223691523075,0.022705212817527354,0.0001,0.5787074878811836
2880,0.5792664922773838,0.15058092772960663,0.01359531283378601,0.4150902610272169,0.02133610798045993,0.0001,0.5788214918226003
2881,0.581108134239912,0.15051796473562717,0.013579599559307098,0.4170105755329132,0.0245057261781767,0.0001,0.5791505843400955
2882,0.5790882594883442,0.1504248483106494,0.013572610914707184,0.41509079933166504,0.02187417005188763,0.0001,0.5790001716464758
2883,0.579116478562355,0.15040883049368858,0.013580739498138428,0.41512691229581833,0.022278118645772338,0.0001,0.5788224160671234
2884,0.5795263200998306,0.15047985687851906,0.01359974592924118,0.41544671170413494,0.023748221225105226,0.0001,0.5792690649628639
2885,0.5768824368715286,0.15056244004517794,0.013575471937656403,0.4127445314079523,0.02231532405130565,0.0001,0.578805734589696
2886,0.5803196281194687,0.15040467958897352,0.013576425611972809,0.41633852384984493,0.02310048567596823,0.0001,0.5785666801035404
2887,0.5787704549729824,0.1502869389951229,0.013590112328529358,0.41489340364933014,0.024529194575734437,0.0001,0.5785486090928316
2888,0.5810280814766884,0.1503116637468338,0.013584025204181671,0.4171323999762535,0.024441967369057238,0.0001,0.57911610417068
2889,0.5768183842301369,0.1504045994952321,0.013582319021224976,0.4128314647823572,0.023596823681145906,0.0001,0.5791924670338631
2890,0.5771471783518791,0.15040732640773058,0.013588771224021912,0.4131510779261589,0.022550661815330386,0.0001,0.5789805356413126
2891,0.5784526653587818,0.15041562356054783,0.01356564462184906,0.4144713990390301,0.02224243921227753,0.0001,0.5787149887531996
2892,0.5770785883069038,0.1502806879580021,0.013577498495578766,0.41322040371596813,0.02293478325009346,0.0001,0.5785140216350555
2893,0.5800345726311207,0.15045166946947575,0.013566851615905762,0.4160160515457392,0.02292333694640547,0.0001,0.5786058310419321
2894,0.5798135809600353,0.1503954604268074,0.013576865196228027,0.4158412553369999,0.02346877008676529,0.0001,0.5786345571279525
2895,0.5769200846552849,0.15048513188958168,0.013576112687587738,0.41285883449018,0.02342979866079986,0.0001,0.5786383219063282
2896,0.5764229744672775,0.15042786579579115,0.013588622212409973,0.41240648925304413,0.023492129635997117,0.0001,0.5782486565411091
2897,0.5830056481063366,0.1502027241513133,0.01359231024980545,0.41921061277389526,0.02175930282101035,0.0001,0.5786721758544445
2898,0.5783642306923866,0.15027107205241919,0.01358368992805481,0.4145094770938158,0.02303159818984568,0.0001,0.5784057907760143
2899,0.5795004665851593,0.15046007931232452,0.013596467673778534,0.4154439177364111,0.02181224280502647,0.0001,0.5786739990115166
2900,0.5778501108288765,0.15017099026590586,0.013574495911598206,0.41410462372004986,0.022921520401723683,0.0001,0.5787442922592163
2901,0.5780251957476139,0.15039369277656078,0.01357472687959671,0.4140567723661661,0.02295314916409552,0.0001,0.5787015452980995
2902,0.5779284723103046,0.1505689574405551,0.013574458658695221,0.4137850608676672,0.02331453817896545,0.0001,0.5787865336984396
2903,0.5781250856816769,0.1504317419603467,0.013585269451141357,0.4141080752015114,0.02350469573866576,0.0001,0.5785955850034952
2904,0.5706175155937672,0.15029979776591063,0.013585127890110016,0.40673258900642395,0.022109245182946324,0.0001,0.5776759784668684
2905,0.5790821388363838,0.15049436129629612,0.013591408729553223,0.41499636694788933,0.023790953680872917,0.0001,0.5778921838849783
2906,0.5724159367382526,0.15018249955028296,0.013582490384578705,0.4086509495973587,0.022827248671092093,0.0001,0.5774914801120759
2907,0.5769768245518208,0.15007582399994135,0.013575203716754913,0.41332579776644707,0.02851785405073315,0.0001,0.5768885977566243
2908,0.5827617421746254,0.15040370356291533,0.013567440211772919,0.4187905974686146,0.023272879305295646,0.0001,0.5773283489048481
2909,0.5758764334022999,0.15008987300097942,0.013578638434410095,0.41220791824162006,0.022064996766857803,0.0001,0.5769659455865621
2910,0.5776234716176987,0.15051435120403767,0.013582035899162292,0.41352709382772446,0.022522853803820908,0.0001,0.5769432816654444
2911,0.5827931649982929,0.15024005062878132,0.013584978878498077,0.4189681392163038,0.0217823488637805,0.0001,0.5774200785905123
2912,0.5730757787823677,0.15022883471101522,0.013585545122623444,0.4092614110559225,0.023916506790556014,0.0001,0.5769348092377186
2913,0.579162634909153,0.15042759757488966,0.013577133417129517,0.41515789926052094,0.023525607190094888,0.0001,0.5770385641604662
2914,0.5791024081408978,0.15043425373733044,0.013566523790359497,0.4151016231626272,0.022625046432949603,0.0001,0.5778870534151792
2915,0.5794477984309196,0.15029152762144804,0.013582438230514526,0.4155738316476345,0.023459038697183132,0.0001,0.5779236193746329
2916,0.5765025429427624,0.15020887274295092,0.013591952621936798,0.41270171850919724,0.022525788634084165,0.0001,0.5783322799950839
2917,0.5793981142342091,0.1506150532513857,0.013578377664089203,0.4152046889066696,0.023399499244987965,0.0001,0.5785744089633227
2918,0.5787447541952133,0.15044422540813684,0.013588160276412964,0.41471236012876034,0.022330611129291356,0.0001,0.5781727101653814
2919,0.5835606306791306,0.1504334844648838,0.013576067984104156,0.41955108009278774,0.023940106853842735,0.0001,0.5789411298930645
2920,0.5794931836426258,0.1502665476873517,0.013586826622486115,0.4156398121267557,0.02248764573596418,0.0001,0.5791281010955572
2921,0.5820598378777504,0.15041976608335972,0.013573132455348969,0.41806694492697716,0.023100392310880125,0.0001,0.579054768383503
2922,0.5806093662977219,0.15018244180828333,0.013588584959506989,0.41683833487331867,0.02225493430159986,0.0001,0.5798081271350384
2923,0.5747271031141281,0.150342152453959,0.013586178421974182,0.41079877130687237,0.02335563290398568,0.0001,0.5793645739555359
2924,0.5794005356729031,0.15030041988939047,0.013576284050941467,0.41552382707595825,0.02492738387081772,0.0001,0.5793943867087364
2925,0.5773149468004704,0.1504174368456006,0.01358669251203537,0.4133108202368021,0.023303921334445477,0.0001,0.5791811015456915
2926,0.5775046944618225,0.1501178601756692,0.013563506305217743,0.4138233345001936,0.02201190998312086,0.0001,0.5792813166975975
2927,0.5780979208648205,0.1502948012202978,0.013582170009613037,0.4142209514975548,0.024044929654337466,0.0001,0.5791512973606586
2928,0.5767344571650028,0.15029656421393156,0.013570256531238556,0.41286763176321983,0.021829303121194243,0.0001,0.5789502676576376
2929,0.5751660875976086,0.15043573267757893,0.013589709997177124,0.41114063933491707,0.023332544486038387,0.0001,0.5781108133494854
2930,0.5779351890087128,0.1501741809770465,0.013583064079284668,0.4141779486089945,0.023209029692225158,0.0001,0.577955013886094
2931,0.574028979986906,0.15026802569627762,0.013579301536083221,0.41018165461719036,0.024004131322726607,0.0001,0.5771519280970097
2932,0.5747266672551632,0.15045183897018433,0.013578452169895172,0.4106963723897934,0.02235017460770905,0.0001,0.5765636581927538
2933,0.5790164694190025,0.1503856349736452,0.013571485877037048,0.4150593429803848,0.022545163636095822,0.0001,0.5769925948232413
2934,0.5821172781288624,0.15033956617116928,0.013581804931163788,0.4181959070265293,0.02287298906594515,0.0001,0.5772642690688372
2935,0.5764562226831913,0.15032245684415102,0.013566672801971436,0.41256709955632687,0.024234574637375772,0.0001,0.5771783966571092
2936,0.5760755762457848,0.1503501869738102,0.013561740517616272,0.412163645029068,0.023176608490757644,0.0001,0.5770354848355055
2937,0.5746625773608685,0.15026915911585093,0.013573072850704193,0.41082034818828106,0.024325484642758965,0.0001,0.5766919504851102
2938,0.5760453715920448,0.1504097143188119,0.013569407165050507,0.4120662547647953,0.023686036467552185,0.0001,0.5766230419278144
2939,0.5790658257901669,0.1503349794074893,0.013581588864326477,0.41514926590025425,0.02227127645164728,0.0001,0.5770130157470703
2940,0.5782455317676067,0.15021019335836172,0.013556256890296936,0.4144790805876255,0.022887816186994314,0.0001,0.5770440500229597
2941,0.5737505070865154,0.15025728847831488,0.013589031994342804,0.4099041819572449,0.02260861685499549,0.0001,0.5770162027329206
2942,0.571765348315239,0.15032675582915545,0.013571754097938538,0.4078668374568224,0.022434152429923415,0.0001,0.5767200708389282
2943,0.5773755051195621,0.15032617840915918,0.013566918671131134,0.41348240710794926,0.022308418061584234,0.0001,0.5765559744089842
2944,0.5769294910132885,0.15042229648679495,0.013557672500610352,0.4129495248198509,0.022425686358474195,0.0001,0.5760371956974268
2945,0.580299150198698,0.15022415295243263,0.013574272394180298,0.4165007323026657,0.02467335679102689,0.0001,0.5764214884489774
2946,0.5787379443645477,0.15024940203875303,0.013577565550804138,0.41491097770631313,0.02299135713838041,0.0001,0.5766877252608538
2947,0.578474871814251,0.15025912132114172,0.013550162315368652,0.41466558165848255,0.02225781127344817,0.0001,0.577068954706192
2948,0.5779767706990242,0.15036699268966913,0.013598598539829254,0.41401117481291294,0.022033660556189716,0.0001,0.5772620946168899
2949,0.5705764666199684,0.1501800585538149,0.013578236103057861,0.40681817568838596,0.023491861880756915,0.0001,0.5764131586998701
2950,0.5764623917639256,0.15031245071440935,0.013583727180957794,0.4125662110745907,0.026060657226480544,0.0001,0.576234844699502
2951,0.5810737013816833,0.15036512073129416,0.013586290180683136,0.4171222932636738,0.02485948638059199,0.0001,0.5769671641290188
2952,0.5770720914006233,0.15030654799193144,0.013596557080745697,0.41316899470984936,0.02329708158504218,0.0001,0.5774978384375572
2953,0.576223611831665,0.1502852002158761,0.013576038181781769,0.41236236691474915,0.022492976626381278,0.0001,0.5773826491087675
2954,0.577967930585146,0.15021779760718346,0.013577073812484741,0.4141730684787035,0.02330598433036357,0.0001,0.5774864930659532
2955,0.5768792666494846,0.15025767590850592,0.013559125363826752,0.4130624681711197,0.02261008624918759,0.0001,0.577144504711032
2956,0.5783987231552601,0.15004199370741844,0.013573013246059418,0.4147837180644274,0.02317287994083017,0.0001,0.5771105825901032
2957,0.5822743698954582,0.15016476064920425,0.013582244515419006,0.41852736473083496,0.02213280147407204,0.0001,0.5774905323982239
2958,0.5801823809742928,0.1502526681870222,0.013572067022323608,0.41635765321552753,0.022355388733558357,0.0001,0.5777110934257508
2959,0.5760545432567596,0.15033070463687181,0.01358214020729065,0.41214169561862946,0.023557810811325908,0.0001,0.5782589010894299
2960,0.5783468931913376,0.1503351889550686,0.013573028147220612,0.4144386760890484,0.022956476896069944,0.0001,0.5784473512321711
2961,0.5804850533604622,0.15007206611335278,0.013589181005954742,0.4168238081037998,0.022617510054260492,0.0001,0.5783884864300489
2962,0.5766941383481026,0.15018134098500013,0.013577952980995178,0.4129348434507847,0.021995414746925235,0.0001,0.5783506911247969
2963,0.5783203691244125,0.150307796895504,0.013561166822910309,0.41445140168070793,0.022984483861364424,0.0001,0.5785603668540716
2964,0.5789218954741955,0.15026214625686407,0.013569988310337067,0.41508976370096207,0.0225731945829466,0.0001,0.5786557633429765
2965,0.5780576430261135,0.15023443009704351,0.013562984764575958,0.4142602328211069,0.02260374405886978,0.0001,0.5787736009806395
2966,0.5784156993031502,0.15012224484235048,0.013583250343799591,0.4147102013230324,0.02311417681630701,0.0001,0.5787752985954284
2967,0.5773197002708912,0.15036880876868963,0.013580240309238434,0.41337065398693085,0.023516057524830103,0.0001,0.5782798316329718
2968,0.5740395411849022,0.15024792402982712,0.013574711978435516,0.41021690145134926,0.021964160026982427,0.0001,0.5776655476540327
2969,0.5789928808808327,0.1501466277986765,0.013582274317741394,0.41526398435235023,0.023199244984425604,0.0001,0.57795938141644
2970,0.5748348161578178,0.1501970672979951,0.013565175235271454,0.4110725801438093,0.023315560189075768,0.0001,0.577608173713088
2971,0.5765079818665981,0.15018481761217117,0.013565979897975922,0.4127571862190962,0.02306351240258664,0.0001,0.5772104665637017
2972,0.5770797468721867,0.15024640038609505,0.013587333261966705,0.41324600763618946,0.02356536698061973,0.0001,0.5772490274161101
2973,0.5757728219032288,0.1500148233026266,0.013566218316555023,0.4121917802840471,0.023401637561619282,0.0001,0.5769942726939916
2974,0.5776816084980965,0.1502768499776721,0.013566464185714722,0.4138382915407419,0.023100303718820214,0.0001,0.5768702439963818
2975,0.580273412168026,0.15040632709860802,0.01359209418296814,0.41627499274909496,0.022498382604680955,0.0001,0.577091820910573
2976,0.5773850195109844,0.1502127256244421,0.013581007719039917,0.4135912898927927,0.02103282045572996,0.0001,0.5769887529313564
2977,0.5753145813941956,0.1502453638240695,0.013574257493019104,0.4114949628710747,0.021557373460382223,0.0001,0.5767882410436869
2978,0.5757090970873833,0.15007265005260706,0.013571113348007202,0.41206533648073673,0.023910674266517162,0.0001,0.576955196633935
2979,0.5770989432930946,0.15017973072826862,0.013563625514507294,0.4133555870503187,0.023068617447279394,0.0001,0.5767658028751612
2980,0.5778230018913746,0.15024109929800034,0.013569876551628113,0.4140120353549719,0.024771729251369834,0.0001,0.5770646214485169
2981,0.5731327906250954,0.1500266157090664,0.013574965298175812,0.4095312040299177,0.025020090979523957,0.0001,0.5767271023243665
2982,0.5768947787582874,0.15015620924532413,0.013567641377449036,0.41317092068493366,0.022160841268487275,0.0001,0.5767086055129766
2983,0.5754508301615715,0.1502932347357273,0.013587512075901031,0.4115700777620077,0.02433487621601671,0.0001,0.5766764063388109
2984,0.5739111192524433,0.1502027027308941,0.013590365648269653,0.410118056461215,0.022418776527047157,0.0001,0.5762993574142456
2985,0.5748071670532227,0.1501012472435832,0.013562113046646118,0.41114379838109016,0.022097235079854727,0.0001,0.5757527329027653
2986,0.578491996973753,0.15025971177965403,0.013570591807365417,0.41466169245541096,0.02182620740495622,0.0001,0.5758634306490421
2987,0.5764358341693878,0.15013909060508013,0.013570725917816162,0.41272601298987865,0.021967063890770078,0.0001,0.5759755559265614
2988,0.5791514255106449,0.15013611130416393,0.01358126848936081,0.415434043854475,0.022798180230893195,0.0001,0.5763197887688876
2989,0.5849594064056873,0.15010583959519863,0.013567917048931122,0.42128565162420273,0.021667997003532946,0.0001,0.5771058350801468
2990,0.5810609944164753,0.1501664537936449,0.013558752834796906,0.4173357877880335,0.022636885987594724,0.0001,0.5774296343326568
2991,0.5729726888239384,0.15024649165570736,0.01356787234544754,0.4091583266854286,0.023409811430610716,0.0001,0.5774136241525412
2992,0.5765727944672108,0.15005614422261715,0.013570308685302734,0.41294633597135544,0.02257843769621104,0.0001,0.5773814257234335
2993,0.5784939825534821,0.15022942889481783,0.013567723333835602,0.41469683684408665,0.023003443144261837,0.0001,0.5776857409626246
2994,0.5761857517063618,0.15012114495038986,0.013564333319664001,0.4125002734363079,0.021837325301021338,0.0001,0.5779132042080164
2995,0.5796456187963486,0.15028107725083828,0.013578779995441437,0.4157857671380043,0.023423725622706115,0.0001,0.5783970493823289
2996,0.5777941234409809,0.1501336181536317,0.01357538253068924,0.4140851255506277,0.022359033930115402,0.0001,0.5783272620290518
2997,0.5763817802071571,0.15007292106747627,0.01356709748506546,0.41274176351726055,0.022320828633382916,0.0001,0.5783218566328288
2998,0.5810657404363155,0.15015329979360104,0.013570338487625122,0.4173421077430248,0.021868919488042593,0.0001,0.5785132881253958
2999,0.5787359066307545,0.15008591767400503,0.013568133115768433,0.41508185490965843,0.02119310770649463,0.0001,0.5778909381479025
3000,0.5780167244374752,0.15016947593539953,0.013563878834247589,0.41428337059915066,0.02416829066351056,0.0001,0.5775865111500025
3001,0.5767647549510002,0.150031347759068,0.013578243553638458,0.41315516270697117,0.023882336099632084,0.0001,0.5779657177627087
3002,0.5783894583582878,0.14996109809726477,0.013569466769695282,0.41485890187323093,0.022620777250267565,0.0001,0.5781473841518163
3003,0.5745849348604679,0.15017226431518793,0.01357017457485199,0.4108424875885248,0.025157114840112627,0.0001,0.577756479382515
3004,0.5787087827920914,0.15021473821252584,0.013580851256847382,0.4149131942540407,0.02274530113209039,0.0001,0.5780087824910879
3005,0.5775478184223175,0.15005512908101082,0.01356755942106247,0.4139251224696636,0.022784505737945437,0.0001,0.5777990024536848
3006,0.5743934698402882,0.15003061667084694,0.013577267527580261,0.4107855837792158,0.0237655391683802,0.0001,0.5774589370936155
3007,0.577269647270441,0.15026557352393866,0.013564109802246094,0.4134399648755789,0.023807716905139387,0.0001,0.5775477237999439
3008,0.5808873698115349,0.15000037476420403,0.013584457337856293,0.41730253770947456,0.02263956645037979,0.0001,0.5775298867374659
3009,0.5723521746695042,0.14998632110655308,0.013566970825195312,0.4087988752871752,0.02276184340007603,0.0001,0.5768915135413408
3010,0.5754459165036678,0.14993487484753132,0.013564854860305786,0.411946190521121,0.022254008217714727,0.0001,0.5766344327479601
3011,0.5788664147257805,0.1501056430861354,0.013555705547332764,0.4152050670236349,0.024484791792929173,0.0001,0.5768445987254381
3012,0.5771800577640533,0.15003020036965609,0.013567067682743073,0.4135827887803316,0.022490687086246908,0.0001,0.5767236586660147
3013,0.5757875591516495,0.15015656128525734,0.013559192419052124,0.41207180730998516,0.022550937719643116,0.0001,0.5768439210951328
3014,0.5758771486580372,0.15034594014286995,0.013582415878772736,0.4119487926363945,0.02272500761318952,0.0001,0.5765607576817274
3015,0.5762021392583847,0.1499461205676198,0.01356903463602066,0.4126869887113571,0.022704832954332232,0.0001,0.5764261897653341
3016,0.5824592374265194,0.1499974811449647,0.013563573360443115,0.41889817640185356,0.02166511898394674,0.0001,0.5772327665239573
3017,0.5771854929625988,0.15024835150688887,0.013557516038417816,0.41337962821125984,0.02375643828418106,0.0001,0.577224351093173
3018,0.5801834799349308,0.15012570656836033,0.01358121633529663,0.41647656075656414,0.02173193043563515,0.0001,0.5771539621055126
3019,0.5759332962334156,0.15000342391431332,0.01356489211320877,0.41236497834324837,0.02297095221001655,0.0001,0.5775120742619038
3020,0.5760667100548744,0.1502182399854064,0.01359017938375473,0.41225829161703587,0.02183188882190734,0.0001,0.5775741536170245
3021,0.5799104198813438,0.1502006547525525,0.01357317715883255,0.4161365907639265,0.023638912243768573,0.0001,0.5776785541325807
3022,0.5772508792579174,0.1502037812024355,0.013589620590209961,0.4134574830532074,0.023981644888408482,0.0001,0.5776856362819671
3023,0.579046968370676,0.15002112463116646,0.013574309647083282,0.4154515340924263,0.022294691763818264,0.0001,0.5780115772038699
3024,0.5826510488986969,0.15006245113909245,0.013570241630077362,0.41901835799217224,0.02307735732756555,0.0001,0.5786889672279358
3025,0.5782938040792942,0.14994562603533268,0.013566777110099792,0.4147814027965069,0.02154116367455572,0.0001,0.5788981337100267
3026,0.5776403620839119,0.15002033300697803,0.013571083545684814,0.4140489473938942,0.024949728976935148,0.0001,0.578416246175766
3027,0.5765946842730045,0.15001598093658686,0.013575859367847443,0.41300284303724766,0.021640097489580512,0.0001,0.5783571653068066
3028,0.5770232900977135,0.15019009448587894,0.013559408485889435,0.4132737871259451,0.02331770840100944,0.0001,0.5780411463230848
3029,0.5781515799462795,0.15015031583607197,0.013550706207752228,0.4144505634903908,0.021868376876227558,0.0001,0.5782629746943713
3030,0.579858087003231,0.14992460794746876,0.013565070927143097,0.4163684118539095,0.021103129256516695,0.0001,0.5786421123892069
3031,0.5725403018295765,0.15012234542518854,0.013576321303844452,0.4088416378945112,0.023416806128807366,0.0001,0.5779051005840301
3032,0.5767571330070496,0.15000714361667633,0.013567157089710236,0.41318283043801785,0.02512927690986544,0.0001,0.5778557259589434
3033,0.5752077959477901,0.15008307807147503,0.013580292463302612,0.4115444291383028,0.02610013377852738,0.0001,0.5774718087166548
3034,0.5799687914550304,0.15003896690905094,0.01357637345790863,0.41635345108807087,0.023400075966492295,0.0001,0.5772035829722881
3035,0.5695170350372791,0.14981266669929028,0.01356881856918335,0.40613554790616035,0.024020599899813533,0.0001,0.5763259060680866
3036,0.574462529271841,0.14999376889318228,0.01355406641960144,0.4109146911650896,0.025648107868619263,0.0001,0.5760081227868795
3037,0.5767339579761028,0.15020608343183994,0.013566546142101288,0.4129613321274519,0.023015562910586596,0.0001,0.5760220501571893
3038,0.5770941637456417,0.14991849474608898,0.013566017150878906,0.4136096518486738,0.022476810961961746,0.0001,0.5760291375219821
3039,0.5755230411887169,0.15001350082457066,0.01357802003622055,0.41193152219057083,0.023013597237877548,0.0001,0.575766283646226
3040,0.5769581906497478,0.1499806335195899,0.013552553951740265,0.41342500783503056,0.023162215715274215,0.0001,0.5754762940108776
3041,0.5728518292307854,0.14986645616590977,0.013572357594966888,0.4094130229204893,0.02283365814946592,0.0001,0.5755074467509985
3042,0.579611286520958,0.15003617480397224,0.013564035296440125,0.4160110782831907,0.022808629437349737,0.0001,0.5757928621023893
3043,0.5759059712290764,0.14983909763395786,0.013570845127105713,0.4124960359185934,0.022539102821610868,0.0001,0.575862679630518
3044,0.5827561430633068,0.14986279513686895,0.013568788766860962,0.41932455264031887,0.02307369711343199,0.0001,0.5761414147913456
3045,0.5762714371085167,0.15002958104014397,0.013573281466960907,0.41266857646405697,0.022624162258580327,0.0001,0.5768168549984694
3046,0.5775773972272873,0.15002138912677765,0.013568401336669922,0.41398760862648487,0.023759624105878174,0.0001,0.577128341794014
3047,0.574098490178585,0.1500350395217538,0.013569764792919159,0.4104936867952347,0.022798637859523296,0.0001,0.5768647950142622
3048,0.5804165750741959,0.15016442723572254,0.01356218010187149,0.4166899733245373,0.022083046496845782,0.0001,0.5771970361471176
3049,0.5760833770036697,0.1499166414141655,0.013557642698287964,0.4126090966165066,0.024774810066446662,0.0001,0.5772530697286129
3050,0.5777559466660023,0.14992064330726862,0.013563096523284912,0.4142722077667713,0.023799655493348837,0.0001,0.5773328453302383
3051,0.5754592269659042,0.15002231672406197,0.013563670217990875,0.41187324188649654,0.02332586084958166,0.0001,0.5775935851037503
3052,0.5768084190785885,0.14997840020805597,0.01357433944940567,0.41325568780303,0.02376450353767723,0.0001,0.5773132983595133
3053,0.581858366727829,0.15005179680883884,0.013581410050392151,0.4182251486927271,0.023223257972858846,0.0001,0.5779085379093886
3054,0.575614545494318,0.1499808169901371,0.013563372194766998,0.4120703525841236,0.022978319320827723,0.0001,0.5771943781524896
3055,0.580220777541399,0.15009197778999805,0.01357647031545639,0.41655233502388,0.02424018969759345,0.0001,0.5775893121957779
3056,0.5726545862853527,0.15006003808230162,0.013575196266174316,0.40901935286819935,0.025171427172608674,0.0001,0.5770970311015844
3057,0.5767148248851299,0.1498246816918254,0.013556547462940216,0.4133335966616869,0.023918654303997755,0.0001,0.5773586645722389
3058,0.5728686340153217,0.14980033226311207,0.013568401336669922,0.40949990414083004,0.02274420647881925,0.0001,0.5766038704663515
3059,0.5723851583898067,0.15003997832536697,0.013563476502895355,0.40878170542418957,0.022388838464394212,0.0001,0.5762340486049652
3060,0.5780956260859966,0.15001877211034298,0.013565286993980408,0.4145115651190281,0.02231719100382179,0.0001,0.5762680165469647
3061,0.572786170989275,0.14992211293429136,0.013553045690059662,0.4093110077083111,0.023304881528019905,0.0001,0.5760007109493017
3062,0.5764765925705433,0.15000359248369932,0.013570547103881836,0.4129024539142847,0.023658773163333535,0.0001,0.5759675282984972
3063,0.5749976821243763,0.14977710135281086,0.013565748929977417,0.4116548355668783,0.022554090712219477,0.0001,0.5752814598381519
3064,0.57877441868186,0.1499231792986393,0.013575702905654907,0.4152755346149206,0.023469033418223262,0.0001,0.5755974471569061
3065,0.5744782574474812,0.14979350473731756,0.013560377061367035,0.4111243858933449,0.02400508848950267,0.0001,0.5750231951475143
3066,0.5790290758013725,0.14977652952075005,0.013572297990322113,0.4156802408397198,0.024128595716319978,0.0001,0.5756606440991163
3067,0.575972430408001,0.1498688254505396,0.013561584055423737,0.4125420209020376,0.023984193219803274,0.0001,0.5755864046514034
3068,0.5776166915893555,0.14989948738366365,0.013550885021686554,0.414166321977973,0.0236232754541561,0.0001,0.5760612104088068
3069,0.5790198631584644,0.14983986038714647,0.01357952505350113,0.4156004749238491,0.02386953216046095,0.0001,0.5767246808856725
3070,0.5780754312872887,0.15006695594638586,0.013566739857196808,0.41444174014031887,0.02275548398029059,0.0001,0.5767226614058018
3071,0.5786657221615314,0.1498978864401579,0.013554178178310394,0.41521366499364376,0.02300433488562703,0.0001,0.5773106165230274
3072,0.5757709108293056,0.14982355665415525,0.01356186717748642,0.4123854897916317,0.02186410583090037,0.0001,0.5772400483489036
3073,0.5796901248395443,0.14984387531876564,0.013571947813034058,0.41627429984509945,0.02410312811844051,0.0001,0.5777092926204205
3074,0.5831625573337078,0.1499927332624793,0.013567477464675903,0.4196023475378752,0.02239378751255572,0.0001,0.5781481064856052
3075,0.577674075961113,0.15013432782143354,0.013555467128753662,0.41398428194224834,0.02900340431369841,0.0001,0.5784676883369684
3076,0.5763400681316853,0.1499732481315732,0.013562321662902832,0.4128044992685318,0.023472699569538236,0.0001,0.5781987875699997
3077,0.5789161212742329,0.14973339904099703,0.013554610311985016,0.4156281165778637,0.024856262607499957,0.0001,0.5784931566566229
3078,0.5777924470603466,0.14980227407068014,0.013575106859207153,0.4144150633364916,0.023450886132195592,0.0001,0.578510732203722
3079,0.5765165872871876,0.14972103387117386,0.013555429875850677,0.41324012354016304,0.023322745924815536,0.0001,0.5782604046165943
3080,0.5748688168823719,0.1498658498749137,0.013556070625782013,0.4114468954503536,0.023363036918453872,0.0001,0.5779397431761026
3081,0.5769593343138695,0.15003365743905306,0.013543456792831421,0.41338222101330757,0.02277130587026477,0.0001,0.5777691043913364
3082,0.5824838615953922,0.15000875666737556,0.013570226728916168,0.4189048744738102,0.023984828731045127,0.0001,0.5784403994679451
3083,0.5764271542429924,0.14987653493881226,0.013563349843025208,0.4129872750490904,0.023921517189592123,0.0001,0.5781141024082899
3084,0.5764841064810753,0.15000174287706614,0.013565883040428162,0.41291648149490356,0.02306972094811499,0.0001,0.5774462573230267
3085,0.5744311437010765,0.14994867239147425,0.013569921255111694,0.4109125528484583,0.023407776141539216,0.0001,0.577121964097023
3086,0.5776114724576473,0.14975640177726746,0.01355491578578949,0.4143001567572355,0.022892338456586003,0.0001,0.5772491045296192
3087,0.5793618932366371,0.15000557154417038,0.013567253947257996,0.4157890658825636,0.023323643137700856,0.0001,0.5772936817258596
3088,0.5765790119767189,0.14989874605089426,0.01355879008769989,0.4131214804947376,0.02326182520482689,0.0001,0.5771723382174969
3089,0.5798026360571384,0.14988859370350838,0.013554558157920837,0.4163594879209995,0.022731685312464833,0.0001,0.577500943094492
3090,0.5751698054373264,0.1499939989298582,0.013544745743274689,0.41163106821477413,0.022755641490221024,0.0001,0.5775310419499874
3091,0.5742567181587219,0.14997999649494886,0.013564638793468475,0.41071208380162716,0.022573630791157484,0.0001,0.5772607803344727
3092,0.5737770833075047,0.14982297271490097,0.013563789427280426,0.41039032116532326,0.023047137539833784,0.0001,0.5763901025056839
3093,0.5747740976512432,0.14987099636346102,0.013561561703681946,0.41134153865277767,0.022805768065154552,0.0001,0.576224796846509
3094,0.5735243186354637,0.14977604243904352,0.013560004532337189,0.4101882688701153,0.023936503333970904,0.0001,0.5759288180619478
3095,0.5776342712342739,0.14996965136379004,0.013562493026256561,0.41410211846232414,0.023923014057800174,0.0001,0.5762491308152675
3096,0.5746230892837048,0.14979015477001667,0.013572447001934052,0.41126048751175404,0.02383075503166765,0.0001,0.5759502924978733
3097,0.5771228298544884,0.1497331727296114,0.013541504740715027,0.4138481467962265,0.023079991224221885,0.0001,0.5757263861596584
3098,0.5786984600126743,0.14996244572103024,0.013554610311985016,0.4151814077049494,0.023493613582104445,0.0001,0.575938330963254
3099,0.57691690325737,0.14991666097193956,0.013555049896240234,0.4134451914578676,0.023036902188323438,0.0001,0.5756497576832771
3100,0.5772590227425098,0.14988759346306324,0.013556689023971558,0.4138147458434105,0.023581841844134033,0.0001,0.5758586794137954
3101,0.5741117857396603,0.1498309215530753,0.013560496270656586,0.41072037257254124,0.02413838857319206,0.0001,0.5758441861718893
3102,0.5749772898852825,0.14988270215690136,0.013559490442276001,0.41153509356081486,0.022301376797258854,0.0001,0.5759642068296671
3103,0.5767198465764523,0.14992548525333405,0.013564519584178925,0.41322983987629414,0.02245216118171811,0.0001,0.576158781722188
3104,0.5765003263950348,0.14979155641049147,0.013571731746196747,0.413137037307024,0.023198904003947973,0.0001,0.5764563824981451
3105,0.5803593806922436,0.1499394066631794,0.013571806252002716,0.41684817150235176,0.023881418979726732,0.0001,0.5767288934439421
3106,0.5768665559589863,0.14985798299312592,0.013558194041252136,0.4134503770619631,0.023464322090148926,0.0001,0.5769532401114702
3107,0.5757345370948315,0.14992197696119547,0.013562984764575958,0.4122495725750923,0.023265251773409545,0.0001,0.5768144108355046
3108,0.5747237391769886,0.14975751098245382,0.013562902808189392,0.41140332631766796,0.024226946523413062,0.0001,0.576416938751936
3109,0.5769785828888416,0.14991956017911434,0.013570718467235565,0.4134882912039757,0.023690020781941712,0.0001,0.5764231067150831
3110,0.5798945836722851,0.14979524444788694,0.01356516033411026,0.4165341816842556,0.024713668157346547,0.0001,0.5766866628080607
3111,0.5727976374328136,0.14985460229218006,0.013555958867073059,0.4093870781362057,0.0233248247532174,0.0001,0.576555247977376
3112,0.5764515288174152,0.14974310901015997,0.013548105955123901,0.4131603091955185,0.022418222506530583,0.0001,0.5767026718705892
3113,0.5757904425263405,0.15001277346163988,0.013566605746746063,0.41221106611192226,0.023269704775884748,0.0001,0.576609731465578
3114,0.5774098336696625,0.14973212406039238,0.013561725616455078,0.41411599330604076,0.02258863183669746,0.0001,0.5767006821930408
3115,0.5699945650994778,0.14974718913435936,0.01355365663766861,0.4066937193274498,0.022520771715790033,0.0001,0.5756642006337642
3116,0.579287689179182,0.1498264679685235,0.013556629419326782,0.41590458899736404,0.023722961428575218,0.0001,0.5759063139557838
3117,0.5776671022176743,0.14983822964131832,0.013572700321674347,0.41425617784261703,0.023179617361165583,0.0001,0.5760995704680681
3118,0.5753135569393635,0.14987558405846357,0.013555489480495453,0.41188248433172703,0.024221542989835143,0.0001,0.5761585522443056
3119,0.5766056850552559,0.1498661981895566,0.013564564287662506,0.4131749290972948,0.023009457509033382,0.0001,0.5761212624609471
3120,0.575124453753233,0.1497800787910819,0.01356285810470581,0.41178151592612267,0.023452155059203506,0.0001,0.5756442494690418
3121,0.5758324228227139,0.14983091969043016,0.013579003512859344,0.41242249868810177,0.02343955752439797,0.0001,0.5759477280080318
3122,0.5761425346136093,0.14990699104964733,0.013556569814682007,0.41267898492515087,0.023428639979101717,0.0001,0.5759168285876513
3123,0.5784460157155991,0.14992217533290386,0.013568080961704254,0.41495575942099094,0.02332624653354287,0.0001,0.5761823859065771
3124,0.5794599279761314,0.1498818974941969,0.013566635549068451,0.41601140052080154,0.023540250840596855,0.0001,0.576387395337224
3125,0.5741304941475391,0.14973390381783247,0.013567611575126648,0.4108289796859026,0.023591972421854734,0.0001,0.5768009882420302
3126,0.5775537341833115,0.14971126802265644,0.0135817751288414,0.4142606947571039,0.023749287822283804,0.0001,0.5766275927424431
3127,0.5759431533515453,0.14978077076375484,0.013562820851802826,0.41259955428540707,0.022676976397633553,0.0001,0.5764551978558302
3128,0.5749107412993908,0.14974222984164953,0.013575389981269836,0.41159312427043915,0.02363695204257965,0.0001,0.576414916291833
3129,0.5757181644439697,0.14984063431620598,0.013577945530414581,0.412299582734704,0.024301316938363016,0.0001,0.5763261642307043
3130,0.5774637795984745,0.14967729896306992,0.013558141887187958,0.41422833502292633,0.023650933522731066,0.0001,0.5765600968152285
3131,0.5748186036944389,0.14952371083199978,0.013568833470344543,0.4117260593920946,0.023178260191343725,0.0001,0.576458714902401
3132,0.5789435468614101,0.14979609847068787,0.013563431799411774,0.41558402217924595,0.02461657312233001,0.0001,0.576738816127181
3133,0.5711165964603424,0.14978660829365253,0.013566799461841583,0.40776318684220314,0.024365749792195857,0.0001,0.5760058742016554
3134,0.5784353725612164,0.14965160097926855,0.013551376760005951,0.4152323938906193,0.024282014230266213,0.0001,0.5759034186601639
3135,0.5764518901705742,0.14996998012065887,0.013565823435783386,0.4129160847514868,0.026332320412620902,0.0001,0.5761355582624674
3136,0.575401809066534,0.14975402504205704,0.013563275337219238,0.4120845068246126,0.023588697775267065,0.0001,0.5759203657507896
3137,0.5741190761327744,0.14974469877779484,0.01356671005487442,0.4108076673001051,0.024950825958512723,0.0001,0.5757379580289126
3138,0.573318786919117,0.1496849963441491,0.01356177031993866,0.4100720230489969,0.022780448547564447,0.0001,0.5755787625908851
3139,0.574450857937336,0.1497948644682765,0.013571090996265411,0.41108489967882633,0.024700928945094347,0.0001,0.5754520319402218
3140,0.5755080878734589,0.14987175073474646,0.013562798500061035,0.4120735265314579,0.023217957583256066,0.0001,0.5752564627677202
3141,0.5751231126487255,0.14954780228435993,0.013572104275226593,0.41200320795178413,0.02422662591561675,0.0001,0.5752869136631489
3142,0.5718875229358673,0.1497998023405671,0.013562843203544617,0.40852487459778786,0.02364338212646544,0.0001,0.5745813112705946
3143,0.5748669989407063,0.14980809576809406,0.013570822775363922,0.41148807294666767,0.022987430915236473,0.0001,0.574956351518631
3144,0.5766901336610317,0.14979004673659801,0.01355726271867752,0.41334282606840134,0.025106078828684986,0.0001,0.5747818276286125
3145,0.5779350772500038,0.14979261811822653,0.01356341689825058,0.4145790431648493,0.023100492893718183,0.0001,0.5749301463365555
3146,0.578619971871376,0.14981840085238218,0.013552732765674591,0.41524883918464184,0.024205376161262393,0.0001,0.5752519626170397
3147,0.5772812440991402,0.1496337652206421,0.01356450468301773,0.4140829723328352,0.023248222889378667,0.0001,0.5755681794136762
3148,0.5798976272344589,0.14968567341566086,0.013539187610149384,0.416672769933939,0.024634306668303907,0.0001,0.5762260634452104
3149,0.5732311904430389,0.14970104675740004,0.013554684817790985,0.40997546166181564,0.02183875988703221,0.0001,0.5761040966957808
3150,0.5769492797553539,0.14971794933080673,0.013548508286476135,0.4136828277260065,0.023924009408801794,0.0001,0.5762482158839702
3151,0.5777253285050392,0.14972737152129412,0.013558603823184967,0.41443935222923756,0.023167730076238513,0.0001,0.5765084374696017
3152,0.579660452902317,0.14989703055471182,0.013559490442276001,0.41620394214987755,0.023889139643870294,0.0001,0.5772857304662466
3153,0.5774261429905891,0.14964902866631746,0.013559184968471527,0.4142179246991873,0.02394521771930158,0.0001,0.5775416448712349
3154,0.5781911686062813,0.14975833799690008,0.01356305181980133,0.41486977599561214,0.02521034295205027,0.0001,0.5776917483657599
3155,0.5777221210300922,0.14984201360493898,0.013545751571655273,0.4143343660980463,0.023125548381358385,0.0001,0.5776704527437687
3156,0.5737095214426517,0.1498311422765255,0.013571083545684814,0.41030729562044144,0.02383623190689832,0.0001,0.5771794077008963
3157,0.5807838700711727,0.14976640697568655,0.013555295765399933,0.4174621645361185,0.022631515050306916,0.0001,0.5775296702980995
3158,0.5795076452195644,0.14966829866170883,0.013546951115131378,0.4162923898547888,0.023531441926024854,0.0001,0.5774906720966101
3159,0.5755929611623287,0.1496850112453103,0.013553835451602936,0.41235411912202835,0.023884846596047282,0.0001,0.577726849168539
3160,0.5749012865126133,0.14964243303984404,0.013549111783504486,0.4117097482085228,0.022557846503332257,0.0001,0.577522049844265
3161,0.5809709504246712,0.14976096153259277,0.013560399413108826,0.4176495876163244,0.022946862154640257,0.0001,0.5778466120362282
3162,0.5795472860336304,0.1495992485433817,0.013554327189922333,0.4163937158882618,0.02468654722906649,0.0001,0.5778352953493595
3163,0.5735427215695381,0.14973393455147743,0.013567797839641571,0.4102409854531288,0.022969739395193756,0.0001,0.5774469532072544
3164,0.5761193856596947,0.1498211482539773,0.013560213148593903,0.4127380233258009,0.024557834374718368,0.0001,0.5772397749125957
3165,0.5738501399755478,0.14965126384049654,0.013546980917453766,0.41065189242362976,0.024405190371908247,0.0001,0.5768525768071413
3166,0.5750534720718861,0.14973838534206152,0.013553589582443237,0.41176149994134903,0.023695536889135838,0.0001,0.5769869718700648
3167,0.577876441180706,0.14988773595541716,0.01355329155921936,0.4144354108721018,0.025157321826554835,0.0001,0.576696228981018
3168,0.574878640472889,0.14990729000419378,0.013547435402870178,0.41142391227185726,0.0225082190008834,0.0001,0.5762333285063506
3169,0.5796359032392502,0.1496584117412567,0.013549983501434326,0.41642751172184944,0.02393072913400829,0.0001,0.5766376227140426
3170,0.578081775456667,0.14968204591423273,0.013569250702857971,0.41483047790825367,0.023845112533308566,0.0001,0.5769556716084481
3171,0.5759414285421371,0.14975619036704302,0.013549081981182098,0.412636149674654,0.023234493099153042,0.0001,0.5764527194201946
3172,0.5758808217942715,0.14964165445417166,0.013561338186264038,0.4126778244972229,0.02529222483281046,0.0001,0.5760860729962587
3173,0.5805233158171177,0.1497984305024147,0.01355171948671341,0.4171731676906347,0.023673457093536854,0.0001,0.5767841324210167
3174,0.5714813508093357,0.14959581568837166,0.013554759323596954,0.4083307757973671,0.02465789287816733,0.0001,0.5763203289359808
3175,0.5793498381972313,0.14951317198574543,0.013562165200710297,0.4162745028734207,0.0244368864223361,0.0001,0.5768702987581491
3176,0.5729210413992405,0.14977958519011736,0.013554222881793976,0.4095872361212969,0.023808221914805472,0.0001,0.5766570556908845
3177,0.5738516934216022,0.14961970783770084,0.013557858765125275,0.41067412681877613,0.02334795519709587,0.0001,0.5762545809149742
3178,0.5769362300634384,0.14961872808635235,0.013571277260780334,0.4137462303042412,0.02437024435494095,0.0001,0.5764603398740291
3179,0.5747085995972157,0.14978023525327444,0.013553626835346222,0.41137473843991756,0.02467929758131504,0.0001,0.5759676095098257
3180,0.5769713409245014,0.149699448607862,0.013578779995441437,0.41369310580193996,0.024131879908964038,0.0001,0.5758565660566092
3181,0.5777668245136738,0.14948998857289553,0.013552136719226837,0.41472469829022884,0.024347368627786636,0.0001,0.5760391056537628
3182,0.5774662531912327,0.14962180238217115,0.013573572039604187,0.4142708834260702,0.02385895058978349,0.0001,0.5761976487934589
3183,0.5757472105324268,0.14970984775573015,0.013560585677623749,0.4124767854809761,0.024618853232823312,0.0001,0.5757200382649899
3184,0.5784701071679592,0.14966121688485146,0.01355433464050293,0.4152545537799597,0.024539182079024613,0.0001,0.5764189139008522
3185,0.5777855776250362,0.14968589693307877,0.013547383248806,0.4145523011684418,0.025255091371946037,0.0001,0.5762624878436327
3186,0.5749985687434673,0.14955369289964437,0.013547144830226898,0.4118977338075638,0.024895195616409183,0.0001,0.5764702405780554
3187,0.5708257742226124,0.14979398343712091,0.013564273715019226,0.4074675180017948,0.023382328799925745,0.0001,0.5761676486581564
3188,0.5748616270720959,0.149777727201581,0.013549290597438812,0.4115346074104309,0.02463976654689759,0.0001,0.5759601883590222
3189,0.5788258835673332,0.14968291111290455,0.013555161654949188,0.4155878070741892,0.025283154100179672,0.0001,0.5763719167560339
3190,0.5782443955540657,0.14959862269461155,0.013561144471168518,0.4150846265256405,0.023857169202528894,0.0001,0.5764992222189903
3191,0.5766720473766327,0.14987729117274284,0.013559319078922272,0.413235442712903,0.024525594199076295,0.0001,0.5763897445052862
3192,0.5758888721466064,0.1496231770142913,0.013558030128479004,0.41270766593515873,0.023738663061521947,0.0001,0.5762320064008236
3193,0.5751241557300091,0.14965743944048882,0.013560868799686432,0.41190584748983383,0.0234649614430964,0.0001,0.5761697009205818
3194,0.5741399824619293,0.14976796135306358,0.013559609651565552,0.4108124077320099,0.024018216412514448,0.0001,0.5757366884499788
3195,0.5712441653013229,0.14963089954108,0.01357218623161316,0.4080410823225975,0.0240612318739295,0.0001,0.5750825472176075
3196,0.5780568309128284,0.1496292892843485,0.013554483652114868,0.4148730542510748,0.02315312228165567,0.0001,0.5753883734345436
3197,0.5813929066061974,0.14970670454204082,0.01354943960905075,0.4181367624551058,0.022517097066156566,0.0001,0.5764450866729021
3198,0.5737279504537582,0.14959368016570807,0.013559430837631226,0.4105748347938061,0.024323313147760928,0.0001,0.5763317190110684
3199,0.5778533443808556,0.14974742010235786,0.013552680611610413,0.41455325298011303,0.02461902960203588,0.0001,0.5762344650924206
3200,0.5789201706647873,0.1495132204145193,0.013561449944972992,0.41584549471735954,0.021566794021055102,0.0001,0.5763020426034927
3201,0.5768099576234818,0.149708092212677,0.013574264943599701,0.41352759301662445,0.024354531546123326,0.0001,0.5763158336281776
3202,0.5749244689941406,0.14957375079393387,0.01355154812335968,0.41179916448891163,0.02355212310794741,0.0001,0.576219393312931
3203,0.5782589875161648,0.1498714927583933,0.013543248176574707,0.41484424844384193,0.02324673638213426,0.0001,0.5765328764915466
3204,0.5756516344845295,0.14966017846018076,0.013573244214057922,0.41241821460425854,0.02268462022766471,0.0001,0.5766840416938066
3205,0.57652797549963,0.1496430467814207,0.013553187251091003,0.4133317396044731,0.02200448128860444,0.0001,0.5772124227136374
3206,0.5778778120875359,0.1495115151628852,0.013544373214244843,0.41482192650437355,0.022842980455607176,0.0001,0.5771945208311081
3207,0.5783271752297878,0.14968836773186922,0.013553015887737274,0.41508579440414906,0.02282692736480385,0.0001,0.5768879476934672
3208,0.5740151032805443,0.14977338910102844,0.013554342091083527,0.41068736650049686,0.027452722191810608,0.0001,0.5769166629761457
3209,0.5756944753229618,0.1497497670352459,0.013552747666835785,0.4123919662088156,0.023365652421489358,0.0001,0.5767007760703564
3210,0.578312236815691,0.14958668034523726,0.013563089072704315,0.41516247391700745,0.02278578805271536,0.0001,0.5766399826854467
3211,0.5790270641446114,0.1497347243130207,0.013556614518165588,0.4157357271760702,0.023406961699947715,0.0001,0.5768616933375597
3212,0.5753828212618828,0.1497984668239951,0.013555467128753662,0.4120288919657469,0.024377368739806116,0.0001,0.5769075285643339
3213,0.5782211199402809,0.14949262328445911,0.01354217529296875,0.4151863195002079,0.02401195198763162,0.0001,0.5769037418067455
3214,0.5760319642722607,0.1495011830702424,0.01353607326745987,0.4129947107285261,0.02500784455332905,0.0001,0.5769417747855187
3215,0.573185708373785,0.1496210154145956,0.013561241328716278,0.41000345163047314,0.023355835932306945,0.0001,0.5766075480729341
3216,0.581404484808445,0.1497671790421009,0.013554349541664124,0.41808295622467995,0.024407639633864164,0.0001,0.5769602153450251
3217,0.5759503357112408,0.14964005537331104,0.013558261096477509,0.4127520229667425,0.02314224373549223,0.0001,0.5767225313931703
3218,0.5757293477654457,0.14949148800224066,0.013553783297538757,0.41268407367169857,0.023077760357409716,0.0001,0.5768939558416605
3219,0.5754955299198627,0.14951974991708994,0.013566739857196808,0.4124090448021889,0.024064855533652008,0.0001,0.5768740613013505
3220,0.5768048129975796,0.1495895553380251,0.01356218010187149,0.4136530812829733,0.023852051817812026,0.0001,0.5767233189195394
3221,0.5765984058380127,0.14969464670866728,0.013554833829402924,0.4133489280939102,0.026439761160872877,0.0001,0.5764804530888796
3222,0.5754384994506836,0.14935246296226978,0.013564512133598328,0.4125215243548155,0.024660928873345256,0.0001,0.5764860209077597
3223,0.576089896261692,0.14963832311332226,0.01354612410068512,0.4129054546356201,0.02261036029085517,0.0001,0.5762728985399008
3224,0.5753426179289818,0.1497947946190834,0.013543166220188141,0.4120046626776457,0.02351825195364654,0.0001,0.5762039639055729
3225,0.5738813504576683,0.14953567273914814,0.01354438066482544,0.4108013045042753,0.021499456139281392,0.0001,0.5762735281139613
3226,0.5728603377938271,0.1495100036263466,0.013552375137805939,0.4097979608923197,0.023471063235774636,0.0001,0.5754191134124994
3227,0.5757218189537525,0.14955691434442997,0.013544812798500061,0.41262008622288704,0.02325993264093995,0.0001,0.5753962617367506
3228,0.579207357019186,0.1494866842404008,0.013555243611335754,0.41616542637348175,0.023273973842151463,0.0001,0.5757440626621246
3229,0.5730365961790085,0.14935848955065012,0.013553828001022339,0.4101242795586586,0.023413337534293532,0.0001,0.5754981692880392
3230,0.5769106857478619,0.14964799769222736,0.013571701943874359,0.41369098611176014,0.0244211636018008,0.0001,0.5755087565630674
3231,0.5726324804127216,0.14948108419775963,0.013552434742450714,0.4095989726483822,0.023459572112187743,0.0001,0.5751121640205383
3232,0.5775448940694332,0.14944283664226532,0.013546347618103027,0.41455571167171,0.021790113765746355,0.0001,0.5753228034824133
3233,0.5808815397322178,0.14965674374252558,0.013547629117965698,0.4176771678030491,0.022306333296000957,0.0001,0.5758019678294659
3234,0.5831327885389328,0.14964209590107203,0.01354113221168518,0.4199495632201433,0.024135180050507188,0.0001,0.576580984890461
3235,0.5789340063929558,0.14961217530071735,0.013551771640777588,0.4157700538635254,0.023351242649368942,0.0001,0.5770862504839898
3236,0.5742641501128674,0.14943215902894735,0.013546071946620941,0.4112859182059765,0.023509666323661804,0.0001,0.5772266317158937
3237,0.5766901038587093,0.14938531816005707,0.013544842600822449,0.41375993750989437,0.023587772739119828,0.0001,0.5773234602063895
3238,0.5795590355992317,0.14955905079841614,0.013562016189098358,0.4164379667490721,0.023958549951203167,0.0001,0.577358628064394
3239,0.5790712982416153,0.1493574222549796,0.013550154864788055,0.41616372019052505,0.023547312477603555,0.0001,0.5779620982706547
3240,0.5758183151483536,0.14948461763560772,0.013557679951190948,0.4127760175615549,0.025079766637645662,0.0001,0.5778528612107039
3241,0.5740958452224731,0.14963909517973661,0.013553984463214874,0.4109027646481991,0.023251253180205822,0.0001,0.577999197691679
3242,0.5734811350703239,0.1494382405653596,0.01353830099105835,0.4105045963078737,0.023144099162891507,0.0001,0.5775928217917681
3243,0.5757176801562309,0.14955013152211905,0.013558045029640198,0.41260950826108456,0.02259122475516051,0.0001,0.5770764358341693
3244,0.5754210762679577,0.14970289543271065,0.013543166220188141,0.41217500902712345,0.02301241655368358,0.0001,0.5763052646070719
3245,0.5779355987906456,0.14966980554163456,0.013540185987949371,0.41472560353577137,0.024171891971491277,0.0001,0.5762054238468408
3246,0.5805532597005367,0.1496717957779765,0.013538762927055359,0.41734269447624683,0.023706932552158833,0.0001,0.5768343348056078
3247,0.5775755122303963,0.14962695352733135,0.013540603220462799,0.41440795734524727,0.02360175014473498,0.0001,0.5769228756427764
3248,0.5737341530621052,0.14946204610168934,0.013535194098949432,0.4107369128614664,0.02403134957421571,0.0001,0.5763403873890638
3249,0.5736818164587021,0.14967641793191433,0.013553604483604431,0.4104517940431833,0.023508483194746077,0.0001,0.5758014392107725
3250,0.576242059469223,0.14963115472346544,0.013555213809013367,0.4130556844174862,0.023038584971800447,0.0001,0.5758438136428594
3251,0.5733295232057571,0.14949549548327923,0.013542018830776215,0.41029200330376625,0.02403350849635899,0.0001,0.5757671814411879
3252,0.5772487707436085,0.14947756379842758,0.013549521565437317,0.414221677929163,0.023208496160805225,0.0001,0.5761439450085163
3253,0.5771443583071232,0.14944106806069613,0.013527274131774902,0.414176007732749,0.023361400584690273,0.0001,0.5762866128236055
3254,0.57310426607728,0.14934144355356693,0.01355474442243576,0.4102080799639225,0.023159627337008715,0.0001,0.5760549318045378
3255,0.575774472206831,0.14948079455643892,0.013557292520999908,0.41273638792335987,0.022205971996299922,0.0001,0.5758388191461563
3256,0.5789116322994232,0.14929236099123955,0.013550937175750732,0.41606833785772324,0.023939343518577516,0.0001,0.575674656406045
3257,0.5759999081492424,0.14966389071196318,0.013534098863601685,0.4128019157797098,0.025123393977992237,0.0001,0.5755170959979296
3258,0.579713836312294,0.14947557728737593,0.013547249138355255,0.4166910108178854,0.024012284353375435,0.0001,0.5761150643229485
3259,0.5785139538347721,0.14943678583949804,0.013553589582443237,0.4155235718935728,0.02225903223734349,0.0001,0.5765982780605554
3260,0.5750982165336609,0.14953450858592987,0.013539858162403107,0.4120238535106182,0.023852786398492754,0.0001,0.5764838937669993
3261,0.5810713693499565,0.14943984244018793,0.013529285788536072,0.41810224018990993,0.023804814089089632,0.0001,0.5772580783814192
3262,0.5835246779024601,0.14955394342541695,0.013543665409088135,0.420427069067955,0.02355332428123802,0.0001,0.5778856690973043
3263,0.5770078413188457,0.14955746941268444,0.013553641736507416,0.4138967301696539,0.0237083719111979,0.0001,0.5778720173984766
3264,0.5774870626628399,0.14947206992655993,0.013541243970394135,0.4144737534224987,0.024188552633859217,0.0001,0.5783102970570326
3265,0.5774258896708488,0.1495529618114233,0.013557150959968567,0.4143157694488764,0.022924713790416718,0.0001,0.5784754388034343
3266,0.5775248929858208,0.14955322165042162,0.013531789183616638,0.41443988122045994,0.024482951848767698,0.0001,0.5783367648720741
3267,0.5781050845980644,0.14948077406734228,0.013545118272304535,0.4150791931897402,0.02280379959847778,0.0001,0.5785472825169563
3268,0.5757822059094906,0.14982278272509575,0.013549573719501495,0.41240984573960304,0.022689839941449463,0.0001,0.5781541194766759
3269,0.5746998898684978,0.1494600810110569,0.013541527092456818,0.4116982761770487,0.02291822584811598,0.0001,0.5777727130800485
3270,0.581968430429697,0.14941462688148022,0.013535350561141968,0.4190184473991394,0.023865535738877952,0.0001,0.5784597344696522
3271,0.577832568436861,0.1494878763332963,0.013561367988586426,0.4147833287715912,0.022651276900433004,0.0001,0.5781358543783426
3272,0.5748222023248672,0.149326597340405,0.013555385172367096,0.4119402151554823,0.02429363038390875,0.0001,0.5772656068205834
3273,0.5782351866364479,0.149471003562212,0.013542242348194122,0.4152219407260418,0.02694296999834478,0.0001,0.5773883413523435
3274,0.5773121789097786,0.14927217178046703,0.013552762567996979,0.41448725014925003,0.02395744889508933,0.0001,0.5773708529770374
3275,0.5748205296695232,0.14951687213033438,0.013543650507926941,0.41176000982522964,0.02319700352381915,0.0001,0.5771103169769048
3276,0.5716228149831295,0.1496559763327241,0.013558566570281982,0.4084082767367363,0.022825675667263567,0.0001,0.5765201091766358
3277,0.5795292668044567,0.1495160348713398,0.01355297863483429,0.4164602514356375,0.02557677577715367,0.0001,0.576662527397275
3278,0.5748472325503826,0.1494460692629218,0.013556420803070068,0.41184474155306816,0.023539278656244278,0.0001,0.5765690300613642
3279,0.5722958892583847,0.14943665452301502,0.013540320098400116,0.40931891836225986,0.023189113475382328,0.0001,0.5763286300003528
3280,0.5760712213814259,0.14952966384589672,0.013555660843849182,0.41298589669167995,0.021785012097097933,0.0001,0.5757389090955257
3281,0.5792242623865604,0.1494757691398263,0.013546958565711975,0.41620153188705444,0.022591768531128764,0.0001,0.5758780784904957
3282,0.5730424337089062,0.14951853081583977,0.013550668954849243,0.40997323393821716,0.02343813015613705,0.0001,0.5757001016288996
3283,0.5797408260405064,0.14949341397732496,0.013537734746932983,0.41670968011021614,0.023558198590762913,0.0001,0.5758506655693054
3284,0.5753693208098412,0.14943039137870073,0.013550236821174622,0.4123886954039335,0.02189399884082377,0.0001,0.5756563797593117
3285,0.5749666877090931,0.14949732087552547,0.013544835150241852,0.4119245335459709,0.02432751771993935,0.0001,0.5756709955632686
3286,0.5777498930692673,0.14943608362227678,0.01354709267616272,0.41476671770215034,0.024438739172182977,0.0001,0.5762837033718824
3287,0.5777955092489719,0.14933576621115208,0.013552293181419373,0.41490744426846504,0.022677852539345622,0.0001,0.576110327616334
3288,0.5712689906358719,0.1495863487944007,0.013541266322135925,0.40814137272536755,0.022398417117074132,0.0001,0.5757525034248829
3289,0.5706222504377365,0.14934190269559622,0.013548873364925385,0.4077314827591181,0.023003443726338446,0.0001,0.5755851395428181
3290,0.5730582550168037,0.14921192172914743,0.01355191320180893,0.41029442846775055,0.022817455348558724,0.0001,0.5752838429063558
3291,0.5795198231935501,0.1493174536153674,0.013547137379646301,0.41665523312985897,0.02417312702164054,0.0001,0.5753133989870548
3292,0.5787585340440273,0.14959740173071623,0.01355462521314621,0.4156065061688423,0.023317246232181787,0.0001,0.5758850090205669
3293,0.5768626742064953,0.14947337191551924,0.013543516397476196,0.4138457775115967,0.02239596378058195,0.0001,0.5755971938371658
3294,0.5776847302913666,0.14933662116527557,0.013554707169532776,0.4147934019565582,0.02595065359491855,0.0001,0.5758287347853184
3295,0.5765589661896229,0.14936610404402018,0.013543151319026947,0.4136497173458338,0.02435682760551572,0.0001,0.5759879626333714
3296,0.5775331147015095,0.14945990033447742,0.013546876609325409,0.4145263358950615,0.02571767836343497,0.0001,0.5759662847965956
3297,0.5762711390852928,0.14940477721393108,0.013552658259868622,0.4133137073367834,0.02325841865967959,0.0001,0.5758138477802277
3298,0.580139335244894,0.14940094389021397,0.013535186648368835,0.4172031991183758,0.022243984043598175,0.0001,0.5767008822411299
3299,0.5767429322004318,0.14945709612220526,0.013538122177124023,0.41374771669507027,0.02347998006734997,0.0001,0.5773129504173994
3300,0.5787685737013817,0.14936689380556345,0.013536974787712097,0.4158647060394287,0.023378919810056686,0.0001,0.5778839822858572
3301,0.5785135179758072,0.14940411318093538,0.01353958249092102,0.41556982323527336,0.02497708215378225,0.0001,0.5777833517640829
3302,0.5756979994475842,0.14944632351398468,0.013543404638767242,0.41270826384425163,0.023549396311864257,0.0001,0.5774772983044386
3303,0.5767990835011005,0.14917981531471014,0.013545185327529907,0.41407407633960247,0.023138186894357204,0.0001,0.5774709392338991
3304,0.5756684765219688,0.14930183626711369,0.01353878527879715,0.412827854976058,0.02487976267002523,0.0001,0.5772693138569593
3305,0.5779964439570904,0.1494104042649269,0.013547025620937347,0.4150390177965164,0.022487245965749025,0.0001,0.5774130616337061
3306,0.5735358782112598,0.1494955439120531,0.013544201850891113,0.41049613431096077,0.02381657308433205,0.0001,0.5770133379846811
3307,0.5763321816921234,0.14946721121668816,0.013552628457546234,0.413312342017889,0.025850889389403164,0.0001,0.5770194422453642
3308,0.5780198238790035,0.1494966121390462,0.013552919030189514,0.4149702899158001,0.023273957194760442,0.0001,0.5768074911087752
3309,0.574568085372448,0.1494009243324399,0.013530559837818146,0.41163659654557705,0.023652133531868458,0.0001,0.5765900064259768
3310,0.5772312879562378,0.14956712909042835,0.013562656939029694,0.4141015000641346,0.025355200981721282,0.0001,0.5764362778514623
3311,0.5758761465549469,0.1493262629956007,0.013544350862503052,0.413005530834198,0.023791544372215867,0.0001,0.5761725407093763
3312,0.5743291191756725,0.14945217967033386,0.013532087206840515,0.4113448467105627,0.02340858441311866,0.0001,0.5760356526821852
3313,0.573098111897707,0.14932877384126186,0.013547807931900024,0.4102215375751257,0.024003443773835897,0.0001,0.5756655555218458
3314,0.5744677446782589,0.14938805904239416,0.013560287654399872,0.41151939518749714,0.024311539949849248,0.0001,0.5755454823374748
3315,0.5732015632092953,0.14943822845816612,0.013537153601646423,0.4102261867374182,0.022834556410089135,0.0001,0.5750659942626953
3316,0.5797049887478352,0.14940860774368048,0.013556696474552155,0.41673968732357025,0.022663519135676324,0.0001,0.5756829053163528
3317,0.5708146803081036,0.14928436186164618,0.013551130890846252,0.4079791884869337,0.02281677909195423,0.0001,0.5751311551779509
3318,0.5756139978766441,0.14930369332432747,0.013547457754611969,0.41276284493505955,0.02331913821399212,0.0001,0.5748905725777149
3319,0.5749568194150925,0.1494589988142252,0.013566263020038605,0.41193155385553837,0.02397506672423333,0.0001,0.5749294459819794
3320,0.5751399546861649,0.14917146228253841,0.013538464903831482,0.41243003122508526,0.023887181654572487,0.0001,0.574720312654972
3321,0.577570378780365,0.14938553795218468,0.013554833829402924,0.41463000513613224,0.02370823046658188,0.0001,0.5748897358775139
3322,0.5738458372652531,0.14924155455082655,0.013560190796852112,0.41104409843683243,0.02399920765310526,0.0001,0.574841407686472
3323,0.5766949318349361,0.14931265451014042,0.013553634285926819,0.41382864862680435,0.025139737990684807,0.0001,0.5752010896801949
3324,0.5776329860091209,0.1492289872840047,0.013539940118789673,0.4148640614002943,0.02413818775676191,0.0001,0.575517613813281
3325,0.5718874149024487,0.1494493642821908,0.013558901846408844,0.40887915529310703,0.023027554154396057,0.0001,0.5753861989825964
3326,0.5730674974620342,0.1493910737335682,0.013557106256484985,0.41011931747198105,0.023889314150437713,0.0001,0.5747224498540163
3327,0.5737577490508556,0.14950371347367764,0.013546355068683624,0.41070767492055893,0.023214233806356788,0.0001,0.5750167567282916
3328,0.578506875783205,0.14927536621689796,0.013542480766773224,0.4156890269368887,0.024096268345601857,0.0001,0.5753060445189476
3329,0.5736883617937565,0.14941552095115185,0.013551302254199982,0.4107215441763401,0.02278532856144011,0.0001,0.575179198756814
3330,0.5778061859309673,0.14942478481680155,0.013533554971218109,0.4148478489369154,0.024449021904729307,0.0001,0.5754458218812942
3331,0.5772975832223892,0.14938571956008673,0.013550512492656708,0.41436135210096836,0.02713493083138019,0.0001,0.5754185423254967
3332,0.5753681436181068,0.14941278751939535,0.013547129929065704,0.41240823082625866,0.02618429611902684,0.0001,0.5755707729607821
3333,0.5741462297737598,0.14933195430785418,0.013552084565162659,0.41126219369471073,0.023661361075937748,0.0001,0.5753159027546644
3334,0.5743312351405621,0.14955553505569696,0.013544425368309021,0.41123127937316895,0.02476974099408835,0.0001,0.5749857276678085
3335,0.5764857344329357,0.1492311554029584,0.013534881174564362,0.4137197006493807,0.023466781014576554,0.0001,0.5754455596208572
3336,0.5751512125134468,0.14925234764814377,0.013547450304031372,0.4123514164239168,0.02254157222341746,0.0001,0.5756539311259985
3337,0.5758812911808491,0.14937201514840126,0.0135359987616539,0.41297327168285847,0.02496292721480131,0.0001,0.5758662853389979
3338,0.5778151415288448,0.14937225729227066,0.01354941725730896,0.4148934707045555,0.02358471031766385,0.0001,0.5757971119135619
3339,0.5737441070377827,0.14918752014636993,0.013549081981182098,0.41100751236081123,0.024527329485863447,0.0001,0.5758026864379644
3340,0.5817751958966255,0.14929714053869247,0.01354634016752243,0.41893171705305576,0.024888966348953545,0.0001,0.5761995874345303
3341,0.5755118504166603,0.14952946826815605,0.01355220377445221,0.41243017837405205,0.02442632510792464,0.0001,0.5760210141539573
3342,0.579663597047329,0.14933488238602877,0.013550534844398499,0.41677818074822426,0.024471960263326764,0.0001,0.5764505594968796
3343,0.5813681185245514,0.14923502504825592,0.013551600277423859,0.41858148761093616,0.023100212449207902,0.0001,0.5771727483719588
3344,0.5773501098155975,0.14914680365473032,0.013541027903556824,0.41466228663921356,0.023715975461527705,0.0001,0.5774746358394622
3345,0.5761549696326256,0.14935237634927034,0.013555772602558136,0.4132468234747648,0.022481966763734818,0.0001,0.5774415593594313
3346,0.5779484920203686,0.14935316052287817,0.01355145126581192,0.41504388488829136,0.02439004962798208,0.0001,0.5777212873101234
3347,0.5739022381603718,0.1493805479258299,0.013557448983192444,0.4109642542898655,0.023582679219543934,0.0001,0.5775233820080757
3348,0.5748766474425793,0.14918889850378036,0.013544157147407532,0.4121435862034559,0.021729495842009783,0.0001,0.5772295325994492
3349,0.5782909318804741,0.14921356551349163,0.013551287353038788,0.4155260771512985,0.023462688783183694,0.0001,0.5776842150837183
3350,0.5806584171950817,0.14937394205480814,0.013542629778385162,0.4177418425679207,0.022744118236005306,0.0001,0.5775725372135639
3351,0.5737831629812717,0.14938613027334213,0.013536341488361359,0.4108606968075037,0.02692102931905538,0.0001,0.5773996684700251
3352,0.5773240700364113,0.1494690105319023,0.013542063534259796,0.4143130034208298,0.023284040158614516,0.0001,0.5771657157689333
3353,0.5759318210184574,0.1491742581129074,0.013526611030101776,0.41323094442486763,0.023077515652403235,0.0001,0.5766220860183239
3354,0.5700999051332474,0.14920835569500923,0.013539157807826996,0.407352389767766,0.023365463130176067,0.0001,0.5758970655500889
3355,0.5784892737865448,0.14936108235269785,0.013555854558944702,0.4155723322182894,0.025229493505321443,0.0001,0.5761304959654808
3356,0.5758207738399506,0.14951092563569546,0.01354680210351944,0.41276304610073566,0.02283325931057334,0.0001,0.575917724147439
3357,0.578098651021719,0.1493444973602891,0.01352693885564804,0.4152272157371044,0.022572572343051434,0.0001,0.5763373654335737
3358,0.5727506056427956,0.14926215074956417,0.013543441891670227,0.40994501300156116,0.02392213372513652,0.0001,0.5761247612535954
3359,0.575990803539753,0.1492804130539298,0.01354166865348816,0.4131687171757221,0.022585277794860303,0.0001,0.5758947484195233
3360,0.5795315876603127,0.14935894217342138,0.013527333736419678,0.41664530523121357,0.022973318467848003,0.0001,0.5757820654660464
3361,0.5764144584536552,0.14926271047443151,0.01353665441274643,0.4136151000857353,0.022676989436149597,0.0001,0.5760451950132847
3362,0.5769351869821548,0.14923387859016657,0.013557054102420807,0.4141442570835352,0.034465427859686315,0.0001,0.576006306707859
3363,0.5764146819710732,0.14912990760058165,0.013540424406528473,0.4137443508952856,0.023807383491657674,0.0001,0.5760545928031207
3364,0.5786757618188858,0.14920205809175968,0.0135403573513031,0.41593335196375847,0.025776749360375106,0.0001,0.5769121784716844
3365,0.575431864708662,0.14949244260787964,0.013541147112846375,0.4123982712626457,0.023067994974553585,0.0001,0.5766064375638962
3366,0.5760054476559162,0.14925652369856834,0.013556987047195435,0.4131919387727976,0.023401644662953913,0.0001,0.5766249049454928
3367,0.5719195827841759,0.1493324702605605,0.013548247516155243,0.40903886780142784,0.024628027924336493,0.0001,0.5760069981217384
3368,0.5759153850376606,0.14904881920665503,0.01354728639125824,0.4133192878216505,0.02305922459345311,0.0001,0.5763234760612249
3369,0.5756759345531464,0.14913858752697706,0.013529874384403229,0.41300747729837894,0.02304065867792815,0.0001,0.5762919891625643
3370,0.5704785399138927,0.1493408838286996,0.013550341129302979,0.40758730843663216,0.024022091296501458,0.0001,0.5753866843879223
3371,0.5800526775419712,0.14913929719477892,0.01351986825466156,0.41739351116120815,0.022895444883033633,0.0001,0.5757505062967538
3372,0.5781298726797104,0.14921742118895054,0.013532578945159912,0.41537987254559994,0.02379810158163309,0.0001,0.5758699748665095
3373,0.5760970562696457,0.1492614597082138,0.01354178786277771,0.4132938049733639,0.024063631426542997,0.0001,0.5758382122963667
3374,0.5815870054066181,0.14930885937064886,0.013545647263526917,0.4187325034290552,0.02273152442649007,0.0001,0.5761293366551399
3375,0.5760660581290722,0.14925380609929562,0.013546347618103027,0.41326590068638325,0.02412926545366645,0.0001,0.5761927559971809
3376,0.5741458982229233,0.1490693548694253,0.013539940118789673,0.41153660602867603,0.0235106818145141,0.0001,0.5760068010538817
3377,0.5738224983215332,0.14932532235980034,0.013549618422985077,0.4109475575387478,0.02324075868818909,0.0001,0.5761970926076174
3378,0.5731129050254822,0.14919561240822077,0.013544164597988129,0.41037312522530556,0.023571465513668954,0.0001,0.5759168446063996
3379,0.5762794092297554,0.14916014950722456,0.013533659279346466,0.41358559392392635,0.02291950851213187,0.0001,0.5759771920740604
3380,0.5794840380549431,0.14946820493787527,0.013550817966461182,0.4164650198072195,0.023728071246296167,0.0001,0.5768777418881654
3381,0.5747920721769333,0.1491804551333189,0.013529054820537567,0.41208256036043167,0.022499117185361683,0.0001,0.5763516813516617
3382,0.576810322701931,0.14920488372445107,0.013530820608139038,0.4140746295452118,0.022471327683888376,0.0001,0.5762197263538837
3383,0.5762505382299423,0.14931912999600172,0.01354023814201355,0.4133911710232496,0.02311150054447353,0.0001,0.5762350745499134
3384,0.5755512304604053,0.14922389388084412,0.013532429933547974,0.4127949085086584,0.024434766150079668,0.0001,0.5756314970552922
3385,0.5752925984561443,0.14932302851229906,0.013541117310523987,0.41242843866348267,0.02475566021166742,0.0001,0.5755541510879993
3386,0.577389057725668,0.149285227060318,0.013537965714931488,0.41456586867570877,0.024509371840395033,0.0001,0.5758784670382738
3387,0.5789983421564102,0.14934529922902584,0.013551563024520874,0.41610147804021835,0.0233341510174796,0.0001,0.5763960514217615
3388,0.5787470936775208,0.14922678004950285,0.013558745384216309,0.41596156917512417,0.024865519488230348,0.0001,0.5769594702869654
3389,0.5755755044519901,0.14910157956182957,0.013540804386138916,0.41293312422931194,0.024480655672959983,0.0001,0.5768890798091888
3390,0.5734671428799629,0.14909878745675087,0.013555623590946198,0.41081273183226585,0.02470999676734209,0.0001,0.5762873902916908
3391,0.574599489569664,0.14925801195204258,0.013545677065849304,0.4117958042770624,0.02414126950316131,0.0001,0.5762681320309639
3392,0.5742319151759148,0.14923691656440496,0.0135335773229599,0.41146142967045307,0.024360804818570614,0.0001,0.5760102912783622
3393,0.570915088057518,0.14918610453605652,0.013542219996452332,0.4081867579370737,0.023758175550028682,0.0001,0.5754767462611199
3394,0.576039507985115,0.14921739976853132,0.013551265001296997,0.413270840421319,0.02361430460587144,0.0001,0.5755255740135908
3395,0.577779158949852,0.14920085947960615,0.013546176254749298,0.4150321241468191,0.025095270364545286,0.0001,0.5757742300629616
3396,0.5762171112000942,0.1490861726924777,0.013544879853725433,0.41358605585992336,0.02488671208266169,0.0001,0.5756570354104042
3397,0.568276409059763,0.1493706852197647,0.013551414012908936,0.4053543210029602,0.024660579161718488,0.0001,0.5745848421007395
3398,0.5758826583623886,0.1492107529193163,0.013546504080295563,0.4131254032254219,0.024248983478173614,0.0001,0.5742983985692263
3399,0.5754070840775967,0.14928085450083017,0.013558879494667053,0.41256734542548656,0.02278709621168673,0.0001,0.5742815565317869
3400,0.5764739140868187,0.1491308305412531,0.01354941725730896,0.4137936681509018,0.024200067506171763,0.0001,0.5745822336524725
3401,0.5789924040436745,0.14926855266094208,0.013555854558944702,0.4161679930984974,0.024453491671010852,0.0001,0.5750215250998736
3402,0.5756473243236542,0.14927416667342186,0.013529032468795776,0.4128441195935011,0.02461954823229462,0.0001,0.5751630660146475
3403,0.5764923170208931,0.14909568894654512,0.013533927500247955,0.4138626977801323,0.02312268957030028,0.0001,0.575720788910985
3404,0.5710710920393467,0.14919458981603384,0.013547740876674652,0.4083287622779608,0.022381187649443746,0.0001,0.5752239473164081
3405,0.5761233754456043,0.1491086594760418,0.013536803424358368,0.413477910682559,0.02437244018074125,0.0001,0.5750583689659834
3406,0.5727754198014736,0.149130180478096,0.01353936642408371,0.4101058803498745,0.02332470053806901,0.0001,0.5747141998261214
3407,0.5774655267596245,0.14922514278441668,0.013546235859394073,0.41469415463507175,0.024633722146973014,0.0001,0.5756331115961075
3408,0.5792824700474739,0.149003803730011,0.013548746705055237,0.41672992520034313,0.021858257241547108,0.0001,0.5759730927646161
3409,0.5783192180097103,0.14920414984226227,0.013558872044086456,0.41555619798600674,0.02446922892704606,0.0001,0.5762643061578274
3410,0.5777109265327454,0.14926316775381565,0.013525769114494324,0.4149219896644354,0.025071940617635846,0.0001,0.57638800740242
3411,0.5765717290341854,0.14907045103609562,0.013536527752876282,0.4139647427946329,0.024801958701573312,0.0001,0.5761459399014711
3412,0.5778778828680515,0.1491257967427373,0.013547874987125397,0.4152042046189308,0.023081658757291734,0.0001,0.5763689957559108
3413,0.5742602795362473,0.14910301007330418,0.013532675802707672,0.41162459552288055,0.022365769487805665,0.0001,0.5761457920074463
3414,0.5774462074041367,0.149168754927814,0.013534016907215118,0.4147434402257204,0.024510801769793034,0.0001,0.5767833035439253
3415,0.5769570954144001,0.1492391163483262,0.013532347977161407,0.41418563202023506,0.02331773331388831,0.0001,0.5768666755408048
3416,0.5754555650055408,0.14913425222039223,0.013539664447307587,0.4127816427499056,0.02485763607546687,0.0001,0.5771346900612115
3417,0.575700931251049,0.1491494718939066,0.01355057954788208,0.4130008704960346,0.022345704142935574,0.0001,0.576958230510354
3418,0.5788089409470558,0.14917595591396093,0.013535022735595703,0.4160979613661766,0.02239796204958111,0.0001,0.5769108776003122
3419,0.5735016241669655,0.14910389576107264,0.013533450663089752,0.4108642768114805,0.023335734265856445,0.0001,0.5764291182160377
3420,0.5747331939637661,0.1492110639810562,0.013530269265174866,0.4119918644428253,0.02447491022758186,0.0001,0.5761313449591399
3421,0.579070333391428,0.14905173424631357,0.013538435101509094,0.41648016683757305,0.023686938919126987,0.0001,0.576381205394864
3422,0.5747147463262081,0.14918898697942495,0.013553604483604431,0.41197215393185616,0.023934989818371832,0.0001,0.5760648917406798
3423,0.5784894563257694,0.149090688675642,0.013549484312534332,0.41584928147494793,0.024366610101424158,0.0001,0.576487809419632
3424,0.575383510440588,0.14937949366867542,0.013547495007514954,0.4124565161764622,0.02328578568994999,0.0001,0.5762815397232771
3425,0.5750019550323486,0.1493741488084197,0.013527721166610718,0.4121000822633505,0.02372935158200562,0.0001,0.576086025685072
3426,0.5772029832005501,0.14901560451835394,0.013527534902095795,0.4146598484367132,0.023358085309155285,0.0001,0.5762607675045729
3427,0.5791632682085037,0.14906060323119164,0.013535402715206146,0.4165672715753317,0.022584689082577825,0.0001,0.5766070012003184
3428,0.5725870653986931,0.14907856937497854,0.013521887362003326,0.4099866170436144,0.023690669098868966,0.0001,0.575984813645482
3429,0.5766439139842987,0.14923971518874168,0.013528600335121155,0.413875600323081,0.024484987021423876,0.0001,0.5762990426272154
3430,0.5734978131949902,0.14913071133196354,0.013522595167160034,0.41084450855851173,0.02252999390475452,0.0001,0.5761755045503378
3431,0.5741892904043198,0.14915715344250202,0.013544395565986633,0.41148774325847626,0.024527362664230168,0.0001,0.575687400251627
3432,0.5740444399416447,0.14906161837279797,0.013539686799049377,0.4114431291818619,0.02328927454072982,0.0001,0.5756203696131706
3433,0.5749065168201923,0.14911646489053965,0.013533808290958405,0.41225624457001686,0.023673439514823258,0.0001,0.5752620756626129
3434,0.5737944841384888,0.14897917676717043,0.013527385890483856,0.4112879168242216,0.024728465476073325,0.0001,0.575103173032403
3435,0.5768944658339024,0.14894875325262547,0.013525530695915222,0.4144201781600714,0.022562891943380237,0.0001,0.5752924241125583
3436,0.5776464007794857,0.14914417918771505,0.013523638248443604,0.414978576824069,0.022959718364290893,0.0001,0.5753367658704519
3437,0.575991827994585,0.1490183835849166,0.013533815741539001,0.41343962401151657,0.025359050021506846,0.0001,0.5750196218490601
3438,0.5777499638497829,0.1491067372262478,0.013524577021598816,0.41511864960193634,0.02454020199365914,0.0001,0.5755359116941691
3439,0.5768830850720406,0.14916170854121447,0.01354268193244934,0.4141786955296993,0.022748042130842805,0.0001,0.5755598288029432
3440,0.5781814157962799,0.14915334712713957,0.013535775244235992,0.41549229621887207,0.02374582819174975,0.0001,0.5760281890630722
3441,0.5733878463506699,0.1491016298532486,0.013531140983104706,0.4107550773769617,0.024310733890160918,0.0001,0.5759480446577072
3442,0.5767580270767212,0.1490685949102044,0.013538524508476257,0.4141509123146534,0.02234487107489258,0.0001,0.5762194033712149
3443,0.5770965479314327,0.14917495381087065,0.01353713870048523,0.4143844563513994,0.022111478610895574,0.0001,0.5764384064823389
3444,0.5767568163573742,0.14911480527371168,0.013526573777198792,0.4141154307872057,0.024804888176731765,0.0001,0.5767346397042274
3445,0.5766026116907597,0.14908676408231258,0.013538464903831482,0.41397738456726074,0.023075318662449718,0.0001,0.5767054542899132
3446,0.5743819922208786,0.14914647210389376,0.013526760041713715,0.4117087610065937,0.023173144436441362,0.0001,0.5763790134340525
3447,0.5729838199913502,0.14922496862709522,0.013538822531700134,0.41022003442049026,0.023479016264900565,0.0001,0.5760782126337289
3448,0.5751814804971218,0.14917980320751667,0.013530291616916656,0.41247138381004333,0.02403648744802922,0.0001,0.5758213642984629
3449,0.5741212964057922,0.14915830548852682,0.013540126383304596,0.4114228691905737,0.02420002967119217,0.0001,0.5755451854318381
3450,0.5772980600595474,0.1490421537309885,0.0135403573513031,0.41471555456519127,0.02374837314710021,0.0001,0.5754568498581648
3451,0.5803754739463329,0.14901414047926664,0.013523958623409271,0.4178373757749796,0.022756289807148278,0.0001,0.5761556126177311
3452,0.5774044096469879,0.14910936821252108,0.013538360595703125,0.41475668363273144,0.024137628148309886,0.0001,0.5762202508747578
3453,0.5792930498719215,0.149073613807559,0.013532735407352448,0.4166867025196552,0.024277630145661533,0.0001,0.5764399010688066
3454,0.5767348520457745,0.14919100794941187,0.013542726635932922,0.4140011202543974,0.02752093377057463,0.0001,0.5764377046376467
3455,0.5730668194591999,0.14887787587940693,0.013530440628528595,0.41065850853919983,0.025657449616119266,0.0001,0.5760841254144907
3456,0.5732519030570984,0.1491363476961851,0.013526469469070435,0.41058907471597195,0.025107474415563047,0.0001,0.5759711164981127
3457,0.5743668712675571,0.14897959399968386,0.013551436364650726,0.41183584183454514,0.02457650611177087,0.0001,0.5761094216257334
3458,0.574923075735569,0.14918281603604555,0.013540782034397125,0.41219948418438435,0.02404575329273939,0.0001,0.5760835811495781
3459,0.5769528783857822,0.14901226665824652,0.01354634016752243,0.41439426876604557,0.024190595257095993,0.0001,0.5763667393475771
3460,0.5788839124143124,0.14914261270314455,0.013521097600460052,0.4162202049046755,0.024720697198063135,0.0001,0.5765253245830536
3461,0.5772016309201717,0.14901438169181347,0.013532109558582306,0.41465514712035656,0.024120458052493632,0.0001,0.5762079402804374
3462,0.5721040964126587,0.14887457806617022,0.01354091614484787,0.4096886124461889,0.023727039340883493,0.0001,0.5756779089570045
3463,0.5746922791004181,0.1490885578095913,0.013520389795303345,0.412083325907588,0.02468434802722186,0.0001,0.5752178318798542
3464,0.5751337893307209,0.14901018049567938,0.01352023333311081,0.41260336712002754,0.025001417263410985,0.0001,0.5750577256083489
3465,0.573819026350975,0.1489983769133687,0.013544410467147827,0.4112762436270714,0.02393722382839769,0.0001,0.5751329462975263
3466,0.5765840038657188,0.14896342530846596,0.013544343411922455,0.4140762370079756,0.023552157101221383,0.0001,0.5754661563783884
3467,0.5751013904809952,0.1489200508221984,0.013527929782867432,0.4126534126698971,0.026311666355468333,0.0001,0.5755396082997322
3468,0.5798429138958454,0.14911920856684446,0.013534486293792725,0.4171892199665308,0.02281862823292613,0.0001,0.5760315921157598
3469,0.5768289752304554,0.14915151707828045,0.013541966676712036,0.41413549706339836,0.023216581670567393,0.0001,0.5760192018002271
3470,0.5766080506145954,0.1489400276914239,0.013524174690246582,0.41414385102689266,0.02409444865770638,0.0001,0.5757916156202555
3471,0.5715462937951088,0.1489908779039979,0.01354287564754486,0.4090125411748886,0.022710507735610008,0.0001,0.5752260819077492
3472,0.5757945589721203,0.14927443210035563,0.013560272753238678,0.41295985504984856,0.0245693561155349,0.0001,0.5755951281636953
3473,0.5774200409650803,0.14891968201845884,0.01353975385427475,0.4149606004357338,0.023027825518511236,0.0001,0.5758679043501616
3474,0.5749708414077759,0.14908234868198633,0.013547748327255249,0.4123407378792763,0.024609680520370603,0.0001,0.5758516095578671
3475,0.5763947144150734,0.14893147069960833,0.013554088771343231,0.41390915401279926,0.02381303848233074,0.0001,0.5761091783642769
3476,0.5725602321326733,0.14897901844233274,0.013539634644985199,0.4100415799766779,0.02433257014490664,0.0001,0.5757068011909723
3477,0.5726626850664616,0.14897668361663818,0.013540759682655334,0.41014523804187775,0.023259973851963878,0.0001,0.5754629306495189
3478,0.5769515745341778,0.1489357454702258,0.01354796439409256,0.414467865601182,0.023268770892173052,0.0001,0.5751737967133522
3479,0.5764386840164661,0.14908875711262226,0.013517357409000397,0.4138325657695532,0.024288037326186895,0.0001,0.5751347675919533
3480,0.581721056252718,0.14896232075989246,0.013515397906303406,0.4192433301359415,0.02478159696329385,0.0001,0.5756460681557656
3481,0.5797809064388275,0.1490624900907278,0.013528525829315186,0.4171898905187845,0.021705099614337087,0.0001,0.5764695294201374
3482,0.5726129934191704,0.14890302810817957,0.013547562062740326,0.4101624023169279,0.022586212726309896,0.0001,0.5761513728648424
3483,0.5763174258172512,0.14910228829830885,0.013528332114219666,0.41368681006133556,0.024927127524279058,0.0001,0.5760411113500595
3484,0.5730962119996548,0.14910929277539253,0.013512417674064636,0.4104745052754879,0.02388217148836702,0.0001,0.5758536484092474
3485,0.576304093003273,0.1491211736574769,0.013527490198612213,0.41365543007850647,0.024130075238645077,0.0001,0.5758445862680673
3486,0.5734738707542419,0.14896939415484667,0.013528838753700256,0.41097563691437244,0.0232246300438419,0.0001,0.5759359501302243
3487,0.5729106776416302,0.1491261338815093,0.01352681964635849,0.41025772877037525,0.023561249021440744,0.0001,0.5759607493877411
3488,0.5753623358905315,0.14881714154034853,0.013542257249355316,0.4130029436200857,0.022282488062046468,0.0001,0.5758018255233764
3489,0.5727880373597145,0.1488843820989132,0.013529002666473389,0.4103746525943279,0.023395820753648877,0.0001,0.5754367608577013
3490,0.5696696043014526,0.14892607741057873,0.013545669615268707,0.40719785168766975,0.02483730297535658,0.0001,0.5742316156625747
3491,0.5774816833436489,0.1490584183484316,0.013549529016017914,0.41487373411655426,0.02280845574568957,0.0001,0.574001693353057
3492,0.5782765261828899,0.148977673612535,0.013544067740440369,0.41575479321181774,0.02264071931131184,0.0001,0.5745680466294288
3493,0.5743953473865986,0.14889409113675356,0.013521403074264526,0.4119798541069031,0.02413657761644572,0.0001,0.5743758387863636
3494,0.5795948952436447,0.14921806938946247,0.013528309762477875,0.4168485049158335,0.02482198365032673,0.0001,0.5750257071107626
3495,0.5793430060148239,0.14901802688837051,0.013537049293518066,0.4167879279702902,0.024260333739221096,0.0001,0.5753295984119177
3496,0.5735074058175087,0.1490110456943512,0.013531118631362915,0.41096524335443974,0.02309618634171784,0.0001,0.5753329519182444
3497,0.5770977362990379,0.1488768933340907,0.01353425532579422,0.41468658298254013,0.023156003328040242,0.0001,0.5757516577839852
3498,0.5772139988839626,0.14893423207104206,0.013528212904930115,0.414751548320055,0.025185565347783267,0.0001,0.5759368240833282
3499,0.5814089737832546,0.14893710147589445,0.013521388173103333,0.41895048320293427,0.023488630424253643,0.0001,0.5767989177256823
3500,0.572909664362669,0.14899051189422607,0.013537667691707611,0.41038148291409016,0.024600864853709936,0.0001,0.5771229237318038
3501,0.578184399753809,0.14894595183432102,0.013528019189834595,0.41571043245494366,0.02214281784836203,0.0001,0.5771931953728199
3502,0.5738660581409931,0.1490321373566985,0.013518944382667542,0.4113149791955948,0.023574796854518354,0.0001,0.5767521485686302
3503,0.574955340474844,0.1491007935255766,0.01352226734161377,0.41233228147029877,0.02426927851047367,0.0001,0.5768081478774547
3504,0.5709489993751049,0.14890820533037186,0.013536490499973297,0.40850430354475975,0.025605856673792005,0.0001,0.5759435582906007
3505,0.5784778296947479,0.1491019707173109,0.013546288013458252,0.4158295691013336,0.024310021894052625,0.0001,0.5758570406585932
3506,0.5752890445291996,0.14882465172559023,0.013547487556934357,0.41291690431535244,0.023807304678484797,0.0001,0.5760352045297623
3507,0.5723870880901814,0.1490065148100257,0.013539068400859833,0.4098415095359087,0.022857880336232483,0.0001,0.5755641397088767
3508,0.5755467377603054,0.1489474307745695,0.013531796634197235,0.41306751407682896,0.025361886015161872,0.0001,0.5753974135965109
3509,0.5755122937262058,0.1487966738641262,0.013532839715480804,0.41318278200924397,0.025782955111935735,0.0001,0.574807745590806
3510,0.5778067708015442,0.1489587128162384,0.01351960003376007,0.41532846726477146,0.02544423914514482,0.0001,0.5752974562346935
3511,0.5739051848649979,0.14902710542082787,0.013537377119064331,0.41134070977568626,0.02504890866111964,0.0001,0.5748695347458124
3512,0.5780681669712067,0.1488447142764926,0.013529710471630096,0.4156937375664711,0.024989496101625264,0.0001,0.5752897456288337
3513,0.5751695893704891,0.1489414433017373,0.013511314988136292,0.41271683014929295,0.024875020026229322,0.0001,0.5753111705183983
3514,0.5764850452542305,0.14892067294567823,0.013538002967834473,0.41402637399733067,0.023287296411581337,0.0001,0.5758647751063108
3515,0.572811920195818,0.14907790534198284,0.013539068400859833,0.410194942727685,0.023521727416664362,0.0001,0.5752981841564179
3516,0.5743436142802238,0.1488064182922244,0.013542108237743378,0.41199509240686893,0.023245271644555032,0.0001,0.5752036411315202
3517,0.5736571066081524,0.14898353070020676,0.013522602617740631,0.4111509770154953,0.023950771428644657,0.0001,0.5753306429833174
3518,0.573749765753746,0.1489323228597641,0.013516150414943695,0.4113012943416834,0.024373472318984568,0.0001,0.5751509457826615
3519,0.5716599747538567,0.14880050159990788,0.013546407222747803,0.40931307151913643,0.026158482651226223,0.0001,0.5747657138854265
3520,0.573286447674036,0.14896873384714127,0.013546451926231384,0.4107712581753731,0.024162499816156924,0.0001,0.5743136815726757
3521,0.5742833688855171,0.1488704290241003,0.013527438044548035,0.4118855018168688,0.024363975157029927,0.0001,0.5743514999747277
3522,0.5755976736545563,0.148957759141922,0.013536311686038971,0.4131036065518856,0.026416691951453686,0.0001,0.5741044506430626
3523,0.5749543830752373,0.14890183228999376,0.013533882796764374,0.4125186651945114,0.02617809467483312,0.0001,0.5740829300135374
3524,0.575339037925005,0.14902682695537806,0.013524211943149567,0.4127879999577999,0.024252834846265614,0.0001,0.5739683292806148
3525,0.5765584409236908,0.14901695307344198,0.013539910316467285,0.41400157660245895,0.02473691594786942,0.0001,0.5743429813534021
3526,0.5728149451315403,0.14875673968344927,0.013535581529140472,0.41052262485027313,0.02408011758234352,0.0001,0.5741901144385337
3527,0.5754008367657661,0.14883993845432997,0.013539575040340424,0.4130213223397732,0.023469865089282393,0.0001,0.5743644874542951
3528,0.579393208026886,0.14882988017052412,0.013523764908313751,0.41703955829143524,0.023290518671274185,0.0001,0.5749288316816091
3529,0.575694140046835,0.14894675463438034,0.013525053858757019,0.4132223315536976,0.023800698341801763,0.0001,0.575332248210907
3530,0.5758757553994656,0.14884425792843103,0.013540081679821014,0.41349142603576183,0.0232132546370849,0.0001,0.5755911789834499
3531,0.573997039347887,0.14898616168648005,0.013537958264350891,0.4114729221910238,0.023244066978804767,0.0001,0.5755625460296869
3532,0.5778707452118397,0.14894956443458796,0.013520143926143646,0.4154010433703661,0.025535573018714786,0.0001,0.5757898531854153
3533,0.5794375538825989,0.14892371464520693,0.013537861406803131,0.4169759750366211,0.02342620026320219,0.0001,0.5762381702661514
3534,0.5738134197890759,0.14880990143865347,0.013546779751777649,0.4114567395299673,0.025166981387883425,0.0001,0.5760856084525585
3535,0.5716308876872063,0.14881971385329962,0.013536691665649414,0.40927448496222496,0.02368363260757178,0.0001,0.5755928531289101
3536,0.5755639187991619,0.14895452186465263,0.013513140380382538,0.41309625655412674,0.025021510431542993,0.0001,0.5758677504956722
3537,0.5766485407948494,0.14888542797416449,0.013527341187000275,0.4142357762902975,0.024312721914611757,0.0001,0.5759925208985806
3538,0.5702736563980579,0.148970952257514,0.013532005250453949,0.40777070447802544,0.02475993847474456,0.0001,0.5750805657356978
3539,0.5777160599827766,0.1488716322928667,0.01352451741695404,0.4153199102729559,0.025133795104920864,0.0001,0.5752827577292919
3540,0.5764087624847889,0.14882997795939445,0.013537153601646423,0.41404162906110287,0.024331721011549234,0.0001,0.5753360584378242
3541,0.5777410678565502,0.14888384751975536,0.01352238655090332,0.4153348356485367,0.022210552007891238,0.0001,0.5757104612886905
3542,0.576560266315937,0.14894554391503334,0.013532854616641998,0.4140818640589714,0.024239668622612953,0.0001,0.5755794133991003
3543,0.5768435373902321,0.1489847283810377,0.013525351881980896,0.4143334645777941,0.023390956223011017,0.0001,0.5753200117498636
3544,0.5771389491856098,0.14887372869998217,0.013528108596801758,0.414737107232213,0.02397612144704908,0.0001,0.575652564689517
3545,0.5726996511220932,0.14895381033420563,0.013533741235733032,0.4102121014147997,0.023496550507843494,0.0001,0.5757594410330057
3546,0.5761005021631718,0.14899644814431667,0.013544142246246338,0.41355991549789906,0.024320981581695378,0.0001,0.5758130993694067
3547,0.577262382954359,0.14890068676322699,0.013528585433959961,0.41483310982584953,0.02373996947426349,0.0001,0.5758744835853576
3548,0.5741275735199451,0.14895592443645,0.01351308822631836,0.4116585645824671,0.02390148874837905,0.0001,0.5762598752975464
3549,0.5746077857911587,0.14876485988497734,0.01353539526462555,0.4123075306415558,0.02352065104059875,0.0001,0.5759490478783846
3550,0.5740326531231403,0.14891764987260103,0.013532139360904694,0.41158286668360233,0.023431100882589817,0.0001,0.5757114369422197
3551,0.5783203803002834,0.1488216444849968,0.01352093368768692,0.41597780399024487,0.025559575064107776,0.0001,0.5757693681865931
3552,0.573722843080759,0.14886369928717613,0.013531021773815155,0.41132812574505806,0.025913966353982687,0.0001,0.5754856258630753
3553,0.5771111324429512,0.14878176525235176,0.01353384554386139,0.4147955272346735,0.023460273747332394,0.0001,0.5755123853683471
3554,0.5751171335577965,0.14892204385250807,0.01352180540561676,0.41267329081892967,0.02337700081989169,0.0001,0.5753102038055659
3555,0.5719709619879723,0.14871741738170385,0.01353214681148529,0.40972140058875084,0.023989864508621395,0.0001,0.5752373348921538
3556,0.575416624546051,0.14872458577156067,0.013542860746383667,0.413149181753397,0.02411526790820062,0.0001,0.5751689471304416
3557,0.5777371414005756,0.1489679329097271,0.01352275162935257,0.41524645686149597,0.02742370404303074,0.0001,0.5752164229750634
3558,0.5740920640528202,0.14875117037445307,0.013549521565437317,0.4117913693189621,0.02410570380743593,0.0001,0.5752128720283508
3559,0.573117770254612,0.14884300343692303,0.013529464602470398,0.410745307803154,0.024469490977935493,0.0001,0.5750638704746962
3560,0.5720109939575195,0.14889580570161343,0.013509362936019897,0.4096058215945959,0.024735073326155543,0.0001,0.5748617045581341
3561,0.5738728791475296,0.14874274749308825,0.013523615896701813,0.41160652227699757,0.023556248983368278,0.0001,0.5744169544428587
3562,0.5737221501767635,0.14877218659967184,0.013533912599086761,0.41141604259610176,0.023988971952348948,0.0001,0.5744168851524591
3563,0.5741154290735722,0.14874600805342197,0.013524428009986877,0.41184499859809875,0.02437472972087562,0.0001,0.5741173148155212
3564,0.5771391540765762,0.14881346374750137,0.013531200587749481,0.4147944916039705,0.02279881644062698,0.0001,0.5743195168673992
3565,0.5789645090699196,0.14888187125325203,0.013520903885364532,0.4165617413818836,0.023878689273260534,0.0001,0.575018871575594
3566,0.5756387561559677,0.1489096600562334,0.013528570532798767,0.4132005199790001,0.02422632265370339,0.0001,0.5750410847365857
3567,0.5766866095364094,0.1488670352846384,0.013520315289497375,0.4142992626875639,0.025751344626769423,0.0001,0.574936031550169
3568,0.5789017416536808,0.1488427584990859,0.013517163693904877,0.4165418241173029,0.02491121704224497,0.0001,0.575416999310255
3569,0.5743554383516312,0.14880706369876862,0.013532035052776337,0.4120163396000862,0.02470284723676741,0.0001,0.575540766119957
3570,0.5752294920384884,0.14897114224731922,0.013534441590309143,0.4127239100635052,0.024260593461804092,0.0001,0.5758626159280539
3571,0.5818083733320236,0.14874965511262417,0.01352432370185852,0.41953439451754093,0.02493856439832598,0.0001,0.5766561653465032
3572,0.5763340890407562,0.1489380532875657,0.013535574078559875,0.41386046074330807,0.022535992553457618,0.0001,0.5769173592329025
3573,0.5791926234960556,0.1487881550565362,0.01353900134563446,0.4168654680252075,0.0222825373057276,0.0001,0.5774250786751509
3574,0.5736847706139088,0.14892434421926737,0.013524733483791351,0.4112356919795275,0.02563907695002854,0.0001,0.5770796403288841
3575,0.5729169063270092,0.14898749254643917,0.013530902564525604,0.4103985130786896,0.025888871401548386,0.0001,0.5764748800545931
3576,0.576564334332943,0.14878314081579447,0.01352103054523468,0.4142601676285267,0.02517956984229386,0.0001,0.5765674378722906
3577,0.5734939463436604,0.14883034210652113,0.013524986803531647,0.41113861463963985,0.023767900303937495,0.0001,0.5762481715530157
3578,0.5772063508629799,0.14882118720561266,0.013517461717128754,0.4148676972836256,0.02371294260956347,0.0001,0.5760786324739456
3579,0.5709066055715084,0.14895741641521454,0.013543970882892609,0.4084052238613367,0.025521056726574898,0.0001,0.5757337491959333
3580,0.5740474760532379,0.148786467500031,0.013526171445846558,0.41173483058810234,0.02390077244490385,0.0001,0.5756155475974083
3581,0.5740390494465828,0.1487342258915305,0.013519398868083954,0.4117854293435812,0.024164468748494983,0.0001,0.5748386152088643
3582,0.5728974677622318,0.14873700216412544,0.013537093997001648,0.41062337160110474,0.024671842576935887,0.0001,0.5744949530810117
3583,0.5755053386092186,0.14861289877444506,0.01353907585144043,0.41335335932672024,0.02454366022720933,0.0001,0.5741262245923281
3584,0.5760397166013718,0.14882100652903318,0.013515867292881012,0.4137028381228447,0.024212613003328443,0.0001,0.5743617191910744
3585,0.5746726766228676,0.14881148654967546,0.013519354164600372,0.4123418442904949,0.023769948980771005,0.0001,0.5745372962206602
3586,0.5751127786934376,0.1488683521747589,0.013537198305130005,0.41270722821354866,0.023927697213366628,0.0001,0.5743921406567096
3587,0.5775708891451359,0.14876114297658205,0.013523191213607788,0.4152865596115589,0.025789625593461096,0.0001,0.5747998349368573
3588,0.5773667767643929,0.14880049135535955,0.013515420258045197,0.4150508679449558,0.02407355303876102,0.0001,0.5748158775269985
3589,0.5749809294939041,0.14888550341129303,0.013525120913982391,0.41257031075656414,0.024047595099546015,0.0001,0.5752233099192381
3590,0.5755803324282169,0.14876881334930658,0.013521820306777954,0.41328969970345497,0.023297480423934758,0.0001,0.575376595556736
3591,0.5691917203366756,0.1487309318035841,0.013537287712097168,0.406923508271575,0.024221375584602356,0.0001,0.5748918626457453
3592,0.5832207202911377,0.14892499800771475,0.013528957962989807,0.42076676338911057,0.02461726393084973,0.0001,0.5759241878986359
3593,0.5737116150557995,0.1489264452829957,0.013525381684303284,0.4112597852945328,0.024448316777125,0.0001,0.5757448155432939
3594,0.5738652125000954,0.14870177768170834,0.013524331152439117,0.41163910180330276,0.02383067726623267,0.0001,0.5755273651331663
3595,0.5768114924430847,0.14904652163386345,0.01352863758802414,0.4142363369464874,0.024216718622483313,0.0001,0.575741246715188
3596,0.577667199075222,0.14885167498141527,0.013516053557395935,0.41529947705566883,0.02440622658468783,0.0001,0.5759966887533665
3597,0.5750459544360638,0.14891117066144943,0.013506442308425903,0.4126283396035433,0.02334730653092265,0.0001,0.5757441952824592
3598,0.5779516324400902,0.1488600205630064,0.013535477221012115,0.4155561365187168,0.02526338631287217,0.0001,0.575802680850029
3599,0.5729528553783894,0.14895073790103197,0.01353491097688675,0.4104672186076641,0.023457645787857473,0.0001,0.5755998734384775
3600,0.5775257796049118,0.14884542766958475,0.01352924108505249,0.41515111178159714,0.024981683469377458,0.0001,0.575794418156147
3601,0.5751637890934944,0.1488199857994914,0.013530567288398743,0.4128132350742817,0.023269410128705204,0.0001,0.5763916250318288
3602,0.5804029330611229,0.148828093893826,0.013515941798686981,0.4180588945746422,0.02370232972316444,0.0001,0.5761098463088274
3603,0.577015794813633,0.14876377116888762,0.01351243257522583,0.4147395882755518,0.024124377756379545,0.0001,0.5764402642846107
3604,0.5763458870351315,0.14884830173105001,0.01351756602525711,0.41398001834750175,0.02465245861094445,0.0001,0.5766883317381144
3605,0.5759013034403324,0.14872086700052023,0.013526581227779388,0.41365385986864567,0.023879264714196324,0.0001,0.5765973128378391
3606,0.5769551657140255,0.14885202050209045,0.013523578643798828,0.4145795628428459,0.026153277838602662,0.0001,0.5765261095017195
3607,0.5760700069367886,0.14896036218851805,0.013529159128665924,0.41358048655092716,0.02311421011108905,0.0001,0.576628514751792
3608,0.5769876763224602,0.1487796138972044,0.013511858880519867,0.41469620913267136,0.02432027703616768,0.0001,0.576532119140029
3609,0.5749275758862495,0.14873944781720638,0.013525620102882385,0.4126625023782253,0.022634335444308817,0.0001,0.576729591190815
3610,0.5757034383714199,0.14876330271363258,0.013528674840927124,0.4134114570915699,0.02268632093910128,0.0001,0.5765473570674657
3611,0.5770152769982815,0.14881532546132803,0.0135108083486557,0.41468914970755577,0.023236108478158712,0.0001,0.5767325058579444
3612,0.5748836919665337,0.14889835938811302,0.0135374516248703,0.41244788095355034,0.023714679991826415,0.0001,0.5761805817484855
3613,0.5739629492163658,0.14873337745666504,0.013524442911148071,0.4117051288485527,0.022661372902803123,0.0001,0.5758752971887589
3614,0.5755731090903282,0.14871678035706282,0.013529159128665924,0.41332716681063175,0.02404193114489317,0.0001,0.5757980193942785
3615,0.5767258256673813,0.14863432757556438,0.013515226542949677,0.4145762734115124,0.022760657244361937,0.0001,0.5758804716169834
3616,0.5751049891114235,0.14889000356197357,0.013542242348194122,0.41267274878919125,0.02436979569029063,0.0001,0.5756954539567232
3617,0.5771737620234489,0.14880208484828472,0.01353311538696289,0.41483855806291103,0.022671061218716204,0.0001,0.5758058294653893
3618,0.5768019445240498,0.14871901366859674,0.013518385589122772,0.4145645461976528,0.02423215808812529,0.0001,0.5757872562855482
3619,0.5735281631350517,0.14871031418442726,0.013534575700759888,0.41128326766192913,0.024327718187123537,0.0001,0.5756473150104284
3620,0.5720269568264484,0.14885061141103506,0.01351434737443924,0.4096619915217161,0.024341722368262708,0.0001,0.5752796668559312
3621,0.5758991427719593,0.1487507726997137,0.013521254062652588,0.413627116009593,0.024746732786297798,0.0001,0.575168053433299
3622,0.574770200997591,0.14874042477458715,0.013530716300010681,0.41249906085431576,0.023522024042904377,0.0001,0.5751567043364048
3623,0.5759179592132568,0.14868857618421316,0.01352856308221817,0.41370082274079323,0.02324596478138119,0.0001,0.5753522053360939
3624,0.5772648230195045,0.14873369969427586,0.013529077172279358,0.41500204615294933,0.02355146943591535,0.0001,0.5755213767290115
3625,0.5774638056755066,0.148802419193089,0.013514295220375061,0.4151470847427845,0.025038979132659733,0.0001,0.575595174729824
3626,0.5743550956249237,0.1487487107515335,0.01351611316204071,0.4120902679860592,0.024025438586249948,0.0001,0.5755201853811741
3627,0.5752094686031342,0.14871162921190262,0.01352207362651825,0.4129757657647133,0.025925704860128462,0.0001,0.5753237560391427
3628,0.5766032598912716,0.148672167211771,0.013545617461204529,0.4143854808062315,0.023056368227116764,0.0001,0.5753038875758648
3629,0.5732304602861404,0.14867761824280024,0.01352507621049881,0.4110277593135834,0.023545692092739046,0.0001,0.5752741172909737
3630,0.5763059332966805,0.14866422768682241,0.01353299617767334,0.4141087085008621,0.023048832546919584,0.0001,0.5757020149379969
3631,0.5720053464174271,0.14867340959608555,0.013503924012184143,0.4098280146718025,0.02216981432866305,0.0001,0.5753126353025436
3632,0.5735485441982746,0.1485796021297574,0.013542510569095612,0.4114264342933893,0.021303524961695075,0.0001,0.575190469622612
3633,0.575324285775423,0.14875158201903105,0.01352526992559433,0.4130474403500557,0.02375394303817302,0.0001,0.5751311022788286
3634,0.5798240266740322,0.14858820661902428,0.013507582247257233,0.4177282378077507,0.02452777640428394,0.0001,0.5753870226442814
3635,0.5739163979887962,0.14874949492514133,0.013518519699573517,0.4116483870893717,0.024546863045543432,0.0001,0.5750322818756104
3636,0.5761985890567303,0.14881615992635489,0.013520225882530212,0.4138622060418129,0.02323352626990527,0.0001,0.575216631218791
3637,0.5733884423971176,0.14874256774783134,0.013516709208488464,0.4111291617155075,0.023811581428162754,0.0001,0.5750345285981894
3638,0.5756925046443939,0.14874881505966187,0.013533271849155426,0.41341041028499603,0.029502897057682276,0.0001,0.5749434530735016
3639,0.5726634860038757,0.14887093380093575,0.013536043465137482,0.4102565087378025,0.02465705922804773,0.0001,0.5748867556452751
3640,0.5730784460902214,0.1487844791263342,0.013541676104068756,0.41075230203568935,0.02348778210580349,0.0001,0.5745640069246292
3641,0.5752389878034592,0.148847839795053,0.01351851224899292,0.4128726404160261,0.02469534648116678,0.0001,0.5748873710632324
3642,0.5807982012629509,0.1487629385665059,0.013517431914806366,0.41851782239973545,0.023139437311328948,0.0001,0.5756123367697
3643,0.5737320929765701,0.14881191682070494,0.01352718472480774,0.4113929942250252,0.02433090773411095,0.0001,0.5754531174898148
3644,0.5767303965985775,0.14872083254158497,0.013531200587749481,0.4144783690571785,0.025411373819224536,0.0001,0.5751437544822693
3645,0.5765425935387611,0.14869924075901508,0.013522446155548096,0.4143209047615528,0.022940782131627202,0.0001,0.5754063740372658
3646,0.5726746805012226,0.1487950561568141,0.013538770377635956,0.41034085303545,0.023953696712851524,0.0001,0.575053983181715
3647,0.5779110454022884,0.14891246613115072,0.013521708548069,0.41547686979174614,0.024479020852595568,0.0001,0.5755062434822321
3648,0.5741722583770752,0.14874923136085272,0.013518743216991425,0.4119042828679085,0.02349847531877458,0.0001,0.5753542188555002
3649,0.5787399299442768,0.14877002779394388,0.013524942100048065,0.4164449591189623,0.026938948431052268,0.0001,0.5759618632495404
3650,0.5717995911836624,0.14879745710641146,0.013520479202270508,0.40948166139423847,0.024160021566785872,0.0001,0.5758339777588845
3651,0.5819324851036072,0.14882828760892153,0.013517521321773529,0.4195866771042347,0.022638518712483346,0.0001,0.5765033274888992
3652,0.5754944421350956,0.14857411850243807,0.013530217111110687,0.41339010559022427,0.023826568853110075,0.0001,0.5759729515761137
3653,0.5760941356420517,0.1486589265987277,0.013533458113670349,0.41390175372362137,0.024872457142919302,0.0001,0.5762091558426619
3654,0.571320578455925,0.14855573698878288,0.013518162071704865,0.40924667194485664,0.023098474368453026,0.0001,0.5756681740283967
3655,0.5786931030452251,0.14868075028061867,0.0135420560836792,0.41647029109299183,0.02456325851380825,0.0001,0.575883224979043
3656,0.5732088647782803,0.14876049384474754,0.013522505760192871,0.4109258707612753,0.024733779137022793,0.0001,0.5759366434067488
3657,0.5740166790783405,0.14859381318092346,0.013525977730751038,0.41189689561724663,0.023053403245285153,0.0001,0.575547206774354
3658,0.5756116956472397,0.14872380252927542,0.013522051274776459,0.4133658427745104,0.022886000107973814,0.0001,0.5756911505013704
3659,0.5764309912919998,0.14846305456012487,0.013523340225219727,0.41444460302591324,0.02479128516279161,0.0001,0.5754602566361428
3660,0.5734405219554901,0.1487955106422305,0.013530738651752472,0.41111427731812,0.0234500301303342,0.0001,0.5756243497133255
3661,0.5744958110153675,0.14875532407313585,0.01351882517337799,0.4122216682881117,0.02381181309465319,0.0001,0.5748806823045015
3662,0.5777740105986595,0.1489464845508337,0.013520002365112305,0.41530752927064896,0.025418282952159643,0.0001,0.575108639150858
3663,0.5725088939070702,0.14871289674192667,0.013532564043998718,0.4102634321898222,0.02395708067342639,0.0001,0.5747501149773597
3664,0.5744975917041302,0.1488132467493415,0.013532593846321106,0.4121517464518547,0.02497864526230842,0.0001,0.5750678163021803
3665,0.5749454163014889,0.14863009843975306,0.013515777885913849,0.4127995427697897,0.02306109480559826,0.0001,0.5746930476278067
3666,0.5715345181524754,0.14871656894683838,0.013531766831874847,0.40928618237376213,0.024289492517709732,0.0001,0.5745256129652262
3667,0.5807426571846008,0.14863447286188602,0.013518601655960083,0.4185895770788193,0.022923105629161,0.0001,0.5751982107758522
3668,0.5757754929363728,0.1486896015703678,0.013516351580619812,0.41356953606009483,0.024244575179181993,0.0001,0.5752145905047655
3669,0.5774629339575768,0.14871016703546047,0.01352635771036148,0.41522641107439995,0.02295173949096352,0.0001,0.5753177847713232
3670,0.5752697363495827,0.14852443058043718,0.01351611316204071,0.4132291916757822,0.024140658788383007,0.0001,0.5755007062107325
3671,0.5761028118431568,0.1485536638647318,0.013503223657608032,0.4140459205955267,0.025009455741383135,0.0001,0.5756614062935114
3672,0.5771738588809967,0.1485290303826332,0.013503752648830414,0.41514107771217823,0.024715577019378543,0.0001,0.5756013911217451
3673,0.5753211975097656,0.14864155184477568,0.013521209359169006,0.4131584409624338,0.024992494727484882,0.0001,0.5758826214820146
3674,0.5748747363686562,0.14853389747440815,0.013514071702957153,0.41282677464187145,0.023219873546622694,0.0001,0.5759203359484673
3675,0.5702360980212688,0.14863079506903887,0.013509176671504974,0.4080961272120476,0.02451116149313748,0.0001,0.5754494041204452
3676,0.5745635442435741,0.14869364816695452,0.01351533830165863,0.412354551255703,0.024048652732744813,0.0001,0.5757523067295551
3677,0.5730748325586319,0.1485830945894122,0.013495169579982758,0.4109965693205595,0.023292699712328613,0.0001,0.5749855242669583
3678,0.575437605381012,0.1487804390490055,0.013525709509849548,0.4131314568221569,0.025776698486879468,0.0001,0.5749517355114222
3679,0.5753690339624882,0.14858895912766457,0.01353137195110321,0.41324870847165585,0.023420660058036447,0.0001,0.5747423455119133
3680,0.5754165574908257,0.14859391748905182,0.013527370989322662,0.4132952578365803,0.026088534155860543,0.0001,0.5747570276260376
3681,0.5712102055549622,0.14877517614513636,0.013518616557121277,0.4089164137840271,0.024639404378831387,0.0001,0.5742677669972182
3682,0.5773336477577686,0.1486125998198986,0.013530001044273376,0.41519105061888695,0.02326479519251734,0.0001,0.5742837458848953
3683,0.5748771987855434,0.14855093974620104,0.013518907129764557,0.4128073565661907,0.025158089003525674,0.0001,0.5742393460124731
3684,0.5799487344920635,0.14863652735948563,0.013507835566997528,0.41780437156558037,0.02572449843864888,0.0001,0.5747467458248139
3685,0.5768450163304806,0.14847629889845848,0.013508260250091553,0.4148604590445757,0.02440528548322618,0.0001,0.575407637655735
3686,0.5774609744548798,0.14868865348398685,0.013516843318939209,0.415255481377244,0.024583859951235354,0.0001,0.5756973806768656
3687,0.5742749534547329,0.14848179277032614,0.013504229485988617,0.41228893399238586,0.024792231619358063,0.0001,0.5758173927664757
3688,0.5730029605329037,0.14861066453158855,0.01353330910205841,0.41085898503661156,0.023101444472558796,0.0001,0.5755739282816649
3689,0.5739110931754112,0.1484919646754861,0.013527698814868927,0.41189143620431423,0.02572414989117533,0.0001,0.5754281342029571
3690,0.5781449042260647,0.14867711253464222,0.013524726033210754,0.41594306752085686,0.023588360170833766,0.0001,0.575700968876481
3691,0.5740023925900459,0.14862590096890926,0.01351717859506607,0.4118593130260706,0.02580143348313868,0.0001,0.5759801875799895
3692,0.5748425126075745,0.14864733070135117,0.013529635965824127,0.41266554221510887,0.024522819090634584,0.0001,0.57573107406497
3693,0.5743048340082169,0.14872135035693645,0.0135202556848526,0.4120632354170084,0.024227070505730808,0.0001,0.5756738375872373
3694,0.5761086195707321,0.1486045867204666,0.013506993651390076,0.4139970373362303,0.026235828758217394,0.0001,0.5752898260951043
3695,0.576741848140955,0.14868398569524288,0.013528093695640564,0.414529774338007,0.02389638649765402,0.0001,0.5752795092761517
3696,0.5743525512516499,0.14856237079948187,0.013529859483242035,0.4122603293508291,0.02553736651316285,0.0001,0.5749686669558287
3697,0.5761030577123165,0.1486944630742073,0.01351550966501236,0.41389308497309685,0.025296987732872367,0.0001,0.575151477381587
3698,0.5757820978760719,0.14864562172442675,0.013515882194042206,0.41362059488892555,0.0240973939653486,0.0001,0.5754293911159039
3699,0.571433749049902,0.14840986859053373,0.013521470129489899,0.4095024149864912,0.023688177694566548,0.0001,0.575181656703353
3700,0.5735813714563847,0.14866172336041927,0.013515196740627289,0.4114044439047575,0.023278016946278512,0.0001,0.574725303426385
3701,0.5753693766891956,0.14877081289887428,0.013515010476112366,0.41308355517685413,0.024601615383289754,0.0001,0.5748620018362999
3702,0.5756692551076412,0.14862689934670925,0.013531200587749481,0.4135111588984728,0.02323773968964815,0.0001,0.5749446760863066
3703,0.5784550979733467,0.14873246848583221,0.013508513569831848,0.4162141177803278,0.023747193394228816,0.0001,0.5753597024828195
3704,0.5705802030861378,0.14863484352827072,0.013518072664737701,0.4084272813051939,0.02556047006510198,0.0001,0.5748068608343602
3705,0.5718982890248299,0.1485772142186761,0.013523116707801819,0.40979796461761,0.02372359239961952,0.0001,0.5743225049227476
3706,0.5737320482730865,0.14826140459626913,0.013507172465324402,0.41196347400546074,0.0232142599998042,0.0001,0.5742604546248913
3707,0.573821485042572,0.14831865299493074,0.013516433537006378,0.41198640316724777,0.022661931230686605,0.0001,0.5740322973579168
3708,0.5784995518624783,0.14863274712115526,0.013500921428203583,0.41636587493121624,0.023567497730255127,0.0001,0.5743040427565574
3709,0.5766555815935135,0.14872929360717535,0.013508707284927368,0.4144175797700882,0.024715201347135007,0.0001,0.5748262260109186
3710,0.5712621584534645,0.14848140627145767,0.013518594205379486,0.4092621561139822,0.024222942884080112,0.0001,0.5745943047106266
3711,0.5767001807689667,0.1484491564333439,0.013524577021598816,0.4147264529019594,0.02412386890500784,0.0001,0.5747273851186037
3712,0.570614367723465,0.1484520947560668,0.013523049652576447,0.4086392242461443,0.02485888497903943,0.0001,0.5742218963801861
3713,0.5759382843971252,0.14870355278253555,0.013516902923583984,0.41371782682836056,0.025221845018677413,0.0001,0.573970215022564
3714,0.5792070850729942,0.14854266960173845,0.013508737087249756,0.4171556793153286,0.023102120263502002,0.0001,0.5748329032212496
3715,0.5714996419847012,0.1484904484823346,0.013510845601558685,0.409498343244195,0.025005584815517068,0.0001,0.5747930385172367
3716,0.5759582109749317,0.1484445547685027,0.013517037034034729,0.41399661637842655,0.024252602946944535,0.0001,0.5750156547874212
3717,0.5757206939160824,0.14846215769648552,0.013527922332286835,0.4137306213378906,0.0246031564893201,0.0001,0.5752055756747723
3718,0.5787589773535728,0.14867278281599283,0.013521842658519745,0.41656434908509254,0.024948525242507458,0.0001,0.5752315182238817
3719,0.5744026042521,0.14848245028406382,0.013513065874576569,0.4124070890247822,0.023866359028033912,0.0001,0.5750062204897404
3720,0.572344746440649,0.14847010094672441,0.013527907431125641,0.4103467371314764,0.024278595112264156,0.0001,0.5751144792884588
3721,0.5753656700253487,0.14834586810320616,0.01352393627166748,0.41349586844444275,0.023530627600848675,0.0001,0.574981028214097
3722,0.5737318769097328,0.14858438074588776,0.013524413108825684,0.41162307746708393,0.02310955396387726,0.0001,0.5752927791327238
3723,0.5750556699931622,0.14857130404561758,0.013517729938030243,0.41296663507819176,0.024957652669399977,0.0001,0.5752045176923275
3724,0.576921246945858,0.14857628289610147,0.013524115085601807,0.41482084430754185,0.025866663199849427,0.0001,0.5749759338796139
3725,0.5755126290023327,0.14849695283919573,0.013531625270843506,0.4134840592741966,0.023830018006265163,0.0001,0.5753772325813771
3726,0.5740214809775352,0.1484492588788271,0.013520397245883942,0.4120518323034048,0.025422087172046304,0.0001,0.5751835595816374
3727,0.5784335248172283,0.14866570383310318,0.013506077229976654,0.41626174561679363,0.02547438081819564,0.0001,0.575454842671752
3728,0.5732959844172001,0.14847788028419018,0.01351795345544815,0.4113001488149166,0.023965821019373834,0.0001,0.5749085433781147
3729,0.5720026940107346,0.14854726288467646,0.013513758778572083,0.409941665828228,0.02379374287556857,0.0001,0.5746685523539782
3730,0.5736061632633209,0.1485656751319766,0.01351090520620346,0.4115295819938183,0.023948947666212916,0.0001,0.5747946940362454
3731,0.574721060693264,0.14850524719804525,0.013514116406440735,0.41270169988274574,0.023044567671604455,0.0001,0.5747302331030368
3732,0.5739873200654984,0.14848349150270224,0.013514265418052673,0.41198956966400146,0.02420799562241882,0.0001,0.5747557774186134
3733,0.5755941495299339,0.14875840302556753,0.013516388833522797,0.413319356739521,0.024696115870028734,0.0001,0.5748096253722906
3734,0.5739518962800503,0.14856490679085255,0.013520203530788422,0.41186678782105446,0.02543404058087617,0.0001,0.5745126903057098
3735,0.5760547742247581,0.14846625458449125,0.01351407915353775,0.4140744414180517,0.023839840316213667,0.0001,0.5745669048279524
3736,0.5763172768056393,0.14845329150557518,0.013512998819351196,0.41435098834335804,0.023652950068935752,0.0001,0.5747964844107628
3737,0.5811439678072929,0.1484461911022663,0.013526707887649536,0.4191710688173771,0.02308881771750748,0.0001,0.5750675287097693
3738,0.5745470449328423,0.1484904484823346,0.013522878289222717,0.4125337153673172,0.023942883824929595,0.0001,0.5751926347613334
3739,0.5763418041169643,0.1484423168003559,0.013509884476661682,0.4143896047025919,0.02552501007448882,0.0001,0.5756265457719565
3740,0.5791599228978157,0.14842882473021746,0.013510361313819885,0.4172207359224558,0.022663119132630527,0.0001,0.5761819217354059
3741,0.5788954608142376,0.14839576371014118,0.013529479503631592,0.4169702138751745,0.023679143632762134,0.0001,0.5765993617475033
3742,0.5734233818948269,0.14855612814426422,0.013513565063476562,0.4113536812365055,0.02315404382534325,0.0001,0.5765429679304361
3743,0.5800789296627045,0.14843821246176958,0.013513214886188507,0.41812750324606895,0.02659457572735846,0.0001,0.5769914459437132
3744,0.5770088285207748,0.14847947843372822,0.013510577380657196,0.4150187727063894,0.023725743289105594,0.0001,0.5772971391677857
3745,0.5760671757161617,0.14865646697580814,0.013513952493667603,0.4138967674225569,0.024094371823593974,0.0001,0.577298379316926
3746,0.5763322897255421,0.14853182900696993,0.013506583869457245,0.4142938759177923,0.02247890643775463,0.0001,0.5772998806089162
3747,0.5752748139202595,0.14857423305511475,0.013521283864974976,0.41317929700016975,0.024011157918721437,0.0001,0.576712965220213
3748,0.5739278309047222,0.14862020034343004,0.01351764053106308,0.41178999468684196,0.024023327976465225,0.0001,0.576651043817401
3749,0.576356079429388,0.14853502996265888,0.013512998819351196,0.4143080487847328,0.025296934065409005,0.0001,0.5766524713486433
3750,0.5786996521055698,0.14843362849205732,0.013515479862689972,0.4167505521327257,0.02353302901610732,0.0001,0.5766064442694188
3751,0.5776654370129108,0.14858263451606035,0.013504602015018463,0.41557819955050945,0.024765008594840765,0.0001,0.576483441889286
3752,0.5769953206181526,0.14858397003263235,0.013529956340789795,0.4148813858628273,0.024807602865621448,0.0001,0.5768406357616186
3753,0.5750746428966522,0.14857009705156088,0.013533063232898712,0.41297148540616035,0.024808199843391776,0.0001,0.5763402070850134
3754,0.5753174051642418,0.1483916761353612,0.013520501554012299,0.4134052246809006,0.026312606874853373,0.0001,0.5761710647493601
3755,0.575520358979702,0.14836670458316803,0.013512901961803436,0.41364074870944023,0.024234710028395057,0.0001,0.5761163830757141
3756,0.573961652815342,0.1484730439260602,0.013521641492843628,0.4119669683277607,0.026337221381254494,0.0001,0.575879319384694
3757,0.5738322995603085,0.1484254626557231,0.01352684199810028,0.41187999583780766,0.023266556905582547,0.0001,0.575735067948699
3758,0.5728542618453503,0.14853812288492918,0.013498693704605103,0.4108174405992031,0.023010072181932628,0.0001,0.5756277110427618
3759,0.574902631342411,0.14834050741046667,0.013517573475837708,0.41304455511271954,0.023797638015821576,0.0001,0.5754823662340641
3760,0.5723852962255478,0.14817903470247984,0.013518944382667542,0.4106873217970133,0.023769004503265023,0.0001,0.5748509306460619
3761,0.5736498162150383,0.14854838233441114,0.013524085283279419,0.41157735139131546,0.026322669931687415,0.0001,0.5744493685662746
3762,0.579083014279604,0.1484727943316102,0.013512492179870605,0.41709773801267147,0.023370498325675726,0.0001,0.5746581379324198
3763,0.5751401819288731,0.1483383560553193,0.01351948082447052,0.41328234784305096,0.02577708486933261,0.0001,0.5746646918356418
3764,0.5758994147181511,0.14858402870595455,0.013520948588848114,0.4137944374233484,0.02342317090369761,0.0001,0.5747228927910328
3765,0.5754255838692188,0.14854166842997074,0.013505980372428894,0.41337793320417404,0.026569892186671495,0.0001,0.5747134152799844
3766,0.5802376419305801,0.14850623346865177,0.01352597028017044,0.4182054419070482,0.024044442921876907,0.0001,0.5753410141915083
3767,0.5751335434615612,0.1482985271140933,0.013518750667572021,0.41331626661121845,0.024285975261591375,0.0001,0.5754711385816336
3768,0.5694031529128551,0.14850623812526464,0.013529658317565918,0.40736725367605686,0.02514015429187566,0.0001,0.5751260276883841
3769,0.573307815939188,0.1486004889011383,0.013509556651115417,0.41119777597486973,0.024783903150819242,0.0001,0.5749665461480618
3770,0.5778624266386032,0.148468479514122,0.01351744681596756,0.41587649658322334,0.02544729085639119,0.0001,0.5755142591893673
3771,0.5769539885222912,0.14854735881090164,0.013518109917640686,0.4148885104805231,0.026612176559865475,0.0001,0.5758446764200926
3772,0.576435811817646,0.14852067548781633,0.013509675860404968,0.414405457675457,0.023000743705779314,0.0001,0.5755799561738968
3773,0.5749306157231331,0.14849601779133081,0.013514414429664612,0.41292018443346024,0.024315661867149174,0.0001,0.5755589995533228
3774,0.578363910317421,0.14840264525264502,0.013507336378097534,0.4164539258927107,0.025159894255921245,0.0001,0.5758054491132498
3775,0.5743182823061943,0.148425598628819,0.013517886400222778,0.41237479262053967,0.024774818448349833,0.0001,0.5756947189569473
3776,0.5748209916055202,0.148686402477324,0.013511709868907928,0.4126228801906109,0.025314145372249186,0.0001,0.5751530539244414
3777,0.572960939258337,0.14843447599560022,0.013518378138542175,0.4110080860555172,0.023689160007052124,0.0001,0.5749357935041189
3778,0.5751142464578152,0.14860294945538044,0.013511665165424347,0.41299963369965553,0.02347359259147197,0.0001,0.5755069028586149
3779,0.5707408599555492,0.14842031709849834,0.013529479503631592,0.4087910633534193,0.024033311754465103,0.0001,0.575250207260251
3780,0.5752016641199589,0.14860340487211943,0.01351340115070343,0.41308486089110374,0.022999433800578117,0.0001,0.5749841310083866
3781,0.5798067897558212,0.14868044760078192,0.013515874743461609,0.4176104702055454,0.029469075496308506,0.0001,0.5752694111317396
3782,0.5735702998936176,0.14844842813909054,0.013515777885913849,0.4116060994565487,0.025111024850048125,0.0001,0.5749828599393367
3783,0.5747027695178986,0.1486342642456293,0.01352422684431076,0.41254427284002304,0.025551438913680613,0.0001,0.5749600753188133
3784,0.5765663310885429,0.14836652763187885,0.013519778847694397,0.41468002647161484,0.024459562613628805,0.0001,0.5747803173959255
3785,0.57603819668293,0.14839764591306448,0.013520099222660065,0.4141204562038183,0.02327814046293497,0.0001,0.574952308833599
3786,0.5796206891536713,0.1483056414872408,0.013520032167434692,0.41779500991106033,0.022993672639131546,0.0001,0.5754322785884142
3787,0.5738542750477791,0.14840328507125378,0.013509787619113922,0.4119412060827017,0.024265842395834625,0.0001,0.5755216121673584
3788,0.5738741010427475,0.14829108491539955,0.013510338962078094,0.4120726827532053,0.02324991417117417,0.0001,0.5753975976258516
3789,0.5733956731855869,0.14836882054805756,0.013508833944797516,0.411518020555377,0.023034542449750006,0.0001,0.5756630789488554
3790,0.5723065100610256,0.14837746135890484,0.013527527451515198,0.41040151938796043,0.023382756276987493,0.0001,0.5753735635429621
3791,0.5742513723671436,0.1485136728733778,0.013512492179870605,0.41222519613802433,0.024668906000442803,0.0001,0.5748180218040944
3792,0.5747040696442127,0.14840825460851192,0.013519547879695892,0.4127762746065855,0.022817724151536822,0.0001,0.5749313987791538
3793,0.5742656998336315,0.1481757527217269,0.013507962226867676,0.4125819895416498,0.0227988981641829,0.0001,0.5748876918107271
3794,0.5752346850931644,0.14834258053451777,0.013522990047931671,0.41336910985410213,0.02382735419087112,0.0001,0.5747545272111892
3795,0.5736781321465969,0.1485666213557124,0.013513371348381042,0.41159813292324543,0.02462792838923633,0.0001,0.5745185207575559
3796,0.5746830813586712,0.1484479671344161,0.013516083359718323,0.4127190299332142,0.024892119225114584,0.0001,0.5740247599780559
3797,0.5775484293699265,0.14842088520526886,0.013519003987312317,0.4156085439026356,0.025294856866821647,0.0001,0.5743941754102707
3798,0.5758255012333393,0.14856509771198034,0.013511784374713898,0.4137486182153225,0.02307413937523961,0.0001,0.5745893154293299
3799,0.5763303674757481,0.1484741447493434,0.013508230447769165,0.41434798762202263,0.026011312496848404,0.0001,0.574882784858346
3800,0.5719435103237629,0.14844697900116444,0.013520114123821259,0.40997641906142235,0.02473418810404837,0.0001,0.5748464848846198
3801,0.5746536739170551,0.14842861145734787,0.013512089848518372,0.4127129837870598,0.027322061825543642,0.0001,0.5748867150396109
3802,0.5786679461598396,0.14847720880061388,0.013501331210136414,0.4166894033551216,0.02411296300124377,0.0001,0.5752831026911736
3803,0.5739009939134121,0.14847691077739,0.01351921260356903,0.41190486773848534,0.024020713986828923,0.0001,0.5752466320991516
3804,0.5747820697724819,0.14843135979026556,0.013503655791282654,0.41284705325961113,0.023159448173828423,0.0001,0.5752013705670833
3805,0.5763010196387768,0.14839231222867966,0.013523384928703308,0.4143853299319744,0.02322930784430355,0.0001,0.5754636593163014
3806,0.5780611969530582,0.14840273559093475,0.0135011225938797,0.4161573387682438,0.024079092196188867,0.0001,0.5758014708757401
3807,0.5749071277678013,0.1482976246625185,0.013505466282367706,0.41310403496026993,0.02419926959555596,0.0001,0.5755373407155275
3808,0.5798280127346516,0.14831034280359745,0.013527266681194305,0.41799040511250496,0.023997619515284896,0.0001,0.5759375918656587
3809,0.576200969517231,0.14831190835684538,0.013510867953300476,0.4143782015889883,0.024437053711153567,0.0001,0.575924652069807
3810,0.572006668895483,0.14850735384970903,0.013496167957782745,0.41000314988195896,0.022623080178163946,0.0001,0.5759309679269791
3811,0.5745545327663422,0.1484737154096365,0.013519547879695892,0.4125612750649452,0.02418429555837065,0.0001,0.5759210538119077
3812,0.5699452459812164,0.14822463411837816,0.013504594564437866,0.408216018229723,0.024438987486064434,0.0001,0.5750487837940454
3813,0.5810219645500183,0.14836033806204796,0.013515077531337738,0.41914654709398746,0.023361976724117994,0.0001,0.575760880857706
3814,0.5712440758943558,0.14843174256384373,0.01350555568933487,0.4093067776411772,0.023556945379823446,0.0001,0.5754070814698935
3815,0.5737499557435513,0.1483078682795167,0.013505980372428894,0.4119361136108637,0.024048648541793227,0.0001,0.5751519750803709
3816,0.5741583481431007,0.14846566133201122,0.013517357409000397,0.41217533499002457,0.023073876625858247,0.0001,0.5747616901993752
3817,0.5736358240246773,0.14826244115829468,0.013512931764125824,0.4118604511022568,0.02374985523056239,0.0001,0.5746345598250627
3818,0.5762094967067242,0.14845355041325092,0.013512372970581055,0.4142435695976019,0.02451215242035687,0.0001,0.5742727082222701
3819,0.5783732831478119,0.14841207582503557,0.013504214584827423,0.41645698994398117,0.02627661661244929,0.0001,0.5744899395853281
3820,0.5750592947006226,0.14835060760378838,0.013505890965461731,0.4132027979940176,0.025989382294937968,0.0001,0.574795202165842
3821,0.5757660008966923,0.14839146006852388,0.013513833284378052,0.4138607084751129,0.025442730518989265,0.0001,0.5749163489788771
3822,0.5759560987353325,0.14832608867436647,0.01352217048406601,0.41410783864557743,0.024284532526507974,0.0001,0.5755174342542887
3823,0.5762399099767208,0.14843829441815615,0.013498447835445404,0.41430317610502243,0.022226480534300208,0.0001,0.5750392287969589
3824,0.5728447884321213,0.14839151874184608,0.01350414752960205,0.41094912588596344,0.02331598463933915,0.0001,0.5751993000507355
3825,0.5726720318198204,0.14837866462767124,0.013513870537281036,0.4107794929295778,0.023943776730448008,0.0001,0.5750915076583624
3826,0.5721056833863258,0.14822407439351082,0.013524264097213745,0.4103573467582464,0.025545787764713168,0.0001,0.5748862411826849
3827,0.5742251388728619,0.14840288273990154,0.01350877434015274,0.41231348365545273,0.023224010365083814,0.0001,0.5749451726675033
3828,0.5779525302350521,0.14827156532555819,0.01350584626197815,0.41617512330412865,0.024642267264425755,0.0001,0.5751194760203362
3829,0.5729823596775532,0.14838788751512766,0.013508804142475128,0.41108566150069237,0.025935569661669433,0.0001,0.5745803836733103
3830,0.5768767893314362,0.148371709510684,0.013515278697013855,0.4149898011237383,0.024887447827495635,0.0001,0.5747621331363917
3831,0.577844824641943,0.14827362820506096,0.013512030243873596,0.41605916805565357,0.033557001617737114,0.0001,0.5749700155109168
3832,0.5757810585200787,0.14853857457637787,0.013511285185813904,0.41373120062053204,0.023982162936590612,0.0001,0.5749525114893913
3833,0.5723554641008377,0.14828409254550934,0.013511814177036285,0.41055955551564693,0.024727899697609246,0.0001,0.5745640669018031
3834,0.5700658895075321,0.14823346957564354,0.013516701757907867,0.40831572376191616,0.025421702186577022,0.0001,0.5742861770093441
3835,0.5739953406155109,0.14838137198239565,0.013514749705791473,0.41209921427071095,0.024937946815043688,0.0001,0.5744185078889131
3836,0.5743657946586609,0.14814617205411196,0.013503961265087128,0.41271566040813923,0.02561779017560184,0.0001,0.5746445190161467
3837,0.5706375353038311,0.14829418901354074,0.01351221650838852,0.40883112885057926,0.025573076331056654,0.0001,0.5742857586592436
3838,0.5777630172669888,0.14826222229748964,0.013525538146495819,0.41597525775432587,0.024517897167243063,0.0001,0.5742668073624373
3839,0.5733565948903561,0.14821235928684473,0.01350606232881546,0.4116381723433733,0.023597639752551913,0.0001,0.5743042308837175
3840,0.5758653096854687,0.14843585807830095,0.013497553765773773,0.4139318950474262,0.02416587481275201,0.0001,0.5742030829191208
3841,0.5717273242771626,0.14827330689877272,0.013509444892406464,0.4099445715546608,0.025031095487065613,0.0001,0.5735913328826427
3842,0.5738438181579113,0.1481953775510192,0.013500720262527466,0.4121477250009775,0.023750210646539927,0.0001,0.573397608846426
3843,0.5790760740637779,0.1483845915645361,0.01349666714668274,0.41719482094049454,0.02395179378800094,0.0001,0.57406966984272
3844,0.5738096721470356,0.1485618045553565,0.01351843774318695,0.4117294307798147,0.02782657975330949,0.0001,0.5744440481066704
3845,0.5738686844706535,0.14827060420066118,0.013510100543498993,0.4120879862457514,0.02502567262854427,0.0001,0.5744313824921846
3846,0.5717532075941563,0.14846923854202032,0.0135115385055542,0.40977242961525917,0.023809841135516763,0.0001,0.5741701237857342
3847,0.5733072347939014,0.14832814689725637,0.013502545654773712,0.41147655062377453,0.02439276804216206,0.0001,0.5744370937347412
3848,0.575303453952074,0.14821096789091825,0.013511613011360168,0.4135808665305376,0.023712049121968448,0.0001,0.5741911374032498
3849,0.5741443149745464,0.1481528701260686,0.013514257967472076,0.41247718408703804,0.02382817375473678,0.0001,0.5742699094116688
3850,0.5706511363387108,0.14814124628901482,0.01353263109922409,0.408977260813117,0.02385633485391736,0.0001,0.573748492076993
3851,0.5783308520913124,0.1483758231624961,0.013505928218364716,0.4164490979164839,0.022565309307537973,0.0001,0.5744088448584079
3852,0.5750394649803638,0.14848853927105665,0.013512708246707916,0.4130382128059864,0.02472365612629801,0.0001,0.5745284095406532
3853,0.5750546529889107,0.14827982895076275,0.013515599071979523,0.4132592249661684,0.02471150446217507,0.0001,0.5741262674331665
3854,0.57456474006176,0.1481447946280241,0.013511039316654205,0.41290890611708164,0.024782925727777183,0.0001,0.5742017742246389
3855,0.5772248543798923,0.14841106068342924,0.013516023755073547,0.41529776714742184,0.023079831153154373,0.0001,0.5745373912155628
3856,0.5733810290694237,0.14839900843799114,0.013506539165973663,0.41147547774016857,0.023707585060037673,0.0001,0.5747001733630895
3857,0.5753527693450451,0.14803764875978231,0.013519182801246643,0.4137959349900484,0.02373784699011594,0.0001,0.5749047268182039
3858,0.5746917463839054,0.14817187283188105,0.013521216809749603,0.4129986595362425,0.022954872460104525,0.0001,0.574843556061387
3859,0.5736980438232422,0.14837434608489275,0.013499028980731964,0.41182466968894005,0.024740037857554853,0.0001,0.5747989289462566
3860,0.5748155266046524,0.1482313647866249,0.013507656753063202,0.41307651065289974,0.025231740903109312,0.0001,0.5752153679728508
3861,0.573251985013485,0.14813956338912249,0.013521060347557068,0.41159135289490223,0.0245565390214324,0.0001,0.5747074812650681
3862,0.5772332362830639,0.14842130709439516,0.013506568968296051,0.4153053667396307,0.027406969107687473,0.0001,0.5749268583953381
3863,0.5736024007201195,0.14827598072588444,0.013515979051589966,0.4118104428052902,0.023474094225093722,0.0001,0.574781633168459
3864,0.5739040449261665,0.1482816245406866,0.013508155941963196,0.41211426444351673,0.0255061344942078,0.0001,0.5747155636548996
3865,0.5753919072449207,0.14817630406469107,0.013515956699848175,0.4136996492743492,0.0253764595836401,0.0001,0.5745322689414024
3866,0.57535320520401,0.14810854382812977,0.013524509966373444,0.41372015327215195,0.025651598698459566,0.0001,0.5747294865548611
3867,0.5725402981042862,0.14808027632534504,0.013509601354598999,0.4109504222869873,0.02391861006617546,0.0001,0.5744482394307852
3868,0.5753936655819416,0.14848449639976025,0.013498283922672272,0.4134108815342188,0.023519994574598968,0.0001,0.5745184313505888
3869,0.5727290250360966,0.14824708551168442,0.013502351939678192,0.4109795819967985,0.024606278748251498,0.0001,0.5744215294718742
3870,0.5752801112830639,0.14833777491003275,0.013516157865524292,0.41342618130147457,0.024615076603367925,0.0001,0.5744679879397154
3871,0.5774121917784214,0.1482220645993948,0.013510867953300476,0.415679257363081,0.023206456447951496,0.0001,0.574884008616209
3872,0.5754990689456463,0.14820597972720861,0.013514041900634766,0.4137790556997061,0.024407789576798677,0.0001,0.5747105918824673
3873,0.5767672136425972,0.1483726017177105,0.013508692383766174,0.41488591581583023,0.026665666489861906,0.0001,0.575027073174715
3874,0.5759707912802696,0.14834429882466793,0.013506270945072174,0.41412022709846497,0.02344454498961568,0.0001,0.5752337478101254
3875,0.5763858146965504,0.14831718988716602,0.013503819704055786,0.414564810693264,0.02457330492325127,0.0001,0.5753331385552883
3876,0.5779529809951782,0.14820255152881145,0.01350230723619461,0.4162481240928173,0.024352409993298352,0.0001,0.5755931161344051
3877,0.5748303048312664,0.1482005650177598,0.01348956674337387,0.41314016841351986,0.02610775060020387,0.0001,0.5758221168071032
3878,0.569800142198801,0.14827661588788033,0.0135134756565094,0.40801004879176617,0.026073429849930108,0.0001,0.5752627644687891
3879,0.5747168324887753,0.1483455477282405,0.01350400596857071,0.4128672815859318,0.024714550003409386,0.0001,0.575461545214057
3880,0.5731508880853653,0.14829998183995485,0.013494133949279785,0.4113567713648081,0.023539583664387465,0.0001,0.5752486228942871
3881,0.5709856301546097,0.14817715995013714,0.013517998158931732,0.40929047763347626,0.02443868259433657,0.0001,0.5746059667319059
3882,0.5759434960782528,0.14819996803998947,0.013507440686225891,0.4142360854893923,0.024111171485856175,0.0001,0.5746504094451665
3883,0.5770602524280548,0.14815212320536375,0.01351255178451538,0.41539558209478855,0.02333058975636959,0.0001,0.5746797133237124
3884,0.5763062983751297,0.14825419522821903,0.013526134192943573,0.4145259726792574,0.024240537779405713,0.0001,0.5747132640331983
3885,0.571126714348793,0.148302654735744,0.013493061065673828,0.4093309994786978,0.023975148098543286,0.0001,0.5741873539984226
3886,0.5731309317052364,0.14805014990270138,0.013511136174201965,0.4115696419030428,0.023949795635417104,0.0001,0.5737051490694285
3887,0.5745757631957531,0.14823840651661158,0.013513967394828796,0.41282339207828045,0.023769076098687947,0.0001,0.5736796949058771
3888,0.5758136957883835,0.14840281382203102,0.013500101864337921,0.4139107782393694,0.025077572092413902,0.0001,0.5742810502648353
3889,0.576078861951828,0.14818050060421228,0.013505205512046814,0.4143931530416012,0.023751711007207632,0.0001,0.5744172532111407
3890,0.5725911259651184,0.1483466261997819,0.01351119577884674,0.41073330491781235,0.025219406001269817,0.0001,0.574361276999116
3891,0.5763479210436344,0.14807054493576288,0.013521075248718262,0.414756303653121,0.023020770750008523,0.0001,0.5748975060880184
3892,0.5720471367239952,0.14827887155115604,0.013499155640602112,0.41026910953223705,0.023658827296458185,0.0001,0.5745078701525926
3893,0.5777122639119625,0.1483176127076149,0.013508588075637817,0.4158860631287098,0.024432997917756438,0.0001,0.5745730713009835
3894,0.5733501724898815,0.14848451036959887,0.013511322438716888,0.4113543424755335,0.02435644413344562,0.0001,0.5742774587124586
3895,0.5755036436021328,0.14818591624498367,0.013515584170818329,0.4138021357357502,0.02558849414344877,0.0001,0.5747151516377926
3896,0.5794154033064842,0.14813758712261915,0.013510249555110931,0.417767571285367,0.02409687463659793,0.0001,0.5753435987979174
3897,0.5775224976241589,0.148358971811831,0.013503581285476685,0.41565994173288345,0.025390731170773506,0.0001,0.5756382722407579
3898,0.5801414176821709,0.14832682721316814,0.013517491519451141,0.41829709336161613,0.023464400903321803,0.0001,0.5760710444301367
3899,0.5773418247699738,0.1482816208153963,0.013514965772628784,0.4155452437698841,0.025232425658032298,0.0001,0.5761973407119513
3900,0.573357593268156,0.14816380478441715,0.013504765927791595,0.41168901696801186,0.023287932272069156,0.0001,0.576273987442255
3901,0.5740782059729099,0.14814578462392092,0.013498671352863312,0.4124337434768677,0.024533357354812324,0.0001,0.5760470159351826
3902,0.5720706582069397,0.14832219388335943,0.013508148491382599,0.4102403186261654,0.02426791877951473,0.0001,0.5760493680834771
3903,0.574197567999363,0.14830834977328777,0.013523019850254059,0.41236620396375656,0.02431641926523298,0.0001,0.5756978984922171
3904,0.5744769461452961,0.14830875396728516,0.013518668711185455,0.41264952160418034,0.023949293652549386,0.0001,0.5758105758577585
3905,0.5764218866825104,0.1482440559193492,0.01350972056388855,0.4146681148558855,0.02411394997034222,0.0001,0.5759024001657963
3906,0.5723466724157333,0.1480974406003952,0.0135197713971138,0.4107294585555792,0.024088054313324392,0.0001,0.5751955270767212
3907,0.5688750222325325,0.1481078490614891,0.013511121273040771,0.40725606121122837,0.02424194070044905,0.0001,0.5743307795375585
3908,0.5756883956491947,0.1483216555789113,0.013508394360542297,0.41385834477841854,0.023847023025155067,0.0001,0.573885477334261
3909,0.5751735083758831,0.14818813558667898,0.01350867748260498,0.4134766962379217,0.024899376672692597,0.0001,0.5736686456948519
3910,0.5702620707452297,0.1481931209564209,0.013510167598724365,0.40855878219008446,0.024261856684461236,0.0001,0.5733590934425592
3911,0.571473028510809,0.14835920929908752,0.013515837490558624,0.40959797985851765,0.025134157156571746,0.0001,0.5730985756963491
3912,0.573038786649704,0.14820486027747393,0.013503260910511017,0.41133066080510616,0.025202541728504002,0.0001,0.5731953885406256
3913,0.5745584741234779,0.14816206693649292,0.013515830039978027,0.41288057528436184,0.024915279005654156,0.0001,0.5732314791530371
3914,0.5748184397816658,0.1483093434944749,0.01349746435880661,0.4130116291344166,0.023813228006474674,0.0001,0.5732656285166741
3915,0.5781540758907795,0.14826710149645805,0.013513326644897461,0.41637364588677883,0.02669434656854719,0.0001,0.573438847437501
3916,0.5762865990400314,0.1481811748817563,0.013522841036319733,0.41458259150385857,0.023225155076943338,0.0001,0.5738328400999307
3917,0.5732616074383259,0.14821119885891676,0.013510003685951233,0.41154040955007076,0.02391567500308156,0.0001,0.5742714986205101
3918,0.5714021176099777,0.1481515560299158,0.01351744681596756,0.40973311476409435,0.024831951828673482,0.0001,0.5738428708165884
3919,0.5782333500683308,0.14816403295844793,0.01350586861371994,0.4165634512901306,0.024627516511827707,0.0001,0.5741488549858331
3920,0.5734943971037865,0.14822579082101583,0.01351206749677658,0.4117565378546715,0.023852569982409477,0.0001,0.5744720876216889
3921,0.5713549964129925,0.14819764252752066,0.013529680669307709,0.40962767601013184,0.024141959147527814,0.0001,0.5744602844119072
3922,0.577121589332819,0.14812756795436144,0.013508141040802002,0.4154858719557524,0.024312217952683568,0.0001,0.5748685646802187
3923,0.5752743370831013,0.14827227499336004,0.013510137796401978,0.413491927087307,0.025757699040696025,0.0001,0.574940150976181
3924,0.5745253562927246,0.14829262252897024,0.013510659337043762,0.41272207349538803,0.025102144689299166,0.0001,0.5749108426272869
3925,0.5784440822899342,0.14826156478375196,0.013505451381206512,0.4166770726442337,0.027768817148171365,0.0001,0.5749398432672024
3926,0.5742135122418404,0.14816225320100784,0.013516627252101898,0.4125346355140209,0.02499574178364128,0.0001,0.5747325345873833
3927,0.5770368278026581,0.14834271743893623,0.013508811593055725,0.4151852987706661,0.02408817014656961,0.0001,0.5751100566238165
3928,0.5755646973848343,0.14810173772275448,0.013491757214069366,0.4139712080359459,0.024298601085320115,0.0001,0.5755263146013021
3929,0.5725833289325237,0.14822413492947817,0.013506196439266205,0.41085299849510193,0.023695021169260144,0.0001,0.5749613124877214
3930,0.5768385231494904,0.14818364288657904,0.01350218802690506,0.41515268944203854,0.024235002580098808,0.0001,0.5752957250922919
3931,0.5746246092021465,0.14830329827964306,0.01349690556526184,0.4128244034945965,0.02353821392171085,0.0001,0.5756226863712073
3932,0.5750430412590504,0.14820294920355082,0.013495489954948425,0.41334459744393826,0.025163162383250892,0.0001,0.5754148315638303
3933,0.5755387172102928,0.14805580582469702,0.013500355184078217,0.41398256085813046,0.02434439375065267,0.0001,0.5754412695765495
3934,0.575403843075037,0.14807275403290987,0.013502143323421478,0.41382893919944763,0.024133410188369453,0.0001,0.5755291182547808
3935,0.5705155171453953,0.14797794353216887,0.013517685234546661,0.4090198837220669,0.02436892467085272,0.0001,0.5747362617403269
3936,0.575699582695961,0.14821663964539766,0.01350962370634079,0.4139733165502548,0.026089277933351696,0.0001,0.574884868785739
3937,0.5741218775510788,0.14811262767761946,0.01350981742143631,0.4124994333833456,0.024228742346167564,0.0001,0.5745933737605811
3938,0.5728776752948761,0.14806076884269714,0.013507157564163208,0.41130974888801575,0.02417615067679435,0.0001,0.5743246715515852
3939,0.5749602243304253,0.14809081703424454,0.013500727713108063,0.4133686777204275,0.027478471980430186,0.0001,0.5745623610913754
3940,0.5729068741202354,0.1481285374611616,0.013496436178684235,0.4112818967550993,0.026442536618560553,0.0001,0.5741691961884499
3941,0.5716041661798954,0.14822435472160578,0.0135016068816185,0.40987821109592915,0.024058622308075428,0.0001,0.5738671518862247
3942,0.579259842634201,0.1481107585132122,0.013500548899173737,0.4176485314965248,0.025332613149657845,0.0001,0.5742888320237398
3943,0.5739220306277275,0.14808409102261066,0.013526476919651031,0.4123114626854658,0.02536669175606221,0.0001,0.5741271633654833
3944,0.5732257813215256,0.14806998241692781,0.013496123254299164,0.411659674718976,0.024976410204544663,0.0001,0.5739093571901321
3945,0.573013462126255,0.1480125216767192,0.013501137495040894,0.4114998150616884,0.025313598685897887,0.0001,0.5741591516882181
3946,0.5718789249658585,0.14808223117142916,0.013510391116142273,0.41028630547225475,0.023791387444362044,0.0001,0.5737770859152078
3947,0.5740700215101242,0.1481123585253954,0.013515874743461609,0.41244178265333176,0.02454155741725117,0.0001,0.5737719003111124
3948,0.5729479342699051,0.14831590931862593,0.013498157262802124,0.41113388165831566,0.024452310521155596,0.0001,0.5737789262086153
3949,0.5742079541087151,0.14823347330093384,0.013495303690433502,0.4124791733920574,0.026362565346062183,0.0001,0.5737036991864443
3950,0.5787804834544659,0.1482398184016347,0.013502329587936401,0.4170383382588625,0.02568698616232723,0.0001,0.5742910601198673
3951,0.5749636292457581,0.14808060135692358,0.013507641851902008,0.41337539441883564,0.024786231690086424,0.0001,0.5746270064264536
3952,0.5738134421408176,0.14822604693472385,0.013519778847694397,0.41206762380898,0.023128074826672673,0.0001,0.5740823663771153
3953,0.5720379538834095,0.14818726480007172,0.013501614332199097,0.41034906916320324,0.025649644900113344,0.0001,0.5738939587026834
3954,0.572298351675272,0.14820860140025616,0.013495571911334991,0.4105941765010357,0.02612118422985077,0.0001,0.5738012157380581
3955,0.578962005674839,0.14808710012584925,0.01350896805524826,0.4173659421503544,0.024086410994641483,0.0001,0.5743960700929165
3956,0.5752650238573551,0.14814747497439384,0.013507820665836334,0.4136097300797701,0.023571847239509225,0.0001,0.5747346799820662
3957,0.5732214525341988,0.14814086351543665,0.013498403131961823,0.41158217936754227,0.02384648402221501,0.0001,0.5746498230844737
3958,0.5719538927078247,0.14805241581052542,0.013518981635570526,0.41038249246776104,0.024183765752241015,0.0001,0.5745504189282655
3959,0.5693363435566425,0.1479899175465107,0.013504751026630402,0.40784167870879173,0.02431878331117332,0.0001,0.5740632578730583
3960,0.5765148140490055,0.14817550126463175,0.013504400849342346,0.41483491472899914,0.02443714381661266,0.0001,0.5738366909325123
3961,0.57333954423666,0.1479011569172144,0.013508357107639313,0.41193003579974174,0.024040882708504796,0.0001,0.5736742824316025
3962,0.5730185806751251,0.14813543856143951,0.013512089848518372,0.41137105599045753,0.022813262417912483,0.0001,0.5735947962850332
3963,0.5761277116835117,0.14808974042534828,0.013504087924957275,0.4145338758826256,0.024434788385406137,0.0001,0.5740037720650435
3964,0.5738127008080482,0.14806845504790545,0.013495631515979767,0.41224862821400166,0.0244255707366392,0.0001,0.5741552069783211
3965,0.5774434134364128,0.1482424708083272,0.013507165014743805,0.4156937897205353,0.024811254465021193,0.0001,0.5740033477544785
3966,0.5735055394470692,0.1479801908135414,0.01349610835313797,0.4120292328298092,0.024268283392302692,0.0001,0.5738273993134498
3967,0.569128192961216,0.1479893047362566,0.013501331210136414,0.40763754956424236,0.025507746264338493,0.0001,0.5734180733561516
3968,0.5736617892980576,0.14805878326296806,0.013503879308700562,0.41209912300109863,0.023670413997024298,0.0001,0.5735888630151749
3969,0.5714980885386467,0.14806794002652168,0.013503454625606537,0.4099266957491636,0.024110026308335364,0.0001,0.5738050375133753
3970,0.5743528008460999,0.1480591781437397,0.013504840433597565,0.412788774818182,0.023947231704369187,0.0001,0.5735888361930848
3971,0.5794378817081451,0.14816277381032705,0.013516001403331757,0.41775910556316376,0.023174132336862385,0.0001,0.5741986699402333
3972,0.5730933025479317,0.1482146605849266,0.01351136714220047,0.4113672748208046,0.024263819912448525,0.0001,0.5742061421275139
3973,0.5730644725263119,0.14821189176291227,0.01349550485610962,0.41135706938803196,0.026008376269601285,0.0001,0.5738998182117939
3974,0.5777811482548714,0.14811197947710752,0.013485945761203766,0.41618322767317295,0.026614510803483427,0.0001,0.5742966629564762
3975,0.575595710426569,0.14815002121031284,0.01350323110818863,0.41394246369600296,0.024976039421744645,0.0001,0.5741118926554918
3976,0.5732729136943817,0.1480177640914917,0.013504713773727417,0.411750428378582,0.024638063507154584,0.0001,0.574088630080223
3977,0.5740166492760181,0.148197703063488,0.013508222997188568,0.41231072694063187,0.025560470181517303,0.0001,0.5745774757117033
3978,0.5748330503702164,0.14804312866181135,0.01350201666355133,0.4132879041135311,0.024193785269744694,0.0001,0.5746946018189192
3979,0.5735261924564838,0.14821452368050814,0.013493634760379791,0.41181803680956364,0.02456606866326183,0.0001,0.5748974122107029
3980,0.5707467384636402,0.14803852699697018,0.01351550966501236,0.40919269621372223,0.023849369026720524,0.0001,0.5745368059724569
3981,0.5737986639142036,0.14794468134641647,0.013511523604393005,0.412342457100749,0.024650347302667797,0.0001,0.5739728841930628
3982,0.5746996849775314,0.14824983198195696,0.013512268662452698,0.4129375871270895,0.023909137351438403,0.0001,0.5741335224360228
3983,0.5766638554632664,0.14818144869059324,0.01350218802690506,0.4149802215397358,0.02315581776201725,0.0001,0.5744934607297182
3984,0.5720045007765293,0.14827527664601803,0.013489954173564911,0.41023928113281727,0.023625727160833776,0.0001,0.573915795981884
3985,0.5730545483529568,0.14800445828586817,0.013505116105079651,0.41154497116804123,0.02581689041107893,0.0001,0.5736616797745228
3986,0.5718468464910984,0.14820695854723454,0.013505220413208008,0.41013466753065586,0.026942433905787766,0.0001,0.5735190730541945
3987,0.573524072766304,0.14798097498714924,0.01350896805524826,0.4120341334491968,0.024678298272192478,0.0001,0.5734698154032231
3988,0.5744112730026245,0.14804540947079659,0.01350758969783783,0.41285827197134495,0.024284216458909214,0.0001,0.5734276376664639
3989,0.5701013058423996,0.14801812823861837,0.01351059228181839,0.40857258811593056,0.02417726954445243,0.0001,0.5730851490050555
3990,0.5718025043606758,0.1481508007273078,0.01350366324186325,0.41014803759753704,0.02501290151849389,0.0001,0.573190725594759
3991,0.5763650126755238,0.14805763214826584,0.013509146869182587,0.41479824110865593,0.02394285809714347,0.0001,0.573447360470891
3992,0.5712142996490002,0.1480448106303811,0.013489946722984314,0.40967954881489277,0.024534950964152813,0.0001,0.5730988219380379
3993,0.5767321921885014,0.14807820226997137,0.013494722545146942,0.4151592645794153,0.025444073718972504,0.0001,0.5731056556105614
3994,0.5743604972958565,0.14802140463143587,0.013506636023521423,0.41283245757222176,0.025562339811585844,0.0001,0.5733412552624941
3995,0.5742546990513802,0.14790405053645372,0.013510249555110931,0.4128403998911381,0.02633208711631596,0.0001,0.5734612703323364
3996,0.5785018056631088,0.1480005569756031,0.013502389192581177,0.41699886694550514,0.027569397701881826,0.0001,0.5741267662495375
3997,0.5743493214249611,0.14807012118399143,0.013505227863788605,0.4127739667892456,0.025851894402876496,0.0001,0.5742092911154032
3998,0.5717733502388,0.14802915882319212,0.013498224318027496,0.41024596616625786,0.024023999692872167,0.0001,0.5739454988390207
3999,0.5764878429472446,0.14812365733087063,0.013505294919013977,0.4148588925600052,0.025071266805753112,0.0001,0.5745841525495052
4000,0.5746173150837421,0.14803078584372997,0.01350267231464386,0.41308385878801346,0.024475779617205262,0.0001,0.5748656336218119
4001,0.5738020166754723,0.14807795826345682,0.01350894570350647,0.41221511363983154,0.023807936464436352,0.0001,0.5746093340218067
4002,0.5761240869760513,0.14813361316919327,0.01349593698978424,0.4144945349544287,0.024567001848481596,0.0001,0.5751003127545118
4003,0.5781056359410286,0.14803045615553856,0.013508230447769165,0.4165669456124306,0.0235301359789446,0.0001,0.5752376571297646
4004,0.5715658478438854,0.1480711055919528,0.013505592942237854,0.4099891558289528,0.02408200246281922,0.0001,0.5749581921845675
4005,0.5752153918147087,0.14824206661432981,0.013501740992069244,0.4134715814143419,0.02499813528265804,0.0001,0.5750542614609003
4006,0.5722113363444805,0.14793761074543,0.013489313423633575,0.41078441590070724,0.02458640420809388,0.0001,0.5744252145290375
4007,0.5711432322859764,0.1481915069743991,0.013506323099136353,0.4094453975558281,0.023907402763143182,0.0001,0.574104605615139
4008,0.5705507732927799,0.1481104912236333,0.013497419655323029,0.4089428596198559,0.023831585654988885,0.0001,0.573982347920537
4009,0.5730947926640511,0.14794958382844925,0.013504929840564728,0.4116402883082628,0.02549052459653467,0.0001,0.5736430428922177
4010,0.5755778402090073,0.1480850987136364,0.013491876423358917,0.4140008669346571,0.023737373645417392,0.0001,0.5737390954047441
4011,0.5759526453912258,0.14793409779667854,0.013506807386875153,0.4145117476582527,0.024515050812624395,0.0001,0.5739541582763195
4012,0.5727597996592522,0.148043611086905,0.013509996235370636,0.41120619140565395,0.025875397492200136,0.0001,0.5736177295446396
4013,0.5755852498114109,0.14805892668664455,0.013515159487724304,0.41401115991175175,0.02385648142080754,0.0001,0.5733656909316778
4014,0.5783721916377544,0.14789509866386652,0.01349513977766037,0.4169819541275501,0.02411341981496662,0.0001,0.5740463253110647
4015,0.5767572037875652,0.14817816205322742,0.013498716056346893,0.41508032754063606,0.02447392581962049,0.0001,0.5742005065083504
4016,0.5702288784086704,0.14790693577378988,0.013501964509487152,0.4088199660181999,0.02505256957374513,0.0001,0.5740022607147693
4017,0.5730992034077644,0.14793836418539286,0.013516679406166077,0.4116441570222378,0.023115468560718,0.0001,0.5741978578269482
4018,0.5702739208936691,0.14819705579429865,0.013488367199897766,0.40858849696815014,0.024247836554422975,0.0001,0.5741701725870371
4019,0.574791431427002,0.14803734049201012,0.013484194874763489,0.4132698979228735,0.025639341678470373,0.0001,0.5743398364633322
4020,0.5701161772012711,0.14802707452327013,0.013487488031387329,0.4086016118526459,0.023557404754683375,0.0001,0.5737936701625586
4021,0.5734794288873672,0.14793220162391663,0.013487786054611206,0.4120594449341297,0.025938391918316483,0.0001,0.5735463485121727
4022,0.5739936381578445,0.14796954486519098,0.013517595827579498,0.41250650212168694,0.026090685627423227,0.0001,0.5736697323620319
4023,0.5764663852751255,0.14830460119992495,0.013492636382579803,0.41466914862394333,0.02575641975272447,0.0001,0.5737578459084034
4024,0.5732662789523602,0.14802572410553694,0.013495340943336487,0.41174521669745445,0.026507821632549167,0.0001,0.5732472546398639
4025,0.5751502886414528,0.14784481469541788,0.013496734201908112,0.41380874440073967,0.025681294850073755,0.0001,0.5730865631252527
4026,0.5709590651094913,0.14807627070695162,0.013492636382579803,0.40939015708863735,0.02377713064197451,0.0001,0.5731595817953348
4027,0.5743037983775139,0.14789879601448774,0.013486646115779877,0.412918359041214,0.02383612224366516,0.0001,0.5732800412923098
4028,0.5720322616398335,0.14794031251221895,0.013490676879882812,0.4106012787669897,0.02484661538619548,0.0001,0.5734558753669262
4029,0.5748539678752422,0.14791731908917427,0.013489514589309692,0.41344713419675827,0.024621845688670874,0.0001,0.5734621290117502
4030,0.5719416476786137,0.14801013376563787,0.013501815497875214,0.4104297012090683,0.02376180700957775,0.0001,0.5736446760594844
4031,0.5750179253518581,0.14792280364781618,0.01351570338010788,0.4135794173926115,0.023916771402582526,0.0001,0.5737985257059336
4032,0.575779601931572,0.14804800041019917,0.013506755232810974,0.41422485187649727,0.02655288076493889,0.0001,0.5739771220833063
4033,0.5729799829423428,0.14802799094468355,0.013501830399036407,0.4114501625299454,0.024963015806861222,0.0001,0.573628481850028
4034,0.5765421837568283,0.1481407294049859,0.013493172824382782,0.4149082750082016,0.023331895587034523,0.0001,0.5739560723304749
4035,0.575849387794733,0.1478471402078867,0.013509310781955719,0.4144929423928261,0.02417169278487563,0.0001,0.5740259822458029
4036,0.5739028640091419,0.14799717348068953,0.013485729694366455,0.4124199543148279,0.024458610569126904,0.0001,0.574320362135768
4037,0.5710076205432415,0.14800499938428402,0.01348043978214264,0.4095221757888794,0.023238906171172857,0.0001,0.5739907443523407
4038,0.5750276744365692,0.14813893381506205,0.013504564762115479,0.4133841712027788,0.024768642615526915,0.0001,0.5742902856320142
4039,0.5742711760103703,0.14804417081177235,0.013511620461940765,0.41271539218723774,0.025392919895239174,0.0001,0.5742320064455271
4040,0.5786436274647713,0.14797535073012114,0.013497747480869293,0.41717052832245827,0.02409974450711161,0.0001,0.5749022044241429
4041,0.5720737762749195,0.14786976296454668,0.013494618237018585,0.41070939041674137,0.025077606551349163,0.0001,0.574607789516449
4042,0.5754755884408951,0.1479248646646738,0.01349618285894394,0.41405454091727734,0.024659358081407845,0.0001,0.5745773881673812
4043,0.5735138654708862,0.14795194659382105,0.013501055538654327,0.4120608624070883,0.024877024465240538,0.0001,0.5746307764202356
4044,0.5758970826864243,0.14789940603077412,0.013493821024894714,0.4145038556307554,0.02435791853349656,0.0001,0.5745662663131952
4045,0.5720907375216484,0.14790395740419626,0.013505056500434875,0.41068172454833984,0.026241175015456975,0.0001,0.5741904012858867
4046,0.5708069242537022,0.14793744776397943,0.013504311442375183,0.4093651697039604,0.02424484957009554,0.0001,0.5738808073103427
4047,0.5728138126432896,0.14811589289456606,0.013496682047843933,0.41120124235749245,0.025276601663790643,0.0001,0.5740614265203476
4048,0.5806047581136227,0.14782286901026964,0.013497307896614075,0.4192845895886421,0.024011245230212808,0.0001,0.5746191348880529
4049,0.5753777325153351,0.14793025888502598,0.013512656092643738,0.41393482498824596,0.026201650616712868,0.0001,0.5747297905385494
4050,0.5798259824514389,0.1479906840249896,0.01349487155675888,0.41834042966365814,0.024146166746504605,0.0001,0.5748480260372162
4051,0.5749805606901646,0.14791710767894983,0.013499289751052856,0.41356416791677475,0.025405241060070693,0.0001,0.5751387044787407
4052,0.5757932551205158,0.1478445865213871,0.013502329587936401,0.4144463390111923,0.02410306443925947,0.0001,0.5751704711467027
4053,0.5763598568737507,0.1481221653521061,0.013505399227142334,0.41473229229450226,0.025222089141607285,0.0001,0.5754550702869892
4054,0.575098842382431,0.1480170814320445,0.013488315045833588,0.41359345242381096,0.026829053182154894,0.0001,0.5753752462565899
4055,0.5710097812116146,0.14796794578433037,0.013497777283191681,0.40954405814409256,0.02844076056499034,0.0001,0.5752671506255865
4056,0.5688654743134975,0.148112241178751,0.01349727064371109,0.4072559643536806,0.02358773408923298,0.0001,0.575073005631566
4057,0.5770788379013538,0.14789759367704391,0.01349060982465744,0.4156906343996525,0.02495901903603226,0.0001,0.5754995081573725
4058,0.5738087557256222,0.14803786017000675,0.0134967640042305,0.4122741334140301,0.023815574357286096,0.0001,0.5748199079185724
4059,0.5777585916221142,0.1480761468410492,0.013500265777111053,0.4161821883171797,0.023624255089089274,0.0001,0.5750579938292504
4060,0.5728125087916851,0.1479531228542328,0.013493113219738007,0.41136627458035946,0.026461317902430892,0.0001,0.574356646463275
4061,0.5729418806731701,0.1479272721335292,0.013490617275238037,0.4115239903330803,0.02476844924967736,0.0001,0.5741527784615755
4062,0.5717904940247536,0.1477939197793603,0.01349213719367981,0.4105044323951006,0.024102855240926147,0.0001,0.5737525023519993
4063,0.5756604261696339,0.14794858638197184,0.013495013117790222,0.41421682946383953,0.024653027416206896,0.0001,0.5736825592815876
4064,0.572490181773901,0.14796321466565132,0.013498201966285706,0.41102877631783485,0.023969683097675443,0.0001,0.5734216932207346
4065,0.573428813368082,0.1479622134938836,0.013489000499248505,0.4119776077568531,0.024586998391896486,0.0001,0.5736635964363813
4066,0.5771434344351292,0.14804381504654884,0.013479866087436676,0.4156197514384985,0.024503806605935097,0.0001,0.5744913924485445
4067,0.5717412047088146,0.14784372877329588,0.013494953513145447,0.4104025214910507,0.023458931711502373,0.0001,0.5739576291292906
4068,0.5743968561291695,0.1479844618588686,0.013507552444934845,0.41290484368801117,0.028253591270186007,0.0001,0.5740164391696453
4069,0.5733157210052013,0.14798127952963114,0.013504795730113983,0.4118296504020691,0.024065659497864544,0.0001,0.573572152107954
4070,0.5766220465302467,0.14798185508698225,0.01350102573633194,0.4151391666382551,0.0252814176492393,0.0001,0.5739531058818101
4071,0.5750155784189701,0.1480277655646205,0.01350286602973938,0.4134849403053522,0.02483064227271825,0.0001,0.5741604756563902
4072,0.5750169008970261,0.14784313179552555,0.013501949608325958,0.4136718139052391,0.02603139018174261,0.0001,0.5744831163436175
4073,0.5723851658403873,0.14789683651179075,0.013505451381206512,0.41098287887871265,0.02296908595599234,0.0001,0.5741555903106927
4074,0.5733665227890015,0.14802420884370804,0.013496190309524536,0.41184612177312374,0.023496991489082575,0.0001,0.5742432244122029
4075,0.5746645368635654,0.14803215768188238,0.013506002724170685,0.4131263718008995,0.024281973368488252,0.0001,0.5743667967617512
4076,0.5773890614509583,0.1477648364380002,0.013499081134796143,0.41612514667212963,0.02439419401343912,0.0001,0.5743913594633341
4077,0.5750937573611736,0.14788166899234056,0.0135020911693573,0.4137099999934435,0.025719624711200595,0.0001,0.57472661472857
4078,0.5703157596290112,0.1479057502001524,0.01350332796573639,0.4089066870510578,0.02487927710171789,0.0001,0.5743185050785542
4079,0.5739618018269539,0.14759844169020653,0.013486236333847046,0.41287712566554546,0.02483694546390325,0.0001,0.5743831131607294
4080,0.5684260986745358,0.14771508146077394,0.01349978893995285,0.4072112236171961,0.027681712759658694,0.0001,0.5735635183751583
4081,0.5708505213260651,0.14788834191858768,0.013519085943698883,0.4094430971890688,0.024586510844528675,0.0001,0.5731470126658678
4082,0.5746738202869892,0.1479376219213009,0.0134897381067276,0.4132464546710253,0.024998847278766334,0.0001,0.5731127046048641
4083,0.5713074952363968,0.14783985912799835,0.013501033186912537,0.4099666066467762,0.023340471787378192,0.0001,0.573004937544465
4084,0.5740444585680962,0.14801407884806395,0.01349513977766037,0.4125352371484041,0.02561598946340382,0.0001,0.5730727311223746
4085,0.573191937059164,0.14816233236342669,0.0134962797164917,0.4115333389490843,0.024196527316235006,0.0001,0.5729254711419344
4086,0.5687256753444672,0.14789976831525564,0.013483360409736633,0.40734254382550716,0.026367414160631597,0.0001,0.5720591325312853
4087,0.5755914077162743,0.14794132765382528,0.01349753886461258,0.4141525384038687,0.028244912740774453,0.0001,0.5721088975667954
4088,0.5699405744671822,0.14800688717514277,0.01349959522485733,0.4084340985864401,0.02476835623383522,0.0001,0.5720713790506124
4089,0.5706370286643505,0.1478842068463564,0.013500325381755829,0.40925249457359314,0.026386994984932244,0.0001,0.5717389017343522
4090,0.5746846608817577,0.14790641888976097,0.013498365879058838,0.4132798705250025,0.02399698202498257,0.0001,0.5723647579550744
4091,0.577886026352644,0.1478457422927022,0.013494431972503662,0.41654585488140583,0.02578096475917846,0.0001,0.5730683084577322
4092,0.5731947049498558,0.1477840980514884,0.013495832681655884,0.41191477701067924,0.02429846441373229,0.0001,0.5729203969240189
4093,0.5743565037846565,0.14785287715494633,0.013494297862052917,0.4130093324929476,0.024368562502786517,0.0001,0.5732252977788448
4094,0.5742672681808472,0.14781134016811848,0.013495035469532013,0.4129608944058418,0.025499128736555576,0.0001,0.5732475787401199
4095,0.5715701133012772,0.14785004127770662,0.013515099883079529,0.4102049693465233,0.026998172979801893,0.0001,0.5730853963643312
4096,0.5728064104914665,0.1479693166911602,0.013500168919563293,0.41133691743016243,0.025236904271878302,0.0001,0.5734934698790312
4097,0.5733564458787441,0.14800449926406145,0.013480052351951599,0.41187189519405365,0.026610895292833447,0.0001,0.5732699736952782
4098,0.5773152932524681,0.147868562489748,0.013492368161678314,0.4159543663263321,0.023309491341933608,0.0001,0.5740074455738068
4099,0.576820395886898,0.14790672902017832,0.013479255139827728,0.4154344145208597,0.02601992920972407,0.0001,0.5746257822960615
4100,0.5760595127940178,0.14776930678635836,0.013477355241775513,0.41481284983456135,0.023288283962756395,0.0001,0.5747632674872876
4101,0.5729230605065823,0.1480424664914608,0.013497449457645416,0.41138314828276634,0.02579415263608098,0.0001,0.5742669709026813
4102,0.5765526555478573,0.14773292280733585,0.013497389853000641,0.4153223391622305,0.02511892409529537,0.0001,0.5746027659624815
4103,0.5724014155566692,0.1479108389467001,0.013495303690433502,0.41099528409540653,0.02569663047324866,0.0001,0.5744072571396828
4104,0.5759971030056477,0.14793797302991152,0.013497956097126007,0.41456117667257786,0.024254929972812533,0.0001,0.5745802406221628
4105,0.5720178782939911,0.14798089675605297,0.013490572571754456,0.4105464145541191,0.02493465761654079,0.0001,0.5746250171214342
4106,0.576187014579773,0.14800158608704805,0.013508602976799011,0.41467682644724846,0.024022079538553953,0.0001,0.5749630775302649
4107,0.5748035721480846,0.14802492130547762,0.013493232429027557,0.41328542307019234,0.023770676227286458,0.0001,0.5751077901571989
4108,0.5750578604638577,0.1480084341019392,0.013492420315742493,0.4135570079088211,0.025038474705070257,0.0001,0.5748820468783379
4109,0.5744049400091171,0.14794563129544258,0.013499118387699127,0.4129601866006851,0.024289543158374727,0.0001,0.5746405012905598
4110,0.5742836035788059,0.14784762170165777,0.013498581945896149,0.4129374045878649,0.02522267948370427,0.0001,0.5744629103690386
4111,0.5700528547167778,0.1479079509153962,0.01351022720336914,0.408634664490819,0.026471141260117292,0.0001,0.5741758897900582
4112,0.5735253281891346,0.14779042080044746,0.0134873166680336,0.41224759444594383,0.024951042607426643,0.0001,0.5738731570541858
4113,0.5726250596344471,0.14795540645718575,0.013507254421710968,0.411162406206131,0.026447709184139967,0.0001,0.5738955214619637
4114,0.5748018398880959,0.14807056449353695,0.01351088285446167,0.4132203906774521,0.026012697373516858,0.0001,0.5737759951502085
4115,0.5672996938228607,0.14790053758770227,0.013491779565811157,0.40590737760066986,0.025742834550328553,0.0001,0.5733041767030954
4116,0.5730289742350578,0.14782822877168655,0.013484403491020203,0.4117163456976414,0.024522391613572836,0.0001,0.5729883726686239
4117,0.5745038203895092,0.14796841982752085,0.013496465981006622,0.4130389392375946,0.02577364188618958,0.0001,0.5729583974927663
4118,0.5744593925774097,0.1477440819144249,0.013497434556484222,0.4132178761065006,0.025315180071629584,0.0001,0.5728985507041215
4119,0.5781063325703144,0.14809658098965883,0.013495169579982758,0.416514590382576,0.025307550095021725,0.0001,0.5732686899602413
4120,0.5752190575003624,0.14776504319161177,0.013493642210960388,0.4139603730291128,0.024478275794535875,0.0001,0.5733622353523969
4121,0.5770630203187466,0.14783678762614727,0.0135016068816185,0.4157246220856905,0.024662137147970498,0.0001,0.5740632519125939
4122,0.5739500485360622,0.14772944524884224,0.013484716415405273,0.4127358850091696,0.02601511380635202,0.0001,0.5741057239472867
4123,0.5714544765651226,0.1478468021377921,0.013487108051776886,0.4101205673068762,0.02525841537863016,0.0001,0.5739886656403541
4124,0.5696918554604053,0.1478394279256463,0.01349535584449768,0.40835707634687424,0.02364744700025767,0.0001,0.5734776671975851
4125,0.5698567368090153,0.1477646678686142,0.013495877385139465,0.40859619714319706,0.027307155542075634,0.0001,0.5737333714962005
4126,0.5760248191654682,0.14788787625730038,0.013494104146957397,0.41464283876121044,0.025159777142107487,0.0001,0.5740329559892416
4127,0.5733176171779633,0.1477382816374302,0.013495586812496185,0.41208375059068203,0.024267969420179725,0.0001,0.573914335668087
4128,0.5696626752614975,0.1478647394105792,0.013479970395565033,0.4083179719746113,0.02600474446080625,0.0001,0.5734346639364958
4129,0.5756936483085155,0.14778029639273882,0.01348625123500824,0.4144270997494459,0.024235442746430635,0.0001,0.5731933955103159
4130,0.5734579935669899,0.14772094413638115,0.013491883873939514,0.41224517673254013,0.024769522831775248,0.0001,0.5730172891169787
4131,0.5742819011211395,0.14792350679636002,0.013500384986400604,0.41285801120102406,0.0292785040801391,0.0001,0.5727391771972179
4132,0.573319673538208,0.14799013920128345,0.013481467962265015,0.41184807382524014,0.023770351894199848,0.0001,0.5726761396974325
4133,0.5752025432884693,0.14766595140099525,0.013492368161678314,0.4140442181378603,0.024839261663146317,0.0001,0.5730509463697672
4134,0.5807841457426548,0.14775650668889284,0.01348164677619934,0.41954599134624004,0.024884382961317897,0.0001,0.5741601753979921
4135,0.5711880140006542,0.1477300627157092,0.013500109314918518,0.4099578410387039,0.02318088395986706,0.0001,0.574293303117156
4136,0.5740925446152687,0.14769226405769587,0.01349262148141861,0.4129076600074768,0.023184699122793972,0.0001,0.5741000756621361
4137,0.5719219706952572,0.14774868544191122,0.013506382703781128,0.41066690906882286,0.025175116141326725,0.0001,0.5739605110138655
4138,0.5728070512413979,0.14799927454441786,0.013500310480594635,0.41130747087299824,0.025222953059710562,0.0001,0.5742749486118555
4139,0.5746057108044624,0.14789414405822754,0.013513550162315369,0.4131980203092098,0.024809341179206967,0.0001,0.5741661548614502
4140,0.5717204622924328,0.14781835675239563,0.013493508100509644,0.4104086011648178,0.02501891483552754,0.0001,0.5739924017339945
4141,0.5785113610327244,0.14767268020659685,0.013507567346096039,0.41733111441135406,0.02487737056799233,0.0001,0.574415347725153
4142,0.5691319443285465,0.14776491932570934,0.013508029282093048,0.40785899572074413,0.02687838359270245,0.0001,0.5739965748041869
4143,0.5720150731503963,0.14778736792504787,0.013502001762390137,0.4107257016003132,0.028422359726391733,0.0001,0.5736778277903796
4144,0.57053017988801,0.14772546477615833,0.013505883514881134,0.40929883159697056,0.026292932801879942,0.0001,0.572652431204915
4145,0.5695175118744373,0.14782441221177578,0.013495288789272308,0.40819781459867954,0.028448558878153563,0.0001,0.5724853809922934
4146,0.578247144818306,0.1477126143872738,0.013495393097400665,0.41703914292156696,0.0248227680567652,0.0001,0.5729008410125971
4147,0.5712313652038574,0.14769349992275238,0.013493604958057404,0.41004426032304764,0.02429650619160384,0.0001,0.5728317804634571
4148,0.5756422989070415,0.14782783202826977,0.013489313423633575,0.4143251571804285,0.02512752916663885,0.0001,0.5731153052300215
4149,0.5762174725532532,0.14773339498788118,0.013482332229614258,0.4150017499923706,0.024680489441379905,0.0001,0.5732764814049005
4150,0.5704965367913246,0.14783196710050106,0.013486348092556,0.40917821787297726,0.027515767025761306,0.0001,0.5731540888547897
4151,0.5777273401618004,0.14778965339064598,0.01349589228630066,0.4164417963474989,0.024287641514092684,0.0001,0.5730756867676974
4152,0.5754194594919682,0.14776048250496387,0.013499647378921509,0.41415932960808277,0.025630051852203906,0.0001,0.5737044382840395
4153,0.5766052305698395,0.14768184162676334,0.01348169893026352,0.4154416862875223,0.02501746965572238,0.0001,0.5741634540259838
4154,0.5739937201142311,0.14784735534340143,0.013497084379196167,0.4126492813229561,0.024892325629480183,0.0001,0.574509808048606
4155,0.575417447835207,0.14771694131195545,0.013482734560966492,0.41421776823699474,0.02408714289776981,0.0001,0.5750998016446829
4156,0.5756516009569168,0.14780598878860474,0.013479866087436676,0.4143657460808754,0.02412835310678929,0.0001,0.574840247258544
4157,0.5760308168828487,0.14802606590092182,0.013492807745933533,0.4145119395107031,0.02485317864920944,0.0001,0.5753201924264431
4158,0.577954363077879,0.1477687880396843,0.013493120670318604,0.41669245809316635,0.026673109154216945,0.0001,0.5755513988435268
4159,0.571510449051857,0.1477858917787671,0.013512246310710907,0.4102123212069273,0.026311514200642705,0.0001,0.5750806964933872
4160,0.5708906203508377,0.14772437512874603,0.013490915298461914,0.40967532619833946,0.02420539816375822,0.0001,0.5751201048493385
4161,0.5715870782732964,0.14771575294435024,0.013492599129676819,0.41037872433662415,0.024929754436016083,0.0001,0.5745060786604881
4162,0.5729803405702114,0.14784631226211786,0.013499587774276733,0.41163443587720394,0.02569042390678078,0.0001,0.5742621667683124
4163,0.5724020786583424,0.14787486288696527,0.013493061065673828,0.41103415563702583,0.024990157806314528,0.0001,0.5738418515771627
4164,0.5735404454171658,0.14771562721580267,0.013491831719875336,0.4123329874128103,0.024214603356085718,0.0001,0.5737965241074562
4165,0.5705435089766979,0.1477807890623808,0.013486035168170929,0.4092766884714365,0.025641771499067545,0.0001,0.5733091302216053
4166,0.5756562650203705,0.14772962871938944,0.013493075966835022,0.41443355940282345,0.026185710332356393,0.0001,0.5733095966279507
4167,0.5737738162279129,0.1477081486955285,0.013508260250091553,0.41255739890038967,0.025353931123390794,0.0001,0.5730838965624571
4168,0.5691270716488361,0.1478775618597865,0.013497903943061829,0.40775160677731037,0.02561502531170845,0.0001,0.5722011674195528
4169,0.577832393348217,0.14756842702627182,0.013496212661266327,0.416767755523324,0.023528681020252407,0.0001,0.5728333618491888
4170,0.572539146989584,0.14758659806102514,0.013490714132785797,0.41146184131503105,0.023983730585314333,0.0001,0.5729982145130634
4171,0.5733456835150719,0.14791999943554401,0.013492494821548462,0.4119331929832697,0.02535714686382562,0.0001,0.5731740750372409
4172,0.5732426829636097,0.1478357408195734,0.013492204248905182,0.41191473603248596,0.025051916833035648,0.0001,0.5732003092765808
4173,0.5761677660048008,0.14764797501266003,0.013501577079296112,0.41501820273697376,0.024991672486066818,0.0001,0.5735768780112267
4174,0.5742187686264515,0.14756184350699186,0.013494908809661865,0.41316201724112034,0.024859883706085384,0.0001,0.5736447103321552
4175,0.5725903250277042,0.14792077150195837,0.013502784073352814,0.4111667722463608,0.02590617979876697,0.0001,0.5738493919372558
4176,0.5759616605937481,0.14763366430997849,0.013499200344085693,0.41482880152761936,0.026621017372235656,0.0001,0.5738799314945936
4177,0.5730380155146122,0.1478145057335496,0.013499610126018524,0.4117239024490118,0.024002585210837424,0.0001,0.5738063514232635
4178,0.5732193998992443,0.1477087177336216,0.013509199023246765,0.4120014812797308,0.023448668187484145,0.0001,0.5742155842483043
4179,0.5767046138644218,0.14769695792347193,0.013497956097126007,0.4155097045004368,0.02386596566066146,0.0001,0.5741028062999248
4180,0.575625691562891,0.147752876393497,0.013492211699485779,0.4143806118518114,0.02314250497147441,0.0001,0.5744114607572556
4181,0.5730501972138882,0.14773556776344776,0.013485580682754517,0.4118290487676859,0.025024894974194467,0.0001,0.5743819121271372
4182,0.5770177766680717,0.14773754123598337,0.01349688321352005,0.41578335501253605,0.02344384358730167,0.0001,0.5747594214975834
4183,0.5722821243107319,0.1479737740010023,0.013499163091182709,0.41080919466912746,0.024604134378023446,0.0001,0.5743708573281765
4184,0.5746072418987751,0.14783227816224098,0.013483628630638123,0.41329133324325085,0.024285679683089256,0.0001,0.5744097046554089
4185,0.5714317969977856,0.14775214437395334,0.013505503535270691,0.41017415933310986,0.025299331988207996,0.0001,0.574293851852417
4186,0.5729984417557716,0.14775709435343742,0.013509884476661682,0.41173146665096283,0.02503233077004552,0.0001,0.5739975299686193
4187,0.5738754719495773,0.14770110789686441,0.013493180274963379,0.4126811921596527,0.02573790622409433,0.0001,0.5740812756121159
4188,0.5716671533882618,0.14783971291035414,0.013483412563800812,0.41034403070807457,0.02433762699365616,0.0001,0.5739260509610176
4189,0.5730414539575577,0.14788118470460176,0.01349901407957077,0.41166125424206257,0.025884742150083184,0.0001,0.5735597349703312
4190,0.5732706561684608,0.1474988143891096,0.013501271605491638,0.41227056831121445,0.02479449682869017,0.0001,0.5733242314308882
4191,0.5719098784029484,0.1478008721023798,0.013485901057720184,0.41062310338020325,0.025403994251973927,0.0001,0.5732101995497942
4192,0.5718418285250664,0.14781550504267216,0.01349630206823349,0.4105300158262253,0.025020853034220636,0.0001,0.5726926047354937
4193,0.5731112621724606,0.1477464670315385,0.013488814234733582,0.4118759874254465,0.023892787867225707,0.0001,0.5727755185216665
4194,0.5749927423894405,0.147612564265728,0.013489626348018646,0.41389056108891964,0.026301139849238098,0.0001,0.572814068570733
4195,0.5716261118650436,0.14790780935436487,0.013495303690433502,0.4102229941636324,0.024587166495621204,0.0001,0.5728335000574589
4196,0.5720585286617279,0.1474985722452402,0.013500131666660309,0.41105982288718224,0.023984253173694015,0.0001,0.5727395087480545
4197,0.5708406120538712,0.14771685376763344,0.013489022850990295,0.40963474102318287,0.025413315393961966,0.0001,0.5724360227584839
4198,0.5715062879025936,0.14777155872434378,0.013492852449417114,0.410241873934865,0.02569183020386845,0.0001,0.572419936209917
4199,0.5704604871571064,0.14762475062161684,0.013482585549354553,0.40935314632952213,0.025449728593230247,0.0001,0.572161839529872
4200,0.5714202560484409,0.1476473342627287,0.013488702476024628,0.41028422117233276,0.02628387720324099,0.0001,0.57197679951787
4201,0.5708633996546268,0.14770823158323765,0.013480737805366516,0.4096744265407324,0.024145843693986535,0.0001,0.5718721516430378
4202,0.5706719905138016,0.14773290045559406,0.013488277792930603,0.40945081785321236,0.02317353815305978,0.0001,0.5717551678419113
4203,0.5778682678937912,0.14787104725837708,0.013477519154548645,0.4165197070688009,0.026197829865850508,0.0001,0.5722308684140444
4204,0.5760275982320309,0.14793584123253822,0.013489954173564911,0.41460179910063744,0.02486784860957414,0.0001,0.5723343539983035
4205,0.57564502581954,0.1478409618139267,0.01349487155675888,0.4143091943114996,0.025097302393987775,0.0001,0.572736245393753
4206,0.5732173807919025,0.14750469382852316,0.013493716716766357,0.4122189786285162,0.025091489776968956,0.0001,0.5728521306067705
4207,0.5743452645838261,0.1476046247407794,0.013472266495227814,0.4132683724164963,0.026458733365871012,0.0001,0.573202595859766
4208,0.5790706127882004,0.1477778609842062,0.013495050370693207,0.4177976958453655,0.026737481472082436,0.0001,0.5739590283483267
4209,0.5790039747953415,0.14773404505103827,0.013489261269569397,0.41778066754341125,0.02575881709344685,0.0001,0.5748133771121502
4210,0.5708994083106518,0.14769772626459599,0.01348596066236496,0.40971572510898113,0.025241724564693868,0.0001,0.5747612923383713
4211,0.5736746229231358,0.1476345993578434,0.013503685593605042,0.41253634355962276,0.02415040333289653,0.0001,0.5750424146652222
4212,0.574060220271349,0.14802018366754055,0.013493083417415619,0.41254695877432823,0.025271640857681632,0.0001,0.5753812376409769
4213,0.5717095322906971,0.14783371333032846,0.013495706021785736,0.41038010828197,0.026013587950728834,0.0001,0.5747653640806675
4214,0.5718846581876278,0.1477325912564993,0.01349484920501709,0.41065721586346626,0.02588509616907686,0.0001,0.5743510700762272
4215,0.5743434578180313,0.14779956359416246,0.013476736843585968,0.41306715272367,0.027032365556806326,0.0001,0.5742209132760763
4216,0.5740666873753071,0.1476626843214035,0.013494908809661865,0.41290908865630627,0.024785939254797995,0.0001,0.5743058439344167
4217,0.5738077685236931,0.14769216254353523,0.013503029942512512,0.41261257231235504,0.02554764016531408,0.0001,0.5742520943284035
4218,0.568095538765192,0.14773516170680523,0.013494305312633514,0.40686606615781784,0.024372402927838266,0.0001,0.5731545869261027
4219,0.5740991793572903,0.14765615016222,0.013471923768520355,0.41297109983861446,0.0242596419993788,0.0001,0.5726641073822976
4220,0.5743999965488911,0.14768077246844769,0.013500377535820007,0.4132188465446234,0.024479547864757478,0.0001,0.5730141662061214
4221,0.5683493055403233,0.1477721268311143,0.013479083776473999,0.4070980977267027,0.024977121967822313,0.0001,0.5724816344678402
4222,0.57043382152915,0.14777451939880848,0.013488590717315674,0.40917070768773556,0.024592848611064255,0.0001,0.5721189945936203
4223,0.5738489925861359,0.14778127241879702,0.013485588133335114,0.4125821329653263,0.025985768297687173,0.0001,0.5723329406231642
4224,0.5758587568998337,0.14793674554675817,0.013487093150615692,0.4144349154084921,0.02425165066961199,0.0001,0.5727303504943848
4225,0.5741331987082958,0.14779710490256548,0.013487689197063446,0.41284840926527977,0.02520675549749285,0.0001,0.5727093245834112
4226,0.576670665293932,0.147780142724514,0.013488918542861938,0.41540160588920116,0.026282857754267752,0.0001,0.5729697223752737
4227,0.5733342170715332,0.1475250842049718,0.013485074043273926,0.41232405975461006,0.02600286074448377,0.0001,0.5729223672300577
4228,0.5728124864399433,0.14755405392497778,0.013498552143573761,0.41175987757742405,0.024777320795692503,0.0001,0.5733940619975328
4229,0.5717344209551811,0.1476362282410264,0.013499394059181213,0.41059879027307034,0.02670394955202937,0.0001,0.5731575861573219
4230,0.5751953460276127,0.14788212440907955,0.013484589755535126,0.41382863372564316,0.02673858101479709,0.0001,0.5732371211051941
4231,0.5709031336009502,0.1476931618526578,0.013492122292518616,0.4097178503870964,0.02631254482548684,0.0001,0.5734925039112568
4232,0.5738517045974731,0.14767879527062178,0.013485155999660492,0.41268775425851345,0.025391517556272447,0.0001,0.5738342922180891
4233,0.5728379860520363,0.14770059566944838,0.01349753886461258,0.4116398487240076,0.024004910374060273,0.0001,0.5737331915646792
4234,0.5759903006255627,0.1477558147162199,0.013489343225955963,0.4147451389580965,0.024690685095265508,0.0001,0.573746345937252
4235,0.5744727849960327,0.14752046298235655,0.013494633138179779,0.41345769353210926,0.025909579708240926,0.0001,0.5737803045660257
4236,0.5719548016786575,0.14761818572878838,0.013501614332199097,0.41083500534296036,0.02388381597120315,0.0001,0.5733087182044982
4237,0.5759146250784397,0.14742109831422567,0.013484373688697815,0.41500915214419365,0.026106720441021025,0.0001,0.5735667590051889
4238,0.5735802799463272,0.1476062722504139,0.013489201664924622,0.4124848134815693,0.024881574092432857,0.0001,0.5736435383558274
4239,0.5738743916153908,0.14779347740113735,0.01348336786031723,0.4125975575298071,0.0265155149390921,0.0001,0.5738575354218483
4240,0.5694927051663399,0.14757596608251333,0.013483881950378418,0.40843286365270615,0.023829755373299122,0.0001,0.573287271335721
4241,0.5717826820909977,0.14760661218315363,0.01350046694278717,0.4106756020337343,0.025441017700359225,0.0001,0.5733752261847258
4242,0.5732466951012611,0.1475913543254137,0.0134873166680336,0.4121680185198784,0.024346419842913747,0.0001,0.5733147252351045
4243,0.5729896351695061,0.14773040916770697,0.013498015701770782,0.4117612112313509,0.024142300826497376,0.0001,0.5733298901468515
4244,0.5737222172319889,0.14779204595834017,0.013481266796588898,0.4124489016830921,0.023999689961783588,0.0001,0.5731030818074941
4245,0.5741832926869392,0.1476289238780737,0.013488315045833588,0.41306605748832226,0.023487622034735978,0.0001,0.5730741325765848
4246,0.5733596533536911,0.14769080001860857,0.013485603034496307,0.4121832512319088,0.02813965966925025,0.0001,0.5732146177440882
4247,0.5729798600077629,0.14777499064803123,0.013487622141838074,0.4117172472178936,0.025449563981965184,0.0001,0.5729211412370205
4248,0.573106836527586,0.147823641076684,0.013483814895153046,0.4117993824183941,0.02436674863565713,0.0001,0.5728737968951464
4249,0.571030531078577,0.14760095532983541,0.013490170240402222,0.409939406439662,0.02635516505688429,0.0001,0.572589410841465
4250,0.5703243501484394,0.1476964158937335,0.013466715812683105,0.4091612137854099,0.025819415342994034,0.0001,0.572672575339675
4251,0.5763554312288761,0.147646214812994,0.013489387929439545,0.41521982848644257,0.024882625322788954,0.0001,0.5731298502534627
4252,0.5709822252392769,0.14769288897514343,0.013488054275512695,0.40980128198862076,0.025858024368062615,0.0001,0.5729034032672644
4253,0.5714519992470741,0.14765207655727863,0.01346445083618164,0.41033547557890415,0.026186673901975155,0.0001,0.5727496396750211
4254,0.5732742138206959,0.14767854567617178,0.013508953154087067,0.41208670660853386,0.024859704193659127,0.0001,0.5727048393338918
4255,0.575874000787735,0.14760923944413662,0.01350412517786026,0.41476063802838326,0.02463629504200071,0.0001,0.5728739101439715
4256,0.5714371912181377,0.14765782188624144,0.0134834423661232,0.4102959278970957,0.024656008230522275,0.0001,0.5726816639304161
4257,0.573220357298851,0.14764925092458725,0.013488978147506714,0.4120821226388216,0.02557511965278536,0.0001,0.5727057136595249
4258,0.5717798508703709,0.14786702767014503,0.013474203646183014,0.4104386232793331,0.02485863759648055,0.0001,0.5725730150938034
4259,0.5732882879674435,0.14767936989665031,0.013485468924045563,0.41212345845997334,0.025119014200754464,0.0001,0.57279879078269
4260,0.5736304186284542,0.1477521602064371,0.013495385646820068,0.41238287277519703,0.026410236954689026,0.0001,0.5731293976306915
4261,0.5767041854560375,0.14767043851315975,0.013485997915267944,0.4155477527529001,0.025216637877747416,0.0001,0.5731642730534077
4262,0.5741093344986439,0.14774721674621105,0.013486690819263458,0.4128754325211048,0.02594386669807136,0.0001,0.5734769839793443
4263,0.5711239688098431,0.14773507323116064,0.013472229242324829,0.409916665405035,0.02740723011083901,0.0001,0.5734441809356212
4264,0.5730574615299702,0.14753347728401423,0.013490520417690277,0.4120334666222334,0.02409399743191898,0.0001,0.5734225057065487
4265,0.5749024897813797,0.1477558072656393,0.013485841453075409,0.4136608336120844,0.02445347362663597,0.0001,0.5733253546059132
4266,0.5762461647391319,0.14745039120316505,0.013495154678821564,0.4153006188571453,0.02503993536811322,0.0001,0.5738062519580126
4267,0.5758830532431602,0.14769391622394323,0.013495966792106628,0.4146931692957878,0.024292034097015858,0.0001,0.5740725215524435
4268,0.5750430002808571,0.14740868657827377,0.013485461473464966,0.41414884850382805,0.025214139837771654,0.0001,0.5743988364934921
4269,0.5771583132445812,0.14747126027941704,0.013490281999111176,0.4161967784166336,0.026193536003120244,0.0001,0.574785839021206
4270,0.5754990763962269,0.14766292832791805,0.013474643230438232,0.4143615122884512,0.025303676375187933,0.0001,0.5749727047979831
4271,0.5719791427254677,0.14751514606177807,0.013484708964824677,0.4109792932868004,0.026280258083716035,0.0001,0.5745002005249262
4272,0.574616439640522,0.14749745093286037,0.013485223054885864,0.41363375447690487,0.023863038863055408,0.0001,0.574550911039114
4273,0.5730344019830227,0.1476644305512309,0.013487137854099274,0.41188283264636993,0.02477987459860742,0.0001,0.5747419543564319
4274,0.5742879584431648,0.1476639388129115,0.013482391834259033,0.4131416194140911,0.025584192713722587,0.0001,0.5748650040477514
4275,0.5781524777412415,0.14777400437742472,0.013475313782691956,0.4169031623750925,0.02496528543997556,0.0001,0.5751900028437376
4276,0.576861310750246,0.14767807815223932,0.013494059443473816,0.4156891778111458,0.024524744832888246,0.0001,0.575251517444849
4277,0.576069638133049,0.14752131141722202,0.013488873839378357,0.41505946032702923,0.024215316399931908,0.0001,0.5752701759338379
4278,0.5709767378866673,0.1475711576640606,0.01349233090877533,0.4099132511764765,0.026162358466535807,0.0001,0.5748635496944189
4279,0.5727947689592838,0.14761425275355577,0.013499118387699127,0.4116813987493515,0.024184075416997075,0.0001,0.5744271952658891
4280,0.5721583776175976,0.1475731348618865,0.01348559558391571,0.4110996462404728,0.023976941825821996,0.0001,0.5740931253880263
4281,0.5766942910850048,0.14768086839467287,0.013481758534908295,0.41553166322410107,0.025071470881812274,0.0001,0.5745646402239799
4282,0.5748957395553589,0.147578377276659,0.01349678635597229,0.4138205759227276,0.025357496342621744,0.0001,0.5745925702154636
4283,0.5740758664906025,0.14768707007169724,0.01348956674337387,0.4128992334008217,0.02588939422275871,0.0001,0.5746967166662216
4284,0.5694287121295929,0.14761904068291187,0.013481728732585907,0.4083279427140951,0.027476035407744348,0.0001,0.5742107920348645
4285,0.574182529002428,0.14774200320243835,0.013490080833435059,0.41295044869184494,0.02440267486963421,0.0001,0.5738137971609831
4286,0.5691658593714237,0.1474797921255231,0.013489879667758942,0.40819619223475456,0.0250464235432446,0.0001,0.5730442520231008
4287,0.57650575786829,0.14752192050218582,0.01348528265953064,0.41549855656921864,0.025115709868259728,0.0001,0.5730878639966249
4288,0.5706122145056725,0.1475760154426098,0.01348179578781128,0.40955439768731594,0.023528770310804248,0.0001,0.5730514116585255
4289,0.5749458819627762,0.1476408913731575,0.013484098017215729,0.4138209018856287,0.02483264054171741,0.0001,0.5732665229588747
4290,0.575594037771225,0.14773559849709272,0.013481080532073975,0.4143773652613163,0.023481500567868352,0.0001,0.5736100889742375
4291,0.5742666907608509,0.1475182780995965,0.013498201966285706,0.4132502097636461,0.02577031822875142,0.0001,0.5733673289418221
4292,0.5759365409612656,0.14753646776080132,0.013489611446857452,0.41491046734154224,0.023434966686181724,0.0001,0.5734714090824127
4293,0.5746504329144955,0.1475861594080925,0.01347244530916214,0.413591830059886,0.026115774759091437,0.0001,0.573528865724802
4294,0.5747619643807411,0.14745712839066982,0.013478770852088928,0.4138260632753372,0.024540877901017666,0.0001,0.5740621909499168
4295,0.5748806037008762,0.14755699131637812,0.013492152094841003,0.41383145190775394,0.024240288301371038,0.0001,0.5741319984197617
4296,0.5756638497114182,0.1474462328478694,0.013483524322509766,0.41473408229649067,0.024970880011096597,0.0001,0.5747817974537611
4297,0.5738612487912178,0.14752689935266972,0.013487286865711212,0.4128470681607723,0.025856468826532364,0.0001,0.5745173465460539
4298,0.572827372699976,0.14768750593066216,0.013504169881343842,0.41163569688796997,0.024450077093206346,0.0001,0.5747388623654842
4299,0.5714741200208664,0.14768506027758121,0.013491809368133545,0.41029725037515163,0.02477148931939155,0.0001,0.5743916861712932
4300,0.5677597597241402,0.14752341993153095,0.013477027416229248,0.40675931610167027,0.026450605364516377,0.0001,0.5736082583665848
4301,0.5696769282221794,0.14734577666968107,0.013486064970493317,0.40884509310126305,0.025701244361698627,0.0001,0.5731492821127177
4302,0.5747053138911724,0.14753887709230185,0.013473443686962128,0.4136929903179407,0.025448843953199685,0.0001,0.5730261594057083
4303,0.5757182352244854,0.14746404625475407,0.013508044183254242,0.41474614664912224,0.02540320309344679,0.0001,0.5731329396367073
4304,0.5713270828127861,0.14757224451750517,0.013492606580257416,0.41026223078370094,0.025873507489450276,0.0001,0.5727894514799118
4305,0.5716600343585014,0.14758532959967852,0.013482779264450073,0.410591933876276,0.023451866232790053,0.0001,0.5724673945456743
4306,0.5734931528568268,0.14745184499770403,0.013496041297912598,0.4125452656298876,0.02645028941333294,0.0001,0.5722503248602152
4307,0.5746985897421837,0.14750372990965843,0.01348859816789627,0.4137062579393387,0.02530043153092265,0.0001,0.5723340589553118
4308,0.5683743879199028,0.14747193455696106,0.013493426144123077,0.4074090253561735,0.02601383742876351,0.0001,0.5718887604773044
4309,0.5728380940854549,0.1475425325334072,0.013494864106178284,0.4118007030338049,0.02404703537467867,0.0001,0.5720251578837633
4310,0.576643593609333,0.14746990986168385,0.013488039374351501,0.4156856443732977,0.02513280394487083,0.0001,0.5729135412722826
4311,0.5736544281244278,0.14755743835121393,0.013474054634571075,0.4126229342073202,0.024575613904744387,0.0001,0.5733112912625075
4312,0.57547802105546,0.14768077433109283,0.013470970094203949,0.4143262766301632,0.025907356175594032,0.0001,0.5733885619789362
4313,0.5725469514727592,0.1473713694140315,0.013487361371517181,0.41168822161853313,0.02422183274757117,0.0001,0.5730714336037636
4314,0.5784064121544361,0.14753105118870735,0.013483308255672455,0.4173920527100563,0.025551487458869815,0.0001,0.5737793665379286
4315,0.5760327018797398,0.1474022688344121,0.013492099940776825,0.41513833962380886,0.027451832429505885,0.0001,0.5742166332900525
4316,0.5780283883213997,0.14785356633365154,0.01347893476486206,0.4166958909481764,0.025003745569847524,0.0001,0.5746701568365097
4317,0.5764755755662918,0.14755495637655258,0.013484016060829163,0.41543660312891006,0.02523299609310925,0.0001,0.5748478554189205
4318,0.5714754909276962,0.14747713692486286,0.013492532074451447,0.41050582006573677,0.02519931923598051,0.0001,0.5751579657196999
4319,0.5695872493088245,0.14754412602633238,0.013474918901920319,0.4085682090371847,0.024346098420210183,0.0001,0.5748328812420368
4320,0.5761624462902546,0.14763577841222286,0.013480208814144135,0.4150464478880167,0.02452575834468007,0.0001,0.574784766510129
4321,0.5746757164597511,0.14761626441031694,0.013482049107551575,0.4135774038732052,0.02451234427280724,0.0001,0.5748868953436613
4322,0.5728850029408932,0.14752481225878,0.01347023993730545,0.41188994981348515,0.024462782545015216,0.0001,0.5746275935322046
4323,0.5734039805829525,0.14748435840010643,0.01348334550857544,0.4124362785369158,0.02728580462280661,0.0001,0.574713296443224
4324,0.5735695585608482,0.14765567518770695,0.013496361672878265,0.4124175254255533,0.026855998439714313,0.0001,0.5742296110838652
4325,0.5735865198075771,0.14759609196335077,0.013471275568008423,0.4125191606581211,0.02429743204265833,0.0001,0.573984992876649
4326,0.5733878538012505,0.1475361818447709,0.013474695384502411,0.4123769775032997,0.024475820711813867,0.0001,0.573520939424634
4327,0.5768097639083862,0.14745827205479145,0.013471759855747223,0.4158797264099121,0.023473558598197997,0.0001,0.5735543582588434
4328,0.5728436782956123,0.14746123738586903,0.013492323458194733,0.4118901193141937,0.024436101550236344,0.0001,0.573691176995635
4329,0.5755547285079956,0.14762520603835583,0.013479538261890411,0.4144499786198139,0.025269600213505328,0.0001,0.5742879249155521
4330,0.5765812173485756,0.1473415857180953,0.013471901416778564,0.41576773673295975,0.02628397778607905,0.0001,0.5743298020213843
4331,0.5730075053870678,0.1474554631859064,0.013486988842487335,0.41206505708396435,0.02395129029173404,0.0001,0.5741629809141159
4332,0.5699418932199478,0.14739542827010155,0.013490363955497742,0.409056106582284,0.024002213962376118,0.0001,0.5738686699420213
4333,0.571922454982996,0.14734538178890944,0.013485297560691833,0.41109177470207214,0.02640176739078015,0.0001,0.5737205173820257
4334,0.5743981823325157,0.14747989922761917,0.013482920825481415,0.4134353566914797,0.024903187295421958,0.0001,0.5738033797591925
4335,0.579061534255743,0.1475992277264595,0.013476461172103882,0.4179858434945345,0.02487515821121633,0.0001,0.574350881204009
4336,0.5716911293566227,0.14737300109118223,0.013475224375724792,0.4108429104089737,0.03171741438563913,0.0001,0.5741812087595463
4337,0.5767181292176247,0.1474928567185998,0.013484515249729156,0.4157407581806183,0.025776059832423925,0.0001,0.5741720452904702
4338,0.5759487077593803,0.1475654011592269,0.013492025434970856,0.41489128582179546,0.026510087540373206,0.0001,0.574482548236847
4339,0.5743311792612076,0.14753447845578194,0.013485051691532135,0.4133116491138935,0.024147641146555543,0.0001,0.5743601933121681
4340,0.5711443834006786,0.14752029441297054,0.013491503894329071,0.41013258323073387,0.024674586253240705,0.0001,0.5738165099173784
4341,0.5727123022079468,0.14742964785546064,0.013490669429302216,0.4117919858545065,0.025516366004012525,0.0001,0.5737869895994663
4342,0.5700996294617653,0.1475659655407071,0.013475298881530762,0.40905836783349514,0.026671441504731774,0.0001,0.5738027632236481
4343,0.5728845372796059,0.14745849650353193,0.013491980731487274,0.41193406470119953,0.025217124028131366,0.0001,0.573898971453309
4344,0.574742067605257,0.14735857024788857,0.01347670704126358,0.41390678472816944,0.02438865485601127,0.0001,0.5739333599805831
4345,0.5702808871865273,0.14750887360423803,0.013494066894054413,0.4092779438942671,0.026224740780889988,0.0001,0.5730552952736616
4346,0.5721936225891113,0.14731162693351507,0.013482920825481415,0.41139908134937286,0.02470600395463407,0.0001,0.5731055445969104
4347,0.5764006190001965,0.14736600127071142,0.013474538922309875,0.41556007228791714,0.02467303117737174,0.0001,0.5730737935751676
4348,0.5763476341962814,0.14755813498049974,0.013468876481056213,0.4153206218034029,0.02521771762985736,0.0001,0.5731136862188577
4349,0.5685652680695057,0.14748671930283308,0.013478770852088928,0.40759977139532566,0.025399927515536547,0.0001,0.5725370950996875
4350,0.5738079771399498,0.14739561174064875,0.01347796618938446,0.41293439641594887,0.024169858545064926,0.0001,0.5728034544736147
4351,0.5709380991756916,0.14760507829487324,0.013492554426193237,0.4098404683172703,0.027889631339348853,0.0001,0.5726260341703892
4352,0.5740567855536938,0.1473722504451871,0.013478860259056091,0.41320567205548286,0.02556873974390328,0.0001,0.573021749779582
4353,0.5749943740665913,0.14748147875070572,0.013469330966472626,0.4140435680747032,0.026980544440448284,0.0001,0.5732327334582805
4354,0.5759899169206619,0.1475200653076172,0.013481155037879944,0.4149886965751648,0.026501827756874263,0.0001,0.5733575183898211
4355,0.5785192176699638,0.14749976433813572,0.0134754478931427,0.4175440091639757,0.024826698005199432,0.0001,0.5741813514381647
4356,0.5754713490605354,0.14757221657782793,0.013481855392456055,0.4144172724336386,0.02470112487208098,0.0001,0.5745091240853071
4357,0.5718134939670563,0.14753307029604912,0.013481974601745605,0.4107984509319067,0.026215406018309295,0.0001,0.5740504115819931
4358,0.5733429566025734,0.14730243757367134,0.013481475412845612,0.4125590492039919,0.02433992561418563,0.0001,0.5737499438226223
4359,0.5729415602982044,0.14754075650125742,0.013484969735145569,0.411915834993124,0.026134071871638298,0.0001,0.5741875730454922
4360,0.5695329420268536,0.147722490131855,0.013478569686412811,0.4083318766206503,0.02465079736430198,0.0001,0.5737600695341826
4361,0.5749876983463764,0.14733200706541538,0.013489291071891785,0.4141663983464241,0.0264913720311597,0.0001,0.574165029451251
4362,0.5735311582684517,0.14729228150099516,0.013482928276062012,0.4127559531480074,0.025407939101569355,0.0001,0.5741124667227269
4363,0.5717701464891434,0.14751476794481277,0.01348596066236496,0.41076941415667534,0.02486260375007987,0.0001,0.573790043964982
4364,0.5769264288246632,0.14743783976882696,0.013485319912433624,0.41600325889885426,0.026894561131484807,0.0001,0.5738836951553822
4365,0.5742339082062244,0.14761144760996103,0.013488180935382843,0.413134278729558,0.025808502337895334,0.0001,0.5734551642090082
4366,0.5709945037961006,0.14729755464941263,0.013492651283740997,0.41020429506897926,0.02658153756055981,0.0001,0.5730074796825647
4367,0.5756796337664127,0.14739983901381493,0.013485729694366455,0.4147940594702959,0.026550084934569895,0.0001,0.5733940936625004
4368,0.5704100281000137,0.14768272917717695,0.013464905321598053,0.40926239266991615,0.024037663941271603,0.0001,0.5731008008122445
4369,0.5707660466432571,0.14747139159590006,0.013489075005054474,0.4098055809736252,0.025814510649070144,0.0001,0.5728832494467497
4370,0.5726425610482693,0.14745366852730513,0.01348518580198288,0.41170370392501354,0.02569487621076405,0.0001,0.5731942113488913
4371,0.5713503248989582,0.14747312385588884,0.013485893607139587,0.4103912990540266,0.025317146442830563,0.0001,0.5728304740041494
4372,0.5736113674938679,0.14745550137013197,0.013478294014930725,0.4126775711774826,0.025308359530754387,0.0001,0.572838494926691
4373,0.5745027028024197,0.14754537772387266,0.013485580682754517,0.41347174905240536,0.023383162217214704,0.0001,0.5731117505580187
4374,0.5768235251307487,0.14731513429433107,0.01348704844713211,0.41602134332060814,0.024725857540033758,0.0001,0.5731014601886273
4375,0.570559736341238,0.14744423422962427,0.013484880328178406,0.4096306264400482,0.024930707179009914,0.0001,0.5727340430021286
4376,0.5725990012288094,0.1474611945450306,0.013472609221935272,0.41166519559919834,0.02558339189272374,0.0001,0.5728944927453995
4377,0.5710591115057468,0.14746242854744196,0.013475373387336731,0.410121301189065,0.02672926045488566,0.0001,0.5724324405193328
4378,0.5743199624121189,0.1476283473894,0.013478420674800873,0.41321319714188576,0.02506973862182349,0.0001,0.5728234339505434
4379,0.5736713111400604,0.14755018521100283,0.013483062386512756,0.41263806633651257,0.028667977661825716,0.0001,0.5731139604002238
4380,0.5719581954181194,0.14739561080932617,0.013466157019138336,0.4110964275896549,0.026537394151091576,0.0001,0.5730455238372087
4381,0.5733220279216766,0.14732228312641382,0.013475097715854645,0.41252464801073074,0.02701870014425367,0.0001,0.5732426941394806
4382,0.5765421986579895,0.14755786955356598,0.013470888137817383,0.4155134465545416,0.025846474221907556,0.0001,0.5735357772558928
4383,0.5745426788926125,0.14737433567643166,0.013475559651851654,0.4136927966028452,0.027831689571030438,0.0001,0.573539774864912
4384,0.5746058821678162,0.1474891807883978,0.013494007289409637,0.4136226959526539,0.025783782126381993,0.0001,0.5733180105686188
4385,0.5728319957852364,0.14755414240062237,0.013469286262989044,0.4118085652589798,0.026381834992207587,0.0001,0.5735452365130186
4386,0.5709219463169575,0.14734982885420322,0.013463065028190613,0.4101090580224991,0.0263658914482221,0.0001,0.5733775310218334
4387,0.577013660222292,0.14738174993544817,0.013488054275512695,0.41614386066794395,0.02387698134407401,0.0001,0.5739729858934879
4388,0.5758942849934101,0.1473530475050211,0.013480715453624725,0.4150605220347643,0.024064724566414952,0.0001,0.574130418151617
4389,0.5758296251296997,0.14747162349522114,0.013490118086338043,0.4148678872734308,0.027655371115542948,0.0001,0.574346249550581
4390,0.5744646266102791,0.14739730395376682,0.01347370445728302,0.41359362192451954,0.024910309119150043,0.0001,0.574596892669797
4391,0.5747085697948933,0.14763795770704746,0.01346791535615921,0.41360269859433174,0.024099794100038707,0.0001,0.5747355468571186
4392,0.5748551338911057,0.147452799603343,0.01348184049129486,0.4139205012470484,0.025404644780792296,0.0001,0.5745668403804303
4393,0.5726473182439804,0.14747977163642645,0.013477407395839691,0.411690142005682,0.026615090668201447,0.0001,0.574377304315567
4394,0.5727535113692284,0.14752137940376997,0.013482905924320221,0.4117492213845253,0.026547979447059333,0.0001,0.5741920672357083
4395,0.5728074759244919,0.1474233428016305,0.013486891984939575,0.4118972420692444,0.02552465454209596,0.0001,0.5741896152496337
4396,0.5700619332492352,0.14743969310075045,0.013485953211784363,0.4091362878680229,0.024493545410223305,0.0001,0.5741036139428616
4397,0.5705067589879036,0.1473333342000842,0.01348154991865158,0.40969187766313553,0.02492874360177666,0.0001,0.5734529238194227
4398,0.5699396729469299,0.14746119920164347,0.013469457626342773,0.40900902077555656,0.025526164332404733,0.0001,0.5728574626147747
4399,0.5756405256688595,0.14737290237098932,0.013484679162502289,0.4147829357534647,0.02415039564948529,0.0001,0.5728385526686907
4400,0.5716319717466831,0.1472770245745778,0.013478510081768036,0.410876439884305,0.025473071029409766,0.0001,0.5725552871823311
4401,0.5733645744621754,0.14769807737320662,0.013491444289684296,0.41217505373060703,0.027923921821638942,0.0001,0.5724208876490593
4402,0.5718045979738235,0.14730483293533325,0.013480998575687408,0.41101876832544804,0.025979978614486754,0.0001,0.5721158340573311
4403,0.5724000856280327,0.14743441436439753,0.013488784432411194,0.4114768858999014,0.02607648551929742,0.0001,0.5720911107957363
4404,0.5757415220141411,0.147308811545372,0.013482168316841125,0.41495053470134735,0.026724350755102932,0.0001,0.5723899118602276
4405,0.5712155885994434,0.1474078008905053,0.013463839888572693,0.41034394316375256,0.025822296738624573,0.0001,0.5722307231277227
4406,0.5728243887424469,0.14747348427772522,0.013500198721885681,0.4118507020175457,0.02444946428295225,0.0001,0.5725069686770439
4407,0.5721458494663239,0.14745437633246183,0.013479270040988922,0.41121220402419567,0.027944217901676893,0.0001,0.5726708777248859
4408,0.5739204585552216,0.14717403333634138,0.01347426325082779,0.41327215917408466,0.023637527017854154,0.0001,0.5730689562857151
4409,0.573083620518446,0.1473596105352044,0.01348470151424408,0.4122393112629652,0.025899480329826474,0.0001,0.5728132657706737
4410,0.5706373080611229,0.14740164577960968,0.013459376990795135,0.4097762946039438,0.026027105282992125,0.0001,0.5727137994021178
4411,0.5711762085556984,0.1475065564736724,0.013485610485076904,0.4101840481162071,0.024625378428027034,0.0001,0.57249496281147
4412,0.5729426965117455,0.1471860846504569,0.01346772164106369,0.412288885563612,0.025792264845222235,0.0001,0.5726087726652622
4413,0.5710218362510204,0.14735751505941153,0.013475827872753143,0.41018850170075893,0.025226672529242933,0.0001,0.572470947727561
4414,0.5760809034109116,0.1471693841740489,0.01347864419221878,0.4154328815639019,0.02389104850590229,0.0001,0.572504885867238
4415,0.5756010636687279,0.14728196058422327,0.013479314744472504,0.4148397855460644,0.02393355022650212,0.0001,0.5729434333741665
4416,0.5738133452832699,0.14767979737371206,0.013471193611621857,0.41266235895454884,0.02565636159852147,0.0001,0.5730423290282488
4417,0.5759913250803947,0.14736302383244038,0.013485200703144073,0.4151430930942297,0.024680654052644968,0.0001,0.5734268765896559
4418,0.573544904589653,0.1475119488313794,0.013488136231899261,0.41254482232034206,0.02429528732318431,0.0001,0.573389321193099
4419,0.5700868405401707,0.14740788843482733,0.013488978147506714,0.40918997675180435,0.024250447750091553,0.0001,0.5730896431952714
4420,0.5719744339585304,0.14726616069674492,0.013485394418239594,0.4112228862941265,0.026238785590976477,0.0001,0.5732233557850123
4421,0.5687951780855656,0.14721765462309122,0.013460837304592133,0.4081166833639145,0.026447937125340104,0.0001,0.5729852527379989
4422,0.579457126557827,0.14741339441388845,0.01347922533750534,0.4185645040124655,0.025541859096847475,0.0001,0.5736366957426071
4423,0.5720591619610786,0.14731548447161913,0.013491541147232056,0.41125213727355003,0.025637133046984673,0.0001,0.5737404283136129
4424,0.5769470669329166,0.14735919702798128,0.013473577797412872,0.4161142949014902,0.025154422619380057,0.0001,0.5738270446658135
4425,0.5718965344130993,0.14727516751736403,0.013500139117240906,0.41112123616039753,0.02629173349123448,0.0001,0.5734565917402505
4426,0.5723492428660393,0.14722416829317808,0.013469867408275604,0.4116552099585533,0.024081836570985615,0.0001,0.5733101814985275
4427,0.5776801630854607,0.14735148660838604,0.013482339680194855,0.41684633679687977,0.025595442624762654,0.0001,0.5734790652990341
4428,0.572808463126421,0.14729845989495516,0.013484746217727661,0.4120252523571253,0.025971426628530025,0.0001,0.5734054211527109
4429,0.57325529307127,0.1473662219941616,0.013474695384502411,0.412414375692606,0.024039206677116454,0.0001,0.5737222664058208
4430,0.5697171054780483,0.14729282818734646,0.013492107391357422,0.40893218107521534,0.02661479264497757,0.0001,0.5734965335577726
4431,0.5736381001770496,0.14751761686056852,0.013484805822372437,0.41263567842543125,0.026807278743945062,0.0001,0.573980825766921
4432,0.5680135786533356,0.14721905160695314,0.013479992747306824,0.4073145464062691,0.026241109240800142,0.0001,0.572836470976472
4433,0.5775608606636524,0.14737718272954226,0.013479329645633698,0.4167043510824442,0.0240984708070755,0.0001,0.5733866408467293
4434,0.5721675306558609,0.1473934706300497,0.013488508760929108,0.41128555685281754,0.025603384128771722,0.0001,0.5729086872190237
4435,0.5724139027297497,0.1473564375191927,0.01347140222787857,0.41158606857061386,0.02407901582773775,0.0001,0.5729604240506887
4436,0.5674818903207779,0.14752131141722202,0.01346433162689209,0.40649625286459923,0.024930016370490193,0.0001,0.5724736887961626
4437,0.5718284547328949,0.14725949615240097,0.013488970696926117,0.41107998602092266,0.02712592331226915,0.0001,0.571888517960906
4438,0.5718347169458866,0.1472795456647873,0.013476036489009857,0.41107913479208946,0.024994833511300385,0.0001,0.5717911433428526
4439,0.5722682140767574,0.14743045158684254,0.013474687933921814,0.4113630782812834,0.025150123634375632,0.0001,0.5716924354434013
4440,0.5711786895990372,0.14717057812958956,0.01347368210554123,0.4105344284325838,0.026726498501375318,0.0001,0.5718385938555002
4441,0.5699686631560326,0.1474538566544652,0.013483650982379913,0.40903115645051,0.027451913570985198,0.0001,0.5714716501533985
4442,0.5688810274004936,0.14740106463432312,0.013468340039253235,0.40801162272691727,0.026606918312609196,0.0001,0.5715583950281143
4443,0.5762898027896881,0.14727227669209242,0.013463914394378662,0.4155536126345396,0.026556006399914622,0.0001,0.5714312892407178
4444,0.5729802139103413,0.14748580381274223,0.013474889099597931,0.41201952286064625,0.023872254183515906,0.0001,0.5715125575661659
4445,0.5748933404684067,0.14730316307395697,0.01348228007555008,0.4141078982502222,0.02569663943722844,0.0001,0.5717605013400316
4446,0.5730290375649929,0.14742805436253548,0.013477891683578491,0.4121230896562338,0.025454134796746075,0.0001,0.5723152160644531
4447,0.5730021335184574,0.14714676328003407,0.013465911149978638,0.4123894590884447,0.025148871704004705,0.0001,0.5724325839430093
4448,0.5761949941515923,0.14743778109550476,0.013488836586475372,0.41526838205754757,0.026201127329841256,0.0001,0.5728686116635799
4449,0.5701964944601059,0.14736649300903082,0.013473324477672577,0.4093566797673702,0.0264721141429618,0.0001,0.5726614397019147
4450,0.5712610259652138,0.14729178976267576,0.013495557010173798,0.41047368198633194,0.024854528484866023,0.0001,0.5726696733385325
4451,0.5785663276910782,0.14713479205965996,0.01348772644996643,0.4179438129067421,0.02463339560199529,0.0001,0.573529439792037
4452,0.5719769038259983,0.14712500479072332,0.013483621180057526,0.4113682769238949,0.02478333981707692,0.0001,0.5738390274345875
4453,0.5721591375768185,0.147074481472373,0.013495810329914093,0.41158884577453136,0.024926035432145,0.0001,0.5734259609133006
4454,0.5715318396687508,0.14725744910538197,0.013470970094203949,0.41080342419445515,0.025526911369524896,0.0001,0.5732811234891415
4455,0.5749380327761173,0.14734863303601742,0.013466306030750275,0.41412308998405933,0.025664881453849375,0.0001,0.5732855927199125
4456,0.5735043548047543,0.14733188319951296,0.013467229902744293,0.41270524449646473,0.02510244946461171,0.0001,0.5733331244438886
4457,0.5693884678184986,0.14735756069421768,0.013484381139278412,0.40854652412235737,0.026794861652888358,0.0001,0.5729717578738928
4458,0.5725102424621582,0.1473295772448182,0.013483703136444092,0.4116969667375088,0.02618529077153653,0.0001,0.5726032827049494
4459,0.5730311684310436,0.14747133012861013,0.013483583927154541,0.4120762534439564,0.026033279486000538,0.0001,0.5728867501020432
4460,0.5753860399127007,0.14734556339681149,0.013475917279720306,0.4145645573735237,0.02551276353187859,0.0001,0.5732992514967918
4461,0.5706365667283535,0.14723309688270092,0.013464555144309998,0.40993891283869743,0.02780044451355934,0.0001,0.5725062754005193
4462,0.5720934830605984,0.14724925067275763,0.01346135139465332,0.41138289123773575,0.02611362235620618,0.0001,0.5725179333239794
4463,0.5757082924246788,0.14734999369829893,0.01346723735332489,0.4148910641670227,0.025369900045916438,0.0001,0.5728728488087654
4464,0.572917278856039,0.1473454963415861,0.01346299797296524,0.41210877895355225,0.024703760049305856,0.0001,0.5730113927274942
4465,0.5715172179043293,0.14739852771162987,0.013480454683303833,0.4106382355093956,0.025671316660009325,0.0001,0.5726693112403154
4466,0.5685140825808048,0.1470580706372857,0.013475708663463593,0.40798029862344265,0.026576565578579903,0.0001,0.5721702840179205
4467,0.5725379958748817,0.14746880158782005,0.01347300410270691,0.41159619204699993,0.02484522049780935,0.0001,0.5724852368235588
4468,0.5754456780850887,0.1474383221939206,0.01348733901977539,0.41452001966536045,0.02631784789264202,0.0001,0.5727787803858518
4469,0.576908566057682,0.14722411055117846,0.013482928276062012,0.4162015337496996,0.02546421391889453,0.0001,0.5731665201485157
4470,0.5727832242846489,0.1471938481554389,0.013465940952301025,0.4121234342455864,0.024925873731262982,0.0001,0.5729062385857105
4471,0.570915762335062,0.14721678476780653,0.013472169637680054,0.410226808860898,0.02622641739435494,0.0001,0.5729341581463814
4472,0.570517286658287,0.14721794705837965,0.013485066592693329,0.4098142832517624,0.02485255477949977,0.0001,0.5727765385061503
4473,0.5689673461019993,0.14732830692082644,0.013489112257957458,0.40814992785453796,0.024891511187888682,0.0001,0.5721024438738823
4474,0.5726009830832481,0.1472729779779911,0.013470061123371124,0.4118579477071762,0.02541434916201979,0.0001,0.5720708142966032
4475,0.5766216404736042,0.14731314778327942,0.013464085757732391,0.41584440879523754,0.026350956526584923,0.0001,0.5725812565535306
4476,0.5709331966936588,0.14748070016503334,0.013476535677909851,0.40997596457600594,0.02641864342149347,0.0001,0.5728231679648161
4477,0.5709575638175011,0.14724040124565363,0.013467445969581604,0.41024971939623356,0.026214651064947248,0.0001,0.572665124759078
4478,0.5757793262600899,0.14721301849931479,0.013461142778396606,0.41510516963899136,0.02702356013469398,0.0001,0.5726984895765781
4479,0.5721459947526455,0.14746613800525665,0.013464197516441345,0.41121566854417324,0.02562741411384195,0.0001,0.5722222324460745
4480,0.5779388099908829,0.14724600967019796,0.013483338057994843,0.41720946319401264,0.025766214122995734,0.0001,0.5727377910166979
4481,0.5707323774695396,0.1473059169948101,0.01348908245563507,0.40993739292025566,0.027123923529870808,0.0001,0.5727194525301457
4482,0.5751230083405972,0.14725923910737038,0.013470374047756195,0.4143933951854706,0.027405011234804988,0.0001,0.5731800246983767
4483,0.572136614471674,0.14736982248723507,0.013462468981742859,0.41130432300269604,0.026491807075217366,0.0001,0.5734969515353441
4484,0.5751293785870075,0.14734000712633133,0.013475283980369568,0.4143140874803066,0.02458712283987552,0.0001,0.5737497910857201
4485,0.5705220401287079,0.14719754550606012,0.013489164412021637,0.4098353274166584,0.024785459274426103,0.0001,0.5731398310512305
4486,0.5736061334609985,0.1474579982459545,0.013465963304042816,0.4126821681857109,0.026135529740713537,0.0001,0.5734071247279644
4487,0.571534052491188,0.1473407717421651,0.013478018343448639,0.41071526147425175,0.02512203378137201,0.0001,0.5734647735953331
4488,0.57103531062603,0.14721862319856882,0.013464964926242828,0.4103517197072506,0.02533507766202092,0.0001,0.5729903720319272
4489,0.5723853893578053,0.14745374955236912,0.0134652778506279,0.4114663638174534,0.025746946572326124,0.0001,0.5730143114924431
4490,0.5712503157556057,0.14718237984925508,0.01346992701292038,0.4105980060994625,0.02549122693017125,0.0001,0.5723454620689153
4491,0.5741972699761391,0.14726257137954235,0.01348046213388443,0.41345423087477684,0.029142398270778358,0.0001,0.5726919513195753
4492,0.5711109265685081,0.147377735003829,0.013484902679920197,0.41024828888475895,0.02492546522989869,0.0001,0.5722907431423664
4493,0.5737470276653767,0.14728694036602974,0.013462461531162262,0.4129976239055395,0.02551119786221534,0.0001,0.5724517844617367
4494,0.5743325650691986,0.14738063886761665,0.013466119766235352,0.41348581202328205,0.025764831574633718,0.0001,0.5723721031099558
4495,0.5723800845444202,0.1472657062113285,0.013496935367584229,0.41161743365228176,0.024234318756498396,0.0001,0.572557907551527
4496,0.5685545615851879,0.14732828177511692,0.013496361672878265,0.4077299199998379,0.025119401281699538,0.0001,0.572052750363946
4497,0.5644027292728424,0.1471603913232684,0.013483457267284393,0.4037588872015476,0.024541041697375476,0.0001,0.5713396180421114
4498,0.5703508630394936,0.14726188778877258,0.013487935066223145,0.4096010383218527,0.026581994374282658,0.0001,0.5712711732834578
4499,0.5708335600793362,0.14706910494714975,0.013484269380569458,0.41028018668293953,0.025758343865163624,0.0001,0.5711159903556109
4500,0.5725290924310684,0.14722987823188305,0.013460271060466766,0.41183894127607346,0.02447972644586116,0.0001,0.5712438680231571
4501,0.571378156542778,0.1473090574145317,0.013467080891132355,0.41060201823711395,0.02456124674063176,0.0001,0.570961956679821
4502,0.5684433169662952,0.1474208114668727,0.01347649097442627,0.40754601545631886,0.02438976406119764,0.0001,0.5706951957195997
4503,0.5703851580619812,0.14736741315573454,0.013465352356433868,0.4095523916184902,0.02532331633847207,0.0001,0.5703590087592602
4504,0.5730252116918564,0.1471703015267849,0.013471446931362152,0.4123834613710642,0.02595781849231571,0.0001,0.5702282734215259
4505,0.5755019448697567,0.14726513717323542,0.01345410943031311,0.4147826973348856,0.02598098514135927,0.0001,0.5705404594540596
4506,0.5730938725173473,0.14715130627155304,0.013477690517902374,0.4124648831784725,0.025877277017571032,0.0001,0.5709943905472755
4507,0.5751667059957981,0.14728211518377066,0.013463638722896576,0.41442095674574375,0.025472897104918957,0.0001,0.5720707882195711
4508,0.5776919275522232,0.14716581348329782,0.013474814593791962,0.41705130599439144,0.026117019588127732,0.0001,0.5728048946708441
4509,0.573381032794714,0.14696571044623852,0.013466842472553253,0.4129484836012125,0.02508329157717526,0.0001,0.5730596419423819
4510,0.5724978037178516,0.14724541641771793,0.013468511402606964,0.4117838814854622,0.02595470449887216,0.0001,0.5730565130710602
4511,0.5740432403981686,0.1472034128382802,0.013463906943798065,0.4133759215474129,0.024381279363296926,0.0001,0.5733230214565992
4512,0.5736308768391609,0.14728099666535854,0.01346549391746521,0.41288438625633717,0.025456321891397238,0.0001,0.5738417774438858
4513,0.575100265443325,0.14719291683286428,0.013475462794303894,0.41443188674747944,0.026212531724013388,0.0001,0.5743132881820202
4514,0.5750385336577892,0.1472949394956231,0.013468094170093536,0.41427550092339516,0.026062225457280874,0.0001,0.5745146203786134
4515,0.5705057978630066,0.14734472893178463,0.013465315103530884,0.4096957538276911,0.02519015211146325,0.0001,0.5740150056779385
4516,0.5701557137072086,0.1472799675539136,0.01346386969089508,0.40941187739372253,0.02725836541503668,0.0001,0.5737211897969245
4517,0.5749346800148487,0.14718521106988192,0.013464674353599548,0.4142847917973995,0.025004556053318083,0.0001,0.5736979871988297
4518,0.5745810233056545,0.1473343325778842,0.013473644852638245,0.41377304308116436,0.025373061187565327,0.0001,0.5733868967741728
4519,0.5742816738784313,0.1472615022212267,0.013468384742736816,0.4135517906397581,0.025365048786625266,0.0001,0.5734769608825445
4520,0.5718242786824703,0.14728164672851562,0.01348605751991272,0.411056574434042,0.027191493660211563,0.0001,0.5734096083790063
4521,0.5746142491698265,0.14725600834935904,0.013466015458106995,0.4138922244310379,0.02519181335810572,0.0001,0.5734667092561722
4522,0.5732879377901554,0.14717581309378147,0.0134812593460083,0.4126308709383011,0.024803914362564683,0.0001,0.5734324153512717
4523,0.5713932290673256,0.14715641271322966,0.013472504913806915,0.41076431795954704,0.024817174882628024,0.0001,0.5730617117136717
4524,0.5679547786712646,0.14704319462180138,0.013470865786075592,0.4074407182633877,0.026812336524017155,0.0001,0.5723533362150193
4525,0.5703444629907608,0.14726670179516077,0.01346702128648758,0.4096107427030802,0.02556726580951363,0.0001,0.5723372027277946
4526,0.57597591355443,0.14732551388442516,0.01345515251159668,0.41519525088369846,0.024162522400729358,0.0001,0.5729192227125168
4527,0.5756542533636093,0.1473358878865838,0.013468876481056213,0.41484948620200157,0.024741733446717262,0.0001,0.5729911800473928
4528,0.5738292895257473,0.14719305280596018,0.01346762478351593,0.41316862031817436,0.026334303780458868,0.0001,0.5729160066694021
4529,0.5753488205373287,0.14731339644640684,0.01348499208688736,0.4145504403859377,0.02585825847927481,0.0001,0.5730227213352919
4530,0.575058352202177,0.1471388442441821,0.013469353318214417,0.4144501592963934,0.025853687897324562,0.0001,0.5733461286872625
4531,0.5747747868299484,0.1470451634377241,0.013462871313095093,0.41426675766706467,0.02610660344362259,0.0001,0.5733621824532747
4532,0.5711358897387981,0.14716520812362432,0.01348324865102768,0.41048743575811386,0.025203301920555532,0.0001,0.573146977648139
4533,0.5721246004104614,0.14729504100978374,0.013461507856845856,0.41136806085705757,0.025112494244240224,0.0001,0.5732201147824526
4534,0.5737502984702587,0.14711116813123226,0.013470940291881561,0.41316818445920944,0.025339156622067094,0.0001,0.573799666762352
4535,0.5711173936724663,0.14732671342790127,0.01346009224653244,0.4103305898606777,0.024557140073738992,0.0001,0.5738769598305226
4536,0.5692982487380505,0.14721738174557686,0.013459786772727966,0.4086210858076811,0.026054420159198344,0.0001,0.5732091933488845
4537,0.5729149915277958,0.1473788022994995,0.013479821383953094,0.4120563715696335,0.026380166062153876,0.0001,0.5729352671653032
4538,0.5754853077232838,0.14723892603069544,0.013475827872753143,0.41477055475115776,0.027376732556149364,0.0001,0.5731008689850569
4539,0.5771904811263084,0.1473136367276311,0.013468213379383087,0.41640862822532654,0.026655263965949416,0.0001,0.5732850350439549
4540,0.5781704485416412,0.14721582736819983,0.013474330306053162,0.417480293661356,0.025548361241817474,0.0001,0.5735962446779013
4541,0.5758212059736252,0.1472111251205206,0.013474613428115845,0.4151354730129242,0.02568899653851986,0.0001,0.5737008865922689
4542,0.5718187391757965,0.1469860440120101,0.013469867408275604,0.41136282309889793,0.02628426719456911,0.0001,0.5737691715359687
4543,0.5729696825146675,0.14704618602991104,0.013500414788722992,0.4124230854213238,0.02536785276606679,0.0001,0.5738536797463893
4544,0.572275135666132,0.14715491142123938,0.013488464057445526,0.41163176111876965,0.02653920475859195,0.0001,0.5737061634659767
4545,0.5740132965147495,0.14718975313007832,0.013477496802806854,0.41334605030715466,0.025230089901015162,0.0001,0.5739957537502051
4546,0.5729437693953514,0.1471495646983385,0.01347273588180542,0.4123214688152075,0.026438206317834556,0.0001,0.5743603058159351
4547,0.5741696357727051,0.14717698842287064,0.013477042317390442,0.41351561062037945,0.02763641148339957,0.0001,0.574485770240426
4548,0.5690789669752121,0.14720796141773462,0.013479754328727722,0.4083912540227175,0.025492853950709105,0.0001,0.5738451361656189
4549,0.5737137906253338,0.1472977977246046,0.013471893966197968,0.41294409707188606,0.027212758897803724,0.0001,0.5734974671155214
4550,0.5711617842316628,0.14710335340350866,0.013476118445396423,0.4105823114514351,0.02669774612877518,0.0001,0.5727966006845235
4551,0.5714596509933472,0.14728767331689596,0.013466551899909973,0.4107054192572832,0.026410856866277754,0.0001,0.5723604451864958
4552,0.5718778744339943,0.1470566112548113,0.013462118804454803,0.41135914996266365,0.02653385477606207,0.0001,0.5723663587123156
4553,0.5723795145750046,0.14728021435439587,0.01347440481185913,0.41162490099668503,0.025780629250220954,0.0001,0.5723073419183493
4554,0.571238249540329,0.14716779440641403,0.013468019664287567,0.4106024354696274,0.02475675311870873,0.0001,0.5722036533057689
4555,0.5728644728660583,0.14708481263369322,0.013469234108924866,0.41231042705476284,0.025590555858798325,0.0001,0.5720887709408998
4556,0.5717827677726746,0.14728590287268162,0.013469986617565155,0.41102687641978264,0.02633976936340332,0.0001,0.5719726707786321
4557,0.5719980224967003,0.1471337527036667,0.013458840548992157,0.41140542924404144,0.026064485893584788,0.0001,0.5717555094510317
4558,0.5748185217380524,0.14705630484968424,0.013481058180332184,0.4142811503261328,0.026972385123372078,0.0001,0.5723294649273157
4559,0.5704779960215092,0.14724404085427523,0.013462863862514496,0.4097710847854614,0.02577377378474921,0.0001,0.5720058854669332
4560,0.5809302963316441,0.14734257105737925,0.013463839888572693,0.42012388445436954,0.025720371515490115,0.0001,0.5729827366769313
4561,0.5726766772568226,0.1471928209066391,0.013469532132148743,0.4120143298059702,0.026675100903958082,0.0001,0.5731044393032789
4562,0.5678682699799538,0.14717496652156115,0.013477809727191925,0.40721549466252327,0.025321668246760964,0.0001,0.5727034788578749
4563,0.571392685174942,0.1473634010180831,0.013469986617565155,0.41055929102003574,0.024805631721392274,0.0001,0.5726047959178686
4564,0.5755303166806698,0.1471597719937563,0.013459965586662292,0.4149105828255415,0.026585291023366153,0.0001,0.5730340026319027
4565,0.5713315568864346,0.14720174204558134,0.013467960059642792,0.41066185757517815,0.02736508857924491,0.0001,0.5728807110339403
4566,0.5679997205734253,0.1470199329778552,0.013473950326442719,0.40750583447515965,0.028287898981943727,0.0001,0.5725024063140154
4567,0.5731036365032196,0.1470467383041978,0.013477101922035217,0.41257980465888977,0.02562381501775235,0.0001,0.5726129677146673
4568,0.5722824670374393,0.14701644331216812,0.01346578449010849,0.4118002522736788,0.025665924069471657,0.0001,0.572359362244606
4569,0.5747850202023983,0.1472765002399683,0.013479821383953094,0.41402869671583176,0.025858428911305964,0.0001,0.5727900646626949
4570,0.5736436247825623,0.14706346299499273,0.01346740871667862,0.4131127577275038,0.02510646008886397,0.0001,0.5720613975077867
4571,0.5760752856731415,0.14718666393309832,0.013471730053424835,0.4154168851673603,0.028843817301094532,0.0001,0.5724012583494187
4572,0.5742456316947937,0.1472700797021389,0.013464689254760742,0.41351086646318436,0.026237078243866563,0.0001,0.5730389945209027
4573,0.5739405192434788,0.14718502387404442,0.013465575873851776,0.4132899232208729,0.02556587557774037,0.0001,0.5732937779277563
4574,0.5706828646361828,0.1470002606511116,0.013465315103530884,0.41021728701889515,0.02532468654680997,0.0001,0.5728090327233076
4575,0.5695849731564522,0.14711105171591043,0.013466261327266693,0.4090076629072428,0.026779879699461162,0.0001,0.5726343743503094
4576,0.5739263482391834,0.1471871705725789,0.013465508818626404,0.4132736623287201,0.028070521424524486,0.0001,0.5732270371168852
4577,0.5702401883900166,0.14717262517660856,0.013467714190483093,0.4095998536795378,0.027477921568788588,0.0001,0.5729406923055649
4578,0.577523734420538,0.14711725153028965,0.013462021946907043,0.41694446094334126,0.026328802458010614,0.0001,0.5734648190438747
4579,0.5765135288238525,0.14724565017968416,0.01349039375782013,0.4157774858176708,0.027596609783358872,0.0001,0.5736376699060202
4580,0.5704055801033974,0.14729651808738708,0.013459093868732452,0.4096499662846327,0.024053416564129293,0.0001,0.5733138654381037
4581,0.5709220878779888,0.14720899146050215,0.01346801221370697,0.4102450869977474,0.025501489639282227,0.0001,0.5727985456585885
4582,0.5728250294923782,0.14722808357328176,0.013473749160766602,0.4121231995522976,0.02685977576766163,0.0001,0.5726564854383469
4583,0.570563305169344,0.14696769881993532,0.013473093509674072,0.4101225268095732,0.025104295113123953,0.0001,0.5723187640309334
4584,0.5702332220971584,0.1472750073298812,0.013463348150253296,0.4094948712736368,0.02722301776520908,0.0001,0.572273799777031
4585,0.569276612251997,0.14726667571812868,0.013465642929077148,0.40854429453611374,0.02684224327094853,0.0001,0.5722429636865854
4586,0.5767233483493328,0.1472071735188365,0.013454250991344452,0.41606192104518414,0.025277511915192008,0.0001,0.5725226636976004
4587,0.571202989667654,0.1470149727538228,0.013463303446769714,0.41072471626102924,0.029050105018541217,0.0001,0.5726189438253642
4588,0.5697729550302029,0.1471787439659238,0.013472646474838257,0.4091215617954731,0.025409354944713414,0.0001,0.5718438658863306
4589,0.5777053683996201,0.14706932194530964,0.013479776680469513,0.4171562660485506,0.028140559094026685,0.0001,0.5719630498439073
4590,0.5714569538831711,0.14720459189265966,0.013474643230438232,0.4107777141034603,0.026962093077600002,0.0001,0.5720681872218847
4591,0.5732277259230614,0.147182397544384,0.01346994936466217,0.4125753790140152,0.025686686509288847,0.0001,0.5722987510263919
4592,0.5709946155548096,0.14713814668357372,0.013472847640514374,0.4103836268186569,0.025815962813794613,0.0001,0.5721157096326351
4593,0.5721589662134647,0.14707060903310776,0.013476110994815826,0.411612244322896,0.026410497492179275,0.0001,0.5722752757370472
4594,0.5686983466148376,0.1471088593825698,0.01346975564956665,0.40811973437666893,0.027638359344564378,0.0001,0.5721217881888151
4595,0.5700115188956261,0.1471810732036829,0.013457700610160828,0.40937274135649204,0.024940814008004963,0.0001,0.572195278853178
4596,0.5710919201374054,0.14730944484472275,0.013470388948917389,0.4103120844811201,0.025206077261827886,0.0001,0.5716321360319853
4597,0.573199912905693,0.1470904154703021,0.013473756611347198,0.4126357417553663,0.026785236783325672,0.0001,0.5718318283557892
4598,0.5738340504467487,0.14713183790445328,0.01347331702709198,0.4132288936525583,0.024865430314093828,0.0001,0.5722379378974438
4599,0.5699009075760841,0.1472536027431488,0.013484165072441101,0.4091631416231394,0.025733435060828924,0.0001,0.5714574918150902
4600,0.5716023184359074,0.14731212332844734,0.013473547995090485,0.41081664711236954,0.026027081883512437,0.0001,0.5714720282703638
4601,0.5732414312660694,0.14721666555851698,0.013467535376548767,0.4125572256743908,0.02627225173637271,0.0001,0.5714733988046646
4602,0.57200563326478,0.14701981469988823,0.013454750180244446,0.4115310739725828,0.02407625748310238,0.0001,0.5715745005756616
4603,0.571997158229351,0.1471213409677148,0.013463698327541351,0.41141212545335293,0.026095991721376777,0.0001,0.5715583197772502
4604,0.5685580745339394,0.14707533176988363,0.013468436896800995,0.40801430493593216,0.027767956256866455,0.0001,0.5715442925691605
4605,0.575335193425417,0.14714660681784153,0.013458505272865295,0.41473008319735527,0.026377953472547233,0.0001,0.5720766600221395
4606,0.5717335976660252,0.14708521869033575,0.01346992701292038,0.41117844358086586,0.025888403062708676,0.0001,0.5721408277750015
4607,0.5748841017484665,0.1471839789301157,0.013471394777297974,0.4142287317663431,0.025154610397294164,0.0001,0.5723092466592788
4608,0.5752810686826706,0.14716572407633066,0.013468734920024872,0.4146466124802828,0.02587591006886214,0.0001,0.572453948482871
4609,0.5730181261897087,0.1470885006710887,0.013472020626068115,0.412457600235939,0.025875090272165835,0.0001,0.5727656703442335
4610,0.5740449093282223,0.14709317591041327,0.01347360759973526,0.4134781174361706,0.024231493822298944,0.0001,0.573009929433465
4611,0.5720938630402088,0.14705901965498924,0.013471044600009918,0.41156380251049995,0.025402023224160075,0.0001,0.572895172610879
4612,0.571517750620842,0.14687363244593143,0.013456806540489197,0.4111873134970665,0.026471200166270137,0.0001,0.5728463843464852
4613,0.5728032998740673,0.1471253987401724,0.013465940952301025,0.41221196204423904,0.02456090273335576,0.0001,0.5729269985109567
4614,0.5700121000409126,0.14698058180510998,0.013474233448505402,0.4095572903752327,0.02603431965690106,0.0001,0.5730724010616541
4615,0.5676167123019695,0.14693715516477823,0.013483904302120209,0.40719565749168396,0.02480854094028473,0.0001,0.5723005529493094
4616,0.569718811661005,0.14704020507633686,0.013469427824020386,0.4092091731727123,0.02681877021677792,0.0001,0.5720990743488074
4617,0.5788873769342899,0.14702845364809036,0.01347372680902481,0.41838520020246506,0.0268779891775921,0.0001,0.5724994018673897
4618,0.5696717016398907,0.14688375033438206,0.013471044600009918,0.40931691229343414,0.026858614408411086,0.0001,0.5719384651631116
4619,0.5760137885808945,0.14703331049531698,0.013492651283740997,0.41548783145844936,0.025365518173202872,0.0001,0.5722380314022303
4620,0.5721324533224106,0.14707129262387753,0.013473644852638245,0.4115875121206045,0.02748056349810213,0.0001,0.5720467858016491
4621,0.5714335702359676,0.14706648886203766,0.013467378914356232,0.4108997005969286,0.02527920505963266,0.0001,0.5719807565212249
4622,0.5719113498926163,0.1470549749210477,0.013470306992530823,0.41138606891036034,0.02546189446002245,0.0001,0.5720201164484024
4623,0.5729560479521751,0.1470222771167755,0.013467885553836823,0.41246588714420795,0.025302558089606464,0.0001,0.5720353912562132
4624,0.572556059807539,0.14697672612965107,0.013456784188747406,0.4121225569397211,0.025709024048410356,0.0001,0.5722897872328758
4625,0.5735697895288467,0.1469944128766656,0.013477407395839691,0.41309796646237373,0.02685359469614923,0.0001,0.5728850949555635
4626,0.5738416612148285,0.14708611834794283,0.013476632535457611,0.4132789112627506,0.025477300165221095,0.0001,0.5732973799109459
4627,0.5721337683498859,0.14713839441537857,0.013460054993629456,0.4115353152155876,0.026183797512203455,0.0001,0.5726220190525055
4628,0.5729239769279957,0.14709382224828005,0.0134676992893219,0.412362452596426,0.02593079931102693,0.0001,0.572947246581316
4629,0.573596753180027,0.14694762602448463,0.01346338540315628,0.4131857492029667,0.02602566359564662,0.0001,0.5727055430412292
4630,0.574875496327877,0.1470967773348093,0.013473346829414368,0.4143053740262985,0.024945302167907357,0.0001,0.5729798473417759
4631,0.5689932778477669,0.14704532735049725,0.013477794826030731,0.4084701593965292,0.025812737992964685,0.0001,0.5727358181029558
4632,0.5681381486356258,0.14704057481139898,0.013465657830238342,0.40763191133737564,0.026779800071381032,0.0001,0.5723584979772568
4633,0.5737162604928017,0.14712910819798708,0.013463780283927917,0.4131233748048544,0.026707263314165175,0.0001,0.5724345192313194
4634,0.5697712637484074,0.1470968211069703,0.013452395796775818,0.40922205336391926,0.024945263634435833,0.0001,0.5721560396254063
4635,0.5789044722914696,0.147173335775733,0.01346220076084137,0.41826893389225006,0.026534283068031073,0.0001,0.5726895079016685
4636,0.5726400874555111,0.14699405152350664,0.013447411358356476,0.4121986124664545,0.025210340972989798,0.0001,0.5725693505257368
4637,0.573908656835556,0.14701520185917616,0.013479337096214294,0.4134141281247139,0.026634169975295663,0.0001,0.5727468393743038
4638,0.5715493075549603,0.14710859954357147,0.013464637100696564,0.4109760709106922,0.025012553203850985,0.0001,0.5726093724370003
4639,0.5695264153182507,0.14700866676867008,0.013469740748405457,0.40904800221323967,0.02543643396347761,0.0001,0.5722023386508226
4640,0.57509695738554,0.14711368270218372,0.013465814292430878,0.4145174566656351,0.025120089994743466,0.0001,0.5722244847565889
4641,0.5731348246335983,0.1470059109851718,0.01347314566373825,0.4126557670533657,0.025432818685658276,0.0001,0.5726386394351721
4642,0.5739973075687885,0.14701976720243692,0.013473287224769592,0.4135042577981949,0.025768775725737214,0.0001,0.5732245553284884
4643,0.5736262314021587,0.14715931843966246,0.013465531170368195,0.4130013845860958,0.02829678263515234,0.0001,0.573215552419424
4644,0.5733389221131802,0.14690343104302883,0.013462916016578674,0.4129725731909275,0.023811531369574368,0.0001,0.5735723182559014
4645,0.5750492587685585,0.14725117199122906,0.013464115560054779,0.4143339619040489,0.02651121374219656,0.0001,0.5731867969036102
4646,0.5748513713479042,0.1469368962571025,0.013473041355609894,0.4144414383918047,0.025068845599889755,0.0001,0.5734079252928496
4647,0.5674189478158951,0.14700374845415354,0.01346682757139206,0.40694837272167206,0.024847811670042574,0.0001,0.5727589543908834
4648,0.5721286758780479,0.14708166383206844,0.013484269380569458,0.4115627370774746,0.02603450615424663,0.0001,0.5728168912231922
4649,0.5748286023736,0.1469449009746313,0.013459503650665283,0.41442419961094856,0.02771270170342177,0.0001,0.5733471099287272
4650,0.5693152882158756,0.1471585175022483,0.01346055418252945,0.40869621746242046,0.02503422333393246,0.0001,0.5727689430117607
4651,0.5775891281664371,0.146983802318573,0.013456188142299652,0.4171491451561451,0.023882630630396307,0.0001,0.5732143733650445
4652,0.5694493390619755,0.1469762586057186,0.013461872935295105,0.40901120752096176,0.025681981933303177,0.0001,0.5727595765143633
4653,0.5700296834111214,0.1470176139846444,0.01346396654844284,0.40954809822142124,0.026441932655870914,0.0001,0.5723999217152596
4654,0.5758582092821598,0.14697581715881824,0.013452082872390747,0.41543031111359596,0.026507754460908473,0.0001,0.5726518504321575
4655,0.5709264166653156,0.1468930598348379,0.013468898832798004,0.41056446358561516,0.02567438769619912,0.0001,0.5722395662218333
4656,0.5751014314591885,0.14703196939080954,0.013475216925144196,0.41459424793720245,0.02823566331062466,0.0001,0.5722645722329617
4657,0.5727430656552315,0.1470636622980237,0.013466589152812958,0.41221282072365284,0.025204523000866175,0.0001,0.5727969840168953
4658,0.571990218013525,0.14691055938601494,0.013461537659168243,0.411618122830987,0.026646258542314172,0.0001,0.572783138230443
4659,0.5712337344884872,0.1468579014763236,0.013470351696014404,0.4109054822474718,0.025806091027334332,0.0001,0.5724236514419317
4660,0.5752494558691978,0.14686640538275242,0.013460472226142883,0.4149225763976574,0.025705797132104635,0.0001,0.573017068207264
4661,0.5747856646776199,0.14699689950793982,0.013459272682666779,0.41432949155569077,0.0248920067679137,0.0001,0.5727367218583822
4662,0.5715369358658791,0.1468889033421874,0.013465747237205505,0.4111822787672281,0.027229114435613155,0.0001,0.5729454815387726
4663,0.5712012350559235,0.1471223160624504,0.013465963304042816,0.4106129612773657,0.026624922058545053,0.0001,0.5730626367032527
4664,0.5741748698055744,0.1470898576080799,0.013459019362926483,0.4136259909719229,0.025870545185171068,0.0001,0.5728943027555943
4665,0.5688929855823517,0.14695443864911795,0.013480380177497864,0.40845816023647785,0.024629274499602616,0.0001,0.5726909596472979
4666,0.5698967278003693,0.14698981121182442,0.013456165790557861,0.4094507545232773,0.025476925657130778,0.0001,0.5721704892814159
4667,0.5727538354694843,0.14699364267289639,0.013467252254486084,0.41229293681681156,0.027135689393617213,0.0001,0.5721715662628413
4668,0.5713875815272331,0.147136221639812,0.013453461229801178,0.4107978977262974,0.024739227257668972,0.0001,0.5721113026142121
4669,0.5708181485533714,0.14692191779613495,0.013467594981193542,0.41042863950133324,0.026383084594272077,0.0001,0.5720697440207004
4670,0.5741421915590763,0.14708392042666674,0.013462848961353302,0.4135954212397337,0.024999654036946595,0.0001,0.5719590175896883
4671,0.5678428895771503,0.1470894943922758,0.01347397267818451,0.4072794169187546,0.02506441797595471,0.0001,0.5712647400796413
4672,0.571320652961731,0.14689956605434418,0.013456165790557861,0.41096492670476437,0.026857189019210637,0.0001,0.5712431117892265
4673,0.5720469057559967,0.1468212278559804,0.013451173901557922,0.4117744993418455,0.026734116720035672,0.0001,0.5713276788592339
4674,0.5705661401152611,0.1468553189188242,0.013461589813232422,0.4102492332458496,0.026073084329254925,0.0001,0.5709668058902025
4675,0.572698537260294,0.14696326293051243,0.013478487730026245,0.41225678473711014,0.025897261686623096,0.0001,0.5713473610579968
4676,0.5698570907115936,0.1469993581995368,0.013460472226142883,0.4093972612172365,0.0260872965445742,0.0001,0.5713433973491192
4677,0.5742928050458431,0.1470091613009572,0.013453610241413116,0.4138300344347954,0.026482886518351734,0.0001,0.5714972943067551
4678,0.5702686496078968,0.1470141401514411,0.013467423617839813,0.4097870886325836,0.027325254515744746,0.0001,0.5713854011148214
4679,0.5722895823419094,0.14706740248948336,0.013471037149429321,0.41175114177167416,0.025239063892513514,0.0001,0.5715325444936752
4680,0.573312733322382,0.14681230764836073,0.013461671769618988,0.41303875111043453,0.02594564389437437,0.0001,0.5714495986700058
4681,0.573124136775732,0.14691079128533602,0.013463601469993591,0.41274974308907986,0.027308632503263652,0.0001,0.571977723389864
4682,0.5751585960388184,0.14711539074778557,0.013446860015392303,0.4145963527262211,0.024902092176489532,0.0001,0.5723615176975727
4683,0.572590596973896,0.1469900654628873,0.013464488089084625,0.412136048078537,0.02870719088241458,0.0001,0.5724158868193626
4684,0.5732390657067299,0.14693596959114075,0.013458199799060822,0.4128448907285929,0.026998842251487076,0.0001,0.5726831793785095
4685,0.5743898376822472,0.14689031895250082,0.01347600668668747,0.4140235148370266,0.028336947900243104,0.0001,0.5728523094207049
4686,0.5742779858410358,0.1470150863751769,0.013471193611621857,0.41379171051084995,0.025718146469444036,0.0001,0.5732943989336491
4687,0.571728028357029,0.14698288217186928,0.013446472585201263,0.41129867173731327,0.02591086912434548,0.0001,0.5730379212647676
4688,0.5738050527870655,0.14696182124316692,0.013452962040901184,0.41339027136564255,0.02750173327513039,0.0001,0.5733915615826846
4689,0.5714602507650852,0.14695066958665848,0.013465285301208496,0.4110443014651537,0.025936708669178188,0.0001,0.5733086284250021
4690,0.5716551579535007,0.14700047951191664,0.013469845056533813,0.41118483431637287,0.026843800558708608,0.0001,0.573142870888114
4691,0.5768108852207661,0.14710628893226385,0.01346733421087265,0.416237261146307,0.029024614836089313,0.0001,0.5735115457326174
4692,0.5742706470191479,0.14710566774010658,0.01346464455127716,0.41370033100247383,0.026684406795538962,0.0001,0.5734227508306503
4693,0.5741210281848907,0.14695960376411676,0.013467498123645782,0.4136939309537411,0.027743688318878412,0.0001,0.5735757939517498
4694,0.5721449218690395,0.1468584779649973,0.013464979827404022,0.4118214640766382,0.029974471894092858,0.0001,0.5734663795679807
4695,0.5732135884463787,0.14697757083922625,0.01348026841878891,0.4127557538449764,0.026012296555563807,0.0001,0.5733487546443939
4696,0.577014584094286,0.14705263916403055,0.013464011251926422,0.41649793460965157,0.024514047312550247,0.0001,0.573622414469719
4697,0.5729442536830902,0.1470314608886838,0.01348184049129486,0.41243094950914383,0.02576806745491922,0.0001,0.573744037002325
4698,0.5725544653832912,0.14713873248547316,0.013472892343997955,0.41194283962249756,0.024910880369134247,0.0001,0.5736189782619476
4699,0.5704929158091545,0.14687693864107132,0.01345749944448471,0.41015847958624363,0.025098195765167475,0.0001,0.5735222447663546
4700,0.572972483932972,0.14693121425807476,0.013472683727741241,0.4125685915350914,0.027854054584167898,0.0001,0.5736539773643017
4701,0.5709404423832893,0.14700189977884293,0.013473354279994965,0.41046519577503204,0.027386199217289686,0.0001,0.573066933080554
4702,0.5677444711327553,0.1471569687128067,0.013453520834445953,0.4071339797228575,0.028012365219183266,0.0001,0.5724143154919148
4703,0.5739770233631134,0.1468974156305194,0.01345885545015335,0.4136207476258278,0.026302145677618682,0.0001,0.572399915009737
4704,0.5730017125606537,0.14707643259316683,0.013448074460029602,0.41247719898819923,0.026586386025883257,0.0001,0.5724855940788984
4705,0.5751008205115795,0.1470542661845684,0.01347295194864273,0.4145736061036587,0.02631698118057102,0.0001,0.5726743172854185
4706,0.5714547969400883,0.14698499720543623,0.013478659093379974,0.4109911359846592,0.028053516638465226,0.0001,0.5721183385699987
4707,0.5713005885481834,0.14704324398189783,0.013458944857120514,0.4107983987778425,0.029444402898661792,0.0001,0.5719539720565081
4708,0.5726939737796783,0.14709661435335875,0.013463325798511505,0.4121340326964855,0.026865663821808994,0.0001,0.5719679228961467
4709,0.5755844451487064,0.14690587855875492,0.013472750782966614,0.4152058195322752,0.02402179141063243,0.0001,0.572477075830102
4710,0.5752803198993206,0.1467765923589468,0.013474680483341217,0.4150290470570326,0.024581590783782303,0.0001,0.5727078594267369
4711,0.5715375542640686,0.14699293859302998,0.013481266796588898,0.41106335259974003,0.02581240562722087,0.0001,0.5727675706148148
4712,0.5763937309384346,0.14683841168880463,0.01346636563539505,0.4160889443010092,0.027422015322372317,0.0001,0.5736324965953827
4713,0.5757905021309853,0.14699038304388523,0.013461098074913025,0.41533901914954185,0.02609829045832157,0.0001,0.5738138444721699
4714,0.5765163265168667,0.14690466597676277,0.013462692499160767,0.4161489699035883,0.025593477650545537,0.0001,0.5741653058677911
4715,0.5743729174137115,0.14679113030433655,0.013454534113407135,0.4141272474080324,0.025870105950161815,0.0001,0.5740925155580043
4716,0.5757183954119682,0.14689086191356182,0.013451837003231049,0.41537570022046566,0.026792516699060798,0.0001,0.5745188754051924
4717,0.5729680173099041,0.14723910298198462,0.013476133346557617,0.412252776324749,0.027855750755406916,0.0001,0.5746856182813644
4718,0.5714081898331642,0.1470707654953003,0.01345141977071762,0.4108859971165657,0.026882332051172853,0.0001,0.574557039886713
4719,0.5710194818675518,0.14700523018836975,0.013441979885101318,0.4105722811073065,0.02526924922131002,0.0001,0.5741005435585975
4720,0.5665490329265594,0.14690917544066906,0.013465985655784607,0.4061738643795252,0.02603410801384598,0.0001,0.5732274148613214
4721,0.5700332783162594,0.14698871970176697,0.013477936387062073,0.4095666203647852,0.026135604362934828,0.0001,0.5730769872665405
4722,0.5705087743699551,0.14694662299007177,0.013457149267196655,0.41010500118136406,0.025131373200565577,0.0001,0.5724884916096926
4723,0.5748062506318092,0.14690159261226654,0.013460502028465271,0.4144441578537226,0.025186536833643913,0.0001,0.572390066459775
4724,0.5737661272287369,0.14677801076322794,0.013473398983478546,0.413514731451869,0.025073519558645785,0.0001,0.572115046530962
4725,0.5723337903618813,0.1468615736812353,0.013463646173477173,0.41200857423245907,0.026548772235400975,0.0001,0.571911133825779
4726,0.5721747688949108,0.1467708684504032,0.013470552861690521,0.41193334199488163,0.02602929959539324,0.0001,0.5715567711740732
4727,0.5686556622385979,0.1469109021127224,0.013465814292430878,0.40827894397079945,0.03573050117120147,0.0001,0.5711255356669426
4728,0.5729218944907188,0.14699396211653948,0.013453766703605652,0.41247416473925114,0.026715017738752067,0.0001,0.5712769061326981
4729,0.5716721564531326,0.1470980839803815,0.013451896607875824,0.41112218610942364,0.025990178575739264,0.0001,0.5713421735912562
4730,0.5751630663871765,0.1466616103425622,0.013460680842399597,0.415040772408247,0.024500159197486937,0.0001,0.5722035769373178
4731,0.574440311640501,0.1470109550282359,0.013453848659992218,0.41397550515830517,0.026690918602980673,0.0001,0.572644280269742
4732,0.5752539560198784,0.14695124607533216,0.013468533754348755,0.414834164083004,0.026697302469983697,0.0001,0.5731187984347343
4733,0.5718527473509312,0.14676738251000643,0.01344858855009079,0.4116367734968662,0.026123114628717303,0.0001,0.5728234481066465
4734,0.5735169053077698,0.1468141321092844,0.013453245162963867,0.41324951872229576,0.02785161300562322,0.0001,0.5727985259145498
4735,0.5706889592111111,0.14697146601974964,0.013443604111671448,0.41027388907969,0.026000325451605022,0.0001,0.5726340427994728
4736,0.5752288773655891,0.14695928804576397,0.01345846801996231,0.41481112502515316,0.027035065926611423,0.0001,0.5729394536465406
4737,0.5696267075836658,0.14697792753577232,0.013465829193592072,0.40918295457959175,0.027607348980382085,0.0001,0.5730365581810475
4738,0.5744496062397957,0.1468300810083747,0.013473406434059143,0.4141461197286844,0.0262323155766353,0.0001,0.5731893293559551
4739,0.5659758970141411,0.1468905797228217,0.013456746935844421,0.4056285750120878,0.02570978773292154,0.0001,0.5726197034120559
4740,0.573315940797329,0.14701145980507135,0.013466060161590576,0.41283841617405415,0.028402832569554448,0.0001,0.5724349908530713
4741,0.571974627673626,0.14704982191324234,0.013462021946907043,0.411462789401412,0.025513174361549318,0.0001,0.5721884224563837
4742,0.5733483843505383,0.14678280986845493,0.01345720887184143,0.41310836747288704,0.02819938526954502,0.0001,0.5719978652894497
4743,0.5751185417175293,0.146755731664598,0.013467863202095032,0.4148949384689331,0.027155129122547805,0.0001,0.5723244447261095
4744,0.5694845579564571,0.1468969453126192,0.013460353016853333,0.4091272596269846,0.02597987139597535,0.0001,0.5719212099909783
4745,0.571495994925499,0.14696924574673176,0.013460122048854828,0.4110666234046221,0.02848736324813217,0.0001,0.572001913562417
4746,0.5727175585925579,0.1469421684741974,0.013461209833621979,0.41231417655944824,0.02494284778367728,0.0001,0.571750781685114
4747,0.5758778266608715,0.14718591887503862,0.013453789055347443,0.415238119661808,0.02970924007240683,0.0001,0.5723758935928345
4748,0.5717270597815514,0.14692812785506248,0.013458490371704102,0.41134044900536537,0.025091423420235515,0.0001,0.57210363894701
4749,0.5735097378492355,0.14666311722248793,0.013460271060466766,0.41338635236024857,0.02589846949558705,0.0001,0.5728570230305194
4750,0.5709808394312859,0.14686882309615612,0.013448663055896759,0.410663353279233,0.025557551416568458,0.0001,0.5726235128939152
4751,0.5712716840207577,0.14710358064621687,0.013461887836456299,0.41070621833205223,0.027040783897973597,0.0001,0.5725532185286284
4752,0.5711115375161171,0.1466838615015149,0.013458974659442902,0.4109687004238367,0.02473627810832113,0.0001,0.5723295338451863
4753,0.5717800855636597,0.1468528974801302,0.013465680181980133,0.4114615060389042,0.027379872393794358,0.0001,0.5719956882297993
4754,0.577085517346859,0.14681431744247675,0.01348111778497696,0.41679008305072784,0.02783925854600966,0.0001,0.5727557841688394
4755,0.5712056048214436,0.14692577067762613,0.013472169637680054,0.41080766543745995,0.025289529701694846,0.0001,0.5727267451584339
4756,0.57359254732728,0.14685694873332977,0.013459846377372742,0.41327575594186783,0.027617993066087365,0.0001,0.5728142440319062
4757,0.574016660451889,0.14686100836843252,0.013454549014568329,0.41370110400021076,0.025625496869906783,0.0001,0.5726281274110079
4758,0.5744553469121456,0.14685437083244324,0.013459272682666779,0.41414170153439045,0.02876761427614838,0.0001,0.5729009561240673
4759,0.5718082189559937,0.1469079591333866,0.013451062142848969,0.41144920140504837,0.026464843191206455,0.0001,0.5727308042347431
4760,0.5743402540683746,0.1468815254047513,0.013450101017951965,0.4140086267143488,0.024114021798595786,0.0001,0.573066745698452
4761,0.5713735595345497,0.14680370222777128,0.013467662036418915,0.41110220178961754,0.02607951418031007,0.0001,0.5730769332498312
4762,0.5788266137242317,0.14687077328562737,0.013447277247905731,0.4185085594654083,0.025535256718285382,0.0001,0.5738484408706427
4763,0.5747463293373585,0.14687296375632286,0.013464242219924927,0.4144091233611107,0.026024534716270864,0.0001,0.5741450652480126
4764,0.5737438313663006,0.14700848422944546,0.013465024530887604,0.41327032819390297,0.027550409082323313,0.0001,0.5738108966499567
4765,0.5705238208174706,0.14695119857788086,0.013447538018226624,0.41012508049607277,0.02698140626307577,0.0001,0.5737427182495594
4766,0.5782261788845062,0.1468366477638483,0.013454727828502655,0.4179348014295101,0.025727163651026785,0.0001,0.5742060814052821
4767,0.5725664123892784,0.14677835162729025,0.013468816876411438,0.41231924667954445,0.025327347684651613,0.0001,0.574061056599021
4768,0.5704391039907932,0.14670002460479736,0.013454452157020569,0.410284623503685,0.026095363195054233,0.0001,0.5736594323068858
4769,0.5743215382099152,0.14689048565924168,0.013447649776935577,0.41398339718580246,0.02613806223962456,0.0001,0.5739107642322778
4770,0.5760129243135452,0.14677835628390312,0.013452515006065369,0.4157820511609316,0.025820420356467366,0.0001,0.5740780312567949
4771,0.571978434920311,0.14675537589937449,0.013455167412757874,0.4117678925395012,0.025566339725628495,0.0001,0.574138518795371
4772,0.5730418525636196,0.1468875538557768,0.01345476508140564,0.41269953548908234,0.02570283180102706,0.0001,0.5735600426793098
4773,0.5710276290774345,0.14688181411474943,0.01346103847026825,0.41068476624786854,0.025670171016827226,0.0001,0.5731881726533175
4774,0.571222573518753,0.1469215676188469,0.013462483882904053,0.4108385182917118,0.02747923310380429,0.0001,0.5729360468685627
4775,0.5702801123261452,0.14692992344498634,0.01345900446176529,0.4098911825567484,0.025367353344336152,0.0001,0.5729116760194302
4776,0.5703315548598766,0.14671529177576303,0.013468876481056213,0.41014738753437996,0.02829940675292164,0.0001,0.5721222136169672
4777,0.5722235515713692,0.14681751374155283,0.01346733421087265,0.41193869709968567,0.025295713683590293,0.0001,0.5720879275351762
4778,0.5754091553390026,0.14677865896373987,0.013455361127853394,0.4151751399040222,0.026800126885063946,0.0001,0.5725849326699972
4779,0.5694602802395821,0.1467395080253482,0.01345062255859375,0.4092701505869627,0.028007079497911036,0.0001,0.5720988068729639
4780,0.577223502099514,0.14663823414593935,0.013454437255859375,0.417130833491683,0.025391572038643062,0.0001,0.5722198646515608
4781,0.5702117718756199,0.14688124787062407,0.013446971774101257,0.4098835587501526,0.025881251669488847,0.0001,0.5720431983470917
4782,0.5734851770102978,0.14688441064208746,0.013466082513332367,0.4131346847862005,0.026745182694867253,0.0001,0.5720875307917594
4783,0.5716703869402409,0.14685481879860163,0.013460829854011536,0.4113547410815954,0.02659883617889136,0.0001,0.5721518065780401
4784,0.5748001076281071,0.1468685818836093,0.01345929503440857,0.41447222977876663,0.028120817383751273,0.0001,0.5725095599889756
4785,0.5750549137592316,0.14695565961301327,0.013454772531986237,0.4146444834768772,0.02574986929539591,0.0001,0.5729870401322842
4786,0.5722715295851231,0.14688462670892477,0.013446897268295288,0.41193999722599983,0.02572445129044354,0.0001,0.5731810376048088
4787,0.570543747395277,0.14681024849414825,0.013458088040351868,0.4102754071354866,0.02368767373263836,0.0001,0.5730130571871996
4788,0.5709697045385838,0.14679807890206575,0.013470359146595001,0.4107012525200844,0.025860087014734745,0.0001,0.5725691121071577
4789,0.5732189156115055,0.1468879748135805,0.013461366295814514,0.41286957263946533,0.025154937407933176,0.0001,0.5729449756443501
4790,0.5734519809484482,0.14691061340272427,0.01347256451845169,0.4130687993019819,0.026091080391779542,0.0001,0.5725678235292435
4791,0.5730541385710239,0.14677848480641842,0.013450264930725098,0.4128253925591707,0.025435627321712673,0.0001,0.5728520601987839
4792,0.5796912908554077,0.1468780068680644,0.013460971415042877,0.41935231164097786,0.026841430342756212,0.0001,0.5734726715832948
4793,0.5773646235466003,0.1468626782298088,0.013457804918289185,0.41704414412379265,0.02863185026217252,0.0001,0.5740420952439308
4794,0.5710450261831284,0.14697546418756247,0.013460882008075714,0.41060868464410305,0.026159425266087055,0.0001,0.573666587099433
4795,0.5743578597903252,0.1468110177665949,0.013471320271492004,0.414075531065464,0.026800584280863404,0.0001,0.5735968817025423
4796,0.5752008929848671,0.1467095436528325,0.013461053371429443,0.4150302968919277,0.02563660009764135,0.0001,0.5738898180425167
4797,0.5769810900092125,0.14686254132539034,0.013444527983665466,0.4166740234941244,0.02617599454242736,0.0001,0.5745335523039102
4798,0.574782345443964,0.14677742309868336,0.013445571064949036,0.4145593550056219,0.02735764381941408,0.0001,0.5749148163944483
4799,0.572693757712841,0.1469580065459013,0.013453647494316101,0.4122821055352688,0.025853419909253716,0.0001,0.5748623006045819
4800,0.5701814442873001,0.14676951803267002,0.01347552239894867,0.40993640944361687,0.026736608357168734,0.0001,0.574535246938467
4801,0.5712184756994247,0.1469147428870201,0.013460241258144379,0.4108434896916151,0.026119437534362078,0.0001,0.5743516806513072
4802,0.5744680650532246,0.1468177828937769,0.013461649417877197,0.4141886327415705,0.026998925837688148,0.0001,0.5738293580710888
4803,0.5689330920577049,0.14658737368881702,0.013460204005241394,0.40888550877571106,0.025812305510044098,0.0001,0.5729862049221992
4804,0.5737973898649216,0.14688516035676003,0.013460502028465271,0.4134517293423414,0.025855826446786523,0.0001,0.5732614412903786
4805,0.5717992223799229,0.1470159674063325,0.013452686369419098,0.41133056953549385,0.026617262396030128,0.0001,0.5730055775493383
4806,0.5707649439573288,0.14664307609200478,0.013466611504554749,0.4106552619487047,0.02677510993089527,0.0001,0.5725619826465845
4807,0.5740512385964394,0.14687287341803312,0.013458669185638428,0.41371968761086464,0.027203830308280885,0.0001,0.5722689975053072
4808,0.5764202326536179,0.14685562625527382,0.013460211455821991,0.4161043968051672,0.028750163153745234,0.0001,0.5724327862262726
4809,0.566611684858799,0.1466970182955265,0.013455122709274292,0.40645954571664333,0.02712423517368734,0.0001,0.5718245789408684
4810,0.5695195309817791,0.14673932641744614,0.01345718652009964,0.4093230217695236,0.025774632929824293,0.0001,0.5717583876103163
4811,0.5705255605280399,0.1468668021261692,0.013449899852275848,0.41020886041224003,0.02638066781219095,0.0001,0.5716890960931778
4812,0.5702827982604504,0.14678446017205715,0.01347091794013977,0.41002742387354374,0.025128851761110127,0.0001,0.5712705694139004
4813,0.568609431385994,0.1468230038881302,0.013459861278533936,0.40832655876874924,0.02798190840985626,0.0001,0.5712382033467293
4814,0.572759535163641,0.1468667322769761,0.01346956193447113,0.4124232418835163,0.026077779359184206,0.0001,0.5711344178766012
4815,0.5717435926198959,0.14680291898548603,0.013445839285850525,0.4114948380738497,0.026356617803685367,0.0001,0.5711288549005985
4816,0.5726501531898975,0.1468568556010723,0.013452701270580292,0.4123405907303095,0.026216788217425346,0.0001,0.5713173758238554
4817,0.57071253657341,0.14670687913894653,0.013451047241687775,0.4105546083301306,0.028058648225851357,0.0001,0.5709835056215524
4818,0.5777906775474548,0.14668648038059473,0.013462923467159271,0.4176412746310234,0.027478763833642006,0.0001,0.5711205501109362
4819,0.569796159863472,0.1467827372252941,0.013456597924232483,0.4095568247139454,0.02540711860638112,0.0001,0.5714389976114035
4820,0.5672610402107239,0.14671979751437902,0.013462521135807037,0.40707872435450554,0.026709385798312724,0.0001,0.5712131485342979
4821,0.5732561834156513,0.1468691024929285,0.013454906642436981,0.41293216682970524,0.026020586723461747,0.0001,0.5714862108230591
4822,0.5715118236839771,0.14671490620821714,0.013459496200084686,0.41133742965757847,0.026581588899716735,0.0001,0.5716091133654118
4823,0.5795281007885933,0.14666244946420193,0.013444513082504272,0.41942113637924194,0.027659761486575007,0.0001,0.5727009803056717
4824,0.5732071623206139,0.14691384509205818,0.013452887535095215,0.4128404390066862,0.026325405691750348,0.0001,0.5727457430213689
4825,0.5747431814670563,0.1468320032581687,0.013446904718875885,0.41446427814662457,0.02739654981996864,0.0001,0.5730457019060851
4826,0.5785033404827118,0.14680125936865807,0.013466544449329376,0.4182355348020792,0.024567167041823268,0.0001,0.5736310206353664
4827,0.5728933736681938,0.1467660190537572,0.013454869389533997,0.4126724898815155,0.027881005546078086,0.0001,0.5738491043448448
4828,0.573657002300024,0.14695604424923658,0.013466335833072662,0.4132346287369728,0.02497831534128636,0.0001,0.5734357368201017
4829,0.5762713775038719,0.14677711576223373,0.013449199497699738,0.4160450678318739,0.02622314216569066,0.0001,0.5740832585841418
4830,0.5760556161403656,0.14690146688371897,0.01344587653875351,0.4157082736492157,0.030832267948426306,0.0001,0.5749627161771059
4831,0.5727728419005871,0.14680360816419125,0.013452582061290741,0.4125166516751051,0.026875903829932213,0.0001,0.5749143820255995
4832,0.5693234577775002,0.1466815061867237,0.013451814651489258,0.4091901332139969,0.027125724940560758,0.0001,0.5746955454349518
4833,0.5678997412323952,0.14671464543789625,0.01345711201429367,0.4077279809862375,0.027556754648685455,0.0001,0.573532709479332
4834,0.5712801478803158,0.14686860982328653,0.01345594972372055,0.4109555948525667,0.02674219326581806,0.0001,0.5733400080353022
4835,0.575757872313261,0.14686444774270058,0.013456612825393677,0.4154368117451668,0.025920399115420878,0.0001,0.5734414771199227
4836,0.5736254639923573,0.14683817885816097,0.013457879424095154,0.4133294075727463,0.025659156730398536,0.0001,0.5729536894708872
4837,0.5778605490922928,0.14662388432770967,0.01344241201877594,0.4177942555397749,0.025540884933434427,0.0001,0.5734504070132971
4838,0.5739276967942715,0.14695404935628176,0.013464361429214478,0.41350928880274296,0.025451609981246293,0.0001,0.5734774764627218
4839,0.5715953186154366,0.1466327216476202,0.013457216322422028,0.4115053806453943,0.02477191179059446,0.0001,0.5730098705738783
4840,0.5738049857318401,0.14674792159348726,0.013438522815704346,0.4136185459792614,0.024827243178151548,0.0001,0.5727848075330257
4841,0.5706802681088448,0.1468727234750986,0.013449817895889282,0.41035772673785686,0.026756396982818842,0.0001,0.5725755501538515
4842,0.5742925256490707,0.14666138216853142,0.013448700308799744,0.414182448759675,0.026116049382835627,0.0001,0.5730724569410086
4843,0.575130183249712,0.14675013534724712,0.01345302164554596,0.4149270225316286,0.026181997382082045,0.0001,0.5737955011427402
4844,0.5722069032490253,0.14675812888890505,0.013464756309986115,0.4119840171188116,0.025839573121629655,0.0001,0.5738881766796112
4845,0.5739573463797569,0.1466397438198328,0.01345914602279663,0.41385846957564354,0.02646087878383696,0.0001,0.5737081240862608
4846,0.5688957124948502,0.14678236097097397,0.013448670506477356,0.40866469219326973,0.02773888665251434,0.0001,0.5732351489365101
4847,0.566226352006197,0.1466721361503005,0.013462379574775696,0.40609183348715305,0.02649763016961515,0.0001,0.5720717292279005
4848,0.575759407132864,0.14679560158401728,0.013452678918838501,0.41551112569868565,0.027416702592745423,0.0001,0.5722549002617597
4849,0.5703287050127983,0.1467567728832364,0.013449840247631073,0.4101220928132534,0.026230194489471614,0.0001,0.5721282389014959
4850,0.5740403570234776,0.14664366375654936,0.013449840247631073,0.4139468539506197,0.025909993331879377,0.0001,0.5721517760306597
4851,0.5730595365166664,0.14698679465800524,0.013462506234645844,0.41261024586856365,0.024951748549938202,0.0001,0.5723897028714419
4852,0.5718073919415474,0.1466789236292243,0.013446226716041565,0.41168224066495895,0.02740505465772003,0.0001,0.5721411895006895
4853,0.5718422904610634,0.14662244077771902,0.01344568282365799,0.41177416779100895,0.02554201881866902,0.0001,0.5718124002218247
4854,0.5689577683806419,0.14667595736682415,0.013456538319587708,0.40882527083158493,0.028032464091666043,0.0001,0.5714874867349863
4855,0.5714888051152229,0.14676451310515404,0.013449639081954956,0.41127465292811394,0.026668312260881066,0.0001,0.5712406326085329
4856,0.5750545747578144,0.1468238476663828,0.013440616428852081,0.4147900976240635,0.024640029878355563,0.0001,0.5718565188348294
4857,0.5749449655413628,0.14662357699126005,0.013435885310173035,0.41488550789654255,0.023987308843061328,0.0001,0.5727283801883459
4858,0.5736039653420448,0.14670258108526468,0.013434812426567078,0.41346657276153564,0.02785635006148368,0.0001,0.572512836009264
4859,0.5685510970652103,0.14660552330315113,0.013442575931549072,0.408502995967865,0.02594927023164928,0.0001,0.5723350752145052
4860,0.5722880028188229,0.14686112944036722,0.013464339077472687,0.4119625426828861,0.02795792487449944,0.0001,0.5721598397940397
4861,0.5739191845059395,0.1467071669176221,0.013444170355796814,0.41376784816384315,0.02532054577022791,0.0001,0.572245804592967
4862,0.5723864585161209,0.14669303130358458,0.013441450893878937,0.4122519791126251,0.025884212576784194,0.0001,0.5723037112504243
4863,0.5686222314834595,0.14668925944715738,0.01344117522239685,0.4084917902946472,0.026385880657471716,0.0001,0.571981705352664
4864,0.5733797401189804,0.14704575669020414,0.013462856411933899,0.41287112794816494,0.032154819229617715,0.0001,0.5724239025264979
4865,0.572501678019762,0.1468081632629037,0.013454660773277283,0.41223885491490364,0.027912543970160186,0.0001,0.5725251898169518
4866,0.5739392042160034,0.146683594211936,0.013433203101158142,0.413822403177619,0.026865163701586425,0.0001,0.5724136527627707
4867,0.5766849257051945,0.1467043599113822,0.013447917997837067,0.4165326524525881,0.025899166124872863,0.0001,0.5725876487791538
4868,0.5691377557814121,0.1465961504727602,0.013455122709274292,0.40908648632466793,0.02618220297154039,0.0001,0.5721410278230905
4869,0.5762894488871098,0.14682668540626764,0.013464070856571198,0.41599869541823864,0.02539550664369017,0.0001,0.5729148630052805
4870,0.5710940286517143,0.1467644376680255,0.013457313179969788,0.4108722787350416,0.026616943650878966,0.0001,0.5727954655885696
4871,0.5705978274345398,0.14668939542025328,0.013449981808662415,0.4104584436863661,0.02603808988351375,0.0001,0.5724633298814297
4872,0.5722633115947247,0.14678410533815622,0.013444945216178894,0.41203426010906696,0.027456809883005917,0.0001,0.5724510151892901
4873,0.5728177055716515,0.14675395656377077,0.013461530208587646,0.41260222159326077,0.027177530573680997,0.0001,0.5728705625981092
4874,0.5704188495874405,0.146707933396101,0.013440750539302826,0.41027016192674637,0.027893366757780313,0.0001,0.5725744735449553
4875,0.5741305612027645,0.14669527392834425,0.013449668884277344,0.4139856193214655,0.0272024906007573,0.0001,0.5727373618632555
4876,0.5748736523091793,0.1467384435236454,0.013461500406265259,0.41467370465397835,0.027283838484436274,0.0001,0.5728308066725731
4877,0.5743738822638988,0.14684618450701237,0.013447895646095276,0.4140798058360815,0.0259314076974988,0.0001,0.5725997023284435
4878,0.5728442259132862,0.14684681687504053,0.013459451496601105,0.4125379640609026,0.02523450052831322,0.0001,0.5729703493416309
4879,0.5722820833325386,0.14674708433449268,0.013446196913719177,0.41208880580961704,0.0257827133173123,0.0001,0.5725696127861738
4880,0.5703423134982586,0.146737115457654,0.013444721698760986,0.4101604800671339,0.024889011750929058,0.0001,0.5724944412708283
4881,0.5716650635004044,0.14672246389091015,0.013450674712657928,0.41149191930890083,0.027360658976249397,0.0001,0.5726011648774147
4882,0.5753151699900627,0.14671125635504723,0.013464897871017456,0.4151390139013529,0.024938753340393305,0.0001,0.5729063507169485
4883,0.5734662525355816,0.14657820109277964,0.013455808162689209,0.41343223862349987,0.02794330334290862,0.0001,0.5729712054133416
4884,0.5761187672615051,0.14666657894849777,0.01345822960138321,0.41599395871162415,0.026804198161698878,0.0001,0.573541197180748
4885,0.5739157237112522,0.14665286522358656,0.01345784217119217,0.4138050228357315,0.026077272254042327,0.0001,0.5735197134315968
4886,0.5728452801704407,0.14663909375667572,0.01345217227935791,0.41275402158498764,0.028254511998966336,0.0001,0.5733168762177229
4887,0.5745961740612984,0.14673895295709372,0.01347266137599945,0.4143845736980438,0.025612618657760322,0.0001,0.5733391053974628
4888,0.5693612098693848,0.1466254284605384,0.01346038281917572,0.4092754013836384,0.02804993069730699,0.0001,0.5729908037930727
4889,0.5722519718110561,0.14677087496966124,0.013458415865898132,0.41202268190681934,0.0272000526310876,0.0001,0.5729877926409245
4890,0.5721783898770809,0.14666718151420355,0.013446390628814697,0.4120648205280304,0.02750112907961011,0.0001,0.5731714002788066
4891,0.5728630423545837,0.146473434753716,0.01344946026802063,0.41294015198946,0.027546068653464317,0.0001,0.5732911981642246
4892,0.5723731480538845,0.14667634665966034,0.013456940650939941,0.4122398626059294,0.026827324298210442,0.0001,0.5729969959706068
4893,0.5735490918159485,0.14676193427294493,0.013461172580718994,0.41332598961889744,0.026890755631029606,0.0001,0.5730052798986435
4894,0.57198541238904,0.14666123129427433,0.01345900446176529,0.4118651729077101,0.026963075390085578,0.0001,0.5725919444113969
4895,0.5736458823084831,0.14675920084118843,0.01345875859260559,0.41342792101204395,0.025361797772347927,0.0001,0.57256496027112
4896,0.5693013407289982,0.14675679802894592,0.013462089002132416,0.40908245742321014,0.02686302177608013,0.0001,0.5722105663269759
4897,0.5678633786737919,0.1467679040506482,0.013449490070343018,0.40764598548412323,0.02507747313939035,0.0001,0.5715372867882251
4898,0.5734095610678196,0.14670776203274727,0.013449326157569885,0.41325247660279274,0.02392031461931765,0.0001,0.5719421219080687
4899,0.5701411813497543,0.14650974608957767,0.013468675315380096,0.4101627543568611,0.025926279718987644,0.0001,0.5717310428619384
4900,0.565991897135973,0.146784289740026,0.013451680541038513,0.4057559296488762,0.027576954453252256,0.0001,0.5711123935878277
4901,0.5721277259290218,0.14681619498878717,0.013451695442199707,0.4118598345667124,0.028242411906830966,0.0001,0.5710388619452715
4902,0.5696275979280472,0.14692259673029184,0.01345188170671463,0.4092531129717827,0.028197001083754003,0.0001,0.5707643069326878
4903,0.5697079971432686,0.14683055691421032,0.01346498727798462,0.4094124548137188,0.025407869485206902,0.0001,0.5703801974654198
4904,0.575735192745924,0.1466265870258212,0.013455159962177277,0.41565343737602234,0.02652897860389203,0.0001,0.5707551755011082
4905,0.5710697695612907,0.14683300163596869,0.013446196913719177,0.41079056821763515,0.025765632512047887,0.0001,0.570497564226389
4906,0.571201279759407,0.14664601627737284,0.01345633715391159,0.4110989309847355,0.027204777346923947,0.0001,0.5706875581294298
4907,0.5777849741280079,0.1466916287317872,0.013451561331748962,0.41764178313314915,0.026195696089416742,0.0001,0.5716797176748514
4908,0.5695491097867489,0.14663974940776825,0.013431958854198456,0.4094774015247822,0.026270353351719677,0.0001,0.5712936725467443
4909,0.5773762837052345,0.14676483999937773,0.013458438217639923,0.41715301014482975,0.026885977131314576,0.0001,0.5720171827822924
4910,0.5685245506465435,0.14673513919115067,0.013450875878334045,0.4083385281264782,0.026497703860513866,0.0001,0.5722704481333494
4911,0.575463555753231,0.1468582395464182,0.01345670223236084,0.415148613974452,0.028084438061341643,0.0001,0.5726040311157703
4912,0.5734543204307556,0.14665645733475685,0.013437926769256592,0.4133599381893873,0.0267105579841882,0.0001,0.5729867033660412
4913,0.5724957250058651,0.14656243938952684,0.013442903757095337,0.41249038465321064,0.02478171221446246,0.0001,0.5732654761523008
4914,0.57075160369277,0.146719204261899,0.013438962399959564,0.41059343703091145,0.02542110742069781,0.0001,0.5727671172469855
4915,0.573547251522541,0.14655895438045263,0.013451017439365387,0.413537273183465,0.024944462231360376,0.0001,0.5730148654431104
4916,0.5727390870451927,0.14655917044728994,0.013446971774101257,0.4127329457551241,0.027077268692664802,0.0001,0.5731686461716891
4917,0.5691697522997856,0.14676162134855986,0.0134572833776474,0.4089508466422558,0.027029213379137218,0.0001,0.5723071239888669
4918,0.5759178176522255,0.14685864001512527,0.0134449303150177,0.41561424918472767,0.026851523900404572,0.0001,0.5729439947754145
4919,0.5675711967051029,0.1465714005753398,0.013447456061840057,0.40755234099924564,0.0273680662503466,0.0001,0.5719634860754013
4920,0.57188805565238,0.1466269250959158,0.013451382517814636,0.41180974431335926,0.026832234929315746,0.0001,0.5722998365759849
4921,0.5690591484308243,0.14657807350158691,0.013456545770168304,0.40902452915906906,0.026988984318450093,0.0001,0.5716593958437443
4922,0.57128531858325,0.14662359189242125,0.013450391590595245,0.4112113416194916,0.025959267863072455,0.0001,0.5714424956589937
4923,0.5720223933458328,0.14680670481175184,0.013434506952762604,0.41178118623793125,0.02478559489827603,0.0001,0.5713951624929905
4924,0.5756447501480579,0.1468254802748561,0.013438321650028229,0.4153809528797865,0.027758748619817197,0.0001,0.5718844771385193
4925,0.5761379078030586,0.14661410357803106,0.013431146740913391,0.4160926602780819,0.026753388810902834,0.0001,0.5721435427665711
4926,0.5746914744377136,0.14676191564649343,0.013461291790008545,0.41446826979517937,0.02632897882722318,0.0001,0.5723387815058232
4927,0.5689894706010818,0.14651515893638134,0.013458676636219025,0.40901564061641693,0.02583058876916766,0.0001,0.5723207533359528
4928,0.5752976723015308,0.14649965707212687,0.013457179069519043,0.41534082777798176,0.02671789564192295,0.0001,0.5722587388008833
4929,0.5701837427914143,0.14667720906436443,0.013458557426929474,0.41004797257483006,0.025439803954213858,0.0001,0.5725199934095144
4930,0.5735099837183952,0.1466918820515275,0.013439811766147614,0.4133782982826233,0.027172476053237915,0.0001,0.572682186216116
4931,0.5731965117156506,0.14680803380906582,0.013452775776386261,0.4129357021301985,0.02850182051770389,0.0001,0.5730959225445986
4932,0.5723428055644035,0.14666843507438898,0.013452112674713135,0.41222225688397884,0.025920271524228156,0.0001,0.5732016712427139
4933,0.574065987020731,0.14678506273776293,0.013444013893604279,0.41383691132068634,0.028661153628490865,0.0001,0.5734060306102038
4934,0.5704525373876095,0.1467630686238408,0.01345246285200119,0.41023700684309006,0.02717970870435238,0.0001,0.5728868093341589
4935,0.5739598460495472,0.14664669893682003,0.013456538319587708,0.4138566143810749,0.027092265896499157,0.0001,0.5726690031588078
4936,0.5718377381563187,0.14658790454268456,0.01345573365688324,0.41179409623146057,0.02599001908674836,0.0001,0.5723836295306682
4937,0.5772765092551708,0.14663062058389187,0.013448648154735565,0.41719723865389824,0.025799575028941035,0.0001,0.5732123333960771
4938,0.5719599910080433,0.1466682916507125,0.01343865692615509,0.4118530433624983,0.025406950036995113,0.0001,0.5728785652667284
4939,0.5695063881576061,0.14656553976237774,0.013457342982292175,0.4094835091382265,0.02723327255807817,0.0001,0.5728108298033476
4940,0.5701974406838417,0.1467258119955659,0.01343892514705658,0.41003270260989666,0.025294185033999383,0.0001,0.5724795754998923
4941,0.5691732615232468,0.14677895791828632,0.01345997303724289,0.4089343287050724,0.02782781410496682,0.0001,0.5720772504806518
4942,0.5702233947813511,0.14673056453466415,0.01343846321105957,0.4100543688982725,0.026500212494283915,0.0001,0.5718653094023466
4943,0.5742298066616058,0.14682604931294918,0.01345108449459076,0.41395267471671104,0.026777998078614473,0.0001,0.5718816913664341
4944,0.5737398788332939,0.1466549001634121,0.013457722961902618,0.4136272557079792,0.027934529120102525,0.0001,0.5722104255110025
4945,0.5711329020559788,0.1465590065345168,0.013461433351039886,0.4111124537885189,0.026251359842717648,0.0001,0.5719277311116457
4946,0.5730315707623959,0.14667044952511787,0.013450123369693756,0.4129109960049391,0.027710207155905664,0.0001,0.5720471143722534
4947,0.5728775300085545,0.1466498989611864,0.013472869992256165,0.4127547647804022,0.026127340621314943,0.0001,0.5716072164475918
4948,0.5714796744287014,0.14668358117341995,0.01345527172088623,0.41134083084762096,0.028915608883835375,0.0001,0.5715591847896576
4949,0.5703483745455742,0.14667644537985325,0.01344752311706543,0.4102244097739458,0.02873513987287879,0.0001,0.5716433834284544
4950,0.5706412754952908,0.14657593984156847,0.013473212718963623,0.41059212014079094,0.028773119673132896,0.0001,0.5716877669095993
4951,0.5747050978243351,0.14660279732197523,0.013452284038066864,0.4146500136703253,0.026778871077112854,0.0001,0.5722409505397081
4952,0.5686696395277977,0.14666838012635708,0.013459213078022003,0.4085420463234186,0.026164322975091636,0.0001,0.5720855750143528
4953,0.5670070759952068,0.14676620718091726,0.0134587362408638,0.4067821316421032,0.02772290597204119,0.0001,0.5713633019477129
4954,0.573174562305212,0.146553217433393,0.013452291488647461,0.413169052451849,0.025182014098390937,0.0001,0.5713067702949047
4955,0.5716503001749516,0.14666696917265654,0.013461537659168243,0.4115217924118042,0.025951680378057063,0.0001,0.5713585101068019
4956,0.57376728951931,0.14662320539355278,0.013458989560604095,0.413685092702508,0.026013716822490096,0.0001,0.5714320819824934
4957,0.5703254863619804,0.14654358476400375,0.013451263308525085,0.4103306382894516,0.02564530959352851,0.0001,0.571176877617836
4958,0.5707666277885437,0.14664201624691486,0.013458378612995148,0.41066622361540794,0.027424563304521143,0.0001,0.5711055729538203
4959,0.5720748156309128,0.1465928265824914,0.013441100716590881,0.4120408892631531,0.025957994628697634,0.0001,0.571278217062354
4960,0.5716854631900787,0.14672196377068758,0.013430789113044739,0.4115327075123787,0.028801456559449434,0.0001,0.5713826358318329
4961,0.572223462164402,0.14658441487699747,0.013451948761940002,0.41218710504472256,0.0275793339824304,0.0001,0.5711344722658396
4962,0.5664755962789059,0.1464030109345913,0.013437554240226746,0.40663503482937813,0.02619599422905594,0.0001,0.5709150679409504
4963,0.5706370994448662,0.1466434532776475,0.013454988598823547,0.41053865291178226,0.025096344645135105,0.0001,0.5712780702859164
4964,0.5738054104149342,0.14670175407081842,0.013446256518363953,0.4136573988944292,0.02570010384079069,0.0001,0.5713411550968885
4965,0.5697583258152008,0.1465931823477149,0.013460785150527954,0.409704364836216,0.02597121417056769,0.0001,0.5711519576609134
4966,0.574871052056551,0.1468066405504942,0.013447694480419159,0.4146167263388634,0.026781075284816325,0.0001,0.5712623339146375
4967,0.5711923092603683,0.14653689227998257,0.013472937047481537,0.41118248365819454,0.02581649599596858,0.0001,0.5713490162044763
4968,0.5679420046508312,0.14646528474986553,0.01345166563987732,0.40802506171166897,0.027036009589210153,0.0001,0.5710665538907052
4969,0.5708432607352734,0.1467941077426076,0.013465963304042816,0.4105831850320101,0.026520829065702856,0.0001,0.5709433984011412
4970,0.5730427652597427,0.14662887156009674,0.013449586927890778,0.41296430863440037,0.026612055487930775,0.0001,0.5710791286081076
4971,0.5760987140238285,0.14653851371258497,0.013441681861877441,0.4161185175180435,0.02734679658897221,0.0001,0.5714666537940503
4972,0.572742510586977,0.14673253148794174,0.01344326138496399,0.4125667158514261,0.026648949598893523,0.0001,0.5720933452248573
4973,0.5709575042128563,0.14668710436671972,0.013437047600746155,0.4108333569020033,0.02616701612714678,0.0001,0.5721253857016564
4974,0.5723980329930782,0.14659145288169384,0.013450101017951965,0.4123564828187227,0.0259717513108626,0.0001,0.5719846479594708
4975,0.5706085301935673,0.14642444904893637,0.013466477394104004,0.41071760654449463,0.02539100928697735,0.0001,0.5720696683973074
4976,0.573463287204504,0.14679370820522308,0.013447888195514679,0.41322168707847595,0.025891619501635432,0.0001,0.5719288919121027
4977,0.5744468793272972,0.14650045614689589,0.013440623879432678,0.4145057983696461,0.02557767869438976,0.0001,0.5722543489187956
4978,0.5727796219289303,0.1467964993789792,0.013449788093566895,0.41253332793712616,0.027747687068767846,0.0001,0.5727381106466055
4979,0.5758431442081928,0.14662778843194246,0.01344219595193863,0.4157731682062149,0.027225580415688455,0.0001,0.5732380989938974
4980,0.5762554481625557,0.1466830987483263,0.01346171647310257,0.416110634803772,0.026879662997089326,0.0001,0.5735593672841788
4981,0.569634810090065,0.14647567085921764,0.013452604413032532,0.4097065348178148,0.026207487448118627,0.0001,0.5729129768908023
4982,0.5760271213948727,0.1466977372765541,0.01345948874950409,0.41586989164352417,0.023815243737772107,0.0001,0.573241437971592
4983,0.5748991593718529,0.14641802851110697,0.013440363109111786,0.41504077427089214,0.024952006759122014,0.0001,0.5736356034874917
4984,0.572079174220562,0.14666743762791157,0.013450242578983307,0.4119614865630865,0.025062339729629457,0.0001,0.57360371761024
4985,0.5715983733534813,0.1465206816792488,0.013463638722896576,0.4116140529513359,0.026371829211711884,0.0001,0.5737027019262314
4986,0.5725059844553471,0.14677170757204294,0.013445079326629639,0.4122892040759325,0.026157567161135375,0.0001,0.5736069716513157
4987,0.5715640783309937,0.14662588201463223,0.013434112071990967,0.4115040898323059,0.028208197094500065,0.0001,0.5733186915516854
4988,0.5728061087429523,0.14663730654865503,0.013467542827129364,0.4127012584358454,0.02680182969197631,0.0001,0.5733213402330876
4989,0.5688605234026909,0.14674481377005577,0.01345553994178772,0.40866017527878284,0.02557213802356273,0.0001,0.5726230781525373
4990,0.569662656635046,0.14655901677906513,0.013461358845233917,0.40964228473603725,0.02584641962312162,0.0001,0.5719637989997863
4991,0.5718903429806232,0.14673885237425566,0.013455703854560852,0.41169578582048416,0.026111015467904508,0.0001,0.5721893522888422
4992,0.5773309506475925,0.1465825540944934,0.013433694839477539,0.41731470078229904,0.025934213656000793,0.0001,0.5723197352141142
4993,0.5774107798933983,0.14669542852789164,0.013433247804641724,0.4172820970416069,0.025852823979221284,0.0001,0.5725708972662688
4994,0.5698419287800789,0.1467055082321167,0.013438977301120758,0.40969744697213173,0.026064664707519114,0.0001,0.5723471727222205
4995,0.5748407058417797,0.1465314393863082,0.01344887912273407,0.41486038826406,0.027177482028491795,0.0001,0.5726714059710503
4996,0.5703597962856293,0.14644639566540718,0.013450250029563904,0.41046314872801304,0.024838541517965496,0.0001,0.5724567871540784
4997,0.5698421038687229,0.14658620860427618,0.013452231884002686,0.4098036680370569,0.026656618807464838,0.0001,0.5722845897078515
4998,0.5752209015190601,0.14655625633895397,0.013460606336593628,0.415204044431448,0.02701870270539075,0.0001,0.5725260689854622
4999,0.5705704353749752,0.14643740747123957,0.013458475470542908,0.4106745533645153,0.026446001138538122,0.0001,0.5726970601826906
