step,train/total_loss,train/recon_loss_weighted,train/mmd_loss,train/triplet_loss_weighted,train/grad_norm,train/lr,train/smooth_total_loss
0,1.6508858576265841,1.070397193605953,0.07703425942279746,0.5034544076808326,0.35712559327755206,0.0001,1.6508858576265841
1,1.475082980933586,0.9907492894913555,0.05614837840894656,0.42818531551177313,0.3710486661589895,0.0001,1.562984419280085
2,1.4383420279253327,0.9757382851585171,0.05849879121683674,0.40410495523748724,0.40797996230831496,0.0001,1.5214369554951677
3,1.441535841378914,0.9596786042014194,0.05911778678275025,0.4227394486416668,0.45504166098201976,0.0001,1.5014616769661042
4,1.4241341253323196,0.9377799937255967,0.05719512060254389,0.42915901305951165,0.48531439440970975,0.0001,1.4859961666393473
5,1.4162714012254325,0.925672390398099,0.05520555068706644,0.43539346140973706,0.4963802469187769,0.0001,1.474375372403695
6,1.4076886518006393,0.9161879225628371,0.05215793569963312,0.4393427934172671,0.5158548641035571,0.0001,1.4648486980318298
7,1.392323224346246,0.9073221718563753,0.049667333492642726,0.4353337165791896,0.5241513720753227,0.0001,1.4557830138211316
8,1.3813791850517536,0.897539615026594,0.048676805370477826,0.4351627638688194,0.5241062011849325,0.0001,1.4475159217356453
9,1.3662856411015045,0.8895430288014983,0.04722209175024748,0.4295205197638962,0.5275891501811648,0.0001,1.439392893672231
10,1.351946785532195,0.8827847788832008,0.045390364364484743,0.4237716400478239,0.5400416580223408,0.0001,1.4094989864627925
11,1.3343562987948527,0.8762384965018375,0.04392980924726258,0.41418799328755657,0.557063919656417,0.0001,1.395426318248919
12,1.3255682247889211,0.8702618624810998,0.04236592506540233,0.4129404379678305,0.5692002249779614,0.0001,1.384148937935278
13,1.3114864030667783,0.8649680677340432,0.041113637765571025,0.40540469611634106,0.5847717065961076,0.0001,1.3711439941040642
14,1.3000603677293108,0.8602934050511637,0.04015677985990265,0.3996101823950878,0.6064282230141197,0.0001,1.3587366183437635
15,1.2920176743493845,0.8560153955620152,0.038949984807755356,0.3970522917731539,0.6332941036558054,0.0001,1.3463112456561586
16,1.2802677471304036,0.8529077048959404,0.037225805721708534,0.39013423802402875,0.6523048160163191,0.0001,1.333569155189135
17,1.2735662240285661,0.8495055402026457,0.036552744027809,0.38750794288111023,0.673842914568725,0.0001,1.321693455157367
18,1.2673506598927187,0.8458454121682514,0.035737184675421724,0.3857680621725067,0.6918124283907622,0.0001,1.3102906026414636
19,1.2623779485965598,0.8436210327167781,0.03439211023264918,0.3843648055866814,0.7080124953939272,0.0001,1.299899833390969
20,1.2579485627748903,0.841074887806697,0.03365568166814034,0.3832179946299741,0.7229772339486206,0.0001,1.2905000111152387
21,1.2483947608340342,0.8384556782414899,0.03294488189186576,0.3769942033605208,0.7494598732275122,0.0001,1.2819038573191566
22,1.243028240561727,0.836448181715263,0.032775336056645454,0.37380472321297525,0.7727278740604315,0.0001,1.2736498588964373
23,1.2388491981169756,0.833936491191508,0.031994063036920574,0.37291864331426294,0.7961727564523476,0.0001,1.266386138401457
24,1.2383748452513503,0.8320126597586317,0.03196726754519325,0.374394920758495,0.809127102759015,0.0001,1.260217586153661
25,1.235433565433804,0.8305097604378242,0.03129757103523425,0.3736262353208921,0.8257734287099471,0.0001,1.2545591752621028
26,1.2299985496315946,0.828640129334061,0.03103169901617642,0.37032671943760304,0.8477286583995238,0.0001,1.249532255512222
27,1.2243869183755065,0.8269737412431419,0.030719557108308433,0.3666936210214971,0.8655480528458137,0.0001,1.2446143249469162
28,1.2199280767363418,0.8248097788973222,0.030356905765030494,0.36476139219489107,0.8860785818486862,0.0001,1.2398720666312781
29,1.219913098923333,0.8236795510288184,0.030094767922561987,0.3661387795790214,0.902739099145661,0.0001,1.2356255816639556
30,1.2139047444713043,0.8214332849452268,0.02980383873953055,0.3626676233254872,0.9179806370764185,0.0001,1.231221199833597
31,1.2117783948325724,0.8203011321973124,0.030124037067498444,0.3613532274115158,0.9478439664502173,0.0001,1.2275595632334508
32,1.2074414230505304,0.8190050090060514,0.029806626495918444,0.35862978730675654,0.9568896792965051,0.0001,1.2240008814823313
33,1.204133593770118,0.8177187443988561,0.029395093782436533,0.3570197551052179,0.9769017242998429,0.0001,1.2205293210476456
34,1.1979838450104905,0.815688572839114,0.029278782753625218,0.3530164917753386,0.985482688245135,0.0001,1.2164902210235595
35,1.1962801771763614,0.815075076738671,0.02918523803927594,0.35201986306337507,1.0100332729473076,0.0001,1.2125748821978153
36,1.1933218313279066,0.8131939204179249,0.028979905478610953,0.35114800815166375,1.0155320732153454,0.0001,1.2089072103674465
37,1.1880003158267565,0.8118062288959418,0.028876302208426515,0.3473177829088594,1.0296411001658101,0.0001,1.2052685501125715
38,1.1848611957403032,0.8103333601603402,0.02874092543100972,0.3457869126576681,1.0425731845608106,0.0001,1.2017618620129675
39,1.1799026415749447,0.8095303036378315,0.02864987540680303,0.3417224623489573,1.0556542763361825,0.0001,1.1977608162781288
40,1.182827589236215,0.8090149604282805,0.028887599283493073,0.34492503136819563,1.06045496802301,0.0001,1.19465310075462
41,1.1795788834109509,0.8082642823639071,0.02873971979709958,0.34257488058498375,1.0731659526757247,0.0001,1.1914331496124577
42,1.177074644676812,0.8067420582016873,0.028503407812989025,0.34182917929687073,1.0807081712428745,0.0001,1.188396471775086
43,1.1757023474749397,0.805554390437221,0.028533981489603226,0.341613974822704,1.0930328978486283,0.0001,1.1855533471455684
44,1.172026457215903,0.8041268515780297,0.02847582815143206,0.33942377981380323,1.1097520785689596,0.0001,1.182957608366109
45,1.1668008679550512,0.8043770262967742,0.028738194982130195,0.3336856436838243,1.132197760302445,0.0001,1.1800096774439783
46,1.1671535030581646,0.8030724578648504,0.028398197030924395,0.3356828493714091,1.1348675928299616,0.0001,1.177392844617004
47,1.1668812910635138,0.8024144657485142,0.028517261238175523,0.3359495618703641,1.138128011028375,0.0001,1.1752809421406798
48,1.1654056576637903,0.8010469901150671,0.02858856338516452,0.3357701019570987,1.161256072487357,0.0001,1.1733353883330284
49,1.1642566276128588,0.8015689447250134,0.02808789234857772,0.33459979102287524,1.1718029817509603,0.0001,1.17177078693682
50,1.1590271434967707,0.8002286253546121,0.028471647604967468,0.3303268693583974,1.1741453452719637,0.0001,1.1693907423628755
51,1.1619712808311107,0.799613132438118,0.028479157548405337,0.3338789908445873,1.1900264709039343,0.0001,1.1676299821048917
52,1.1576448026099988,0.7985584185766642,0.027993910694702643,0.33109247113217205,1.1932273554269972,0.0001,1.1656869978982103
53,1.1612337491575166,0.7982183421601147,0.02826877249665483,0.3347466343193944,1.1953683901751984,0.0001,1.164240138066468
54,1.1562199012261134,0.7968681270887595,0.02811949973657697,0.33123227633520747,1.2063810345367292,0.0001,1.162659482467489
55,1.1566247722440026,0.7961093064012199,0.027939858349535093,0.3325756054379152,1.2211618022067552,0.0001,1.1616418728963842
56,1.1516164471121395,0.7959193167773512,0.028164602921894065,0.3275325294380014,1.2249873035094316,0.0001,1.1600881673017818
57,1.1519077271525322,0.7955640458915587,0.028085543224342455,0.32825813637422985,1.2375168259922438,0.0001,1.1585908109106833
58,1.1527246004669467,0.7949969333277271,0.02802790396111974,0.32969976314787447,1.2434690624898637,0.0001,1.1573227051909991
59,1.1505811869735407,0.7946643731415151,0.027777507145554735,0.3281393059610595,1.2574793330070697,0.0001,1.1559551611270673
60,1.147908645034078,0.7941506438516458,0.02769523387506574,0.32606276504045567,1.278101886261791,0.0001,1.154843311280798
61,1.1488606974512763,0.7933468717106941,0.027710517569923016,0.32780330832178645,1.2751969696300267,0.0001,1.1535322529428147
62,1.145353762905206,0.7929095989792149,0.027548732428715146,0.3248954337037359,1.2836232884176846,0.0001,1.1523031489723352
63,1.1459929565870737,0.7923800565649965,0.027892187207514085,0.32572071024539745,1.2809150419660804,0.0001,1.1507790697152909
64,1.1417810916900635,0.7916731787259874,0.02740229191693041,0.3227056185686564,1.3018645185969664,0.0001,1.1493351887616858
65,1.1434579812005374,0.7914033557532042,0.027387203841373838,0.32466741864386245,1.3192087346593457,0.0001,1.1480185096573394
66,1.1379827237999705,0.7906087889632637,0.02772169035781953,0.31965224481136756,1.3248930830984522,0.0001,1.1466551373261225
67,1.1386002122025944,0.7901100923758733,0.027469279558131467,0.32102083915024693,1.3309495864968754,0.0001,1.1453243858311286
68,1.1362688004607844,0.7897548369655261,0.02758598883785534,0.31892797583619675,1.3312616471586556,0.0001,1.1436788058305125
69,1.1371729315898964,0.789208908351875,0.027744752398369037,0.32021927256250476,1.3511530431724224,0.0001,1.142337980292148
70,1.1332719481982758,0.7885821645448464,0.0276093502315498,0.31708043336142877,1.3547356041643248,0.0001,1.140874310608568
71,1.135829778641281,0.7888130063217503,0.027581017592857623,0.31943575548230996,1.3579872140536202,0.0001,1.1395712187275682
72,1.1358220681215638,0.7874802667760946,0.02754216334399055,0.32079963833395897,1.3591477987007001,0.0001,1.1386180492492042
73,1.1341084389367404,0.7881251930223275,0.027736334239735323,0.31824691043543285,1.3566323787155306,0.0001,1.1374295974841708
74,1.1365081231444167,0.7870256201974277,0.0275830663967326,0.32189943337658117,1.3804185521046481,0.0001,1.1369023006296062
75,1.1337436963530148,0.7872431874275208,0.027613915246108484,0.3188865932562288,1.3782485230215664,0.0001,1.1359308721448538
76,1.1321144904374594,0.7863753955456113,0.027483606435222508,0.31825548712670443,1.3842566685550837,0.0001,1.1353440488086028
77,1.1297754820655375,0.7860171725977265,0.027627373080224584,0.31613093560172384,1.3878703039993379,0.0001,1.134461575794897
78,1.130376696344805,0.785790231116645,0.02756910415982136,0.3170173575924086,1.415015273838933,0.0001,1.1338723653832994
79,1.1316934915875325,0.7854230863327428,0.027194941503281042,0.31907546532323344,1.4111611054828637,0.0001,1.1333244213830627
80,1.128805380201243,0.7853083464243349,0.027366624884382948,0.3161304092250054,1.424139817152739,0.0001,1.1328777645833594
81,1.1326292232132344,0.7852503671849234,0.027318728381189806,0.32006012725419014,1.4260113004738613,0.0001,1.1325577090405547
82,1.1305003620789935,0.7840621660012019,0.0271268224619465,0.31931137506666823,1.4260523490925106,0.0001,1.1320255384362978
83,1.1294569043068567,0.7841204419339163,0.027034493537268337,0.31830196826138796,1.4395147262190224,0.0001,1.1315603849733094
84,1.1277136667263195,0.7839597614735183,0.026975802427373116,0.3167780995610761,1.4430258873751873,0.0001,1.1306809393314996
85,1.1254946670474193,0.7829749724444222,0.0270558849551373,0.31546380837838983,1.4505743823235224,0.0001,1.12985603640094
86,1.128268991232402,0.7830232100119213,0.0269489486609221,0.318296834735793,1.4500809956273975,0.0001,1.1294714864804343
87,1.1248213136171956,0.7822829696517929,0.027111238446728938,0.3154271049746152,1.4725284295923569,0.0001,1.1289760696356
88,1.1245543162431002,0.7824565482913359,0.0270665327869129,0.315031235527557,1.4645793256604889,0.0001,1.1283938316254296
89,1.1210466856646972,0.7816025076724936,0.02698046609789556,0.31246371234769027,1.4777742155183402,0.0001,1.127329151033146
90,1.1216610026891527,0.781839964960458,0.026939345421704026,0.31288169197451027,1.478801585356072,0.0001,1.126614713281937
91,1.1180240625542028,0.7814936857919906,0.02698310200147648,0.30954727403532417,1.4770189642180778,0.0001,1.125154197216034
92,1.1200306236623025,0.7811793350061104,0.026912519946301443,0.31193876828673406,1.4928627057684847,0.0001,1.1241072233743648
93,1.1197691872927529,0.7812065595787389,0.026754444801299616,0.3118081833056456,1.4895532046563726,0.0001,1.1231384516729546
94,1.120379203231533,0.7806288576996593,0.02665471643753516,0.31309563012200486,1.4875057988911564,0.0001,1.122405005323476
95,1.1170316952720858,0.7806101368842212,0.026746127716667994,0.3096754298853342,1.510455126694685,0.0001,1.1215587081459426
96,1.1183243419287412,0.7800662821011417,0.026823932935935248,0.3114341285540656,1.506612362774584,0.0001,1.1205642432155762
97,1.1186041683260857,0.7805145268024344,0.02655604669095053,0.31153359208218223,1.5168313361084726,0.0001,1.1199425286864653
98,1.1180666105984192,0.7795229529995947,0.02684018287890823,0.3117034754453276,1.5154484043740355,0.0001,1.1192937581219973
99,1.118703843251203,0.778885407573553,0.026623578148971466,0.31319486003739355,1.5234793671246232,0.0001,1.1190594738806479
100,1.1211088662457032,0.7792053402800105,0.02653287487146095,0.31537065284730936,1.52846167029522,0.0001,1.1190042602363028
101,1.116672749572545,0.7788791828174861,0.02678466737874865,0.3110088997390159,1.5292824356841268,0.0001,1.1188691289381372
102,1.1110602456464245,0.7779281905891929,0.02671503585444019,0.30641701708700786,1.542487463651274,0.0001,1.1179720911365494
103,1.1144405008571385,0.7778960320093569,0.026609684100741063,0.30993478411230546,1.5474141096246654,0.0001,1.1174392224929879
104,1.113004102063711,0.7783836842066859,0.02664819885702694,0.3079722230199868,1.5478007703959096,0.0001,1.1167017123762055
105,1.118474291618649,0.7776043801955712,0.02680353122115377,0.3140663826199622,1.5402997023677245,0.0001,1.1168459720108619
106,1.1142148481904857,0.7780663138954441,0.02692874740151798,0.3092197846870635,1.5356801506471924,0.0001,1.1164350226370365
107,1.1142994843680283,0.7781123176791364,0.02673511887177009,0.30945204718238684,1.5598700701827692,0.0001,1.116004554241231
108,1.1104847021083561,0.7776124864272607,0.026557100713857532,0.30631511454408117,1.559531738743579,0.0001,1.1152463633922247
109,1.1142327072170637,0.7774979768370035,0.026379888729923397,0.31035483965525523,1.5773396956267753,0.0001,1.1147992497888104
110,1.110698534678252,0.7769503825576504,0.026517700713739916,0.3072304521927244,1.5748447199138618,0.0001,1.1137582166320654
111,1.1097610849154165,0.7768364028804926,0.026564172992358102,0.30636050940527154,1.569726301496943,0.0001,1.1130670501663524
112,1.110073292473025,0.7765623095311209,0.026598441189733046,0.3069125399386423,1.5639124049618085,0.0001,1.1129683548490124
113,1.1121913132996395,0.7765322870463435,0.026471925313767748,0.30918710178584163,1.58630898830615,0.0001,1.1127434360932627
114,1.1073388365412822,0.7755541616472704,0.026467778378035912,0.3053168957301134,1.5887284900305478,0.0001,1.1121769095410199
115,1.1101578551422027,0.775658743618468,0.02651970091504451,0.3079794109109449,1.6003092541897757,0.0001,1.1113452658933753
116,1.1114683800488407,0.7757969559085297,0.026333413307855387,0.3093380092456181,1.5877536283787075,0.0001,1.1110706190792108
117,1.1123567358959034,0.7762249781925828,0.026733876483677366,0.30939788209618224,1.6035870248357373,0.0001,1.1108763442319982
118,1.1075005630450607,0.7749907813255975,0.026468959589758943,0.3060408240036839,1.6063488434100974,0.0001,1.1105779303256686
119,1.1089053931391022,0.7753585209469283,0.026348212427831808,0.30719865731607826,1.6168724637002538,0.0001,1.1100451989178726
120,1.1106458907195085,0.7750459851406167,0.02654304103000169,0.30905686584858577,1.6007440605221608,0.0001,1.1100399345219982
121,1.104853472409819,0.7746485700230086,0.026177106716086366,0.30402779690996873,1.6238480900654202,0.0001,1.1095491732714384
122,1.1047399346291655,0.774756522376929,0.026517213237213073,0.3034662002844936,1.6233010376684565,0.0001,1.1090158374870522
123,1.109039608653612,0.773961930318488,0.02639215543835932,0.30868552328969595,1.6067364435892317,0.0001,1.1087006670224497
124,1.1084627802908784,0.7743154690425246,0.026271152689780957,0.30787615786338673,1.6191379494405904,0.0001,1.1088130613974092
125,1.109935345441768,0.7743207421796076,0.026393707577161807,0.3092208958663515,1.627893500831016,0.0001,1.1087908104273656
126,1.1030699517615667,0.7734879875521631,0.02627053899165341,0.3033114235855745,1.6327125182258189,0.0001,1.1079509675986383
127,1.1076748647989656,0.7737315888337141,0.026216554593362865,0.3077267210998593,1.6235827717771394,0.0001,1.1074827804889447
128,1.1059726082529064,0.7738395877348724,0.02631191646351534,0.305821106124964,1.6472937792358244,0.0001,1.1073299850097293
129,1.1039635595878772,0.7738241835008045,0.026247736890224124,0.3038916430505971,1.6444506971637811,0.0001,1.1068358016546067
130,1.1009887592304066,0.7732336396619708,0.026325510433189283,0.30142960986065814,1.643119636462136,0.0001,1.1058700885056965
131,1.1037486864151869,0.7737461523158555,0.026085093829017622,0.30391743694551093,1.6669931723670108,0.0001,1.1057596099062335
132,1.1023820059536438,0.7731627743336057,0.026030596806601625,0.30318863777553334,1.661458183737362,0.0001,1.1055238170386812
133,1.1048704895963533,0.7726206306753487,0.025920352152346598,0.30632950812880455,1.6620170736409587,0.0001,1.105106905132955
134,1.1011256396649576,0.7725173620616689,0.026231913489212128,0.30237636293197695,1.6575450766642728,0.0001,1.1043731910703634
135,1.1023062303148468,0.7723905210804504,0.026161073187543703,0.30375463408219644,1.6595200399356247,0.0001,1.1036102795576712
136,1.0994145616314717,0.7718215600472192,0.026089263252505906,0.3015037384526483,1.6686531694617281,0.0001,1.1032447405446615
137,1.1006298650350823,0.7719503344918844,0.026143085642228503,0.3025364440848813,1.6785322688897772,0.0001,1.1025402405682734
138,1.101022263690376,0.7718257079501665,0.025859829136614384,0.30333672760103586,1.6777850604686002,0.0001,1.10204520611202
139,1.0998852204599439,0.7721196700786722,0.02603147141106472,0.301734078849305,1.6689986063065443,0.0001,1.101637372199227
140,1.099220850283911,0.7715960255017387,0.026108840658021507,0.3015159819176908,1.6708924705068189,0.0001,1.1014605813045772
141,1.1012026229929972,0.7717854829153715,0.025926426506429366,0.303490714870892,1.67305873567144,0.0001,1.1012059749623584
142,1.0993810467739376,0.7718778498032514,0.02573162788793475,0.30177156611309813,1.683395272094386,0.0001,1.1009058790443875
143,1.1022429264341358,0.7716412284311368,0.025820191926936832,0.30478150656722625,1.6762475433020756,0.0001,1.100643122728166
144,1.0979506948898579,0.7714250353722253,0.026104752238817197,0.3004209093643734,1.671091112839039,0.0001,1.100325628250656
145,1.1002382441418166,0.7715012775715177,0.02592735285691267,0.302809614196994,1.683091851808962,0.0001,1.100118829633353
146,1.1003421997201854,0.7714112330885494,0.0259546658088421,0.30297629931151987,1.6859589133252961,0.0001,1.1002115934422243
147,1.0989087800708794,0.771049786895574,0.025849785814420687,0.3020092074213357,1.6851991881705202,0.0001,1.100039484945804
148,1.0953511900398842,0.7713704700402265,0.026127313503629054,0.29785340354904444,1.697850182622248,0.0001,1.0994723775807547
149,1.0985550671271813,0.7705690932080421,0.026157318699432434,0.3018286568065444,1.6943810963001986,0.0001,1.0993393622474785
150,1.1018003604958555,0.7703630200022374,0.02603560214593976,0.3054017401309816,1.6889814554315068,0.0001,1.0995973132686732
151,1.100240610313222,0.7713052414010069,0.026098038797204442,0.3028373303265891,1.6986895683571002,0.0001,1.0995011120006954
152,1.0991033981828129,0.7710267512116422,0.02602551360642934,0.3020511318836928,1.7044967079259319,0.0001,1.0994733471415832
153,1.0964821392092212,0.770091011243708,0.02590173760969305,0.30048939139859915,1.7146014782768233,0.0001,1.0988972684190916
154,1.0945616019908604,0.7705856370635739,0.02586551346111491,0.2981104506803091,1.7142739549853496,0.0001,1.098558359129192
155,1.0975876797527135,0.7697330426734553,0.026121105915634435,0.30173353297715255,1.7091890907190876,0.0001,1.0982933026902817
156,1.0973743703254095,0.7698948278146631,0.025654160710425696,0.3018253833115947,1.6970902396022185,0.0001,1.097996519750804
157,1.094602783359814,0.7700874890081781,0.025777346947613883,0.2987379488246194,1.7120718762550586,0.0001,1.0975659200796977
158,1.0975095044526801,0.7703792249696976,0.02583101675911801,0.30129926154507103,1.7222118955596708,0.0001,1.0977817515209771
159,1.096677135260545,0.7699074390935607,0.0260586511290823,0.30071104576331364,1.7116294044993712,0.0001,1.0975939583343135
160,1.0948289631588222,0.7698250484273109,0.025789215405137254,0.299214698570737,1.7157004500982969,0.0001,1.09689681860061
161,1.0921116442274128,0.7696232011061894,0.025656508383837966,0.29683193378528283,1.7230848871912,0.0001,1.096083921992029
162,1.09593610081663,0.7700073725069754,0.02573831134587224,0.30019041282289166,1.729447588959282,0.0001,1.0957671922554109
163,1.0963864071374008,0.7690559342715126,0.025777226771109003,0.30155324606455364,1.7099804890325054,0.0001,1.0957576190482288
164,1.0970573646543476,0.7687749046582962,0.02584966128544682,0.30243279653437,1.7249231239361404,0.0001,1.0960071953145774
165,1.0935145861962263,0.7691766408103958,0.025966107966208313,0.2983718363239485,1.7215632695938945,0.0001,1.0955998859589289
166,1.0919423151693286,0.7685588684091703,0.02585754312317947,0.2975259040601355,1.7378657466257803,0.0001,1.0950566804433206
167,1.0952712383279937,0.7689276481496876,0.02583878736708759,0.30050480362730625,1.7162421329993505,0.0001,1.0951235259401386
168,1.0930582105992532,0.7689309840753644,0.025873269319050693,0.29825395288259454,1.7323082690306657,0.0001,1.094678396554796
169,1.0933527103785812,0.768701114712574,0.025872181201803273,0.29877941612660525,1.7315036505762993,0.0001,1.0943459540665994
170,1.0892681486708156,0.7684368967526342,0.025767593306411835,0.29506365858154415,1.7543643949965193,0.0001,1.0937898726177988
171,1.0965826441259945,0.7689333594353156,0.026073504171313426,0.30157577934057184,1.731332108166832,0.0001,1.094236972607657
172,1.0931658576758347,0.7672918547723163,0.025928167977632907,0.2999458361500175,1.7264590415703114,0.0001,1.0939599482935776
173,1.0944724212311827,0.7681659397198752,0.025683005006027996,0.30062347677730883,1.7468323083726678,0.0001,1.093768549702956
174,1.0916210370663455,0.7679124175897718,0.025770921977973614,0.2979376958664242,1.7442903591217909,0.0001,1.0932249169441555
175,1.0965393455226813,0.768583535059954,0.02553900526213114,0.30241680544239996,1.7390814161203938,0.0001,1.093527392876801
176,1.0932541067653447,0.7676133276482866,0.025751818749774058,0.29988896003480375,1.733539134687149,0.0001,1.0936585720364027
177,1.0949105512781512,0.7680889640086563,0.025765665162649404,0.3010559236483448,1.748542757111679,0.0001,1.0936225033314186
178,1.0908332742735531,0.7678369312692608,0.025678306999361297,0.29731803370779475,1.7434934583203545,0.0001,1.0934000096988483
179,1.0896256442727714,0.7673590331967414,0.025795930297573006,0.2964706781790658,1.7560315431977866,0.0001,1.0930273030882673
180,1.0892502725970672,0.7672422814804448,0.02567250080572906,0.29633549093051564,1.7673277272172196,0.0001,1.0930255154808926
181,1.0870442401323066,0.7671976436466039,0.026003590220128305,0.2938430058121923,1.7481107970522094,0.0001,1.0920716750815238
182,1.0902462785432594,0.7673352534824163,0.025857857951769724,0.2970531675020048,1.7433549020643409,0.0001,1.0917797171682664
183,1.0924888718684354,0.7676791661167726,0.025718802370841315,0.29909090211135136,1.7529161104565945,0.0001,1.0915813622319916
184,1.0899329970139278,0.7676821347424273,0.02574466014730519,0.2965062013081073,1.7552566567008925,0.0001,1.0914125582267498
185,1.085414052614092,0.7668546909734637,0.02591508203781159,0.29264428162792394,1.764225404596232,0.0001,1.090300028935891
186,1.0884736603462188,0.7667394551253948,0.025820767661862636,0.29591343362964917,1.761763420840064,0.0001,1.0898219842939783
187,1.089297572570205,0.7668347193067988,0.025872283001216866,0.29659057005061096,1.7662867044096786,0.0001,1.0892606864231837
188,1.0892159005449462,0.7673041747984973,0.025893040893044,0.2960186835839347,1.746691145471337,0.0001,1.089098949050323
189,1.0911311166281632,0.766555402269228,0.025880905242285427,0.2986948077413905,1.7640904507337187,0.0001,1.0892494962858623
190,1.088828626800986,0.7666324373432879,0.025848422282607753,0.29634776805162916,1.7631606954106454,0.0001,1.089207331706254
191,1.0877436226570099,0.7662455342846033,0.02593881846925066,0.2955592696009011,1.7494008981190154,0.0001,1.0892772699587243
192,1.0877758131549518,0.7668340780430343,0.026110047500950813,0.29483169107178403,1.7709450274403633,0.0001,1.0890302234198936
193,1.0938246628575585,0.7666697932547053,0.025794592880574008,0.30136027750814176,1.7640628536622858,0.0001,1.089163802518806
194,1.0896658795842293,0.766381451977194,0.025483709319851704,0.2978007203425162,1.7654768322834378,0.0001,1.0891370907758362
195,1.0824744157326873,0.7661335259131921,0.02596821286857249,0.29037268000369626,1.7678172648799346,0.0001,1.0888431270876955
196,1.0902027341463503,0.7664792367217507,0.025915388886875362,0.2978081085679497,1.7782440202473144,0.0001,1.0890160344677087
197,1.0876040361957666,0.7664837157750468,0.02585659718658571,0.295263723702629,1.7557500591142665,0.0001,1.088846680830265
198,1.088633232861455,0.7668475507480861,0.025846951631696907,0.2959387300585153,1.7767055622220764,0.0001,1.0887884140619157
199,1.0889681314116317,0.7653320921362051,0.025592594311155122,0.2980434435738995,1.7894430242735764,0.0001,1.0885721155402626
200,1.0881856028255052,0.7657601425904048,0.025947381468380198,0.29647807906897505,1.7814398232628317,0.0001,1.0885078131427146
201,1.088449586719335,0.7659423574956387,0.025688425764350813,0.2968188030966397,1.7918067561201827,0.0001,1.088578409548947
202,1.087866840691402,0.7658531154386896,0.025818877964909615,0.29619484987208133,1.767459543675003,0.0001,1.0885875123025923
203,1.083854264226453,0.7662268515532689,0.02574647947934288,0.29188093255910624,1.7845603904666087,0.0001,1.0875904724394816
204,1.0867322995261295,0.7652094973511918,0.025882433442508474,0.2956403706064089,1.796867546396855,0.0001,1.0872971144336714
205,1.0823583398581034,0.7655087165368256,0.026165521894458824,0.2906841002177999,1.7825737724923216,0.0001,1.087285506846213
206,1.087383093625972,0.7651886165021158,0.02585924711478893,0.2963352285280189,1.7895645490766297,0.0001,1.0870035427941753
207,1.0837387140334016,0.7655326206592227,0.025642277986476194,0.29256381450738556,1.7995074917288387,0.0001,1.0866170105779387
208,1.0833076268857682,0.7647835428526145,0.025986624779614182,0.29253745802185116,1.7817779344187306,0.0001,1.0860844499803701
209,1.0882265704398706,0.7659376863291975,0.025732171704754628,0.2965567112271249,1.7960126412084088,0.0001,1.086010293883194
210,1.0871972493661102,0.7654269150256143,0.025559451710621676,0.2962108813906296,1.7875554846943513,0.0001,1.0859114585372542
211,1.08756701723799,0.7645065461646229,0.025953834003657406,0.2971066361629455,1.7806572403917449,0.0001,1.08582320158912
212,1.0871615638355696,0.7659106882058583,0.025801887376796884,0.2954489883738164,1.7930024678518517,0.0001,1.085752673903537
213,1.0849217653999947,0.764846977428297,0.02569164949304917,0.2943831381763938,1.8073453477623496,0.0001,1.0858594240208912
214,1.0855445795320353,0.7647303601549315,0.025743020233711413,0.2950711991736178,1.7963365741965738,0.0001,1.0857406520214816
215,1.0851032608179243,0.7655528488797542,0.02576061049532939,0.29378979899457697,1.7941388259311235,0.0001,1.0860151441174635
216,1.085059345010328,0.7651395575269966,0.02582792964958516,0.294091856685178,1.7989870215526218,0.0001,1.0857827692558992
217,1.081124822822594,0.7651254886545951,0.02616625383466059,0.2898330777339471,1.80673440571489,0.0001,1.0855213801348185
218,1.0864778661582823,0.764668647464342,0.025736260123958937,0.296072956726227,1.7975334156357492,0.0001,1.0858384040620699
219,1.083404493259368,0.7651016570733479,0.025712300507582227,0.2925905375070794,1.8120511854879755,0.0001,1.0853561963440195
220,1.084782665689867,0.764385161003283,0.02577855911022751,0.2946189432943327,1.8001747583520824,0.0001,1.0851147379763952
221,1.0848037367176575,0.7645749259913911,0.02603151880461594,0.29419729454371074,1.8007858046169938,0.0001,1.084838409924362
222,1.081320567740388,0.7644611715545035,0.02596707203808953,0.29089232451050084,1.8121084439101616,0.0001,1.0842543103148437
223,1.0849186337985566,0.7647412807414304,0.025833762441639,0.2943435921985467,1.8032000369522683,0.0001,1.0842539971547
224,1.0843166695647017,0.7640792234190579,0.02580990099761839,0.2944275476567402,1.7960967770938217,0.0001,1.0841312061579669
225,1.0854276927682982,0.7646987302791758,0.025748521270906707,0.2949804409764118,1.8086732265673593,0.0001,1.0841636493530042
226,1.083568136058521,0.7638295697875729,0.025709864817574833,0.2940287000630013,1.8065227023486434,0.0001,1.0840145284578235
227,1.0838087916857815,0.7646777166797956,0.025678683487928906,0.2934523918807627,1.7904074963401346,0.0001,1.0842829253441422
228,1.0829249626482718,0.76357512154879,0.025707331438819002,0.2936425082098398,1.7988227992705834,0.0001,1.0839276349931413
229,1.08088880777359,0.7643961109689477,0.025634709042903134,0.2908579884871508,1.8126690798792346,0.0001,1.0836760664445635
230,1.0858213139837702,0.7640671716742293,0.025657993542978777,0.2960961489328023,1.8107528896892773,0.0001,1.0837799312739536
231,1.083717141141756,0.7638020323207847,0.0258468556355753,0.2940682566915516,1.8008289699863953,0.0001,1.0836712717163635
232,1.087761617335538,0.7642787722738471,0.02593877010848411,0.2975440764040299,1.807016472787451,0.0001,1.0843153766758786
233,1.0822066017870486,0.764073781019292,0.025584546354189365,0.2925482733103373,1.8015574330490454,0.0001,1.0840441734747277
234,1.0830989018173296,0.763742166406968,0.0256876875372494,0.29366904714770053,1.810386629665599,0.0001,1.0839223966999905
235,1.081291476079465,0.7636594723978101,0.025851854688013785,0.29178014914476846,1.817738850266648,0.0001,1.0835087750311072
236,1.0824476937493253,0.7634879752056594,0.025805931062292134,0.29315378690708965,1.8124414866159217,0.0001,1.0833967308001875
237,1.0831870000212478,0.763877323263799,0.025676581003603056,0.2936330973255707,1.8051829662090866,0.0001,1.0833345516337343
238,1.0841541480099213,0.7634220369930925,0.025704202255419254,0.29502790916189703,1.812019406419255,0.0001,1.0834574701698991
239,1.0835903898697596,0.7629902199605899,0.025645633256459573,0.29495453804308214,1.8327507636609957,0.0001,1.0837276283795163
240,1.083735658237465,0.7635749875894666,0.02568146544102481,0.29447920381660153,1.8184034594657696,0.0001,1.0835190628048856
241,1.0798953908210351,0.7635536602496134,0.025515953860950277,0.2908257750329575,1.832208463434757,0.0001,1.0831368877728136
242,1.0804410014626462,0.7639766666758616,0.02573826733757468,0.290726065121848,1.8271692089328417,0.0001,1.0824048261855244
243,1.0798591128711044,0.7630931417066718,0.02591441103217568,0.29085156134127604,1.826968286148675,0.0001,1.0821700772939298
244,1.0810013218777175,0.7636480463203987,0.02561592910642798,0.29173734823419406,1.8238602869409093,0.0001,1.0819603192999687
245,1.0845636009686375,0.7632365264225199,0.025679811019201065,0.29564726239346106,1.8246088095659174,0.0001,1.082287531788886
246,1.076251273706525,0.7624265323062456,0.025625346398498658,0.28819939383809995,1.8221618485982713,0.0001,1.081667889784606
247,1.0794810902999816,0.7632969359113527,0.025906954769188684,0.2902771965213286,1.8209167856715514,0.0001,1.0812972988124794
248,1.0808433828682735,0.7635772395085612,0.026033845199290927,0.29123229959613167,1.822419464950871,0.0001,1.0809662222983145
249,1.0779752350482206,0.7620206518782563,0.025721483975346626,0.2902330980158239,1.829668310060946,0.0001,1.0804047068161606
250,1.081306532962327,0.7629024712841119,0.025544463741851868,0.2928595967877951,1.8401373339473113,0.0001,1.080161794288647
251,1.0828480963532872,0.7626482035518901,0.0255185462398413,0.2946813476798984,1.8290631957276597,0.0001,1.0804570648418719
252,1.08018268315352,0.7624564115222521,0.025771400991366312,0.2919548733601947,1.8275831562993976,0.0001,1.0804312330109593
253,1.0762758054307702,0.7629849248193582,0.02589431108857749,0.2873965690392268,1.8427048104288128,0.0001,1.080072902266926
254,1.0806512182189292,0.7624245439533288,0.025729270058761505,0.2924974051438287,1.8305332087599966,0.0001,1.0800378919010472
255,1.0793220126362892,0.7622700245336876,0.025616271984262834,0.2914357156951819,1.8311279673605372,0.0001,1.0795137330678124
256,1.0746222017502929,0.7624383423681433,0.025827948268480283,0.2863559112326822,1.8242836581282393,0.0001,1.0793508258721891
257,1.0811952946152212,0.7624193473471589,0.025680342020417808,0.2930956038270471,1.825792482126557,0.0001,1.079522246303713
258,1.0807234185462549,0.7622631847495723,0.025715719371973624,0.292744513608621,1.8367785179107232,0.0001,1.0795102498715112
259,1.0800444345928835,0.7617178109548155,0.025863033762809955,0.29246359029841473,1.828563959071409,0.0001,1.0797171698259773
260,1.0820586440771154,0.7628506756941155,0.025951031980843378,0.29325693859350366,1.830420269685633,0.0001,1.0797923809374566
261,1.0819025205308477,0.7617037851234962,0.026061786841185534,0.29413695119578265,1.8138059266440525,0.0001,1.0796978233552124
262,1.0808359009740802,0.7623297452443029,0.02580971698490166,0.29269644007479684,1.8339998552813732,0.0001,1.0797631451372687
263,1.0772911591897387,0.761789589576257,0.025670668899892068,0.289830899020963,1.842420236575918,0.0001,1.079864680513165
264,1.0746108304414497,0.7617258714855806,0.025771937554071207,0.2871130188326323,1.8391738145878542,0.0001,1.0792606417354176
265,1.0765814886373632,0.7618504606686064,0.025892000652955462,0.2888390287968498,1.825615897623569,0.0001,1.0789865893355248
266,1.0789520829976451,0.7617161871211766,0.02583732614652622,0.2913985704855793,1.8244919252202187,0.0001,1.07941957746026
267,1.0790709860426417,0.7621964401212232,0.025847781744254773,0.2910267620916057,1.8377633704133256,0.0001,1.079207146603002
268,1.0743973316817448,0.7619510320814338,0.026126250775784073,0.2863200465878415,1.8385055473803507,0.0001,1.0785745379165508
269,1.078487287065804,0.7615235137165681,0.025799847036056055,0.29116392700836574,1.8303328532476213,0.0001,1.0784188231638432
270,1.0810325464902495,0.761447398464288,0.026025000740500057,0.29356014873628444,1.8264458728368578,0.0001,1.0783162134051565
271,1.0780936761269946,0.7610608309084214,0.025612844898541123,0.2914200005920615,1.820882091415823,0.0001,1.0779353289647713
272,1.0791706823673983,0.761875258981577,0.02577623924425601,0.2915191837032958,1.842938367058249,0.0001,1.077768807104103
273,1.0767449274749834,0.7614948369910219,0.02588634655393403,0.2893637453052867,1.830802220360019,0.0001,1.0777141839326272
274,1.0793345577818385,0.7616094125937255,0.02592376110278085,0.2918013855966061,1.8226194202779031,0.0001,1.0781865566666664
275,1.0766300920540615,0.7613345420868354,0.025693812670137046,0.2896017375388929,1.8515102004908162,0.0001,1.0781914170083362
276,1.0787218074044156,0.7613962472815059,0.02561228923333344,0.29171327221949733,1.8305387003668423,0.0001,1.078168389449013
277,1.0818102774465301,0.7613414985413,0.02571976837715319,0.2947490063569609,1.830241215640101,0.0001,1.078442318589402
278,1.0736507038315701,0.7614346619310051,0.025912922245977375,0.28630312255623375,1.8354656401318905,0.0001,1.0783676558043847
279,1.0808712339546327,0.7617032540013776,0.025806595781028393,0.2933613858950791,1.8219523108271507,0.0001,1.0786060504932675
280,1.0768667559836507,0.7606581873874394,0.02586876016117738,0.29033980885819055,1.8298112086301885,0.0001,1.0781894714426077
281,1.0766592303831244,0.7610514006798456,0.02598913953947489,0.2896186936095085,1.823717389580686,0.0001,1.0780460268682206
282,1.0753140928295515,0.7614913876593475,0.025748467348652004,0.28807423570576834,1.832677522247268,0.0001,1.0776603679144359
283,1.0731428040694029,0.7603159085006791,0.025636753010701455,0.287190141998851,1.853177014035579,0.0001,1.0773001555738777
284,1.0755108192291027,0.7607762333587508,0.025759369799863496,0.2889752156775573,1.840510358191407,0.0001,1.076917781718604
285,1.0770545289917843,0.7612390370688139,0.025479940807118136,0.290335553050283,1.833782220467109,0.0001,1.0769602254123765
286,1.0776380608821738,0.7606528677031186,0.02591276313905542,0.2910724303422545,1.8330266108135664,0.0001,1.0768518507601523
287,1.0780446435084934,0.7608846378858385,0.025862272322540594,0.2912977302624536,1.8451619883338046,0.0001,1.0764752873663486
288,1.0749888932729106,0.7603472681606517,0.025830636885296743,0.28881098520441423,1.8599553744159412,0.0001,1.0766091063104828
289,1.0735866364552573,0.760481611952095,0.02582493805256625,0.28728008874773253,1.8564107686462556,0.0001,1.075880646560545
290,1.0751771980076725,0.7608389679123374,0.02593256518033165,0.2884056654590622,1.841114008160682,0.0001,1.0757116907629474
291,1.0734169914804657,0.7604972189386766,0.026003923425809847,0.2869158526221347,1.8581028011217562,0.0001,1.0753874668726815
292,1.0724234848186887,0.7602590239072184,0.025863977039561552,0.2863004814387577,1.8543729419398742,0.0001,1.0750984060715951
293,1.0768384407548344,0.7605027807895358,0.02596248332675524,0.2903731737746791,1.831591495635785,0.0001,1.0754679697401381
294,1.075261721988237,0.7606488149499796,0.025671169917433546,0.2889417369243581,1.8392717823779123,0.0001,1.0754430600160518
295,1.0792923504392224,0.7609870258499595,0.025643021533261933,0.29266230366051077,1.8426341248815974,0.0001,1.0756668421607958
296,1.0793499271961544,0.7603970496456232,0.0256478728435586,0.29330500145773375,1.8420963110836717,0.0001,1.0758380287921938
297,1.0707973394142445,0.7602691482336961,0.02573300520256615,0.28479518519211977,1.8475866470085438,0.0001,1.0751132983827687
298,1.077578102720195,0.7602254592380949,0.02575647323175086,0.29159617231323803,1.8395265319042708,0.0001,1.075372219327497
299,1.0749642719603456,0.7605327591451138,0.025744241826674518,0.2886872715930668,1.854851887627499,0.0001,1.075509982878006
300,1.078467087136321,0.7601625785140914,0.025740816433579637,0.2925636956948054,1.8462901898861899,0.0001,1.0758389717908707
301,1.0730704044957189,0.7603672222965387,0.02574613587609653,0.2869570434667759,1.8464387357839465,0.0001,1.075804313092396
302,1.0733595841071184,0.7598073568353788,0.02578946470488883,0.28776276090444947,1.849255737136392,0.0001,1.0758979230212389
303,1.0753756118352709,0.7604457181075523,0.025989625323374906,0.28894026740690276,1.8602521772558742,0.0001,1.0757516401292828
304,1.0768590253942154,0.7608974096015791,0.026041806590484558,0.28991980917192617,1.8453136726035066,0.0001,1.0759113704698806
305,1.077199784181181,0.7597195924416517,0.02597730517629194,0.29150288411497344,1.8467526530155545,0.0001,1.0757021138440765
306,1.0733059475436413,0.7596205204543912,0.025856543747938672,0.28782888337153695,1.838864548936577,0.0001,1.075097715878825
307,1.0763039615526644,0.7592816715549987,0.02573669851430773,0.29128559181583824,1.855144486224192,0.0001,1.0756483780926671
308,1.0745765924695538,0.7601148310829612,0.02591238810131081,0.28854937766797645,1.8414305088244394,0.0001,1.0753482270676031
309,1.0751916234198255,0.760061122220138,0.025728135031570527,0.28940236651570994,1.8604058759933069,0.0001,1.075370962213551
310,1.0719601260479275,0.7600123644116926,0.025807240188242698,0.28614052099461,1.8578691131928389,0.0001,1.0747202661047115
311,1.0729021613786476,0.7599702319073629,0.025752990047539948,0.28717893915171555,1.8448575993822265,0.0001,1.0747034417930048
312,1.0766910636159035,0.7598409504000604,0.025817429801755214,0.2910326838976955,1.8471608435164601,0.0001,1.0750365897438832
313,1.0767416046067135,0.7600847486308332,0.025685819602641324,0.29097103585940587,1.861768800395014,0.0001,1.0751731890210272
314,1.073190533123442,0.7595880193594261,0.025867811806545297,0.287734705584528,1.8628315038178078,0.0001,1.07480633979395
315,1.0706795075602271,0.7598097661687685,0.02617251026702943,0.284697232061419,1.8604515612004495,0.0001,1.0741543121318546
316,1.0699943380230097,0.760234459418554,0.025939753282868114,0.2838201230546766,1.863577459936935,0.0001,1.0738231511797913
317,1.0704074080043584,0.759180569987268,0.025822744408195448,0.2854040908281508,1.8650914906971836,0.0001,1.073233495824961
318,1.071488498795105,0.7591786939522316,0.025717628413233263,0.2865921772759536,1.8519863975942739,0.0001,1.0729246864575162
319,1.0732964993006802,0.7593581645048656,0.025822845965805207,0.2881154879081322,1.83724161142268,0.0001,1.0727351740456013
320,1.075123890297408,0.7595596990527295,0.026044096230976962,0.2895200953764074,1.842064532498559,0.0001,1.0730515504705496
321,1.069353627384797,0.7584319364952026,0.025815451846403235,0.2851062399877375,1.8538081694326343,0.0001,1.0726966970711647
322,1.0706280907559347,0.7595719401299591,0.025916672381619654,0.28513948016367385,1.8660898641447026,0.0001,1.0720903997851674
323,1.077199934341361,0.7597102323361875,0.02582526738938647,0.2916644358248063,1.8425679172995608,0.0001,1.0721362327586323
324,1.0766300052464854,0.7592400623141631,0.025817023813120007,0.29157291927032974,1.844594486586704,0.0001,1.072480179970937
325,1.075193983908841,0.7594606924734058,0.025769994418471144,0.28996329574749385,1.853075889738288,0.0001,1.072931627605798
326,1.0716924887399886,0.7596524912735512,0.025907875558183836,0.2861321235404295,1.84368527225742,0.0001,1.0731014426774959
327,1.0734807721983346,0.7592926709695472,0.02583963634034441,0.2883484652813743,1.8530300405881468,0.0001,1.0734087790968936
328,1.0722067646274218,0.7593196787650397,0.025934362266416724,0.2869527223264953,1.868139993346487,0.0001,1.0734806056801252
329,1.0751871801534967,0.7594545408629985,0.025789900677199298,0.289942737676309,1.8535356129884237,0.0001,1.073669673765407
330,1.0738526802759383,0.7597272485555064,0.025798227433984227,0.288327203047203,1.8544745629022377,0.0001,1.07354255276326
331,1.076911633203286,0.7590442406236521,0.025740657810265345,0.2921267348600449,1.856943801256996,0.0001,1.0742983533451087
332,1.0709002656336972,0.7594560765591403,0.0256986277098588,0.2857455603219191,1.8565926999155937,0.0001,1.0743255708328854
333,1.0744680577311023,0.7586269281940576,0.025758957282524805,0.29008217304038225,1.850836720234482,0.0001,1.0740523831718594
334,1.0746039109829715,0.7589051463541104,0.025938481394707794,0.28976028521392216,1.844721092655499,0.0001,1.0738497737455082
335,1.0682431753218538,0.7584790234391636,0.02573291307530587,0.2840312368125026,1.861794413224195,0.0001,1.0731546928868092
336,1.0691075877533964,0.7592969419506452,0.02594538755397526,0.28386525945779517,1.8532823464449715,0.0001,1.07289620278815
337,1.066292338874229,0.7585883036588317,0.02606043225611441,0.28164360222631485,1.8537273261900122,0.0001,1.0721773594557393
338,1.0732817652259348,0.7593721718381916,0.025892563330474298,0.28801703465154155,1.8534571464356737,0.0001,1.0722848595155905
339,1.0697959053347126,0.7585796386184848,0.02596080230650989,0.2852554648177619,1.8426038817508226,0.0001,1.0717457320337123
340,1.0727771144609664,0.7588890523746096,0.026068615623226515,0.28781944395441555,1.8549675997082167,0.0001,1.071638175452215
341,1.0706574878150987,0.7592480139123016,0.025937026944653743,0.28547244466100696,1.8529128883238013,0.0001,1.0710127609133961
342,1.0721534740852294,0.7584743632747968,0.026097877272244156,0.28758123550284465,1.8472646547379408,0.0001,1.0711380817585496
343,1.072482420150455,0.7584049325685714,0.02597346291338938,0.28810402548458225,1.839895437745487,0.0001,1.0709395180004848
344,1.0683849353577495,0.7584931534879348,0.025867284190582214,0.2840244964551007,1.8527808443286113,0.0001,1.0703176204379627
345,1.0709322707890014,0.7586146518134684,0.025643876068006905,0.28667374260527123,1.8716038603328062,0.0001,1.0705865299846775
346,1.067516229578254,0.7587022591556062,0.02596430217518526,0.28284966839859016,1.870076089069761,0.0001,1.0704273941671631
347,1.0661892082096356,0.7582082195891328,0.025973396900943038,0.2820075907145625,1.8574524010412592,0.0001,1.0704170811007037
348,1.0674248556578134,0.7585994042682841,0.025814764398106697,0.2830106852232322,1.8705432555254768,0.0001,1.0698313901438916
349,1.0692746156853064,0.7579632550175727,0.025959205192194506,0.2853521549617059,1.8537463256843676,0.0001,1.069779261178951
350,1.0690325186653988,0.7582429940028317,0.02600301013273351,0.28478651348705464,1.8667123810998325,0.0001,1.0694048015993942
351,1.0709670287600395,0.7588381542395385,0.025960421465473293,0.28616845086368053,1.8597860471713856,0.0001,1.0694357556938883
352,1.0693457986230057,0.7588140968135114,0.02597399439821379,0.2845577079100009,1.8625799821308129,0.0001,1.0691549881476659
353,1.0646829751393858,0.7578419978913622,0.02608995287703694,0.28075102382692796,1.857485074542357,0.0001,1.068375043646559
354,1.0711526810276581,0.7580780303502421,0.025990219193588165,0.2870844338716406,1.866690996210667,0.0001,1.0686518182135498
355,1.0679132654265506,0.757842848436344,0.025709641632637194,0.28436077658170134,1.85266781264338,0.0001,1.0683499176773048
356,1.0724320521702873,0.7584530428263527,0.025683283322239504,0.2882957253416218,1.8626019367098083,0.0001,1.0688414999365081
357,1.0663717138839783,0.7579445719235326,0.025737023740462793,0.28269011850712505,1.8637819009668686,0.0001,1.0688597505039423
358,1.0709801327142463,0.7582403665623849,0.02589072489593382,0.28684903897390407,1.846615744894465,0.0001,1.0692152782095856
359,1.0689323752453554,0.7576231343509218,0.02560932641097063,0.28569991561691854,1.8579866932081643,0.0001,1.0691810541655906
360,1.0663505150628623,0.7578179086681311,0.02594478667145085,0.2825878162624628,1.8557713742672066,0.0001,1.068912853805337
361,1.0709010022890737,0.758253613180853,0.02599538291443676,0.2866520098964051,1.8440165127992147,0.0001,1.0689062511582403
362,1.0697375575862598,0.7579559619721727,0.025901386026920218,0.28588021075084774,1.8534089875753221,0.0001,1.0689454270545657
363,1.070173628794494,0.7577873156472104,0.02599387816918549,0.2863924348571963,1.867283737441831,0.0001,1.0694944924200764
364,1.0664172709350896,0.7574977134836132,0.02595756890565822,0.28296198736702455,1.8590096361013262,0.0001,1.0690209514108198
365,1.0653335466588003,0.7579404091496497,0.025933350559180456,0.281459786436137,1.8657122683573446,0.0001,1.0687629795340448
366,1.0661415512131387,0.7576074641326378,0.026084342060901572,0.28244974356877633,1.8557076415473985,0.0001,1.0681339294383299
367,1.069437530413119,0.7577367550702898,0.026134901791508736,0.2855658692744151,1.858401777294538,0.0001,1.068440511091244
368,1.0700951627253519,0.7577403658060224,0.025878171408152243,0.2864766263272651,1.8548439610560574,0.0001,1.0683520140923544
369,1.0694233877905484,0.757911936990146,0.026020313131398166,0.28549113526607867,1.8619190684196674,0.0001,1.0684011153468738
370,1.0675007080693273,0.7571354501145848,0.025943877972647335,0.284421379936757,1.8527981673969942,0.0001,1.0685161346475203
371,1.067138658817593,0.7576745241940868,0.0260610698928214,0.2834030670127085,1.8573088491180605,0.0001,1.068139900300372
372,1.0654142033497653,0.7572620853207416,0.025772721723900847,0.28237939766243586,1.8625054898658582,0.0001,1.067707564876723
373,1.0688827295332362,0.7578413607382629,0.025906448190159054,0.2851349221803172,1.8602951349157832,0.0001,1.067578474950597
374,1.0684799666820626,0.7578082084655762,0.026112078411342166,0.28455967867168885,1.8513590740625563,0.0001,1.0677847445252941
375,1.06419300210887,0.7573788779018858,0.026012282100700702,0.28080184298282224,1.8801210429557196,0.0001,1.067670690070301
376,1.0725668615550106,0.7577028529639176,0.02599510895069424,0.2888689019224223,1.8544188450122703,0.0001,1.0683132211044886
377,1.0704936990873326,0.7574751982824314,0.025961659984704687,0.28705684063884357,1.8706187860960892,0.0001,1.0684188379719097
378,1.0655653858765144,0.7571186229858631,0.026125678909719594,0.28232108415472823,1.8674059334923239,0.0001,1.0679658602870261
379,1.066389904665415,0.7580775099883941,0.026263945968349373,0.2820484474694269,1.8664731563467525,0.0001,1.0676625119745127
380,1.0691198898860939,0.7569252939301621,0.026138772829067392,0.28605582472881486,1.8717184842962764,0.0001,1.0678244301561892
381,1.069976678000986,0.7570534266274551,0.02593887626036669,0.2869843750829387,1.8527174902736052,0.0001,1.0681082320745285
382,1.0678029483520477,0.7565576639668695,0.025894073637213716,0.28535121248592954,1.8575067875593236,0.0001,1.0683471065747567
383,1.0633681547085605,0.7576917561024246,0.025810296346884955,0.27986610389142685,1.8702062124171073,0.0001,1.0677956490922895
384,1.0676008471369018,0.7579641603311226,0.025937279387855144,0.28369940985107517,1.873380376407631,0.0001,1.0677077371377732
385,1.0661359125895626,0.7571418031475848,0.026140945678308575,0.2828531629475812,1.8723998988617747,0.0001,1.0679020281858425
386,1.0659548998120831,0.7577705068955799,0.026040212136011338,0.28214417877049763,1.8618080596653008,0.0001,1.0672408320115498
387,1.0664852199883297,0.7573783251383241,0.02595800802141851,0.2831488871459545,1.86642730332775,0.0001,1.0668399841016494
388,1.0684814444661865,0.7569789576965703,0.02621195766069826,0.2852905296983148,1.8753586828587747,0.0001,1.0671315899606166
389,1.0641230986761514,0.7577131108870129,0.026380089185300753,0.280029899812857,1.8485275811646096,0.0001,1.0669049093616905
390,1.0689487784919585,0.7567085743434047,0.026226432521734955,0.286013770856069,1.8477368202460949,0.0001,1.0668877982222766
391,1.0636057686854086,0.7568017704975291,0.02597164430676319,0.2808323540322437,1.864971600246236,0.0001,1.066250707290719
392,1.06372355725654,0.757232052922007,0.026135292304698642,0.2803562098535998,1.8564555785235237,0.0001,1.0658427681811684
393,1.0679813183345368,0.7573188272499409,0.026107626319173384,0.2845548654303831,1.8513685007849765,0.0001,1.0663040845437661
394,1.0650526568081993,0.7566666983929415,0.02600581602440886,0.28238014313137316,1.8682270983411622,0.0001,1.0660492655108955
395,1.0603500943154882,0.7569948679051584,0.02614540671721917,0.2772098180911604,1.8691190454587492,0.0001,1.0654706836834884
396,1.0627685271460434,0.7572297717446488,0.02615444195923409,0.2793843126109599,1.862085058529527,0.0001,1.0651520464168844
397,1.0666874705173424,0.7566370924152661,0.026060971720465297,0.28398940802889955,1.8579788906820889,0.0001,1.0651722714697855
398,1.0633329635459559,0.7570314366241981,0.025935078731173192,0.2803664493693783,1.8587799101282085,0.0001,1.0646574233777624
399,1.0644746965617244,0.7572247282003051,0.025861109246105015,0.2813888569541925,1.8626547812448313,0.0001,1.06469258316632
400,1.0658947428873538,0.7568378726560736,0.026267175742143548,0.28278969188974545,1.8581357802628988,0.0001,1.0643871796058593
401,1.0637716704159672,0.7564629136186101,0.0262174110625385,0.28109134513030914,1.8457405170610903,0.0001,1.0644037697789153
402,1.061736555902276,0.7566663842897629,0.02610408510204261,0.27896608743234774,1.8570053260660075,0.0001,1.0642050696434886
403,1.0669743882956901,0.7568998663227167,0.026101358522024404,0.2839731608968961,1.8622369875047076,0.0001,1.064104376639604
404,1.0619661100737705,0.7570682603253795,0.026274136065469553,0.2786237155569011,1.8535599111301662,0.0001,1.0637957219661613
405,1.0713283935860254,0.7563935570252595,0.026288895046009737,0.28864594019994777,1.8529108799011664,0.0001,1.0648935518932148
406,1.0705888634037537,0.7563314169463956,0.026146122698367972,0.28811132480176904,1.8559952135260158,0.0001,1.0656755855189857
407,1.0656266547361688,0.7566639648006122,0.026046307285223724,0.28291638228762706,1.8686663275074524,0.0001,1.0655695039408686
408,1.0664256913908596,0.7557513683611191,0.026280803806157917,0.2843935219136503,1.8464458868904965,0.0001,1.0658787767253588
409,1.067126938706721,0.756546866942129,0.025911906669879782,0.28466816118051264,1.86771935913674,0.0001,1.0661440009398586
410,1.0662867626360415,0.7568418139376456,0.02606244164596465,0.28338250614566685,1.8526488511122265,0.0001,1.0661832029147273
411,1.0653204868337929,0.7568255747549433,0.026108015623344128,0.28238689527671185,1.871780464180101,0.0001,1.0663380845565098
412,1.065017358284693,0.7560436336312284,0.0262842284738413,0.28268949847675967,1.8500960489799236,0.0001,1.0666661647947517
413,1.0627503131514389,0.7565512138496306,0.026309043592178314,0.27989005465173816,1.8646356636322052,0.0001,1.0662437572803265
414,1.0638161098497634,0.7563386554650312,0.026295134068502615,0.28118232052780795,1.851409994322678,0.0001,1.0664287572579259
415,1.0672142650728051,0.756721813586856,0.026123360252767257,0.2843690910820545,1.8618820663881592,0.0001,1.0660173444066037
416,1.062985700356791,0.7568138831769236,0.026246117046348463,0.2799256996196859,1.8458378078004167,0.0001,1.0652570281019076
417,1.06120795301685,0.7565039184707657,0.02608261872498549,0.27862141796710765,1.8710088180963698,0.0001,1.0648151579299756
418,1.0629958235951515,0.7561965972850095,0.026174048623013448,0.28062517638743284,1.8594901888172235,0.0001,1.064472171150405
419,1.0578790264729312,0.7566160623732252,0.026299375065925397,0.27496358696333534,1.863735877476164,0.0001,1.0635473799270259
420,1.0655871570473028,0.7566362111611976,0.026284666864190093,0.282666280533189,1.8665975030005342,0.0001,1.063477419368152
421,1.0665401475424698,0.7562240794996219,0.026274289610903355,0.2840417798374294,1.8618979630557326,0.0001,1.0635993854390198
422,1.061668829308562,0.7556436707475365,0.026508423426088407,0.2795167351198245,1.8470417270795811,0.0001,1.0632645325414065
423,1.0682383201426957,0.756266282368867,0.02620326046044154,0.2857687781899261,1.8456059919167727,0.0001,1.0638133332405322
424,1.0614084915747266,0.7566643561601155,0.026325670507326572,0.27841846449924046,1.869500925526416,0.0001,1.0635725714130284
425,1.065276312900605,0.7566129248475931,0.026211528458895114,0.28245185883847984,1.8710168827378,0.0001,1.0633787761958087
426,1.06604742423516,0.7564631653364,0.026402244219673576,0.28318201541961086,1.8411341949118563,0.0001,1.0636849485836455
427,1.0683329109004254,0.7551510903462919,0.02629071220181293,0.28689110806517865,1.8433563000773803,0.0001,1.064397444372003
428,1.0647656401320837,0.7558013425637452,0.026303054353044676,0.2826612434873233,1.8593107193527068,0.0001,1.0645744260256964
429,1.064078149519876,0.7559714706625948,0.026264383391482835,0.2818422949973033,1.8651101927728246,0.0001,1.0651943383303908
430,1.0614334413777984,0.7561859009715655,0.026128619002522127,0.2791189193937164,1.8519410100476494,0.0001,1.0647789667634402
431,1.0595344231288284,0.7558259112839767,0.026130762351695713,0.27757775197164525,1.8599229569851021,0.0001,1.0640783943220762
432,1.0613905948267506,0.7557793639252683,0.026236187371956165,0.2793750425018597,1.8634492833522465,0.0001,1.0640505708738952
433,1.0601539602144252,0.7558768644294197,0.02618733308378146,0.27808976236874383,1.8720605883588655,0.0001,1.063242134881068
434,1.056755025294925,0.7556794513069833,0.026283894542748255,0.274791680442634,1.8681810175429494,0.0001,1.0627767882530876
435,1.0617714873675643,0.7558490249496445,0.026227758815757642,0.2796947031790054,1.8639905404367505,0.0001,1.0624263056997836
436,1.0618955509899597,0.7556143116515742,0.02616512122550794,0.2801161176594953,1.8583273846527626,0.0001,1.0620111183752639
437,1.0644769686714388,0.7555993065147323,0.026179034376241132,0.28269862466724116,1.8651057658282546,0.0001,1.0616255241523649
438,1.0625902581166544,0.7564100802065634,0.026348011730650617,0.2798321654389161,1.8649533892741794,0.0001,1.0614079859508219
439,1.0629298117533175,0.756197621807849,0.026218313474442364,0.2805138765465899,1.8631764674525233,0.0001,1.0612931521741662
440,1.0610724276509778,0.7560183722639181,0.026136365430108433,0.27891768962447105,1.8652914503766846,0.0001,1.061257050801484
441,1.0611192324098662,0.7564159244842994,0.026171330989737056,0.27853197683004044,1.8819227133996588,0.0001,1.061415531729588
442,1.0613224147299483,0.755507751362319,0.02612820044008762,0.2796864617185225,1.8620370217801108,0.0001,1.0614087137199077
443,1.0622927779841858,0.7560993222629323,0.026055983549199288,0.2801374711217189,1.8637650083093082,0.0001,1.0616225954968836
444,1.064704675582553,0.7554170644065671,0.025980293871664856,0.2833073172438701,1.8553646128269528,0.0001,1.0624175605256467
445,1.0640044578674115,0.755829681489337,0.026292251041404615,0.2818825264247871,1.8617167866979603,0.0001,1.0626408575756314
446,1.061592641756936,0.7553461722379766,0.026080204797323044,0.28016626639915043,1.8671245263024228,0.0001,1.0626105666523291
447,1.0593797992499314,0.755714273718743,0.026095570947287292,0.2775699529366126,1.8639093049883118,0.0001,1.0621008497101783
448,1.062256427493105,0.7557156434165537,0.026016401470795605,0.28052438227327553,1.863763739322794,0.0001,1.0620674666478234
449,1.063571508830266,0.7554347424429764,0.026252261523542732,0.28188450697953027,1.8698235634132525,0.0001,1.062131636355518
450,1.0616151888762235,0.7554713438055336,0.02615043019184476,0.2799934142478883,1.8507670787962165,0.0001,1.0621859124780426
451,1.0543122541831909,0.7553387829546513,0.026179523061787138,0.2727939474564537,1.8671228992044322,0.0001,1.0615052146553752
452,1.0604381549189106,0.7554834958989528,0.02628771963757869,0.2786669356344196,1.8665012735382296,0.0001,1.0614167886742716
453,1.062151184188425,0.7558002357067007,0.026089182490025765,0.2802617641252751,1.8584592796967914,0.0001,1.0614026292946952
454,1.061174568128876,0.7555750780124935,0.026303345968466986,0.27929614210013926,1.8700275351019466,0.0001,1.0610496185493277
455,1.0592481121571988,0.7558342992171313,0.026282340469515105,0.2771314711708568,1.8662445801508596,0.0001,1.0605739839783064
456,1.0610149412077774,0.7556830749792212,0.026373241300756984,0.27895862711914654,1.8596985257905105,0.0001,1.0605162139233903
457,1.0593480151033305,0.7549808568209712,0.026253160791996768,0.2781139943166872,1.8727494855439688,0.0001,1.0605130355087302
458,1.062528182720316,0.7550639722942097,0.02635967368770081,0.28110453843103217,1.8631685425737083,0.0001,1.0605402110314515
459,1.0616355326789872,0.7550816369105062,0.026445811225241145,0.2801080826088091,1.866815174568981,0.0001,1.0603466134163235
460,1.0586209522057741,0.7550897946464121,0.026333640119850513,0.2771975212781473,1.8615607572133837,0.0001,1.060047189749279
461,1.0588587655498822,0.7552639256868111,0.02650970643722503,0.2770851321941578,1.8680639902911853,0.0001,1.060501840885948
462,1.0577993715752452,0.7550316303061665,0.02629795591923093,0.2764697853619498,1.8625028043924916,0.0001,1.060237962551581
463,1.0610239702837947,0.7557353257649327,0.026398670359025378,0.27888997482479705,1.8518138180881678,0.0001,1.0601252411611182
464,1.0624040262452488,0.7544604670445285,0.026279450188302123,0.2816641097227168,1.8596219871397193,0.0001,1.0602481869727556
465,1.0589446655151569,0.7552872832116442,0.026378835674231726,0.2772785457074038,1.8574802449944052,0.0001,1.060217842308551
466,1.0594509561937189,0.7556586421527437,0.026325988721170483,0.27746632697087154,1.8589531028488344,0.0001,1.0600614438071454
467,1.0609863723267405,0.7547745565613675,0.02643969769893747,0.27977211703876936,1.8457988205594418,0.0001,1.0602252795294862
468,1.0600069439677147,0.7555741040266551,0.026424167605974613,0.2780086681186307,1.850144574414886,0.0001,1.0599731556542262
469,1.0544722109247173,0.7550494484678969,0.026457625518705976,0.27296513847961384,1.859235063285905,0.0001,1.0592568234787993
470,1.0579179498776945,0.755149943591615,0.02633526649242966,0.27643273937049306,1.8684187027310262,0.0001,1.0591865232459914
471,1.0596068524443838,0.754944600875189,0.026466609981916012,0.27819564234291566,1.849766865946942,0.0001,1.0592613319354416
472,1.0612393907794604,0.7550903863403908,0.026199775099996138,0.27994922732907906,1.8597972644511875,0.0001,1.059605333855863
473,1.0594993360627738,0.7549517216353581,0.026457764797713647,0.2780898484055701,1.8569963960086597,0.0001,1.059452870433761
474,1.0611646998726572,0.7553375350050704,0.02635257432717097,0.2794745897243279,1.8615546966421193,0.0001,1.059328937796502
475,1.0582611078422888,0.7545615358478399,0.026324571508906675,0.2773750001530618,1.8526215978858438,0.0001,1.059260582029215
476,1.0592113483024659,0.7546457708728241,0.026129364241934693,0.27843621358063836,1.871894666195883,0.0001,1.0592366212400897
477,1.0559832221596042,0.7547878863603542,0.02647638006577869,0.27471895445644495,1.8713181437149977,0.0001,1.0587363062233761
478,1.0574525230796537,0.7548530161018062,0.026308149401604766,0.2762913581807521,1.8662236111642865,0.0001,1.05848086413457
479,1.0559408252427833,0.7547195724251304,0.02639747729891454,0.27482377402257724,1.8585708716820026,0.0001,1.0586277255663767
480,1.0594592685631758,0.7546534221506022,0.02623471623743765,0.27857113457294314,1.8416491057761541,0.0001,1.0587818574349248
481,1.0607471607519696,0.7543685927110559,0.026191563925443265,0.28018700369986993,1.8508842259826814,0.0001,1.0588958882656834
482,1.0587637723096728,0.7551526027083638,0.026241275408205107,0.277369893543256,1.8544979151073866,0.0001,1.0586483264187045
483,1.0574902714386916,0.7551597040033243,0.02600356966680252,0.27632699726984417,1.8533761184549236,0.0001,1.0584474199562963
484,1.0578402962694304,0.7551833489120128,0.026254467258105173,0.2764024818372775,1.8536585221184194,0.0001,1.0581149795959737
485,1.0579219575344185,0.7548274154837185,0.026390680434979483,0.27670386222023025,1.85971972860139,0.0001,1.0580810645651868
486,1.0547404821214037,0.7553105807691268,0.026438014744261457,0.2729918856710256,1.8785177273392435,0.0001,1.0576339779470803
487,1.0588562145194467,0.7542413962782034,0.026168721200970076,0.2784460983399687,1.8553962279526748,0.0001,1.0579212771830646
488,1.05671816290513,0.7546102706849213,0.026251370718222845,0.2758565197489083,1.8563664854177355,0.0001,1.057847841165612
489,1.0567248800947022,0.7542382623796289,0.026314775793837727,0.27617184003214323,1.8672149742350859,0.0001,1.0579262466508041
490,1.0633979871355255,0.7545758717925747,0.026133203844995092,0.2826889097297651,1.8600399496589182,0.0001,1.058320118508039
491,1.058660055391687,0.754709180300908,0.026271894785743696,0.2776789815140544,1.8591939718679773,0.0001,1.0581114079720109
492,1.0601973021006246,0.7541231335297559,0.026204782373764935,0.2798693851769938,1.8538434403905037,0.0001,1.058254760951106
493,1.0548397248221701,0.7543659616435517,0.026304507594079565,0.2741692551764949,1.8628173174287437,0.0001,1.0579897062894537
494,1.0559431499448315,0.7544398928027124,0.026567949726421982,0.27493530907809854,1.8508610432820194,0.0001,1.0577999916569938
495,1.0524719318801927,0.7549581452750773,0.026214373764595202,0.2712994117826284,1.8565528932014295,0.0001,1.0572549890915712
496,1.0533059874122572,0.7539439629347764,0.026282634986583408,0.27307938834232925,1.8688518715678557,0.0001,1.0571115396206567
497,1.0594878466327582,0.7547830682980845,0.026267383209832056,0.2784373971688397,1.8551097170092754,0.0001,1.0571747028319876
498,1.0613092713617167,0.7541755868261775,0.026173491748786602,0.28096019469095773,1.8511644350345913,0.0001,1.0576338136776464
499,1.0539625109330153,0.7542547993437514,0.026429070178683824,0.27327864230223164,1.8576491602052299,0.0001,1.0573575767614778
500,1.0585428354222683,0.7536814957554877,0.026131955895414217,0.2787293842096358,1.8526223762523815,0.0001,1.0568720615901523
501,1.0555661832101446,0.7545374784218128,0.026300789618347045,0.2747279158122762,1.8747835918565792,0.0001,1.056562674371998
502,1.056969430214493,0.7541608511797071,0.02640079049503102,0.276407786620437,1.8504525038581832,0.0001,1.0562398871833847
503,1.0607206584473894,0.7544661395206412,0.026306686246612733,0.2799478298389404,1.8591258661258534,0.0001,1.0568279805459064
504,1.0570485608814697,0.7543722177132148,0.026516305989232557,0.2761600363629343,1.8516293727843804,0.0001,1.0569385216395704
505,1.0530579466123369,0.7544809905075398,0.026637732136322083,0.27193922247231367,1.857498162416609,0.0001,1.0569971231127848
506,1.0546566678350886,0.753943068623301,0.02660158826661642,0.2741120117914846,1.8573343913405227,0.0001,1.0571321911550682
507,1.0563726712917458,0.7542481465949006,0.0262938895041754,0.2758306369910859,1.8503189928391401,0.0001,1.0568206736209667
508,1.0546163888780389,0.7544817461445172,0.026343878577737248,0.2737907640348825,1.8594944527860104,0.0001,1.056151385372599
509,1.0569769607112567,0.753764547876122,0.026381416204734942,0.2768309970686692,1.8702953401008435,0.0001,1.056452830350423
510,1.0594494706718722,0.7546069145686244,0.026270340470706716,0.27857221664887294,1.8644252974411537,0.0001,1.0565434938753835
511,1.0537621676317335,0.7536161807922998,0.02628454499505838,0.2738614407260326,1.8612114901958565,0.0001,1.0563630923175424
512,1.0596523747966449,0.754310713820235,0.026352568765682816,0.2789890915835484,1.8488083657096415,0.0001,1.0566313867757577
513,1.05837794817969,0.7542527901957049,0.02611566097692834,0.27800949356513016,1.8572832273421374,0.0001,1.0563971157489875
514,1.0590433495281677,0.7532228798460041,0.026234175322263766,0.27958629322644424,1.851455187700825,0.0001,1.0565965946136573
515,1.055187294739497,0.7540125932703153,0.026361910856761508,0.27481279061242003,1.8556203148186086,0.0001,1.0568095294263735
516,1.0551383697237011,0.7538040574133759,0.026502529457664875,0.27483178177965584,1.8492577146081364,0.0001,1.0568576996152348
517,1.0606653599661697,0.7538767737500808,0.026564187500588067,0.2802243992142213,1.8549375550983886,0.0001,1.0572869684826771
518,1.0579847075634505,0.7544683688310774,0.026568271567323387,0.27694806659076565,1.8532004653802991,0.0001,1.0576238003512182
519,1.0567017559105678,0.7541025698064066,0.026378880407940786,0.276220303867579,1.8652924686126244,0.0001,1.0575962798711493
520,1.0583878073682649,0.7538496943806537,0.02636250327615177,0.2781756131382731,1.856815992697741,0.0001,1.0574901135407888
521,1.0566159130109976,0.7537805240971563,0.026492571492224146,0.27634281725537707,1.8731040115530544,0.0001,1.057775488078715
522,1.0562897103311566,0.7542291535083469,0.026410481267236552,0.2756500761903082,1.8723777218232531,0.0001,1.0574392216321662
523,1.054433001345118,0.7534568788555525,0.026560408832093523,0.27441571397483955,1.8528240203373814,0.0001,1.057044726948709
524,1.0565427804089946,0.7541328773779028,0.02657471249601662,0.27583518968876186,1.8500912634402695,0.0001,1.0567946700367918
525,1.0535714090716766,0.7540075681030629,0.026489596337865864,0.2730742462629237,1.8686043592302117,0.0001,1.0566330814700096
526,1.058133564420936,0.7541395066717818,0.026631310068327804,0.2773627472425571,1.862557967342663,0.0001,1.056932600939733
527,1.0564814433606595,0.7532636825501556,0.02658933364837213,0.2766284266180731,1.8442223371888755,0.0001,1.0565142092791822
528,1.0530640027102303,0.7538367075804039,0.026385084368877914,0.2728422107307229,1.857070877392442,0.0001,1.05602213879386
529,1.0558879948532847,0.7538785772439675,0.026530569997327082,0.27547884919882787,1.8425594952720659,0.0001,1.0559407626881319
530,1.0542406804904976,0.7532716719905939,0.026289301276448775,0.2746797077070627,1.854904107583222,0.0001,1.055526050000355
531,1.054682310768847,0.7539249129034201,0.026548172349136694,0.27420922606034887,1.8770257768959835,0.0001,1.0553326897761401
532,1.0524682071339528,0.7528530801769202,0.02628094260155792,0.27333418184675984,1.8588050219398482,0.0001,1.0549505394564196
533,1.0512504031160057,0.7538600243612912,0.026249272586365984,0.27114110536737324,1.8667677848866213,0.0001,1.0546322796335086
534,1.053046000656685,0.7536714750419524,0.026345317794149836,0.27302920723118596,1.8646684585188271,0.0001,1.0542826016582774
535,1.055769433114398,0.7529546001861835,0.026436886245773967,0.2763779461534947,1.8507235985982249,0.0001,1.0545024040625497
536,1.0576655479038464,0.7540481201775417,0.026158433656905292,0.277458993736919,1.8630064058497275,0.0001,1.0544556024108407
537,1.0563838960674665,0.7536713559535647,0.026271081357650293,0.27644145993504515,1.864640994681306,0.0001,1.0544458476815213
538,1.054574978037248,0.7534226278262496,0.02627823754208083,0.2748741125177902,1.8608379746063728,0.0001,1.054596945214223
539,1.0560710906498814,0.7540923822482266,0.026285002487909964,0.2756937058910758,1.8609285893836804,0.0001,1.054615254793883
540,1.0539390121947438,0.7532684353253905,0.02647726676043342,0.27419330886967525,1.8482947402745182,0.0001,1.0545850879643075
541,1.0578449871428839,0.7535527703970005,0.026249516566433238,0.27804270343624554,1.8512314949751383,0.0001,1.0549013556017113
542,1.0563119400829137,0.7531616564454704,0.026385817759902674,0.2767644666482904,1.8437837884585708,0.0001,1.055285728896607
543,1.056037402902607,0.753462505268035,0.026481497843899058,0.27609340167976537,1.852420689368103,0.0001,1.0557644288752672
544,1.0578164106450265,0.7529115254932195,0.026525199292397644,0.2783796877485018,1.8400287877231776,0.0001,1.0562414698741014
545,1.0529312671560787,0.753264153342218,0.026669589065876742,0.2729975242341508,1.846151823446185,0.0001,1.0559576532782695
546,1.0538440253623358,0.7537683027269391,0.026406960603431562,0.27366875981039257,1.8530793199674596,0.0001,1.0555755010241188
547,1.0564439614694452,0.7541674890576221,0.026245063990656792,0.2760314088140975,1.842664096466668,0.0001,1.0555815075643165
548,1.0554345709556983,0.7532400970043082,0.026287955638119462,0.27590651834349605,1.8591458391224396,0.0001,1.0556674668561614
549,1.0523352415034544,0.7531101876533539,0.02638052612482655,0.272844526501142,1.8516314344038587,0.0001,1.055293881941519
550,1.055490897103207,0.7538038897224179,0.02637184294919213,0.27531516604866024,1.859423940612143,0.0001,1.0554490704323651
551,1.0534078989019258,0.7535737208855805,0.02646884545834988,0.27336533400881846,1.8614172541345593,0.0001,1.0550053616082693
552,1.053379043846053,0.7532241183652355,0.02651173613859722,0.2736431903245483,1.8525344026983388,0.0001,1.054712071984583
553,1.0550438833043252,0.7534100659962358,0.02664735592886594,0.2749864614094489,1.8541747936128845,0.0001,1.054612720024755
554,1.0537972179436055,0.7532083432040881,0.026678267889042172,0.27391060772701403,1.8505591719919479,0.0001,1.054210800754613
555,1.0558530564965873,0.7532239725575244,0.026343700610116337,0.2762853844926275,1.8323961677706024,0.0001,1.0545029796886638
556,1.0524284352395403,0.7531507793836613,0.026318839790854927,0.2729588147048776,1.871392494766514,0.0001,1.054361420676384
557,1.0570771639777488,0.7532674949502848,0.026470370756926934,0.27733929784738026,1.8652657536415735,0.0001,1.0544247409272145
558,1.0569085588803397,0.7533006554443019,0.026522410085186757,0.27708549354731676,1.8523803202182236,0.0001,1.0545721397196786
559,1.0516026773268987,0.7532699909703485,0.02663674630209592,0.2716959408554296,1.863793487722927,0.0001,1.054498883302023
560,1.0492853273242773,0.752802118568343,0.026639089864843032,0.2698441183621453,1.86456025275449,0.0001,1.0538783263241303
561,1.0550806794398697,0.7532224974332427,0.026401121524478068,0.27545705972651197,1.8488877960924686,0.0001,1.0540456043779245
562,1.0591045307339326,0.7530916628199223,0.02644402187687872,0.27956884646028823,1.8561375656185963,0.0001,1.0546181530667125
563,1.0539211806129007,0.7531637481695257,0.0264730431728866,0.27428438656530807,1.8641303734170012,0.0001,1.0545058827975702
564,1.054522707786328,0.7534522024903287,0.026429331810430872,0.2746411744678964,1.8571616222602116,0.0001,1.0545784317818423
565,1.0550613877255826,0.7530630587564279,0.026500690297712903,0.2754976405303087,1.8546356784886326,0.0001,1.054499264904742
566,1.0552555227134581,0.7527285616006135,0.026295807008569188,0.27623115330330017,1.846287055141302,0.0001,1.0547819736521338
567,1.0501305045027278,0.7531123096028883,0.026406167970467773,0.27061202552388697,1.8428849813662485,0.0001,1.0540873077046318
568,1.0543985213275855,0.7525146176800525,0.026424907283899023,0.2754589963485213,1.8606555648072496,0.0001,1.0538363039493561
569,1.0543777748005385,0.7528685836714615,0.02617206824962314,0.27533712274343924,1.8383641044701815,0.0001,1.0541138136967203
570,1.0542666988247065,0.7527496346837367,0.026480176869560692,0.27503688953832006,1.83999137438335,0.0001,1.054611950846763
571,1.048013421149573,0.7528251084304485,0.02653623957179381,0.26865207312843986,1.841626546687577,0.0001,1.0539052250177332
572,1.0535317006507703,0.7527296401666096,0.026553853530187393,0.274248207641603,1.84911264996016,0.0001,1.0533479420094172
573,1.0505496805144614,0.7527940958798778,0.026358881538344685,0.27139670598277216,1.8458364926293704,0.0001,1.053010791999573
574,1.050898005343354,0.7532789721692068,0.026331093683687717,0.27128793861392064,1.8526488037186752,0.0001,1.0526483217552758
575,1.0493401944274592,0.7530322498046844,0.02668253693570955,0.2696254104224712,1.839430960873803,0.0001,1.0520762024254635
576,1.0570190988979766,0.7528488607000385,0.026344757051061665,0.277825480874847,1.844999578371493,0.0001,1.0522525600439152
577,1.0537139051584394,0.7532740209939272,0.02647941035141084,0.27396047586843403,1.846694255697316,0.0001,1.0526109001094865
578,1.0523034488937193,0.753115167119682,0.026612533033498646,0.27257574993444506,1.8466815730862878,0.0001,1.0524013928660998
579,1.0520554053130546,0.7531962683669936,0.026493052198243675,0.27236608424154063,1.841762436330923,0.0001,1.0521691559173516
580,1.0573011224458473,0.7527832119266595,0.02650218537081086,0.2780157228210151,1.8548986442674247,0.0001,1.0524725982794656
581,1.05515365100052,0.7528399209705376,0.026604052005868413,0.27570967646750183,1.84925513577026,0.0001,1.0531866212645604
582,1.054144428177731,0.7527640680754161,0.02673445753828749,0.27464590126433186,1.8395010897885955,0.0001,1.0532478940172563
583,1.053753539345569,0.7525645706039413,0.026406859287625636,0.2747821105572321,1.8493851510312929,0.0001,1.053568279900367
584,1.0484341755358249,0.7524217480820042,0.02645998842575971,0.26955243750545244,1.8527247540607414,0.0001,1.053321896919614
585,1.0524021649457378,0.7529206630182557,0.026445107092480147,0.2730363929761351,1.8556538358421404,0.0001,1.053628093971442
586,1.0503949238852603,0.7524143612167172,0.026325676068814724,0.27165488577986224,1.8519667882706523,0.0001,1.0529656764701705
587,1.053874131994847,0.7529972169026884,0.026256830406962736,0.27462008467008325,1.8587766861577062,0.0001,1.052981699153811
588,1.0516991400089999,0.7518277498336158,0.026253823818106196,0.27361756422638167,1.8618812203165485,0.0001,1.0529212682653393
589,1.0501808435873377,0.7521187453917992,0.02665329729084069,0.2714087982599682,1.8406353555393025,0.0001,1.0527338120927674
590,1.05018380701421,0.7524654159197701,0.026505431103658,0.27121296011168383,1.8437474298670615,0.0001,1.0520220805496039
591,1.0498141339294325,0.7530383941609767,0.026449813078673327,0.27032592833707103,1.8566650019214312,0.0001,1.051488128842495
592,1.0557050805304646,0.7532280110442372,0.026485731587206858,0.27599133919871605,1.83865855697686,0.0001,1.051644194077768
593,1.0518790578987245,0.7521177960699519,0.026445699028262742,0.27331556142525065,1.8517560422057795,0.0001,1.0514567459330837
594,1.0514151871083475,0.7523875558110328,0.026258436226216098,0.2727691952524514,1.8530452621394191,0.0001,1.051754847090336
595,1.0495519951197487,0.7522106019526902,0.026475124620278997,0.2708662689397108,1.838517722445134,0.0001,1.0514698301077374
596,1.051349264129422,0.7527139611224858,0.026404209359422417,0.2722310935114992,1.8644698720432924,0.0001,1.0515652641321536
597,1.0538331890444728,0.7518478069779355,0.02638566058741138,0.27559972328509813,1.8535508768553666,0.0001,1.0515611698371161
598,1.051068810976543,0.7526663077530464,0.02642786696281201,0.27197463801376237,1.846624578955691,0.0001,1.0514981369338705
599,1.0503152686248687,0.7525605000782206,0.026451330881331562,0.2713034376502037,1.851243593146303,0.0001,1.0515115794376235
600,1.0507869520970823,0.7521928267111401,0.02646105381344685,0.2721330728873036,1.8528878048032098,0.0001,1.0515718939459107
601,1.0542855387285321,0.7527099006316241,0.02649836221041109,0.27507727546334027,1.8477476815906548,0.0001,1.0520190344258207
602,1.0524356033932607,0.7521822700394094,0.026417509295635726,0.2738358252067837,1.8365953860853554,0.0001,1.0516920867121002
603,1.0536286392028142,0.7521432808640037,0.02652133139828881,0.27496402616977206,1.8346837379385927,0.0001,1.0518670448425094
604,1.0517954499919806,0.7526940852101386,0.026202856889844667,0.27289850624470874,1.8403054497546647,0.0001,1.0519050711308726
605,1.0550074779237744,0.7526616554473041,0.02626671147878465,0.2760791105140779,1.8435926304385821,0.0001,1.052450619411275
606,1.0485660289895946,0.7519756796152065,0.02639893513422225,0.27019141709647365,1.855027541185731,0.0001,1.0521722958972926
607,1.055845094621786,0.7523602071930381,0.02659913033065641,0.2768857557681705,1.8372444402857195,0.0001,1.0523734864550236
608,1.0540996498558632,0.7522759968320448,0.026384075805091473,0.2754395771885015,1.8424888498642866,0.0001,1.0526765703429557
609,1.050754616033233,0.7526601546918161,0.026368742056840814,0.2717257202669041,1.8498198601585372,0.0001,1.0527205050837922
610,1.0534928737257363,0.7523837140317379,0.02644483240332613,0.2746643285148042,1.8460142307784446,0.0001,1.0529910972466574
611,1.0515632102262176,0.7520323844275175,0.02654068102459395,0.27299014501591,1.854780840099946,0.0001,1.0527188643964258
612,1.054661364632736,0.7527290956243782,0.026753998915032006,0.2751782680228806,1.839749970735933,0.0001,1.0529414405203734
613,1.0511853763829864,0.7522130897514235,0.02637125681670152,0.2726010320817723,1.8654199727408542,0.0001,1.0526971142383907
614,1.0569520126008116,0.7520249988921516,0.02640741688726398,0.2785195966853815,1.8514631258788505,0.0001,1.053212770499274
615,1.0482087350520353,0.7522763415234084,0.026412482677560307,0.269519912475686,1.8656234555021987,0.0001,1.0525328962120999
616,1.0518579457642825,0.7518544750813296,0.02669327955458759,0.2733101961080128,1.863971305425462,0.0001,1.052862087889569
617,1.049249949126408,0.7521177098668855,0.026423535288951944,0.2707087036985413,1.8596053133146275,0.0001,1.052202573340031
618,1.0525941337339777,0.7518044688396956,0.026400781064681543,0.2743888864138789,1.8349949493853122,0.0001,1.0520520217278424
619,1.048864733979378,0.7520952340797286,0.026215999169959016,0.27055350106217074,1.8444793485482855,0.0001,1.051863033522457
620,1.0508521279021643,0.7523485468077128,0.0262817528862015,0.2722218286465196,1.8590304720957913,0.0001,1.0515989589400998
621,1.0506767651130413,0.7525183512521322,0.026465494782639324,0.27169292299246933,1.84745110701354,0.0001,1.0515103144287818
622,1.0517099726998056,0.7518225072847177,0.026575908699577284,0.2733115575164859,1.857315634133608,0.0001,1.051215175235489
623,1.0528003471860055,0.752201973424722,0.026398340296793662,0.27420003529690945,1.8534635648766105,0.0001,1.0513766723157911
624,1.0486036525778548,0.7518717488217306,0.02645023550996916,0.2702816685937481,1.8438072393196834,0.0001,1.0505418363134953
625,1.0525065963940494,0.7517726433446393,0.026535608221986473,0.2741983442833651,1.8375219353314103,0.0001,1.0509716224476966
626,1.0508912100511438,0.7520636058965996,0.02660828502376471,0.2722193172416871,1.856735928547068,0.0001,1.0508749488763829
627,1.0486890291587334,0.7521827346654741,0.026476574717864063,0.27002971731201875,1.8442285208382907,0.0001,1.0508188568796153
628,1.0494820525148094,0.7520110413704151,0.02621702103295626,0.2712539892651247,1.8453069465880945,0.0001,1.0505076487576988
629,1.0524160444857382,0.751892581430942,0.026453941879117707,0.27406952062406353,1.856642580177431,0.0001,1.0508627798083345
630,1.0513428221126115,0.7515321022114938,0.026375458400099562,0.27343526289139025,1.850869791261081,0.0001,1.0509118492293792
631,1.047274564995485,0.7520753019479902,0.02640982162638078,0.2687894415873543,1.857359391196988,0.0001,1.0505716292176235
632,1.0500596637174517,0.752061121362218,0.02640107799978817,0.2715974650204061,1.8474616155663077,0.0001,1.0504065983193884
633,1.0513227860052252,0.7525082543703896,0.026437030844465956,0.27237749851590237,1.8509387041443985,0.0001,1.0502588422013102
634,1.0520116393029326,0.7522761190638823,0.02641453994456943,0.273320980989667,1.8438913633567082,0.0001,1.050599640873818
635,1.051902328253276,0.7512713900444232,0.026524189277788206,0.2741067480696384,1.8584617298950288,0.0001,1.0505392140597407
636,1.0463693580811213,0.7512431911232506,0.02651401441430949,0.2686121536241221,1.863510417648068,0.0001,1.0500870288627382
637,1.0516931747084457,0.7514228221127276,0.026526825906780623,0.2737435269609668,1.8550548483343685,0.0001,1.0503874434177096
638,1.0522778341301073,0.7516306492426332,0.02649291799711649,0.27415426876433724,1.8412963831400533,0.0001,1.0506670215792393
639,1.0558876425451005,0.7511652914795865,0.02661321854736452,0.2781091356918246,1.8301389345532741,0.0001,1.0510141813851757
640,1.050269999924828,0.7516697721355585,0.026497538626556707,0.2721026888151198,1.8450623170357447,0.0001,1.0509068991663972
641,1.0485185690632215,0.7510484110027491,0.026356100552464113,0.27111405708485153,1.8445624865092805,0.0001,1.051031299573171
642,1.0485449446625932,0.7517523186443785,0.026423817474024773,0.2703688076827637,1.843126410161264,0.0001,1.0508798276676852
643,1.055950487119431,0.7513040695906169,0.026710858693229256,0.2779355582613007,1.8354780618365831,0.0001,1.0513425977791058
644,1.0492173809308794,0.7519570194925305,0.02639733028218422,0.27086302962977793,1.8658081663065944,0.0001,1.0510631719419004
645,1.0550279654789165,0.7521413858473663,0.026191230961565556,0.27669534638796084,1.8485982546216335,0.0001,1.0513757356644646
646,1.0508890461486444,0.7517470048842517,0.02646902560220529,0.27267301458918297,1.8481605057784074,0.0001,1.0518277044712168
647,1.052191738303728,0.7521066559255728,0.02633372813644564,0.273751355106914,1.8453667671636926,0.0001,1.051877560830745
648,1.0512101260933866,0.7515126091955158,0.026444555054329955,0.2732529625236142,1.8444285424195728,0.0001,1.051770790027073
649,1.0489655470751362,0.7522032098886208,0.02637292647216673,0.2703894113793093,1.8366383207739003,0.0001,1.0510785804800766
650,1.0508028448957942,0.7507353253345219,0.026419394156512094,0.2736481259639316,1.8562699790900425,0.0001,1.051131864977173
651,1.0517999925187829,0.7519120201619595,0.02651693782264756,0.27337103604544977,1.8392808500216409,0.0001,1.0514600073227294
652,1.0524814457728946,0.7515912086194717,0.026269165545883332,0.27462107231783817,1.8419059872869061,0.0001,1.0518536574337594
653,1.0441037514388682,0.7513757024043473,0.026391214096038385,0.26633683377480166,1.8534202861012117,0.0001,1.050668983865703
654,1.0535902562296173,0.7520001712000153,0.026494622955941283,0.2750954605926123,1.8374746097270664,0.0001,1.0511062713955768
655,1.0498933220248194,0.7511035384077571,0.02678628746442814,0.2720034943995563,1.8366971879169858,0.0001,1.050592807050167
656,1.0523006731066211,0.7520433821494391,0.02662602617097433,0.27363126443861463,1.8301194998120198,0.0001,1.050733969745965
657,1.0459066642709,0.7507389049984621,0.026514190931107403,0.26865357180970434,1.8650632124643538,0.0001,1.0501054623426822
658,1.0523034776683753,0.7514312807735033,0.02638669502420793,0.27448550230893354,1.8262619104153244,0.0001,1.0502147975001812
659,1.0503113261342774,0.7513499356670263,0.02661488820282973,0.27234650071536554,1.8489486370802408,0.0001,1.050349375406095
660,1.0524142573136104,0.7512916285416176,0.02685491429381148,0.2742677147804361,1.8551974690710071,0.0001,1.0505105166478768
661,1.052433452910874,0.7516324362938592,0.02684168955859016,0.27395932621211116,1.8449421032930726,0.0001,1.0505738626870857
662,1.0509779178830239,0.7516821897295861,0.0267154389414294,0.2725802869602101,1.8360266832986178,0.0001,1.0504235098980987
663,1.0461050006003698,0.7508392369045931,0.026762153023880346,0.26850360997671047,1.85435718842017,0.0001,1.050623634814249
664,1.0538684555289712,0.7514523347541237,0.026467409627190953,0.2759487097421718,1.8450432094550762,0.0001,1.0506514547441843
665,1.0440031968314072,0.7511035266802712,0.026488653786525766,0.2664110143395031,1.8384611009342433,0.0001,1.0500624422248428
666,1.0467859477590595,0.7513071845075905,0.02657920206777948,0.2688995636017279,1.8470209159909108,0.0001,1.0495109696900868
667,1.0509694242815943,0.751468199503591,0.026552422293301285,0.27294880192553056,1.8430912156134058,0.0001,1.0500172456911563
668,1.0509958553749457,0.7513381158120733,0.026610755775327857,0.2730469804778544,1.833550096041774,0.0001,1.0498864834618133
669,1.051806277484004,0.7513996899490666,0.026576506196848034,0.27383008325740726,1.8332801397141771,0.0001,1.050035978596786
670,1.0526407496440724,0.7517865858745382,0.026331460500102013,0.2745227022266533,1.85216459009275,0.0001,1.050058627829832
671,1.0507009239757763,0.7510520003388426,0.026332161731217017,0.27331676127098153,1.8647085135655277,0.0001,1.0498853749363226
672,1.0459620053095944,0.751653738365212,0.02672921112052809,0.2675790573275718,1.8558161776157711,0.0001,1.0493837836789794
673,1.0493254567256565,0.7519359817127669,0.026766956215214296,0.27062251946263577,1.8374772357166902,0.0001,1.049705829291508
674,1.0496316598104898,0.7516171108878409,0.026545024546841822,0.2714695229703224,1.8435202747522939,0.0001,1.04928214971966
675,1.0488065287742847,0.7520607144063675,0.026436001001942232,0.27030981297304374,1.845595025871153,0.0001,1.0497624829139478
676,1.0509360922277577,0.7520010120728436,0.026356785099114655,0.2725782944966281,1.8361439644444062,0.0001,1.0501774973608176
677,1.0428064095562901,0.7512353333449993,0.026497400798372032,0.265073677150884,1.8640072469053597,0.0001,1.0493611958882871
678,1.0463941475682519,0.7515797031095014,0.026785659499874465,0.2680287829337691,1.853807522123774,0.0001,1.0489010251076176
679,1.0464706047311516,0.7507002831230782,0.026644079003324373,0.26912624245739974,1.8421099635698732,0.0001,1.0483674578323325
680,1.045489605856232,0.7512445795608582,0.026639669468630157,0.2676053560106556,1.8644864617206505,0.0001,1.0476523434535487
681,1.054932164009396,0.7518363547857103,0.026598415558526774,0.27649739343846785,1.8348247639789543,0.0001,1.0480754674569104
682,1.0493558625904107,0.7515232689965811,0.026454169416524335,0.2713784236332466,1.8426922102728915,0.0001,1.048414853184992
683,1.0476262269590737,0.7516695820777459,0.026534374297027898,0.26942226964731003,1.8509827216305066,0.0001,1.0482449302083336
684,1.0512889553518856,0.7516126055988288,0.02645522561566583,0.2732211239711508,1.8526882080712619,0.0001,1.0484106597624732
685,1.049429831954577,0.7516767827540818,0.02651904199960024,0.2712340078582991,1.8234544782077564,0.0001,1.0484729900805028
686,1.0481198710553787,0.7513980302075586,0.02638037016135442,0.27034147117007334,1.8451036529173475,0.0001,1.0481913679632646
687,1.0469752693998402,0.7512494377625641,0.026338747742209907,0.26938708290518176,1.844001362580073,0.0001,1.0486082539476198
688,1.0543196128783312,0.7517214019690276,0.026350795618177186,0.27624741494353355,1.8378386096103196,0.0001,1.0494008004786277
689,1.044193431886166,0.7510811778401264,0.026473170603506464,0.26663908260377617,1.853585690803992,0.0001,1.049173083194129
690,1.0449332548928794,0.7512376124670249,0.02647476916864484,0.2672208733252168,1.849449167628801,0.0001,1.0491174480977938
691,1.0525566056582314,0.7513917355701841,0.026457147472528607,0.2747077212704848,1.8464361808846494,0.0001,1.0488798922626774
692,1.0465304648416762,0.7517967635187609,0.02665400771050134,0.2680796912246012,1.8587854346203756,0.0001,1.048597352487804
693,1.04593805403545,0.7512690858957008,0.026466090345479414,0.2682028770764145,1.8301317181596892,0.0001,1.0484285351954417
694,1.0492498388638603,0.750792943802615,0.02654533985903974,0.27191155713663623,1.8404605001755225,0.0001,1.048224623546639
695,1.0449239102628602,0.7509338029983319,0.026526750947592468,0.26746335621114675,1.8394078835996122,0.0001,1.0477740313774673
696,1.053343037804532,0.7516826078084129,0.026604937975111646,0.27505549176409083,1.8546254596168565,0.0001,1.0482963480523826
697,1.0487450572830184,0.7509541756966535,0.02652822135669948,0.2712626607888369,1.843128010902637,0.0001,1.0484733268407005
698,1.0535537872546585,0.7513510700897078,0.026467245925996172,0.27573547084602335,1.8360101705148786,0.0001,1.0483967442783333
699,1.0519698164284108,0.7508276684047243,0.026555059164097537,0.27458709068823056,1.845714227664785,0.0001,1.0491743827325577
700,1.053364770165805,0.7508401266217957,0.02667830343420559,0.2758463371174814,1.8350089413640949,0.0001,1.0500175342598503
701,1.0460158920191365,0.7510535712174421,0.026416088939922092,0.26854623217913975,1.8396648369261024,0.0001,1.049363462895941
702,1.0462641620490905,0.7509973027401473,0.02661070789816897,0.26865615140321775,1.8561616649975883,0.0001,1.049336832616682
703,1.04806180367847,0.75117821541084,0.026465750852898217,0.27041783531406105,1.84757968620161,0.0001,1.0495492075809845
704,1.0437496823181245,0.7512809867549378,0.026668306538347782,0.2658003886470205,1.8557291686172175,0.0001,1.0489991919264106
705,1.0490035233342865,0.7509847095965372,0.026535337885301446,0.2714834765022957,1.8440171344768688,0.0001,1.0494071532335532
706,1.046379869898241,0.7513419908393952,0.026673587534055264,0.26836429202351075,1.8464950888925826,0.0001,1.048710836442924
707,1.0497107108031034,0.7501353273285329,0.026369291435148847,0.2732060949712931,1.8323896954074108,0.0001,1.0488074017949327
708,1.04850217222442,0.7507412697190445,0.026615006928511615,0.27114589609069706,1.8458841052548638,0.0001,1.0483022402919089
709,1.0491336021897275,0.7504845179360489,0.026736954888272237,0.27191213039307277,1.8317928057896922,0.0001,1.0480186188680405
710,1.0515951455002142,0.7511598676987159,0.026704816257252413,0.27373046103041265,1.8535275345641749,0.0001,1.0478416564014812
711,1.0480738139539414,0.7511729448126973,0.026625559005969437,0.2702753104073039,1.8358036743941704,0.0001,1.0480474485949618
712,1.0438465762573614,0.7509405778581182,0.02661359455232446,0.26629240395270787,1.8454201349622097,0.0001,1.047805690015789
713,1.050607160670762,0.7505268534346962,0.026809626128562324,0.27327067835698504,1.8248702118411266,0.0001,1.0480602257150182
714,1.0563623286164072,0.7510163099722252,0.02676035497057994,0.2785856614369166,1.849927541933969,0.0001,1.0493214903448462
715,1.0496465545638822,0.750545318663483,0.02651316665007183,0.27258806677183806,1.838637162657345,0.0001,1.049385793467806
716,1.0450687659923252,0.7500190051767454,0.026501016732887128,0.26854874400712897,1.8459830076167356,0.0001,1.0492546830772145
717,1.0502958811562637,0.7502181845552781,0.026519351266702337,0.2735583423419608,1.8464753390809343,0.0001,1.0493132001125303
718,1.0416667774531227,0.7507971406708382,0.026692522950394884,0.26417711608368777,1.8470104944875225,0.0001,1.0486296606354006
719,1.0466952969529808,0.7502681845100124,0.026843081865059192,0.26958402879460586,1.8297988036099602,0.0001,1.0483858301117261
720,1.0449890643055977,0.750473208287183,0.026792549700088965,0.2677233058044925,1.8446895556324152,0.0001,1.0477252219922644
721,1.044762439345733,0.749854589330739,0.026825516025628326,0.26808233602958564,1.837289472138906,0.0001,1.0473940845314438
722,1.0475084091296787,0.7507075457011952,0.026969152821972212,0.2698317106140675,1.8398014309440134,0.0001,1.0477602678186753
723,1.0467785861622732,0.7508653814604026,0.026522971311882592,0.2693902334428825,1.8273475012963007,0.0001,1.0473774103678264
724,1.0452262245375534,0.7502121583201581,0.026707167074114507,0.26830689920373185,1.823768276230075,0.0001,1.0462637999599411
725,1.0515938435074765,0.7512142383786292,0.026579267354814324,0.27380033841632445,1.8351776582957764,0.0001,1.0464585288543007
726,1.0498093628980083,0.7507036440754518,0.02672184529217455,0.27238387528345986,1.8426642195448188,0.0001,1.0469325885448688
727,1.0462963639118126,0.7510849426049007,0.026623158135713962,0.26858826328454344,1.8509968507120624,0.0001,1.0465326368204237
728,1.050705241745916,0.7505383254548357,0.026387147197375192,0.27377976772600204,1.8383704109559436,0.0001,1.0474364832497032
729,1.0470183594473477,0.7500905364328659,0.026530247914621843,0.27039757880248116,1.8452897001715267,0.0001,1.0474687894991397
730,1.0522686163261987,0.7512864164600024,0.026660618869092836,0.27432158256882827,1.8340222775089814,0.0001,1.0481967447011997
731,1.0469094707080848,0.7506403916989572,0.026737960550412686,0.26953112021179276,1.8349426631753392,0.0001,1.048411447837435
732,1.0454665181844762,0.7504204822360381,0.02659731946175287,0.2684487159577393,1.847934015382376,0.0001,1.048207258742915
733,1.0438936139942425,0.75086039413545,0.02647452180332393,0.2665586994911788,1.8516026435469033,0.0001,1.0479187615261116
734,1.0473246307208621,0.7500081404469318,0.026677743416528916,0.2706387482931116,1.8377061608355136,0.0001,1.0481286021444425
735,1.0421216051428603,0.7498682333538064,0.026496973289195713,0.26575639286280645,1.8463048915592217,0.0001,1.047181378307981
736,1.0449621017274218,0.7500310235526451,0.02667328141040299,0.26825779550246004,1.8404274129480667,0.0001,1.0466966521909222
737,1.0457551139605215,0.7508798893276625,0.026425734494810896,0.26844949040252103,1.8300578519248576,0.0001,1.0466425271957929
738,1.0489301549735466,0.7501379551316855,0.026594542102929785,0.2721976571873163,1.8394187959647808,0.0001,1.0464650185185562
739,1.0444468887292346,0.7506951917015756,0.026681837155417543,0.26706986094524604,1.8458557868825978,0.0001,1.046207871446745
740,1.050204084804527,0.750360935019673,0.026426219553299414,0.2734169301427674,1.8466478204146843,0.0001,1.0460014182945778
741,1.0490896725993129,0.7504073696977952,0.026409687908861265,0.2722726154913767,1.8336355959426076,0.0001,1.0462194384837005
742,1.048496154694238,0.7507609849527448,0.026448666928506042,0.27128650205735017,1.843797218485246,0.0001,1.0465224021346768
743,1.0431164257666643,0.750387697867883,0.02655891569342623,0.26616981114746346,1.8370665952593512,0.0001,1.0464446833119188
744,1.0454526639129762,0.7503839135169983,0.02649535755598521,0.26857339214480674,1.8429901133202635,0.0001,1.0462574866311303
745,1.0507258657993217,0.7499405050132628,0.026747426928661416,0.27403793385739744,1.8495572121099817,0.0001,1.0471179126967765
746,1.0509357958971608,0.7511666192244323,0.026505037205214434,0.2732641400871364,1.834825560964387,0.0001,1.0477152821137503
747,1.0450819227806696,0.7508058619305763,0.026584362886982082,0.2676916996708506,1.8384498205436413,0.0001,1.047647962995765
748,1.0454351503031734,0.7500625101596299,0.026627377854399458,0.2687452612010267,1.840005239898728,0.0001,1.0472984625287278
749,1.0503508405076079,0.7505358047707811,0.02658215715241964,0.2732328789471129,1.847829218568473,0.0001,1.0478888577065653
750,1.048532775159298,0.7502296279216635,0.026465316089606915,0.27183783119336585,1.8488145483918412,0.0001,1.0477217267420422
751,1.048217975827308,0.7503829403774733,0.026722408936908713,0.27111262651292595,1.8435169020724345,0.0001,1.0476345570648418
752,1.0487504584552307,0.7507385081983725,0.026366945454363407,0.2716450069636167,1.8396378683028307,0.0001,1.0476599874409411
753,1.0453129739596927,0.7502124123350844,0.026221810683275573,0.26887874903712744,1.8566951577610225,0.0001,1.0478796422602439
754,1.0487103957917094,0.750418425089931,0.026448121419059334,0.27184384697047015,1.8407982614412752,0.0001,1.0482054154481173
755,1.0496860087280584,0.750482550015556,0.02623867843504126,0.272964783647602,1.832316212915262,0.0001,1.0481014297409907
756,1.0499872762339595,0.7504157074566545,0.026390724443277044,0.27318084354816535,1.8316882974477617,0.0001,1.0480065777746708
757,1.0485412786746848,0.7501545481942972,0.02638263707228655,0.27200409444332363,1.8311361978793967,0.0001,1.0483525133640723
758,1.0517534758691613,0.7504648757271061,0.02646063234936635,0.27482797149531013,1.8390770601694288,0.0001,1.0489843459206711
759,1.0466239112627675,0.7500787720718926,0.02623565951418925,0.2703094794348819,1.8323502112595595,0.0001,1.048611652996187
760,1.046961700456863,0.7508883968328124,0.02655311723751664,0.26952018863833216,1.8461768615076557,0.0001,1.0484545455259435
761,1.0495252835339512,0.7501443941259481,0.026909950055166866,0.27247093880877776,1.8354441735130294,0.0001,1.048585276296608
762,1.0420373866814387,0.7509345629877783,0.026896365274038565,0.2642064590090187,1.8423478044796184,0.0001,1.0479139691192285
763,1.04318277649657,0.7497957103392657,0.026664300574250444,0.26672276571906844,1.8421233389488825,0.0001,1.0477009493729166
764,1.0460749319310605,0.7497214667695531,0.026651439028385928,0.2697020277955227,1.8327189125347332,0.0001,1.0474374029868516
765,1.0486342757033529,0.7494280100110579,0.02644586538929968,0.2727603998042749,1.833308004220649,0.0001,1.047332229684381
766,1.0524751952647196,0.7503031122273413,0.02654065587699534,0.2756314290343627,1.8351549292191047,0.0001,1.0475810215874568
767,1.0401268582073235,0.7500147699826146,0.02643436979328643,0.2636777194590888,1.8520430756872615,0.0001,1.0467395795407206
768,1.0446008827091473,0.7505700944886972,0.026469823554853396,0.2675609651038661,1.849954978205853,0.0001,1.0460243202247195
769,1.0414844112995914,0.750847819610735,0.026683198752799817,0.26395339029132714,1.8537585624091282,0.0001,1.0455103702284017
770,1.043902324251906,0.7503826257906869,0.026744561553243208,0.2667751386988356,1.8312942880162362,0.0001,1.0452044326079062
771,1.0431925169594631,0.7502752741983889,0.026574374696062254,0.2663428661305812,1.8569233797143003,0.0001,1.0445711559504574
772,1.042997705767169,0.7501158626036034,0.02629760482006576,0.2665842359405744,1.8484554235156603,0.0001,1.0446671878590306
773,1.0468379473105889,0.7494917005360973,0.026647164903838057,0.27069908140215865,1.8502901591829064,0.0001,1.0450327049404324
774,1.0458415871217817,0.7507863609350719,0.026545686847539753,0.2685095406388656,1.8434903965035025,0.0001,1.0450093704595045
775,1.0425371398306764,0.7501032123942888,0.026720246001624676,0.2657136824095346,1.8558198194232964,0.0001,1.0443996568722367
776,1.0421152247860272,0.7502888708279051,0.02681510371078584,0.26501125180394847,1.8569588390373555,0.0001,1.0433636598243674
777,1.0462326303456908,0.7506005062776453,0.026458503992030393,0.2691736192448144,1.8487236318433502,0.0001,1.0439742370382041
778,1.046222798118243,0.7496678529356363,0.026522762151567254,0.2700321829668105,1.855953526545248,0.0001,1.0441364285791137
779,1.045255280895117,0.7504445075021554,0.026552933708407573,0.26825783802215275,1.8454115204588637,0.0001,1.0445135155386662
780,1.0462758455266816,0.7502983995915427,0.026543484014623305,0.269433962109425,1.8386179046746924,0.0001,1.0447508676661437
781,1.049526281579271,0.7496735287970027,0.02658281848590224,0.27326993355584195,1.838036854175235,0.0001,1.0453842441281247
782,1.0449825503521468,0.7503602372947136,0.02687584459177137,0.2677464684278801,1.843293076596444,0.0001,1.0455827285866224
783,1.043922582093407,0.7495932273158679,0.026877660780359233,0.26745169383849626,1.8462920510502907,0.0001,1.0452911920649042
784,1.050825362756818,0.749708581526913,0.026725498706283723,0.2743912807856564,1.8416371725152036,0.0001,1.0457895696284079
785,1.0486530651910793,0.7499998765591434,0.026635590237971494,0.2720175958399115,1.8303744396379946,0.0001,1.046401162164448
786,1.0410292612853447,0.7503333231982063,0.026642315527972055,0.26405362236270075,1.8472360483773098,0.0001,1.04629256581438
787,1.0462817168864469,0.7504120129358938,0.026394884920023516,0.2694748185015837,1.852176328701615,0.0001,1.0462974744684554
788,1.0481237262547862,0.7496908953900753,0.02648639122806263,0.27194643644786026,1.8378705216711482,0.0001,1.04648756728211
789,1.0466273295226494,0.7499489955921443,0.026799921573538325,0.2698784132183928,1.8392265324176689,0.0001,1.0466247721448632
790,1.042933918036989,0.7503994853211223,0.026639911997874417,0.2658945196449877,1.8448573534677284,0.0001,1.0462905793958936
791,1.0434963860328008,0.7496235796210732,0.026518179727132614,0.2673546270019626,1.8441663907942858,0.0001,1.0456875898412468
792,1.0461349293861621,0.7498214386297771,0.02670753437413647,0.26960595772728235,1.8420627443592157,0.0001,1.0458028277446485
793,1.0419693789907691,0.7498322522180801,0.026861683833913436,0.2652754469965462,1.8403562150185298,0.0001,1.0456075074343845
794,1.0431971397651378,0.7499827679707602,0.026550314247487283,0.2666640583478655,1.8430368068493888,0.0001,1.0448446851352164
795,1.0452187251125824,0.7497247540926595,0.026676095523408654,0.26881787375099275,1.8359449016153209,0.0001,1.0445012511273668
796,1.0432825122353513,0.74921831784819,0.026806496461554908,0.2672576972001948,1.842053023361531,0.0001,1.0447265762223674
797,1.0458234790372558,0.7502411912227499,0.026655053512078027,0.26892723551144704,1.8417381904188082,0.0001,1.0446807524374484
798,1.047699075683377,0.749706710569757,0.02658983539132511,0.27140253296397765,1.823025421003299,0.0001,1.0446382873803075
799,1.0427918135515333,0.7499340201971739,0.026701815229884025,0.266155980119357,1.8428179659176067,0.0001,1.044254735783196
800,1.0427526970664096,0.7501689743318616,0.026676361991232356,0.2659073610002322,1.8371976118300557,0.0001,1.0442366136861378
801,1.049950003986668,0.7502459728935428,0.02662535081286943,0.2730786790561241,1.833332847146427,0.0001,1.0448819754815246
802,1.0499945540457178,0.7503184962707891,0.0267536770741306,0.27292238021719045,1.826579025019013,0.0001,1.0452679379474803
803,1.0442403813646484,0.7496593725125156,0.026604053698495243,0.2679769523728934,1.8391515086678898,0.0001,1.0454950381848682
804,1.0456054549188207,0.7504286404555516,0.026556040887658543,0.26862077324313033,1.830067291221077,0.0001,1.0457358697002364
805,1.0471133449498344,0.7497798038786372,0.02674271078670726,0.2705908302240391,1.8317740829189215,0.0001,1.0459253316839618
806,1.0378393523591527,0.7495370769597454,0.02656443389869365,0.2617378404881601,1.8461943042689357,0.0001,1.0453810156963421
807,1.0455419041563967,0.7499532625834792,0.02659195286748859,0.2689966903697193,1.8362395719872526,0.0001,1.045352858208256
808,1.0428425986433125,0.7498977930260479,0.026583493118595643,0.2663613098010451,1.8439261640061229,0.0001,1.0448672105042494
809,1.0493559457709292,0.7495409622637302,0.02674053721205458,0.27307444476875764,1.8251560355780332,0.0001,1.045523623726189
810,1.0510724770853535,0.7498990512522916,0.02660322044248755,0.2745702025947174,1.8275534985757018,0.0001,1.0463556017280833
811,1.0438609172799767,0.7496858777187417,0.02643635427734189,0.2677386853594567,1.824772142251655,0.0001,1.0457466930574142
812,1.0465514954882267,0.7495978302936284,0.026526307721167017,0.27042735697471104,1.8426241149283327,0.0001,1.0454023872016651
813,1.0479553489365878,0.7498762180790698,0.026546422414799008,0.271532708729861,1.8375651908936415,0.0001,1.045773883958859
814,1.0525393944241213,0.7505975959267143,0.026491418813353377,0.27545037619301077,1.8295087613633874,0.0001,1.046467277909389
815,1.0468513252285383,0.7493546261748726,0.026481482610257595,0.27101522081098983,1.823770705149575,0.0001,1.0464410759372593
816,1.0415760012717565,0.7492516923385991,0.026514804871038782,0.2658095057547455,1.8594165341607456,0.0001,1.0468147408285198
817,1.0439833016956555,0.7496538604732459,0.026617525557233644,0.26771191732757715,1.8316685604517164,0.0001,1.046658880582446
818,1.046197537718148,0.7502044190257848,0.026683081961548595,0.26931003857456887,1.830652032614238,0.0001,1.0469943744899293
819,1.0448452576420613,0.7499311696926914,0.026599703647543885,0.2683143830474685,1.8267023959943296,0.0001,1.0465433056770426
820,1.042164780184415,0.749675309561329,0.026755785845356105,0.26573368322111773,1.843218730622808,0.0001,1.0456525359869486
821,1.0425164502484319,0.7498008507260444,0.026630267410200942,0.26608533294338726,1.82876533257792,0.0001,1.045518089283794
822,1.043699699894168,0.7499986475911634,0.02647243527805104,0.267228616601797,1.8224202408993704,0.0001,1.0452329097243882
823,1.0471232737779135,0.7490688782434677,0.026658055264857913,0.27139634088921016,1.831698276450136,0.0001,1.0451497022085208
824,1.0477393548822307,0.7493309691759926,0.02665958805935378,0.27174879732951673,1.8359039291648787,0.0001,1.0446696982543318
825,1.0452868211825528,0.7496789599528902,0.026390346987494106,0.2692175142119429,1.8368163464277318,0.0001,1.0445132478497332
826,1.049877272053616,0.7491045353620579,0.026407530293261545,0.27436520819671256,1.8357756009691868,0.0001,1.0453433749279193
827,1.0475424636933672,0.7495547853425357,0.02645081293752179,0.27153686701526025,1.8402059593258717,0.0001,1.0456992911276903
828,1.0440707408632275,0.7498277274638596,0.02666889242903456,0.2675741210156715,1.8373260942965928,0.0001,1.0454866114421983
829,1.046423097773933,0.7491689755998808,0.026534416854502463,0.27071970846299953,1.8367346650930254,0.0001,1.0456443954553856
830,1.042042365664159,0.7491491669089992,0.02641874225337897,0.26647445595772223,1.8370530276462949,0.0001,1.0456321540033602
831,1.0412541632719987,0.7499590880005161,0.026687616992432012,0.2646074592613787,1.8432776705488472,0.0001,1.0455059253057166
832,1.0492977411703455,0.7499065859806223,0.026665420125996122,0.27272573615940054,1.8262789994175972,0.0001,1.0460657294333344
833,1.0489474536197423,0.7496900824455895,0.026687643349049783,0.2725697266916474,1.8418968775693108,0.0001,1.0462481474175171
834,1.046249556493082,0.7495432870866803,0.026947237415197656,0.2697590296940678,1.8407008348081948,0.0001,1.0460991675786024
835,1.046459371129591,0.7499481769652686,0.026369215992353024,0.2701419792978686,1.8392592230868388,0.0001,1.0462164225733062
836,1.041988895219915,0.7493697287586591,0.026587654804361278,0.26603151363666355,1.8322671119871778,0.0001,1.0454275848899361
837,1.040106602542057,0.749941146518831,0.02669011264978993,0.2634753445220042,1.84135289148675,0.0001,1.044683998774805
838,1.042988408047094,0.7495432533550456,0.026656384642177372,0.2667887692337829,1.830824630981043,0.0001,1.0445757654931918
839,1.0460547372003597,0.7497181614320612,0.026644645791508364,0.26969193213035564,1.8334930637061717,0.0001,1.0445389294358345
840,1.0381164559244385,0.7495683408654003,0.026875069610487374,0.2616730461739623,1.8369030127902544,0.0001,1.0441463384618621
841,1.0434895097363068,0.7497484237862407,0.02664445718451881,0.26709662902246384,1.8194391374413914,0.0001,1.0443698731082933
842,1.0446073249677617,0.7490988638531606,0.026658013432794846,0.2688504464425615,1.8239565222065057,0.0001,1.043900831488035
843,1.0436866926614943,0.7496319347898085,0.026585276180058414,0.2674694816160637,1.8446100367493852,0.0001,1.04337475539221
844,1.042454470848215,0.7493466349209056,0.02678041791819172,0.26632741849272534,1.8493020019473216,0.0001,1.0429952468277233
845,1.0417458239723654,0.7492230018302345,0.026622348092874212,0.2659004752431632,1.8430284585720627,0.0001,1.0425238921120006
846,1.0403301293903142,0.7497533267216556,0.026686020603528128,0.26389078108280234,1.8352403805173676,0.0001,1.0423580155290406
847,1.0420730401729714,0.7500022731978317,0.0266442083683749,0.26542655507794016,1.845857413255177,0.0001,1.0425546592921322
848,1.0415394392023223,0.7493333868516144,0.02653488450311502,0.26567117040164573,1.8346321650499262,0.0001,1.042409762407655
849,1.0411665936512589,0.7496167115459094,0.026586844277913864,0.2649630382203669,1.8389951360636745,0.0001,1.0419209480527447
850,1.048697242146815,0.7491543172097351,0.026585276905469912,0.2729576472004093,1.8420075531179958,0.0001,1.0429790266749825
851,1.0439627801670748,0.749589021138197,0.02663134803152955,0.2677424111938138,1.8321784154396754,0.0001,1.0430263537180593
852,1.0422939938657425,0.7494483808958506,0.02666777045925055,0.26617784163410235,1.8370305884924187,0.0001,1.0427950206078573
853,1.0425362632917825,0.7499389043927918,0.026366309510283247,0.2662310494944967,1.8347513562041895,0.0001,1.0426799776708864
854,1.0428540746532153,0.749441970797146,0.026576880992788814,0.2668352242385398,1.8294560814967746,0.0001,1.0427199380513863
855,1.0434092967553747,0.7493276026621309,0.026634760609021292,0.26744693278903653,1.8273696495601661,0.0001,1.0428862853296872
856,1.0410256643324305,0.7491436739722324,0.02635699982091815,0.26552498993477036,1.840731900072001,0.0001,1.0429558388238989
857,1.0474373068335574,0.7492480930885486,0.026402654318973935,0.2717865602572356,1.842968748984424,0.0001,1.0434922654899572
858,1.0434081521769325,0.7489488028125879,0.026679679781621658,0.26777967017211973,1.8378459362664523,0.0001,1.0436791367874183
859,1.045072499443503,0.7493376707692175,0.026574379290335078,0.26916045205890526,1.8280926069913481,0.0001,1.0440697273666428
860,1.0382225495322965,0.7496144950510764,0.02664509143597214,0.261962965478399,1.8366323351618243,0.0001,1.0430222581051907
861,1.0452830460202138,0.7480966387123897,0.026697192907816983,0.27048921302474777,1.823923929467888,0.0001,1.0431542846905046
862,1.0439568853523378,0.7490536007146081,0.02662411035920737,0.26827917198138596,1.8263316536530037,0.0001,1.0433205738391642
863,1.0472997659118375,0.7494914437404269,0.026480561095850945,0.271327759307369,1.8146420344861478,0.0001,1.04379692410117
864,1.0452217388346519,0.7494941978860821,0.026379576802979136,0.26934796432694363,1.8231129593104427,0.0001,1.0440336905193135
865,1.045381167113902,0.7493245321161607,0.026484767757129477,0.269571865774676,1.8362758889885027,0.0001,1.0442308775551663
866,1.0419270511089425,0.749146077381428,0.026833529888253667,0.26594744337076587,1.844256747808708,0.0001,1.0443210162328174
867,1.0434463874079876,0.7491636310097654,0.02658378279958729,0.2676989708783419,1.844405156845495,0.0001,1.0439219242902604
868,1.0391037408526964,0.749663616895192,0.02658654516657274,0.2628535815943448,1.8420486614621918,0.0001,1.0434914831578368
869,1.0444948127980649,0.7486088002671093,0.0266339834515028,0.2692520311650108,1.832269611513397,0.0001,1.043433714493293
870,1.0445358927303106,0.7489486416503334,0.02655006180428588,0.26903719043937224,1.8246947244021279,0.0001,1.0440650488130945
871,1.0437725370118873,0.7498111215856448,0.02653867864705486,0.26742273399088734,1.8268747358728374,0.0001,1.0439139979122618
872,1.0408881996998196,0.7495562289114173,0.026828242363842698,0.2645037270115186,1.8450201880375705,0.0001,1.0436071293470102
873,1.0468825904641141,0.7492231459453188,0.02660101470792511,0.2710584290098951,1.8361097090626344,0.0001,1.0435654118022377
874,1.0464412284671172,0.749634014665476,0.026824956249755488,0.2699822556627933,1.847162517766198,0.0001,1.0436873607654842
875,1.0382931094624208,0.749013206658934,0.026721565525140045,0.2625583357897419,1.844583008158763,0.0001,1.042978555000336
876,1.0441213392824478,0.7494099926029693,0.026658751176288596,0.2680525944755237,1.8256763983933486,0.0001,1.0431979838176866
877,1.0446082467239721,0.7491002087660784,0.02655773593252619,0.2689503036726561,1.8198956664628962,0.0001,1.043314169749285
878,1.0409786586345573,0.7490558257934772,0.026842838610403437,0.2650799920846676,1.8411976115940552,0.0001,1.0435016615274713
879,1.0449826172109067,0.7483812400100197,0.026573597538543763,0.27002777762212327,1.828151824991795,0.0001,1.0435504419687556
880,1.040016673520419,0.7491596361686443,0.026748286299483046,0.2641087526769111,1.8313256245839427,0.0001,1.0430985200477663
881,1.03984383516331,0.7492551673014798,0.026883930511938874,0.26370473601241384,1.8383125944505114,0.0001,1.0427056498629086
882,1.0424524993006645,0.7490246318900319,0.026605765911435018,0.2668221035847557,1.840085025007778,0.0001,1.042862079822993
883,1.0464143280325264,0.7488385602136655,0.02636423168994834,0.27121153626492733,1.8323225208518472,0.0001,1.042815253579834
884,1.04611519952333,0.7492683417415038,0.026463478138674102,0.27038337905753335,1.8443179427972913,0.0001,1.0427826506854554
885,1.0517056991797673,0.7492034311952263,0.026368398695398296,0.27613387039237286,1.8259669481861664,0.0001,1.04412390965719
886,1.043034488724405,0.7492034014533547,0.026491601617050945,0.26733948579001376,1.821700616975827,0.0001,1.0440152246013858
887,1.0384463994304742,0.7490546561883381,0.026610521709217745,0.2627812231348688,1.8299751114893636,0.0001,1.043399039872036
888,1.035969212862831,0.7492775490269458,0.026496217652218337,0.2601954465539291,1.8369877582631295,0.0001,1.0428980952948634
889,1.048156804777304,0.7494514819091038,0.02644552541311082,0.2722597970772708,1.8311800386069028,0.0001,1.0432155140515031
890,1.0410716656980843,0.7485889166170395,0.026622269506628566,0.2658604803300533,1.840136918044719,0.0001,1.0433210132692696
891,1.0446015558910176,0.7488649841738038,0.026560174040571913,0.26917639651296105,1.8399640989110146,0.0001,1.0437967853420402
892,1.0448555301942883,0.74889713078435,0.02666471744405812,0.2692936778098768,1.8357162451405553,0.0001,1.0440370884314025
893,1.0426676740027345,0.7492530881512237,0.026703236069205324,0.26671135065884427,1.8407848940417926,0.0001,1.0436624230284237
894,1.0453272550149573,0.7490687671346065,0.026753214503398532,0.269505273104923,1.8402592146856065,0.0001,1.0435836285775861
895,1.0459196530055805,0.7490301847941493,0.026622843065319875,0.2702666265969344,1.8160883427633474,0.0001,1.0430050239601676
896,1.0427814740196444,0.7482411866255755,0.02643790810877121,0.26810237902838124,1.8386598982627202,0.0001,1.0429797224896915
897,1.0463634329200033,0.7484327710666231,0.026722976450504202,0.2712076853121995,1.832258065138579,0.0001,1.0437714258386446
898,1.0401975998530282,0.7490748102959948,0.026662544353013105,0.26446024455417244,1.8370506930302897,0.0001,1.0441942645376643
899,1.0437292606545268,0.7488544516824563,0.026511646912982932,0.26836316105409036,1.8407045921979521,0.0001,1.0437515101253865
900,1.0445319330716472,0.7493961459482901,0.026648490714253084,0.2684872952303103,1.8349314865185813,0.0001,1.044097536862743
901,1.041579398615607,0.7490185977962873,0.026672893798859076,0.2658879091152279,1.838293223787273,0.0001,1.0437953211352018
902,1.0418568099971717,0.7488453648153232,0.02651222917661222,0.2664992152647121,1.8438441528509886,0.0001,1.0434954491154902
903,1.0484133909246742,0.7490479333163759,0.02628914676379964,0.27307631314163516,1.8174163473063503,0.0001,1.0440700208076839
904,1.0400502797798017,0.748805414711486,0.02647510455056088,0.26476976089557336,1.8499027331025315,0.0001,1.0435423232841683
905,1.0468261405130428,0.7488295336765886,0.026617325585463952,0.2713792806162554,1.8419476029355435,0.0001,1.043632972034915
906,1.045603789132217,0.7488098902586265,0.02644730968359276,0.27034659073149697,1.8291949002302685,0.0001,1.043915203546172
907,1.0423176230571816,0.7493416442106994,0.026476228938383216,0.2664997501196774,1.833747634297694,0.0001,1.0435106225598898
908,1.0390264133169007,0.7490655940638111,0.02670733802942427,0.26325348046802843,1.8434191947051042,0.0001,1.043393503906277
909,1.0391889629209259,0.748674047525224,0.026756984466955097,0.26375792973484036,1.8413092321121185,0.0001,1.042939474132917
910,1.0495416681616592,0.748968808936299,0.026539503439928405,0.2740333537754374,1.8356177311156392,0.0001,1.0434404476419181
911,1.0449678601647971,0.7492807737228595,0.02668776739441599,0.2689993162063266,1.8308403876441972,0.0001,1.0437792937968373
912,1.0465011774405504,0.7491474354726547,0.026383321135329426,0.2709704210441446,1.8190948842263366,0.0001,1.0442437305411751
913,1.038351951095202,0.7488396692469445,0.0265556936573547,0.2629565871632365,1.8288882586341841,0.0001,1.0432375865582277
914,1.04149088221196,0.748272449564015,0.026583457815236057,0.2666349746815815,1.8350384445751415,0.0001,1.0433816468014434
915,1.0412981074915455,0.7484214388090988,0.026813360063347808,0.26606330722872673,1.8367951063790622,0.0001,1.042828843499294
916,1.0461986734707505,0.7484956675078758,0.02663767676324438,0.2710653298948164,1.8385347490620179,0.0001,1.0428883319331472
917,1.0461989585574694,0.7483724960207214,0.026398561305496802,0.27142789939505335,1.8327715379954834,0.0001,1.043276465483176
918,1.0426095485929059,0.7487790069522046,0.026358621115616803,0.26747192173410383,1.8355696776817585,0.0001,1.0436347790107767
919,1.040085562586059,0.7488942851159442,0.026716358521405387,0.2644749195154371,1.8326786548564207,0.0001,1.0437244389772897
920,1.0440448489924232,0.7493470370406795,0.026519816255472735,0.26817799799340736,1.8229589837076214,0.0001,1.0431747570603662
921,1.0483201260982613,0.7489105426757379,0.026638964126849997,0.27277062058025636,1.813606684638327,0.0001,1.0435099836537127
922,1.039559391038171,0.7487223095149104,0.026547134527086486,0.26428994709818526,1.8269943511510234,0.0001,1.0428158050134748
923,1.0469057702631301,0.7486876917900952,0.02648080241607604,0.27173727471192516,1.8313706295969037,0.0001,1.0436711869302677
924,1.0404823138312442,0.7487957759271046,0.026598645030364063,0.2650878930097903,1.8467335471275128,0.0001,1.0435703300921961
925,1.0421566419137176,0.7488485407877645,0.026575382534437197,0.2667327198534297,1.8315360558202252,0.0001,1.0436561835344134
926,1.0383744560197208,0.7481156000017395,0.026690239838605963,0.26356861752440913,1.826051033534578,0.0001,1.0428737617893102
927,1.0430911958338522,0.7480536471999442,0.02652762627746706,0.26850992113986555,1.8278150321503923,0.0001,1.0425629855169487
928,1.043147807188982,0.7483332131745607,0.02666969328332866,0.2681449014338349,1.8294491847678565,0.0001,1.0426168113765562
929,1.0476270713380578,0.7487317480857184,0.026571542689572968,0.27232377870389946,1.8363848784390617,0.0001,1.043370962251756
930,1.0451323380334865,0.7491094520802913,0.026634111607534164,0.2693887753506582,1.827726294979846,0.0001,1.0434797111558622
931,1.0428434414505716,0.7481521276141277,0.026698323582538968,0.2679929902085668,1.8216991574478922,0.0001,1.0429320426910933
932,1.0449552852773762,0.748862486823819,0.026622694355962727,0.2694701034704159,1.8244541264450815,0.0001,1.043471632115014
933,1.0441579469319047,0.7486150448510903,0.026611418076025788,0.2689314823272746,1.8156119887292022,0.0001,1.0431968497818915
934,1.0430462829481515,0.7485744700470512,0.026389561125037635,0.26808225228989585,1.830744952991091,0.0001,1.043453246693582
935,1.0431644654177266,0.7485386559977735,0.02651201445480873,0.2681137949046934,1.8454527131925973,0.0001,1.043554029043983
936,1.0421745322538922,0.7485815046041538,0.02648545327099535,0.26710757156021697,1.8288608015671706,0.0001,1.0439340366674001
937,1.0427723813492193,0.7482080551480182,0.026602019644654064,0.26796230578579716,1.825688944868819,0.0001,1.043902155218937
938,1.0435958294307484,0.7482056868003784,0.0265117448435352,0.2688783964569138,1.8465150957417054,0.0001,1.0439469574431135
939,1.047444678344301,0.7488091802016716,0.02672823592567057,0.2719072621565078,1.8183517664005984,0.0001,1.0439287181437376
940,1.0452757187595716,0.7487766184139445,0.026493768421196308,0.2700053329898789,1.8302232210824745,0.0001,1.0439430562163463
941,1.0410340319540632,0.748736459270694,0.026566724506401386,0.26573084900816846,1.8276255761875826,0.0001,1.0437621152666956
942,1.0342432756211162,0.7487112763687273,0.026598383882224682,0.25893361648850705,1.8450865868864388,0.0001,1.0426909143010694
943,1.0456045058387773,0.7481141607853269,0.026637493475939147,0.27085285126014363,1.8280750967667987,0.0001,1.0428355701917567
944,1.0452937633705912,0.7484826768387646,0.026407491604648305,0.27040359415642873,1.833006556087285,0.0001,1.0430603182340008
945,1.0412121360732383,0.7486967439583784,0.02645096720836709,0.26606442209552317,1.8534874485665838,0.0001,1.0428650852995518
946,1.0420351940042831,0.748591266829392,0.026543484981838637,0.26690043782547085,1.8321462376364346,0.0001,1.0428511514745908
947,1.0460473424764483,0.7489731142535413,0.026507728481873053,0.27056649842622554,1.8250134259643709,0.0001,1.0431786475873137
948,1.0437734783542083,0.748796752572785,0.026629294633381748,0.26834742970477493,1.8310201189822648,0.0001,1.0431964124796598
949,1.0394819799591513,0.7485834795369579,0.026560016142669122,0.2643384854885434,1.835802973888467,0.0001,1.0424001426411447
950,1.040382089044211,0.7482762652284959,0.026352424166990827,0.2657534003590232,1.8442538991177542,0.0001,1.0419107796696088
951,1.0419510489303248,0.7478109218527773,0.02646641412081148,0.26767371139256757,1.8398531097427584,0.0001,1.0420024813672348
952,1.0396539214658447,0.7485477061107241,0.026825118983734936,0.2642810982907036,1.8477909826120062,0.0001,1.0425435459517078
953,1.0362148986143225,0.7481947722589752,0.026760521815224547,0.26125960370892204,1.8331233449204698,0.0001,1.0416045852292624
954,1.0439294681829565,0.7484434296586693,0.026556920328198293,0.26892912026653426,1.8336285120575229,0.0001,1.0414681557104986
955,1.039850417909951,0.7481368142983009,0.026341901347796768,0.265371702358308,1.8301945574143355,0.0001,1.0413319838941701
956,1.0376355255109544,0.7478107048338374,0.026625157853410887,0.2631996627934806,1.8337461619541562,0.0001,1.0408920170448372
957,1.041231953106352,0.7483117228589242,0.026588924032679435,0.2663313061542975,1.8403568270240305,0.0001,1.0404104781078276
958,1.0411035983122388,0.7490533297734134,0.026748009434094534,0.26530225748011116,1.8321771126006245,0.0001,1.0401434901036306
959,1.0431493659773898,0.7485463610769043,0.026681770417559703,0.2679212359639742,1.8302717960872223,0.0001,1.0405102287054546
960,1.0384516349670612,0.7485637685348248,0.02670366478740081,0.26318420297475664,1.8333333237417813,0.0001,1.0403171832977396
961,1.0457028520518337,0.7480795833208498,0.02653695192588512,0.2710863149764572,1.830437305007455,0.0001,1.0406923636098904
962,1.0367007133443265,0.7484294174892665,0.02661414804129765,0.2616571485920683,1.8313138741266897,0.0001,1.0403970427977387
963,1.0444181771839367,0.7483288557485924,0.026559322891080598,0.2695299978264084,1.809828168480198,0.0001,1.0412173706546999
964,1.0408451276666977,0.7485353072564935,0.026664729050642096,0.2656450894553569,1.829353688454773,0.0001,1.0409089366030742
965,1.0409229700028533,0.7485470048796091,0.026637928722838117,0.26573803602258766,1.827725324862869,0.0001,1.0410161918123644
966,1.040657557290176,0.7482131187620802,0.026629135768263625,0.26581530232156264,1.817212361109426,0.0001,1.0413183949902867
967,1.0355546272550586,0.7478991091614079,0.026602367600369405,0.26105315245038113,1.8344398698265123,0.0001,1.040750662405157
968,1.040681815655188,0.7478263463983671,0.026662221061288707,0.26619324904184555,1.8409544737295496,0.0001,1.040708484139452
969,1.0394086037397867,0.7481649422500487,0.02661397563516489,0.2646296861946099,1.8433864053799704,0.0001,1.0403344079156915
970,1.042219878572963,0.7478051625690886,0.026661994007489743,0.26775272402149186,1.8449149189807823,0.0001,1.0407112322762821
971,1.0457262138082337,0.7489915340232075,0.026650393952220738,0.2700842847635792,1.8241270824088045,0.0001,1.040713568451922
972,1.0435099328507274,0.7482893393199294,0.02646631619025921,0.26875427641866173,1.8392941767980797,0.0001,1.041394490402562
973,1.0439033268914988,0.7483029363121513,0.02652049088816614,0.2690799007641858,1.8254633107001592,0.0001,1.0413430053733181
974,1.0475697846248233,0.7487938502013805,0.026719382036530223,0.2720565532785642,1.8150362550124193,0.0001,1.042015471069131
975,1.0434368807694008,0.748368922401877,0.026689776542462393,0.268378179467474,1.8301912509887261,0.0001,1.0422668621457856
976,1.0430935840094064,0.7479095108368817,0.02636771825941291,0.268816354221704,1.8303853621589243,0.0001,1.0425104648177086
977,1.0424398214048112,0.7488270149269646,0.026597761237355324,0.26701504328339143,1.841881221496551,0.0001,1.0431989842326839
978,1.0376962150086253,0.7479464645076234,0.026566000787529936,0.26318375049933457,1.8358605396433245,0.0001,1.0429004241680275
979,1.0415329783248128,0.748083583723459,0.026490562585981575,0.26695883184913205,1.825561546650668,0.0001,1.0431128616265304
980,1.0408637830741991,0.7481783235532516,0.026571617648761123,0.2661138411165493,1.8310030609308827,0.0001,1.0429772520766538
981,1.0387364422815566,0.7477980914996072,0.026299317033005535,0.264639035486909,1.8295353692153404,0.0001,1.0422782749239863
982,1.0426447113435602,0.7483438814387602,0.026517720541654202,0.26778311022457196,1.8246641318648147,0.0001,1.0421917527732696
983,1.0425669388887122,0.7484020039469427,0.026407130591525992,0.26775780678339467,1.8302609523943423,0.0001,1.0420581139729908
984,1.0384512263185837,0.7483754963226783,0.02659882807586546,0.26347690117951583,1.8302803668240746,0.0001,1.041146258142367
985,1.0410294756444425,0.7484442915684311,0.026568514821979142,0.26601666808279484,1.8451367295054344,0.0001,1.040905517629871
986,1.044322112752748,0.748071590374256,0.026555255508809737,0.26969526856608733,1.822340319171155,0.0001,1.0410283705042052
987,1.040197981782182,0.7481517547526175,0.0265496884591681,0.2654965385552836,1.8364884558362362,0.0001,1.0408041865419424
988,1.041065725182423,0.7482965763877419,0.02638123896252553,0.2663879086458054,1.821893308273919,0.0001,1.041141137559322
989,1.0410152355749274,0.7479460247873535,0.02640585676893501,0.26666335503119243,1.822679538755823,0.0001,1.0410893632843332
990,1.0400063808984736,0.7487728914914702,0.026394713722909923,0.26483877677221085,1.8291885685969076,0.0001,1.041003623066761
991,1.041470635614337,0.7479753540205424,0.026546675099804243,0.26694860692470357,1.829070900323183,0.0001,1.041277042400039
992,1.0462781036117739,0.7476748328421711,0.026368870212872177,0.2722343997557555,1.8289760235115191,0.0001,1.0416403816268605
993,1.0408151629730364,0.74791239072053,0.0264450285062345,0.26645774354980634,1.8428157843634274,0.0001,1.0414652040352927
994,1.0445320545780732,0.7488226053922703,0.026643779166571752,0.2690656740014379,1.8341929965763981,0.0001,1.042073286861242
995,1.042798355070621,0.7482535515063675,0.026482299665408493,0.26806250302986245,1.8146761783963528,0.0001,1.0422501748038597
996,1.0414103946627757,0.7480777552838741,0.02654717345750356,0.2667854667903806,1.8204363623207045,0.0001,1.0419590029948624
997,1.0400427252235567,0.7477773787041948,0.026734410628343933,0.26553093720582627,1.8340009042263998,0.0001,1.0419434773389997
998,1.0441619120311543,0.7487394703329214,0.02649171768289067,0.26893072484654296,1.8191794623709596,0.0001,1.0422530960238727
999,1.0438392788594926,0.7483529396521392,0.02671195309737633,0.268774386744712,1.831922884886937,0.0001,1.0425355003523293
1000,1.0450183127763064,0.7478040794088198,0.026611399698934498,0.2706028291196175,1.8238015416669555,0.0001,1.0430366935401127
1001,1.0459125368396844,0.7481287849602303,0.02635191903878419,0.2714318312840578,1.8408909310675539,0.0001,1.0434808836626475
1002,1.0409732265114542,0.7484840408541852,0.026654573289666167,0.26583461454383744,1.8372426690726444,0.0001,1.0429503959526154
1003,1.0374644711825234,0.7479477299879821,0.026785834565849383,0.2627309044826829,1.8289773200636703,0.0001,1.0426153267735643
1004,1.0453835914391292,0.7482712745182897,0.026749772184035358,0.2703625428477117,1.8195738760984936,0.0001,1.0427004804596698
1005,1.0358444856098168,0.7476835364502293,0.026474125970449697,0.26168682572807794,1.8382939165552539,0.0001,1.0420050935135894
1006,1.0421356735316543,0.7484591348176071,0.02651608473872558,0.2671604551390025,1.838789581285287,0.0001,1.0420776214004772
1007,1.0361805178572634,0.7477827120504321,0.026569961050702882,0.26182784581402013,1.8360702154844335,0.0001,1.0416914006638476
1008,1.0412200628864838,0.7483767851371069,0.026317707665309945,0.26652557135353705,1.8268216386528093,0.0001,1.0413972157493807
1009,1.0411565179273516,0.7480090664318076,0.026451673033754917,0.2666957777174866,1.8244971525354754,0.0001,1.041128939656167
1010,1.0425728940335055,0.7474529213644187,0.026492087884558625,0.26862788512456487,1.8222669994129854,0.0001,1.0408843977818865
1011,1.0402394840248217,0.7483120233001864,0.026533154880299288,0.2653943068342204,1.8221016578210052,0.0001,1.0403170925004004
1012,1.0406325444972055,0.74775930096605,0.02654695269060425,0.2663262902058162,1.8317034498431377,0.0001,1.0402830242989753
1013,1.0387093083853653,0.7474197939975267,0.026604302031031486,0.26468521037703835,1.8212137601922056,0.0001,1.0404075080192599
1014,1.0396851061807444,0.7479299335885967,0.026568385456928616,0.2651867872107827,1.8399727944186444,0.0001,1.0398376594934216
1015,1.0439485590791606,0.7479280934614294,0.0265761265648306,0.26944433811591073,1.8107032773460867,0.0001,1.0406480668403555
1016,1.0385799405540945,0.7479057241888607,0.02656710776547631,0.2641071073605129,1.826406196696763,0.0001,1.0402924935425997
1017,1.0444847718939094,0.7485633219231457,0.026778955488611186,0.2691424923210308,1.8266352422338954,0.0001,1.041122918946264
1018,1.0402173656237295,0.7477440518491408,0.026586417252345212,0.2658868970209638,1.825993707165515,0.0001,1.0410226492199888
1019,1.036994321592923,0.7480320132528309,0.0266733051071786,0.2622890026435165,1.8400924829633918,0.0001,1.0406064295865458
1020,1.0403303007083298,0.7476972261742211,0.026478909092065527,0.2661541639383255,1.8219702889421165,0.0001,1.0403821702540283
1021,1.0365714196259304,0.7474501044706688,0.02647961274121886,0.26264170469606624,1.8192912395779066,0.0001,1.0400153638141394
1022,1.0388836912644561,0.7479117850019289,0.02659484000525175,0.26437706737561834,1.8309386040085953,0.0001,1.0398404784908641
1023,1.0439610108884305,0.7479928503413713,0.026477001743432715,0.2694911572167888,1.8314669170921278,0.0001,1.040365648741171
1024,1.0439529409273158,0.7477676156326433,0.026587168536853598,0.26959815736232856,1.829585698265091,0.0001,1.040792432215828
1025,1.044073747572986,0.7477772944355592,0.026532368776038984,0.2697640847278717,1.8135772621897606,0.0001,1.0408049510652104
1026,1.0381181582234211,0.7481079831810075,0.026801823602486816,0.2632083523769166,1.83775835008215,0.0001,1.040758772832143
1027,1.0419131296159772,0.7480196804110467,0.026704868970487954,0.26718857881384495,1.8192468071564216,0.0001,1.04050160860435
1028,1.041111714941493,0.7480129858301329,0.026419144131349017,0.2666795836349772,1.8344714298209603,0.0001,1.0405910435361263
1029,1.0424745967857252,0.7477993978448136,0.02661669036679529,0.26805850901238576,1.8182996622689114,0.0001,1.0411390710554065
1030,1.0453086667080196,0.7478554426535632,0.02663773189451825,0.2708154914043013,1.8323025212568396,0.0001,1.0416369076553755
1031,1.0363629959659693,0.747871147691599,0.02660966282200378,0.261882186668942,1.8265611445927958,0.0001,1.0416160652893793
1032,1.0381712538717243,0.7475683519854749,0.02660038118188328,0.26400252236676747,1.831725803882065,0.0001,1.0415448215501062
1033,1.044229118504824,0.7475938503205414,0.026625852072214743,0.2700094164294355,1.8267861133173078,0.0001,1.0415716323117454
1034,1.04224178467029,0.7476741683652387,0.02651781581236431,0.26804980040201065,1.8213295931748397,0.0001,1.041400516686043
1035,1.0392877555038575,0.7481384339003727,0.02648048976372028,0.26466883336615127,1.8317467769793032,0.0001,1.0409219174791304
1036,1.0437393072410723,0.7477544306741525,0.026546732407312607,0.26943814579178305,1.820882226100558,0.0001,1.0414840323808954
1037,1.037361742274998,0.7474019389607118,0.026295636053259425,0.263664170041771,1.835757618743556,0.0001,1.0410288936467973
1038,1.0393622180269408,0.747800957479535,0.026484032915281716,0.26507722654400684,1.8176474762253054,0.0001,1.0408539439553421
1039,1.041735303208504,0.748238740900709,0.026511437027256095,0.26698512757011894,1.8118384484103436,0.0001,1.04078001459762
1040,1.041494888538763,0.7476798930709793,0.026542910455931996,0.26727208223110765,1.8161499911341175,0.0001,1.040398636780694
1041,1.0414848218824995,0.7475951918482056,0.026440203552555604,0.2674494263154982,1.8226448406312334,0.0001,1.0409108193723473
1042,1.0405625553450284,0.7476322879414046,0.026622591831137635,0.2663076758822974,1.8321348172414134,0.0001,1.0411499495196777
1043,1.0384118488062226,0.7484092726910574,0.026375359018724297,0.2636272188721878,1.817407251855181,0.0001,1.0405682225498176
1044,1.0377055301385767,0.7474940127823464,0.026335417861628966,0.26387609944926316,1.8290593229974743,0.0001,1.0401145970966463
1045,1.0422368785914253,0.7471840338097625,0.026430924572277262,0.2686219231185879,1.830621848725402,0.0001,1.040409509405403
1046,1.0364495006826295,0.7475569176867333,0.026537516296030784,0.2623550671608042,1.8366424778653931,0.0001,1.0396805287495585
1047,1.0434719255197846,0.7475742454702907,0.02648722714391248,0.269410455716551,1.8187584318447307,0.0001,1.0402915470740375
1048,1.0408406094411808,0.747570352912191,0.026319102389817304,0.26695115374624123,1.8319676742108792,0.0001,1.0404393862154615
1049,1.04508891115324,0.7477744041543462,0.026462762641132967,0.27085174568768206,1.8171257056280758,0.0001,1.040774747009935
1050,1.0390615219034964,0.7476226859112056,0.026403482980708805,0.26503535303425113,1.8355278185366617,0.0001,1.0405314103464085
1051,1.0382619651287612,0.7478877095615163,0.026417686296041305,0.26395657266401373,1.830447522670212,0.0001,1.0402091246710348
1052,1.0389060843547024,0.747639199903964,0.026457512354512245,0.2648093710232216,1.8231116289057547,0.0001,1.0400434775720018
1053,1.0377812221132476,0.7480841688887343,0.02656551742166825,0.26313153545525203,1.8359366996293136,0.0001,1.0399804149027045
1054,1.0401044589510795,0.7472681727177231,0.0266052520782904,0.2662310326135666,1.844142735125327,0.0001,1.040220307783955
1055,1.0408190751172466,0.7484505642016568,0.026702564096354083,0.26566594768066193,1.8201419477772278,0.0001,1.040078527436537
1056,1.040060660660146,0.7482241335311719,0.026443314358864062,0.2653932134955215,1.8225501507339323,0.0001,1.0404396434342884
1057,1.0421589356648753,0.747971145666637,0.026553695390480768,0.26763409460020116,1.8317731715602759,0.0001,1.0403083444487975
1058,1.0431198669979103,0.7475043697241112,0.026613831036472902,0.26900166635822814,1.8275674591199864,0.0001,1.0405362702044707
1059,1.0352815329182221,0.747646634525508,0.02671322160028299,0.26092167594611765,1.8328559710578067,0.0001,1.039555532380969
1060,1.039469921806521,0.7479689395693688,0.026532415444178708,0.2649685651154596,1.8516235124266898,0.0001,1.0395963723712713
1061,1.0435304454325662,0.7479597469130588,0.026497387015553566,0.2690733114661721,1.8233001469114973,0.0001,1.0401232204016515
1062,1.0422362038378299,0.7476210088807236,0.026616861322105053,0.2679983349271406,1.8156176080084718,0.0001,1.0404562323499644
1063,1.0423020337222797,0.7469560088057063,0.026501657513043942,0.2688443686729996,1.8013509054938388,0.0001,1.0409083135108674
1064,1.0388330529476035,0.7472822796742282,0.02646672193709058,0.26508405184256134,1.8311823637925586,0.0001,1.04078117291052
1065,1.0350847761722897,0.7480125016179578,0.02657447335202602,0.2604978017010263,1.84331179729098,0.0001,1.0402077430160246
1066,1.037574622500499,0.7473354709559473,0.02666987898867222,0.26356927313771983,1.8612241544297936,0.0001,1.0399591392000596
1067,1.0370563509256312,0.7479763321170458,0.026638623183445804,0.2624413958216052,1.8318168273078501,0.0001,1.0394488807261353
1068,1.0392126994732669,0.7477831734121451,0.026365021421266135,0.26506450193467535,1.827771026754476,0.0001,1.039058163973671
1069,1.043379242715197,0.7474973369805373,0.026434629490602813,0.2694472770223632,1.8233910441156818,0.0001,1.0398679349533684
1070,1.0404453058755423,0.7479381712406692,0.026375488383774823,0.26613164804951417,1.8174960219110485,0.0001,1.0399654733602706
1071,1.0406801044094636,0.7480539139095717,0.026551646828409624,0.26607454406441344,1.8427558745622152,0.0001,1.0396804392579602
1072,1.0410421356468123,0.7474382391565954,0.02664588261811293,0.26695801544382897,1.816000958968853,0.0001,1.0395610324388587
1073,1.0397401117166205,0.7477318105301074,0.026505828629159057,0.2655024748242651,1.836598245415678,0.0001,1.0393048402382925
1074,1.040031805846077,0.7475029999053986,0.02651357820019519,0.26601522854145837,1.8234139891231762,0.0001,1.03942471552814
1075,1.0404457864606598,0.7477072668365726,0.0266373580657928,0.2661011636287397,1.8268874883651733,0.0001,1.039960816556977
1076,1.042999659421236,0.7480522615430805,0.02658369623381516,0.2683637038281312,1.826753776648949,0.0001,1.0405033202490508
1077,1.0369763993346426,0.7479641942900528,0.02653365444701777,0.26247854980415314,1.8508384442958097,0.0001,1.0404953250899518
1078,1.0438865713367114,0.7474913629750451,0.026346139685377388,0.2700490686687325,1.8186190486196088,0.0001,1.0409627122762963
1079,1.034772129257117,0.7477724797585431,0.026256868853772146,0.2607427807808164,1.8253325129619236,0.0001,1.0401020009304884
1080,1.0412446301558922,0.7474634825095202,0.02639416845526705,0.2673869782238896,1.8319110667246108,0.0001,1.0401819333585232
1081,1.0384849029428818,0.7469351088541275,0.026554387916657794,0.26499540688239537,1.823269261066135,0.0001,1.039962413211865
1082,1.0404237662319238,0.7475904751017418,0.026573695952703695,0.2662595934395132,1.822268613695373,0.0001,1.0399005762703761
1083,1.0402279809328896,0.7476886399619236,0.026367024524216718,0.2661723158044578,1.8324040058418414,0.0001,1.0399493631920032
1084,1.0387200881211318,0.7480747006969568,0.02645064826911168,0.2641947416788908,1.8269799355319256,0.0001,1.0398181914195086
1085,1.039981053397815,0.7473545660837185,0.026579478691364157,0.26604700894009997,1.831176846070899,0.0001,1.0397717181132242
1086,1.0399804220480078,0.7477769511950185,0.026586135309076213,0.2656173331107619,1.8270510326292646,0.0001,1.039469794375901
1087,1.0434218061139569,0.7474162362168333,0.02664954183551409,0.26935602961822164,1.8189657554181546,0.0001,1.0401143350538324
1088,1.044022852097757,0.7473130812509549,0.026612404393859614,0.2700973672236922,1.8274339788100298,0.0001,1.0401279631299372
1089,1.0437526487675448,0.7480499757714494,0.026396723596367827,0.26930594905213456,1.816140706350547,0.0001,1.04102601508098
1090,1.0392159146179292,0.7474572297042088,0.026443579375864768,0.26531510549251736,1.8409008082705143,0.0001,1.0408231435271837
1091,1.0450730999633215,0.7473675942324238,0.02660651526151274,0.271098989487057,1.8312404956101889,0.0001,1.0414819632292276
1092,1.040048960860796,0.7469574585405857,0.026503417844946437,0.26658808643992,1.8237520504674853,0.0001,1.041444482692115
1093,1.041913304681952,0.7474842926309752,0.026332856191824707,0.26809615576847573,1.8558948112549696,0.0001,1.041613015067021
1094,1.0396855983724458,0.7475819576826347,0.026193214962013354,0.2659104258033615,1.8275565453039948,0.0001,1.0417095660921527
1095,1.0335713281592782,0.7478230217165686,0.026415349503801512,0.25933295726383193,1.8448893455656257,0.0001,1.0410685935682988
1096,1.0392352656950574,0.747489223252929,0.02652448137681818,0.26522156138267766,1.8337372217410477,0.0001,1.040994077933004
1097,1.0379694430629816,0.7476398567640757,0.026472994570316214,0.2638565917588151,1.8445884615606034,0.0001,1.0404488416279063
1098,1.039262107129513,0.7477318299953158,0.026559998007381663,0.2649702773812939,1.8301980239140818,0.0001,1.039972767131082
1099,1.0354646039299258,0.7477780433020292,0.026478540824828235,0.26120802002975957,1.841991612200321,0.0001,1.03914396264732
1100,1.0373622850037008,0.7474760679154077,0.026804486829900838,0.26308172722073164,1.8242429485185634,0.0001,1.0389585996858972
1101,1.0395311903034699,0.7479866618558795,0.026632000418270334,0.2649125270621046,1.8300648533548352,0.0001,1.0384044087199118
1102,1.04102303350673,0.747003493879678,0.026353835334158814,0.2676657070660809,1.8409090073548755,0.0001,1.0385018159845054
1103,1.0415243126799563,0.7475141969945803,0.02626647499463621,0.26774364058495054,1.8309622081733379,0.0001,1.0384629167843058
1104,1.033927572789105,0.747642474774173,0.02654682235833839,0.25973827603441224,1.8217881441599941,0.0001,1.0378871142259718
1105,1.036409078456809,0.7470162120358698,0.026474459176131244,0.26291840804578326,1.8274143951176147,0.0001,1.0381708892557249
1106,1.0442074908446104,0.7475165058584774,0.02641979071479782,0.27027119434689895,1.8385652746196692,0.0001,1.03866811177068
1107,1.0395656380401905,0.7474027030608233,0.026524341856006675,0.26563859486132557,1.818769502107802,0.0001,1.0388277312684011
1108,1.0420658176133888,0.7472467499862578,0.026539795780762213,0.2682792696852471,1.8150562848329062,0.0001,1.0391081023167887
1109,1.037006476587988,0.7479029500943893,0.026432754060075926,0.2626707734460763,1.838527577402142,0.0001,1.0392622895825951
1110,1.0365864283898298,0.7476045043183147,0.026621451242458505,0.26236047342600977,1.8403540114602017,0.0001,1.0391847039212077
1111,1.0382790235428492,0.7476940099414415,0.026620890499370334,0.2639641231020372,1.8293368279571223,0.0001,1.0390594872451457
1112,1.0380845314107126,0.7480163864383349,0.026344599394962705,0.26372354498046163,1.821310770439086,0.0001,1.0387656370355438
1113,1.0372323570338515,0.747238529985865,0.02644637414456381,0.2635474514979378,1.8364859106090925,0.0001,1.0383364414709335
1114,1.0439959348577998,0.7473820609930321,0.026245156359720908,0.2703687173917013,1.8177288526453788,0.0001,1.039343277677803
1115,1.0403791911461775,0.7475733377387026,0.02645945065403565,0.26634640261742454,1.8383258344193742,0.0001,1.03974028894674
1116,1.0385593267773519,0.7472144789676396,0.02641949039443753,0.26492535597956446,1.823698168352216,0.0001,1.039175472540014
1117,1.038693384393959,0.7468742799565468,0.02663689186800324,0.26518221341572235,1.8207648987702376,0.0001,1.0390882471753906
1118,1.035389997775366,0.7475504482251877,0.026421148926926433,0.2614184020721858,1.831093514666838,0.0001,1.0384206651915886
1119,1.0400746277331339,0.7466476397630409,0.026725196451492773,0.2667017900602208,1.8233333797048603,0.0001,1.038727480306103
1120,1.0448298728732017,0.7476257702399944,0.026411756298846695,0.2707923465308263,1.8233550138937775,0.0001,1.0395518247544402
1121,1.036837203870197,0.7471066168065487,0.026588162592410074,0.26314242255192016,1.836307721737674,0.0001,1.039407642787175
1122,1.0440757113828136,0.7471425289072806,0.026441218886849364,0.27049196459368086,1.8149851113255562,0.0001,1.0400067607843853
1123,1.0408943739188854,0.7471982065369102,0.02640426134724646,0.26729190750066456,1.8277224725448578,0.0001,1.0403729624728886
1124,1.045819927785266,0.7471247691411759,0.026520351367354634,0.27217480788124504,1.82614473929028,0.0001,1.0405553617656351
1125,1.041000508633395,0.7479285409194218,0.02666134452239495,0.26641062482375405,1.8174285206785066,0.0001,1.040617493514357
1126,1.0421964873164953,0.7474839628105473,0.026521681288434816,0.26819084448698327,1.829986872827789,0.0001,1.0409812095682713
1127,1.0326082250651192,0.747612187151493,0.026591001127602844,0.25840503732063647,1.8353264145628676,0.0001,1.0403726936353874
1128,1.037948377838483,0.7475559555492827,0.02653900435681759,0.26385341969301684,1.8312189861920494,0.0001,1.040628531641699
1129,1.0381053695814122,0.747467516643764,0.02645779163793908,0.26418005773310244,1.83277066967792,0.0001,1.040431605826527
1130,1.0393757247054312,0.7464436403878079,0.026781942733161108,0.26615014227964817,1.8209264467018855,0.0001,1.0398861910097499
1131,1.03840004599844,0.7473329930711712,0.0267129640792011,0.264354084892308,1.8200150853963701,0.0001,1.0400424752225743
1132,1.0370453784722102,0.7476906168291583,0.02657448737664832,0.26278027385835956,1.8370485126851297,0.0001,1.039339441931514
1133,1.03603768989474,0.7472948977236332,0.026515870500529757,0.26222692313651286,1.8217215736304044,0.0001,1.0388537735290995
1134,1.0392021828200706,0.7472862615788443,0.026456179773589904,0.265459743768551,1.8343106941083867,0.0001,1.0381919990325799
1135,1.0363081617481085,0.7472937090159913,0.02633739871862694,0.2626770551318329,1.8414997416142276,0.0001,1.0377227643440512
1136,1.041980169365904,0.7469701301495395,0.026615804155748223,0.26839423471302337,1.8135941461423832,0.0001,1.037701132548992
1137,1.0392358914833766,0.7472411650431325,0.02647510019809189,0.2655196251918167,1.8124648204439793,0.0001,1.0383638991908175
1138,1.040103013810473,0.7466573692238597,0.02646642596919928,0.26697921893478166,1.821981039540521,0.0001,1.0385793627880164
1139,1.0350579932543618,0.7471912431910362,0.02646864814642235,0.26139809966510497,1.81682014779677,0.0001,1.0382746251553114
1140,1.0432130841889682,0.7468016139150391,0.026436889631027624,0.2699745785951252,1.8339163870163429,0.0001,1.0386583611036655
1141,1.0365802724269535,0.747028556363336,0.026451863816978966,0.26309985138521236,1.822039926269717,0.0001,1.0384763837465167
1142,1.0386870319654686,0.7472210079129279,0.026576727930962676,0.26488929822224877,1.838630621621865,0.0001,1.0386405490958421
1143,1.0393887805406752,0.7479515987284043,0.026398324337740697,0.2650388564393075,1.8224462188523392,0.0001,1.038975658160436
1144,1.0410513524835057,0.7471795251354968,0.02657691919779439,0.26729490802175615,1.841077967783017,0.0001,1.0391605751267794
1145,1.0445960332123794,0.7476222183834951,0.026560108511733235,0.27041370759795574,1.8209345231917036,0.0001,1.0399893622732064
1146,1.0373037915684389,0.7467722001714107,0.0265921743597994,0.2639394171619089,1.83239418473737,0.0001,1.03952172449346
1147,1.039062783394092,0.7471318133704319,0.026389681543346352,0.265541286727236,1.8312086454511414,0.0001,1.0395044136845315
1148,1.0377894574681836,0.7470085707929507,0.026451539316235402,0.26432934637666955,1.83403649509074,0.0001,1.0392730580503027
1149,1.0423504508291248,0.7468378808628957,0.026498901432958143,0.26901366700688434,1.8207075646634518,0.0001,1.040002303807779
1150,1.0378456738367525,0.7467659650177791,0.026563777884895372,0.26451593025589387,1.8291105820247657,0.0001,1.0394655627725575
1151,1.0386808347750387,0.7474930878826861,0.026561066054910966,0.2646266808978926,1.8401694933734607,0.0001,1.039675619007366
1152,1.0336478012812307,0.7473301013391351,0.026779518407933852,0.2595381820555512,1.8252307258803269,0.0001,1.039171695938942
1153,1.0366546436690898,0.747185591751857,0.02657956042105963,0.2628894880504686,1.8396819561538542,0.0001,1.0388982822517836
1154,1.0409712508532387,0.7473010259999706,0.026553112643243816,0.2671171088096578,1.8135628864682953,0.0001,1.038890272088757
1155,1.0380987327916142,0.7474665587378806,0.02661925179479572,0.2640129216695412,1.8196106525270257,0.0001,1.0382405420466805
1156,1.0442232135343261,0.7475755611249448,0.02661319581780424,0.27003445763435613,1.821621968344791,0.0001,1.0389324842432692
1157,1.0390073750130304,0.7470704424695601,0.02636099490384301,0.2655759399669891,1.8193935830501224,0.0001,1.038926943405163
1158,1.0383045496853562,0.7474083216146813,0.02645318334049434,0.26444304636235655,1.8321621589679988,0.0001,1.0389784526268804
1159,1.0379833706010428,0.7465253865259415,0.026654362436723998,0.2648036198248486,1.8082221666649438,0.0001,1.0385417446040723
1160,1.038791632918267,0.7472125885452751,0.02633877071357402,0.26524027496666985,1.8249669270873312,0.0001,1.0386363405122236
1161,1.035486188911763,0.7470344593994033,0.02639776020939887,0.26205396857754937,1.8294257605051656,0.0001,1.0383168759258958
1162,1.038726805431606,0.7466836412102891,0.02648511232759116,0.265558052105304,1.8274875840599107,0.0001,1.0388247763409335
1163,1.035110091340953,0.7467786320324602,0.02641317326930667,0.2619182850266325,1.8379920346258136,0.0001,1.0386703211081199
1164,1.0355413939358014,0.7467678339196026,0.02669372640807053,0.26207983162835935,1.8146344921409963,0.0001,1.038127335416376
1165,1.0422517836214804,0.7475110693829055,0.026607770223404766,0.26813294486148365,1.8296465830193571,0.0001,1.0385426404993627
1166,1.0427683236391017,0.7471792602393981,0.0264071409890908,0.26918192195723073,1.8254133934423358,0.0001,1.0383971515098402
1167,1.0362526063503166,0.7476579956785903,0.026558723459379183,0.2620358862118881,1.8276408748742774,0.0001,1.0381216746435689
1168,1.0353777510157463,0.7465875857258424,0.026408305274545543,0.262381860680319,1.8222302050909696,0.0001,1.0378289947766077
1169,1.039514211321941,0.746673694005119,0.02672563411643007,0.26611488504414627,1.818163794629714,0.0001,1.0379820788486975
1170,1.0386265044763654,0.7464410111338323,0.02662051594523339,0.2655649743747518,1.8264567469970208,0.0001,1.0379655660045075
1171,1.0424805689776886,0.7468693356726764,0.02645460103636581,0.2691566326313522,1.8241274395530653,0.0001,1.0386650040111003
1172,1.0429336196510592,0.7471479050527964,0.026384563281618315,0.2694011503324275,1.8149736292705574,0.0001,1.0390856854330452
1173,1.0419776583540028,0.746807848585063,0.026534042542169352,0.26863576567015834,1.805388113306212,0.0001,1.0397724421343502
1174,1.036880139525957,0.7466004627471522,0.026590256613601777,0.26368942015009045,1.8011289822886005,0.0001,1.039906316693366
1175,1.0403535069848655,0.7471951492901506,0.026423241980902807,0.26673511545689543,1.8133392585460362,0.0001,1.0397164890297046
1176,1.0358218759842384,0.7468132073207028,0.026538121772828015,0.26247054537187725,1.8245838771727216,0.0001,1.039021844264218
1177,1.0378261028390385,0.7468973462286634,0.026304406761881304,0.2646243496595846,1.8210132825688947,0.0001,1.03917919391309
1178,1.039903927526416,0.7475021348521869,0.02641830047777652,0.2659834923626927,1.8284770687985372,0.0001,1.0396318115641572
1179,1.0358741832311449,0.7470514013849455,0.02656427914424068,0.2622585025357185,1.8372375633847158,0.0001,1.0392678087550775
1180,1.0380051091283136,0.7468449940062439,0.026602571682804256,0.2645575416710749,1.8379363114161618,0.0001,1.0392056692202725
1181,1.041004661251517,0.7468351935760003,0.026463172015021828,0.2677062935900495,1.8162071400191673,0.0001,1.039058078447655
1182,1.0386963502388697,0.7471606455758426,0.026480238529538045,0.2650554641386075,1.8212048311020732,0.0001,1.038634351506436
1183,1.0362090151643657,0.7470538812041524,0.026556301310386426,0.2625988340175297,1.8389321314152065,0.0001,1.0380574871874726
1184,1.0387934942032695,0.7468348234952342,0.02641252499323104,0.2655461417552666,1.8230024743031779,0.0001,1.0382488226552038
1185,1.035821026164668,0.7475030522559284,0.026532749617075583,0.26178522482816635,1.8426127740867724,0.0001,1.0377955745731842
1186,1.0425260426064775,0.7471841317403147,0.026627584354872638,0.26871432731982176,1.8267148247113334,0.0001,1.038465991235408
1187,1.0434249124468944,0.7467670802170558,0.026504548277864592,0.27015328560681906,1.8327775959069057,0.0001,1.0390258721961936
1188,1.0396336078885602,0.7468079706959986,0.02650505340607123,0.2663205856000192,1.8271423094654664,0.0001,1.0389988402324082
1189,1.034644871043385,0.7466213775696667,0.026383708988677174,0.261639783804968,1.8136029410313883,0.0001,1.038875909013632
1190,1.0392320584090196,0.746596989960506,0.026286269298189793,0.2663487981604393,1.8127697824706412,0.0001,1.0389986039417027
1191,1.0413376969449661,0.7469624457446363,0.026280533711276723,0.26809471389222095,1.8425899848009462,0.0001,1.0390319075110477
1192,1.0368053539529534,0.7474363390620775,0.026547015075993104,0.2628220005251815,1.8311927110621702,0.0001,1.0388428078824559
1193,1.0341711754005773,0.7474364117241292,0.026577665404422288,0.2601570984911604,1.8427043314154201,0.0001,1.038639023906077
1194,1.036076373551003,0.7463449172025762,0.02662527633728894,0.2631061784696386,1.829674177430948,0.0001,1.0383673118408505
1195,1.0446996949990912,0.7474690085734121,0.026318634257597083,0.2709120497273746,1.832390325548199,0.0001,1.0392551787242925
1196,1.035493582910263,0.7469701267642859,0.02664520532557737,0.26187825268682313,1.827600845700587,0.0001,1.0385519327546713
1197,1.032747508425258,0.7468648596419282,0.026447698262352007,0.25943495032451214,1.8319260128613175,0.0001,1.0374841923525078
1198,1.0348823849134465,0.7470473591502733,0.02654487462846551,0.26129015099869296,1.8267792042563944,0.0001,1.0370090700549963
1199,1.0328580112051045,0.7470615862832833,0.026711561858774924,0.25908486516371704,1.8360283548885137,0.0001,1.0368303840711683
1200,1.0422924683253616,0.7470466834294627,0.026617646459150025,0.26862814072632885,1.8188376199401175,0.0001,1.0371364250628026
1201,1.043836013177829,0.7467365202023581,0.02658875597901567,0.27051073708713175,1.8296841900440548,0.0001,1.037386256686089
1202,1.0372674032350582,0.7470340571587274,0.02671027280254248,0.2635230754046846,1.842840945744853,0.0001,1.0374324616142991
1203,1.0348643945873872,0.7467973065424642,0.02672197659165574,0.26134511223912965,1.85003638702764,0.0001,1.03750178353298
1204,1.0386838552676156,0.7469543106173888,0.026746476155991003,0.26498306931410187,1.8359967426644377,0.0001,1.0377625317046415
1205,1.0368715684263992,0.7465129160977764,0.026466680346831348,0.26389197279787935,1.831571675942829,0.0001,1.0369797190473722
1206,1.036922444073714,0.747518407645622,0.02632850952612701,0.2630755264183571,1.8471019219675122,0.0001,1.0371226051637172
1207,1.0400188935214076,0.7473821965240803,0.02649792067661247,0.26613877524015384,1.8570346563873137,0.0001,1.0378497436733323
1208,1.0378171070110485,0.7462741750732639,0.026505336316555557,0.26503759814505645,1.8429759557058556,0.0001,1.0381432158830926
1209,1.0380865266550385,0.746675972522635,0.026564274308164028,0.264846278343191,1.81737287097722,0.0001,1.0386660674280859
1210,1.033348382486533,0.746733215227572,0.026553589964009687,0.26006157662999074,1.8400518676572106,0.0001,1.037771658844203
1211,1.037862124114201,0.7468121306891373,0.026916765296193215,0.26413322660248373,1.8314761157935338,0.0001,1.0371742699378401
1212,1.0352970285541387,0.747220326751531,0.02657140365236913,0.2615052950747961,1.839724274968037,0.0001,1.0369772324697482
1213,1.0384354928685975,0.7473839520199062,0.026579222862909098,0.2644723179253313,1.8212757004202016,0.0001,1.0373343422978691
1214,1.0423263402062546,0.7475138931680645,0.02664395012188151,0.26816849827645517,1.823308575225892,0.0001,1.0376985907917333
1215,1.0394695746971192,0.7468121691359467,0.026569596168719248,0.2660878099667373,1.828860140233688,0.0001,1.0379583914188053
1216,1.0357628311153357,0.7466221287332732,0.026524396987280544,0.26261630761635474,1.8327657849986945,0.0001,1.0378424301229674
1217,1.03827924503516,0.7463031898405682,0.02656792820588087,0.265408123641239,1.8362706360420398,0.0001,1.0376684652743424
1218,1.0373246818478645,0.7466745637735054,0.026673978289049004,0.2639761383042616,1.8261518732287578,0.0001,1.0376192227580243
1219,1.0415804592881193,0.7472152175574467,0.026481555876818923,0.26788368393453577,1.8446126196979267,0.0001,1.0379686160213324
1220,1.0424813327150944,0.7467777102762497,0.026333514140053648,0.26937010858593313,1.8155162779361191,0.0001,1.0388819110441887
1221,1.0409218388445236,0.746446456677048,0.026523551399277385,0.26795182845594917,1.813187585882918,0.0001,1.0391878825172207
1222,1.0391333694390303,0.7463733186344588,0.02648401042752527,0.2662760392133653,1.8277726553032896,0.0001,1.0395715166057098
1223,1.0402010061436202,0.7466135049204797,0.026476532402193328,0.2671109657757302,1.839840521435225,0.0001,1.0397480679332123
1224,1.0404007879764023,0.7469079230910141,0.026502110653426537,0.2669907515872323,1.830481615559808,0.0001,1.039555512710227
1225,1.044169199635968,0.7466430639882117,0.026345543638929634,0.27118059308183123,1.8249741466243659,0.0001,1.040025475204112
1226,1.0369061000690498,0.7465120261387699,0.026291344277031763,0.26410272926031697,1.8053343429043134,0.0001,1.0401398020994832
1227,1.0351098596928812,0.7469851009502372,0.02637442710675284,0.2617503307442394,1.8396401514146197,0.0001,1.0398228635652553
1228,1.0389961013929356,0.7468205548928669,0.026473892387947253,0.26570165204167606,1.8214066645194744,0.0001,1.0399900055197624
1229,1.0317933664602392,0.7475612985676733,0.02642667100105518,0.2578053967706088,1.8305070013351905,0.0001,1.0390112962369744
1230,1.0364511270552088,0.7469433442090636,0.026441196399092915,0.263066585011342,1.8508825534255704,0.0001,1.0384082756709858
1231,1.0372873797378,0.7459682552616205,0.026457268132641158,0.2648618555727885,1.8167581212448058,0.0001,1.0380448297603135
1232,1.032446885689277,0.7464878190361703,0.026376076450696097,0.25958298934098434,1.832523860264018,0.0001,1.0373761813853382
1233,1.037266297466131,0.7467948174138098,0.026369200033300063,0.2641022785153036,1.8250542951645765,0.0001,1.0370827105175893
1234,1.0439666429833032,0.7466222489097781,0.02646536565939263,0.2708790281874413,1.8213527944943968,0.0001,1.0374392960182794
1235,1.035814748453562,0.7465050094751509,0.02650676368458034,0.2628029740999243,1.833917543322271,0.0001,1.0366038509000388
1236,1.0387736106741017,0.746557522618021,0.02631128753174633,0.2659048015973389,1.8322523331787233,0.0001,1.036790601960544
1237,1.0417976791670067,0.7467781896523481,0.02631138691312159,0.26870810143785595,1.8419178484903147,0.0001,1.0374593839079567
1238,1.0365528528395338,0.746171111751038,0.026540768073973743,0.26384097496406544,1.8302671009822018,0.0001,1.0372150590526164
1239,1.035701971871374,0.746372236925013,0.02658422094813225,0.2627455143609347,1.8339490285993347,0.0001,1.03760591959373
1240,1.0445551747724444,0.7470056158292124,0.0263696771122621,0.27117988273773425,1.805914913423163,0.0001,1.0384163243654536
1241,1.033598187970825,0.7471087357335352,0.026492788148458297,0.25999666421728973,1.8223815832370194,0.0001,1.0380474051887556
1242,1.034295017288858,0.7465327820961664,0.026314420100399735,0.26144781770679576,1.821486356292245,0.0001,1.038232218348714
1243,1.0392763276129175,0.7464681568784114,0.026522480208298255,0.266285690344855,1.8258725856912548,0.0001,1.0384332213633927
1244,1.0379447970864255,0.7465532593746456,0.026427265838483767,0.2649642730672026,1.8345500818372498,0.0001,1.0378310367737047
1245,1.0361457630296749,0.7470967479458204,0.026483424536838492,0.2625655895344626,1.837970994065306,0.0001,1.037864138231316
1246,1.0354411342081145,0.7468318148510451,0.026540531106217638,0.2620687900492676,1.8601218200842218,0.0001,1.0375308905847174
1247,1.0397609043072977,0.7468826799798931,0.026473489300958043,0.26640473312224144,1.820315738478732,0.0001,1.0373272130987463
1248,1.0372373965884318,0.7470967801057301,0.026460687964247883,0.26367992956123293,1.834010326354547,0.0001,1.0373956674736364
1249,1.04109917209308,0.7470432966040791,0.026477301096577675,0.2675785740674993,1.8308249257399152,0.0001,1.037935387495807
1250,1.0404839249701818,0.7469159751586449,0.02647062972883182,0.26709731847319834,1.8313796529905308,0.0001,1.0375282625155808
1251,1.040888818113122,0.7461277497951205,0.02644310471494106,0.2683179660135423,1.8209699580925716,0.0001,1.0382573255298104
1252,1.0385435778519203,0.7459282919794744,0.02646836958840701,0.2661469164805045,1.8348264210606202,0.0001,1.0386821815861162
1253,1.0358637567707782,0.7473104279374979,0.026488681593966532,0.2620646478438232,1.8274299564032719,0.0001,1.0383409245019029
1254,1.0372356711971833,0.7456758582084222,0.026931411837951166,0.26462840099212603,1.8195969289504974,0.0001,1.0382700119129784
1255,1.0409196227123965,0.7468203286853814,0.026520679736959523,0.2675786136175387,1.8301817343152802,0.0001,1.0387473978812507
1256,1.0400612658951394,0.7467398066791511,0.026409980249695073,0.2669114779084014,1.835193741152301,0.0001,1.0392094110499528
1257,1.039092210799637,0.7468406541110536,0.02637151433778341,0.26588004388474307,1.8272483726060416,0.0001,1.0391425416991873
1258,1.035568489506085,0.7470779498740577,0.026479144608998636,0.26201139471699575,1.8269879498781587,0.0001,1.0389756509909522
1259,1.036236297649012,0.7468519866103817,0.026372129486733953,0.2630121852847432,1.827699234471118,0.0001,1.0384893635465455
1260,1.0388169045622402,0.7471373472929485,0.02657722653046583,0.2651023305725858,1.82088867452517,0.0001,1.0383226615057515
1261,1.0405049162027076,0.7466729752432261,0.026594118704418624,0.2672378239779153,1.8300017357839773,0.0001,1.0382842713147098
1262,1.03988358735071,0.7457306318544229,0.026585464787047968,0.26756749298370636,1.8112296397981005,0.0001,1.0384182722645887
1263,1.0360228038462858,0.7466672600887369,0.02634723505673979,0.2630083098644901,1.8303710892040879,0.0001,1.0384341769721397
1264,1.03698146645486,0.7462245424185515,0.026614301103123787,0.2641426242404366,1.8224634297237434,0.0001,1.0384087564979074
1265,1.0411603089278416,0.746678333495258,0.02642971627852496,0.26805225734808624,1.8243482444155772,0.0001,1.0384328251194517
1266,1.0368094310073774,0.7471128039621194,0.02639471082126393,0.2633019161862123,1.8393247574870049,0.0001,1.0381076416306756
1267,1.0414750800896853,0.7470804642712127,0.026494294586336394,0.2679003223655915,1.8208787112400449,0.0001,1.0383459285596803
1268,1.0356730035304056,0.7458413885282938,0.02650234907200564,0.26332926325515127,1.8316090102128035,0.0001,1.0383563799621125
1269,1.0347371751831704,0.7468554748724731,0.026624898156094503,0.2612568001068267,1.8473802418060767,0.0001,1.0382064677155285
1270,1.04237385453849,0.7469707828989861,0.026897547211173097,0.26850552575825193,1.81519289480987,0.0001,1.0385621627131534
1271,1.0359268158251083,0.7466209782306369,0.026431763873380774,0.2628740743558257,1.8205381856728762,0.0001,1.0381043526753932
1272,1.0392735167642635,0.7465452930264734,0.02629478756361027,0.26643343564523403,1.8542332112426447,0.0001,1.0380433456167488
1273,1.0433127848661938,0.7459417125758003,0.026437482775829385,0.27093358927276023,1.816220236840161,0.0001,1.0387723437187395
1274,1.0309183880475181,0.7459333889624652,0.026551251962750728,0.2584337459132831,1.8316792048982384,0.0001,1.0381660358780054
1275,1.034014358481819,0.7463822688824264,0.026506109605212724,0.2611259766920464,1.8294887593503415,0.0001,1.037451440833403
1276,1.0358954949746508,0.7463406635104521,0.026334540597323715,0.26322029223457794,1.8261613582259018,0.0001,1.0373600472301305
1277,1.0340621780913934,0.7462700731130449,0.026428560456204366,0.2613635448395118,1.826811769671179,0.0001,1.0366187570303014
1278,1.0356734211256249,0.7460739720182051,0.026396083299818678,0.2632033652937678,1.8342266409198846,0.0001,1.036618798789823
1279,1.0379704438890454,0.7467942340620632,0.026449652762732204,0.2647265586057493,1.8310014761485627,0.0001,1.0369421256604106
1280,1.0378965706419025,0.7459482971359702,0.026315203061210213,0.2656330683289387,1.8378370581969286,0.0001,1.036494397270752
1281,1.036321838656497,0.7456850489303016,0.026527519400172977,0.26410926879963575,1.8348991573461413,0.0001,1.0365338995538909
1282,1.0394992647016266,0.7463243962785051,0.026354620229399953,0.26682024752876093,1.8456235226946476,0.0001,1.0365564743476272
1283,1.0361212838977636,0.7464981080310582,0.026359553027588262,0.26326362388189617,1.8358806330582191,0.0001,1.0358373242507841
1284,1.0329762703264944,0.7468580077676212,0.02630217708873942,0.25981608506208986,1.8312438288760233,0.0001,1.0360431124786817
1285,1.0425910554357765,0.7462743710552703,0.026395759282682778,0.2699209235412112,1.8391588222666155,0.0001,1.0369007821740777
1286,1.0346404900415431,0.7463641936832219,0.026504616950153097,0.2617716791399171,1.8326751472500227,0.0001,1.0367752816807667
1287,1.0335836289620544,0.7464691234892329,0.02653573565260634,0.2605787686829816,1.8306805379008666,0.0001,1.0367274267678328
1288,1.0381727039693094,0.7460722031022665,0.026459998581520684,0.26564050189259086,1.8266646264774562,0.0001,1.036977355052201
1289,1.029592399785775,0.7463535422243888,0.026356321561167254,0.2568825371714562,1.8184585235181734,0.0001,1.0361395506418742
1290,1.0292958443111628,0.7466249675102699,0.026436818057093126,0.2562340603721976,1.8421610622812237,0.0001,1.0352794780088002
1291,1.0377018033370042,0.7462864202611587,0.026468429797561366,0.26494695327828427,1.827028982537755,0.0001,1.035417474476851
1292,1.0406603018845797,0.7463478840147022,0.02659954913489475,0.2677128714552757,1.8209870364554754,0.0001,1.0355335781951465
1293,1.042898462945501,0.745875519018386,0.026496268431023217,0.27052667421150883,1.82196807160097,0.0001,1.0362112960999201
1294,1.038509508175492,0.7462945137981469,0.02665219780881313,0.2655627963305064,1.840236237760006,0.0001,1.03676461988482
1295,1.0344469092680524,0.7459915952556757,0.026704219969000825,0.26175109354465537,1.8252496617802743,0.0001,1.0359502052680472
1296,1.0345508556578755,0.7456373754911442,0.026430764739943807,0.2624827146635941,1.825536845421936,0.0001,1.0359412418296805
1297,1.0358594317465235,0.7462068354865842,0.026586680576719087,0.26306591466311025,1.8300804361610334,0.0001,1.0361688221081273
1298,1.0377603421104848,0.7468779292599909,0.026383021298576805,0.264499393017853,1.8260158027161448,0.0001,1.036127585922245
1299,1.04010632640208,0.7462950073197696,0.026470116621098702,0.2673412001031521,1.8132980297835313,0.0001,1.0371789785838756
1300,1.0363124648891162,0.7466156643496082,0.026422356011659574,0.2632744433792803,1.8436262730894417,0.0001,1.037880640641671
1301,1.0291626447354563,0.7464926077192744,0.02645320195938946,0.2562168355101746,1.8233321370749638,0.0001,1.0370267247815161
1302,1.0358883714337377,0.7464695386664137,0.02635142503355386,0.2630674067363294,1.817189281175393,0.0001,1.0365495317364317
1303,1.0354170962472957,0.7462682048157311,0.026507369644985238,0.2626415203130874,1.8256520528580547,0.0001,1.0358013950666112
1304,1.0375475061350856,0.7464892615169347,0.026415106249145757,0.26464313809697576,1.846715244028196,0.0001,1.0357051948625708
1305,1.0321090009826677,0.7460262520318099,0.026239018894837787,0.25984372853718957,1.8403005437967017,0.0001,1.0354714040340325
1306,1.0345126449699091,0.7471345412803712,0.026327011551383058,0.261051091238947,1.8419512348291114,0.0001,1.035467582965236
1307,1.0377034702117254,0.7464210420061077,0.026536066682053387,0.2647463631859657,1.8288464502678923,0.0001,1.035651986811756
1308,1.0347362861913794,0.7461858120941487,0.026423430587892358,0.26212704361512745,1.8407684385655618,0.0001,1.0353495812198452
1309,1.0387145770490773,0.746810208227765,0.026494476906426295,0.26540989125748193,1.8109238268637513,0.0001,1.035210406284545
1310,1.037543877747673,0.7458976138436044,0.026480260533686826,0.2651660022293699,1.8192628058652123,0.0001,1.0353335475704006
1311,1.0394772674442547,0.7465741125371829,0.026370605155372234,0.2665325477492616,1.8244849467616053,0.0001,1.0363650098412804
1312,1.0427594391617765,0.7460516104833591,0.026358560906462446,0.2703492676057148,1.8282196732128368,0.0001,1.0370521166140843
1313,1.036005408478557,0.7464694244141027,0.026490480372678437,0.2630455030570407,1.8179076813297388,0.0001,1.0371109478372107
1314,1.0359651533391847,0.7467747276259726,0.02648982726052615,0.2627005991478721,1.8346928092093786,0.0001,1.0369527125576203
1315,1.0342073475613314,0.7468985750757414,0.02650400663727921,0.2608047659692126,1.8323149782648918,0.0001,1.0371625472154868
1316,1.0339452591677467,0.7466752982526473,0.02669199001474748,0.26057797041674413,1.8350201192298718,0.0001,1.0371058086352707
1317,1.0346778535697814,0.7459237944281851,0.026480408759436306,0.2622736487348713,1.8266769647598267,0.0001,1.0368032469710762
1318,1.039621232005694,0.7464310732381098,0.0264507945604305,0.26673936415425903,1.8316194367940721,0.0001,1.0372917415525076
1319,1.0349764854139054,0.745726002157339,0.02632735249478725,0.2629231298096765,1.839143621268669,0.0001,1.0369179323889903
1320,1.0371019184952093,0.7462688638520772,0.02615450434462294,0.2646785510088077,1.8201570653528518,0.0001,1.036873736463744
1321,1.0300534637172614,0.7463961999266433,0.026527091649192827,0.2571301704336857,1.8306564254644677,0.0001,1.0359313560910448
1322,1.030645087452012,0.746348685352604,0.026555752899293725,0.2577406491774454,1.8241501584739763,0.0001,1.0347199209200684
1323,1.0347050731854313,0.7458461946212738,0.026485143520285585,0.2623737358599599,1.8289235893176004,0.0001,1.0345898873907557
1324,1.0364179391164567,0.7471443539217084,0.02638854796697837,0.26288503720510076,1.8202948488038162,0.0001,1.0346351659684832
1325,1.0403620578938033,0.746096452157831,0.026302651266055466,0.2679629547419461,1.8432476960621307,0.0001,1.0352506370017305
1326,1.0369575046622488,0.7468119131865898,0.0265636393312992,0.26358195391255024,1.8245313044252067,0.0001,1.0355518615511805
1327,1.036132662098016,0.7468489008307698,0.02652524958759486,0.26275851109025444,1.8132193826033185,0.0001,1.0356973424040037
1328,1.035862185166767,0.7467559576034546,0.0265127434933645,0.2625934874400889,1.8240231065189136,0.0001,1.035321437720111
1329,1.0387310836668189,0.7461339685060915,0.026475117366164015,0.2661219958072381,1.8182524249229663,0.0001,1.0356968975454026
1330,1.0366683998891355,0.7461622930443553,0.026463898877343107,0.26404220544360957,1.8401569232012147,0.0001,1.0356535456847953
1331,1.0399647785490473,0.7460467492591053,0.026572127129436747,0.2673459043669652,1.8177682071863759,0.0001,1.0366446771679736
1332,1.0303178469501209,0.7465032994384456,0.026576156548505866,0.25723838890783685,1.8401559688014868,0.0001,1.0366119531177844
1333,1.0375522627791818,0.7459150138056061,0.02651937665610478,0.265117870972437,1.8393531791095077,0.0001,1.0368966720771595
1334,1.0398932443912807,0.7462389047199041,0.026554773110163382,0.26709956644031146,1.8450205986204786,0.0001,1.0372442026046422
1335,1.0355344893482588,0.7457401190278012,0.026500550293293734,0.26329382075257524,1.8232204050853336,0.0001,1.0367614457500873
1336,1.03345839573452,0.7460809775588478,0.026437611899076077,0.2609398084301615,1.8330557653434862,0.0001,1.0364115348573146
1337,1.0389409854736096,0.7457581523949428,0.02640770052315981,0.2667751331222348,1.8440676712361117,0.0001,1.036692367194874
1338,1.0370589225093927,0.7459361223129907,0.026611245911696862,0.26451155399756304,1.8226557907178,0.0001,1.0368120409291366
1339,1.0368126888304163,0.7465074183249328,0.026611002657041104,0.2636942654152913,1.8122100873602816,0.0001,1.0366202014454964
1340,1.0365321012346063,0.7459775520144805,0.026485521217872357,0.2640690317275437,1.8081537850246467,0.0001,1.0366065715800432
1341,1.0355621837457343,0.7458901487547775,0.026583402925766022,0.263088632601693,1.8162530493784628,0.0001,1.036166312099712
1342,1.0354153066571297,0.7463963784987738,0.02665492051997001,0.26236400658049397,1.8109526909872677,0.0001,1.036676058070413
1343,1.0388481992978837,0.7459254564668295,0.026477134735540735,0.26644560408308104,1.807788610458374,0.0001,1.0368056517222832
1344,1.0350353647680843,0.7462459565659807,0.02633540504602583,0.26245400516607215,1.8359606764137624,0.0001,1.0363198637599638
1345,1.0318541173760838,0.7461396620191377,0.02647770466717455,0.25923675047819317,1.8508832430501012,0.0001,1.0359518265627459
1346,1.0419535738459464,0.7469229381418131,0.02668464546513122,0.2683459923018911,1.8219303064365657,0.0001,1.0368013443738886
1347,1.0396507736635499,0.7463215212309336,0.026632906215427854,0.26669634521974755,1.8408232816092625,0.0001,1.0368723231928825
1348,1.0333954141783182,0.7462434276605958,0.026659481423863533,0.2604925061630852,1.8321571560466992,0.0001,1.0365059723597754
1349,1.037155606321099,0.7460357983262254,0.02649451051715905,0.2646252955130583,1.832433009969777,0.0001,1.0365402641088435
1350,1.0363283302430932,0.746507244588879,0.026378887903859602,0.26344219767479093,1.823423931129564,0.0001,1.036519887009692
1351,1.0352549701626839,0.746784729478809,0.02645973549895064,0.26201050453507635,1.8131455124996254,0.0001,1.0364891656513873
1352,1.0324145097277952,0.7458617295503133,0.02663744535697643,0.2599153341895487,1.8184682529789922,0.0001,1.0361890859584537
1353,1.0324160924547825,0.74622604256953,0.026398742658371374,0.25979130644101883,1.81289693259806,0.0001,1.0355458752741438
1354,1.0348326590433565,0.7459205402322038,0.02647164869018307,0.26244047420140937,1.8152572368753368,0.0001,1.0355256047016708
1355,1.0325366149809492,0.7460875552276085,0.02634543555261639,0.2601036255759835,1.8390281372089656,0.0001,1.0355938544621572
1356,1.03543028773449,0.745657954569037,0.026432336948464415,0.2633399968895056,1.8261251468929267,0.0001,1.0349415258510115
1357,1.033195408435187,0.7455531127796212,0.026667350445993047,0.2609749452020164,1.8224250450579196,0.0001,1.0342959893281756
1358,1.0344490129613972,0.7454017661889717,0.0266574979070234,0.2623897498703994,1.8512834588606024,0.0001,1.0344013492064834
1359,1.0324962026690856,0.7457971759064927,0.02640933439165777,0.26028969070853375,1.8201982152873073,0.0001,1.0339354088412822
1360,1.0350510041563796,0.7459744610360863,0.026346855424722357,0.2627296889348156,1.8303675779706325,0.0001,1.0338076762326105
1361,1.0356207731771179,0.746563865616162,0.02654704554327603,0.2625098589800192,1.8234275054738198,0.0001,1.0338442565340542
1362,1.0375199325186244,0.7458332261981152,0.02641689003602003,0.2652698148336662,1.8203511791828921,0.0001,1.034354798813137
1363,1.0380171538608312,0.7460036320086667,0.026414530514219953,0.265598991919785,1.8317025488820569,0.0001,1.034914904953742
1364,1.0355047268026016,0.745351411024407,0.02642781110612664,0.26372550427996316,1.8151437982342549,0.0001,1.0349821117296665
1365,1.0321165872152147,0.745949279101335,0.026385020532666066,0.2597822894514151,1.828347912666522,0.0001,1.034940108953093
1366,1.0335179746271872,0.7464402066524808,0.026502983807066633,0.26057478564868836,1.8317459814446935,0.0001,1.0347488776423628
1367,1.0364670607187685,0.7457927276831853,0.026550514702864642,0.2641238165494153,1.8408874297480555,0.0001,1.0350760428707209
1368,1.032775984574525,0.7460676605754644,0.026508461872897817,0.2601998623679666,1.8210364879991172,0.0001,1.0349087400320336
1369,1.0365896289053602,0.7464145766552274,0.026347227560820977,0.26382782329138343,1.834486420691376,0.0001,1.035318082655661
1370,1.0335713738602026,0.746256327290564,0.026500432051219516,0.2608146137854511,1.8271592267870178,0.0001,1.0351701196260437
1371,1.0378391847890966,0.7460781600605886,0.026687675267155708,0.26507334880394817,1.8216480040888758,0.0001,1.035391960787241
1372,1.0299369914052936,0.7458509528370948,0.02651334099063525,0.25757269740376704,1.839544616412923,0.0001,1.034633666675908
1373,1.0340429880556181,0.7457381062526973,0.02654674764095407,0.2617581341770793,1.8310494626027818,0.0001,1.0342362500953868
1374,1.033314643476846,0.7465492224596577,0.026682268291651358,0.26008315313358094,1.842373587296894,0.0001,1.034017241762811
1375,1.0352232164833657,0.7461177707927464,0.026524081191474962,0.2625813642120023,1.8266207323113028,0.0001,1.0343279046896263
1376,1.0333956958797834,0.746581172362786,0.026580405283651295,0.2602341174777091,1.8090557278290724,0.0001,1.0343156768148858
1377,1.034522484209668,0.7461049084005684,0.02645806753611226,0.2619595069657354,1.8283103254697386,0.0001,1.034121219163976
1378,1.04024901157944,0.7457725045405343,0.026531429609952542,0.26794507925759464,1.86093891948522,0.0001,1.0348685218644675
1379,1.0333318192866947,0.7459400483609213,0.026512436160693063,0.26087933320846807,1.8117721489428507,0.0001,1.034542740902601
1380,1.0364729001604278,0.7458720444182112,0.02654471189448606,0.26405614479983314,1.8372407892896485,0.0001,1.0348328935326232
1381,1.0351146518821406,0.7461702639868003,0.02656878274062584,0.2623756053360674,1.817264407449997,0.0001,1.0345604402419277
1382,1.0266949413514281,0.7453242583884186,0.026687829538001008,0.2546828536403651,1.8273674755019058,0.0001,1.0342362352365413
1383,1.0306116272421444,0.746305776778873,0.026704541568098396,0.2576013077239357,1.8353857570922882,0.0001,1.0338930991551938
1384,1.0298145548808888,0.7459946509307103,0.026685258679651103,0.2571346459128189,1.8515337618562804,0.0001,1.033543090295598
1385,1.0387357531406334,0.7459585554217711,0.02649025283527181,0.2662869447626884,1.819311741157671,0.0001,1.033894343961325
1386,1.036997445698442,0.7458710514507719,0.02647445361464309,0.26465194111663476,1.8251940996119749,0.0001,1.0342545189431909
1387,1.037460443576983,0.7458471189164245,0.026463990279191888,0.2651493363535791,1.8489668267735604,0.0001,1.0345483148799222
1388,1.0341189970351137,0.7459831553346971,0.026391009288192036,0.2617448315045156,1.8254593330271103,0.0001,1.0339353134254896
1389,1.0407480908213957,0.7459515840963707,0.026597183084391192,0.2681993249176603,1.814177711885309,0.0001,1.0346769405789595
1390,1.0325255866708427,0.7463298048257344,0.026808135407933358,0.25938764699634625,1.82507614552612,0.0001,1.0342822092300012
1391,1.0305760175171053,0.7460595776778447,0.026622603921329275,0.257893834746694,1.8481618267527458,0.0001,1.0338283457934978
1392,1.0375909934662901,0.7460114040674592,0.026657942584271847,0.2649216446609937,1.8170855272614206,0.0001,1.0349179510049842
1393,1.0370013785168801,0.7460965470658355,0.026636331608522735,0.2642685016560506,1.8236134378711786,0.0001,1.0355569261324575
1394,1.036187638980138,0.7463650837631303,0.026646641882147798,0.2631759140602715,1.8353969983106695,0.0001,1.0361942345423825
1395,1.0334326600689916,0.745603136672935,0.026468263194720596,0.2613612589998734,1.8286827911469805,0.0001,1.0356639252352182
1396,1.0360112632747596,0.7460257903073912,0.026530585230968545,0.26345488685230456,1.8163199427161691,0.0001,1.03556530699285
1397,1.0365562573165972,0.7456691823673055,0.026462561702147943,0.26442451365518765,1.8225984075248363,0.0001,1.0354748883668115
1398,1.0326345494020783,0.7457784906362181,0.02645883937394643,0.2603972174272576,1.8415918214809581,0.0001,1.035326443603508
1399,1.0345575408084398,0.7451409141383838,0.02663486023220039,0.262781763914028,1.8120939978237809,0.0001,1.0347073886022122
1400,1.0363272574803892,0.7457347326056227,0.0266387943805594,0.2639537316730008,1.8225098280103889,0.0001,1.035087555683167
1401,1.032621616886789,0.7454944556431644,0.026708488773864374,0.2604186729987059,1.8273822470562453,0.0001,1.0352921156201353
1402,1.0353382871794168,0.7457487953120264,0.026413165773387856,0.2631763277412912,1.8263717853515191,0.0001,1.0350668449914482
1403,1.0312571392581622,0.7464300030143459,0.026327742524369493,0.25849939339452294,1.8312820075249816,0.0001,1.0344924210655764
1404,1.0287388211331552,0.7460621976223727,0.026340594881688363,0.25633602850819215,1.8259459356749033,0.0001,1.033747539280878
1405,1.0324735658405761,0.7456508861593978,0.026461153194822114,0.260361525277337,1.8228073127371303,0.0001,1.0336516298580363
1406,1.0412447875701873,0.7459761755461625,0.026341595224144494,0.26892701654296375,1.8168637384991133,0.0001,1.0341749822875792
1407,1.0293651036993727,0.7456952373347949,0.026584388034580686,0.25708548126186853,1.8265463948008014,0.0001,1.033455866925857
1408,1.0344682414439823,0.7459127616447078,0.026620812638536186,0.261934669034718,1.8206813826280481,0.0001,1.033639236130047
1409,1.0380010758403833,0.7459618518125213,0.02657494994738039,0.2654642731737172,1.8136176301306208,0.0001,1.0339835896332414
1410,1.0318090655740813,0.7460952950055895,0.026484294547028765,0.25922947761585696,1.8273382450455826,0.0001,1.0335317704426106
1411,1.033137239258865,0.746065328861105,0.0267145819886461,0.26035732834488456,1.8607862542173683,0.0001,1.0335833326798183
1412,1.0302660437433038,0.7451886138132571,0.026494607480495987,0.25858282065113464,1.8363534722318513,0.0001,1.0330761083362068
1413,1.0358243625739525,0.7454534200819221,0.026511415023107315,0.263859530204329,1.8191205640351797,0.0001,1.033532830667786
1414,1.0374502765721287,0.7456833044365502,0.026562125397502287,0.26520484773551717,1.8147175145197592,0.0001,1.0344039762116832
1415,1.035195713110918,0.7461962633394083,0.0267616374981089,0.26223781042964656,1.8106150404676704,0.0001,1.0346761909387177
1416,1.0281052204948409,0.7460439297055134,0.026648915805391075,0.2554123740167212,1.8208424972472277,0.0001,1.0333622342311828
1417,1.035931172767469,0.7458548256881822,0.026503812468801503,0.2635725339606374,1.8415731360897816,0.0001,1.0340188411379923
1418,1.0318364187863487,0.7457618575550722,0.02651754934454061,0.2595570123627873,1.8287916248758715,0.0001,1.033755658872229
1419,1.0432306785612513,0.7458823568680707,0.026497100236207913,0.2708512206786665,1.8093132892922021,0.0001,1.0342786191443156
1420,1.033275492897382,0.7450181457382187,0.026419824325530573,0.2618375227731817,1.8082109955696741,0.0001,1.0344252618766459
1421,1.042834330644859,0.7460675995199966,0.02623310050422715,0.270533630696199,1.8211117257452882,0.0001,1.0353949710152452
1422,1.0310093110038108,0.7460254083782374,0.026246797724137683,0.25873710500722485,1.8369221493873829,0.0001,1.035469297741296
1423,1.0332656974241168,0.7452466472167273,0.026434933438020593,0.2615841168260417,1.8162542209180326,0.0001,1.0352134312263126
1424,1.0314796113581008,0.7459494079827779,0.026373359301027372,0.25915684405918293,1.8351456403248692,0.0001,1.0346163647049096
1425,1.0353887130716026,0.7459175562520056,0.026599867348738666,0.26287128716616553,1.8238328385788336,0.0001,1.0346356647009782
1426,1.0347154821150202,0.7463705475625353,0.026558357126572552,0.2617865746753936,1.82652478116521,0.0001,1.0352966908629964
1427,1.035792573470373,0.7456066444002348,0.02645792003577428,0.2637280078857956,1.8253722580161105,0.0001,1.0352828309332864
1428,1.033365291586754,0.7462189493749979,0.026362485382668145,0.26078385735803394,1.8350059149473241,0.0001,1.0354357182133271
1429,1.037116353942221,0.745576587821117,0.026519233266431953,0.26502053413925497,1.8324957404126985,0.0001,1.034824285751424
1430,1.0320574330509797,0.7451748057262892,0.02651048504556652,0.2603721439037434,1.825102365766529,0.0001,1.0347024797667839
1431,1.0387149143654242,0.7459631530798473,0.026392629132067698,0.2663591318814798,1.8051726027386183,0.0001,1.0342905381388405
1432,1.03249487492424,0.745957169039496,0.026581416990887563,0.259956289521035,1.8260289725618961,0.0001,1.0344390945308832
1433,1.0365339330195413,0.7456144773935933,0.026444804595885364,0.2644746531685153,1.8286038849948627,0.0001,1.0347659180904256
1434,1.035370527730752,0.7454443779484979,0.026412752530637667,0.263513398566425,1.8417271728689724,0.0001,1.0351550097276907
1435,1.034183883280106,0.7460099478038764,0.02646819621505892,0.2617057415809762,1.814731812622194,0.0001,1.035034526748541
1436,1.0359005513345978,0.7459921863451449,0.026395201924848267,0.26351316590202145,1.8417553038432681,0.0001,1.0351530336704988
1437,1.0280305897971922,0.7454948031152722,0.02651095898107873,0.2560248299186358,1.8388136095739522,0.0001,1.0343768353031808
1438,1.0317425414708274,0.745565385412251,0.02656445396841177,0.259612700971822,1.839330221528214,0.0001,1.0342145602915882
1439,1.035235294584812,0.7452646632948947,0.026380339935875324,0.2635902919283261,1.8435367885032483,0.0001,1.0340264543558473
1440,1.0328172843064547,0.7454505676430089,0.02668440946459045,0.26068230555156663,1.8209836724805541,0.0001,1.0341024394813947
1441,1.0296174217672909,0.7460729964606418,0.026467620480133118,0.2570768051438835,1.8380502522838043,0.0001,1.0331926902215816
1442,1.0344759751768673,0.7451444045767097,0.026593081365976084,0.26273849079079364,1.8452356403304404,0.0001,1.0333908002468442
1443,1.0320973390256174,0.7454565802162124,0.026540164531607173,0.260100593975543,1.8216794057018133,0.0001,1.0329471408474518
1444,1.0354293738369043,0.7455360739516438,0.026473756494193243,0.263419543836893,1.8346777063837882,0.0001,1.0329530254580668
1445,1.0287431181081652,0.7451840863991944,0.026399295421933065,0.25715973692932914,1.8277763290289208,0.0001,1.032408948940873
1446,1.0320556198849398,0.7457585922361145,0.026869784504114737,0.25942724389279104,1.828520240696642,0.0001,1.032024455795907
1447,1.0384134641767273,0.744985859365057,0.026545683945893756,0.2668819221050212,1.8164976201724812,0.0001,1.0330627432338606
1448,1.0295393488711808,0.7457243523297881,0.026417942124496368,0.25739705471915114,1.8346922740974967,0.0001,1.032842423973896
1449,1.0348334202418221,0.7463087058696012,0.026311732208994774,0.2622129809693197,1.8194630856929879,0.0001,1.032802236539597
1450,1.0342786811428186,0.7457750845874299,0.02639443395587542,0.26210916337781937,1.8392566398964934,0.0001,1.0329483762232334
1451,1.0415106531814435,0.7460749395962419,0.026566395653188832,0.2688693166927682,1.8147288345661898,0.0001,1.0341376993646487
1452,1.0334797015538322,0.7452048040306835,0.026506985902302646,0.26176791186264997,1.825724366470476,0.0001,1.0340380720023452
1453,1.0370039735556131,0.7460918812190785,0.026443201678277996,0.26446889087739145,1.8277822638621921,0.0001,1.0345287354553447
1454,1.0337961862585365,0.7457331104646107,0.026660789582598765,0.2614022881986524,1.8189680114479143,0.0001,1.034365416697508
1455,1.0314454912655735,0.7456886165040502,0.02646507114232433,0.2592918052589313,1.8196495415956446,0.0001,1.0346356540132486
1456,1.02299355432905,0.7450311228663152,0.02651924825826958,0.25144318243371544,1.8469836540202824,0.0001,1.03372944745766
1457,1.0286562639849666,0.7459570724388649,0.02658184764351371,0.25611734538363634,1.830482324045038,0.0001,1.0327537274384837
1458,1.0335096292515071,0.7452457165137749,0.02654755381493249,0.26171635834851564,1.8155091901821732,0.0001,1.0331507554765162
1459,1.0360655942988444,0.7458722468080192,0.026312374923582252,0.2638809729601742,1.8337170330554429,0.0001,1.0332739728822184
1460,1.035869572273858,0.7460357483937339,0.026336907615042603,0.26349691943875675,1.8154092519326819,0.0001,1.0334330619953225
1461,1.0326307133051735,0.7453059257890341,0.0264794277612868,0.26084536125101376,1.8256108231283346,0.0001,1.0325450680076957
1462,1.035393090567289,0.7457209960925893,0.026449836050037437,0.26322225756323603,1.8185159782850717,0.0001,1.0327364069090412
1463,1.0345426623768061,0.7458354578056877,0.026305296841789696,0.26240190728350293,1.8459982656803866,0.0001,1.0324902757911605
1464,1.0332230336767665,0.7456131923271241,0.026451679078850737,0.2611581620705478,1.8431800944809982,0.0001,1.0324329605329834
1465,1.0231487588998511,0.7452760038946512,0.02646098659198134,0.2514117671135231,1.8342458118531573,0.0001,1.0316032872964112
1466,1.0326227756107555,0.7450888091603834,0.026522413470440414,0.26101155145354493,1.848623673282337,0.0001,1.0325662094245818
1467,1.0295659945654336,0.7454497058541489,0.02635181748117443,0.25776447452468754,1.857746221472719,0.0001,1.0326571824826287
1468,1.036798025483292,0.745910281583697,0.02656597128746234,0.26432177479592345,1.8124162633327152,0.0001,1.032986022105807
1469,1.0336960292974786,0.745200679582708,0.026416846994937796,0.2620785032412222,1.8242771978552395,0.0001,1.0327490656056706
1470,1.0357724737685785,0.7459445899205082,0.026331409963100967,0.26349647239636453,1.8360678363765228,0.0001,1.0327393557551425
1471,1.0376392623473858,0.7461691583387751,0.02629445290710573,0.2651756521140586,1.8305854405641073,0.0001,1.0332402106593634
1472,1.0301599812072382,0.745706567053379,0.026392507021132154,0.25806090862888836,1.8491448538782147,0.0001,1.0327168997233582
1473,1.0304676612298822,0.7457854319779433,0.026394070766518615,0.25828815751064865,1.8328079647756734,0.0001,1.0323093996086663
1474,1.034060474341588,0.7451065675965671,0.02652123201691355,0.26243267446363433,1.8156719555961192,0.0001,1.0323931436751486
1475,1.0325063643542556,0.7457183900517818,0.026521481558468955,0.26026649182968403,1.829172640494836,0.0001,1.0333289042205889
1476,1.0315002235631188,0.745263705630815,0.02642659241480953,0.2598099239306566,1.8393837167573508,0.0001,1.033216649015825
1477,1.033668557601333,0.7455169493238051,0.026498068660558115,0.2616535405766287,1.8355916960969658,0.0001,1.0336269053194151
1478,1.033642088061172,0.7456362202733332,0.026569560139948167,0.2614363072738505,1.8343193156240436,0.0001,1.033311311577203
1479,1.0295261127711792,0.7457699419035148,0.02667093542961755,0.25708523578564,1.8609189699436057,0.0001,1.0328943199245733
1480,1.0344587348053953,0.7453323622020698,0.026461887311258373,0.26266448570011114,1.8130694020834222,0.0001,1.032762946028255
1481,1.0290836628987388,0.7455571494528053,0.026665311556075214,0.2568612007412901,1.8270061533542965,0.0001,1.03190738608339
1482,1.0332923235322593,0.7453833273168026,0.026660746541516536,0.26124824870672475,1.8301255267725514,0.0001,1.0322206203158921
1483,1.03375289563475,0.7461541465523277,0.02652767270380295,0.2610710755096367,1.8122870859219626,0.0001,1.0325491437563792
1484,1.0262195672273153,0.745840546809152,0.02676669119821359,0.25361232795047955,1.83166322021407,0.0001,1.0317650530449518
1485,1.0271077062972418,0.7456704489357815,0.026529199453202996,0.25490805690326024,1.81083920591985,0.0001,1.0312251872392504
1486,1.0304162623190736,0.745163256570727,0.02675287186736751,0.258500135966537,1.8495160672534068,0.0001,1.031116791114846
1487,1.0355793709203631,0.7451762654960277,0.026578948657362746,0.26382415845959956,1.816946802951743,0.0001,1.031307872446749
1488,1.0302085674558643,0.7456573244282488,0.026678442713213256,0.257872801024701,1.8384370134036392,0.0001,1.030964520386218
1489,1.0367811703053256,0.7458014679245243,0.02644338665821006,0.2645363154052237,1.8453813687299376,0.0001,1.0316900261396325
1490,1.0322465229227866,0.7459244737760532,0.026548905981965288,0.25977314484228226,1.8202254346611533,0.0001,1.0314688049513718
1491,1.0279615647168963,0.7462192407486163,0.02672450851958857,0.25501781623455383,1.8325254680177019,0.0001,1.0313565951331878
1492,1.0375113715748274,0.7451196734852046,0.026540590106352832,0.2658511084215394,1.8290439404048493,0.0001,1.0317784999374446
1493,1.0302862618080744,0.7457394567271033,0.02635063747847056,0.25819616813144625,1.8310854297138857,0.0001,1.031431836554777
1494,1.032853210190005,0.7462752741925857,0.026758575294370826,0.25981936088440144,1.8134160735786082,0.0001,1.0320952008510458
1495,1.0261518550209292,0.7455483401764721,0.02665537245133344,0.2539481432696627,1.832115534352966,0.0001,1.0319996157234146
1496,1.0275271669120867,0.7454765353193148,0.0265903032817415,0.2554603272682513,1.8382732208070116,0.0001,1.031710706182716
1497,1.036353467927743,0.7456811776509391,0.026413635114627243,0.2642586561596176,1.8154851222376795,0.0001,1.0317881158834539
1498,1.031705839276072,0.7450940936622464,0.026464452366316293,0.26014729521594354,1.8480203028382927,0.0001,1.0319378430654746
1499,1.0259335200636672,0.7451892435913395,0.026499098503081842,0.25424518100690646,1.8400823223663392,0.0001,1.0308530780413085
1500,1.0308329158332237,0.7458639685329027,0.026716106803615487,0.2582528422800087,1.8332397596831254,0.0001,1.0307117173323526
1501,1.0334371154255122,0.7448356086293776,0.026396176877901956,0.26220533026133913,1.8218756553851083,0.0001,1.0312592724032141
1502,1.0288331002057445,0.7459096480576553,0.026528862620463962,0.2563945909331101,1.8277245926808634,0.0001,1.0303914452663059
1503,1.033776021753315,0.7447409818428767,0.026504278666591063,0.2625307628155722,1.84296581953099,0.0001,1.03074042126083
1504,1.0343079466606975,0.7455412734594596,0.026741448087092588,0.26202522637228093,1.8330767950228213,0.0001,1.0308858949078992
1505,1.0365778027635075,0.7459930712262709,0.026408781386292247,0.26417595158665463,1.8297703203274802,0.0001,1.0319284896821568
1506,1.0325773612239055,0.7453867336073947,0.026433220257865486,0.26075740838631173,1.8276971273925193,0.0001,1.0324335091133388
1507,1.0331956454029432,0.7449371653928234,0.02647573904381804,0.2617827392585621,1.8323305784809663,0.0001,1.0321177268608588
1508,1.0287286738353134,0.7454006153236297,0.026528498705695656,0.2567995608185416,1.8265846435728712,0.0001,1.0318200103167832
1509,1.0315461416273524,0.7457615467162452,0.026567198925521264,0.2592173981769332,1.8226580919648765,0.0001,1.0323812724731514
1510,1.0226501797082217,0.7456652250057785,0.026729336616717295,0.2502556179799366,1.8356798127988774,0.0001,1.0315629988606514
1511,1.031180404262659,0.7454967108266107,0.026540557462835408,0.2591431369933226,1.8137580859975446,0.0001,1.031337327744366
1512,1.0294723371704984,0.7450072401435573,0.02633696419713947,0.25812813122785117,1.8324644846074722,0.0001,1.0314012514408413
1513,1.0299096911480654,0.7457188012391994,0.026628067962538155,0.2575628215685094,1.860440836716859,0.0001,1.0310146183803162
1514,1.0283967233574656,0.7454234891198953,0.026611300317559233,0.2563619334137343,1.8403404501340452,0.0001,1.0304234960499934
1515,1.0303805582905396,0.7455046963981876,0.026612857050634542,0.25826300416164416,1.8431346479342385,0.0001,1.0298037716026964
1516,1.0282676119591594,0.7455599941539958,0.026655650525741113,0.2560519660552907,1.8352959966079216,0.0001,1.0293727966762218
1517,1.035324816166992,0.7453341326897333,0.026572077559651033,0.2634186042552062,1.8311808329324935,0.0001,1.0295857137526265
1518,1.031329685364969,0.745754858543133,0.026532388120345606,0.25904244039411717,1.8250855309000846,0.0001,1.0298458149055925
1519,1.029463014786432,0.7461258830695316,0.026363539405575148,0.25697359288560934,1.8277781515044083,0.0001,1.0296375022215003
1520,1.0290365834506965,0.7444540413349685,0.026454528737019815,0.25812801375652666,1.8326742811086938,0.0001,1.0302761425957476
1521,1.0336210157034604,0.7457312866592021,0.02647938133495091,0.2614103462735973,1.8337611063982362,0.0001,1.0305202037398278
1522,1.0350855438994588,0.7452710143934641,0.026679486580359284,0.2631350398275238,1.8089265775003491,0.0001,1.0310815244127238
1523,1.0264645547702396,0.7458843556185523,0.026650437960518303,0.25392976276289375,1.8358674489460418,0.0001,1.0307370107749414
1524,1.0265555164151452,0.7450427653581569,0.026545061784632066,0.25496769072931885,1.8366179990961875,0.0001,1.0305528900807093
1525,1.0301059861695792,0.7450136017605934,0.026625593342113688,0.2584667910517592,1.8274873437069008,0.0001,1.0305254328686133
1526,1.0296772585437457,0.7451682031517338,0.026622783581577016,0.25788627199178776,1.8431538258798223,0.0001,1.0306663975270718
1527,1.0273370451424233,0.745517339716093,0.02650466386009665,0.255315040674582,1.8341795418857318,0.0001,1.0298676204246149
1528,1.0304161832492202,0.7457254764758066,0.026581373466197666,0.25810933159192,1.8378122053571937,0.0001,1.02977627021304
1529,1.0327785023569336,0.7459536949229288,0.02652407490457531,0.26030073181960284,1.8206341385115958,0.0001,1.0301078189700905
1530,1.0308174165702495,0.7459208621940071,0.026546224377459977,0.2583503293791601,1.8240194414982205,0.0001,1.0302859022820454
1531,1.0286364951917173,0.7454798733003241,0.02641399757857255,0.25674262447150437,1.827312577810539,0.0001,1.0297874502308713
1532,1.0277955736398214,0.7457869306780988,0.026506641573644796,0.25550200076089913,1.852332454665921,0.0001,1.0290584532049074
1533,1.0281060889333062,0.7452604704164346,0.026798404254487755,0.2560472148517808,1.8246321279185298,0.0001,1.029222606621214
1534,1.0301078177127103,0.7452001011879401,0.02675461696562854,0.25815309815365695,1.8321615730773122,0.0001,1.0295778367509707
1535,1.0357738507205043,0.745104544907506,0.02677779337939094,0.2638915127509748,1.834869202445535,0.0001,1.0301446232060631
1536,1.0321390478896322,0.7445678772597477,0.026680874534359328,0.26089029712319134,1.8220208254595558,0.0001,1.0303908021406518
1537,1.0325225696844214,0.7452991827264519,0.02670502445035242,0.2605183619786711,1.8636218222353087,0.0001,1.0309093545948518
1538,1.0313507519193885,0.7453579619738442,0.02654626330787705,0.2594465248543641,1.823454402281353,0.0001,1.0310028114618683
1539,1.028190903199372,0.7458334429752512,0.026506117584739204,0.25585134146058774,1.830958569025655,0.0001,1.0305440515461122
1540,1.031032883613153,0.7458089328924492,0.026601363389051953,0.2586225874374411,1.8649310057351844,0.0001,1.0305655982504025
1541,1.0291090461351808,0.7453601939441225,0.026399845042044928,0.25734900910611325,1.8404827311362988,0.0001,1.030612853344749
1542,1.0312979628783452,0.7448925004769532,0.026519885653172738,0.25988557652908456,1.8401814355811532,0.0001,1.0309630922686013
1543,1.0315762651861318,0.7449455640862486,0.02655578651002648,0.2600749135659686,1.8331232702030855,0.0001,1.031310109893884
1544,1.0278778707279879,0.7454733283959828,0.02646593680004561,0.2559386068543242,1.8336443066838788,0.0001,1.0310871151954117
1545,1.0315255499756601,0.7448373046414606,0.026726622610498393,0.25996162202851525,1.8301661408697132,0.0001,1.0306622851209273
1546,1.0286227147912883,0.7456461343513783,0.026506020379598434,0.2564705601358752,1.828862272701689,0.0001,1.0303106518110927
1547,1.0341370672773396,0.7453347682711077,0.02649127590728822,0.2623110209907165,1.8392934876571563,0.0001,1.0304721015703848
1548,1.02991464957746,0.7447109313088547,0.02656787766887982,0.2586358409019803,1.8121598891264044,0.0001,1.0303284913361916
1549,1.034698454289117,0.7454318933748086,0.026267342103180488,0.262999220609544,1.8351408755803447,0.0001,1.0309792464451664
1550,1.0276942147928125,0.7450318760852543,0.026508933873979363,0.2561534054380885,1.882458826107621,0.0001,1.0306453795631323
1551,1.0337708712107754,0.7455427999670559,0.026496239656367118,0.2617318315269014,1.8259958879942826,0.0001,1.0311115620706919
1552,1.0278783727127447,0.7450560637226453,0.02662701007076983,0.2561952974533938,1.8249270763648693,0.0001,1.0307696030541318
1553,1.0329956752049754,0.7451331166901888,0.026804042394456225,0.26105851872727787,1.8379346386172466,0.0001,1.0309115440560164
1554,1.033076036048951,0.7453530797126569,0.02646288571928384,0.26126006983114786,1.8367923599711296,0.0001,1.0314313605881125
1555,1.030026775344632,0.7453263131164876,0.026656209576202454,0.2580442534982554,1.830829157790596,0.0001,1.0312814831250097
1556,1.029416918150068,0.7449713603236371,0.026704676494637078,0.2577408794880397,1.8330027878163553,0.0001,1.0313609034608875
1557,1.0351401526352455,0.7458911333799846,0.0265245287703694,0.26272449320518465,1.8292970640422364,0.0001,1.0314612119966782
1558,1.0279613710320261,0.7459395301753077,0.026477254670241784,0.2555445897304141,1.8400155093075055,0.0001,1.0312658841421345
1559,1.0317780553206468,0.7446281578671377,0.026580399238555475,0.26056949823006653,1.8430471173648177,0.0001,1.0309738442452878
1560,1.0355637408415155,0.7457488997712822,0.026797794667025365,0.26301704522441416,1.838657012817584,0.0001,1.031760796850158
1561,1.029705468225189,0.7457316991765407,0.02662117752051982,0.25735258911009007,1.8277124836285263,0.0001,1.0313542565515994
1562,1.0348481660440534,0.7453033546888804,0.026360699661363212,0.2631841123134321,1.8417346170417677,0.0001,1.03205123588473
1563,1.0315171638560343,0.7456127604654788,0.026568783949645007,0.25933561749892353,1.8357987810100067,0.0001,1.031903384749836
1564,1.0286050351831542,0.7448082783884741,0.02665430996529229,0.25714244555991755,1.8324742106830372,0.0001,1.0314562846632565
1565,1.031472251816647,0.7455965806456173,0.02672939948571381,0.2591462722520437,1.832436617441158,0.0001,1.031600832310458
1566,1.030407642858749,0.7453894973043013,0.026537550390371204,0.25848059813372987,1.8379875699598456,0.0001,1.0316999047813262
1567,1.0243285628409704,0.7456569808250025,0.02641648719083465,0.25225509375212884,1.8296097778161688,0.0001,1.0306187458018987
1568,1.0286520193604862,0.7450482446330072,0.02655232726439501,0.25705144661299234,1.8461747220273435,0.0001,1.0306878106347446
1569,1.0315878257064741,0.7453344561023596,0.026480150512942918,0.259773220058387,1.8138970460659591,0.0001,1.0306687876733274
1570,1.0322231395249435,0.7452519214419274,0.0267828601369026,0.26018835963874026,1.8253273320730028,0.0001,1.0303347275416699
1571,1.0348199881598141,0.7457554937618016,0.02638063372753213,0.26268385868315525,1.8143480629272926,0.0001,1.0308461795351325
1572,1.0260954681806584,0.7453131021640848,0.026542275237263338,0.254240090548841,1.8511134284505013,0.0001,1.0299709097487932
1573,1.0257365947804635,0.7453032275000644,0.02656225548796431,0.25387111092345227,1.836704383515441,0.0001,1.0293928528412362
1574,1.0246744540351884,0.745228607562686,0.026495441703719008,0.2529504042020555,1.8522784301281943,0.0001,1.0289997947264395
1575,1.029051679022172,0.745546090554514,0.026791997420134942,0.2567135899140675,1.832658619232642,0.0001,1.028757737446992
1576,1.0279006435711533,0.7456931098237725,0.026428309222022127,0.25577922559080696,1.8467665915556901,0.0001,1.0285070375182326
1577,1.0311028259762887,0.7451801130786145,0.02659940864686792,0.2593233057620801,1.8495831351734804,0.0001,1.0291844638317642
1578,1.0289410876212206,0.74459127951829,0.0265830469905242,0.25776676112751934,1.8473357728722128,0.0001,1.0292133706578377
1579,1.0341747429743258,0.7454587957438301,0.02643413161651116,0.26228181540240625,1.8360485445413337,0.0001,1.0294720623846227
1580,1.0232826879977213,0.7446618989321572,0.02640498047184509,0.2522158082612388,1.8403295172155507,0.0001,1.0285780172319006
1581,1.0236043988086632,0.7447099110175823,0.026335705124582286,0.25255878301409146,1.8240645415400878,0.0001,1.0274564582967853
1582,1.0378251255888484,0.7455836312040596,0.02645633307721987,0.2657851592220109,1.841038131326981,0.0001,1.0286294240376044
1583,1.0329517313481344,0.7457920451918674,0.026647570167061766,0.26051211718311174,1.8350686913329737,0.0001,1.0293509376943717
1584,1.0300800094256295,0.7452811836954546,0.026566301349694055,0.25823252606555125,1.8410218042485855,0.0001,1.0298914932334158
1585,1.0330868516925866,0.7455190317384128,0.026525618822047483,0.2610421989861173,1.8663837479287664,0.0001,1.0302950105004574
1586,1.034781746883663,0.7453522261451272,0.02642009853107692,0.2630094243459116,1.8155427223286813,0.0001,1.0309831208317082
1587,1.029290021795772,0.7456480522184779,0.026391526022982646,0.2572504441134828,1.8342722177989101,0.0001,1.0308018404136565
1588,1.0286132701753845,0.7454921060353216,0.026528136483554184,0.2565930279436508,1.8262498013629875,0.0001,1.0307690586690728
1589,1.0304621705902517,0.7454797323286896,0.026550927945614828,0.2584315131987024,1.8331387398450902,0.0001,1.0303978014306654
1590,1.029833433473328,0.7451877230079372,0.026433286512115663,0.2582124251849632,1.856758213430099,0.0001,1.0310528759782263
1591,1.0337145584833791,0.7452813524745299,0.02668690633096753,0.26174630053930786,1.8181014776713467,0.0001,1.032063891945698
1592,1.0321121632931924,0.7452577590700579,0.026589248775226833,0.2602651547678344,1.820291079807475,0.0001,1.031492595716132
1593,1.024618452267521,0.7448266210227177,0.026518904171415565,0.25327292609861607,1.8345822557716291,0.0001,1.0306592678080708
1594,1.035522024118876,0.7447868363127021,0.02669783054452397,0.2640373560904127,1.8271562313211376,0.0001,1.0312034692773955
1595,1.0338857835253161,0.7454532396962629,0.026549643725459038,0.2618828997786703,1.8282569521097334,0.0001,1.0312833624606683
1596,1.0295021613761328,0.7454613051840064,0.026576246015923986,0.2574646118763857,1.8218491628735833,0.0001,1.0307554039099152
1597,1.026838226806803,0.7459086674222114,0.026410811087664438,0.2545187477075304,1.8464214900927902,0.0001,1.0305102244110185
1598,1.0307078807639303,0.7451847682860028,0.026460615181294223,0.2590624985887724,1.8192423038018402,0.0001,1.030719685469873
1599,1.033452150908735,0.745434213482584,0.0266249844800628,0.2613929560442,1.8288278777991056,0.0001,1.0310186835017214
1600,1.02620902603103,0.7450402776803254,0.026647319658291025,0.2545214295991778,1.8357283092173795,0.0001,1.0306562427574915
1601,1.0248360636268137,0.7442717813333198,0.026630043983459473,0.25393423929991876,1.8311886359421767,0.0001,1.029768393271835
1602,1.029262128151938,0.7449535535266868,0.02645595803947526,0.25785261849753754,1.8420695313091935,0.0001,1.0294833897577096
1603,1.02577972956168,0.7451071392208277,0.026443575748807277,0.25422901682873045,1.837500303076924,0.0001,1.0295995174871257
1604,1.021060272356076,0.7451215577415714,0.02642063436837032,0.24951808461749408,1.8265090382848743,0.0001,1.0281533423108455
1605,1.024673345485517,0.7450015920896317,0.02636385858663439,0.2533078936304572,1.8306301111623675,0.0001,1.0272320985068657
1606,1.0269216296638968,0.745080214122246,0.02641676042916567,0.2554246532233927,1.8466188436105817,0.0001,1.026974045335642
1607,1.0253185727775218,0.7453368908251516,0.026538786491564274,0.2534428948147362,1.8471237527429454,0.0001,1.026822079932714
1608,1.030919056151508,0.7452770453437588,0.026238560434770873,0.2594034486954643,1.8498575573760645,0.0001,1.0268431974714716
1609,1.0283166122968492,0.7456777674914857,0.02618089674936105,0.25645794932547256,1.8264639808004817,0.0001,1.0263296436102831
1610,1.0255135770501762,0.7454315945052714,0.02622851469453885,0.25385346794859875,1.8470337787457944,0.0001,1.026260098712198
1611,1.0330003339185192,0.7449042334034284,0.026377164084335852,0.26171893755665415,1.8284548939362502,0.0001,1.0270765257413683
1612,1.0278504808824396,0.7459333240381361,0.026484655801954908,0.25543250196422573,1.845816534866426,0.0001,1.0269353610144183
1613,1.0257269174283707,0.7449477630503037,0.02629482093253919,0.25448433225917766,1.8435601663396035,0.0001,1.0269300798010872
1614,1.0307715052765234,0.7444965162335254,0.02666818805446973,0.2596068024242384,1.8638959199371492,0.0001,1.0279012030931323
1615,1.028397778105784,0.7444182288574157,0.02663485829776973,0.25734468787515624,1.829345402321032,0.0001,1.028273646355159
1616,1.02876330111138,0.745267264016018,0.0263920652455297,0.25710397167603577,1.8310123979440809,0.0001,1.0284578134999074
1617,1.0244067532537433,0.7445926477652776,0.02649502120685384,0.25331908495649014,1.8344364151751535,0.0001,1.0283666315475295
1618,1.0285141511572786,0.7448850417959278,0.02657550537078424,0.2570536058494334,1.8503354079341308,0.0001,1.0281261410481064
1619,1.0231308209243217,0.7455883376738605,0.02657243833096951,0.25097004619651825,1.841842404969082,0.0001,1.0276075619108538
1620,1.0283747765161928,0.7449615731926041,0.02646055013606321,0.2569526568523648,1.8485913774788258,0.0001,1.0278936818574553
1621,1.03112767796971,0.7447605750865434,0.026469818960580576,0.2598972841946155,1.8457015675415132,0.0001,1.0277064162625744
1622,1.0250535600083837,0.7454321726582355,0.026629331145760497,0.2529920530987197,1.8348599771457077,0.0001,1.027426724175169
1623,1.029227362926785,0.7453519983659168,0.026517671939083817,0.2573576953723029,1.8370391111103082,0.0001,1.0277767687250103
1624,1.0260121362929895,0.7454929990168759,0.026650527427936423,0.2538686111478728,1.8395846741194657,0.0001,1.0273008318266568
1625,1.0241754726028829,0.7451499516775352,0.026508597283044163,0.25251692327959785,1.8388889029350048,0.0001,1.0268786012763669
1626,1.029196775830058,0.7451110679286005,0.026544619283618114,0.25754108777341506,1.8327266819336836,0.0001,1.0269219487482346
1627,1.0313357535530538,0.7450691119410687,0.026488308732456417,0.25977833121712746,1.8342136427548545,0.0001,1.0276148487781656
1628,1.0254424526290042,0.7451173249654789,0.02646021306152034,0.253864912539116,1.8250524103037,0.0001,1.0273076789253381
1629,1.026104933108084,0.7454753981158893,0.026552029603876884,0.25407750538076157,1.8523521684487982,0.0001,1.0276050901437146
1630,1.0199180741097331,0.7444925585092927,0.02637695202237452,0.24904856510445264,1.8497991721480178,0.0001,1.0267594199030683
1631,1.0227658766761996,0.7452210683609845,0.02659482090274896,0.2509499887726128,1.84104370514713,0.0001,1.0259232397737172
1632,1.0218731244727515,0.7447225161304822,0.02654075912723193,0.2506098482478221,1.8372728674697103,0.0001,1.025605196220154
1633,1.0244357535128177,0.7450779532564098,0.02658782213261355,0.2527699799902178,1.8470843832101107,0.0001,1.0251260352787575
1634,1.0230386492930368,0.7454187450495985,0.02638632965861663,0.25123357615654657,1.8506533158961949,0.0001,1.0248286865787621
1635,1.0242417443838372,0.745363190256316,0.026396126099097077,0.2524824291618794,1.8557107025421173,0.0001,1.0248353137568575
1636,1.0253315758995303,0.7450244320333609,0.02630997961481493,0.25399716476518774,1.8326336210688037,0.0001,1.0244487937638047
1637,1.0264531864839441,0.7451245257627166,0.02656124958402003,0.25476741057803615,1.844754651158625,0.0001,1.023960537056894
1638,1.0263822482517235,0.7452796136631685,0.026624849553524118,0.2544777860022462,1.844048576954654,0.0001,1.024054516619166
1639,1.0319508246427618,0.7454566696836306,0.02667724723506409,0.2598169088121844,1.8299205581266547,0.0001,1.0246391057726334
1640,1.0247787563602533,0.7447394035892603,0.026606331248796012,0.25343302326016204,1.8270374398686098,0.0001,1.0251251739976857
1641,1.0280608710120707,0.7451453148472381,0.026711164091470032,0.2562043926249774,1.8387868752585947,0.0001,1.0256546734312728
1642,1.0233960110565712,0.7451616615117442,0.026672209494012365,0.2515621396125451,1.8386904748409805,0.0001,1.0258069620896548
1643,1.0252659306323069,0.7446487640270597,0.026630478504946944,0.2539866879642856,1.8301954438671864,0.0001,1.0258899798016035
1644,1.023623559223469,0.7446221131340244,0.02641751219728172,0.252583932992955,1.8517360534919445,0.0001,1.0259484707946467
1645,1.0236035539460715,0.7447954227668034,0.026300370330501036,0.25250776043316653,1.8407953791395888,0.0001,1.0258846517508702
1646,1.023702560767199,0.7457183221049047,0.026734014795469704,0.2512502215016807,1.85099461596104,0.0001,1.025721750237637
1647,1.0272274985758334,0.7451468266048006,0.02665072860872528,0.25542994362678056,1.8459691979580428,0.0001,1.025799181446826
1648,1.0223191899170014,0.7452053847225878,0.026634570793012576,0.25047923568220576,1.8396150809514353,0.0001,1.025392875613354
1649,1.0178381112719646,0.7447180911203427,0.026847362518310547,0.24627265784488972,1.8362063058249607,0.0001,1.0239816042762742
1650,1.0200230424834555,0.7449056078164138,0.02665529531591079,0.2484621402994554,1.8510530814679593,0.0001,1.0235060328885945
1651,1.0241048291295343,0.7449138062962654,0.02664519033373974,0.2525458347097674,1.833057818741634,0.0001,1.0231104287003407
1652,1.0290330425962715,0.7447435225966494,0.02652822135669948,0.25776129808375126,1.8432291777574024,0.0001,1.0236741318543108
1653,1.0214624028902266,0.7453921176115349,0.026586371309616986,0.24948391333811787,1.8317073680324438,0.0001,1.0232937790801029
1654,1.0256159459117944,0.7456078280299963,0.026575640055519087,0.2534324771877658,1.8437544716782792,0.0001,1.0234930177489354
1655,1.0231000147533222,0.7456550843575421,0.026460515316311294,0.2509844146430885,1.8548070540534556,0.0001,1.0234426638296603
1656,1.0225472088759617,0.7447963533488539,0.026496790243694314,0.2512540690087039,1.8867963100301808,0.0001,1.0233271286405363
1657,1.0201674264536427,0.7454305310520148,0.02641125818295121,0.24832563573762806,1.8501293410152257,0.0001,1.0226211214283174
1658,1.0259628808522563,0.7445118656990253,0.026560675299917225,0.2548903406618454,1.8302616142114325,0.0001,1.022985490521843
1659,1.0226226563869576,0.7452824335794662,0.026623224389964138,0.25071699684580245,1.836073114954192,0.0001,1.0234639450333423
1660,1.0264189336411127,0.745110607534103,0.026643189165219815,0.2546651379392307,1.8476607393299591,0.0001,1.0241035341491078
1661,1.025471631822915,0.7453087378467073,0.026657745272344314,0.2535051499204389,1.834208521107873,0.0001,1.024240214418446
1662,1.03031147493552,0.7452552281093404,0.02672273005239862,0.25833351695513385,1.8301168885724297,0.0001,1.024368057652371
1663,1.0234656041340702,0.7449043939611733,0.026719127175290493,0.251842083662567,1.8497125026420453,0.0001,1.0245683777767554
1664,1.0236683698261486,0.7448178140435209,0.026623960924438726,0.252226596331681,1.8445720295393442,0.0001,1.0243736201681908
1665,1.0188679112382157,0.744942794706952,0.026547675684064204,0.24737743981953325,1.836584380867515,0.0001,1.02395040981668
1666,1.021972857430789,0.7447520654051589,0.02679106091389066,0.2504297319656091,1.8304646892915148,0.0001,1.023892974672163
1667,1.0165579192053231,0.7449984297791069,0.026543503600733757,0.24501598554589685,1.8457210525779646,0.0001,1.0235320239473311
1668,1.0226975142593073,0.7446631668305542,0.02679003929269725,0.2512443094508643,1.83431776783771,0.0001,1.023205487288036
1669,1.0173400936697365,0.7452158979905305,0.026553582951698535,0.24557061264438754,1.8403749299097738,0.0001,1.022677231016314
1670,1.0214783117688935,0.7450713382289569,0.02675439063724108,0.24965258062067186,1.8264135734062892,0.0001,1.0221831688290919
1671,1.0204575338663484,0.7454179769597238,0.026401427406326512,0.2486381301652587,1.844530090115375,0.0001,1.0216817590334353
1672,1.023167413581941,0.745171443081289,0.02671826683725353,0.25127770165340413,1.834418154875115,0.0001,1.0209673528980772
1673,1.0224581320919324,0.7443540616161199,0.026602812519421683,0.25150125717052824,1.8360858019176893,0.0001,1.0208666056938636
1674,1.0207731741920687,0.7450104217983888,0.02655656270032964,0.24920618911150985,1.8382208045065767,0.0001,1.0205770861304555
1675,1.0194130306553406,0.7454708496648932,0.026773450582554568,0.24716872904018988,1.8474646393232366,0.0001,1.020631598072168
1676,1.0201206212111467,0.7452942576659862,0.026618779310106505,0.24820758357764983,1.8447045607692572,0.0001,1.0204463744502037
1677,1.0239427546700406,0.7454108177527453,0.02666856913731016,0.25186336914013174,1.8423300205331303,0.0001,1.0211848579966756
1678,1.021812937443445,0.7448252150543321,0.02686101572992352,0.2501267076717429,1.8655425919480546,0.0001,1.021096400315089
1679,1.025450590295192,0.7453252940342344,0.02667350580435979,0.25345179088400493,1.8501318323201146,0.0001,1.0219074499776348
1680,1.0249347761726766,0.7451333930719697,0.026641046541457727,0.25316033842567254,1.8249642275893423,0.0001,1.0222530964180132
1681,1.019169698985063,0.7451181756313626,0.02657921536699028,0.24747230887836183,1.8482068566715015,0.0001,1.0221243129298847
1682,1.0159411935728897,0.7450740420794149,0.0267059048581075,0.24416124678649476,1.8444491588561578,0.0001,1.0214016909289796
1683,1.027478663843979,0.7448145123330865,0.02671759462259846,0.25594655438713565,1.8289235890757964,0.0001,1.021903744104184
1684,1.0259875554825664,0.744913935540414,0.026587339492163357,0.25448628073713114,1.8392703129360206,0.0001,1.0224251822332338
1685,1.0204731709575072,0.744864058059321,0.026534217124536602,0.24907489403568464,1.835235099763464,0.0001,1.0225311962634505
1686,1.0202574379303877,0.7453625493552574,0.026735898930934573,0.24815899228136873,1.8475278722345225,0.0001,1.0225448779353747
1687,1.0211806222343058,0.7447088105683395,0.026655369549687447,0.24981644213894802,1.8511119445003796,0.0001,1.0222686646918013
1688,1.0198864953754883,0.7444387205232229,0.026693050324554133,0.24875472707420768,1.8541207117676493,0.0001,1.0220760204850055
1689,1.0253186732470143,0.7454910915473412,0.02672025712460098,0.2531073241821409,1.8504884441290617,0.0001,1.0220628287801876
1690,1.0219839484889899,0.7455309722534783,0.02670779721490268,0.24974517993492965,1.8556785590750209,0.0001,1.021767746011819
1691,1.0223075434353965,0.7447255959859,0.026766674513749127,0.250815270986204,1.8498428349079032,0.0001,1.0220815304568522
1692,1.0169982994787592,0.7450666142283782,0.026622132645659224,0.24530955459960335,1.8565314103817117,0.0001,1.0221872410474393
1693,1.0218986640353716,0.7445098634423881,0.026602836458001128,0.2507859631450979,1.853958212821527,0.0001,1.0216292410665786
1694,1.0221508990436732,0.7451876624360771,0.02655104207702389,0.25041219433788475,1.827042348486415,0.0001,1.0212455754226892
1695,1.0184806616746387,0.7446593506824656,0.026460769693943356,0.24736054032345814,1.8548892088400666,0.0001,1.0210463244944026
1696,1.0193399705944874,0.7453209825509943,0.026722912130684687,0.24729607555765892,1.8402773705263893,0.0001,1.0209545777608127
1697,1.0151228896260986,0.7447915164258853,0.02660609911711656,0.24372527390930038,1.8644160003255879,0.0001,1.0203488044999918
1698,1.0173244789454323,0.7447915114689067,0.026721626459705904,0.24581134338951982,1.8551956997923629,0.0001,1.0200926028569863
1699,1.029211231588592,0.7450868436579289,0.026783865315435383,0.25734052130041934,1.8396650707504087,0.0001,1.020481858691144
1700,1.0215849465337292,0.7449370174088777,0.026697534818436505,0.24995039584791442,1.8506394941473103,0.0001,1.020441958495618
1701,1.022548222154923,0.7457409827510919,0.026844446847695123,0.24996279296417992,1.848054836536276,0.0001,1.0204660263675704
1702,1.0215838413693117,0.7446784306974972,0.026612613554174953,0.2502927968682793,1.8407811262544707,0.0001,1.0209245805566258
1703,1.0205657208908885,0.7446602119877179,0.026468308653841154,0.24943720109564296,1.8549843272137594,0.0001,1.0207912862421773
1704,1.0211987144806807,0.7453119347351802,0.026724042805406675,0.24916273813400017,1.8401532934838811,0.0001,1.020696067785878
1705,1.0224383883253798,0.7447424761905631,0.026729730031553194,0.25096618507291674,1.8506771212417261,0.0001,1.0210918404509521
1706,1.0240365572681775,0.7449132663483068,0.026538573704191444,0.25258471785324793,1.8464267539204255,0.0001,1.0215614991183215
1707,1.0200478854092332,0.7450228806199699,0.02673484128097008,0.24829016330427137,1.841010849567746,0.0001,1.0220539986966348
1708,1.0186047873197173,0.7450702343944604,0.026620244641333033,0.24691430927380828,1.846304273750429,0.0001,1.0221820295340633
1709,1.0195200292140427,0.7449777064652279,0.026684788613000218,0.2478575347932188,1.8513692585981885,0.0001,1.0212129092966085
1710,1.0181327616950804,0.7450200247958031,0.026445759721024767,0.24666697470731958,1.8474875040518586,0.0001,1.0208676908127434
1711,1.0138774661698642,0.7447421949727057,0.026658570548825526,0.2424767003309654,1.8728312309566908,0.0001,1.0200006152142376
1712,1.013291833004168,0.7454048351632171,0.02682523867663215,0.24106176022976697,1.8466569136896192,0.0001,1.019171414377723
1713,1.021555984963268,0.7450448165800702,0.02676257134451102,0.2497485969102286,1.851817478756392,0.0001,1.019270440784961
1714,1.018866136881691,0.7452478353198595,0.02663468589163697,0.24698361675075536,1.8625538484561757,0.0001,1.0190371830250622
1715,1.022426124397688,0.7449160891662505,0.026538652774044755,0.2509713843540415,1.8441968795977548,0.0001,1.019035956632293
1716,1.0189172936259612,0.7454897931816612,0.026666729251946686,0.2467607719328776,1.8443155218573177,0.0001,1.0185240302680714
1717,1.0255949401710387,0.7454311341107738,0.02668000404056139,0.2534838041657125,1.8488984303832297,0.0001,1.0190787357442521
1718,1.0190413485434187,0.7441494328255102,0.026683701462968126,0.2482082143985113,1.8574196504047387,0.0001,1.0191223918666217
1719,1.0240157933312546,0.744623267505522,0.026634460288661004,0.252758063338168,1.8392745469211322,0.0001,1.0195719682783433
1720,1.0217297326236903,0.7449157524544133,0.02668360038896603,0.25013037751339995,1.8341230069406134,0.0001,1.0199316653712043
1721,1.0184205308647234,0.7449934377389795,0.026525161570999732,0.24690193130538382,1.8435606576849917,0.0001,1.0203859718406902
1722,1.0195465531600658,0.7451927759826305,0.026720681732131307,0.2476330977424405,1.8405870970557718,0.0001,1.0210114438562798
1723,1.017597067065945,0.7453622711599478,0.026635374065345007,0.24559942474229823,1.8473212803594965,0.0001,1.0206155520665476
1724,1.0155015332703659,0.7446712930110598,0.026644477496040764,0.24418575987673194,1.8394416720581828,0.0001,1.020279091705415
1725,1.0172360272243106,0.7455476488593142,0.02664593944201363,0.24504243674674817,1.8552463920314703,0.0001,1.0197600819880774
1726,1.0232380402499233,0.7450668589338569,0.02668958455021918,0.2514815965164868,1.8247943947329723,0.0001,1.0201921566504735
1727,1.0183275998485015,0.7447123291768118,0.026771242671757633,0.24684402957921336,1.8439914445122647,0.0001,1.0194654226182198
1728,1.019321471634066,0.7451923406148295,0.02679149809522029,0.24733763314315077,1.8533297777175903,0.0001,1.0194934349272846
1729,1.0207288496150932,0.7449000585393538,0.026629840868239954,0.24919895118227112,1.8481281059992483,0.0001,1.0191647405556687
1730,1.0179941098056506,0.744400509472551,0.02665748291518577,0.2469361172441174,1.8603059017150445,0.0001,1.0187911782738646
1731,1.0226646153970373,0.7449283601062535,0.026550399362436413,0.2511858578023272,1.8450688856368616,0.0001,1.0192155867270958
1732,1.0184715185881144,0.7451563536758113,0.026549039941288637,0.24676612404158102,1.833160354206093,0.0001,1.0191080832699009
1733,1.0212904593282006,0.7450066576381242,0.026451839152988023,0.24983196385945317,1.8407012030754322,0.0001,1.0194774224961265
1734,1.0218946132166633,0.7442675211124923,0.026574308683615912,0.25105278279337634,1.8557185870396922,0.0001,1.0201167304907561
1735,1.0200000434328045,0.745151883569257,0.02677384303017514,0.24807431619108086,1.8536221265309238,0.0001,1.0203931321116055
1736,1.01868465210313,0.7446905829118183,0.026797570998480062,0.24719649681757236,1.840731430247154,0.0001,1.019937793296926
1737,1.0231067315801887,0.7454423934644424,0.026562652529857705,0.25110168514761916,1.8622792352285638,0.0001,1.0204157064700947
1738,1.0218056905825772,0.7443554348200861,0.026537631878262843,0.25091262398246095,1.8377288207562894,0.0001,1.0206641283649458
1739,1.0115168580660714,0.7451302545791224,0.026732614993081858,0.2396539862345126,1.886528591597056,0.0001,1.0197429292100437
1740,1.019297398128084,0.7448361745712482,0.026538335769220007,0.2479228876667139,1.8543846861102276,0.0001,1.0198732580422871
1741,1.0147343128012838,0.745568170266993,0.026539538501484158,0.2426266023930744,1.8521970070399811,0.0001,1.0190802277827118
1742,1.0226001762473318,0.7448506439916986,0.02661231081577634,0.2511372222030501,1.8728436166326123,0.0001,1.0194930935486335
1743,1.021776458675431,0.7450138911997812,0.02661615332048273,0.25014641528106607,1.83901646291992,0.0001,1.0195416934833565
1744,1.0232861925815713,0.7449527039489204,0.026645682162735572,0.25168780804164026,1.8347345455181285,0.0001,1.0196808514198472
1745,1.0192883410028222,0.7450246965667539,0.02695291907985602,0.24731072535621226,1.8522180887071404,0.0001,1.0196096811768491
1746,1.0192727446556091,0.7449019006009517,0.026591835109022036,0.24777900583241097,1.8562602670390997,0.0001,1.019668490432097
1747,1.0210961734547335,0.7448803573302758,0.02667956879366242,0.2495362495599243,1.8303305512751333,0.0001,1.0194674346195516
1748,1.0236251355426549,0.7451437517063613,0.026656213928671443,0.25182517233132773,1.8779278814671732,0.0001,1.0196493791155592
1749,1.0153019197330513,0.7448891741025279,0.026754096845584274,0.24365864855824812,1.8468624571032264,0.0001,1.0200278852822575
1750,1.0194045693347227,0.7450057049310231,0.026669501774693117,0.24772936066435028,1.857756382795183,0.0001,1.0200386024029213
1751,1.0221893226399141,0.744398454865384,0.026710383548697883,0.2510804808179094,1.8410343964249802,0.0001,1.0207841033867842
1752,1.0204758974166235,0.7447965388123936,0.026694981128158723,0.2489843780579117,1.8278576582972466,0.0001,1.0205716755037133
1753,1.0166053762300502,0.7447709655181389,0.026705106663655557,0.24512930292235668,1.856733246458955,0.0001,1.0200545672591752
1754,1.0174081107907555,0.7449069649404251,0.02677166631207263,0.24572947920577762,1.8586387532719735,0.0001,1.0194667590800939
1755,1.0208465521040602,0.744826415368558,0.026718749719507554,0.2493013888446361,1.84736972575739,0.0001,1.0196225801902175
1756,1.0159759727017632,0.7444939753588509,0.0265691942907492,0.24491280211139524,1.8498261523778734,0.0001,1.0192929029948332
1757,1.0154164976328914,0.7444559616201064,0.026697265690770643,0.2442632711003204,1.8441316868664044,0.0001,1.0187249354126489
1758,1.019314266726163,0.7444886607524106,0.026621710456167225,0.24820389512087582,1.8342090893468799,0.0001,1.0182938485309996
1759,1.0197244991395342,0.744818078456012,0.02673000713874554,0.2481764107489199,1.8404969806361633,0.0001,1.0187361064716476
1760,1.0200912632033017,0.7444633142701511,0.026837683110885156,0.24879026774536162,1.8416158512204461,0.0001,1.0188047758585057
1761,1.0195466300536846,0.7444867714181633,0.02663516248699134,0.24842469607296627,1.850494833069931,0.0001,1.0185405065998827
1762,1.0200953899484135,0.7447770599419399,0.026734604555017808,0.24858372539100493,1.8378788854239194,0.0001,1.0185024558530618
1763,1.0215161413740192,0.7447156858976183,0.026675716374998885,0.2501247398419264,1.8440770764379908,0.0001,1.0189935323674586
1764,1.0216732577668242,0.7446485137600928,0.02651446586206525,0.2505102786736121,1.8457980608117992,0.0001,1.0194200470650656
1765,1.0192767280110482,0.7448002997083064,0.026766697243309406,0.2477097310518759,1.8458830618713256,0.0001,1.0192630646557643
1766,1.0240925566178065,0.7450114297576657,0.02692546467268443,0.25215566508154597,1.855932269812114,0.0001,1.0200747230473688
1767,1.0223520968797,0.7451559417629823,0.026616535370538492,0.25057961749438096,1.8568824851246926,0.0001,1.0207682829720492
1768,1.0208956826531137,0.7446473723251003,0.026673016151598453,0.24957529286160673,1.847488435722026,0.0001,1.020926424564745
1769,1.0176778629150158,0.7444438762645451,0.026553530238462995,0.2466804586335805,1.8555233016700823,0.0001,1.020721760942293
1770,1.011925042642783,0.7453372108525244,0.02669706305915879,0.23989076882177626,1.8443241327336062,0.0001,1.0199051388862408
1771,1.0221723060578893,0.7443378155420083,0.026674049137572004,0.2511604418014658,1.8346526395476614,0.0001,1.0201677064866614
1772,1.0184240430653941,0.7450769801168848,0.026732202233939337,0.24661486053321716,1.8508226980302203,0.0001,1.0200005717983596
1773,1.0198978588257068,0.7444247614297616,0.02653962700168695,0.24893346958572676,1.8356985044769534,0.0001,1.0198387435435283
1774,1.0185646463117541,0.7456363464949339,0.026593269972965634,0.246335029647389,1.8506588943106166,0.0001,1.0195278823980212
1775,1.0171404061404494,0.7450233487521901,0.026638449326490052,0.24547860652782613,1.841398804956711,0.0001,1.0193142502109613
1776,1.0194754940259287,0.7449953375916936,0.026396283513392203,0.24808387310219585,1.8487823836460076,0.0001,1.0188525439517735
1777,1.0166934004419956,0.7443098709984677,0.026644580262669686,0.24573894856879241,1.8553446316090365,0.0001,1.0182866743080032
1778,1.0172928260983125,0.7445570390074538,0.02657566036704104,0.24616012840133167,1.848094792685209,0.0001,1.017926388652523
1779,1.021321817900056,0.7452912011446382,0.026516502575748592,0.2495141148144043,1.8471658812575118,0.0001,1.018290784151027
1780,1.0217968173491303,0.7448160728141212,0.026719899013124663,0.2502608452611896,1.8388904998075164,0.0001,1.0192779616216616
1781,1.0203854493630584,0.7445362583860664,0.026617070724224222,0.24923212094795388,1.844690488511602,0.0001,1.0190992759521786
1782,1.0136004850782196,0.744347884858114,0.02679512466910403,0.24245747421352423,1.8508057466143284,0.0001,1.0186169201534612
1783,1.0215906596328859,0.7446642320973395,0.026646974604221677,0.25027945206989866,1.8412755928465125,0.0001,1.0187862002341792
1784,1.017585741578928,0.7446459837665906,0.02664349794871425,0.2462962600525325,1.8358045262690732,0.0001,1.0186883097608965
1785,1.0219429146203742,0.7450004484784047,0.02667189103836462,0.25027057316917434,1.869299677516094,0.0001,1.019168560608889
1786,1.0188518407136866,0.7451124106652838,0.02656544463871459,0.24717398548903016,1.8266318625417248,0.0001,1.0191061952776646
1787,1.0139194786185908,0.7447892289616274,0.026568011386399335,0.24256223733357435,1.8450765138223737,0.0001,1.0188288030953243
1788,1.0125943000369817,0.744452211726268,0.026548900662280966,0.2415931883814006,1.8567259679217851,0.0001,1.0183589504891912
1789,1.016095118276004,0.7452560695866784,0.026483793771291116,0.2443552552429585,1.843418274157913,0.0001,1.017836280526786
1790,1.0232464272158626,0.7449054381910251,0.026603505529206376,0.2517374820523644,1.860878925052666,0.0001,1.0179812415134593
1791,1.0196270756499037,0.7450347201819352,0.026717372646679984,0.24787498359203822,1.8546503874157796,0.0001,1.0179054041421438
1792,1.0206868729533336,0.7446056992480528,0.026782204364908153,0.2492989716828474,1.8469112603707922,0.0001,1.0186140429296553
1793,1.0164109855346215,0.745003767719617,0.026562427410489406,0.2448447890368122,1.8460176315075485,0.0001,1.0180960755198287
1794,1.0186078440828692,0.7451425874209066,0.026619983734997483,0.24684527572660006,1.836067230416118,0.0001,1.0181982857702228
1795,1.015525739284848,0.7456321793685821,0.026637033081441573,0.24325652675926082,1.8524380600718406,0.0001,1.01755656823667
1796,1.0195384451148477,0.7445949129835829,0.0266912358285931,0.2482522952750053,1.8478771714119593,0.0001,1.0176252286767862
1797,1.0141837270458136,0.7448662815664652,0.026635700742323066,0.2426817438302611,1.8480364908794844,0.0001,1.0176516535195086
1798,1.0157618739058474,0.7444313802051737,0.026744755963524748,0.24458573898394984,1.8447394443573866,0.0001,1.017968410906395
1799,1.0204561033548738,0.7454176672090139,0.026620961831501,0.2484174742539079,1.8587747640590397,0.0001,1.0184045094142822
1800,1.01181733366442,0.7441881095903641,0.026540107707706474,0.24108911788517998,1.8320416710197804,0.0001,1.017261600059138
1801,1.013037642407369,0.7450773232365235,0.02678351469987788,0.24117680292946814,1.831180246558199,0.0001,1.0166026567348845
1802,1.017477202971615,0.7448281034011145,0.02710846084610202,0.24554063861860947,1.8364765600548796,0.0001,1.0162816897367126
1803,1.0153510900588354,0.744923637193792,0.026448087324718917,0.24397936711204946,1.8708623476009099,0.0001,1.0161757001891343
1804,1.0147242831410066,0.7448011813250807,0.026671816320980295,0.2432512874218199,1.8380581943306913,0.0001,1.0157873440949476
1805,1.0142783925209278,0.7448714194143036,0.026799395166594405,0.24260757846897563,1.8371839965816443,0.0001,1.015662609418556
1806,1.0206159657929055,0.744645441037888,0.02683709407674855,0.24913343110898203,1.8475980236370713,0.0001,1.0157703614863614
1807,1.0094380546776809,0.7447434149939438,0.026628813443754555,0.2380658278268201,1.8480996514914243,0.0001,1.0152957942495484
1808,1.0093313182343333,0.7446605951258909,0.02688296039496184,0.23778776217697842,1.8514939599781925,0.0001,1.0146527386823965
1809,1.0131493556572022,0.7445735357112382,0.02672225418245575,0.24185356535546437,1.8710496178988754,0.0001,1.0139220639126294
1810,1.013741718344466,0.7448388547249305,0.02640504817691826,0.24249781370465218,1.8434435247649528,0.0001,1.0141145023806342
1811,1.0109521917107138,0.7447661229127802,0.026547360613670117,0.2396387081615944,1.8589918427244887,0.0001,1.0139059573109688
1812,1.017187941872324,0.744990799900968,0.02675019654976185,0.24544694443926607,1.833281547012484,0.0001,1.0138770312010394
1813,1.0186173076803737,0.7450147167180663,0.026794313900852785,0.24680827670630529,1.8438190096048506,0.0001,1.0142036529631935
1814,1.0189849951929786,0.7447387304073898,0.026650116119616898,0.24759614720759238,1.8474901252054057,0.0001,1.0146297241683906
1815,1.0178504948925537,0.7446305130364687,0.02670592323519879,0.24651405827329317,1.8563387826780278,0.0001,1.014986934405553
1816,1.0110459758108576,0.7449534034874086,0.026564216275244166,0.23952835425356703,1.8529999152158385,0.0001,1.0140299354073483
1817,1.0207967183894608,0.745408321249074,0.026702626239939103,0.2486857695931958,1.8482498232781523,0.0001,1.0151658017785263
1818,1.0221964806378734,0.7454170272751706,0.02646671153952577,0.25031274042524865,1.8413604768729839,0.0001,1.0164523180188803
1819,1.016271682830176,0.7452257412200526,0.026738589482181697,0.24430735221861827,1.8657771024936112,0.0001,1.0167645507361778
1820,1.0143857756686259,0.7447678248490571,0.026592321376529716,0.24302562928435525,1.8415255099232735,0.0001,1.0168289564685937
1821,1.0191715010281266,0.7449603298372961,0.026723292004505954,0.24748788022154727,1.8332516806120804,0.0001,1.017650887400335
1822,1.0146751096717725,0.744656432352008,0.02676562774495711,0.24325305095762317,1.8460167803580572,0.0001,1.01739960418028
1823,1.0198576759856806,0.744605750873171,0.026843110881519125,0.24840881098175147,1.821569882831999,0.0001,1.0175236410108106
1824,1.0186871941868239,0.7449007909631632,0.026773026942239573,0.24701337693882522,1.850448612025495,0.0001,1.0174938609101951
1825,1.0147367908069618,0.7452788997373523,0.026650831858961867,0.24280706140659958,1.850090937246899,0.0001,1.017182490501636
1826,1.015631598705694,0.7443263794297379,0.026719818492448356,0.24458540046991853,1.833080618425025,0.0001,1.0176410527911197
1827,1.010386586068368,0.7445350083811529,0.026678435459098274,0.23917314196364392,1.8499852769515093,0.0001,1.0166000395590102
1828,1.0142055066797362,0.7448767348670573,0.02654255766414,0.24278621103531448,1.8624740481134845,0.0001,1.0158009421631966
1829,1.0124830836940246,0.7450024994585142,0.026676107855404124,0.24080447522020365,1.8709763535137833,0.0001,1.0154220822495816
1830,1.0139957850168007,0.7444913838262732,0.026643933679220886,0.24286046609070916,1.8564568015673097,0.0001,1.0153830831843993
1831,1.0218298911564732,0.7445573836988174,0.026591000885799014,0.2506815073274937,1.8424768184309799,0.0001,1.0156489221972336
1832,1.0159844424855153,0.7449451055052798,0.026516685137642326,0.24452265099627976,1.8377858371328388,0.0001,1.015779855478608
1833,1.0181328294001535,0.7449807881341745,0.026767802286825123,0.24638423958366348,1.8679384300239672,0.0001,1.015607370820055
1834,1.0145467254984935,0.7448382792318085,0.02673837427677054,0.2429700728060024,1.8416273066770232,0.0001,1.015193323951222
1835,1.0158356081157862,0.7453143800973409,0.02675768400544327,0.2437635441112349,1.8384415740657287,0.0001,1.0153032056821047
1836,1.0149783074976706,0.7452694843797123,0.026591374230916794,0.24311744836187388,1.8446843887681168,0.0001,1.0152378765613022
1837,1.0147422303050817,0.7450585050950428,0.02691612886850539,0.2427675951476271,1.8454964779937002,0.0001,1.0156734409849737
1838,1.0184710077775176,0.7448455357648296,0.026843989596647376,0.2467814835268271,1.8446054352224477,0.0001,1.0160999910947517
1839,1.0120502178373976,0.7447946822425656,0.02670582264480436,0.24054971320316587,1.8589706181512644,0.0001,1.016056704509089
1840,1.0183783907435728,0.744491979872721,0.02673491575655057,0.24715149338389264,1.838142100502463,0.0001,1.0164949650817663
1841,1.0152990774498991,0.7451062031981911,0.026617029859376487,0.24357584449056438,1.8429021172784648,0.0001,1.015841883711109
1842,1.0163036600571376,0.7449288044207962,0.026659016435093136,0.24471584068229668,1.8559578446780933,0.0001,1.0158738054682712
1843,1.0165670215479017,0.7450288597033425,0.026532950556060607,0.24500521084267277,1.8951792267224852,0.0001,1.0157172246830457
1844,1.0198650356480365,0.7450962482552983,0.026504459294054136,0.24826432584688582,1.8443805922359289,0.0001,1.0162490556980002
1845,1.013433438164709,0.7440628935309017,0.026613308740194137,0.242757236687032,1.8534579093267662,0.0001,1.0160088387028925
1846,1.0210539462842032,0.74475013810771,0.026505049537209904,0.2497987586392834,1.869049972984902,0.0001,1.0166164025815456
1847,1.0121952232434348,0.7444710515091917,0.026538930123040934,0.2411852409764671,1.8647510669294283,0.0001,1.016361701875381
1848,1.0096114937964125,0.744546855559939,0.02654421934007873,0.23852041696952034,1.863959299139754,0.0001,1.0154757504772705
1849,1.0192363664779895,0.7443391773811944,0.026807223082072354,0.24808996570491162,1.8552548222802958,0.0001,1.0161943653413297
1850,1.013556318157343,0.7451297921292922,0.026701018728058915,0.24172550796117429,1.8298971186303221,0.0001,1.0157121580827069
1851,1.0116649552968162,0.744459656382671,0.02660537443102978,0.24059992632686972,1.8469204269122883,0.0001,1.0153487458673984
1852,1.0174284179602384,0.7451887981886796,0.026547957143725535,0.24569166144903967,1.845389038263905,0.0001,1.0154612216577084
1853,1.0150866903833153,0.7450231730817056,0.026541729969620464,0.24352178889615783,1.8460923271295264,0.0001,1.0153131885412496
1854,1.0165469453010791,0.7449345022863113,0.026575697604831285,0.24503674471475048,1.8417088446220569,0.0001,1.014981379506554
1855,1.0205224277281617,0.7450064033813941,0.02660779488739571,0.24890823213054852,1.831635732921577,0.0001,1.0156902784628996
1856,1.0163136009754081,0.7454595483582596,0.026538901590188665,0.2443151508644979,1.862392055819049,0.0001,1.0152162439320198
1857,1.0186643271610654,0.7442738165961802,0.02648243096488968,0.2479080813743257,1.8421087199727613,0.0001,1.015863154323783
1858,1.018116513686538,0.7443351109661389,0.026558357126572552,0.24722304424879274,1.84976682798374,0.0001,1.0167136563127954
1859,1.0228390265671767,0.7455383571843347,0.026527612978256256,0.250773056737066,1.8713101225982574,0.0001,1.0170739223217142
1860,1.0117843981688694,0.744143421219522,0.026537156491927637,0.24110382120550042,1.8523129379531675,0.0001,1.0168967303228666
1861,1.0127243940051622,0.7444187640901995,0.026474121376176878,0.24183150971002318,1.8536352044912188,0.0001,1.0170026741937015
1862,1.0087781877353275,0.7450738153883216,0.026656476044026156,0.23704789620474676,1.8594165617263825,0.0001,1.0161376511712104
1863,1.0195697410595104,0.7444457519368758,0.026470176346645394,0.24865381346361873,1.8566528278238632,0.0001,1.01658595623883
1864,1.0145521153059258,0.7447246147459468,0.026647069633127952,0.24318043066615627,1.8451558078278392,0.0001,1.0163864732393144
1865,1.0150302553031798,0.7445818108429048,0.026463116641944128,0.24398532591412567,1.8542081739065854,0.0001,1.0158372559968165
1866,1.013248592191971,0.7449820724752322,0.026413721438595536,0.2418527984897215,1.8468991336667755,0.0001,1.0155307551184727
1867,1.014982984346502,0.7450296086907146,0.02646595420992157,0.24348742147609137,1.8691348243678558,0.0001,1.0151626208370164
1868,1.0139495718309894,0.7449148061551139,0.026501464311781568,0.24253330066135156,1.862416366292787,0.0001,1.0147459266514613
1869,1.016906871515162,0.7454410308998448,0.026480845698962106,0.24498499413049246,1.860128021143513,0.0001,1.01415271114626
1870,1.010688974455936,0.7444965138154871,0.026745163886590612,0.23944729616446137,1.8731333486448678,0.0001,1.0140431687749667
1871,1.0160645034927385,0.7443144373429474,0.026687112347833043,0.24506295105899564,1.8548917613213252,0.0001,1.0143771797237244
1872,1.016497933961315,0.7441261089114098,0.02665389551352294,0.24571792778330448,1.8436890078848323,0.0001,1.015149154346323
1873,1.013583562557886,0.7453910637095299,0.026688906048664456,0.24150359275435337,1.8541511918661802,0.0001,1.0145505364961607
1874,1.0211040660527366,0.744997416016538,0.02666714999061569,0.2494395008314454,1.844311238786028,0.0001,1.0152057315708416
1875,1.0132918571845513,0.7446396341188443,0.026839352766350365,0.24181286938503596,1.8490209777746915,0.0001,1.0150318917589787
1876,1.015501349499453,0.7450576466914365,0.02683318483418432,0.24361051863879268,1.857103252991218,0.0001,1.015257167489727
1877,1.0106237661282382,0.7449839483893668,0.02667420099037898,0.23896561683161263,1.8404650040137116,0.0001,1.0148212456679007
1878,1.0136259556058453,0.7446286888683543,0.026678688627711174,0.24231857635670212,1.8525862539032167,0.0001,1.0147888840453863
1879,1.0158245755741127,0.7449300396756758,0.026500283583666198,0.24439425323098052,1.8479817537458625,0.0001,1.0146806544512812
1880,1.012053052261925,0.7449231076433983,0.02662023738721805,0.24050970655123555,1.8518389852728854,0.0001,1.0148170622318802
1881,1.0184431015598847,0.7448855453524096,0.026611591449373875,0.24694596625426235,1.8917983475369808,0.0001,1.0150549220385947
1882,1.0137114280619437,0.7448082731896917,0.026474479487653194,0.24242867542238072,1.8539575843733658,0.0001,1.0147762714486577
1883,1.0199223444863217,0.7449039878516361,0.026617100466095653,0.24840125588144782,1.876460392141439,0.0001,1.0154101496415011
1884,1.0148511902555732,0.7446300545764017,0.026444984497936936,0.24377615047849216,1.855349212824452,0.0001,1.0147848620617848
1885,1.012993332701329,0.7448726906979544,0.026563350617522883,0.2415572916125429,1.8473783949084022,0.0001,1.0147550096134625
1886,1.019265375200198,0.7446499147714998,0.026453816382928503,0.24816164485430137,1.841585280445478,0.0001,1.015131412183537
1887,1.022306803757472,0.7447701769958404,0.026437680813168416,0.25109894878965844,1.83500677963783,0.0001,1.0162997159464606
1888,1.0124544184541606,0.7444472358869975,0.026509011009402013,0.24149817071900406,1.900931597239589,0.0001,1.0161825622312919
1889,1.018205770251717,0.7448944640449772,0.026503592185509857,0.24680771421013933,1.8584197401758624,0.0001,1.0164206816990524
1890,1.017708498856117,0.7450650976347392,0.026569364762451295,0.24607403685941415,1.8432965754979038,0.0001,1.0169862263584717
1891,1.0178019907363287,0.7444078421737794,0.026837204339296292,0.24655694590076713,1.8661925004413598,0.0001,1.0169221152761163
1892,1.0168704136631794,0.7442951650938688,0.02663963368166291,0.24593561498210226,1.8403255958827949,0.0001,1.0172380138362396
1893,1.015202137567934,0.7445786093601591,0.02644371865487244,0.24417980966624817,1.8516267835489393,0.0001,1.016765993144401
1894,1.0175448315138749,0.7449041397044431,0.026649087244308502,0.245991604232643,1.8499975521230794,0.0001,1.017035357270231
1895,1.0118849762313022,0.7442933906164421,0.026617465831686952,0.24097411680218536,1.852011687131731,0.0001,1.0169245216232283
1896,1.0121690166649422,0.7442930389127673,0.02656114367394128,0.24131483391199343,1.8372012263137476,0.0001,1.0162148857697029
1897,1.014894999911287,0.7442817009728531,0.02636525911443374,0.24424803808603518,1.8578694432550704,0.0001,1.0154737053850844
1898,1.0119905167128929,0.7445274528576926,0.026445188096764122,0.2410178757584361,1.8650736992547767,0.0001,1.0154273152109574
1899,1.0111350646850787,0.7444390271304829,0.026373442965153506,0.2403225948463589,1.8828586071548308,0.0001,1.0147202446542933
1900,1.0146182433345012,0.7444427238274781,0.026336264658651295,0.2438392544252152,1.8469509858388689,0.0001,1.0144112191021322
1901,1.0148636586284057,0.7443216024741198,0.02647955204845684,0.24406250733995535,1.8491208316346452,0.0001,1.0141173858913397
1902,1.0190147379107215,0.7443197170087339,0.02638238148563532,0.2483126424313438,1.8512152580895724,0.0001,1.0143318183160939
1903,1.010907469850041,0.745233416678214,0.026667068986331716,0.23900698477678137,1.8692205447937846,0.0001,1.0139023515443046
1904,1.01495225434371,0.744197176508681,0.026652897105497474,0.24410218125847727,1.8362537615197667,0.0001,1.0136430938272885
1905,1.0150060293398813,0.7443745809684661,0.026420658790557428,0.2442107892030393,1.857023315787557,0.0001,1.0139551991381461
1906,1.0128510342891994,0.7443987102102314,0.026460299869096305,0.24199202372626408,1.8590533774474571,0.0001,1.014023400900572
1907,1.0140767848274046,0.7449169480534644,0.026841616533832668,0.24231821983961982,1.8510196939201433,0.0001,1.0139415793921835
1908,1.0114236506680687,0.7451225736803747,0.026522171182999987,0.23977890619006892,1.8744701797531778,0.0001,1.0138848927877013
1909,1.0070047646942293,0.7445827370724862,0.026532216439624345,0.23588981168083922,1.8883697077420372,0.0001,1.0134718627886163
1910,1.0182514156821292,0.7450002902177961,0.02674081141760093,0.24651031414496488,1.8612902512656748,0.0001,1.0138351800233791
1911,1.0154756021064386,0.7445079687884565,0.026630489386119418,0.24433714112089325,1.8548214723323952,0.0001,1.0138963743711824
1912,1.0144816328739297,0.7441031949757079,0.026634827346879136,0.24374361311295212,1.852906654379189,0.0001,1.013443063867503
1913,1.0138719103641007,0.7446117691287646,0.026787435307222253,0.24247270774919893,1.8543458200129728,0.0001,1.013739507918909
1914,1.0086923893276625,0.7450669631513088,0.02668019143853178,0.2369452358637209,1.8534197224564775,0.0001,1.0131135214173042
1915,1.014960327931882,0.7446250008762971,0.026854097480464415,0.24348123203849695,1.8640337539251146,0.0001,1.0131089512765044
1916,1.0094336785119156,0.7451945777838902,0.026404713520413722,0.23783438682223673,1.8545844102727955,0.0001,1.012767215698776
1917,1.009837401445207,0.7447864309285765,0.026312208078937648,0.23873876272483482,1.8648460503765827,0.0001,1.012343277360556
1918,1.0121229994611372,0.7446328991566904,0.026451606295897077,0.24103849276930517,1.8686402238164905,0.0001,1.012413212239863
1919,1.014780710967027,0.7445816228404248,0.026360589640619304,0.24383849522163129,1.8673372459701785,0.0001,1.0131908068671431
1920,1.014305931317637,0.7445814956516088,0.026315615820352738,0.24340881921259336,1.8534899381788459,0.0001,1.0127962584306938
1921,1.0048751763349615,0.7447538299686285,0.026460694492951367,0.23366065129909747,1.8707386383420315,0.0001,1.011736215853546
1922,1.0123999849052507,0.7444824767402897,0.026645005837415345,0.24127250277337148,1.8463555078719258,0.0001,1.0115280510566782
1923,1.0099601358719337,0.7450151507559462,0.02680383347594472,0.23814115092974406,1.8694260874819804,0.0001,1.0111368736074615
1924,1.015253944039103,0.7448624911704846,0.026675718793037213,0.24371573343328964,1.842034925795472,0.0001,1.0117930290786055
1925,1.0129502691313412,0.7450067254640993,0.02645619017115471,0.24148735314849423,1.859413810965981,0.0001,1.0115920231985513
1926,1.0102578391893398,0.7450316319842851,0.0265586881560196,0.23866751666500047,1.8794498153438917,0.0001,1.0116744392662937
1927,1.015321959588397,0.7447910923019626,0.026584706006620766,0.24394616085665705,1.8377935151299405,0.0001,1.0122228950806127
1928,1.011370888225447,0.7450255126546894,0.026738637359340584,0.23960673900483587,1.8849602299336246,0.0001,1.0121476839570436
1929,1.0086854598343251,0.7441348238842482,0.026646657357593095,0.23790397805598154,1.858316634296162,0.0001,1.0115381588437735
1930,1.0158101653956013,0.7447235988071433,0.026795851531425306,0.2442907151023708,1.8494933596972762,0.0001,1.01168858225157
1931,1.0128327284091385,0.744593436650282,0.026660560836172974,0.24157873126933196,1.8486851734273575,0.0001,1.012484337458988
1932,1.0123901243867546,0.7442224214333308,0.02669738659268702,0.24147031466055352,1.8589467849982921,0.0001,1.012483351407138
1933,1.0093876684413237,0.7450510030102294,0.026810522011762702,0.2375261449986128,1.8474612862294877,0.0001,1.0124261046640772
1934,1.0152190119693052,0.7449931735682923,0.02670088887940072,0.24352494970296507,1.8586124614576298,0.0001,1.0124226114570976
1935,1.0085573074300198,0.7440037928053138,0.026579825196256502,0.23797368844612132,1.8760512482080207,0.0001,1.0119833152869653
1936,1.011898227806749,0.7444821788379677,0.026584689322156307,0.24083135833937305,1.8713222316505942,0.0001,1.0121473541487063
1937,1.0102432336333316,0.744944025125755,0.026601808066300397,0.23869740098533476,1.849626612228022,0.0001,1.0116394815531997
1938,1.012646969264226,0.7453582486322878,0.026485515172776537,0.24080320576897257,1.8594620210887451,0.0001,1.0117670896570776
1939,1.013027944985558,0.7447655086101431,0.026828067539671614,0.24143436908888163,1.8463816492842855,0.0001,1.0122013381722006
1940,1.0151723799792556,0.7444033662639331,0.026534096948031723,0.24423491740958203,1.857465069627665,0.0001,1.012137559630566
1941,1.0058652059785251,0.7446927193695827,0.026571787636855554,0.2346006983373518,1.8519148908812424,0.0001,1.0114408073875047
1942,1.0143600761527705,0.7444175726018136,0.02646421878381385,0.24347828374372732,1.8487227178248624,0.0001,1.0116378025641066
1943,1.016374109845616,0.7446557545758647,0.026467832058486785,0.24525052338506098,1.8484405477438688,0.0001,1.0123364467045355
1944,1.0087275946357912,0.7440242965613127,0.026470856540826947,0.23823244156387707,1.8704361712473159,0.0001,1.011687304971184
1945,1.0078584758553495,0.7445192243941657,0.02647338145644863,0.2368658707754849,1.8711160298051506,0.0001,1.011617421813717
1946,1.0129343452608368,0.7447108873005571,0.026545925266118854,0.2416775301967806,1.8862609582788803,0.0001,1.0117210335591262
1947,1.010974764219404,0.7438676751409534,0.026689011958743205,0.24041807634140125,1.848617943498716,0.0001,1.0117941866177333
1948,1.0124369648117082,0.7445941997831782,0.026706869897204045,0.24113589680883996,1.865856696577633,0.0001,1.0117731861724815
1949,1.0144746239480333,0.7448338327011279,0.026666452144754344,0.24297433963109707,1.8550285284707801,0.0001,1.011917854068729
1950,1.016529734308773,0.7444902489199842,0.02661698294943293,0.24542250246202485,1.860646114388054,0.0001,1.0120535895016807
1951,1.0099289476508784,0.7443894017298855,0.026682879088132907,0.23885666754315882,1.8612877072475502,0.0001,1.012459963668916
1952,1.0151894321064436,0.7446394370487205,0.026502544933110172,0.24404745084246807,1.844881084821287,0.0001,1.0125428992642835
1953,1.012792845164061,0.7447061788963256,0.02634238253742396,0.24174428369252968,1.8546395151900472,0.0001,1.012184772796128
1954,1.0158344504799368,0.744314928204728,0.026295507413620398,0.2452240168489138,1.8727451587061854,0.0001,1.0128954583805423
1955,1.0117272483166042,0.7447456677593518,0.026544809583234498,0.24043677069443234,1.8728646380906173,0.0001,1.0132823356266676
1956,1.0058513102376678,0.7444480039768722,0.02658468351886432,0.23481862181249788,1.8630378246307373,0.0001,1.012574032124351
1957,1.0129250389567253,0.7450008768338944,0.02650637994189775,0.24141778225649685,1.8446393283820781,0.0001,1.0127690595980832
1958,1.0183878538574698,0.7437610697552833,0.02651829289132635,0.24810849024364479,1.8509588824324386,0.0001,1.0133641485026594
1959,1.0094748436800123,0.7444745122056462,0.026424016236775302,0.23857631422125905,1.8487318019112515,0.0001,1.0128641704758574
1960,1.014002767948785,0.7443509395659332,0.026602628506704952,0.24304920017084533,1.855615515254332,0.0001,1.0126114738398584
1961,1.0195583245333504,0.74433783899698,0.026568083202137667,0.2486524029085167,1.8681093488213498,0.0001,1.0135744115281056
1962,1.0083477365317741,0.7445034933622179,0.026608406409288757,0.23723583699451498,1.8642481621090345,0.0001,1.0128902419706385
1963,1.0076038034644137,0.7442325602680384,0.02660474380663394,0.2367664976895581,1.8592586788154277,0.0001,1.012371337800674
1964,1.0073088388172173,0.7445588779256019,0.026706105071681023,0.2360438546940352,1.8665983478631258,0.0001,1.0115187766344018
1965,1.0100213333994574,0.7446248547058801,0.02645037744881899,0.2389461013581037,1.8611348282251106,0.0001,1.0113481851426873
1966,1.0093673737247382,0.7442951684791225,0.026323879708141148,0.23874832537879084,1.8653826384708798,0.0001,1.0116997914913943
1967,1.005570100601498,0.7447338487507121,0.02636945102567847,0.2344668020492393,1.8757496170291552,0.0001,1.0109642976558715
1968,1.0092973107014902,0.7450138833411567,0.026532047176941412,0.23775137983579905,1.864516372854763,0.0001,1.0100552433402736
1969,1.0121457539272114,0.7442950501161463,0.02670728652520789,0.24114341731608277,1.8441676665513076,0.0001,1.0103223343649934
1970,1.0079844858776967,0.7444769353218543,0.02648943481290558,0.23701811519132182,1.868129395326301,0.0001,1.0097205061578847
1971,1.0174972492347625,0.7452340400484948,0.026532571891258502,0.24573063544369855,1.9146307653636043,0.0001,1.0095143986280262
1972,1.0158165576008222,0.7442964181213302,0.026461700638699483,0.24505843745042055,1.8804314600768486,0.0001,1.0102612807349307
1973,1.0126700109932534,0.7448562315946661,0.02655397322308461,0.24125980486069443,1.8535527493842474,0.0001,1.0107679014878148
1974,1.0082270020645483,0.7447160377221949,0.026465958320586725,0.23704500689074912,1.8689480915998107,0.0001,1.0108597178125478
1975,1.0096801010396852,0.7441466167780739,0.026508132536077596,0.239025352730531,1.8552884564680212,0.0001,1.0108255945765705
1976,1.0107781350249934,0.7446349566655033,0.026609577465250816,0.23953360173299637,1.8560855620773038,0.0001,1.0109666707065963
1977,1.012438143121785,0.7452534889352733,0.026537300123404297,0.24064735329235784,1.849064137340801,0.0001,1.011653474958625
1978,1.0113881155395121,0.7440486690577339,0.026452780978916623,0.2408866661527094,1.8618397202501433,0.0001,1.0118625554424272
1979,1.0147152722002768,0.7446792540395477,0.026576138413218407,0.2434598806618314,1.8547094390551895,0.0001,1.0121195072697335
1980,1.0141350267866804,0.7447382969740196,0.026539921518755248,0.24285680540359408,1.865325867041613,0.0001,1.0127345613606322
1981,1.008999478744445,0.7443450371343756,0.026685574233652854,0.2379688679204751,1.862026167689666,0.0001,1.0118847843116001
1982,1.0162700066460073,0.7443560531124865,0.02660289376550949,0.24531106112815787,1.8550973709891825,0.0001,1.0119301292161187
1983,1.0104317949219601,0.7441868236775814,0.026661934523746884,0.23958303938803036,1.842199397135458,0.0001,1.0117063076089892
1984,1.013119350461399,0.7447944678834679,0.026360509361746828,0.24196437203361224,1.850950909192857,0.0001,1.0121955424486742
1985,1.0127364526414,0.7450755413840798,0.02664230029433059,0.24101861283696932,1.86587510945589,0.0001,1.0125011776088457
1986,1.0126936364367332,0.7446499038903274,0.02638311463485625,0.2416606197704166,1.850874345636271,0.0001,1.01269272775002
1987,1.012160269532194,0.7448254656840048,0.026596974165879687,0.240737829364942,1.8552922344111042,0.0001,1.0126649403910606
1988,1.0073512548365409,0.7445662281576083,0.026665714401260594,0.23611931152203502,1.854657536346095,0.0001,1.0122612543207636
1989,1.0146449028115727,0.7446053145381548,0.026459540363257605,0.24358004758523638,1.85901384058637,0.0001,1.0122542173818931
1990,1.0048661958615146,0.7448907313192108,0.026417388151915515,0.2335580773878291,1.8647404952658602,0.0001,1.0113273342893767
1991,1.0093222624389926,0.7443613997579346,0.026487174188873107,0.23847368899090537,1.9138312276913718,0.0001,1.0113596126588316
1992,1.0090263834106028,0.7450661098255831,0.02650797270374414,0.23745230304995366,1.8787427628016133,0.0001,1.010635250335291
1993,1.0165012576758983,0.7440434783757579,0.026491280259757208,0.24596649854166272,1.8435081199990324,0.0001,1.0112421966106848
1994,1.0145011967384308,0.7446361365473053,0.026399470487907983,0.24346558938584995,1.8568243910284603,0.0001,1.011380381238388
1995,1.0151729598248465,0.7444015177945337,0.02663326142525818,0.24413818024990525,1.852837010522885,0.0001,1.011624031956733
1996,1.0126256463977434,0.7446965502677051,0.02651639231320085,0.24141270498807482,1.8555938832416496,0.0001,1.0116172329528337
1997,1.0168488499600796,0.7442342917043829,0.026332650900370694,0.24628190848122503,1.846204615509776,0.0001,1.0120860909956222
1998,1.0077325349888986,0.745009335736474,0.02662912295266049,0.23609407718385933,1.8646439562946497,0.0001,1.012124219010858
1999,1.0087516871233742,0.7445273707652914,0.02655629212184078,0.23766802492764974,1.852731315649547,0.0001,1.011534897442038
2000,1.0178776165776513,0.7436769390686531,0.026465601176325737,0.24773507266027692,1.8446290217355106,0.0001,1.0128360395136518
2001,1.0129724847375743,0.7445243362480922,0.026583299917333266,0.2418648494109058,1.8391546245520787,0.0001,1.0132010617435099
2002,1.007314752855359,0.7443422959252255,0.026442258885134063,0.23653019888375643,1.8694888271134475,0.0001,1.0130298986879855
2003,1.0153988205636975,0.7439643657231669,0.026320878680772763,0.245113577043853,1.9181831743847768,0.0001,1.0129196549767656
2004,1.0126489408117763,0.7449962945303618,0.026163439721654927,0.24148920501826018,1.8477029993858105,0.0001,1.0127344293841
2005,1.0109342881922305,0.7443561388319453,0.02647033376094052,0.2401078146774677,1.8622942251317642,0.0001,1.0123105622208384
2006,1.0129472943396887,0.7450495373162972,0.02632797441424511,0.24156978271493565,1.856529703972064,0.0001,1.012342727015033
2007,1.0061096145221717,0.7440845521420059,0.02661618596400015,0.23540887698289348,1.8646701177767275,0.0001,1.0112688034712423
2008,1.0081178687407086,0.7439459228612346,0.026437590620338795,0.23773435682330363,1.8623122092918256,0.0001,1.0113073368464232
2009,1.0103764037089706,0.7447483404171152,0.02632160651030937,0.2393064558974507,1.8501426511072,0.0001,1.0114698085049827
2010,1.0090304058173607,0.744515207427994,0.026389822756784684,0.2381253723153357,1.8727365524241697,0.0001,1.010585087428954
2011,1.0125201860741235,0.7437857147646241,0.026567272675690253,0.24216719859602728,1.8620168401068171,0.0001,1.0105398575626088
2012,1.0080148036049539,0.7449233113631274,0.02656521976115012,0.23652626884984077,1.866327551025406,0.0001,1.0106098626375684
2013,1.0087485450034692,0.7439975403627083,0.026612582845088193,0.23813842020127884,1.870809090790352,0.0001,1.0099448350815454
2014,1.0126656619095173,0.744447589283299,0.026532198062533055,0.24168587624875576,1.864799605905405,0.0001,1.0099465071913194
2015,1.0125686741503934,0.7449282240915975,0.026519136544898847,0.24112131363479894,1.8537439434330072,0.0001,1.0101099457871359
2016,1.0100910366186022,0.7449855265220813,0.026339284546718637,0.2387662263092175,1.86120918072745,0.0001,1.0098243200150274
2017,1.0047328901339254,0.7446235328852284,0.026561240153670552,0.23354811617314936,1.8734904314876812,0.0001,1.0096866475762023
2018,1.0080000955241206,0.7444617494366473,0.02653079777653754,0.2370075504456101,1.860106596114911,0.0001,1.0096748702545437
2019,1.0120013874878022,0.7443149088604213,0.02650605495754652,0.24118042138403256,1.8621088338913832,0.0001,1.009837368632427
2020,1.0120023962933926,0.7443320546865947,0.02664731312958754,0.2410230295577712,1.8464415781880006,0.0001,1.01013456768003
2021,1.0075705880809265,0.7445958242213266,0.026542107667207233,0.23643265651353837,1.8493370622940528,0.0001,1.0096396078807104
2022,1.0124924340064336,0.7441855355885643,0.0266567804750516,0.24165011854732737,1.832993910714047,0.0001,1.0100873709208584
2023,1.0082685299383942,0.7444341458365109,0.026869396408963155,0.23696498925708853,1.855012358564876,0.0001,1.010039369414351
2024,1.0122812912623733,0.7446756163426878,0.026617968058247597,0.24098770453407606,1.8653903916689736,0.0001,1.0100009323496366
2025,1.010174018374321,0.7452021069507329,0.026792302576571884,0.23817960858254356,1.8709877654456706,0.0001,1.0097614667720294
2026,1.0125592895018403,0.7445283204498446,0.026681505158755166,0.24134946328117446,1.8502560539613147,0.0001,1.010008292060353
2027,1.01562776454322,0.7445520387459962,0.026539351828925268,0.24453637377938925,1.8525409633199292,0.0001,1.0110977795012825
2028,1.0083505456878012,0.7443589553629892,0.026682614312936035,0.23730897555849373,1.847073969686249,0.0001,1.0111328245176505
2029,1.0077514730650803,0.7448036645295412,0.026553464709624316,0.23639434208228247,1.8778979809724292,0.0001,1.0107078330753783
2030,1.009224048009025,0.7441210623445182,0.026541650416159485,0.23856133393353912,1.8404718562507243,0.0001,1.0104299982469416
2031,1.0085210964597504,0.7440489887224008,0.0264890046438871,0.23798310292911154,1.8633332549921156,0.0001,1.010525049084824
2032,1.0039917513516563,0.7443685299484532,0.02674230044560307,0.23288091853200543,1.8825588809065597,0.0001,1.0096749808193461
2033,1.0155061114632333,0.744657962123956,0.026553332201123964,0.24429481928416247,1.8680882574820374,0.0001,1.01039873897183
2034,1.012074672547122,0.7446433714388834,0.02649684247332219,0.24093446040310676,1.864090167242905,0.0001,1.010378077100305
2035,1.0103341602166815,0.7442929279248081,0.02653862859366148,0.2395026033355063,1.849900128391645,0.0001,1.010394091284541
2036,1.0073917452510424,0.7444820469339769,0.026617577545057686,0.23629212060576762,1.8607578826482591,0.0001,1.0098773368594611
2037,1.0080233615262029,0.7443620262716654,0.02665456651915885,0.23700676796462908,1.8794263625483485,0.0001,1.0091168965577595
2038,1.012754893085294,0.7440540101416938,0.026574194310403015,0.24212669024270397,1.8891983029808523,0.0001,1.0095573312975088
2039,1.0092071719150273,0.7445740322554087,0.026425851286062122,0.23820728947678638,1.8540818763794813,0.0001,1.0097029011825036
2040,1.0047115145542076,0.7442662077549747,0.026294164193329413,0.2341511420845139,1.8711973716472756,0.0001,1.0092516478370217
2041,1.0096417404333429,0.744903422756079,0.026472384982853824,0.23826593252816983,1.856979723634391,0.0001,1.009363712234381
2042,1.0084080103686566,0.7442409029838764,0.02657280369656081,0.23759430386201605,1.8515874178849658,0.0001,1.009805338136081
2043,1.0096183206440228,0.7441831973455015,0.026595635056253862,0.23883948724482654,1.8702364770684232,0.0001,1.00921655905416
2044,1.0127444649323005,0.7447722760949125,0.026840689699741696,0.24113149760370323,1.8676262576488163,0.0001,1.009283538292678
2045,1.0100358625454544,0.7450321784609472,0.026649083133643347,0.23835460188218655,1.8650419317926403,0.0001,1.009253708525555
2046,1.0098644892777682,0.7441494330673141,0.026532612272498573,0.23918244563813867,1.865146918664356,0.0001,1.0095009829282278
2047,1.0094245119704195,0.7440300276748549,0.026609111025657422,0.23878537368550745,1.8678002966828569,0.0001,1.0096410979726493
2048,1.0127581069000353,0.7446921576592792,0.026704108013826257,0.24136184229993432,1.8658551976356739,0.0001,1.0096414193541234
2049,1.0099438573961084,0.7445514796955348,0.026529765032367824,0.23886261468575645,1.8570878960297992,0.0001,1.0097150879022316
2050,1.00510753252927,0.7445078345873293,0.02665506076619301,0.2339446360942422,1.8479264162133238,0.0001,1.0097546896997378
2051,1.0061326604827665,0.7445031728512375,0.02654398648298778,0.2350855017983889,1.8663748669575968,0.0001,1.0094037817046801
2052,1.001001525239577,0.7447929026872585,0.02647650362753723,0.22973211938949797,1.87791824195738,0.0001,1.0086631331917721
2053,1.012482285136867,0.7436522759240249,0.026543997122356423,0.24228601120072313,1.849348729812591,0.0001,1.0089495296410567
2054,1.0095642605611326,0.7441219350145506,0.026597067260355302,0.23884525915520913,1.855223351269658,0.0001,1.00863150920394
2055,1.013758879162477,0.7445299395683087,0.02664924804385729,0.24257969260064632,1.8688010511727169,0.0001,1.0090038108656423
2056,1.0141065530554518,0.7448639777804485,0.026617201298293914,0.24262537398426576,1.8665698413674778,0.0001,1.0094280172434105
2057,1.017895829121433,0.7446216988031569,0.026669489684501477,0.24660463999148316,1.8418683800204048,0.0001,1.010275148958512
2058,1.0080533800212172,0.7440380682568037,0.026704755080882724,0.2373105573258221,1.875943127075025,0.0001,1.00980467627063
2059,1.011993775382245,0.7444097097456818,0.026559025714170136,0.24102504033799346,1.8506686672961252,0.0001,1.0100096680692434
2060,1.0029203283617512,0.7442060372892306,0.026720146378445577,0.23199414582753036,1.8641134408618083,0.0001,1.009790947652492
2061,1.0129285752168775,0.7437871767105969,0.026486380588693986,0.24265501916438764,1.8538143170532784,0.0001,1.0104705391259032
2062,1.0087854050961276,0.7444522112426603,0.026559203681791047,0.23777399088197498,1.8619344587500148,0.0001,1.011248927111558
2063,1.0135812539357927,0.7443682384539327,0.0264150298391346,0.2427979870330973,1.8566806466294108,0.0001,1.0113588239914506
2064,1.0103227054855162,0.7444116225349009,0.02635698337825752,0.23955409924743384,1.8669754486780379,0.0001,1.011434668483889
2065,1.0080539043728285,0.744000877618306,0.02656967620578789,0.2374833508283202,1.8445029662540429,0.0001,1.0108641710049242
2066,1.0074894098190943,0.744276728639738,0.026338374155288294,0.23687430730365353,1.863781381572236,0.0001,1.0102024566812884
2067,1.0075843511923814,0.7444441648574195,0.02652642257798758,0.23661376725557368,1.8472230980894386,0.0001,1.0091713088883831
2068,1.01274170981943,0.7443934456571846,0.026740658113970958,0.24160760487703717,1.8872111494110757,0.0001,1.0096401418682046
2069,1.0121234824642933,0.7444175096119151,0.026674417163005466,0.24103155615031116,1.8513148558792671,0.0001,1.0096531125764092
2070,1.0151654220739679,0.7444869443079037,0.026443072796835134,0.2442354058325442,1.8542661816788493,0.0001,1.010877621947631
2071,1.0131090001692395,0.744830744261674,0.026575162976557053,0.24170309381510374,1.8572473927395339,0.0001,1.010895664442867
2072,1.010877365877372,0.7436858005746141,0.026641293181367143,0.2405502720973048,1.8588921095246476,0.0001,1.0111048605209916
2073,1.016046154934301,0.7442757582809572,0.026659987761089333,0.2451104088469161,1.8446797594337385,0.0001,1.0113513506208425
2074,1.0115873938158124,0.7450767668459043,0.026617186064652448,0.23989344044431712,1.9080770748382165,0.0001,1.011477819453872
2075,1.0133974160432333,0.7447177698839509,0.026431158638387374,0.24224848793649528,1.8574800479242817,0.0001,1.0120121706209124
2076,1.0168550684292466,0.7444166001877002,0.026576970218403103,0.24586149876366764,1.8671178104427717,0.0001,1.0129487364819278
2077,1.0087711254916858,0.74402474873448,0.026468249170098296,0.23827812562245143,1.8489242204546203,0.0001,1.013067413911858
2078,1.0133884141701472,0.7442302190024277,0.02662246174067561,0.2425357325202795,1.8491566650282296,0.0001,1.0131320843469298
2079,1.0077666309010427,0.7446813207369064,0.026434177801043218,0.2366511316301252,1.8722718250437151,0.0001,1.0126963991906048
2080,1.0093179354803075,0.7440438935529388,0.026540896955416605,0.23873314442789337,1.934092729135169,0.0001,1.0121116505312386
2081,1.0105062111396093,0.744319398673988,0.02656206954081692,0.23962474334796108,1.8553442198171093,0.0001,1.011851371628276
2082,1.0071021106857316,0.744615560975568,0.02633086711349642,0.23615568539252388,1.8664479422520914,0.0001,1.0114738461091117
2083,1.0123207424040015,0.7446703491297987,0.026416972007519333,0.24123342201476405,1.8515980833684214,0.0001,1.011101304856082
2084,1.009158377473301,0.7441270718951738,0.026512519824819197,0.2385187855946244,1.867035822984413,0.0001,1.0108584032218308
2085,1.0109559037622526,0.7444166752677902,0.026556801360712572,0.239982426627473,1.8396820598876984,0.0001,1.0106142519937324
2086,1.0132085599957326,0.7441333493644761,0.026207553203884536,0.24286765887819486,1.8464018507854933,0.0001,1.010249601150381
2087,1.0080001466656312,0.7445146760640715,0.026455184025406597,0.23703028639480017,1.8597360808273842,0.0001,1.0101725032677757
2088,1.0126026527876786,0.7438551737618978,0.026495851319411706,0.24225162711697223,1.8503488430386867,0.0001,1.0100939271295288
2089,1.0115789812186669,0.7445258753294877,0.026493536773124524,0.2405595701739464,1.8975354815109748,0.0001,1.0104751621612915
2090,1.0105642736804412,0.7444915083552471,0.02642895242021727,0.23964381102344084,1.8876095606395729,0.0001,1.0105997959813044
2091,1.01040756569431,0.7445380570438764,0.026334510855452284,0.23953499972941183,1.8486221620083823,0.0001,1.0105899314367746
2092,1.009855329990387,0.7444675568392988,0.02618420922006603,0.23920356335673806,1.8521273539951317,0.0001,1.0108652533672404
2093,1.0090923263383444,0.7445876756739664,0.026420642831504467,0.23808400742482946,1.8594331003831317,0.0001,1.0105424117606745
2094,1.0072108247217253,0.744131375761593,0.026557656137261382,0.23652179106601473,1.859234710494113,0.0001,1.0103476564855167
2095,1.0136713275561227,0.7439403718915479,0.026367555767237295,0.24336339954218805,1.862662477860828,0.0001,1.0106191988649038
2096,1.0067048952980893,0.7443600309064374,0.026377640679690225,0.23596722281275367,1.85081305174992,0.0001,1.0099688323951397
2097,1.0048167259407816,0.7446127078112434,0.026677772191185015,0.23352624393591534,1.8599292402576966,0.0001,1.0096504903226546
2098,1.003561858473153,0.7438559509194164,0.026671762398725592,0.23303414421802118,1.8765566946285008,0.0001,1.008746410891202
2099,1.007494696255388,0.7445813990509776,0.026319409238881077,0.23659388708899035,1.856544451829628,0.0001,1.0083379823948744
2100,1.0077638762717798,0.7443004665220001,0.026402254617238382,0.23706115622821491,1.8609186277911822,0.0001,1.0080579426540082
2101,1.0119292494249634,0.7447513678011014,0.026348510330153768,0.24082937113124628,1.8692942705405895,0.0001,1.0082101110270734
2102,1.0090844646912318,0.7448011694766928,0.02641016764766546,0.23787312579301562,1.8469559657888044,0.0001,1.0081330244971578
2103,1.0073077018555956,0.7441724362286303,0.0263905196354307,0.2367447463391277,1.865893571662129,0.0001,1.007954562048883
2104,1.0123736906728686,0.7448919634306407,0.02667908881305439,0.2408026378322204,1.8394482803151284,0.0001,1.0084708486439973
2105,1.012205958245492,0.7440855021892648,0.02665339473778529,0.24146706196828982,1.8714282471558144,0.0001,1.0083243117129344
2106,1.008301366898883,0.7448038884398903,0.026801237469996207,0.23669624031647948,1.8616783776099493,0.0001,1.0084839588730135
2107,1.008491234411816,0.7444541513557125,0.026608582442479007,0.23742850081009023,1.8651616938457527,0.0001,1.0088514097201169
2108,1.0093933173415628,0.7447879486103328,0.026624224007008767,0.23798114512470867,1.8552144127491763,0.0001,1.009434555606958
2109,1.0086468618975208,0.7441733354970843,0.026492545861017874,0.23798098194490339,1.8506392612902194,0.0001,1.0095497721711713
2110,1.009264821334011,0.744284971611495,0.026480653948522725,0.2384991961895936,1.9321892957900166,0.0001,1.0096998666773946
2111,1.005117010030495,0.7440108429587637,0.026204110400913694,0.23490205797806957,1.8681209633848488,0.0001,1.009018642737948
2112,1.0132866073815383,0.7436707901180879,0.02656329137558386,0.24305252645459427,1.877762847691472,0.0001,1.009438857006978
2113,1.0135262190207506,0.7442199465711025,0.02644835814501161,0.242857915294521,1.8895407001096869,0.0001,1.0100607087234938
2114,1.0131408214327289,0.7446800130617788,0.0266027365930182,0.24185807228420858,1.8734360045883767,0.0001,1.0101374217994799
2115,1.0135717383504639,0.744591496295426,0.026647611757321,0.24233262924832608,1.848864941036,0.0001,1.0102739998099772
2116,1.010074542816464,0.7445180859817211,0.026402579601589614,0.23915387774320815,1.8608620120835837,0.0001,1.010451317401735
2117,1.0091223250054442,0.7442651433345029,0.026446381398678793,0.23841079720437647,1.8580807266080597,0.0001,1.010514426461098
2118,1.0070888728931033,0.7444685270771777,0.026313462557222007,0.23630688140739292,1.8638006289155198,0.0001,1.0102839820162521
2119,1.0061752882013457,0.7448920648673485,0.02651216800024253,0.23477105630474812,1.858883287795417,0.0001,1.0100368246466345
2120,1.0136028586246422,0.7435420178496571,0.026529557564679312,0.24353128324053108,1.882926330363291,0.0001,1.0104706283756975
2121,1.0125950573665858,0.7446224415036292,0.02636956757512586,0.24160304937594804,1.8634288144159994,0.0001,1.0112184331093066
2122,1.0056088966965433,0.7446056942910741,0.02641376641410843,0.23458943518282918,1.8574446913678555,0.0001,1.0104506620408071
2123,1.0120416421435667,0.7443111189480486,0.02667530143962187,0.24105522069044819,1.842303122274774,0.0001,1.010302204353089
2124,1.008869986746906,0.7438392880963989,0.026503392939151663,0.23852730530708968,1.8679606856487343,0.0001,1.0098751208845065
2125,1.0095421359940426,0.7445132615116499,0.026457136591356133,0.2385717369238213,1.8680074642928086,0.0001,1.0094721606488641
2126,1.0113579931897518,0.7441661744765771,0.026509821294045593,0.24068199670883028,1.8529213662079818,0.0001,1.0096005056861932
2127,1.0097231201177679,0.7445408774437817,0.02641203171341221,0.23877021184466915,1.8736001627923993,0.0001,1.0096605851974254
2128,1.004565851562647,0.74371211523942,0.02642911878125421,0.2344246173908454,1.8613081614337634,0.0001,1.00940828306438
2129,1.014838337051941,0.7443350084413137,0.02642554467880218,0.24407778249611478,1.8473145366924046,0.0001,1.0102745879494395
2130,1.004049740505025,0.7436079269248622,0.02653650337977535,0.23390531197613443,1.8989138346898387,0.0001,1.0093192761374776
2131,1.01691323010965,0.7439140108004061,0.026361965988035377,0.24663725196861833,1.854168476004146,0.0001,1.0097510934117842
2132,1.0073473166984186,0.7441479560086016,0.02638424385875524,0.23681511267505842,1.8714363277562975,0.0001,1.0099249354119715
2133,1.007209617878796,0.7446131801750306,0.026598760854399953,0.23599767531542218,1.8585170326078155,0.0001,1.0094417329854946
2134,1.009359026898235,0.7432296567466148,0.026650069209673343,0.23947930033743745,1.8504952064150486,0.0001,1.0094906370006274
2135,1.0099841715356157,0.7442146565077513,0.02641356378249658,0.23935594971520302,1.8821425761944381,0.0001,1.0095348405547848
2136,1.0079640783596233,0.7443738009093016,0.026506277658876493,0.23708399933806298,1.8675550009609478,0.0001,1.009195449071772
2137,1.0109411989457708,0.7443846009565899,0.026580142442885084,0.23997645521381564,1.8525432328907037,0.0001,1.0093172569545723
2138,1.0039276433522997,0.7437694136801405,0.026426357139680254,0.23373187266093723,1.85682592720821,0.0001,1.0092534361335377
2139,1.012166774418001,0.7441421525957135,0.026450814388344786,0.2415738082198052,1.8618006309679507,0.0001,1.0089862798701437
2140,1.0089724767522443,0.7441738401416833,0.026380492514093797,0.2384181460875708,1.9013464680549823,0.0001,1.0094785534948654
2141,1.0094959292160328,0.7444699361890131,0.02637542116230932,0.23865057214736585,1.8588077922863602,0.0001,1.0087368234055039
2142,1.0092476935222232,0.7444588772907218,0.026488799110629253,0.23830001516377225,1.8595948939874738,0.0001,1.0089268610878843
2143,1.00791326715303,0.7441593616535891,0.026528460742493914,0.2372254431323275,1.860269224426084,0.0001,1.0089972260153077
2144,1.0134430943589665,0.7434814635203286,0.026475703982262292,0.24348592642944072,1.8608635115091505,0.0001,1.009405632761381
2145,1.0077492404902924,0.7441024056070958,0.02651325418305929,0.2371335799293876,1.8671500873855837,0.0001,1.0091821396568483
2146,1.0076319169079315,0.7446755429552244,0.026339172107936404,0.23661720349961554,1.8888389392024847,0.0001,1.0091489235116793
2147,1.0099988820344874,0.743648022110999,0.026306700513038867,0.24004416010185745,1.872213191483132,0.0001,1.009054691820551
2148,1.0108554203660203,0.7444692112611225,0.026473207599492878,0.2399130015809686,1.8555749840958848,0.0001,1.009747469521923
2149,1.0169095552959015,0.744604850274796,0.026464367493170996,0.2458403395303727,1.8633377300556484,0.0001,1.0102217476097128
2150,1.012551544283273,0.7449554596663005,0.026512197258506294,0.24108388830301244,1.8826322860214821,0.0001,1.0105796543628158
2151,1.0089361323062596,0.7447561203345324,0.026541550792980387,0.23763846368746147,1.90243945112093,0.0001,1.0105236746718387
2152,1.0093875915477049,0.7442417949982154,0.026417229044993558,0.23872856575519633,1.8679609199566483,0.0001,1.0105376644743869
2153,1.0086094144633526,0.7444844091156192,0.026523819559727914,0.23760118735973057,1.8705868384900972,0.0001,1.0106072792054188
2154,1.0064583089482229,0.7443690397918346,0.026469311656139444,0.23561995809720207,1.8716320940737308,0.0001,1.0099088006643444
2155,1.0089658589440476,0.7442141502914273,0.026389699195026144,0.23836200885308442,1.8510328823847897,0.0001,1.0100304625097203
2156,1.0049552287581485,0.7447361535039442,0.026660185073016866,0.23355889210050537,1.8465989675773327,0.0001,1.009762793694742
2157,1.0073443546014673,0.7436635690093282,0.0264855163817957,0.23719526983752212,1.846960710221807,0.0001,1.0094973409514398
2158,1.0064750944866854,0.7444672705435608,0.0267132593216809,0.23529456591358291,1.8569485822023775,0.0001,1.0090593083635064
2159,1.0128531811445287,0.744180148682778,0.02635044306818902,0.24232258779916754,1.8537612556202174,0.0001,1.0086536709483689
2160,1.0026329923836745,0.7442649405819891,0.02634211897124625,0.2320259324989034,1.85316824792123,0.0001,1.0076618157584092
2161,1.0117877091887515,0.7442738157498667,0.026318610560821472,0.24119528379994037,1.8494115821246444,0.0001,1.0079469734466584
2162,1.009751121727013,0.7441147328873918,0.026464616067511073,0.23917177109459592,1.860399352367703,0.0001,1.0079833264645892
2163,1.0098516273691978,0.7446001441677008,0.026380457210734214,0.23887102797430984,1.8510650384256855,0.0001,1.0081075477551735
2164,1.0123780368549586,0.7448950380872761,0.026331354348219434,0.24115164577960968,1.8689022276996357,0.0001,1.008699520545847
2165,1.0054580999678095,0.7440025697615277,0.02653058208751872,0.23492494535313174,1.8647101089872162,0.0001,1.0083487446482233
2166,1.0136777793659884,0.7438425124296069,0.026356374274402797,0.24347889224637836,1.8834343686790544,0.0001,1.0092209997090074
2167,1.0112221341345906,0.7442667101024373,0.026309327469877974,0.24064609827001487,1.8537301794752388,0.0001,1.0096087776623197
2168,1.0074722068063144,0.744142252944304,0.026706868929988713,0.23662308390057715,1.8566707304960333,0.0001,1.0097084888942829
2169,1.0059039081327814,0.7449391186841845,0.02649784547562048,0.23446694413166017,1.860461296948168,0.0001,1.009013561593108
2170,1.0131476521492004,0.7439556744471041,0.02641146661785505,0.24278051124670322,1.8400277496593236,0.0001,1.0100650275696605
2171,1.0123865563293983,0.744637081033076,0.026538876200786227,0.2412105991333179,1.864457018960562,0.0001,1.010124912283725
2172,1.00499014402258,0.743954782432765,0.026267820391161687,0.23476754218475934,1.8763356158022464,0.0001,1.009648814513282
2173,1.0094233464759454,0.7441118958030221,0.026538037625094213,0.2387734102973106,1.8571204155018557,0.0001,1.0096059864239566
2174,1.0101649616117652,0.744440497418688,0.02632281190241568,0.2394016528876147,1.8570859606319219,0.0001,1.0093846788996372
2175,1.0073690320125217,0.7444957464510239,0.026460222008262153,0.2364130632812063,1.867252476558724,0.0001,1.0095757721041085
2176,1.0085020100369173,0.7444221876697656,0.026451194503969884,0.23762862826366937,1.8515135567280148,0.0001,1.0090581951712012
2177,1.0053567463195832,0.7449417706677203,0.02636386487353404,0.23405110970910253,1.8652640733467396,0.0001,1.0084716563897005
2178,1.011452600752848,0.7438043974959584,0.026368910110504584,0.24127929553419775,1.8388584160659667,0.0001,1.0088696957843541
2179,1.0117156579334885,0.7446355292569793,0.026273123632821787,0.2408070065927433,1.8752099797885269,0.0001,1.0094508707644247
2180,1.0107003195290634,0.7447614319184247,0.026366760474431344,0.23957212796740793,1.8776840629248783,0.0001,1.0092061375024108
2181,1.0082270970934544,0.7443572021642998,0.026281404930486158,0.23758849064851628,1.847505273973724,0.0001,1.0087901915788167
2182,1.0061555799799564,0.744385385972733,0.02646877799508054,0.2353014151431605,1.8753165514425623,0.0001,1.0089067351745544
2183,1.0086636005260399,0.7442508106541198,0.026290568812140102,0.2381222202210228,1.8894694364095073,0.0001,1.008830760579564
2184,1.007022320740605,0.7441099614932619,0.02659994859482647,0.23631240903545345,1.8697265754123247,0.0001,1.0085164964924478
2185,1.0065180549273385,0.7442684293276881,0.02635238330214309,0.23589724263754383,1.8593296380845818,0.0001,1.0084313987839295
2186,1.0093454855208948,0.7442099534232041,0.02652180702642785,0.2386137253432922,1.8494193002611823,0.0001,1.008515746332327
2187,1.0109723904311778,0.7447262644525957,0.02639221153684852,0.23985391507646858,1.8621705589139679,0.0001,1.0090773107434865
2188,1.007108325648743,0.7439454206346741,0.026407901220341,0.23675500156365442,1.8638406128718936,0.0001,1.008642883233076
2189,1.0126731018507455,0.7445995054428766,0.026216732077376112,0.24185686521458818,1.859966818507738,0.0001,1.0087386276248018
2190,1.0107351802667304,0.7442011779994074,0.026364955650623623,0.24016904741011816,1.891994264256398,0.0001,1.0087421136985686
2191,1.0116440957264774,0.7443435778482449,0.026504738577480973,0.24079577930830798,1.8648472028136496,0.0001,1.009083813561871
2192,1.0115499085393445,0.7443246784606763,0.026424696430956858,0.24080053311120908,1.8685579449845133,0.0001,1.0096232464178096
2193,1.0066789061012422,0.7441113412259317,0.026339632502433978,0.23622793135276673,1.8551416452709608,0.0001,1.00942477697533
2194,1.0029891289271882,0.7442139418565236,0.026201349001143574,0.23257383774459725,1.8730492654726907,0.0001,1.0090214577939884
2195,1.0066393766151722,0.7440767889090533,0.026224032376890975,0.23633855596396308,1.8762869097398212,0.0001,1.0090335899627716
2196,1.0021851432734523,0.7442713526151243,0.026246822629932456,0.23166696780170437,1.8716813516906985,0.0001,1.0083175557380275
2197,1.0106288224881852,0.7439620886564738,0.026479646351951616,0.2401870881749457,1.8794081955845894,0.0001,1.0082831989437282
2198,1.010266153976835,0.743719340096139,0.02639235492652135,0.24015446035965946,1.864975515533896,0.0001,1.008598981776537
2199,1.0109082627248087,0.7442272050385543,0.026403733731283376,0.24027732599519086,1.8811549136894954,0.0001,1.0084224978639438
2200,1.0054758649326967,0.7444589708688051,0.02629455809177298,0.23472233702623216,1.8686330016196138,0.0001,1.0078965663305401
2201,1.0116482685352195,0.7438704740203177,0.026555848170003834,0.24122194696452023,1.870307747780914,0.0001,1.0078969836114144
2202,1.0062224565122964,0.7439933170169652,0.026379519737274603,0.23584961964093284,1.8466007134010052,0.0001,1.0073642384087096
2203,1.0054173539666569,0.7440054178479719,0.026770128681500107,0.23464180693846445,1.8676355054364002,0.0001,1.007238083195251
2204,1.0154027271464194,0.7449052337458845,0.026298430821958468,0.24419906162647398,1.859049995820856,0.0001,1.008479443017174
2205,1.0078862893412128,0.7443145641690577,0.02640669316839253,0.2371650317619587,1.8492546233879383,0.0001,1.0086041342897782
2206,1.0089581379058636,0.7442195546070896,0.026393547261220687,0.2383450354859384,1.887307529275364,0.0001,1.0092814337530194
2207,1.007352956651916,0.74419018874062,0.026456600754062736,0.23670616414224158,1.8574986008069578,0.0001,1.0089538471693926
2208,1.0120007205928314,0.7437140089261363,0.026569408770748856,0.24171730436188213,1.8501281298198273,0.0001,1.0091273038309923
2209,1.0105596781985997,0.744383202725927,0.026513222506757198,0.23966325480211337,1.865897131498155,0.0001,1.0090924453783712
2210,1.009134587603215,0.7439749400465774,0.026529000206844802,0.23863064690396704,1.844742961394134,0.0001,1.009458317645423
2211,1.0065988755613022,0.7439559433329661,0.026293833163882365,0.23634909798389275,1.857417868552295,0.0001,1.0089533783480313
2212,1.007266756366281,0.7448058475345434,0.026391648375722023,0.23606925988078692,1.8528249527329606,0.0001,1.0090578083334298
2213,1.00943666225031,0.744316587825334,0.026487852932231663,0.23863222106958742,1.8725001492800142,0.0001,1.009459739161795
2214,1.0081739206826712,0.7433279344082846,0.02632792363544023,0.2385180617624074,1.8612183192197014,0.0001,1.0087368585154202
2215,1.0057029360206327,0.7442926829775255,0.026305620858925592,0.2351046313454244,1.8509216262651023,0.0001,1.0085185231833622
2216,1.0081114558612598,0.7439234324449457,0.02647180707169353,0.2377162156116527,1.8678687653725337,0.0001,1.0084338549789018
2217,1.007826595591725,0.7441431046983049,0.026488122785309022,0.23719536787386356,1.8534164206251411,0.0001,1.0084812188728827
2218,1.0052031887955888,0.743336727362859,0.02649638618948977,0.23537007305189273,1.8753093635818296,0.0001,1.0078014656931586
2219,1.0134564291149317,0.7438541868395544,0.026448591969317887,0.2431536510352491,1.862949883962016,0.0001,1.0080911407847917
2220,1.0086423266248334,0.7448102847557764,0.026492114724784063,0.2373399269629202,1.8738955341536423,0.0001,1.0080419146869537
2221,1.0126656389381532,0.7436756078176517,0.02649030530670352,0.24249972517150653,1.8422829739704094,0.0001,1.0086485910246386
2222,1.0154904527306314,0.7438956965781128,0.02655487998745746,0.24503987723806567,1.8489062708725068,0.0001,1.009470960661074
2223,1.0065798777595736,0.7439495361359076,0.025984866140338517,0.23664547579691692,1.8577104715014567,0.0001,1.009185282212
2224,1.0113521103443046,0.7439827622796652,0.02629395696744474,0.241075391475013,1.876353500339129,0.0001,1.0095031011781634
2225,1.005462043788322,0.7439483039035758,0.026428857633114828,0.23508488364200322,1.8624063897084513,0.0001,1.0094790119549324
2226,1.0074984606574564,0.7438569405016019,0.026406142097457667,0.23723537869313183,1.884153376244628,0.0001,1.009417712434552
2227,1.009386067458147,0.744054686467014,0.026454530429646645,0.23887685286617907,1.8522297736355549,0.0001,1.0095736596211942
2228,1.0106538190802987,0.7441482166731334,0.026324339619031058,0.24018125945199698,1.8534107251776644,0.0001,1.010118722649665
2229,1.0117683097508567,0.7442481554062323,0.026314467977558622,0.24120568494646835,1.8723933065638823,0.0001,1.0099499107132577
2230,1.001876142034666,0.7445089501493117,0.02631593572682348,0.2310512531435393,1.862776602982991,0.0001,1.009273292254241
2231,1.0114155161453309,0.744351224773554,0.026432958384314607,0.24063133194090508,1.8799687488567516,0.0001,1.0091482799749587
2232,1.0090414150249645,0.743977982785107,0.02641364285234989,0.23864978921371105,1.860388009591712,0.0001,1.008503376204392
2233,1.0129219812263581,0.7441157046969957,0.026378278800004876,0.24242799726086262,1.848700949918426,0.0001,1.0091375865510703
2234,1.0103365759578729,0.74406690965076,0.02626723353325958,0.24000243262083668,1.862281870406733,0.0001,1.009036033112427
2235,1.0179086918763167,0.7442990916254071,0.026447344019737012,0.24716225504482253,1.8680761537493846,0.0001,1.0102806979212267
2236,1.0073865365546808,0.7438189566256308,0.026470321187141217,0.23709726021540092,1.847535890207813,0.0001,1.0102695055109492
2237,1.0036286481979169,0.7445761072949996,0.02640255856465616,0.23264998059273975,1.9036035719072602,0.0001,1.0096937635849261
2238,1.007437158428873,0.7437876394022309,0.026452080956820785,0.2371974369356575,1.8712003448672034,0.0001,1.0093720975197837
2239,1.0124318044761131,0.7438860898327392,0.026525741658394525,0.24201997404287118,1.8625311691910935,0.0001,1.0094384469923092
2240,1.0058056859650912,0.7439677833785392,0.026414941580735644,0.23542295897315288,1.862382191189888,0.0001,1.0098314013853518
2241,1.006100460433573,0.7439932348036621,0.026236860070218904,0.23587036614153253,1.8696259961408728,0.0001,1.0092998958141763
2242,1.0051403934283383,0.7436865014430234,0.02637187172384823,0.235082019369815,1.868605287031518,0.0001,1.0089097936545133
2243,1.0069851087024682,0.7439114109255963,0.026207937913782457,0.23686576030891518,1.8534634430074788,0.0001,1.0083161064021242
2244,1.0074589971838326,0.7444556944268712,0.026389116931396856,0.2366141846165454,1.8572657149413536,0.0001,1.0080283485247201
2245,1.0100820687189547,0.7435664017108584,0.026396008582434353,0.24011965806295615,1.8589475244344127,0.0001,1.0072456862089842
2246,1.0086488034613958,0.7442184141393123,0.026326662386648554,0.23810372630069995,1.8545745478198687,0.0001,1.0073719128996557
2247,1.0112329247515293,0.7441369644526777,0.02629769791454137,0.24079826283013603,1.8644269470269008,0.0001,1.0081323405550169
2248,1.0062802221180218,0.7440789659898615,0.026337236226451323,0.23586401800506013,1.8553809198356304,0.0001,1.0080166469239316
2249,1.0081131550167928,0.7435629867153284,0.026467145335601745,0.23808302483228594,1.851277197592157,0.0001,1.0075847819779997
2250,1.0120034868286782,0.7449806714638252,0.026245352462629275,0.24077746388455193,1.8589330316798924,0.0001,1.0082045620643585
2251,1.0072453505610839,0.7437175791597269,0.02628951744907526,0.23723825461724224,1.861278047909843,0.0001,1.0083190510771096
2252,1.0090990058065186,0.7439420253461563,0.026269418472692402,0.23888756275086326,1.8638655844373104,0.0001,1.0087149123149275
2253,1.0122431221646664,0.7437607289327811,0.026374128720823214,0.24210826450350562,1.8765596530983946,0.0001,1.0092407136611474
2254,1.0099988316183883,0.7443860068040735,0.02618680232436855,0.23942602051017733,1.8568404044872848,0.0001,1.009494697104603
2255,1.009524605941579,0.7444295845699117,0.02630150148883069,0.23879351775949673,1.899748645254371,0.0001,1.0094389508268653
2256,1.0054903196031133,0.744349427566567,0.02643119249092396,0.2347097009133253,1.8594068755484499,0.0001,1.0091231024410372
2257,1.0082193818585625,0.744349867165935,0.026432606801541775,0.23743690747548551,1.8794348987072524,0.0001,1.0088217481517405
2258,1.0092756177542417,0.7443223905128108,0.026352037039054577,0.23860118994545984,1.8537831831171836,0.0001,1.0091212877153624
2259,1.0058633810849993,0.7442481956665704,0.026286627651469944,0.2353285583790248,1.8573681280530732,0.0001,1.008896310322183
2260,1.0133607839715892,0.743621256482045,0.026412155033366917,0.24332737392966935,1.8640461959413293,0.0001,1.0090320400364743
2261,1.008778722968111,0.7442428469657898,0.026456294872214296,0.2380795811225507,1.8549971776366476,0.0001,1.0091853772771768
2262,1.0084435462226249,0.7444019725066411,0.026371173877986886,0.23767039867998319,1.8810428368875995,0.0001,1.0091198313187875
2263,1.0108511422517092,0.7441018553824744,0.026334439039713955,0.24041484733835677,1.8414993095107786,0.0001,1.0089806333274918
2264,1.0088739148501693,0.7437611923498266,0.02639283345630638,0.23871988751764955,1.856615431410304,0.0001,1.00886814165067
2265,1.0116012229397138,0.7441810374327654,0.026331539086347663,0.24108864730469595,1.8634506713062464,0.0001,1.0090758033504834
2266,1.0117414287814745,0.7433585644251918,0.026116196572417903,0.24226666680909315,1.8570124483979014,0.0001,1.0097009142683195
2267,1.008349342955537,0.7443556872632876,0.026365392831953254,0.23762826083518912,1.8676838289651618,0.0001,1.009713910378017
2268,1.0064539187578352,0.7443220192230255,0.02627811132048013,0.23585378827478048,1.8697289395283976,0.0001,1.0094317404783761
2269,1.012272109003628,0.7443207550725879,0.02625377932620097,0.24169757523957422,1.8580770582021129,0.0001,1.0100726132702391
2270,1.0063439992088334,0.7444061999630492,0.02631353122951051,0.23562427084991222,1.8551870313667622,0.0001,1.0093709347939637
2271,1.0106160218768865,0.7439892739359796,0.026419544316692235,0.24020720290635952,1.8702406639017874,0.0001,1.0095546646848415
2272,1.0061767426513997,0.7440360005922299,0.026190436394171106,0.2359503056801115,1.8888185459508373,0.0001,1.0093279843277188
2273,1.01271785913568,0.7431700077308361,0.026442021917377958,0.24310582978972073,1.8432392447763717,0.0001,1.009514656016116
2274,1.0112270857934778,0.7446413764363612,0.026348753101201862,0.24023695432148406,1.8486022013437917,0.0001,1.0097499731104465
2275,1.0042439303823707,0.7440895713850644,0.02631673658111758,0.23383762217627396,1.8598714493834707,0.0001,1.0090142438547123
2276,1.0112366162497421,0.7438953835630514,0.026462206250513785,0.24087902616414772,1.8587695423052712,0.0001,1.0089637626015393
2277,1.005099999493566,0.7439735494327352,0.02633020505460232,0.23479624577697827,1.8573706246776465,0.0001,1.0086388282553422
2278,1.0062924815723426,0.7439347229913089,0.02628792033475988,0.23606983798935738,1.8645654285655302,0.0001,1.008622684536793
2279,1.0081202890761725,0.7444030237488041,0.026185892416545876,0.23753137255189505,1.8651121973265983,0.0001,1.0082075025440471
2280,1.0077648223292754,0.7434952506912649,0.026543991560868268,0.23772557979000025,1.857239236696255,0.0001,1.0083495848560913
2281,1.0034564422787324,0.743817715809263,0.02644634802974987,0.23319237749895144,1.8610021925359421,0.0001,1.007633626896276
2282,1.0092845999203155,0.7435896430489499,0.02641554463949455,0.23927941319152984,1.8690737408508393,0.0001,1.0079444126231676
2283,1.003821498723833,0.7441215752104475,0.026543710343010767,0.2331562140015753,1.8529985328233267,0.0001,1.0070547765819828
2284,1.0066968568923749,0.7439075514946216,0.026484801126058395,0.23630450525402297,1.8890210793903344,0.0001,1.0066017536918725
2285,1.010007213627349,0.7441855448980118,0.02665411797304908,0.23916754912741814,1.8868838742103344,0.0001,1.0071780820163705
2286,1.0113555333193611,0.7433784802351714,0.026431416401273097,0.2415456389347148,1.869054846782955,0.0001,1.0071899737233323
2287,1.0102031736296524,0.7449467630705534,0.026493078554861445,0.23876333204201947,1.8462342891925247,0.0001,1.0077002911369408
2288,1.0085217583977426,0.7446800454634924,0.026415886550114072,0.2374258283374578,1.8530812531891023,0.0001,1.0079232188194809
2289,1.0112022044208906,0.7435772058688119,0.026272854505155922,0.24135214283790357,1.85743320447678,0.0001,1.0082314103539527
2290,1.0124901228454002,0.7438922094041387,0.026465035113553248,0.24213287889443594,1.8533421087458457,0.0001,1.008703940405565
2291,1.00287131847281,0.7438472532355519,0.02634867935103287,0.23267538454119138,1.8616430162174464,0.0001,1.0086454280249728
2292,1.0114022382132664,0.7439094092734687,0.026459408096561082,0.24103342042007989,1.8523978616354673,0.0001,1.008857191854268
2293,1.007843107166445,0.7436818108113735,0.02623536693155161,0.23792592823339162,1.8467212559968897,0.0001,1.0092593526985294
2294,1.0129155085004609,0.7440815742069036,0.02660430928514647,0.24222962667836861,1.854549623889807,0.0001,1.009881217859338
2295,1.0070232262959586,0.7441762243274743,0.026536372322097997,0.23631063300141456,1.852953705052575,0.0001,1.0095828191261986
2296,1.0109607844517148,0.7442032242643422,0.02631267161688505,0.24044489026311444,1.8470090995212114,0.0001,1.009543344239434
2297,1.0090267023498583,0.7438722096882292,0.02617346611758033,0.2389810251461202,1.872312190324733,0.0001,1.0094256971114548
2298,1.0105780555316932,0.7436410295068613,0.026219654760302684,0.240717373404871,1.8653272296062107,0.0001,1.0096313268248498
2299,1.0078505486793983,0.7433076078944951,0.026529079276698113,0.23801386263410412,1.8538302282290817,0.0001,1.0092961612507005
2300,1.005791276995599,0.7435547658686222,0.026337446837589658,0.23589906529060606,1.859695501549974,0.0001,1.0086262766657204
2301,1.006196266980974,0.7438557247119307,0.026534914486790285,0.23580562818274053,1.8466100934552856,0.0001,1.0089587715165367
2302,1.0124447365077949,0.744713709755795,0.026312136021395482,0.24141889247612586,1.8628972091732838,0.0001,1.0090630213459897
2303,1.0082496768562594,0.7439118212667005,0.02616050519034055,0.23817735008940735,1.8640171381329427,0.0001,1.0091036783149712
2304,1.0044740734670998,0.7439564014303273,0.02624531691746586,0.23427235398585125,1.8728375543687212,0.0001,1.008259534811635
2305,1.0090786996042511,0.743624863953426,0.026357870556519915,0.23909596730832153,1.9317381797891118,0.0001,1.008465082142464
2306,1.0040726942174576,0.7435158359351555,0.026243189527345237,0.23431366824868002,1.8855718074415566,0.0001,1.0077762731190387
2307,1.0057950702932252,0.7439235271111463,0.02645402796128217,0.23541751691342366,1.8553308074421138,0.0001,1.0074531099133752
2308,1.0094713787519907,0.743918666612304,0.026393634794208146,0.23915907753438786,1.8453757211596198,0.0001,1.007342442235405
2309,1.010735301047745,0.7436607082281829,0.026160889174826972,0.24091370307800736,1.8754425290631958,0.0001,1.0076309174722398
2310,1.0131445525867702,0.7436167231437885,0.026053047567061914,0.2434747807424644,1.8497828823074125,0.0001,1.0083662450313569
2311,1.0059087916029879,0.7443655155009721,0.026281531877498356,0.23526174230142127,1.8665353436982657,0.0001,1.008337497493558
2312,1.0087917398729382,0.7437309729158273,0.026223856827308392,0.2388369112708143,1.8519245183008437,0.0001,1.0079721978300724
2313,1.0125081982864086,0.7440032730479753,0.02649213406909068,0.24201279095020786,1.8489233069197402,0.0001,1.0083980499730874
2314,1.006465634758042,0.7439199665497089,0.02622285890289059,0.2363228102651015,1.8641827017008412,0.0001,1.0085972061021815
2315,1.0088354060180773,0.7441067434469536,0.02630287058213178,0.23842579330380015,1.8762264384701093,0.0001,1.0085728767435644
2316,1.0080609559771014,0.744157848082498,0.026162394645489737,0.2377407135740376,1.865759321690573,0.0001,1.0089717029195284
2317,1.0052413601904322,0.7439626434753681,0.026241980749985266,0.2350367359877479,1.8957385267253821,0.0001,1.0089163319092491
2318,1.006910606886262,0.744240278767282,0.026405671305395284,0.2362646558841513,1.877345053225937,0.0001,1.0086602547226764
2319,1.0064144481509985,0.743681103172457,0.026192579501540858,0.23654076763812235,1.8659676983196885,0.0001,1.0082281694330018
2320,1.003502321049843,0.7440008475137289,0.026372845226078922,0.23312862770552567,1.8733511169348478,0.0001,1.0072639462793092
2321,1.0033775347966936,0.7437548407676495,0.026548436398922067,0.23307425650422278,1.8767570293457465,0.0001,1.0070108205986799
2322,1.0100111474130022,0.7442379938419644,0.026425100001553736,0.23934805232646136,1.8535005035555145,0.0001,1.0071327613526861
2323,1.0044428519980177,0.7435900741851837,0.026457550317713987,0.23439522753290182,1.8622829309583435,0.0001,1.006326226723847
2324,1.0097345979411994,0.7438291661879596,0.02616092496179422,0.23974450652697266,1.8531814721728435,0.0001,1.0066531230421627
2325,1.0077009284472127,0.7444511192565516,0.02629493312951759,0.2369548762727219,1.8550547433915052,0.0001,1.0065396752850764
2326,1.0070997258954308,0.7433233979265782,0.026369950350593117,0.23740637850991128,1.8607042232343198,0.0001,1.006443552276909
2327,1.0088107195393792,0.7440012995659943,0.02636407500106471,0.2384453434005954,1.8862902090467255,0.0001,1.006800488211804
2328,1.0088426196309181,0.7433118347463936,0.02645320365201629,0.23907758108138072,1.8572359711354935,0.0001,1.0069936894862697
2329,1.0075232795237528,0.7437842528186511,0.02660891975882571,0.23713010665913384,1.8545951466047739,0.0001,1.007104572623545
2330,1.0083642009547467,0.743199179307926,0.02624532997487283,0.23891969366682955,1.84851040656378,0.0001,1.0075907606140353
2331,1.0068850524527064,0.7441136775345638,0.026381789066245057,0.23638958639973437,1.8567400196261146,0.0001,1.0079415123796365
2332,1.0048629157925233,0.7446043278576152,0.026471604440081675,0.23378698391042665,1.8813808665556067,0.0001,1.0074266892175887
2333,1.006506274849116,0.744680763137268,0.026593269005750306,0.23523224232827916,1.8618972066933437,0.0001,1.0076330315026985
2334,1.0127626028795997,0.7442135384068286,0.026324615275400406,0.2422244525675116,1.8551765191869367,0.0001,1.0079358319965386
2335,1.0084202838476,0.74329237606656,0.026348594961495234,0.23877931258529728,1.8462227505554292,0.0001,1.0080077675365773
2336,1.0140600335041843,0.7442480183034591,0.026204714910495596,0.24360729888096663,1.8431277831234265,0.0001,1.008703798297453
2337,1.0107214109892777,0.7441248851422122,0.02626435485863057,0.24033217005900148,1.8672713892455033,0.0001,1.0088948674424425
2338,1.002773778433732,0.7442182361716915,0.02630412191696631,0.23225142004281948,1.8706517323519105,0.0001,1.0082879833227238
2339,1.0109198809153652,0.7445560519642085,0.026299550131900315,0.24006428030786117,1.857157890259857,0.0001,1.008627643461885
2340,1.006825141200671,0.7444393943096029,0.02618655786069363,0.23619918922306196,1.8563765966868062,0.0001,1.0084737374864774
2341,1.0106526100611348,0.7441330643986591,0.02607645055101561,0.24044309415557927,1.8600298935211212,0.0001,1.0088504932473206
2342,1.0096999200072299,0.7436700123560598,0.02613390604332543,0.23989599909157347,1.8583264624129445,0.0001,1.009334193668791
2343,1.0079504163221704,0.7434733713132614,0.026078547715657138,0.23839849527570103,1.869678071014296,0.0001,1.0094786078160964
2344,1.0125020031513114,0.7442617030704722,0.026445610528059955,0.24179469022529604,1.8461804477002992,0.0001,1.0094525478432677
2345,1.004877221269975,0.7436542911171672,0.02628955855572683,0.23493337141950643,1.8741898633403662,0.0001,1.0090982415855052
2346,1.0038071211888389,0.7435145784343232,0.02650305006131681,0.2337894927083116,1.846361380561612,0.0001,1.0080729503539707
2347,1.0100746203145923,0.7434565921826005,0.026235720206951273,0.2403823063835411,1.8635304822883065,0.0001,1.008008271286502
2348,1.0078387183059785,0.7437015377725598,0.02647382830993157,0.23766335178521777,1.8590858986121404,0.0001,1.0085147652737265
2349,1.0145812132537486,0.7440836395743411,0.026177890160504508,0.24431968403273616,1.8595376749793124,0.0001,1.008880898507565
2350,1.0086868758375698,0.7440541222177702,0.026234146305803837,0.23839860699662815,1.8590248001032863,0.0001,1.0090670719712551
2351,1.0067150157557057,0.7436953501333813,0.026187176636701667,0.23683248580439095,1.8749251592957223,0.0001,1.0086733125407121
2352,1.0115798813334342,0.7437675615836834,0.026186585426330566,0.2416257354115376,1.8584056367255128,0.0001,1.0088613086733325
2353,1.0167946358481479,0.7439402016616496,0.026333697427358877,0.24652073858778084,1.8816674621303473,0.0001,1.0097457306259303
2354,1.004917074773181,0.7444753327669527,0.02650749441576294,0.23393424915463398,1.8432471009828981,0.0001,1.008987237788117
2355,1.0032823892200695,0.7435256723941702,0.02642461881192654,0.23333209641957864,1.856701456750866,0.0001,1.0088277545831268
2356,1.0132277678040897,0.7445992447783449,0.026136564676466627,0.24249195887822408,1.8692867842939271,0.0001,1.0097698192446516
2357,1.0104115351460285,0.7445511186824125,0.02620785231522566,0.2396525637932409,1.858201447655173,0.0001,1.0098035107277954
2358,1.0082309607559963,0.7438412567423033,0.026172123622700844,0.23821758086704337,1.8598145432694688,0.0001,1.009842734972797
2359,1.0050987525112005,0.7443280681877059,0.026193395347672593,0.23457728836753428,1.8464169183077241,0.0001,1.0088944888985423
2360,1.007024647014378,0.7431930121011715,0.026339983359795312,0.237491651424953,1.8585367804850332,0.0001,1.0087282660162231
2361,1.0092688121853688,0.7436313652121754,0.026201163295800012,0.23943628344692397,1.8592538814273858,0.0001,1.0089836456591894
2362,1.010934330991509,0.7432068840243512,0.026178832228236942,0.2415486146104626,1.8593932179843677,0.0001,1.008919090624997
2363,1.0083973274753253,0.7432166254544597,0.026302569778163826,0.23887813263563307,1.8616927134337822,0.0001,1.0080793597877147
2364,1.007167884713496,0.7441089210113696,0.026569354848494153,0.236489607765515,1.852211918356936,0.0001,1.0083044407817463
2365,1.0069244436269842,0.7443002404354165,0.0261663764292038,0.23645782902927476,1.8680713708695726,0.0001,1.0086686462224377
2366,1.0075296776531677,0.7443900578645857,0.02617197080267854,0.236967647875117,1.8559564434248825,0.0001,1.0080988372073454
2367,1.0039841039427395,0.7430724571732914,0.026406283552699833,0.23450536577080133,1.892373176907429,0.0001,1.0074560940870165
2368,1.0071073401772226,0.7442916092476062,0.02628743068199854,0.23652830132817884,1.8861246532165497,0.0001,1.0073437320291392
2369,1.0112963494132547,0.7438767053050879,0.02628543241512461,0.24113420897274906,1.8544210541320862,0.0001,1.0079634917193445
2370,1.0120002640671952,0.7434955099049736,0.02627580838077692,0.24222894833171948,1.8512106473740892,0.0001,1.0084610534246263
2371,1.0056476412873723,0.744101984626623,0.026373138775931892,0.2351725187311308,1.8680303123369661,0.0001,1.0080989363348265
2372,1.0066787278918174,0.7437385651934703,0.02662261939677457,0.23631754286235868,1.886794787391446,0.0001,1.0076733760248573
2373,1.0096639476973435,0.743715006971456,0.026361263064293542,0.23958767698246525,1.866170816682657,0.0001,1.007800038047059
2374,1.0054180483063626,0.7431317986145948,0.02634699204388787,0.23593925847908062,1.8907789144264515,0.0001,1.0076250544063456
2375,1.0085080299851377,0.7440538353175227,0.02618937946961811,0.23826481445747263,1.867386032795084,0.0001,1.0077834130421612
2376,1.008708884217918,0.7440309959783031,0.026204077031984775,0.23847381042649035,1.8983325015217005,0.0001,1.007901333698636
2377,1.0115389083993847,0.7446272777011863,0.026362300160932252,0.2405493302576803,1.8445418533882312,0.0001,1.0086568141443006
2378,1.0026000704291385,0.7439523547222842,0.026225348998760355,0.23242236569554037,1.8468554179518508,0.0001,1.0082060871694924
2379,1.004695776993556,0.7437189256443697,0.026275357416628824,0.23470149432548887,1.8696068003018051,0.0001,1.0075460299275227
2380,1.010436430422336,0.7434536873931575,0.026409657925186004,0.24057308409143896,1.8416960099164177,0.0001,1.0073896465630365
2381,1.0023742553912118,0.7436514437561345,0.026321020861426424,0.23240178977621012,1.86747983091985,0.0001,1.0070623079734207
2382,1.0083478088311202,0.7442216295257785,0.026275501289909315,0.23785067970050275,1.867484872529763,0.0001,1.0072292160673508
2383,1.0080336998490727,0.7431224531382624,0.026154614848974512,0.2387566309021767,1.8664180183023757,0.0001,1.0070661912825238
2384,1.0069234598480905,0.7435514373179624,0.02628753393223513,0.23708448755511405,1.8649471490426672,0.0001,1.0072167324366965
2385,1.0120341685916057,0.7435168438944323,0.026066034367311797,0.2424512912064005,1.875582954221033,0.0001,1.0075693462973436
2386,1.0135574078463154,0.7436922633865543,0.02629018240961535,0.24357496298713568,1.869020959184813,0.0001,1.0080541986601832
2387,1.0087996990878974,0.7438921609224702,0.02633261390438428,0.23857492253441234,1.8478673720698329,0.0001,1.0077802777290343
2388,1.0142001665629914,0.7439386370699498,0.026199659275960244,0.24406186933298624,1.8387649668641313,0.0001,1.0089402873424196
2389,1.0094364403952933,0.7438519731254655,0.026142545936073784,0.23944192133375403,1.8663455078616344,0.0001,1.0094143536825935
2390,1.0097396698974934,0.7440792073100866,0.026031379525608273,0.2396290824346199,1.8568693230166637,0.0001,1.0093446776301092
2391,1.004839269070306,0.7440969882340267,0.02622769812299562,0.23451458257726918,1.8556663866700798,0.0001,1.0095911789980188
2392,1.0049440250193613,0.7435535580584776,0.02627841454248641,0.23511205356696557,1.8592050075531006,0.0001,1.0092508006168426
2393,1.0059637108148958,0.7432349494698082,0.026322647959417068,0.2364061138012709,1.8939357217378596,0.0001,1.0090438017134251
2394,1.009373798089869,0.7436166377870355,0.026450988003496708,0.23930617144546693,1.883760278413552,0.0001,1.0092888355376028
2395,1.0088347202624075,0.7436467268887688,0.02646810239517181,0.2387198925048536,1.8721318779320553,0.0001,1.0089688907046832
2396,1.007289236143201,0.7435560179288683,0.026555510370049468,0.23717770756469778,1.8595965786347766,0.0001,1.0083420735343718
2397,1.0085306408197352,0.7444731484320294,0.026494457562119676,0.2375630337903635,1.867602795906531,0.0001,1.0083151677075555
2398,1.009231719840129,0.7438258083790359,0.026348816695609876,0.23905709433099198,1.843956042496718,0.0001,1.007818323035269
2399,1.0054379812844143,0.7439731895077301,0.026243038641753594,0.23522174872956703,1.8931418398572755,0.0001,1.0074184771241812
2400,1.0059056230055634,0.7436051953878654,0.02624962441094265,0.2360508031840861,1.8863648176193237,0.0001,1.0070350724349884
2401,1.0066194691474248,0.7437542536679436,0.026538422334992137,0.23632679253997957,1.8485087298960037,0.0001,1.0072130924427003
2402,1.0138459229807826,0.7440857553578777,0.026354724446851874,0.24340544304192732,1.9060535530047775,0.0001,1.0081032822388425
2403,1.009901494331824,0.7440009776041909,0.02628259823240083,0.23961792144977298,1.8507871651988002,0.0001,1.0084970605905352
2404,1.0088194814221612,0.7437472918937946,0.026194024521245435,0.23887816516580496,1.8449072922460932,0.0001,1.0084416289237645
2405,1.0126703119181233,0.7437022785386014,0.026327527318958335,0.2426405055467304,1.8349386576948494,0.0001,1.008825188089336
2406,1.0123580491083388,0.7445261576354625,0.02626093139996635,0.2415709604431722,1.8529896221102855,0.0001,1.0093320693858499
2407,1.0083267596865764,0.7441024129821128,0.026254671824147688,0.23796967760816548,1.8527666775256577,0.0001,1.009311681272534
2408,1.009822092602751,0.7432996032204154,0.026364133275788407,0.24015835650703488,1.8582332035107254,0.0001,1.0093707185487961
2409,1.013017964411459,0.7441927352976847,0.026272122806757992,0.24255310580829578,1.8583757183372853,0.0001,1.0101287168615003
2410,1.0077923487939893,0.7436947164864376,0.026125755077926915,0.23797187576938583,1.8782915641037978,0.0001,1.010317389440343
2411,1.009442402189692,0.7438914743204871,0.026082166551818227,0.23946876078560705,1.8597939372304486,0.0001,1.0105996827445698
2412,1.0131363165064227,0.7442246601741164,0.02618303429524265,0.24272861888605732,1.8452584155916443,0.0001,1.0105287220971335
2413,1.0019137872643693,0.7434493593463549,0.026147766239019245,0.23231666127095116,1.871024100582208,0.0001,1.0097299513903883
2414,1.016373196189834,0.744318216011442,0.02609404129624125,0.24596093980402783,1.8774076156151946,0.0001,1.0104853228671555
2415,1.0094019017403315,0.7438145605110493,0.0261058616348019,0.23948147865749034,1.8533938782210282,0.0001,1.0101584818493763
2416,1.008259823065984,0.7439150771553086,0.026068845820475302,0.23827590101963367,1.8609035861419616,0.0001,1.0097486592451408
2417,1.0075239275580246,0.7433090708076833,0.02638832889270589,0.23782652933868384,1.8672958486704023,0.0001,1.0096683760322858
2418,1.00518443134687,0.7435123481566718,0.02631491990892205,0.23535716284678504,1.8678818116565263,0.0001,1.0092046099066976
2419,1.0047451335082915,0.7440498118226475,0.02616580093608183,0.23452952155053736,1.847248570672397,0.0001,1.008377326816381
2420,1.015424406915359,0.7437964548445618,0.02638554016910267,0.24524241232296215,1.8598898994995179,0.0001,1.009140532628518
2421,1.0030427850767758,0.7438418132538244,0.026367218934498258,0.23283375282044586,1.8610560466019668,0.0001,1.0085005709172263
2422,1.0091291314206308,0.7440023410151019,0.026408613332628478,0.23871817676308915,1.8487688554469761,0.0001,1.0080998524086469
2423,1.0138580103916763,0.7443790050113902,0.026496524017674446,0.242982484392716,1.8614426476476642,0.0001,1.0092942747213778
2424,1.009689660028802,0.7442576922702983,0.02631420223514642,0.23911776607497226,1.8493225414902879,0.0001,1.0086259211052746
2425,1.0043218045157303,0.7438921939286934,0.02628956097376516,0.23414004878207104,1.911931120116135,0.0001,1.0081179113828143
2426,1.0111447492912866,0.7435802172937451,0.026022372574641787,0.24154216082838437,1.853912871217631,0.0001,1.0084064040053444
2427,1.007511068913806,0.7440815402334651,0.026244825813881524,0.23718470365232194,1.8614142337628843,0.0001,1.0084051181409228
2428,1.0084470400462044,0.7444704220938151,0.026414068668899383,0.2375625486260858,1.8596583259033141,0.0001,1.0087313790108563
2429,1.0062480890484902,0.7436721796438128,0.02641384596756941,0.23616206383759544,1.852416940199676,0.0001,1.008881674564876
2430,1.014922407408515,0.7433335848802485,0.02638463558096431,0.24520418892707108,1.8593614824403373,0.0001,1.0088314746141918
2431,0.9995214410776057,0.7429115382943143,0.02629101445660388,0.2303188893165719,1.8716541905915762,0.0001,1.0084793402142747
2432,1.0119411766408182,0.7442826949075076,0.026533400069385708,0.2411250793478975,1.8393102964087866,0.0001,1.0087605447362935
2433,1.0067409159687422,0.7438380579193997,0.0264588391321426,0.2364440184184794,1.8787855499898203,0.0001,1.0080488352939998
2434,1.0141161831348953,0.7440925928448566,0.026332852806571046,0.24369074023398618,1.8628881006647076,0.0001,1.0084914876046092
2435,1.012465095423298,0.7438581415412392,0.0261786953672676,0.24242825855257302,1.8493313946540166,0.0001,1.0093058166953661
2436,1.011908027874287,0.7441432187088121,0.026260694915817912,0.24150411587049825,1.8665529293656107,0.0001,1.0093821445536661
2437,1.0066731080080384,0.7431492927591893,0.02619252703010915,0.23733128964311573,1.85402943130439,0.0001,1.0092983484630893
2438,1.010924182484648,0.7431300333257137,0.026444372734240055,0.2413497768365164,1.857006087264473,0.0001,1.009546062706934
2439,1.006008549225016,0.743123958971631,0.026067616973397215,0.23681697419053038,1.8634089456368654,0.0001,1.009522108724586
2440,1.0033545631907774,0.7436538742473594,0.026142169931113842,0.23355851852114012,1.8686684839140328,0.0001,1.0083653243028126
2441,1.004926273232783,0.7440833211186934,0.02621437086294921,0.23462858174986095,1.8793120546224877,0.0001,1.0089058075183304
2442,1.0098886225092967,0.7440615055769016,0.026016400503580277,0.23981071703332432,1.8617917093737373,0.0001,1.0087005521051782
2443,1.0099797847304819,0.7432111200647954,0.02625014549820225,0.24051851879722205,1.844119368895556,0.0001,1.0090244389813523
2444,1.0051667074886346,0.7429373406977006,0.02624880687218409,0.2359805614432475,1.8595333532194096,0.0001,1.0081294914167263
2445,1.0119484212045495,0.7433635345820723,0.026197038364216958,0.24238784782754721,1.8593833306256462,0.0001,1.0080778239948511
2446,1.0080063488130395,0.7435495265840759,0.026188142643013543,0.23826868008467053,1.8508353409854201,0.0001,1.0076876560887265
2447,1.0106376336989489,0.7434436258147744,0.02605577777413761,0.24113822812271166,1.8611492078154372,0.0001,1.0080841086578176
2448,1.0057853766193738,0.744129907045113,0.025975989038030226,0.23567948006773576,1.8775590068186514,0.0001,1.0075702280712902
2449,1.0049251714536191,0.7435206030977184,0.02609968306326721,0.23530488667544922,1.8639748582491769,0.0001,1.0074618902941503
2450,1.0077269482322446,0.7435548363544394,0.02591774623244094,0.23825436665036132,1.854931250305253,0.0001,1.0078991287982972
2451,1.005541185094667,0.7439363818865036,0.026255282378825406,0.23534951839618704,1.9051474876868073,0.0001,1.0079606199844855
2452,1.006069990490803,0.7432133006517592,0.026261005633743006,0.23659568301895084,1.865662041590615,0.0001,1.0075787567826362
2453,1.010528116269721,0.7439673602218319,0.0261469960938119,0.24041376090240163,1.8501600752495848,0.0001,1.00763358993656
2454,1.0067432007731578,0.74327150948391,0.026101004279409413,0.23737068805261752,1.8626487172883133,0.0001,1.0077912392650126
2455,1.0068059468124266,0.7432128623823123,0.026085267444169547,0.23750781669880267,1.8623371607875243,0.0001,1.0072769918258
2456,1.0111937560367779,0.7431431017347572,0.026191459224383682,0.2418591951532006,1.86474270148403,0.0001,1.0075957325481741
2457,1.002670088114168,0.7441528046590561,0.02618082420821122,0.23233646025189764,1.8986050502281886,0.0001,1.0067989779896958
2458,1.0118348356676392,0.7442136483066706,0.026378665202529628,0.24124252119878,1.8578199455268969,0.0001,1.0074039238945225
2459,1.002976032831606,0.7439101610415848,0.026213648836704587,0.23285222479329268,1.8637112030876577,0.0001,1.007209010032321
2460,1.0125670087264953,0.7438046865724405,0.026385636648831937,0.2423766851878553,1.8470358621276175,0.0001,1.0076930160817463
2461,1.0122054262770601,0.7438268403977941,0.026309107670193996,0.2420694770831728,1.8593894347216005,0.0001,1.0083594401999854
2462,1.0007025672020826,0.7437531430629397,0.026183604952287963,0.23076581740355154,1.8855205897627205,0.0001,1.0078226978711133
2463,1.0099554051008477,0.7440800825190592,0.026191930016446065,0.2396833938612597,1.8645163491579873,0.0001,1.0077654267542262
2464,1.0077385499801403,0.7435412109502673,0.02615724204761745,0.23804009748097607,1.8613250821405685,0.0001,1.0078649616749242
2465,1.0084369107627482,0.7436504094402399,0.026066375794323655,0.23872012739460802,1.8590658806400415,0.0001,1.0080280580699563
2466,1.0069463298963968,0.743890609871785,0.02603638413953491,0.23701933455137766,1.843326565218262,0.0001,1.0076033154559185
2467,1.0040572712435925,0.743344835770783,0.026144465133094402,0.23456797093666834,1.8699882813931479,0.0001,1.007742033768861
2468,1.009741341970997,0.743481499186394,0.026209581938041394,0.24005026028739027,1.8588234957526713,0.0001,1.0075326843991967
2469,1.0147228563774913,0.7438693710321345,0.025931407181776563,0.24492207811446387,1.8536282569834959,0.0001,1.0087073667537851
2470,1.0096420223766118,0.744010612640613,0.02594778020290042,0.23968363038696816,1.858331423743985,0.0001,1.008414868118797
2471,1.0050542228845747,0.7433447464242668,0.026138916460544052,0.23557056122389575,1.8550645120245448,0.0001,1.0076997477795484
2472,1.0105985620684363,0.7430703393344221,0.026272997411221084,0.24125522506587646,1.862454927233605,0.0001,1.0086893472661838
2473,1.0040391283393149,0.7433238071795651,0.026051743035384173,0.23466357971875954,1.8763719470699225,0.0001,1.0080977195900303
2474,1.0105536665926116,0.7436486198500736,0.02634095541120301,0.24056409077971994,1.87551465044157,0.0001,1.0083792312512776
2475,1.0112007005219528,0.7439221986408892,0.026317160221432576,0.24096134149716905,1.875425366794362,0.0001,1.008655610227198
2476,1.0077402487729674,0.7439738392346288,0.026215490898302555,0.23755091833778133,1.8791853158033887,0.0001,1.008735002114855
2477,1.0115372053749905,0.7436375108983889,0.026126783469627643,0.24177291296029552,1.8548942618147597,0.0001,1.0094829955279947
2478,1.0010555541297728,0.7432984159635966,0.026265422422552205,0.23149171790474568,1.8787342708928105,0.0001,1.0086144167438724
2479,1.0084106430078859,0.743457737970062,0.02600649210792526,0.23894641359485913,1.8400696305667652,0.0001,1.0079831954069118
2480,1.0069400637918746,0.7435822942677666,0.026134403192005582,0.23722336622631332,1.8627883669812588,0.0001,1.0077129995484382
2481,1.007765293000436,0.7439733912930285,0.02616618975664491,0.2376257112102383,1.8527038194103125,0.0001,1.0079841065600244
2482,1.0023100634859252,0.7434877201945013,0.026181374553734583,0.23264096869990744,1.860228000257852,0.0001,1.0071552567017732
2483,1.0116336749485009,0.744312165233233,0.026405382349815137,0.24091612664004128,1.8501549968854893,0.0001,1.0079147113626918
2484,1.0048620407044524,0.7433945554748752,0.02630968171249297,0.2351578040271393,1.8447515084342105,0.0001,1.0073455487738756
2485,1.006368185999911,0.7432901819385815,0.026235100221924077,0.23684290383940537,1.8409360093470761,0.0001,1.0068622973216717
2486,1.0098182618255305,0.7436525046704507,0.026296209853754565,0.23986954841211167,1.844477939799156,0.0001,1.007070098626928
2487,1.0066835087162969,0.7434414368855784,0.026186573819746595,0.23705549584229385,1.85079571876758,0.0001,1.0065847289610586
2488,1.0157815720923773,0.7436960499136733,0.026275977885263688,0.245809543938291,1.8542358111174546,0.0001,1.008057330757319
2489,1.0107031016030612,0.7435450167007911,0.026307545859238196,0.2408505385405333,1.8582072004101582,0.0001,1.0082865766168365
2490,1.0048091873435896,0.7445579630608007,0.026153265341783874,0.23409795660230862,1.8767077949419466,0.0001,1.008073488972008
2491,1.0091181451843911,0.743307879802905,0.026144353419723664,0.23966591317078162,1.8486337627890628,0.0001,1.0082087741904036
2492,1.0121832244536455,0.7437834177491147,0.026124661640995174,0.24227514451947704,1.855581623303721,0.0001,1.0091960902871757
2493,1.006936707554676,0.7435489602794996,0.02637456179148769,0.23701318936010646,1.8612627939568571,0.0001,1.0087263935477933
2494,1.0118154029817175,0.7439181252135224,0.02624727141784606,0.24165000660726554,1.839573990500723,0.0001,1.0094217297755197
2495,1.0066152289963155,0.7432476343779728,0.026258685767771506,0.23710890987445932,1.8668855648737166,0.0001,1.00944643407516
2496,1.0057309555233613,0.7432953461430377,0.026243340896544544,0.23619227027463865,1.8550322524916085,0.0001,1.0090377034449431
2497,1.0025047697353557,0.7431138750263934,0.02622359229391535,0.2331673037222989,1.865799498848209,0.0001,1.0086198295468491
2498,1.0096870461293699,0.7440148656073255,0.02603286589376825,0.23963931429579582,1.8794127978369382,0.0001,1.0080103769505484
2499,1.0020936693671267,0.7427640919994872,0.026225605794430746,0.2331039734679684,1.856197105943552,0.0001,1.007149433726955
2500,1.0111464072192657,0.743702004453957,0.026285118070142024,0.2411592837808461,1.8507156212479783,0.0001,1.0077831557145225
2501,1.0067810057142927,0.7436199530384845,0.026190858583663105,0.23697019526716057,1.8652822531261017,0.0001,1.0075494417675128
2502,1.0023784578209234,0.7436041469264466,0.026239290440541976,0.2325350203179201,1.8799007894059465,0.0001,1.0065689651042404
2503,1.0139197860721643,0.7441552673101909,0.02631118500692124,0.24345333437089625,1.856405743962611,0.0001,1.007267272955989
2504,1.0129239039295344,0.7438998151018944,0.026270459438192433,0.24275362913253098,1.8815454924082418,0.0001,1.007378123050771
2505,1.012632788073944,0.7426761379106533,0.026119496711127416,0.2438371530743448,1.8698040720899014,0.0001,1.0079798789585337
2506,1.0093675964260682,0.7436264668710333,0.02622927855284654,0.23951185047324242,1.8625275295598027,0.0001,1.0083435430488046
2507,1.006967778742676,0.7437885849761189,0.02612210674169823,0.23705708694929525,1.8625651610066876,0.0001,1.0087898439495366
2508,1.0147250123004643,0.7437692383723616,0.026352610355942052,0.24460316285288858,1.8321851201763502,0.0001,1.0092936405666462
2509,1.0120542650290483,0.7433883029113677,0.026047926403687884,0.24261803531350518,1.851211911524527,0.0001,1.0102897001328384
2510,1.0061954755570293,0.7429860583667097,0.026176883531148727,0.23703253417678222,1.8923749715754759,0.0001,1.0097946069666146
2511,1.0101885511473758,0.7438781823638003,0.026149136783143328,0.2401612334965934,1.8597881252335244,0.0001,1.010135361509923
2512,1.0084556568466867,0.7446880363547536,0.02604569721415367,0.23772192259014982,1.8658239014492073,0.0001,1.0107430814124991
2513,1.0079428917496005,0.7434537443379602,0.02622959894292495,0.23825954850649736,1.8858245270247391,0.0001,1.0101453919802428
2514,1.0061188296662382,0.7431136198024479,0.02631605759595519,0.23668915056009562,1.855287206342206,0.0001,1.0094648845539131
2515,1.0041357550853165,0.7438386045169637,0.026239854568883808,0.23405729674754955,1.8676559937169537,0.0001,1.0086151812550506
2516,1.0023404853097324,0.7433041432082774,0.02625109336922667,0.23278524926873057,1.8516373735895988,0.0001,1.0079124701434168
2517,1.0110132771621612,0.7439674153531057,0.02608751670342188,0.2409583419848528,1.858659863230181,0.0001,1.0083170199853655
2518,1.0086692450738097,0.7436514520983667,0.026029350066039916,0.23898844310586884,1.8518961883219938,0.0001,1.0077114432627
2519,1.008585399957506,0.7435969551968526,0.026039347203701553,0.23894909908499146,1.8809408099366007,0.0001,1.0073645567555456
2520,1.0087793467010977,0.7433503519207179,0.026225638921555834,0.23920335585882407,1.8579603525494466,0.0001,1.0076229438699524
2521,1.0033701375338417,0.7431057833029339,0.026364828220003758,0.2338995256784238,1.8851451399843784,0.0001,1.006941102508599
2522,1.0042912812552152,0.7432960046957763,0.026261358425535005,0.2347339179223256,1.8528142679051984,0.0001,1.0065246649494521
2523,1.0050323039716447,0.743467254522606,0.026285300390231924,0.23527974920237765,1.8589603840458466,0.0001,1.0062336061716561
2524,1.0096929628273537,0.7430412645997673,0.026291287211327233,0.2403604129317989,1.8478256645357392,0.0001,1.0065910194877679
2525,1.0133985964086427,0.7436385464233027,0.02612079374688634,0.2436392563291302,1.862438696151331,0.0001,1.0075173036201002
2526,1.010231128570758,0.7441409771872824,0.02616102555218865,0.2399291261939925,1.8936007383145377,0.0001,1.008306367946203
2527,1.003311305573214,0.743541781002803,0.026132475290046985,0.2336370483924905,1.8730106404538571,0.0001,1.0075361707873083
2528,1.0135822658848328,0.7437983267689332,0.026067000615427507,0.2437169410696378,1.8550287521393256,0.0001,1.0080274728684107
2529,1.0032514585200962,0.7436334415816874,0.026147301250248844,0.23347071597530197,1.8727909972169579,0.0001,1.0074940787246696
2530,1.0120272001678514,0.7439707358033372,0.026044588301776632,0.24201187634987956,1.8623434996750001,0.0001,1.007818864071345
2531,1.0108718101925105,0.7433898226484565,0.025929587849738873,0.24155240279242668,1.8794625794428115,0.0001,1.008569031337212
2532,1.007951092163883,0.7433945996040746,0.026237345128707422,0.23831914678125304,1.8736381639573443,0.0001,1.0089350124280787
2533,1.0031421548454562,0.7433584945438841,0.02625176002239359,0.23353190185468167,1.8397236177452196,0.0001,1.0087459975154598
2534,1.0080729184963158,0.7434479723595703,0.02608285617634926,0.23854209040622198,1.8577092907733415,0.0001,1.0085839930823561
2535,1.006983569137465,0.74336042353396,0.02616213204652736,0.2374610128466788,1.875564555851006,0.0001,1.007942490355238
2536,1.0080412342146976,0.7438490123584353,0.026256266036817074,0.2379359568804068,1.8645853432873924,0.0001,1.0077235009196321
2537,1.0124463429315578,0.7435129602830743,0.026050064916784816,0.2428833182351418,1.8396240721851527,0.0001,1.0086370046554667
2538,1.0109075946208188,0.7436368004787283,0.02632398029853558,0.2409468109547784,1.8616632046612474,0.0001,1.0083695375290653
2539,1.0101103153963844,0.7433207743549928,0.026063783657236467,0.24072575749372252,1.8495759040298616,0.0001,1.009055423216694
2540,1.0063573047065348,0.744051783370198,0.026140029241782416,0.236165494210338,1.8734652604341024,0.0001,1.0084884336705624
2541,0.9985230757305154,0.7433742139692481,0.02622083355398739,0.22892803006614681,1.8719663670773923,0.0001,1.0072535602243629
2542,1.0048660747177944,0.7433866847601188,0.026306719615541655,0.23517267209521173,1.8543805406253189,0.0001,1.006945058479754
2543,1.010897632302909,0.74345387745097,0.026111136101805897,0.24133261992892677,1.8457201102684284,0.0001,1.0077206062254995
2544,1.013934263593043,0.7435573055342777,0.02635099413912388,0.24402596587863037,1.8431973009999336,0.0001,1.008306740735172
2545,1.012521020901856,0.7437128412554278,0.026417135950517943,0.24239104254167473,1.860714064892117,0.0001,1.0088604859116113
2546,1.0129072259937775,0.7432545954267104,0.0262252312402938,0.24342739874493277,1.8584366705548208,0.0001,1.009347085089519
2547,1.008951247947453,0.7434471279805862,0.026050761311823167,0.23945335756125907,1.8499782835010583,0.0001,1.0089975755911085
2548,1.004118684701939,0.743115097344768,0.026189691880170035,0.234813893497232,1.8702306776452984,0.0001,1.0083186845992207
2549,1.009418335816923,0.7439988508185799,0.02617766068866722,0.23924182462704352,1.8492691001834056,0.0001,1.0082494866412746
2550,1.0065347674410434,0.743072168580417,0.0261317240055386,0.23733087370274153,1.8642671906198498,0.0001,1.0082672329147253
2551,1.0064256476582185,0.7435998157361942,0.02616213905883851,0.23666369113277713,1.8656038730188025,0.0001,1.0090574901074956
2552,1.0013184413223188,0.7437998016514111,0.025776059100400605,0.23174257999811224,1.8761014761837693,0.0001,1.008702726767948
2553,1.0087507267994522,0.7428734024446344,0.026212889330865886,0.23966443531109402,1.8541555523146964,0.0001,1.0084880362176023
2554,1.0093585199564998,0.7437186463609429,0.0261491055904489,0.23949076659584506,1.8650739371897482,0.0001,1.0080304618539482
2555,1.0102132053452622,0.7440458223012107,0.026295082322482406,0.2398723009822637,1.8741500300277802,0.0001,1.0077996802982887
2556,1.0100848435388377,0.7440503080041123,0.02603950800325034,0.23999502724433283,1.8514198050295847,0.0001,1.0075174420527948
2557,1.0039060341900792,0.7438165713517226,0.026240651312512752,0.23384881089866524,1.8653615805004964,0.0001,1.0070129206770573
2558,1.007348001486873,0.7430284252998554,0.026051021492747215,0.23826855393107715,1.8705261065558536,0.0001,1.007335852355551
2559,1.010314471460501,0.743696131280663,0.026126044033507063,0.24049229346759785,1.8635165113464571,0.0001,1.007425465919909
2560,1.003700084787837,0.7438377665457813,0.026095683386069525,0.23376663743270823,1.8875779053744148,0.0001,1.007141997654588
2561,1.0020411767775823,0.7437089930683314,0.025970278840519594,0.23236190833332693,1.8645229866731965,0.0001,1.0067035505665243
2562,1.0081732285191998,0.7439188356331831,0.026252987176844846,0.23800140761337707,1.8686181814627039,0.0001,1.0073890292862124
2563,1.0043741193794575,0.7429251882415756,0.02602931984056082,0.23541961201517625,1.8685598999685014,0.0001,1.0069513685442129
2564,1.0121896717901404,0.7435579756936002,0.025919599417015216,0.2427120951078001,1.873323984126774,0.0001,1.007234483727577
2565,1.0092798126880345,0.7438209874151203,0.026197344487869232,0.23926147852569032,1.8822109742773958,0.0001,1.0071411444618543
2566,1.008263847044467,0.744084647412716,0.02593230403219227,0.2382468970390471,1.8561926881875277,0.0001,1.0069590448124175
2567,1.0078019301499606,0.743122320750664,0.025916571549421393,0.23876303694877796,1.845959994904168,0.0001,1.0073486344084055
2568,1.0080388553485908,0.7428956361861548,0.02620651997610715,0.23893669948102736,1.8547702430469752,0.0001,1.007417719794577
2569,1.0063617968172378,0.7428630632754514,0.026166548835336558,0.2373321855754325,1.905256549678516,0.0001,1.0070224523302507
2570,1.012156196588435,0.743702347089988,0.025848012666915058,0.24260583565273827,1.8437336920241072,0.0001,1.0078680635103106
2571,1.0065769240048545,0.7428761984223526,0.02607631659169226,0.23762441044163268,1.8580033232667625,0.0001,1.0083216382330378
2572,1.0121693805797105,0.7437492883471398,0.026098956684553597,0.24232113660590884,1.870374725266354,0.0001,1.0087212534390886
2573,1.0114857964293227,0.7439485399041166,0.02605695535880315,0.2414802994133251,1.8603829111578982,0.0001,1.0094324211440753
2574,1.0119441474427073,0.743215983102578,0.026068587815785745,0.24265957765779922,1.8797825584547032,0.0001,1.009407868709332
2575,1.0084277277785914,0.744048689127452,0.026094642662373324,0.2382843976662802,1.8816515502291324,0.0001,1.0093226602183876
2576,1.011997486829274,0.7432093168127125,0.02610900822807761,0.24267916302772854,1.8719272814222572,0.0001,1.0096960241968687
2577,1.0063641585152725,0.7433716379121158,0.02619596282076884,0.23679655688317988,1.8541007704473653,0.0001,1.0095522470333997
2578,1.0053693404304087,0.7428221291509168,0.02624390550849404,0.2363033037798944,1.874933386671132,0.0001,1.0092852955415814
2579,1.0030416854738464,0.7436422174890917,0.026288854906573497,0.2331106152506375,1.8841729609042588,0.0001,1.0089532844072422
2580,1.0104402429433672,0.7437133913591474,0.026086047745137862,0.24064080308722313,1.8647979241597483,0.0001,1.0087816890427355
2581,1.0079312313642754,0.7436782959508605,0.025959197696275693,0.238293736938833,1.8561932242666248,0.0001,1.0089171197786775
2582,1.00799960466234,0.7432506073560966,0.02609423232126913,0.23865476488674148,1.870900353118324,0.0001,1.0085001421869406
2583,1.0100900255158756,0.7438502954904738,0.026116688643217572,0.24012304077767455,1.8600935440276265,0.0001,1.0083605650955958
2584,1.008284337622157,0.7435934723753475,0.026222562209587793,0.23846830446537562,1.8543960235665342,0.0001,1.007994584113541
2585,1.0072479551510685,0.7431129756370374,0.026124933428503194,0.23801004884360286,1.8673827858532177,0.0001,1.0078766068507885
2586,1.0112532952736164,0.7441549004937765,0.026090048873158547,0.24100834629961249,1.867741353613368,0.0001,1.007802187695223
2587,1.0080692726990272,0.7432704165305859,0.02616632565039892,0.23863253103187554,1.8594625997253171,0.0001,1.0079726991135982
2588,1.0123548256214443,0.7432822051928445,0.026214292276703563,0.24285832656505868,1.850046912506676,0.0001,1.008671247632702
2589,1.007071771921541,0.7438087133316674,0.025824784023524783,0.2374382726205834,1.8545937920197029,0.0001,1.0090742562774715
2590,1.0062148278431766,0.7442503297062965,0.02615378159296682,0.23581071744312138,1.8889981278541363,0.0001,1.0086517147674523
2591,1.0146508901162756,0.742676094990473,0.02613353221459998,0.2458412623898132,1.8791007509579765,0.0001,1.0093236806426522
2592,1.013511849465283,0.7434315405801151,0.026133477566933776,0.24394683103864864,1.8476793122823534,0.0001,1.0098749051229465
2593,1.008546467726903,0.7437689119371874,0.02607639010005742,0.23870116484712273,1.8456289785145263,0.0001,1.0097205493440495
2594,1.0080975535916992,0.7436950952721416,0.026084180052333622,0.23831827669549907,1.8528804662986895,0.0001,1.0097018709410035
2595,1.0027183007758722,0.7427016659875912,0.026019884413202684,0.23399674800237827,1.8538943952285736,0.0001,1.009248905503484
2596,1.0113700229304317,0.7434570524561961,0.026005099801456228,0.24190787068033556,1.8480359112756972,0.0001,1.0092605782691653
2597,1.0141609879342828,0.7431965187403542,0.02621192598439617,0.24475254113719805,1.8547356750128476,0.0001,1.009869749792691
2598,1.0108672468705786,0.7429114746999064,0.026206083036581354,0.24174969094006332,1.876542783895806,0.0001,1.0097209919176042
2599,1.0131718276964,0.743591735135711,0.02614364783613967,0.24343644401425038,1.83844595627659,0.0001,1.0103309974950903
2600,1.0085640255868071,0.743660507047394,0.026137263005935638,0.23876625164950355,1.8549462950979236,0.0001,1.0105659172694534
2601,1.011365057367824,0.7433052630018269,0.026039049543183427,0.24202074352689618,1.862797448166002,0.0001,1.0102373339946082
2602,1.0053249063162968,0.7429976090939968,0.025988085274764056,0.2363392119210886,1.8600406721687703,0.0001,1.0094186396797096
2603,1.001865985064671,0.7438097702562204,0.026136556455136312,0.23191965823241228,1.866872401314865,0.0001,1.0087505914134862
2604,1.0121473516460364,0.7436463644248235,0.02603393369949372,0.24246705326480267,1.847674259549464,0.0001,1.0091555712189202
2605,1.0092576350450033,0.7434855665686648,0.026136500598450945,0.2396355673716107,1.8665924229438116,0.0001,1.0098095046458329
2606,1.009692985556914,0.7430363627524695,0.025993297839986867,0.2406633246319773,1.8572331577478993,0.0001,1.0096418009084815
2607,1.0123973510570023,0.7437196851502084,0.026138736558492477,0.24253892910271943,1.841785605974178,0.0001,1.0094654372207532
2608,1.0058679436815197,0.7436544577200079,0.026058725121055122,0.23615475914027337,1.9099286833351088,0.0001,1.0089655069018473
2609,1.0149133846193976,0.7434117564323224,0.02629278591148268,0.24520884445182692,1.8505398777387205,0.0001,1.0091396625941471
2610,1.0073432843777035,0.743594616711986,0.025851675753177542,0.23789699318201016,1.8526729768478363,0.0001,1.0090175884732369
2611,1.0102117656452418,0.7435796003312658,0.02620101168479687,0.24043115152850839,1.8544228596813055,0.0001,1.0089022593009787
2612,1.0094738364461469,0.7438275613359215,0.026141402929356326,0.23950486809287302,1.8540214870812686,0.0001,1.0093171523139635
2613,1.012822490918467,0.7434555225633462,0.026091535724926188,0.243275434232145,1.8542100870585103,0.0001,1.0104128028993433
2614,1.008430724211687,0.7435298458074218,0.026071649294112324,0.23882922822605765,1.8538254639681648,0.0001,1.0100411401559082
2615,1.0076663710524538,0.7434718896602762,0.026112064628523696,0.23808241597401322,1.8614234336733093,0.0001,1.0098820137566533
2616,1.0061594290133664,0.7442507697892721,0.02621050079260588,0.23569815592885415,1.8781120709425054,0.0001,1.0095286581022986
2617,1.0109884834434633,0.7430971943098923,0.026292389353196954,0.2415989007627021,1.8546251634071613,0.0001,1.0093877713409445
2618,1.01033712086281,0.7440714999338193,0.026296537497947955,0.23996908550904442,1.8587221835738021,0.0001,1.0098346890590735
2619,1.0087162125666775,0.7437705865496312,0.02606019915721963,0.2388854262175352,1.8464917592538055,0.0001,1.0092149718538017
2620,1.0083417452373078,0.7438425514809258,0.026112231956775967,0.23838696294817432,1.8673928884173503,0.0001,1.0093148179397622
2621,1.0058507931401715,0.743295292341685,0.026175497511579347,0.2363800003625921,1.8580457313065597,0.0001,1.008878720689255
2622,1.0065363720512777,0.7437415445793957,0.026083939215716195,0.23671088862264977,1.8822002403634557,0.0001,1.0085849742497683
2623,1.0073100338117589,0.7423315325083162,0.02613553580115823,0.23884296590277196,1.8683733275163972,0.0001,1.0080337285390972
2624,1.0074905475061273,0.7433407662122776,0.02587220102971756,0.2382775802187939,1.8466398747407398,0.0001,1.0079397108685417
2625,1.009080222122084,0.7432601713021919,0.02614013297562667,0.2396799182749786,1.8516887070924708,0.0001,1.0080810959755044
2626,1.0160614932768244,0.7434081521043913,0.026069536412221664,0.24658380498690247,1.8411319458944078,0.0001,1.0090713024018503
2627,1.0054063222712968,0.7435116484972817,0.026020651173156367,0.23587402244973135,1.8445178988497348,0.0001,1.0085130862846337
2628,1.0078636972464123,0.7435728525535088,0.026018581815955604,0.238272263126308,1.8576130617946447,0.0001,1.0082657439229938
2629,1.0084491124259531,0.7426051329405747,0.026079208565532072,0.23976477339077915,1.86893685231586,0.0001,1.0082390339089213
2630,1.011843025200749,0.7425427288119256,0.025812169359373513,0.24348812804200345,1.8558724197364482,0.0001,1.0085891619052656
2631,1.0052467848176163,0.7430770185607926,0.026009612344583197,0.2361601554953,1.8652763463420752,0.0001,1.00852876107301
2632,1.0060873287928274,0.7431633234265852,0.025947940760645372,0.2369760652365537,1.8393669524976255,0.0001,1.008483856747165
2633,1.0118584455147719,0.7438388495851482,0.025924890084876008,0.24209470823633863,1.8555578024827442,0.0001,1.0089386979174662
2634,1.0019457947168098,0.7432627842344087,0.02598728780572361,0.2326957226275612,1.8563760780175849,0.0001,1.0083842226385347
2635,1.0124926339782034,0.7434942462381436,0.02580356984786523,0.24319481678896454,1.9176727308462889,0.0001,1.0087254638241467
2636,1.006302720755641,0.7433627812422313,0.025859797702116126,0.2370801427558397,1.8517077094884722,0.0001,1.0077495865720283
2637,1.005996918702464,0.743091457634862,0.025848381175956184,0.23705707990675862,1.8700088934772638,0.0001,1.007808646215145
2638,1.0076285730027281,0.7435576896396661,0.026063659611870262,0.2380072240836722,1.8696294432963125,0.0001,1.0077851337907764
2639,0.9987477089522093,0.7425203080351406,0.026084388729041296,0.23014301217291466,1.862284395080551,0.0001,1.006814993443402
2640,1.011341489836362,0.7433052792026837,0.025968275979372842,0.24206793548550615,1.8590638120082523,0.0001,1.0067648399069633
2641,1.0098839005640505,0.7430664028889267,0.026131820968875535,0.2406856788560355,1.8639703843946631,0.0001,1.0072285514816066
2642,1.0057396308403712,0.7428855630011878,0.026060475539000476,0.23679359176368064,1.8669694560536507,0.0001,1.007193781686361
2643,1.008946882783762,0.7435478767565249,0.026034317442176307,0.23936468974874178,1.8678146924740402,0.0001,1.00690262541326
2644,1.0109263381658171,0.7438340806090565,0.026054754460317367,0.2410375036631709,1.8561720531320476,0.0001,1.007800679758161
2645,1.0045774287674538,0.743047119275068,0.025928324182908868,0.23560198490898943,1.857207009806836,0.0001,1.0070091592370858
2646,1.0087751610767528,0.7434765206872812,0.02604224739887168,0.2392563933381928,1.86231452238729,0.0001,1.007256403269197
2647,1.004679038606841,0.7433251252522575,0.026070848681622055,0.2352830622549231,1.8691730160742213,0.0001,1.007124615259635
2648,1.0138560140592332,0.7432060152231801,0.025988839702722265,0.2446611601836662,1.8364814295004637,0.0001,1.0077473593652853
2649,1.001150219242181,0.7437047440913821,0.025961431721886565,0.2314840419932021,1.8642939520172366,0.0001,1.0079876103942824
2650,1.002181591296051,0.742543805322589,0.026131309553769248,0.23350647558093554,1.845868251386569,0.0001,1.0070716205402512
2651,1.0127818634011925,0.7439661445530626,0.026074793469349704,0.24274092644422823,1.864445028633907,0.0001,1.0073614168239655
2652,1.010466838221521,0.7429961785825222,0.026067151742822984,0.24140350866692545,1.8918759138540613,0.0001,1.0078341375620807
2653,1.0136082232844756,0.7431012833336063,0.02603115247180931,0.244475789171687,1.8410622500502798,0.0001,1.008300271612152
2654,1.008343134763033,0.742739093593845,0.025973511032352098,0.23963052939253332,1.8489500417187055,0.0001,1.0080419512718735
2655,1.0042649414428106,0.7433365932826338,0.02602211819700972,0.23490622898083913,1.860765911502722,0.0001,1.0080107025394092
2656,1.012839572303919,0.7430457874195571,0.02619447621080503,0.24359930775167976,1.866028703734067,0.0001,1.0084171436621259
2657,1.0126438652284246,0.7440596765727107,0.026027907222569834,0.2425562824456977,1.8647788388250324,0.0001,1.0092136263242844
2658,1.0087082619357544,0.743191341478491,0.02599321756111439,0.23952370408249918,1.881031659747234,0.0001,1.0086988511119361
2659,1.0074771526619097,0.7436147032354715,0.026087862241098894,0.2377745869964301,1.8599424565297837,0.0001,1.009331544453909
2660,1.006707402803835,0.7434909263924218,0.026087453350817698,0.2371290214133069,1.8593632601821157,0.0001,1.0097841256046876
2661,1.0129531504658125,0.7426790028024639,0.02615446952487102,0.2441196780364666,1.9030821122697594,0.0001,1.0098012543111494
2662,1.0050238577637662,0.7433092949598362,0.02600312281331958,0.2357114400170577,1.8784606323764483,0.0001,1.009256956265374
2663,1.0051718840250863,0.7441888437068003,0.025933532879270357,0.23504950488118442,1.8880359185878453,0.0001,1.0084133223394351
2664,1.0104775260718308,0.7434280249941905,0.026009146146793637,0.24104035388806772,1.8838182373414416,0.0001,1.008626761470315
2665,1.0004539469192768,0.7430758314248757,0.026066610585845265,0.23131150550173094,1.8604323634269513,0.0001,1.0082456620179614
2666,1.0005822191373814,0.7433513402938843,0.025924538502103175,0.23130634133127834,1.8726149207438223,0.0001,1.0070199267013078
2667,1.0122803277950017,0.7440860730881139,0.025916950456027328,0.24227730242599702,1.8620830979840508,0.0001,1.0069835729579657
2668,1.0117816576851308,0.7431236326573587,0.026043103142635818,0.24261492094814657,1.8401694479143402,0.0001,1.0072909125329033
2669,1.001531452726399,0.7429688766326672,0.025969245129134545,0.23259333323339723,1.8376271502241401,0.0001,1.0066963425393518
2670,1.003637740989244,0.7435885482820971,0.02593805968882346,0.2341111315523877,1.926209622416003,0.0001,1.006389376357893
2671,1.0116031433457535,0.7432071697155795,0.025766716283910415,0.24262925736893262,1.8712858092228732,0.0001,1.0062543756458873
2672,1.008624254569079,0.7433163992773447,0.025930516618260506,0.23937733880948828,1.8656864139661344,0.0001,1.0066144153264183
2673,1.008089509261791,0.7435282468795776,0.025854501230963344,0.23870676124570456,1.8670229950492812,0.0001,1.0069061778500887
2674,1.018653604007396,0.7435483719707744,0.025923911262960994,0.2491813221867017,1.8380213925127566,0.0001,1.0077237856436452
2675,1.0086012570901526,0.7441350344953865,0.025870220172719588,0.23859600195355155,1.8533830279994445,0.0001,1.008538516660733
2676,1.0119918205191591,0.7429581955528646,0.026044271538755714,0.24298935292881835,1.8743876511378414,0.0001,1.0096794767989106
2677,1.0091643338271135,0.7426696187584202,0.02601982879832115,0.24047488622963864,1.8597130656967782,0.0001,1.0093678774021217
2678,1.009138871883524,0.7436566259749763,0.026196061476732604,0.2392861837819672,1.8890115895571138,0.0001,1.009103598821961
2679,1.0056666723371277,0.742946292638295,0.026035034632344276,0.23668534314717046,1.8962922797483557,0.0001,1.009517120783034
2680,1.0111614701472238,0.7429856003902505,0.026049177254914752,0.24212669275141874,1.8482374310735272,0.0001,1.010269493698832
2681,1.0029448801557141,0.743798769511751,0.025934712881974225,0.23321139726326867,1.8559494598883886,0.0001,1.0094036673798281
2682,1.0082401425311338,0.743177825611455,0.02619170876593909,0.23887060952144268,1.8617392577699425,0.0001,1.0093652561760336
2683,1.0113384977557354,0.7439638997671812,0.026121127194371718,0.24125347098309177,1.866523627335353,0.0001,1.009690155025428
2684,1.0075424737910954,0.7435994876083931,0.026160725715436026,0.23778226105666306,1.8494293167431504,0.0001,1.008579042003798
2685,1.0054953569814593,0.7431205247526962,0.02604554923020802,0.23632928038027295,1.8704485922265972,0.0001,1.0082684519929286
2686,1.0082167689263457,0.7434004356604802,0.025953781532225696,0.23886255089866099,1.8641073725528214,0.0001,1.0078909468336472
2687,1.0081126938968836,0.7434681084528414,0.025895423628012018,0.23874916384869366,1.8611273337571181,0.0001,1.007785782840624
2688,1.0134512748244326,0.7436678178653756,0.026095009962395287,0.24368844432170686,1.8615749080572843,0.0001,1.0082170231347152
2689,1.0111605274749818,0.7434921484689926,0.026324928653167663,0.24134345088932382,1.8704487046653795,0.0001,1.0087664086485006
2690,1.0114107610729597,0.7440124621981298,0.025878165604860257,0.24152013450921428,1.8820186449596412,0.0001,1.008791337741074
2691,1.0033873018580082,0.7431348750847591,0.025905072326350646,0.2343473549002808,1.881899676506708,0.0001,1.0088355799113036
2692,1.0090376486884653,0.7434939182312446,0.02619466723583291,0.23934906195191777,1.892223602376168,0.0001,1.0089153305270369
2693,1.0081606562916212,0.7433419411371011,0.026163134081610317,0.23865558261063108,1.9065402613208453,0.0001,1.0085975463806254
2694,1.0023238291363203,0.7432013282185878,0.02595417518886543,0.23316832568352894,1.8553445227973118,0.0001,1.008075681915148
2695,1.0100709133409342,0.743896166282058,0.026061576713654864,0.24011317175070607,1.8462635450382503,0.0001,1.0085332375510954
2696,1.0082775761824834,0.744034876929819,0.02597693304019332,0.23826576672252608,1.8554707538283621,0.0001,1.008539318276709
2697,1.0055573469001429,0.743073526188036,0.026060238329440537,0.23642358109808356,1.8517468244018709,0.0001,1.0082837835770349
2698,1.00412261014536,0.7430047465386304,0.026084823250528764,0.23503304239642064,1.8621803710716975,0.0001,1.007350917109128
2699,1.012712575963738,0.7434116884854454,0.02600874596145042,0.2432921409841181,1.8660192305853112,0.0001,1.0075061219580033
2700,1.0084781811155121,0.7432450722245609,0.025953484597119065,0.2392796232019368,1.8735560580151076,0.0001,1.0072128639622586
2701,1.0026955129408692,0.742909608578827,0.026097009438288382,0.23368889436458234,1.8405149425502723,0.0001,1.0071436850705449
2702,1.0088233143756162,0.7433595629541192,0.026049245443595593,0.23941450464798036,1.8677309234050419,0.0001,1.00712225163926
2703,1.0057226945372189,0.7430696320582113,0.02599673411425422,0.23665632971734352,1.8750292169153087,0.0001,1.0068784554638197
2704,1.005294349565951,0.7431156100897953,0.026029790632623204,0.23614894979563494,1.8727691688595631,0.0001,1.0071755075067828
2705,1.0062793128147087,0.7429881147874055,0.025970323574228654,0.23732087438506722,1.8543538916667142,0.0001,1.00679634745416
2706,1.0115917042109352,0.7431275363384348,0.02603470674634705,0.24242946146619004,1.850577772751783,0.0001,1.0071277602570052
2707,1.0107030129819565,0.7437172996344963,0.026105305969594216,0.24088040972789693,1.8732772770566342,0.0001,1.0076423268651866
2708,1.0097868379666404,0.7433986738777547,0.026156503336908367,0.2402316595448472,1.8416497685604598,0.0001,1.0082087496473147
2709,1.0103140023610655,0.7431570630044531,0.02620193827708401,0.24095500111731022,1.8578212703700965,0.0001,1.0079688922870473
2710,1.0096781122031608,0.7429226783177916,0.02609882538507241,0.24065660517266055,1.8467489592202053,0.0001,1.0080888853958123
2711,1.0098786911422777,0.7428903197661858,0.025755274610151868,0.24123309844345397,1.8433011269714479,0.0001,1.0088072032159532
2712,1.0136619130447961,0.7424673990593963,0.026061874857780658,0.24513263754833783,1.8653376008144016,0.0001,1.009291063082871
2713,1.010678526716832,0.7430496261763041,0.02595858085469832,0.24167032024500093,1.8579783461398576,0.0001,1.0097866463008325
2714,1.010204812334227,0.7432420130433708,0.025850517271014787,0.24111228121508813,1.8534389714923882,0.0001,1.01027769257766
2715,1.0073667684868433,0.743497308079176,0.02602556438523422,0.23784389799464548,1.891735753471421,0.0001,1.0103864381448733
2716,1.0075415392192817,0.7428968632197042,0.02585920068845304,0.23878547641435452,1.8814203250722517,0.0001,1.0099814216457081
2717,1.0079628452809781,0.7434037920185809,0.02582315450749581,0.23873589918561447,1.860650107778352,0.0001,1.0097074048756105
2718,1.0071878168452342,0.7430855929247022,0.026154310176145234,0.23794791587528302,1.8550351493015251,0.0001,1.0094475027634697
2719,1.0117396720766296,0.7433659017206931,0.025927647857588637,0.2424461227325953,1.8351057025530275,0.0001,1.009590069735026
2720,1.0085703601218141,0.7434515587940177,0.026056855977427885,0.23906194722434812,1.8497555932940624,0.0001,1.0094792945268913
2721,1.007652445932431,0.7436218634096653,0.02603444463099234,0.23799613863229752,1.8738122027495812,0.0001,1.0092566700059067
2722,1.0106448857585992,0.743409949794986,0.02594491458567838,0.24129002106434555,1.8386433044746973,0.0001,1.008954967277287
2723,1.0061554703219184,0.7428260608812375,0.025929324041757334,0.23740008589764397,1.8604015820408448,0.0001,1.0085026616377957
2724,1.011533362991186,0.7432471518584246,0.026009897431302022,0.2422763130742807,1.8423290608137182,0.0001,1.0086355167034915
2725,1.0096940359527635,0.7432673052406698,0.025959915128247493,0.2404668155271734,1.8475320288424075,0.0001,1.0088682434500835
2726,1.008055025496299,0.7431571866871135,0.025916929177290045,0.23898091021373596,1.8580773449814585,0.0001,1.0089195920777854
2727,1.0124871704206022,0.7431234652082045,0.026064734913514544,0.2432989713076585,1.8483268861596531,0.0001,1.0093720245917477
2728,1.0039911023501693,0.7432965526232613,0.02586418982693438,0.23483035801843746,1.8487582678243548,0.0001,1.0090523531422413
2729,1.0088596149342055,0.7430072548906895,0.02593837403380605,0.23991398678990516,1.8845455324915794,0.0001,1.008764347427999
2730,1.0092499292404609,0.7432603742965095,0.026101513276477372,0.23988803989172708,1.8558043587280335,0.0001,1.0088323043398635
2731,1.0087639064382588,0.7428821926184649,0.026139645499099824,0.23974206839625783,1.8444288678875318,0.0001,1.0089434503904464
2732,1.008800778137501,0.7431288499377562,0.025857700779278427,0.23981422760937568,1.863752055119791,0.0001,1.0087590396283364
2733,1.0119777267409629,0.7425192421638458,0.02597409353778522,0.24348439135669936,1.899906344394413,0.0001,1.009341265270241
2734,1.0149761611259491,0.7435860573399139,0.02588528189165839,0.2455048231714033,1.8390318738035933,0.0001,1.009685545083717
2735,1.0161324437201387,0.7430037361613152,0.02596365486632496,0.24716505379572842,1.8557417910190914,0.0001,1.0103293858604547
2736,1.0070430996693656,0.743830009962434,0.025872226902727665,0.23734086487464925,1.856973779612574,0.0001,1.0102281932777613
2737,1.0100823697647265,0.742859949446595,0.025755264454390893,0.24146715638513014,1.8424070343284529,0.0001,1.009987713212174
2738,1.0131747845945687,0.7425756865534289,0.025816990927798752,0.24478210835636388,1.887748877126837,0.0001,1.0109060814366138
2739,1.005545753736283,0.7436439113249401,0.025960332723466668,0.23594150711115427,1.849677509274976,0.0001,1.0105746953168215
2740,1.0064569105966579,0.7430097596156912,0.02605026053608552,0.2373968892188603,1.8619359098148152,0.0001,1.0102953934524412
2741,1.006394660980658,0.7425674267763056,0.02613840818888759,0.23768882376177738,1.841592058690518,0.0001,1.010058468906681
2742,1.0087992289003447,0.7426950849335769,0.026048251629842947,0.24005589406733338,1.855107537389527,0.0001,1.0100583139829653
2743,1.0105207354495298,0.743804568693072,0.02611096224485014,0.2406052036426251,1.9052649521199008,0.0001,1.009912614853822
2744,1.008967857815431,0.7426318621780519,0.0260543339634522,0.2402816608805081,1.8616392639055697,0.0001,1.0093117845227704
2745,1.0079069310462982,0.7431051977749529,0.02586719012889127,0.2389345444988225,1.854784220759332,0.0001,1.0084892332553863
2746,1.012820374167715,0.7428885932868199,0.025951648097009252,0.24398013489966944,1.8427297082440606,0.0001,1.0090669607052214
2747,1.0103266005825562,0.7433897733204747,0.025884902259640956,0.2410519258185284,1.8532296174921805,0.0001,1.0090913837870044
2748,1.0064142266586877,0.7425747374733853,0.025989599692168634,0.2378498903092216,1.8588580335613196,0.0001,1.008415327993416
2749,1.0080289904776258,0.7430920560993481,0.025851825429750022,0.2390851083440181,1.8552309842912469,0.0001,1.0086636516675505
2750,1.005130437639132,0.7434272845908546,0.026023848545236955,0.2356793035622724,1.8518131504677855,0.0001,1.0085310043717979
2751,1.0050002521482007,0.7430838167546487,0.025921045887542786,0.23599538956646018,1.836206237394476,0.0001,1.0083915634885519
2752,1.0089577525914561,0.7430580488083087,0.02593401769595504,0.23996568465903856,1.8413391623487336,0.0001,1.0084074158576632
2753,1.0006884174462989,0.7427247225875545,0.025867422744178387,0.23209627217501705,1.8788131801883783,0.0001,1.00742418405734
2754,1.004834080080957,0.7428386866683651,0.025902482607301786,0.23609291168938543,1.8416023363206255,0.0001,1.0070108062838927
2755,1.0090072561229217,0.7434457501823472,0.02609029648028329,0.23947120756364257,1.8552625771710163,0.0001,1.0071208387915553
2756,1.0112807977997507,0.7428946877106208,0.025740655875834684,0.24264545538453253,1.863021854212995,0.0001,1.0069668811547587
2757,1.007108341607796,0.743360404794163,0.026006035340485175,0.23774190143536603,1.8457788722268467,0.0001,1.0066450552572825
2758,1.0087456384004976,0.7428687349052506,0.02614614421890909,0.23973076089340098,1.8553067760099988,0.0001,1.006878196431464
2759,1.0128132282599474,0.7429837568778296,0.02605132761639949,0.24377814380350027,1.837293440865213,0.0001,1.007356620209696
2760,1.0088181071300777,0.7432489890839459,0.026025326208458953,0.23954379019794067,1.8445919179045889,0.0001,1.0077253871587903
2761,1.0087467123722207,0.7436123730928371,0.026049709948758326,0.2390846304338554,1.8471621920564354,0.0001,1.0081000331811922
2762,1.0030014508878,0.7430298101104056,0.026080699769768706,0.23389094032377428,1.8478500586736033,0.0001,1.0075044030108267
2763,1.0099128822042298,0.7427188868938547,0.025927154335965975,0.2412668420171883,1.8559361962227503,0.0001,1.0084268494866198
2764,1.0113476971825528,0.7430499176708245,0.025987028833818725,0.2423107489885887,1.864939101569309,0.0001,1.0090782111967793
2765,1.0097089492041489,0.7432703034872941,0.026202121564389242,0.24023652236916232,1.8579832167944608,0.0001,1.009148380504902
2766,1.0108285252511138,0.7431582810912606,0.026025341200296585,0.24164490630891755,1.9138775159572732,0.0001,1.0091031532500385
2767,1.0118388305087602,0.743224828649486,0.0260216220155449,0.2425923804860207,1.849547933371507,0.0001,1.0095762021401347
2768,1.0059010884582875,0.7430934051229311,0.025939414515698415,0.23686826910680012,1.9162969908414458,0.0001,1.0092917471459137
2769,1.0086013495801187,0.7425768121502704,0.026168879098872867,0.23985565911683784,1.8307948327693204,0.0001,1.008870559277931
2770,1.0110106799471934,0.743190233896035,0.025849710371624868,0.24197073471609645,1.8385613411967217,0.0001,1.0090898165596425
2771,1.0096424533919437,0.7425948889211998,0.025981009369205995,0.24106655611409136,1.8552645258681044,0.0001,1.009179390661615
2772,1.0079586804517626,0.7429655358709139,0.026098634843652196,0.23889451085553934,1.8689152343278,0.0001,1.009675113618011
2773,1.0093309911946495,0.742851737063023,0.025989448322969323,0.24048980642827963,1.8461007984850035,0.0001,1.0096169245170532
2774,1.0083334708310527,0.7433948924285161,0.02593748419570149,0.2390010953402906,1.866217108333812,0.0001,1.0093155018819033
2775,1.0064708301551928,0.7425217715528384,0.025809480017145555,0.23813957726662227,1.8671549104048322,0.0001,1.0089916899770075
2776,1.003891075600475,0.74303669462823,0.025899480129110402,0.2349549014552007,1.8740417389066901,0.0001,1.0082979450119436
2777,1.009198517634951,0.7433067606138651,0.025999425874520508,0.23989233147904548,1.8586598221235295,0.0001,1.0080339137245629
2778,0.9971125824698086,0.7430472678635232,0.026002748017378802,0.22806256602217895,1.92478299697079,0.0001,1.007155063125715
2779,1.0098458378600301,0.7433678982949402,0.0258309495376525,0.24064699134130113,1.8561663898444805,0.0001,1.0072795119537061
2780,1.0129740302267713,0.74393441771397,0.025956008545525416,0.24308360452077996,1.8639983947088463,0.0001,1.0074758469816638
2781,1.0132429425663203,0.7437829471988562,0.02586929720748994,0.24359069717008974,1.850844856208043,0.0001,1.0078358958991014
2782,1.0164588582201373,0.7426104638687737,0.025732701013344537,0.2481156973617858,1.8499217990929409,0.0001,1.0086859136759387
2783,1.0084489460649162,0.7430278333640727,0.025771218187668744,0.239649896134016,1.8562236410125517,0.0001,1.0085977091629654
2784,1.0099467897511882,0.7435675616438442,0.025856006943429943,0.24052321791467512,1.8511205911636353,0.0001,1.0087590410549792
2785,1.006801008694554,0.7427248641636985,0.02596125012720816,0.23811489650053982,1.8472371413306339,0.0001,1.0087920589089152
2786,1.0131796395319228,0.7434667120357072,0.026200164404166882,0.24351276198881877,1.8731033018588052,0.0001,1.00972091530206
2787,1.0088069001269389,0.7428793852759665,0.02617164678554264,0.2397558685036992,1.8496030578748692,0.0001,1.0096817535512588
2788,1.008231798243571,0.7432462709670619,0.0260507460781817,0.23893478001197743,1.8461311891161163,0.0001,1.0107936751286348
2789,1.0060986045891567,0.7430922472452779,0.02595482781741005,0.23705152806808935,1.862234095289064,0.0001,1.0104189518015478
2790,1.011136367161424,0.7429840274563184,0.0260265289407231,0.24212581042434575,1.841339328226163,0.0001,1.010235185495013
2791,1.0130044683723372,0.7427010269000612,0.025920841563304105,0.24438260019611394,1.9046513308859743,0.0001,1.0102113380756144
2792,1.011742149840504,0.7427639284191944,0.02586836505371465,0.24310985761439582,1.8606242275141316,0.0001,1.009739667237651
2793,1.0071521693987973,0.7435054858847999,0.025921167514870665,0.23772551762374614,1.8564648710448166,0.0001,1.0096099895710393
2794,1.0060523911615413,0.742561096231062,0.025961809903081,0.23752948489894007,1.8669468299854115,0.0001,1.0092205497120745
2795,1.0086895390649837,0.7432301379362419,0.025977932899041784,0.23948146594012001,1.850906219733898,0.0001,1.0094094027491176
2796,1.0086963671216134,0.742684803313706,0.02597560118468248,0.2400359632428471,1.8630568860268737,0.0001,1.0089610755080867
2797,1.00929840969991,0.7432241542585964,0.025904712764051332,0.24016954171004692,1.8553205955826486,0.0001,1.009010226465384
2798,1.0112241089464926,0.7433591245637704,0.026047732718817846,0.24181725183864544,1.85591029830685,0.0001,1.009309457535676
2799,1.0114608001999148,0.7429433469840044,0.02611371107082096,0.24240374296873385,1.845555019185219,0.0001,1.0098456770967519
2800,1.0103400852568976,0.7437006846886377,0.026032082691153938,0.24060731805845884,1.8564941394643415,0.0001,1.0097660489062992
2801,1.007071449234326,0.7435709484692278,0.026084535020360115,0.2374159676376088,1.8937901913757014,0.0001,1.009172746992498
2802,1.007754705256913,0.7428916172855524,0.02603080911036679,0.23883227620115144,1.881392860509319,0.0001,1.008774002534139
2803,1.0092654814584743,0.7432807500173789,0.026221091316873113,0.23976364267355257,1.8615967429433826,0.0001,1.0089853337401067
2804,1.0029840839320217,0.7434900799581052,0.026278228837142852,0.2332157763986873,1.870064766605292,0.0001,1.0086785030171546
2805,1.0038092016690159,0.742654084796596,0.026109129855405488,0.2350459866316396,1.854713698913311,0.0001,1.0081904692775578
2806,1.0055029184291135,0.7432361580053642,0.026142249242770987,0.2361245111772001,1.8598681739087521,0.0001,1.007871124408308
2807,1.007416377565682,0.7428665591543635,0.026104905784251,0.23844491462194894,1.8687808216222643,0.0001,1.0076829211948852
2808,1.0076016737771567,0.7430727157824906,0.025946686282361013,0.2385822720598981,1.873597728311411,0.0001,1.0073206776779515
2809,1.0090218463243867,0.7425459521779182,0.026019275792955626,0.24045661910159352,1.8719402938537133,0.0001,1.0070767822903988
2810,1.007295760010609,0.7430014593364259,0.02605191350708627,0.23824238703863856,1.8506983924830902,0.0001,1.0067723497657697
2811,1.0069478844532376,0.7427426766430388,0.026052323364582797,0.23815288486121633,1.8651877467579097,0.0001,1.006759993287661
2812,1.009969069193633,0.7422842397892935,0.025828432843361133,0.24185639631917463,1.8568992900074617,0.0001,1.006981429681333
2813,1.0094436275306145,0.7435384960977349,0.025643379402934416,0.24026175368479008,1.9654481219955198,0.0001,1.0069992442885471
2814,1.011131730331127,0.7426615813199211,0.025722680420711123,0.24274746807666145,1.8539583799079755,0.0001,1.0078140089284573
2815,1.004567024190334,0.7430972239308619,0.02590007230669683,0.23556972718958197,1.8321552847268374,0.0001,1.0078897911805893
2816,1.0012446629831806,0.7427900235261201,0.025805942427072275,0.23264869618367473,1.8509010037834215,0.0001,1.007463965635996
2817,1.0063869403051797,0.7435025206443988,0.025863147410611353,0.23702127210848775,1.8776931250071187,0.0001,1.0073610219099458
2818,1.0030226297601,0.7435034241444198,0.026110360636914236,0.23340884367907022,1.8627889642367257,0.0001,1.0069031175082401
2819,1.011838014058119,0.7433220357246864,0.02580740147139915,0.24270857805027257,1.8616832211825234,0.0001,1.0071847342816134
2820,1.0176905119153115,0.7425813372671967,0.025896443072970933,0.249212731662042,1.830293107226219,0.0001,1.0082242094720837
2821,1.0068795931266723,0.7431522419196355,0.02591312270135473,0.23781422724376827,1.887592819109408,0.0001,1.0082173803394272
2822,1.0068002867892112,0.7433977315682185,0.026010546916396815,0.23739200927936766,1.8422842013666645,0.0001,1.0079005020989849
2823,1.0095383788460892,0.7429916861091134,0.025984796984442348,0.24056189834820552,1.8430505139832565,0.0001,1.0079099772305324
2824,1.0063311091301166,0.7434438329197572,0.026064569277889103,0.23682270674356098,1.8652592834546164,0.0001,1.0074299151104313
2825,1.0068239711119245,0.7428509265365756,0.025882580942846456,0.2380904622723558,1.8756908949683695,0.0001,1.0076556098025904
2826,1.0084681207461483,0.743174797985665,0.0259172292558465,0.2393760954541802,1.859485870926182,0.0001,1.008377955578887
2827,1.005623645158617,0.7427670080328085,0.025847774006532123,0.23700886505382499,1.8488176113209909,0.0001,1.0083016260642308
2828,1.0090969806994192,0.7433426336632781,0.026043271679907252,0.2397110759607435,1.9034858202112133,0.0001,1.0089090611581628
2829,1.0072728210482105,0.7432824303122127,0.025863849367137856,0.23812654138397252,1.86063825455447,0.0001,1.0084525418571721
2830,1.007195620459427,0.7435403026141695,0.025752963449118347,0.23790235436591367,1.8896292547183395,0.0001,1.0074030527115838
2831,1.0020695963447523,0.7426778486727701,0.02580533332321755,0.2335864177019039,1.8704564757569566,0.0001,1.0069220530333916
2832,1.0103375746077021,0.742712440766379,0.02603084344651104,0.2415942916793949,1.8443223114671379,0.0001,1.0072757818152405
2833,1.018147229302002,0.7437200772351232,0.025933950716293366,0.24849320074985404,1.8437129416281988,0.0001,1.0081366668608318
2834,1.007062237596415,0.7421832951522502,0.025842575707735446,0.23903636449218763,1.869060851497534,0.0001,1.0082097797074616
2835,1.0134043381615536,0.742796223618196,0.02592625240766978,0.24468186317091056,1.847848483079829,0.0001,1.0088678164124247
2836,1.010608817694395,0.7428853407834655,0.025736748325897278,0.24198672742890778,1.8294777258414525,0.0001,1.0090818861072495
2837,1.0117327717206541,0.7432631740221871,0.0257970425952037,0.24267255389424414,1.8489761483113132,0.0001,1.009692798763453
2838,1.0087821559780268,0.7421627129309076,0.025776130916138933,0.24084331495328437,1.863053816327217,0.0001,1.009661316291314
2839,1.0116813251744903,0.7428225848302397,0.02595383182742291,0.24290490791231817,1.863717941918673,0.0001,1.0101021667039418
2840,1.0119874418144537,0.743301108932882,0.025904223836701493,0.24278211115309722,1.8733047418613704,0.0001,1.0105813488394444
2841,1.0062425339681382,0.7433695102801913,0.026032680430228522,0.23684034263431783,1.8464193525469086,0.0001,1.0109986426017827
2842,1.0046395334220561,0.743069269594266,0.026040276939438518,0.23552999019048518,1.8428721350540254,0.0001,1.0104288384832185
2843,1.0133276065513037,0.7433229955650005,0.025853436085080037,0.24415117612913342,1.8485606696010846,0.0001,1.0099468762081485
2844,1.0017233414775701,0.7429080245219186,0.025825495652204596,0.23298982105408672,1.845876625536905,0.0001,1.009412986596264
2845,1.0165812096295928,0.742781418090418,0.02604116556852391,0.2477586264618149,1.8588032521775963,0.0001,1.009730673743068
2846,1.007470236709587,0.7424779172843174,0.02596485953301977,0.23902745974112233,1.86417797250148,0.0001,1.009416815644587
2847,1.0097317698035715,0.7432124560309714,0.0258295013744981,0.24068980873704077,1.8719385308619687,0.0001,1.009216715452879
2848,1.0065203138587442,0.7432265111205544,0.026046071042879117,0.23724773010847292,1.9049172880199812,0.0001,1.0089905312409506
2849,1.0083791009069214,0.7429426094823145,0.026104561213789314,0.23933193277998338,1.8494185114970798,0.0001,1.0086603088141939
2850,1.011114823890748,0.7434927250502318,0.02591797933133572,0.24170411743117878,1.8553235857288446,0.0001,1.0085730470218235
2851,1.0159951442395456,0.742998185796138,0.025823246876559926,0.24717371029548846,1.923557934606293,0.0001,1.009548308048964
2852,1.0070424784753191,0.7425183937950985,0.026020207704927086,0.2385038795973539,1.8588420986887408,0.0001,1.0097886025542901
2853,1.0096455743540131,0.7432529285519892,0.02594488581102228,0.24044775708179927,1.8939682088082026,0.0001,1.0094203993345612
2854,1.0085880757587193,0.7422337957618202,0.026022986756376997,0.24033129429085742,1.8411211938451801,0.0001,1.0101068727626763
2855,1.010764213411126,0.7430427467363602,0.026181858403203938,0.24153960932945384,1.8668176344393717,0.0001,1.0095251731408297
2856,1.010779993771056,0.7424023053467153,0.025942969273843822,0.24243471948297707,1.8629597427878855,0.0001,1.0098561488469762
2857,1.0129690305698231,0.7433582869552937,0.025761394181551364,0.24384934953121096,1.898284105451789,0.0001,1.0101798749236015
2858,1.0088795579471161,0.7432837605959987,0.02620539244483499,0.23939040563547223,1.8361390904045491,0.0001,1.010415799332439
2859,1.0032886885726187,0.7429481397777735,0.025997375619822537,0.23434317445960537,1.8408290512905159,0.0001,1.0099067580990087
2860,1.0122177646803323,0.7423465742784388,0.025960247366713703,0.2439109438626024,1.8396197581629725,0.0001,1.010017052177967
2861,1.0083638791138454,0.7429729399042729,0.02592743168496215,0.2394635106982856,1.8465079649466771,0.0001,1.009253925665397
2862,1.0045919310732256,0.7430324309012469,0.025848332815189633,0.23571116839578984,1.8857105443250335,0.0001,1.0090088709251877
2863,1.0084073850639452,0.7428245151502365,0.02593447228716063,0.23964839658754714,1.8582497228231682,0.0001,1.0088850519961807
2864,1.0102701014244049,0.7430214422469691,0.02579946740403862,0.24144918801032506,1.8388779049712793,0.0001,1.0090532545627493
2865,1.0092493090136299,0.7425960764198226,0.025989057567975583,0.2406641761026143,1.8569097729290234,0.0001,1.0089017641229998
2866,1.0074431840594835,0.7428928175997782,0.025826332293465946,0.2387240335519301,1.8537612972104767,0.0001,1.0085680831518424
2867,1.010992908453603,0.743117464241585,0.025857379180180856,0.24201806614640156,1.850394135314601,0.0001,1.0083704709402201
2868,1.0060267247728112,0.7429507542817153,0.02579642938068382,0.2372795413597723,1.8813964150256608,0.0001,1.0080851876227899
2869,1.0155163576588428,0.7431480738260683,0.02576628490587277,0.2466019982732757,1.8382657606751633,0.0001,1.0093079545314123
2870,1.007899605236479,0.7435997752340522,0.026034197749279092,0.23826563086655392,1.8666777260163252,0.0001,1.008876138587027
2871,1.0078768892172143,0.7432177682193732,0.025876796511559167,0.23878232363996835,1.8504590485207209,0.0001,1.008827439597364
2872,1.00363289741667,0.7424743493478632,0.02592563750052307,0.23523290971441393,1.8494525287020762,0.0001,1.0087315362317084
2873,1.0084880960398708,0.7431322799251239,0.025956959559999663,0.2393988556819864,1.854103294153968,0.0001,1.008739607329301
2874,1.0062544373663154,0.7427089035390115,0.026016680754222445,0.2375288511008689,1.8587495944562837,0.0001,1.0083380409234919
2875,1.009172966103041,0.7427220832987199,0.026013029516347767,0.24043785287237313,1.838054588793741,0.0001,1.008330406632433
2876,1.0096586770992009,0.7430718827682866,0.02617074703348094,0.24041604601473945,1.8427527042721639,0.0001,1.008551955936405
2877,1.0123651794197592,0.7420935299527089,0.025848518036925526,0.24442312937479233,1.8454477276811736,0.0001,1.0086891830330205
2878,1.0103505906662158,0.7428603800992212,0.025884090282370546,0.2416061186600046,1.8364119846487141,0.0001,1.0091215696223608
2879,1.009631185454239,0.7430610512865001,0.02601017937457102,0.24055995685983503,1.9039225749988826,0.0001,1.0085330524019005
2880,1.0123714926760288,0.7432457643880321,0.025827686636733235,0.2432980463588818,1.878322020747357,0.0001,1.0089802411458557
2881,1.0121821123978187,0.742672221534876,0.025881789760705664,0.24362810164629567,1.8484120714737,0.0001,1.0094107634639156
2882,1.002051072962144,0.7433091787730947,0.025739304917821053,0.23300259094874226,1.9029743272440913,0.0001,1.0092525810184634
2883,1.0074270655368935,0.7429637286290678,0.025958119734789245,0.23850521880521253,1.8522867416513378,0.0001,1.0091464779681656
2884,1.0098251225256776,0.7427450017077928,0.025945260365159227,0.24113486126125705,1.8356745538073185,0.0001,1.0095035464841018
2885,1.008852130501072,0.7425335552581184,0.025924061181337308,0.24039451489470612,1.8666598110121597,0.0001,1.009471462923905
2886,1.0073240072925482,0.7428140020031958,0.02602171680264734,0.23848828891364,1.8391704685064165,0.0001,1.0092379959432398
2887,1.0095725439141294,0.7420514132865302,0.02592773805041826,0.24159339176487124,1.868935986658139,0.0001,1.0089587323926767
2888,1.0063236873241757,0.7432941541710442,0.02573445602556271,0.23729507760362015,1.840214733661551,0.0001,1.008556042058473
2889,1.0057895963380592,0.7427375720432273,0.025858571031272534,0.23719345424588748,1.8580764703769954,0.0001,1.008171883146855
2890,1.0121308215733231,0.7425392421215591,0.025954111110849748,0.24363746942903158,1.8621096255571314,0.0001,1.0081478160365844
2891,1.0043816512061423,0.7426155471898479,0.02598317472252836,0.23578292862880545,1.8463080021237264,0.0001,1.0073677699174166
2892,1.0138242846812002,0.7430728491373043,0.025863603936247603,0.24488783194012864,1.8511104786855455,0.0001,1.008545091089322
2893,1.0099752145171408,0.7429060550297008,0.025806589977736407,0.24126256842158628,1.896761755914282,0.0001,1.008799905987347
2894,1.0111484319636594,0.7429101617050945,0.025993676021181304,0.2422445936026486,1.8579519172227408,0.0001,1.008932236931145
2895,1.0064098244990103,0.7420748318668311,0.025908167415409977,0.23842682533011475,1.8521836091732156,0.0001,1.008688006330939
2896,1.0103650892240281,0.7436366367775334,0.025830071306131915,0.24089838009758363,1.8703851595853453,0.0001,1.0089921145240868
2897,1.0055564881338308,0.7434515749948746,0.025790079370231707,0.23631483328511702,1.8455188375941154,0.0001,1.008590508946057
2898,1.0129314553423296,0.7435614379617795,0.025940629821761867,0.2434293876116827,1.864276176533883,0.0001,1.0092512857478724
2899,1.0139343404866619,0.7428811219110933,0.025754746994188785,0.24529847185151996,1.8501867653148412,0.0001,1.0100657601627325
2900,1.0049007643792498,0.7424882053119899,0.02583342609250763,0.23657913221911533,1.853329257597546,0.0001,1.0093427544433253
2901,1.0091212865788846,0.7432277369450846,0.025919200682494994,0.23997435026611325,1.8440921596774706,0.0001,1.0098167179805997
2902,1.0087406331820614,0.743160890275518,0.025823822369681892,0.23975591921449674,1.8558388800940213,0.0001,1.0093083528306857
2903,1.0098280751922792,0.7427156007797675,0.02597544449579885,0.24113703057789537,1.8401062549006866,0.0001,1.0092936388981995
2904,1.0132085408932296,0.7428014853904987,0.02596369935823019,0.2444433541685101,1.8272948233641186,0.0001,1.0094996497911566
2905,1.0128883822210903,0.7428610032276981,0.025787742094384246,0.24423963623404746,1.8370216608531094,0.0001,1.0101475055633646
2906,1.0062636238566276,0.7432383470554622,0.02600373360980113,0.23702154344072449,1.8395055389791184,0.0001,1.0097373590266245
2907,1.0104454384614199,0.7432954988421582,0.025691336115281915,0.2414586042369476,1.8530615055536885,0.0001,1.0102262540593834
2908,1.0113411540917403,0.7431580533120502,0.025843610628139658,0.242339488855633,1.839536053897401,0.0001,1.0100672239343245
2909,1.0174833660677045,0.7430701571352342,0.02596559945274802,0.24844760765485904,1.8389245827831555,0.0001,1.0104221264924287
2910,1.0126892965415428,0.7424656006433901,0.025857412790913612,0.24436628410845815,1.8399118185043335,0.0001,1.011200979708658
2911,1.003765215980112,0.7427836266057245,0.025920112524748334,0.2350614773332468,1.8397989251308944,0.0001,1.0106653726487806
2912,1.0065373540166425,0.7432254291693047,0.02585506390848218,0.23745686150558337,1.88305388744656,0.0001,1.0104450447322388
2913,1.0121315827717887,0.7427329317067748,0.02588249171723217,0.24351616152968356,1.8696667434719465,0.0001,1.01067539549019
2914,1.0003145192022498,0.7429561832613684,0.02589074569106344,0.23146758884433316,1.862322632246037,0.0001,1.0093859933210918
2915,1.0038174099419228,0.7427782068146169,0.025886245963539604,0.23515295928710614,1.863372833201658,0.0001,1.008478896093175
2916,1.0054907287351984,0.7423246053121153,0.02588050312251155,0.23728562189803531,1.8588280075703867,0.0001,1.0084016065810322
2917,1.0116839071558166,0.7424805196980676,0.025776555281865426,0.24342683390251402,1.8785693693838061,0.0001,1.008525453450472
2918,1.0059635665789095,0.7427204842499738,0.02587725061915709,0.23736583219338625,1.853242674415542,0.0001,1.0079876946991888
2919,1.0080972333225227,0.7424409683287506,0.025911716128459567,0.23974454808322823,1.8460823338607262,0.0001,1.0070490814246706
2920,1.011988065668342,0.7431394953514935,0.02592326613033519,0.24292530596981668,1.8785739767140355,0.0001,1.0069789583373507
2921,1.0073730225011737,0.7423221907799432,0.025906393058885185,0.23914443841298502,1.8574869296613619,0.0001,1.0073397389894567
2922,1.0093585597332302,0.7431528926137495,0.02571874844858661,0.24048691879935244,1.860985948396261,0.0001,1.0076218595611155
2923,1.0088023765817375,0.7426338692707658,0.025811174578405538,0.24035733188247463,1.8448738739891903,0.0001,1.0072889389421102
2924,1.0073748633537525,0.7424678703350663,0.02575677355211115,0.2391502182499995,1.8869276849541654,0.0001,1.0079949733572608
2925,1.01351784837657,0.7420544887894791,0.025813498071434533,0.24564985959633853,1.8495636015344585,0.0001,1.0089650172007254
2926,1.011645592854908,0.7426082303267705,0.025835958020440464,0.24320140451903155,1.862056984379132,0.0001,1.0095805036126961
2927,1.0150716958858421,0.7429411655507272,0.025688885917044556,0.24644164410825917,1.8790801292017072,0.0001,1.0099192824856986
2928,1.0084010414612945,0.742377817388964,0.025897270283882806,0.2401259555377474,1.8877975017013704,0.0001,1.0101630299739373
2929,1.0133804162665747,0.7425542800228204,0.025947676952663833,0.24487846062856805,1.8490990941954917,0.0001,1.0106913482683424
2930,1.0041139752095902,0.7421345366183932,0.02584352502958286,0.23613591421524,1.8364506493233763,0.0001,1.0099039392224674
2931,1.0092078877752741,0.7425580929065573,0.02567007261164048,0.24097972193970885,1.8462677874864961,0.0001,1.0100874257498773
2932,1.0121537309147524,0.7432841129041831,0.02563984060384197,0.24322977565742773,1.8451710975677924,0.0001,1.0103669428680295
2933,1.0143279829808713,0.7429850770058545,0.02571598898324715,0.24562691486370702,1.8681324306898137,0.0001,1.010919503507943
2934,1.0152891354435114,0.7431351275279604,0.02596659036485467,0.24618741574850214,1.837124491560048,0.0001,1.011710930716919
2935,1.0102978549429176,0.7430963655272556,0.02598771096243094,0.24121377679838613,1.8280830859654331,0.0001,1.0113889313735538
2936,1.0094649730057552,0.7423679360753382,0.02563581674626101,0.24146122023705052,1.8666869196398506,0.0001,1.0111708693886383
2937,1.0087423704216978,0.7424691152620992,0.025909469287245558,0.2403637857514511,1.8534441381148827,0.0001,1.010537936842224
2938,1.0106504557098868,0.7428642464216051,0.025724356121272152,0.24206185146304826,1.8449957951087255,0.0001,1.0107628782670832
2939,1.0105157912865614,0.7432818895179408,0.025699184584085648,0.24153471792505915,1.838448046670724,0.0001,1.0104764157690815
2940,1.0124297057397467,0.7429071892105783,0.02590014508965049,0.24362237132617232,1.8481595765262782,0.0001,1.0113079888220975
2941,1.005970294891458,0.7425989283751281,0.025731995913368208,0.23763936824537435,1.844503435837086,0.0001,1.010984229533716
2942,1.0087255333790188,0.7429754974634121,0.025816652402432888,0.23993338494510608,1.8484725204974595,0.0001,1.0106414097801424
2943,1.0126766966274254,0.7429934922628422,0.02567280475314684,0.24401040000058938,1.8483943421748783,0.0001,1.0104762811447978
2944,1.0062664392995544,0.7427862691589108,0.025788985449692298,0.23769118644402912,1.8324401102975223,0.0001,1.0095740115304024
2945,1.0121754001652252,0.7416854579356814,0.025665347764748346,0.2448245944307917,1.8501039387971827,0.0001,1.009761766052633
2946,1.0091617746962496,0.7430829897855407,0.025925118347694134,0.24015366649500738,1.8611626361494857,0.0001,1.0097314462216824
2947,1.0062422578281611,0.7430749747138962,0.02576203447810051,0.23740524649015546,1.941804418457449,0.0001,1.0094814349623287
2948,1.0119606801752628,0.7430708344277697,0.025875752160805475,0.24301409220387196,1.8515511260313147,0.0001,1.0096124574088663
2949,1.008910522620528,0.743017518375273,0.026023435786094434,0.23986956924502312,1.8418944592891793,0.0001,1.0094519305422631
2950,1.0070595839202525,0.7425008312200194,0.02603222317918077,0.23852652743171607,1.8321432595804303,0.0001,1.0089149183603137
2951,1.0114488310310952,0.7429310181319835,0.025581038989595177,0.24293677465759717,1.8692951678746128,0.0001,1.0094627719742775
2952,1.00501120114665,0.7427844113800637,0.02579057917875402,0.2364362104895995,1.8444455849955097,0.0001,1.0090913387510405
2953,1.0115071595561431,0.742167934684676,0.025998007936845202,0.243341216016523,1.825907518365562,0.0001,1.0089743850439121
2954,1.0027162821974764,0.7427731982109271,0.025842378637611744,0.23410070235661512,1.8702418801750662,0.0001,1.0086193693337044
2955,1.008264786694161,0.7428473654915305,0.02600774561899429,0.23940967434439167,1.8630189936736534,0.0001,1.008228307986598
2956,1.0033186183256262,0.743157080414329,0.025948919582560386,0.2342126204067384,1.8707943083548402,0.0001,1.0076439923495355
2957,1.0021156724277906,0.7429505083672173,0.025810378801991926,0.23335478560995257,1.8625083100239597,0.0001,1.0072313338094987
2958,1.0079640559927687,0.7425093542006146,0.025870478419212976,0.23958422291200254,1.8617418049315169,0.0001,1.0068316713912495
2959,1.00995501410405,0.7426820529160103,0.02579644848318661,0.24147651229680914,1.8514376757836486,0.0001,1.0069361205396015
2960,1.0013955450686673,0.7430520089112721,0.025786625202480727,0.23255690956454247,1.8492439828102778,0.0001,1.006369716654443
2961,1.011057840157716,0.7424227918137402,0.025945210553569676,0.24268983691008894,1.8430643130025806,0.0001,1.0063306175671052
2962,1.013426555823119,0.742591916063978,0.025778540007724723,0.24505609976275092,1.8433309916792244,0.0001,1.0071721530347522
2963,1.0121133705907128,0.7426149303482705,0.025881083693514006,0.24361735635246273,1.8521170079345393,0.0001,1.0072327741382088
2964,1.0117016663174117,0.7424621324510168,0.02582332691362857,0.24341620495788466,1.8623869440860246,0.0001,1.0081313125502025
2965,1.0069698763909254,0.742700814717198,0.02577678233566439,0.23849227920204824,1.8787964843591376,0.0001,1.008001821519879
2966,1.0121119626878967,0.7421133420288442,0.025909730918992607,0.24408888945669602,1.8469297148393085,0.0001,1.008881155956106
2967,1.0133524579402158,0.7428338414031642,0.025762519536589028,0.24475609706846985,1.8646752546573508,0.0001,1.0100048345073482
2968,1.0058321258842824,0.7435665955166304,0.025860218682588962,0.23640531112966987,1.8480012194380073,0.0001,1.0097916414964996
2969,1.0053771999012868,0.7425009862162762,0.025829535952446185,0.2370466769544944,1.8473460432482056,0.0001,1.0093338600762234
2970,1.0139475607485122,0.742784890877064,0.02584798485947429,0.24531468647413152,1.8617667254763248,0.0001,1.010589061644208
2971,1.0043861121241509,0.7431524327028596,0.02575967592351577,0.2354740016502432,1.8710239603359848,0.0001,1.0099218888408514
2972,1.0164270709300864,0.7427434294992722,0.025987575552284595,0.2476960675938255,1.8345722269576654,0.0001,1.010221940351548
2973,1.0096085841708928,0.7428049326668404,0.025821735602605173,0.24098191377810727,1.867492893888307,0.0001,1.0099714617095663
2974,1.0122532128804111,0.7424232554725895,0.02576542021536682,0.2440645365728326,1.8440498299821153,0.0001,1.0100266163658662
2975,1.0073645648076133,0.7425135294273949,0.025711493849996138,0.23913954096349452,1.8503494025727556,0.0001,1.010066085207535
2976,1.0105237298272929,0.7423004373817367,0.025871708233506395,0.2423515862220441,1.8420137906896656,0.0001,1.0099072619214744
2977,1.0072197441397042,0.7425935772563091,0.02573454718560766,0.23889161793809785,1.857510991318956,0.0001,1.009293990541423
2978,1.008724369335368,0.743858788124688,0.025670161353647105,0.23919542225995846,1.8976645401960455,0.0001,1.009583214886532
2979,1.0141843071332084,0.7430755439201184,0.025619299610052826,0.24548946614953374,1.8487747593293566,0.0001,1.010463925609724
2980,1.007125758254262,0.7426658671719549,0.025796433974956644,0.23866345734537614,1.8550381213124336,0.0001,1.0097817453602989
2981,1.0106692986362604,0.7428724492539257,0.02597879347888258,0.24181805742983886,1.840966913085922,0.0001,1.0104100640115097
2982,1.0099344038334628,0.7426024284856073,0.025797033890265723,0.2415349418807465,1.8834161973628263,0.0001,1.0097607973018474
2983,1.0124341544466617,0.7425139088176085,0.025835247842583647,0.24408500072589753,1.857301901368534,0.0001,1.0100433543294245
2984,1.001208938038615,0.7428201643738737,0.025572854897071576,0.23281591969332516,1.8492578492928713,0.0001,1.008938926845245
2985,1.0039786339773367,0.7425588418939293,0.02577902143915575,0.23564077412773823,1.8471060546368179,0.0001,1.0086003337622171
2986,1.0073923180843223,0.742628159194157,0.025692923315640152,0.23907123417659656,1.88626707470683,0.0001,1.0082871925879202
2987,1.0074170632004495,0.742562540888061,0.025708679736990474,0.23914584112457524,1.842609135180893,0.0001,1.0083069244939948
2988,1.0113228974187591,0.7430237315247556,0.025737887221949578,0.24256127875517397,1.8609804536459653,0.0001,1.008566777302334
2989,1.0078191392078362,0.7427840317480463,0.025690400334449134,0.23934470549694303,1.8600392585835641,0.0001,1.0079302605097966
2990,1.0088133722483266,0.7423406956645586,0.025886536611746582,0.24058613796202696,1.8466506935278253,0.0001,1.008099021909203
2991,1.0052882940725671,0.7428307400272052,0.025696668857009608,0.2367608851732395,1.845576420758849,0.0001,1.0075609214528338
2992,1.0118098857436655,0.7421161054839469,0.025730238241307875,0.2439635444288926,1.8369928871642263,0.0001,1.007748469643854
2993,1.00817906360839,0.742313380173689,0.025858357760292036,0.24000732367197108,1.8937249372261775,0.0001,1.007322960560027
2994,1.0122758929918068,0.7422825665067707,0.02570026859066791,0.2442930571160621,1.8557509522409033,0.0001,1.008429656055346
2995,1.0082895358000517,0.742614417965949,0.025713262403228944,0.2399618552155173,1.8599459597837127,0.0001,1.0088607462376173
2996,1.0094840639019593,0.7428086586220994,0.025628213466543696,0.24104719071008612,1.8667177563990347,0.0001,1.0090699208193812
2997,1.0077639573969657,0.7422373523334944,0.025749446895978512,0.2397771572994548,1.8775034291749069,0.0001,1.0091046102390329
2998,1.0071307053188765,0.7424131686257058,0.02582284790023587,0.23889468908007683,1.866003732652258,0.0001,1.0086853910290448
2999,1.0060665098455324,0.7429512181823684,0.025802582079208405,0.23731270957639927,1.8577044539712748,0.0001,1.0085101280928142
3000,1.013144208620818,0.7423200807996986,0.02584169675080336,0.24498243091918875,1.894535310128156,0.0001,1.0089432117300632
3001,1.0076794346254205,0.7425685379858191,0.025619113179297767,0.2394917840345878,1.8364649960283816,0.0001,1.0091823257853485
3002,1.0116113942970368,0.7430673103787111,0.025711524559082898,0.2428325604095783,1.8508217061508982,0.0001,1.0091624766406857
3003,1.0047740357159118,0.742471985715398,0.025805148101481656,0.23649690073440663,1.8549217986770383,0.0001,1.0088219738514377
3004,1.0086809784838926,0.7432040554031155,0.025519748488497782,0.23995717330014005,1.84714286008181,0.0001,1.0084624824006467
3005,1.014035638036399,0.74234655227429,0.025535719631651594,0.24615336792887346,1.8575727417309433,0.0001,1.0090370926242813
3006,1.0046967826556965,0.7430805411590282,0.025785155276981376,0.23583108827501958,1.8624166433999794,0.0001,1.0085583644996547
3007,1.013670975731546,0.7424205938169004,0.02569183834184256,0.24555854185372894,1.8536142833818046,0.0001,1.0091490663331129
3008,1.01079711819759,0.7423731972431314,0.025579463637624745,0.24284445609270197,1.8286939600660157,0.0001,1.0095157076209844
3009,1.0075056532333637,0.7426808360382219,0.025671332651412995,0.23915348288132743,1.8364370548700948,0.0001,1.0096596219597678
3010,1.0045860213875528,0.7424227080287121,0.025807031511535024,0.2363562831129977,1.8507267800112526,0.0001,1.008803803236441
3011,1.0099977200461692,0.7431694940185933,0.025821332757419796,0.24100689297545755,1.8687047740750573,0.0001,1.0090356317785159
3012,1.0038948441132087,0.7425308487478183,0.02579822187249607,0.23556577107863422,1.8497338193425301,0.0001,1.008263976760133
3013,1.0080844334366355,0.7430915909896758,0.025793948715163533,0.23919889420784754,1.8587502657037236,0.0001,1.0085950165322055
3014,1.0003194254020165,0.7427186528277445,0.025714141118357195,0.23188663077206326,1.848823776351511,0.0001,1.0077588612240178
3015,1.012320273304566,0.7430751422839522,0.0258966118520462,0.24334851992420445,1.8440080341896228,0.0001,1.0075873247508345
3016,1.0083458559024647,0.7426380243069259,0.025711049414551525,0.23999678138001213,1.850909495692224,0.0001,1.0079522320755114
3017,1.0089051041593415,0.7424147931847562,0.02595752368834149,0.24053278725979657,1.8725222861790995,0.0001,1.007475644918291
3018,1.0064356299249444,0.7424189687742423,0.025974419731155614,0.2380422425492238,1.8472927620154607,0.0001,1.0070394960910263
3019,1.0139760678486698,0.7424212717139455,0.02580865425705668,0.24574614143562,1.8488990380362613,0.0001,1.007686537552557
3020,1.0071151216663647,0.742802897524882,0.025757698451771456,0.23855452510409253,1.838413937822075,0.0001,1.0079394475804382
3021,1.010374581475287,0.7424183787728903,0.02581870241532703,0.2421374990175994,1.8689842843138906,0.0001,1.0079771337233498
3022,1.0072634291455422,0.7422860487237664,0.025625321734507718,0.23935205976027263,1.8823217107606467,0.0001,1.0083139922265831
3023,1.0030697871898782,0.7422702151669933,0.02579118683178575,0.2350083825765952,1.8695647070905983,0.0001,1.0078125276019074
3024,1.0032834685114769,0.7426034661867555,0.02574675803735822,0.23493324382264644,1.861550050139669,0.0001,1.0081089319128533
3025,1.0124201878572816,0.742735020529184,0.025799219071502375,0.24388594905757033,1.8632461727270007,0.0001,1.0081189233681251
3026,1.0093655842554738,0.7424773806007107,0.025735208760894093,0.24115299260428905,1.8718525705666378,0.0001,1.008220896203426
3027,1.0110413776691738,0.7420685100265255,0.025665569982470653,0.24330729843092738,1.8673765357077485,0.0001,1.0084345235544092
3028,1.0114545076178731,0.7426109987388518,0.025820946354895045,0.24302256266769726,1.8566579572085677,0.0001,1.008936411323702
3029,1.0096350149015385,0.7426083646487996,0.025751913053268835,0.24127473834803814,1.8610773604008053,0.0001,1.0085023060289893
3030,1.0044012885790083,0.7420270978558136,0.025691576951899345,0.23668261438525048,1.8488713901860234,0.0001,1.0082309227202533
3031,1.013694353446999,0.7423856084293574,0.02576871503439201,0.2455400289782525,1.840569857651515,0.0001,1.0085628999174245
3032,1.0070179126567338,0.7419377819277936,0.025622449830386026,0.23945767860141778,1.8512707617413442,0.0001,1.0085383482685437
3033,1.0070229060267821,0.7424905361800358,0.0259606296585733,0.2385717403241877,1.8524082524297687,0.0001,1.008933660152234
3034,1.0104104047131104,0.7425642910642024,0.02576062645438235,0.24208548591372087,1.9501219409958102,0.0001,1.0096463537723974
3035,1.0071148049033438,0.7427894822482405,0.02573493842420907,0.23859038462382542,1.8567361841337193,0.0001,1.0091158154770037
3036,1.0084189619060462,0.7426108866627753,0.025878712081522294,0.23992936251945718,1.8473268304828698,0.0001,1.009021153242061
3037,1.0072602993576327,0.7427513437387184,0.02579208416580912,0.23871687027808983,1.8539962176135296,0.0001,1.0086430454109068
3038,1.0136799956190174,0.7423150706242838,0.025660679499953078,0.2457042437530374,1.8333852508730628,0.0001,1.0088655942110212
3039,1.0034343298018342,0.7423402599340521,0.02578074042260284,0.23531332865176047,1.8838398613745977,0.0001,1.0082455257010507
3040,1.00436540573654,0.7424650721811136,0.02568382012674823,0.23621651470948304,1.8679748848534017,0.0001,1.008241937416804
3041,1.005563231680021,0.7427212837743469,0.025816012831295237,0.23702593305304978,1.9122324161548885,0.0001,1.007428825240106
3042,1.0062391903047387,0.7421773669685844,0.02577289654807193,0.23828892583597988,1.9062015354996038,0.0001,1.0073509530049065
3043,1.0054019892675157,0.7430195369536688,0.025647931118282296,0.23673452265394387,1.847538090864495,0.0001,1.00718886132898
3044,1.009915795456807,0.7427247456798205,0.025658734429922354,0.24153231620849025,1.8512866168186581,0.0001,1.0071394004033496
3045,1.0129081014445538,0.7423830616304888,0.025890522747929634,0.24463451648807308,1.832920973247737,0.0001,1.0077187300574706
3046,1.004515086419684,0.7424701749673963,0.025852890333829495,0.23619202224813537,1.856018668014186,0.0001,1.0073283425088344
3047,1.003855267838097,0.742034634397673,0.025893963132862144,0.23592666874717141,1.867570072110236,0.0001,1.006987839356881
3048,1.0126260105543157,0.7429055548584728,0.025700933793011832,0.24401952280203904,1.8342920575615842,0.0001,1.0068824408504107
3049,1.0053441867867057,0.7425812927752915,0.025703458466829684,0.23705943442151917,1.8446765439263706,0.0001,1.007073426548898
3050,1.00978429104687,0.7432248963545592,0.025791969550792392,0.2407674251868565,1.8429235967129287,0.0001,1.007615315079931
3051,1.0017351077729741,0.742019438598509,0.02594055800602354,0.2337751110966561,1.850297730302714,0.0001,1.0072325026892262
3052,1.0097329967162187,0.7423890991094871,0.025906216058479602,0.24143768001430901,1.8520466002199278,0.0001,1.0075818833303742
3053,1.021882059366176,0.7425090802368721,0.02563276566549924,0.25374021393985585,1.852817800900999,0.0001,1.0092298903402401
3054,1.0083519222770212,0.7423549994493837,0.025674102756121097,0.24032281642934614,1.8653028059682788,0.0001,1.0090735030222617
3055,1.0143734138103817,0.743048043086611,0.025630374709200907,0.24569499618883867,1.8314643155246912,0.0001,1.0092200342588444
3056,1.0082452133993107,0.7431641003422998,0.025659658362367332,0.23942145422237035,1.8579427086073776,0.0001,1.0095930469568073
3057,1.009889746897119,0.7418143321244277,0.025611312829456754,0.24246410431593476,1.852959978653016,0.0001,1.0101964948627093
3058,1.013378383300851,0.7427367612749761,0.02572525732415685,0.24491636327285563,1.8720241202302201,0.0001,1.0102717321373629
3059,1.0097966058742687,0.7424071287286693,0.02563699239649589,0.24175248386878634,1.8703823063001188,0.0001,1.0107169740461188
3060,1.0150818488660738,0.7427695878379001,0.025550190865630793,0.24676206848502885,1.837289944865399,0.0001,1.0112467298280396
3061,1.010268020823326,0.7420167901211288,0.025761350656861467,0.24248988079341624,1.8501112671459423,0.0001,1.0121000211330746
3062,1.0042423131983371,0.7424185509372193,0.025601506716822996,0.23622225391211907,1.842031582857484,0.0001,1.0115509527812865
3063,1.0070806644992945,0.7423047777605347,0.02562593519083143,0.2391499512267826,1.8454307242774577,0.0001,1.0100708132945981
3064,1.0038003890074292,0.7417664873672547,0.025560155117971176,0.23647374504871108,1.8849520330254979,0.0001,1.0096156599676394
3065,1.0119599424317691,0.742481532614323,0.025631557613550772,0.24384685339024537,1.8538337575978245,0.0001,1.0093743128297779
3066,1.0000393810185166,0.742575105136113,0.025691747665405273,0.23177252690596828,1.8652587311746625,0.0001,1.0085537295916986
3067,1.0056154552628012,0.7419022031536451,0.025757198401445306,0.23795605074585005,1.8567105014232304,0.0001,1.0081263004282666
3068,1.0135086161853333,0.7424480834065296,0.025812059096825775,0.24524847220092952,1.8345569657505647,0.0001,1.008139323716715
3069,1.0115945547154177,0.7433012696115289,0.025707421148040956,0.24258586425810266,1.84297798492362,0.0001,1.0083191186008298
3070,1.0102802099127315,0.7422843430395301,0.02586939344541538,0.24212647118354425,1.8577592590517737,0.0001,1.0078389547054953
3071,1.0087443619180645,0.7424890762893955,0.02552993495856047,0.24072535066255207,1.8339850317392097,0.0001,1.0076865888149693
3072,1.0050617820350924,0.7420225599232841,0.025573554677363584,0.2374656652544321,1.8716291438251673,0.0001,1.007768535698645
3073,1.0131098657060589,0.7420783431002866,0.025507582854063952,0.24552394065469443,1.8793649922519862,0.0001,1.0083714558193215
3074,1.0069023838633213,0.7428064202440197,0.02565088475209946,0.23844507941692825,1.8346247709305243,0.0001,1.0086816553049105
3075,1.0103351362578525,0.7425495419976194,0.025522109461120854,0.2422634852071563,1.840306401978158,0.0001,1.0085191746875188
3076,1.0104746494525345,0.7421352073822254,0.025635211027659945,0.24270423208542818,1.8382828549971204,0.0001,1.0095627015309208
3077,1.0066978721057667,0.742708894108662,0.025673499939166025,0.2383154787077865,1.8593606651433825,0.0001,1.0096709432152173
3078,1.0120474224641889,0.742462294096879,0.02573427975056863,0.24385084677298702,1.8451591314215205,0.0001,1.0095248238431027
3079,1.0068194930258436,0.7427164150541743,0.025760047092399055,0.23834303263234802,1.8399506347899988,0.0001,1.0090473176741455
3080,1.0093327306105206,0.7422969671340308,0.025720180652688048,0.24131558301271097,1.8705729454090823,0.0001,1.0089525697439243
3081,1.0067232519569551,0.7428716972440058,0.02567837905690346,0.2381731764872466,1.8342357102562399,0.0001,1.0087504587478133
3082,1.0069443730988803,0.7430238628242369,0.02560497152394262,0.23831553964235236,1.8858975940979035,0.0001,1.0089387178541922
3083,1.0096040589330646,0.7430314338231425,0.025821331064792966,0.24075129486877342,1.8561356824503468,0.0001,1.008588137176893
3084,1.005130424702627,0.7424395124278735,0.025960497150072946,0.236730416526387,1.8622531612794733,0.0001,1.0084109412608233
3085,1.0096956727229074,0.7424327681562721,0.025701680966855062,0.24156122143488024,1.8580164273418713,0.0001,1.0083469949073287
3086,1.0115018956076058,0.7423253949225311,0.025541799547222518,0.2436347015194489,1.8568058427400569,0.0001,1.008449719522836
3087,1.0054952291881336,0.7424618172597208,0.025664251909778276,0.23736916023776933,1.9190468587449792,0.0001,1.0083294552310726
3088,1.011407346802841,0.7421823026684187,0.02560828302743227,0.2436167636761559,1.8523132643883418,0.0001,1.008265447664938
3089,1.0063726168133424,0.7427870675951666,0.02562518704977287,0.23796036028686693,1.8619678247772897,0.0001,1.0082207600436877
3090,1.006184630776032,0.7425853559259953,0.025773341467124213,0.2378259344408043,1.853469853710693,0.0001,1.007905950060239
3091,1.007038272781256,0.7424561256811053,0.02556788389387769,0.23901426409792464,1.8687002291302168,0.0001,1.007937452142669
3092,1.0062746056194962,0.742243357652583,0.025521064626759495,0.23851018480608963,1.8509329905616343,0.0001,1.0078704753947307
3093,1.0135757283555082,0.7430041704409989,0.025574879278759444,0.24499667696201413,1.8414100459332883,0.0001,1.0082676423369752
3094,1.007292849538776,0.7421551623644258,0.025718192783378925,0.23941949575489602,1.8683569179828945,0.0001,1.00848388482059
3095,1.0093291895142917,0.7423585956768863,0.025584745116939894,0.24138584804039215,1.882912412860089,0.0001,1.0084472364997283
3096,1.0067530556092639,0.7422872793843732,0.025596835550381735,0.23886894004733036,1.828669652010316,0.0001,1.0079723524998943
3097,1.0089538235209776,0.7425078648099067,0.02578983152130313,0.24065612782639192,1.846252893821221,0.0001,1.0083182119331786
3098,1.0121192328828343,0.7426901126004619,0.025545314165931685,0.24388380657737926,1.8701994177294068,0.0001,1.0083894005411778
3099,1.0081355534267231,0.742033972338779,0.025536881015460342,0.24056469941319064,1.8399420036021885,0.0001,1.0085656942025159
3100,1.0109018672552361,0.7430225853745884,0.02572726357055726,0.24215201775257195,1.8545594578098816,0.0001,1.0090374178504362
3101,1.0081210640574565,0.7430134043248623,0.025712097392362708,0.2393955645655824,1.839205062897162,0.0001,1.0091456969780563
3102,1.0134994906295869,0.7426077222969178,0.02563409365214876,0.2452576770910022,1.8577744124143651,0.0001,1.0098681854790654
3103,1.0059504527107455,0.7424274120804746,0.02568574899592216,0.23783729125841938,1.8544216593670797,0.0001,1.009105657914589
3104,1.0145895102686622,0.7425859757901205,0.025688625736120508,0.2463149081530242,1.8704357009388612,0.0001,1.0098353239875777
3105,1.0041214085012131,0.7427368590846265,0.025838172701744714,0.23554637527535338,1.8524933371534211,0.0001,1.0093145458862698
3106,1.0122144838859295,0.7423646766805746,0.025735717032550558,0.24411408931137824,1.8587655801076677,0.0001,1.0098606887139363
3107,1.0044850973038355,0.7421304763693355,0.025736592604228982,0.23661802588578532,1.8533224604918073,0.0001,1.0094138160922221
3108,1.0142948238167753,0.742306409694602,0.025642640692225334,0.24634577346206255,1.827523780159244,0.0001,1.0096313751856165
3109,1.0061007588195028,0.7422634366801496,0.025561248554902917,0.2382760752298497,1.8455757935197068,0.0001,1.0094278957248943
3110,1.0104528648616333,0.742750832444514,0.025593455858211246,0.24210857565970015,1.8557856368244783,0.0001,1.009382995485534
3111,1.0031622744960669,0.7428086195707805,0.025612516770740067,0.23474113808276081,1.84572627602436,0.0001,1.0088871165293951
3112,1.0122009851869658,0.7428631813966237,0.02569164151352269,0.24364616227493022,1.833181622545811,0.0001,1.008757265985133
3113,1.007805519606956,0.7423319950790482,0.025699900323430617,0.23977362454073545,1.8683827240133382,0.0001,1.008942772674754
3114,1.014994188327093,0.7421947818015217,0.02570362120080913,0.2470957850036164,1.856568403708282,0.0001,1.008983240480597
3115,1.0105588179814646,0.7429441831416581,0.025853389416940313,0.24176124676412186,1.8553704008852976,0.0001,1.0096269814286223
3116,1.0097429026938356,0.7419366840174909,0.02571962353665737,0.2420865946560796,1.8681075514934609,0.0001,1.009379823309413
3117,1.0078497850628945,0.7422398448474025,0.025465063826307564,0.2401448756864419,1.8701411149564668,0.0001,1.0097162920853189
3118,1.0080424420248422,0.7421579322273301,0.025486294686431574,0.2403982131275335,1.8584689001040817,0.0001,1.0090910539061255
3119,1.0147389850558421,0.7424992054519498,0.02543144221238142,0.2468083380489151,1.8504873054748132,0.0001,1.0099548765297595
3120,1.005323405198103,0.7426249832217157,0.025594590401794556,0.23710383246246627,1.8408233350479095,0.0001,1.0094419305634064
3121,1.0123367593689816,0.7420272958931526,0.025708703433766085,0.2446007604576632,1.862556245215766,0.0001,1.010359379050698
3122,1.01522926481452,0.7423345079044783,0.025796012752679974,0.24709874448984195,1.8344815437498732,0.0001,1.0106622070134532
3123,1.0127566546262157,0.7421791413251091,0.02555829201943976,0.2450192238054943,1.8516052303643062,0.0001,1.0111573205153792
3124,1.011713593895972,0.7422315639124439,0.02538216162404956,0.24409986817434762,1.8654592320111412,0.0001,1.0108292610722671
3125,1.0099249686479086,0.7422320778664904,0.02536796459561671,0.2423249301680082,1.8521423001318384,0.0001,1.0107658761389116
3126,1.006769630778392,0.7419104266601934,0.02557258722022871,0.23928661986101138,1.8876801985514333,0.0001,1.0104685489473673
3127,1.0093312793039164,0.7420005884180204,0.025603773627755125,0.24172691744705002,1.8599821940880519,0.0001,1.0106166983714693
3128,1.0081189025729955,0.7431618828802515,0.025779526325558553,0.2391774921083415,1.8563977883747094,0.0001,1.0106243444262846
3129,1.0110333477265936,0.7429942133218715,0.025775372619319396,0.24226376116743337,1.8415161206804473,0.0001,1.0102537806933598
3130,1.007717034516905,0.7426046833063478,0.025857849246831745,0.2392545041059565,1.86352295856205,0.0001,1.01049314362524
3131,1.0099222999799082,0.7425412018207217,0.025624289473945665,0.24175680730431426,1.8617502840247164,0.0001,1.0102516976863327
3132,1.0077346731392898,0.7422288115803175,0.025709413853426732,0.23979645123059198,1.851806542452644,0.0001,1.00950223851881
3133,1.008484641388512,0.7422407471384045,0.02554247103646609,0.24070142393149663,1.8439079486815972,0.0001,1.0090750371950392
3134,1.0077263074520877,0.7424073742804614,0.02559932129378251,0.23971961182872736,1.8501612900720408,0.0001,1.0086763085506507
3135,1.0149878261055472,0.7420401703755222,0.02566155942410049,0.2472860977680821,1.83727049658313,0.0001,1.0091825942964145
3136,1.0063083364078529,0.742646625631963,0.025369336348759958,0.23829237297252878,1.8585142373555088,0.0001,1.009136464859361
3137,1.0097269979258339,0.742341237426046,0.02561380292532652,0.24177195890060424,1.8445835710780858,0.0001,1.0091760367215525
3138,1.0086420356139207,0.7419905158375629,0.02566143828038028,0.24099008176800688,1.8488167826592559,0.0001,1.0092283500256451
3139,1.0080513309755383,0.7420521646919406,0.025515742766204278,0.24048342628302488,1.8415260000596423,0.0001,1.0089301483505397
3140,1.0067951090437404,0.7426092920874002,0.025590857917832072,0.23859496070846584,1.861671963037874,0.0001,1.0088379558032232
3141,1.0075076244182084,0.7425362935656225,0.02570586538218098,0.2392654645787533,1.858991767039889,0.0001,1.0085964882470528
3142,1.0104590213081175,0.7424848345665612,0.025681672666909485,0.2422925151174257,1.9221103882934694,0.0001,1.0088689230639358
3143,1.0141993681267358,0.7426286245456332,0.025715801343472927,0.24585494129308338,1.8754976866936828,0.0001,1.0094403957377582
3144,1.0092572040296712,0.7424504014589723,0.02570987497333581,0.24109692617298745,1.8528220542304172,0.0001,1.0095934853955169
3145,1.0096815317929637,0.7428699261518328,0.025657713775944276,0.24115389045970193,1.8593610080212173,0.0001,1.0090628559642583
3146,1.0079876889321673,0.7416314523795555,0.025758002399189236,0.24059823177694428,1.853307891085472,0.0001,1.0092307912166898
3147,1.005448110084263,0.7423016852104156,0.02558626920649778,0.2375601556900186,1.8550970065908063,0.0001,1.0088029024325327
3148,1.0115151236071789,0.7423242915716423,0.025795972129636073,0.24339486202168417,1.8580915809403085,0.0001,1.0090902112318585
3149,1.0093256391086152,0.7427169695103628,0.025771563483541926,0.24083710405937797,1.8692284278405364,0.0001,1.0092176420451664
3150,1.009453665170418,0.7423152184873275,0.0257338986677282,0.24140454937173073,1.8698208585955791,0.0001,1.009483497657834
3151,1.0097754108011119,0.7423699515102843,0.02568512804367963,0.24172032805458166,1.8455608882478478,0.0001,1.0097102762961243
3152,1.0112114748171328,0.7421839154999832,0.02546184590090119,0.2435657139149689,1.87168471566562,0.0001,1.0097855216470257
3153,1.0054957282712444,0.7421086073888968,0.025586268722890115,0.23780085094288203,1.8973586619746612,0.0001,1.0089151576614765
3154,1.0110607494205297,0.742069774418767,0.0256300823683671,0.24336089258050098,1.8733093615235954,0.0001,1.0090955122005627
3155,1.011114310420309,0.7428379492875771,0.025692431244840486,0.2425839297518769,1.8528777846941842,0.0001,1.0092387900632969
3156,1.011842670958134,0.7425245232804552,0.02566459019334031,0.24365355765435687,1.860459336160888,0.0001,1.009624288265894
3157,1.005881651540799,0.7418667865089664,0.025564489693477237,0.23845037306010966,1.851222574589944,0.0001,1.0096676424115474
3158,1.00682005933042,0.7426929612914157,0.025739541643773324,0.2383875585110144,1.8655512828614116,0.0001,1.0091981359838715
3159,1.0098627346282556,0.7422397882653057,0.025655018872228163,0.24196792560918579,1.8287460758042868,0.0001,1.0092518455358355
3160,1.0127509354819633,0.742752005072201,0.0255173792945444,0.24448155033691177,1.8370038198409167,0.0001,1.0095815725669897
3161,1.0085701933980713,0.7430185640559477,0.02548232330028232,0.24006930626853243,1.8650824972872317,0.0001,1.009461050826686
3162,1.0083749498605246,0.7421790522203968,0.025686659629156332,0.24050923815454237,1.8501232345012333,0.0001,1.009177398331025
3163,1.0068393274688334,0.7421614033213494,0.025693295451738773,0.23898462837082135,1.8571109839433588,0.0001,1.0093117582507838
3164,1.0071806031114914,0.7417851281456241,0.025684984170399137,0.23971048774269482,1.8652374920932082,0.0001,1.0089237436198801
3165,1.0144287356256714,0.7424315911761162,0.02572438054345926,0.24627276375496848,1.8433250041327176,0.0001,1.0092551861404162
3166,1.0141890526543282,0.7420607615436067,0.025810959372994383,0.2463173315223707,1.8499641631244403,0.0001,1.0094898243100359
3167,1.0121428659431349,0.7419531267990205,0.025716330410259006,0.24447341029046757,1.8613253118542097,0.0001,1.0101159457502695
3168,1.0099141873404172,0.7419709884854407,0.025512603668847385,0.24243059412068094,1.8530668755332065,0.0001,1.0104253585512692
3169,1.0082513745609694,0.7431290858173951,0.025717129330122445,0.23940515983849764,1.8457697804027349,0.0001,1.0102642225445404
3170,1.006471131926376,0.7421151989613779,0.025760323715983732,0.2385956085273811,1.8499686996061468,0.0001,1.0096362421889817
3171,1.0074351288484027,0.7424444696482491,0.025602857674836627,0.23938780194847387,1.8645146657197036,0.0001,1.009522735734015
3172,1.0140224095532184,0.7422331708198145,0.02588124425125896,0.24590799693796503,1.8413178405703685,0.0001,1.0100874817032843
3173,1.0086618383806085,0.7418690312948478,0.025719405429600217,0.24107340094586174,1.854811477612772,0.0001,1.0102697327944619
3174,1.0140098865327196,0.7423961758613586,0.02560468764624296,0.24600902187654985,1.8559453013460727,0.0001,1.0109526611365844
3175,1.0073919752064873,0.7428023503228085,0.02554599677815157,0.2390436277881597,1.8947378873341465,0.0001,1.010248985094666
3176,1.0130946121157787,0.7422785590918504,0.025574516814814135,0.24524153569669785,1.8325111435586492,0.0001,1.0101395410408114
3177,1.0075544076565555,0.7425253229257301,0.025355446894802378,0.2396736388032383,1.8327849798705467,0.0001,1.0096806952121535
3178,1.0120143121444671,0.7427003927695098,0.025612761476218823,0.24370115749825086,1.8486379503478385,0.0001,1.0098907076925583
3179,1.0139508709220808,0.7419913539296473,0.025512961780323702,0.24644655637201263,1.857532244183229,0.0001,1.0104606573286694
3180,1.0061084765933348,0.7425885958555504,0.025610575327766838,0.23790930639612384,1.8675195380108351,0.0001,1.0104243917953655
3181,1.0096711337445474,0.7422854879806782,0.02554563431420626,0.24184001249999837,1.8489992787823475,0.0001,1.0106479922849798
3182,1.0095469406361997,0.7421158586022336,0.025389126783452218,0.2420419558323542,1.8391548487042317,0.0001,1.010200445393278
3183,1.005197042263062,0.742714861101843,0.025579775564569005,0.23690240632206142,1.8661601238753684,0.0001,1.0098539657815233
3184,1.0142027084048815,0.7425288021201778,0.025727886699034284,0.24594601947988023,1.8408742120251453,0.0001,1.0098732479687396
3185,1.0129351059756946,0.7420312680047134,0.025560614061645757,0.24534322420403393,1.8461658330766473,0.0001,1.0104275610456601
3186,1.0166583225644867,0.742589372771265,0.02563465004276794,0.24843430202492112,1.8327192578306062,0.0001,1.010783932090531
3187,1.0145352722181509,0.7420391263874743,0.025656008333511816,0.24684013947504468,1.8414472767112222,0.0001,1.0114820185466906
3188,1.001535380829662,0.7428887286969663,0.025540354043910276,0.23310629740871233,1.8745329029419844,0.0001,1.01043412541521
3189,1.011648704144824,0.7423544219009292,0.025699444039598198,0.2435948383081969,1.8595541993696356,0.0001,1.0102039087374843
3190,1.008007858877975,0.7419189070833141,0.025653432639085254,0.24043552055350423,1.8456522373833957,0.0001,1.0103938469659486
3191,1.001632672173498,0.7426484848616332,0.025606362379588656,0.23337782549144773,1.8633929822314341,0.0001,1.0095900008088434
3192,1.0084369591235147,0.7422386597668181,0.025599051682508984,0.24059925133997148,1.8682621553026397,0.0001,1.0094790026575748
3193,1.0135374187697745,0.7428056416356781,0.025580322041231042,0.2451514535815914,1.8450324008237518,0.0001,1.010313040308246
3194,1.012093300509888,0.7423917928041841,0.02559917403524836,0.24410233222341077,1.8655201356261062,0.0001,1.0101020995187469
3195,1.0058923016697108,0.7424915026699553,0.025634141529307646,0.2377666559705084,1.857046313750091,0.0001,1.0093978190881485
3196,1.012176701553453,0.7421464405001782,0.025583604044653097,0.24444665527443493,1.8498821253708846,0.0001,1.008949656987045
3197,1.0144850333612299,0.7423070382636653,0.02548918520944839,0.24668881085910976,1.836445823644286,0.0001,1.008944633101353
3198,1.0110719667003314,0.7425773238071806,0.025557465292135553,0.24293717669802917,1.8640672790593114,0.0001,1.00989829168842
3199,1.0128475554574576,0.7418905667068992,0.025543312997411763,0.24541367638788164,1.8678432693346034,0.0001,1.0100181768196834
3200,1.0113612470230273,0.7428529989163242,0.02549739251513994,0.24301085373647435,1.8560573399429632,0.0001,1.0103535156341885
3201,1.0085862430065688,0.7412552904889259,0.025557846616779813,0.24177310751036987,1.8683177653480978,0.0001,1.0110488727174956
3202,1.0071951814645685,0.7423534285707841,0.025659981170484066,0.23918177228247176,1.8486538361342393,0.0001,1.0109246949516009
3203,1.0174387897729391,0.742319551007501,0.025698368737953912,0.2494208728233409,1.8826658442828041,0.0001,1.0113148320519174
3204,1.0137406286554935,0.7424774057483092,0.025640849893039913,0.24562237455564387,1.9144015147768219,0.0001,1.011479564866478
3205,1.0134087462454249,0.7421569148377037,0.02558422644771862,0.24566760643727276,1.8527262899986872,0.0001,1.0122312093240495
3206,1.0063993111101657,0.7423674596008858,0.025796437602014135,0.23823541492359754,1.8816092938003386,0.0001,1.0116534702797206
3207,1.0050988597512003,0.7426348653816548,0.025845851424257847,0.23661814387849933,1.8553188026072287,0.0001,1.0107148529187178
3208,1.0147112506398324,0.7422500220080176,0.025790231464842512,0.24667099684913232,1.8483544738007365,0.0001,1.0110787813126678
3209,1.0120599226342253,0.7421952823354555,0.02570847637996712,0.24415616450064323,1.8487242615005308,0.0001,1.0110000180303447
3210,1.012318523612032,0.7423171029854981,0.02579260694569555,0.24420881361283106,1.8335727448395736,0.0001,1.011095745689245
3211,1.012318238767117,0.7425359739009555,0.025848616934693126,0.24393364731184608,1.8551705081854581,0.0001,1.0114689452653
3212,1.0120668799350034,0.7425077481395574,0.02565678404020731,0.24390234755499487,1.8395911701794327,0.0001,1.0119561151123435
3213,1.01203637759052,0.7426701849420946,0.02557451004430682,0.24379168209973082,1.8326699977956002,0.0001,1.0114158738941015
3214,1.0096261948649345,0.7421047384066708,0.025667988988013587,0.24185346810498537,1.843938356722586,0.0001,1.0110044305150454
3215,1.0107439235306173,0.7416497449604058,0.02547770460527277,0.24361647664745004,1.844311867959601,0.0001,1.0107379482435648
3216,1.0044411012173666,0.7413685987977421,0.025601336486924735,0.23747116571734328,1.86105744422812,0.0001,1.010542127254285
3217,1.0133661955413664,0.7428589362885357,0.025555818849838288,0.24495143827965246,1.8523936627119115,0.0001,1.0113688608333014
3218,1.0129777969259761,0.7425354922277206,0.025683887106409904,0.24475841901244305,1.9159258093843596,0.0001,1.011195515461916
3219,1.00880668443792,0.7424989693305072,0.025586320468910326,0.24072139608932558,1.8612121017177496,0.0001,1.0108701916422853
3220,1.0063590876470956,0.7429097782042157,0.025753860541337884,0.23769544913578952,1.8926201618709138,0.0001,1.0102742480457916
3221,1.011299444744118,0.7427849058689017,0.02584611619945472,0.24266842310458542,1.852815459998094,0.0001,1.010172368643492
3222,1.009162622823193,0.7417990294479695,0.025748777582969434,0.24161481391827427,1.8737350716793997,0.0001,1.0098819429323107
3223,1.008859295874048,0.7423104489067264,0.02563645486657566,0.24091239142067292,1.8692217666285518,0.0001,1.0095642347606637
3224,1.0150854096693152,0.7419996994262293,0.0255804523734969,0.24750525646410415,1.8691878860427207,0.0001,1.0101101562411015
3225,1.011032696669774,0.7423008686388723,0.02551775433228901,0.24321407267850262,1.9418979803398706,0.0001,1.0101390335550173
3226,1.0145102568862405,0.7424587914474595,0.025742052051165042,0.24630941405257636,1.8498015643133352,0.0001,1.0111459491219048
3227,1.0053662233372005,0.7421094012308798,0.025745606325702785,0.23751121561437785,1.9069515814887583,0.0001,1.010345951901488
3228,1.0113432911540141,0.7421474693754866,0.025703486757878116,0.24349233476373294,1.8503663832469113,0.0001,1.010182501324292
3229,1.0215162163332074,0.7426436741743804,0.02565118894132107,0.25322135472878,1.8360867297189956,0.0001,1.0114534545138207
3230,1.0090935734416118,0.7423756005314253,0.02552717452600568,0.24119079823683168,1.848669327538589,0.0001,1.0117269030932723
3231,1.0027688658261638,0.7424022220452949,0.025657746419461697,0.23470889801881134,1.8803897781739611,0.0001,1.010873845201477
3232,1.005870415642102,0.7419291844716178,0.025607629189868485,0.23833360112485671,1.8625441726758079,0.0001,1.0105446244833678
3233,1.010548805005652,0.7424919278819953,0.025699747503408314,0.2423571300094014,1.8915303055703276,0.0001,1.0107135753965282
3234,1.0157657269290203,0.7418808598547388,0.025715014997408792,0.24816985302897543,1.853424478737868,0.0001,1.0107816071224984
3235,1.0082941282593454,0.7418651578392509,0.02573877996170013,0.24069019263840713,1.8465526137825925,0.0001,1.0105077502814557
3236,1.0069951008831513,0.7426322942815011,0.025687053285796065,0.23867575140409247,1.8453718709171907,0.0001,1.0097562346811468
3237,1.0097777220830473,0.7420737481020527,0.025588620265163706,0.24211535370827447,1.8383775714928432,0.0001,1.0101973845557315
3238,1.006080327121046,0.742009219364027,0.02553451133789929,0.23853659612819944,1.8596293157302826,0.0001,1.0096710881524347
3239,1.0063452237034425,0.7421718363104195,0.02556183106033604,0.23861155704298562,1.8479710744795885,0.0001,1.0081539888894582
3240,1.0134934799908142,0.7426224849045155,0.025646592734067965,0.24522440210664853,1.8670243348843185,0.0001,1.0085939795443783
3241,1.0069811990971982,0.7417884366265659,0.02560698043018519,0.23958578202533432,1.8378359625837624,0.0001,1.0090152128714818
3242,1.0160256025757315,0.7423622272077487,0.025611722203345618,0.24805165289260794,1.848006769319577,0.0001,1.0100307315648451
3243,1.0067360763859314,0.742274955126625,0.025510654488151503,0.2389504656754812,1.8556047117008883,0.0001,1.0096494587028726
3244,1.0098573056486024,0.7420958779888269,0.025573580308569856,0.24218784950854932,1.8457259807818802,0.0001,1.009058616574831
3245,1.0138001168717234,0.7420672680011385,0.025713403374863445,0.24601944496299746,1.835954474387256,0.0001,1.0096092154360687
3246,1.0123366105387226,0.7423498165051303,0.025581216957216088,0.24440557576156774,1.8662551061135035,0.0001,1.010143366401626
3247,1.0071738861637232,0.7413467536349809,0.0255590761892694,0.24026805478474975,1.8505520189509672,0.0001,1.0098829828096938
3248,1.0145819570423382,0.7422180441765466,0.025534115988632727,0.24682979964279017,1.8452809565449342,0.0001,1.0107331458018227
3249,1.004028521009681,0.7423424095701252,0.025636884551986476,0.2360492275820028,1.8563539111348244,0.0001,1.0105014755324466
3250,1.0080254808158953,0.7423685978924285,0.025507260771358713,0.24014962334223622,1.8492372913728137,0.0001,1.0099546756149549
3251,1.0109943026945025,0.7412574094159124,0.02555835343761328,0.2441785412162361,1.8515310408377503,0.0001,1.0103559859746851
3252,1.0160534580145597,0.7420754626121289,0.025455163651982863,0.24852283204514647,1.8582624806351884,0.0001,1.0103587715185678
3253,1.011270249712056,0.7420931616854716,0.02563621644799656,0.24354086949302992,1.869622262447891,0.0001,1.0108121888511803
3254,1.0110899675448575,0.741959146505437,0.02542025153100128,0.24371057268209437,1.8368756957276597,0.0001,1.0109354550408058
3255,1.004108291610501,0.7421162627773401,0.025516346308570845,0.23647568325377985,1.8529426026295939,0.0001,1.0099662725146836
3256,1.0070417788159292,0.7419966167900673,0.025563307756342704,0.23948185432713637,1.830762570334738,0.0001,1.0094367893424046
3257,1.0130491290566404,0.7424173965657217,0.025539294943122785,0.24509243826565105,1.8333558376130419,0.0001,1.0100243136316958
3258,1.002949682379833,0.7420920910990021,0.02553698354028543,0.23532060956540868,1.8706350657809336,0.0001,1.0088610861654455
3259,1.008706252787708,0.742606468664947,0.02554523098541322,0.24055455566873174,1.9637202404091856,0.0001,1.0093288593432483
3260,1.0160971872704991,0.7423183991749437,0.02559996594280065,0.24817882222076218,1.8525705381049105,0.0001,1.0101360299887088
3261,1.0066267810535237,0.7422089307109918,0.025446701485051588,0.23897114781847953,1.8480501457837242,0.0001,1.0096992778246108
3262,1.0051133024523273,0.7414925820203631,0.02549648695978625,0.2381242322744934,1.858633998441406,0.0001,1.0086052622683874
3263,1.0057488423573802,0.7418755047461566,0.025700082159912853,0.23817325540975068,1.8589266325832623,0.0001,1.00805312153292
3264,1.0116918334854543,0.7426870065093282,0.02545528673013374,0.2435495391049806,1.868896694018923,0.0001,1.0081133081269795
3265,1.0070940344377173,0.7426221188135128,0.025554057550720464,0.23891785641297184,1.8542266099980105,0.0001,1.008411882409701
3266,1.0057119536109678,0.7417913396024801,0.025563814335372338,0.23835679904593657,1.8541238477215565,0.0001,1.0082788998892052
3267,1.0123339515428755,0.7422541707572782,0.02548505882704234,0.244594720364161,1.836670284822553,0.0001,1.0082073821378288
3268,1.0095775652125205,0.7416256967229243,0.025581306182830377,0.2423705630737374,1.8480276672158231,0.0001,1.0088701704210972
3269,1.0054826055772406,0.7418332893031122,0.0252737863552256,0.23837553053474692,1.851811160422242,0.0001,1.0085478057000505
3270,1.0089917422308157,0.7421239074055128,0.02562149809050028,0.2412463370748393,1.8353283028089975,0.0001,1.0078372611960822
3271,1.0121488254403972,0.742333458596746,0.025636123837128613,0.24417924206953262,1.8555629091378882,0.0001,1.0083894656347696
3272,1.0042169311709144,0.7424399480374783,0.025469170864406997,0.2363078112111372,1.8439961149532944,0.0001,1.0082998285066282
3273,1.0127827355876171,0.7417716891722069,0.025551990127950362,0.24545905781006838,1.83070282230029,0.0001,1.009003217829652
3274,1.0114604582892954,0.7422280090333966,0.025358974570918517,0.243873474781324,1.8496286888393378,0.0001,1.0089800803100362
3275,1.010533366314538,0.7418179052596644,0.025662400659634665,0.24305306095866067,1.8325675048886159,0.0001,1.0093240134977184
3276,1.0084847922741036,0.7418456625261365,0.02561251870517073,0.24102661079343626,1.840613399509484,0.0001,1.0096012973640318
3277,1.013998900538284,0.7421651960144662,0.025503600828546056,0.2463301063928957,1.8500127001659865,0.0001,1.0097677922635726
3278,1.0105590226684091,0.7422568586486832,0.025427555215769802,0.24287460798786814,1.9102242595041983,0.0001,1.0098659380091615
3279,1.0102397691889178,0.741522548769357,0.025735578478954385,0.24298164273402512,1.846344271731425,0.0001,1.0103416543703294
3280,1.0113327871955191,0.7422635902255834,0.025649614798369805,0.2434195786880794,1.8644406597222567,0.0001,1.0105757588667994
3281,1.0075374040110359,0.7425924159934023,0.025646539053617093,0.23929844921337665,1.9349238371994142,0.0001,1.0101146167238633
3282,1.0137152734682962,0.7412391099436529,0.025614045938178443,0.24686211731443541,1.8499936595649797,0.0001,1.0110644509536015
3283,1.0083068721676454,0.7419834908317117,0.025697965167357038,0.2406254177365233,1.8449260516292425,0.0001,1.0106168646116045
3284,1.0132553613693671,0.7422783559766309,0.025694814947023838,0.24528218746850264,1.8555177979730448,0.0001,1.0107963549196115
3285,1.0168546918197772,0.7424481004536998,0.02545899406649762,0.2489475979683184,1.8410874752679172,0.0001,1.0114284874701354
3286,1.0094470110916463,0.7426178918407123,0.025690370834381537,0.24113874846566885,1.8545840777925255,0.0001,1.0115247093518898
3287,1.013903795101096,0.7415809237207409,0.02573427370547281,0.24658859830395022,1.851541904116741,0.0001,1.011515198808171
3288,1.0114618282289098,0.742381274337459,0.02559411308102869,0.24348643892888608,1.8596752270240087,0.0001,1.011605479364221
3289,1.0132813369042974,0.7424021054958475,0.025546003306855053,0.24533322869099178,1.84951078819213,0.0001,1.011909636135759
3290,1.0136182230819795,0.7428448802317373,0.025645696367259926,0.24512764374757634,1.8512233024194806,0.0001,1.012138179724405
3291,1.0020794328037672,0.7423497104741497,0.02568245877116979,0.2340472652170709,1.8578323819816234,0.0001,1.0115923826036781
3292,1.010321758702609,0.7425097612773671,0.025855735881333417,0.241956260247991,1.8311423106802889,0.0001,1.0112530311271097
3293,1.0124023672775129,0.7418926133345397,0.02570718055322736,0.2448025750332563,1.8439302381589011,0.0001,1.0116625806380963
3294,1.0137386324439523,0.742147196862567,0.025694194720192808,0.24589724312432518,1.8590846334944875,0.0001,1.0117109077455548
3295,1.0101542551425602,0.7427543023295141,0.025532882305477986,0.24186707216619116,1.8249003026354869,0.0001,1.0110408640778332
3296,1.0150977865193969,0.7420314446424132,0.02558716605691349,0.24747917447503634,1.8178168532814505,0.0001,1.011605941620608
3297,1.006108187154147,0.742145500850484,0.025403423193260333,0.2385592627684769,1.8392074076689282,0.0001,1.0108263808259133
3298,1.0152764523488755,0.7422164304986687,0.025551337983013407,0.2475086856391621,1.8442526671272261,0.0001,1.01120784323791
3299,1.0123863680851146,0.742853782965252,0.025517381470778894,0.24401520192434228,1.855741677613094,0.0001,1.0111183463559914
3300,1.0093041999344894,0.7419573051692506,0.025483182912907784,0.24186371272131346,1.8539632544314402,0.0001,1.0106869440412427
3301,1.014165679533148,0.7415348342175899,0.02556465895616017,0.2470661878820063,1.8309071047069092,0.0001,1.0118955687141806
3302,1.0120709219278718,0.7416787993835388,0.025571144618562462,0.2448209801171179,1.8640824648236165,0.0001,1.0120704850367068
3303,1.0083814657484058,0.7423571479973397,0.025650727579608165,0.24037359112356063,1.9143343888238284,0.0001,1.0116683948837961
3304,1.0062333773405991,0.7420756009239212,0.025661807514832904,0.23849596661604322,1.86977372256544,0.0001,1.0109178693734608
3305,1.015455591025749,0.7417907630212408,0.025441012324474405,0.2482238145239092,1.8296536833471024,0.0001,1.0114480029617796
3306,1.0085440438852833,0.7422784034910841,0.02536589910727727,0.24089974193676975,1.8455745005946131,0.0001,1.0107926286983684
3307,1.0060603521900293,0.7415736821795574,0.025532971289288442,0.23895369888742363,1.9074894521105845,0.0001,1.0107878452019565
3308,1.017147134211194,0.7422066138675681,0.02549940674106683,0.2494411149853746,1.8466075068796866,0.0001,1.0109749133881887
3309,1.010800840042184,0.7418471848021656,0.02556942756954603,0.24338422954067376,1.8391662318614628,0.0001,1.0108163605838953
3310,1.0045791568185447,0.7419943013974668,0.025412635919288495,0.23717222198783505,1.8698540258601035,0.0001,1.0103438562723008
3311,1.0103810944615224,0.7423007777206313,0.025748720759068734,0.2423315955737783,1.8422269603543542,0.0001,1.0099653977651384
3312,1.0093912381913066,0.7415355696639473,0.025613417248213265,0.24224225102600774,1.885562693613296,0.0001,1.0096974293914815
3313,1.0136001469155596,0.7421931597814115,0.02556465653812184,0.2458423290318577,1.8487353220914489,0.0001,1.0102192975081972
3314,1.009844471789277,0.7424247892343007,0.025417305151299096,0.24200237889228196,1.845576352570168,0.0001,1.0105804069530648
3315,1.0140554076759616,0.7422920348194502,0.025623796194126833,0.24613957618633342,1.8487893231742039,0.0001,1.0104403886180864
3316,1.009637927428704,0.7419225005300727,0.0255838705124768,0.2421315584287357,1.852767676417291,0.0001,1.0105497769724283
3317,1.0137874573529613,0.7421984723325191,0.02567173162773705,0.24591725112579416,1.8428234202866622,0.0001,1.0113224874887217
3318,1.0160708171117137,0.7419635065912475,0.02558717597087063,0.24852013480651208,1.8359368207730338,0.0001,1.0112148557787735
3319,1.0099168637461402,0.7422545121842901,0.025563019767977885,0.24209933078887497,1.8491646215833466,0.0001,1.0111264581491692
3320,1.0153484296121655,0.7422848635222801,0.02553250775134104,0.24753105580716056,1.8426779220844138,0.0001,1.0122033854285313
3321,1.010285881421629,0.7420853956717749,0.025608553122313464,0.24259193141474322,1.8480051668855773,0.0001,1.0121938641245418
3322,1.0139792490198936,0.7418109197887397,0.025690684212148793,0.2464776434623929,1.8496493652432733,0.0001,1.0126526652074004
3323,1.0114020895039093,0.7418684036929999,0.02554586644588571,0.2439878180426589,1.8518470528159616,0.0001,1.0124328594662355
3324,1.0106650243908106,0.7424935432525,0.02550331574182723,0.24266816495821394,1.8658342554893261,0.0001,1.0125149147263888
3325,1.0169248590604771,0.7419219937092392,0.02551670925612382,0.2494861562254614,1.8485685306436874,0.0001,1.0128018598648405
3326,1.0133541702740574,0.7421789686771726,0.02561931605271345,0.24555588556684055,1.868181303113276,0.0001,1.0131734841493758
3327,1.002828377980973,0.7418583597662967,0.025571618795878506,0.23539839660405024,1.8587660281701697,0.0001,1.012077576212177
3328,1.00938716476394,0.7423571719359191,0.02546734016758917,0.24156265280022463,1.8449534160853882,0.0001,1.0114092109773996
3329,1.0122846096572722,0.7418573204934235,0.025731513998329517,0.2446957770319425,1.8579999370458886,0.0001,1.0116459855685127
3330,1.0122322285392946,0.7423293480524911,0.025652761633449345,0.24425011989613335,1.8567673777953606,0.0001,1.0113343654612257
3331,1.0144147658928413,0.7421089445843416,0.025659302185321677,0.24664651871135582,1.8516908917900998,0.0001,1.011747253908347
3332,1.0111007374875687,0.7417937062574932,0.025515686667715077,0.24379134434322555,1.845444783477706,0.0001,1.0114594027551145
3333,1.0151837123576817,0.7420887283330999,0.025480026647478764,0.24761495828386737,1.8295697851548571,0.0001,1.0118375650404918
3334,1.0137541892562387,0.742189379541192,0.02540229010050002,0.2461625204381909,1.871427833913064,0.0001,1.0121464815270347
3335,1.0079599154648384,0.7421890479072354,0.025420723532082825,0.2403501415697,1.8801058620274913,0.0001,1.0112499871674707
3336,1.008223075412108,0.7421174634542717,0.025669711356714336,0.24043590029886722,1.8648562576417749,0.0001,1.0107368776812755
3337,1.0115831542692126,0.7413944326356265,0.025465493269914544,0.244723227717602,1.8436894150824865,0.0001,1.0116123553100995
3338,1.0037188465890245,0.7419492333946073,0.025357003386073856,0.2364126097894525,1.8503326407310687,0.0001,1.0110455234926081
3339,1.0119371474635528,0.7422314182256347,0.025452739326755607,0.24425298911396556,1.8482280379618399,0.0001,1.011010777273236
3340,1.0096896290779114,0.7419094981334756,0.025469904013627923,0.2423102270214843,1.8487688934101778,0.0001,1.0107565173270978
3341,1.0036223554949733,0.7418611246722223,0.025585551290918315,0.23617568132269212,1.86500753834088,0.0001,1.009677276287311
3342,1.0101930820675942,0.7416415574826285,0.02564510733312332,0.2429064168626892,1.8495095412097644,0.0001,1.0095865107453137
3343,1.0028311766185334,0.742305842906418,0.02566928046228436,0.23485605277377983,1.8631669631110728,0.0001,1.0083512571713986
3344,1.0086044588147023,0.7421214819921683,0.025546464184960295,0.2409365140203893,1.8463026101400597,0.0001,1.007836284127245
3345,1.0134985589594192,0.7421849940659792,0.025501893209879105,0.2458116709657059,1.8258588488155156,0.0001,1.008390148476703
3346,1.0174461368614955,0.7415593082716209,0.025416525575742276,0.2504703022698299,1.8415133126125374,0.0001,1.009312454621642
3347,1.0047093004774128,0.7418963528308133,0.025621093552688073,0.23719185423370429,1.8838848511539172,0.0001,1.008625069242462
3348,1.0076562030803844,0.742497955930644,0.02557293058167123,0.2395853148452167,1.8970560882444556,0.0001,1.0090188048915976
3349,1.0103193493692193,0.7416568044233032,0.02555959993637116,0.2431029475182597,1.8585840374170888,0.0001,1.0088570250821642
3350,1.0096852283690572,0.7421603249971571,0.025261795303159022,0.24226310934576736,1.8344067828408603,0.0001,1.008856585011279
3351,1.0097028046060528,0.7421894162953746,0.025405828174180967,0.24210756036318823,1.8650361824229087,0.0001,1.009464629922387
3352,1.0130773789984218,0.7421363577639597,0.025429459420952788,0.24551156017755518,1.9371479628777648,0.0001,1.0097530596154698
3353,1.002128262427951,0.7418002067908313,0.025546183692514293,0.23478187089427005,1.8499599117294527,0.0001,1.0096827681964116
3354,1.0111136795541094,0.742201576731026,0.025509213820915918,0.24340288871502538,1.8592660988078398,0.0001,1.0099336902703524
3355,1.0125840018535484,0.7423700894593709,0.025561972999185868,0.24465193876025643,1.8384695454494948,0.0001,1.0098422345597653
3356,1.0109857978491947,0.7424994436287251,0.025561407661824874,0.24292494871976653,1.8446544237117497,0.0001,1.0091962006585353
3357,1.0132537343922783,0.7414215167202283,0.02548411192323325,0.2463481075396765,1.8340816710590107,0.0001,1.0100506440500219
3358,1.011797884173132,0.7420294620927884,0.0252347466428188,0.24453367504081547,1.8658642125661669,0.0001,1.0104648121592967
3359,1.0105025908526253,0.7418556127538546,0.025385940050740272,0.24326103901524573,1.8499934900604929,0.0001,1.0104831363076372
3360,1.0109402567571366,0.7416829073888535,0.025341328936222842,0.2439160216788612,1.8442040836593443,0.0001,1.010608639146445
3361,1.0117787860228131,0.7416699244574649,0.025532905035038266,0.2445759545354282,1.8724576803056512,0.0001,1.010816237288121
3362,1.013193146573119,0.7419043801135514,0.02554346170676891,0.24574530381580878,1.864469081586563,0.0001,1.0108278140455909
3363,1.0068940387294452,0.7418437322061395,0.02524812202182793,0.2398021816338354,1.8533952301462573,0.0001,1.0113043916757403
3364,1.0057753237459288,0.7422993165000699,0.02561753927815033,0.2378584681679523,1.9147255077323373,0.0001,1.0107705560949223
3365,1.0107611143323036,0.7421983618281676,0.02537810463934351,0.24318464639507853,1.888226453237553,0.0001,1.0105882673427977
3366,1.0096244105944527,0.7413043840419932,0.025633059698959876,0.24268696543668034,1.8408288426138082,0.0001,1.0104521286173236
3367,1.0141836072320145,0.741973003678583,0.025519477910008925,0.24669112490667652,1.8355116379913887,0.0001,1.0105451159012973
3368,1.0095433633902977,0.7418962394248158,0.02556721167922262,0.24207991402800258,1.8435655239871258,0.0001,1.0103196638230139
3369,1.015085448962438,0.7419166292912094,0.025433700176571736,0.24773512005004994,1.855039187425532,0.0001,1.010777949633995
3370,1.018132044867618,0.7421832292607058,0.025200594027675913,0.25074822113341055,1.8240859626998283,0.0001,1.0114971284450431
3371,1.007482360270154,0.7420823653861427,0.02545616375263516,0.23994383199280223,1.8780821288575023,0.0001,1.0110674858697772
3372,1.0138972574508698,0.7424855744862895,0.025485018929409933,0.24592666316807693,1.8499601295947061,0.0001,1.0111378969575522
3373,1.0083122069647057,0.7422591962872364,0.025341908298206137,0.24071110317268188,1.886617144513082,0.0001,1.0112797137810783
3374,1.0090845692713895,0.7420314211874415,0.02533775604278998,0.24171539355243196,1.84048015592548,0.0001,1.011610638333624
3375,1.00623802892093,0.7415199334191018,0.025717430375894232,0.2390006623669144,1.8584956467514349,0.0001,1.0111583297924869
3376,1.0064660993841066,0.7421265792169629,0.025628764295674726,0.2387107569822554,1.8377538298013003,0.0001,1.0108424986714521
3377,1.0093783172826012,0.7423588096732784,0.025602584920113275,0.24141692177488885,1.838573423650637,0.0001,1.010361969676511
3378,1.007067809965741,0.742432846500714,0.025504692572850967,0.23913027159491854,1.8360706473460788,0.0001,1.0101144143340555
3379,1.0126688063265585,0.7419672697842967,0.025388944221558483,0.24531259269474365,1.8467393538047527,0.0001,1.0098727500704676
3380,1.0122331444922132,0.7415151357892561,0.025439493312797004,0.24527851578686954,1.8643320431332076,0.0001,1.0092828600329269
3381,1.005893212182043,0.7419400148652872,0.025692981106756184,0.23826021709598405,1.8519681728393989,0.0001,1.009123945224116
3382,1.01288364044793,0.7418711092360847,0.025576130129986312,0.24543639910209009,1.8465018971212979,0.0001,1.0090225835238218
3383,1.0117693366917344,0.7422951868533121,0.025574925705095335,0.2438992252290007,1.8484449350326104,0.0001,1.009368296496525
3384,1.0153152449377651,0.7421429355536223,0.025437103807321667,0.24773520600304771,1.8650157265440688,0.0001,1.0099913640631626
3385,1.0084782997202921,0.7420211665286979,0.02549554344123082,0.24096159309783524,1.842757456442889,0.0001,1.0102153911430984
3386,1.0146071833480927,0.7424005162401567,0.025398175324677936,0.24680849054401352,1.8590991615523673,0.0001,1.011029499539497
3387,1.0072490554794096,0.741303473529661,0.025505202778938092,0.24044037993400383,1.8540487272502442,0.0001,1.0108165733591779
3388,1.014501002328149,0.7425333393272957,0.02535858937741293,0.2466090715378825,1.8405966461309313,0.0001,1.0115598925954188
3389,1.0083238972128041,0.7409151579738872,0.02548558305775176,0.24192315660432193,1.8456088761528897,0.0001,1.0111254016840434
3390,1.0115385554866907,0.741695022848992,0.025661398140944043,0.24418213408493247,1.833583491085509,0.0001,1.011055942783491
3391,1.01447957935488,0.7414573025993595,0.025573097184512002,0.24744917989215431,1.860444258966504,0.0001,1.011914579500775
3392,1.0107672264077843,0.7415104597867381,0.025484478739647546,0.2437722858638478,1.8609261447469312,0.0001,1.0117029380967604
3393,1.0081644437859556,0.7419328993039005,0.025484870945464283,0.24074667542804462,1.8516254410540598,0.0001,1.0113424488061824
3394,1.0094700167919028,0.7419839158019478,0.02556671162889647,0.24191939131815826,1.8360582137929982,0.0001,1.0107579259915962
3395,1.0175100104320363,0.7417590587908066,0.025405213750641923,0.25034573546121497,1.84159811974539,0.0001,1.0116610970627704
3396,1.008931254760247,0.7419873173773651,0.025361374473958663,0.24158256336230535,1.8452763393007476,0.0001,1.0110935042039861
3397,1.013190526749493,0.7416436400181381,0.025547893003808074,0.24599899392401228,1.8350097693004181,0.0001,1.0116876513309943
3398,1.015251099942422,0.741482135732082,0.02538723394304937,0.24838173179745554,1.8485760401035178,0.0001,1.0117626610924215
3399,1.016669056357525,0.741590781337591,0.025451731004773,0.2496265451750637,1.8536151454124683,0.0001,1.0125971770068936
3400,1.0131050800455028,0.742042635807401,0.02574728879677113,0.24531515379782018,1.8352875929575179,0.0001,1.0127538294627747
3401,1.009607704851255,0.7413494605079868,0.02555277671581833,0.24270546415529798,1.8501259042573508,0.0001,1.0122666420124122
3402,1.0099342406158758,0.7418016971487544,0.025459445030645716,0.2426730986480539,1.829222759417056,0.0001,1.0121833434332215
3403,1.017083431595963,0.7420814669640021,0.02546992529236521,0.24953204051083291,1.8394319684703742,0.0001,1.0130752422142222
3404,1.0170283695988915,0.7419549561659172,0.02545737543164112,0.24961603819779885,1.8360542808536584,0.0001,1.0138310774949213
3405,1.0102841324545064,0.7420390453831903,0.02558382336072941,0.24266126408084895,1.8695890838185865,0.0001,1.0131084896971683
3406,1.013585021481311,0.741625669882699,0.025401216007874896,0.2465581340794631,1.8451958087104814,0.0001,1.0135738663692746
3407,1.011913397732903,0.7424277753907333,0.025318825220723182,0.24416679779396339,1.8728101253509521,0.0001,1.0134461534676154
3408,1.0095525878438119,0.7412649672365091,0.02539385235575585,0.24289376737500784,1.876536085204227,0.0001,1.0128763022577545
3409,1.0083566176238457,0.7420473900334589,0.0252515657920141,0.24105766231976222,1.8553050872520307,0.0001,1.0120450583843867
3410,1.013139164230161,0.7415169132892306,0.02553597691092965,0.24608627531222213,1.8906604578722321,0.0001,1.0120484668028524
3411,1.0163567427689357,0.7422561955016719,0.025569872246794478,0.24853067630505224,1.9303462691529527,0.0001,1.0127233705946206
3412,1.0149126278943028,0.7416109359288554,0.025573558304421075,0.24772813307918592,1.8470753044434058,0.0001,1.0132212093224633
3413,1.0156875235797425,0.742118473710685,0.025524517827295146,0.24804453406686958,1.8394449168238147,0.0001,1.013081618520841
3414,1.0091728092932557,0.741598918641073,0.025378787009759558,0.2421950998869073,1.8562102325064174,0.0001,1.0122960624902775
3415,1.0130131087486933,0.7411274033434251,0.02557345094351933,0.24631225431593454,1.8572872973842505,0.0001,1.012568960119696
3416,1.0118544268559733,0.7419205560645515,0.025361998569651018,0.24457187057448207,1.8441763083784866,0.0001,1.0123959006571623
3417,1.0111780616381105,0.7415445900350265,0.025550410665314775,0.24408306162539892,1.8343513730089755,0.0001,1.012322367047683
3418,1.0106297892199085,0.7420828349691859,0.025458092380005255,0.24308886244500144,1.8442005422004095,0.0001,1.012430087185293
3419,1.0096242797785793,0.741613935142695,0.025444519689068593,0.24256582651854044,1.8515228294213935,0.0001,1.0125568534007665
3420,1.0218731126243639,0.7417451055006371,0.025411891405287428,0.2547161163002797,1.8433780070492511,0.0001,1.0134302482401867
3421,1.0151283651529897,0.7422793624850847,0.025619003883965357,0.24723000018375701,1.8590331101756068,0.0001,1.013307410478592
3422,1.0099278636442963,0.7421377128326385,0.025413206092726143,0.24237694352880332,1.8277915075391107,0.0001,1.012808934053591
3423,1.0119625666078642,0.7415045398244026,0.025369299110969714,0.24508872865859804,1.8316216684016446,0.0001,1.0124364383564035
3424,1.019125528437129,0.742401846040335,0.025289563088097874,0.25143411923313236,1.8422683516090346,0.0001,1.0134317102707908
3425,1.012543242190479,0.7413141853185503,0.025588330825975895,0.24564072529574701,1.8353983560391904,0.0001,1.0133847236149693
3426,1.0110384061418731,0.7413667089798871,0.02559422455259559,0.2440774722277937,1.8295584058664875,0.0001,1.0133031215435593
3427,1.0118345623084062,0.7414131118608053,0.025655368036962667,0.24476608310204612,1.8521573976377446,0.0001,1.013368771610589
3428,1.0134299281402728,0.7421738055608336,0.025594954316562862,0.2456611672881046,1.8351394951222635,0.0001,1.0136487855026255
3429,1.0102745795104857,0.7413919043347511,0.025615867688254457,0.24326680603665707,1.8430956923695656,0.0001,1.0137138154758158
3430,1.0170446879723494,0.7422622883537479,0.0255216115870292,0.24926078982998826,1.8477571639279564,0.0001,1.0132309730106146
3431,1.0086640491930514,0.7416324460724063,0.025646626586604552,0.2413849785478132,1.8383783476831463,0.0001,1.0125845414146206
3432,1.0146906327524243,0.7416969286259,0.025479952413702107,0.24751375006553367,1.8468894131526985,0.0001,1.0130608183254337
3433,1.0105113932375491,0.7418919863372013,0.02524024381115277,0.2433791634065626,1.8591946544801972,0.0001,1.0129157009884018
3434,1.0083190793923384,0.7420617737344506,0.025457500444222656,0.24079980402731507,1.9002195516899683,0.0001,1.0118350560839229
3435,1.0122491149099555,0.7418545329788394,0.025452388227590442,0.24494219548871804,1.8630215681590607,0.0001,1.0118056433558704
3436,1.0101218715642577,0.7413785462447161,0.025405618772061794,0.24333770578428648,1.838711832164509,0.0001,1.0117139898981091
3437,1.005285853788287,0.7421619259803338,0.025630966644983506,0.2374929629651637,1.9065310350538025,0.0001,1.0110591190460971
3438,1.0134928850324836,0.741905733973211,0.02534717430207599,0.24623997659473462,1.8478904515202583,0.0001,1.0110654147353182
3439,1.0103166299224142,0.7412415267729614,0.025601744893598267,0.24347335887169863,1.8666834340376013,0.0001,1.0110696197765112
3440,1.0124421205530303,0.7426982066210579,0.025652544251803695,0.24409136925701194,1.9545545222551295,0.0001,1.0106093630345792
3441,1.0111608705946205,0.7422389432818121,0.025595116325130812,0.24332681028115702,1.8231421090042856,0.0001,1.0108590451747361
3442,1.0094697977176303,0.741587976534033,0.025406821746129776,0.2424749998001733,1.8509326351100002,0.0001,1.0103369616712565
3443,1.003768279755575,0.7416704605365622,0.025683196756467373,0.23641462559843884,1.8404925321710521,0.0001,1.0096626503230592
3444,1.008902774258511,0.741786011817731,0.02559313450091751,0.24152362605454836,1.831342457999564,0.0001,1.0097210198096764
3445,1.0135507985012526,0.7408999139348585,0.025284343752367742,0.24736654146387418,1.835373502474044,0.0001,1.0098511881688061
3446,1.0087154777248297,0.7412715264072767,0.02537801613914072,0.24206593393161138,1.8394291309023967,0.0001,1.0097105487848634
3447,1.015836761036461,0.7409829565042414,0.025219142316079284,0.24963466185343436,1.8398578650569335,0.0001,1.0107656395096805
3448,1.0103703158138733,0.7415551800756861,0.025324960267567972,0.24349017387244692,1.8331494370048476,0.0001,1.0104533825878197
3449,1.013490789318665,0.7417360715885433,0.025179910127821607,0.24657480819169697,1.8542119385504578,0.0001,1.0107707985274446
3450,1.004300845684918,0.7416513953924663,0.025453940366392928,0.23719551037188477,1.8494697091061978,0.0001,1.0099566710406336
3451,1.0103259897860746,0.7411009821640309,0.025375561830238202,0.24384944332842895,1.8845506930689784,0.0001,1.0098731829597791
3452,1.0132357480559824,0.7425385694232964,0.02548775542338528,0.2452094207190045,1.8312477521432098,0.0001,1.0102497779936144
3453,1.0133017129878727,0.7417150593190841,0.025653720627450072,0.2459329331516733,1.8286548047713769,0.0001,1.0112031213168442
3454,1.0088490482276158,0.7417858981699296,0.025349866062342276,0.24171328070832315,1.8324028103636922,0.0001,1.0111977487137545
3455,1.0093509381973236,0.7418797584382806,0.02531864628588694,0.24215253212812224,1.8700482177927817,0.0001,1.0107777626833616
3456,1.0065515439118624,0.7418578817201192,0.025572661454005368,0.23912100055638483,1.8456620563116326,0.0001,1.010561369302065
3457,1.0119208643934547,0.7419201119918127,0.02544417197515708,0.24455658116323106,1.8394478467608562,0.0001,1.0101697796377642
3458,1.0136342147784592,0.7419229939307934,0.025607133250207494,0.2461040881098745,1.8423508937653856,0.0001,1.0104961695342227
3459,1.0134281264599148,0.7417546093584799,0.025645414423990927,0.24602810120017365,1.8493904900599203,0.0001,1.0104899032483476
3460,1.0139978535276881,0.7417535172514693,0.025589080901465115,0.2466552550233825,1.8375434203273626,0.0001,1.0114596040326247
3461,1.0146965940632153,0.7414437548142175,0.025324652934896535,0.2479281846819253,1.8365323582237196,0.0001,1.0118966644603389
3462,1.0101592616909174,0.7418084544777629,0.02541837513325906,0.2429324328128634,1.8426231617376239,0.0001,1.0115890158238325
3463,1.010679998576762,0.7417690064795844,0.025713993618019213,0.24319699932547176,1.8457349737082243,0.0001,1.0113268443827215
3464,1.0124825286333266,0.741644912510808,0.025657026085843904,0.24518058983643085,1.8439728493139178,0.0001,1.0116901924232926
3465,1.010078204814609,0.7416260594286734,0.025717365088859388,0.24273478131340798,1.8309038708224499,0.0001,1.011762919085021
3466,1.0167736511443257,0.7423706450036767,0.02551832644015732,0.24888467886929097,1.835297963923905,0.0001,1.0127851298082675
3467,1.0106501134365615,0.7417540056952114,0.025330814096555264,0.24356529432486812,1.8598603479277047,0.0001,1.012658054712578
3468,1.0084843282525486,0.7420218628028343,0.025504481236301137,0.24095798320841597,1.8494483907130863,0.0001,1.0121430660599868
3469,1.0129924235189178,0.7420692297556337,0.025354665143011067,0.24556852999553236,1.8308978830341394,0.0001,1.0120994957658873
3470,1.0093011752103453,0.7417231827188457,0.025265566959342414,0.24231242548681903,1.8381413535704236,0.0001,1.011629827934153
3471,1.0140309940728889,0.7417864534724314,0.025434916933458184,0.2468096247664511,1.8493058072142379,0.0001,1.01156326793512
3472,1.0076130975574316,0.7418989247772805,0.02532207409702015,0.2403920995596698,1.8451188326365566,0.0001,1.0113086515217717
3473,1.0098971433136574,0.7415959443330281,0.025524909549504215,0.2427762862838971,1.849871456985783,0.0001,1.0112303659954613
3474,1.01629670469079,0.7412286102167249,0.025347339937701427,0.2497207549821895,1.8970998501439122,0.0001,1.0116117836012075
3475,1.007220113011451,0.7415438084041371,0.025607410841007504,0.24006889417435046,1.8464115183445309,0.0001,1.0113259744208918
3476,1.0144739692641562,0.7418110392398332,0.02546674194490692,0.2471961884421219,1.8582435149933696,0.0001,1.0110960062328749
3477,1.0138759303528204,0.7415066583886833,0.02543471140020034,0.24693456118261445,1.8542977687553266,0.0001,1.0114185879245006
3478,1.00704388855437,0.7416486873104413,0.025404960823832853,0.2399902398269208,1.892545986610784,0.0001,1.011274543954683
3479,1.0149816971037984,0.7416876972809766,0.025298133583146226,0.24799586502498897,1.8471396070948478,0.0001,1.011473471313171
3480,1.0106682224883028,0.7412368614098122,0.025444017462507948,0.2439873436462081,1.850990063036673,0.0001,1.0116101760409666
3481,1.008633754799864,0.7413742371795143,0.025230302771980333,0.2420292153773153,1.8458287527304875,0.0001,1.011070452113664
3482,1.0143383347238537,0.7412979550825897,0.02534875134667325,0.24769162792432864,1.8220003927938837,0.0001,1.0117429758303067
3483,1.018152750892523,0.7420898966083178,0.025407719563760815,0.2506551352116085,1.828021701160841,0.0001,1.0125685365881931
3484,1.0098194524676032,0.7416862453698628,0.025446322094837985,0.24268688647639436,1.9003502959895568,0.0001,1.0119208113658744
3485,1.0088657669073187,0.7423429179626836,0.025429592413060805,0.2410932558817264,1.8546284502466601,0.0001,1.012085376755461
3486,1.0124904419055576,0.7421450990934159,0.0253182968793486,0.24502704676777184,1.8364716299165336,0.0001,1.011887024019601
3487,1.0076458856735462,0.7422527644261869,0.02546881492916517,0.23992430484470198,1.8459621713804666,0.0001,1.0112640195516736
3488,1.018305911374624,0.7418274421237303,0.025317772648639176,0.25116069745612435,1.8455370156808508,0.0001,1.0123902218336993
3489,1.0105536449511685,0.7415184788481459,0.025504952511971185,0.24353021372706604,1.8663924093420559,0.0001,1.0119474166184361
3490,1.0099124733139486,0.7418436388698602,0.025399832406343845,0.24266900251237922,1.8342881379214553,0.0001,1.0118718417010004
3491,1.011266490750574,0.7416922928837202,0.025315385077594503,0.24425881256634638,1.8343839299606262,0.0001,1.0121351152960716
3492,1.0101081406127126,0.7414367940072839,0.025429663261583805,0.24324168314360098,1.829244381032174,0.0001,1.0117120958849575
3493,1.0105395527446972,0.7424882346911557,0.025548143512578815,0.24250317307124877,1.8438346724481176,0.0001,1.010950776070175
3494,1.0160019051956115,0.741724398387615,0.025199368324047653,0.24907813749028632,1.8590368325038082,0.0001,1.011569021342976
3495,1.0146074655331656,0.7415883478238181,0.02525482990195253,0.24776428708576165,1.8425411924145527,0.0001,1.0121431912055605
3496,1.0105371987843852,0.7419597136563268,0.025320318601194308,0.24325716458865523,1.8453230233995233,0.0001,1.0119478668934434
3497,1.0129020412359953,0.7415465797178644,0.025303891657815745,0.2460515719949897,1.8510110327486575,0.0001,1.0124734824496882
3498,1.0009233399046846,0.7421895879760959,0.025302071358562724,0.2334316805322441,1.8485507200987779,0.0001,1.0107352253026942
3499,1.0093126351402932,0.7413646061328555,0.025389335701963722,0.24255869510011185,1.8556454483925933,0.0001,1.0106111243216067
3500,1.0119779514976255,0.7414706250233293,0.025437403402270457,0.24506992295868016,1.8381481368933439,0.0001,1.0108176721399746
3501,1.0099648237228394,0.7420871446388972,0.025505571771586886,0.24237210749748633,1.856600105399776,0.0001,1.0106875054372009
3502,1.0106561318130571,0.7407348250278837,0.02534484500575501,0.24457646075930847,1.8562084506539738,0.0001,1.0107423045572355
3503,1.0098601943580905,0.7416329138419208,0.02556926967164324,0.24265801246158974,1.8437343216812876,0.0001,1.0106743687185749
3504,1.0085719712607517,0.7417090397335695,0.02533391934137557,0.24152901174564814,1.8522612690683795,0.0001,1.0099313753250887
3505,1.0139468207078821,0.7421019444842851,0.02547117977064957,0.24637369612802357,1.8767914104655112,0.0001,1.0098653108425606
3506,1.0097465235853291,0.7419942627088535,0.02538208980831123,0.24237017177090683,1.8572786178356735,0.0001,1.009786243322655
3507,1.0139289047365014,0.7418718840964668,0.025413455876085386,0.2466435663696779,1.8846743234998073,0.0001,1.0098889296727056
3508,1.0061125255985144,0.7419707679603453,0.025329483208259753,0.23881227454703308,1.8457623275250015,0.0001,1.0104078482420884
3509,1.0118473617106858,0.7418193383100792,0.02531753205382558,0.24471048946902307,1.8445498479065499,0.0001,1.0106613208991277
3510,1.010378243836138,0.7417567211522533,0.0254918107154645,0.24312971179840168,1.8426473051249135,0.0001,1.010501350132979
3511,1.0179497270748532,0.7413699509647749,0.025391533698803512,0.251188242146802,1.8259708840271522,0.0001,1.0112998404681801
3512,1.0094024476124839,0.7417636485902581,0.025394093675980944,0.24224470454338054,1.8456550800292535,0.0001,1.011174472048123
3513,1.0176201518360548,0.7416818666651573,0.025534061099162692,0.25040422391305106,1.8517407406174387,0.0001,1.0119504677959195
3514,1.016977005266031,0.7419074732681801,0.0253028262701286,0.24976670448847765,1.836929890011677,0.0001,1.0127909711964473
3515,1.011395226264822,0.7413900902014958,0.02524195481507338,0.24476318164496225,1.8569876949395419,0.0001,1.0125358117521412
3516,1.0118846604354967,0.741947757665816,0.025505257668408127,0.2444316447158977,1.8410661222968576,0.0001,1.0127496254371582
3517,1.0121432154705752,0.742130370096551,0.02554081250397719,0.2444720322201992,1.8417785612613145,0.0001,1.0125710565105654
3518,1.0211100260336066,0.7417393927641863,0.02546557765945218,0.2539050551565859,1.8349778154075267,0.0001,1.0140708065540747
3519,1.0098905881326532,0.7419281525737615,0.0255106972874299,0.24245173843109008,1.866743318691215,0.0001,1.0138751291962713
3520,1.0095868233976693,0.7419795387898691,0.025455971518588114,0.24215131208043675,1.8788138122635971,0.0001,1.0137959871524245
3521,1.013684229966835,0.7417856909440449,0.02546204297102489,0.24643649551526287,2.0053518062672797,0.0001,1.0133694374416227
3522,1.0148402907060077,0.7420486789687893,0.025037760908656864,0.24775385028261382,1.8484873508101303,0.0001,1.013913221750975
3523,1.0135799945005297,0.7412674974718152,0.02533041439481971,0.24698208141731925,1.8452376371464914,0.0001,1.013509206017423
3524,1.0117123901964926,0.7415791043887032,0.02536775954596653,0.24476552553641143,1.8769129035922625,0.0001,1.0129827445104689
3525,1.013015846209884,0.7417070773745648,0.025267555070455368,0.24604121222336442,1.8287559546998742,0.0001,1.0131448065049748
3526,1.0166539596979323,0.741826955251713,0.02559244777803247,0.24923455634326286,1.818719305082944,0.0001,1.0136217364312183
3527,1.0171134990562531,0.7412813592392339,0.025494759513205012,0.2503373790645696,1.8145057947108518,0.0001,1.0141187647897862
3528,1.012400818765768,0.7414103496147217,0.02535359225940511,0.24563687669139725,1.8238279200470713,0.0001,1.0132478440630024
3529,1.0151490873787514,0.7421388635770786,0.0253500382266712,0.24766018446799345,1.8365145488878292,0.0001,1.0137736939876123
3530,1.0121418628199348,0.7417436503251716,0.025426763066413678,0.24497145059203038,1.814286178314178,0.0001,1.014029197929839
3531,1.0096382998066065,0.741913931969455,0.025374837627759085,0.24234953263498707,1.8947837918573653,0.0001,1.013624604913816
3532,1.0123636267973493,0.7415595303684412,0.025459819342978827,0.24534427595058453,1.8349831684607762,0.0001,1.01337693852295
3533,1.013327549848305,0.7413921809583358,0.02521863307720749,0.24671673628125665,1.8554754344251527,0.0001,1.0133516940577276
3534,1.0104706505007484,0.7414508688038793,0.025212027721907983,0.24380775358580795,1.834219033529502,0.0001,1.013227520088153
3535,1.0090267407966675,0.7411420016453184,0.025232648994569604,0.24265208970339738,1.8258101374334061,0.0001,1.0128286095468317
3536,1.0110279824622503,0.7412560796157341,0.025403955161692405,0.24436794842156992,1.850344314294703,0.0001,1.0122660118232631
3537,1.013122098803762,0.7418582027147073,0.02541414042273593,0.2458497567959961,1.8274276798201865,0.0001,1.0118668717980144
3538,1.0096586714168108,0.7413300940763152,0.02546885168334775,0.24285972701729433,1.8786769268720678,0.0001,1.0115926570631186
3539,1.0117049496507549,0.7419391785867315,0.025338652167794188,0.24442711847307233,1.8429106353020812,0.0001,1.011248243290319
3540,1.0130026327185409,0.7416520585394776,0.025162624780836744,0.24618795011230343,1.8419713306620444,0.0001,1.0113343202801794
3541,1.008891242150119,0.7409884755558223,0.025388660827466488,0.2425141062126561,1.8510629332815174,0.0001,1.0112596145145307
3542,1.01726173834675,0.7413397131536844,0.025600223705686372,0.25032180216745237,1.8274618331607408,0.0001,1.0117494256694708
3543,1.016050197289875,0.742123502384093,0.02545075677713081,0.24847593820799316,1.8323551329347716,0.0001,1.0120216904136279
3544,1.008534497349064,0.7415447323365821,0.02536828619471428,0.24162147965652464,1.8369110048905348,0.0001,1.0118280750984594
3545,1.0156635545330164,0.7414392132546307,0.02537300185306077,0.24885134031697653,1.856069414175548,0.0001,1.0124917564720943
3546,1.0123919619749815,0.7415032606821274,0.02516627674412292,0.24572242714056622,1.835280456117394,0.0001,1.0126281544233673
3547,1.007513286980364,0.7415605551330845,0.02524544815504527,0.24070728729662258,1.8469435240143937,0.0001,1.0120672732410276
3548,1.0118995647401403,0.741770095805851,0.02544062930720331,0.2446888390301328,1.915388012754506,0.0001,1.0122913625733605
3549,1.0145998369849478,0.7419048917704615,0.025266234337920832,0.24742871184378076,1.8388192970419026,0.0001,1.01258085130678
3550,1.0156708532608063,0.7415820149814382,0.025206427545141255,0.24888241051131402,1.8407873986458922,0.0001,1.0128476733610063
3551,1.0118494105145608,0.7419306096634082,0.02534870951461018,0.24457009045339168,1.8454186790613325,0.0001,1.0131434901974505
3552,1.0152460256889917,0.7420281964915277,0.02541715571653045,0.2478006721774596,1.8269110207141777,0.0001,1.0129419189316748
3553,1.011441758389889,0.7410473456005537,0.025637434413902174,0.24475697859456766,1.8098493526721824,0.0001,1.0124810750416762
3554,1.013724846723839,0.7413832616612587,0.025364149898351084,0.24697743605965897,1.8799384670373633,0.0001,1.0130001099791537
3555,1.0024733834769615,0.7418888495369809,0.02543173987289955,0.2351527940746374,1.8652914929341593,0.0001,1.0116810928735482
3556,1.013119892343788,0.7422119052608405,0.025384305940438476,0.24552367897383098,1.8493413093365714,0.0001,1.0117538859104287
3557,1.0194016871539382,0.7415012410156142,0.025202501376308726,0.25269794600503803,1.8357681021487253,0.0001,1.0129427259277861
3558,1.0109961724426393,0.7415250204881355,0.02566397093372461,0.2438071785611809,1.841444679979862,0.0001,1.012852386698036
3559,1.0111725948161576,0.7415416584053581,0.0253541169737222,0.2442768189308005,1.836666042857915,0.0001,1.0125096624811571
3560,1.010892832255025,0.7411453837555272,0.025486285981493596,0.24426116400660897,1.8408445835597134,0.0001,1.012031860380579
3561,1.0120566338602959,0.7420545219166041,0.025299524438792263,0.24470258943933018,1.8408159324653735,0.0001,1.0120525827151523
3562,1.015705925818631,0.7412710424369053,0.02522740910551369,0.2492074733958948,1.8418998708589565,0.0001,1.0120985727281162
3563,1.0160924503334154,0.7419740839372059,0.02514077780454686,0.24897759079434445,1.8345927865703497,0.0001,1.012563641922469
3564,1.0133966618570789,0.7411138217057466,0.025372490679758317,0.2469103495471376,1.845824981316108,0.0001,1.0125308234357933
3565,1.0166973076292274,0.7417336147407005,0.025287707001877605,0.24967598558061627,1.8671385634985223,0.0001,1.0139532158510198
3566,1.0141236242851428,0.7416258218564078,0.02538714254120059,0.24711066078674238,1.829161393231359,0.0001,1.0140535890451552
3567,1.0054716934538759,0.7417022431114383,0.025285449521294957,0.23848400071535342,1.8399946856450358,0.0001,1.0126605896751488
3568,1.0186628721065019,0.7410722033972672,0.025420587638328815,0.2521700822950377,1.83931790259015,0.0001,1.013427259641535
3569,1.0113464659174365,0.7422700257136904,0.02534087410321342,0.2437355675513556,1.8285653327589828,0.0001,1.0134446467516631
3570,1.0142324658726583,0.7413405616433335,0.025319435291793237,0.2475724686503894,1.8255891509762159,0.0001,1.0137786101134263
3571,1.0160987928479486,0.7412606399151181,0.02535339615649674,0.2494847551819398,1.8355882450726646,0.0001,1.0141828260121917
3572,1.007743096254902,0.7421201737125311,0.025405193922727633,0.2402177286706487,1.8414030623967943,0.0001,1.0133865430558189
3573,1.018268951296081,0.7415119512327786,0.025334703753009044,0.2514222950823832,1.8513317441843586,0.0001,1.0136041931520854
3574,1.009939060612576,0.7420047181856801,0.025325087698187837,0.24260925579793433,1.857647118413666,0.0001,1.013258433027635
3575,1.0111040329111034,0.7420552817851487,0.02545618575678394,0.24359256414881705,1.837286241881504,0.0001,1.0126991055558228
3576,1.008303111876242,0.7415089946973155,0.025572308420409536,0.2412218070998939,1.8289723783187402,0.0001,1.0121170543149325
3577,1.015058264045638,0.7410611348268227,0.025572393777162503,0.24842473347321847,1.8270287148609123,0.0001,1.0130757113741087
3578,1.0101443131361723,0.741348192246884,0.025489046414048387,0.24330707496640405,1.8481523105629076,0.0001,1.012223855477076
3579,1.0186699099279561,0.7420612868624333,0.025345910635245984,0.25126271252662064,1.836421886273862,0.0001,1.0129561998781278
3580,1.0154950849666557,0.7415022743642935,0.025382614764432154,0.2486101917461558,1.8265131005892647,0.0001,1.0130824617875276
3581,1.0116587115591487,0.7419101979137676,0.02525087036419108,0.24449764537430438,1.8811212340426493,0.0001,1.0126384536586475
3582,1.0120755866865117,0.7418548105696394,0.02535484045078982,0.24486593624792283,1.8342776177621032,0.0001,1.0130717027018084
3583,1.0108172355510643,0.7416045203895646,0.025328131041226956,0.24388458383690875,1.8413293202073289,0.0001,1.0123265311273069
3584,1.012902384476536,0.7421093386036871,0.02551073476702398,0.24528231123617225,1.8396693485020141,0.0001,1.012622863513703
3585,1.0155306780072304,0.7417541165622688,0.025316177952362122,0.2484603826916242,1.8643952235730619,0.0001,1.0130655280233156
3586,1.0198820776194637,0.7419440674975243,0.02552252899077069,0.2524154795518874,1.8358908923112354,0.0001,1.0142234245976378
3587,1.0025097772509284,0.7418338248986018,0.02535332772601207,0.2353226240331394,1.8498741044959481,0.0001,1.0129685759181668
3588,1.0126761338290047,0.7418827422975769,0.025365783766849045,0.24542760815750997,1.8893116985808522,0.0001,1.0132217579874498
3589,1.0105103753643152,0.7408862057128736,0.025363356056368132,0.24426081490232543,1.8429901307301395,0.0001,1.0124058045310858
3590,1.0111103715567753,0.7420520667613882,0.02528460780215312,0.2437736958560003,1.8749569146676672,0.0001,1.0119673331900978
3591,1.0130053081570485,0.7409205277116013,0.025289664887511464,0.2467951142317927,1.8434052549559494,0.0001,1.0121019928498876
3592,1.0120465251301656,0.7416501786355798,0.025250869638779583,0.24514547576473716,1.8542001145848397,0.0001,1.0120990866942532
3593,1.0075257736093857,0.7410950035642658,0.02527629700442115,0.24115447356964465,1.8345496432050972,0.0001,1.0117699405000853
3594,1.010476629342317,0.7417605028432959,0.025135935440992005,0.2435801911279257,1.9007109007051943,0.0001,1.0115273649866636
3595,1.0183101553945948,0.7421416652371869,0.025389406550486722,0.25077908505774416,1.8564699786671761,0.0001,1.0118053127253999
3596,1.0129832049895977,0.7412755964493897,0.025222961607617733,0.2464846464905427,1.8412759545850463,0.0001,1.011115425462413
3597,1.014285680609349,0.7416882062780445,0.02512259318910796,0.24747488477350446,1.8340875766340181,0.0001,1.0122930157982555
3598,1.0125132731443487,0.741379867823564,0.025323885449531354,0.2458095197125695,1.8486132665289827,0.0001,1.0122767297297899
3599,1.0121222287114204,0.74164458583383,0.025143601347902,0.24533404216347884,1.8468918884985346,0.0001,1.0124379150645004
3600,1.0153308741702995,0.7420158429755158,0.025494418086193155,0.24782061151419643,1.846891218460114,0.0001,1.0128599653258528
3601,1.0111085592370488,0.7413769887862293,0.025390150097272458,0.24434141974148113,1.8601146530186188,0.0001,1.0126702904338525
3602,1.0087683758194017,0.7418164876846948,0.025251799858124212,0.24170008842015364,1.8639766115687681,0.0001,1.0123424755027766
3603,1.012928272599381,0.7413672589627047,0.025357614666163077,0.2462033975083555,1.8382132650630711,0.0001,1.0128827254017758
3604,1.012079679337283,0.74153839683436,0.02531179138903202,0.24522949051693776,1.8879866624217005,0.0001,1.0130430304012727
3605,1.0154695312585116,0.7416705001923908,0.025454673515613858,0.24834435764118334,1.8297069587765553,0.0001,1.0127589679876643
3606,1.0156141414361841,0.740985600145545,0.025476223073189447,0.24915231947180708,1.8735720003836054,0.0001,1.0130220616323231
3607,1.0173833246888786,0.7413985232310653,0.02537940820380592,0.25060539150470773,1.849425700083224,0.0001,1.013331826040276
3608,1.0129605583680328,0.7418073298481367,0.025176030627128802,0.2459772003731458,1.8996232951146836,0.0001,1.0133765545626443
3609,1.0151634140140386,0.7417624490014438,0.0252236212484735,0.24817734361677213,1.8444626858461701,0.0001,1.013680673092906
3610,1.0047077130352509,0.7413272856456996,0.025405287500810912,0.2379751404913607,1.8469832107938569,0.0001,1.012618356979401
3611,1.0208600585407466,0.741741872704295,0.025326179200688918,0.2537920063826242,1.8517411168642024,0.0001,1.0135935069097708
3612,1.0132583912922934,0.7420812286663249,0.025303544669315732,0.24587361864617158,1.8436483546154494,0.0001,1.01404250845706
3613,1.0116083976221375,0.742012784761541,0.025483906389975403,0.24411170572254043,1.8378968212232145,0.0001,1.0139105209593358
3614,1.0117840456188814,0.7408320605150343,0.025459203952224452,0.24549278181658313,1.8250778662021938,0.0001,1.0138809575874954
3615,1.0132045805091547,0.7416409737681762,0.025246394575246692,0.24631721396414794,1.8536810132601198,0.0001,1.01365446251256
3616,1.0128905978696099,0.7416227511895356,0.02518966231820066,0.24607818410873533,1.8476650635079004,0.0001,1.0133821081559025
3617,1.0145596916245156,0.7422082672012746,0.025271973310087563,0.247079450818455,1.828628260272028,0.0001,1.0130997448494663
3618,1.0096802209743863,0.7412487289001202,0.02542474569703696,0.24300674664548033,1.8357110178252989,0.0001,1.0127717111101018
3619,1.02013959471159,0.7411854383186202,0.02533125321231556,0.25362290377760754,1.8280552127540233,0.0001,1.0132693291798567
3620,1.0184926152471112,0.742014901512293,0.025559763395762106,0.2509179503466125,1.8649107974634693,0.0001,1.0146478194010426
3621,1.013617607691225,0.7412384732741614,0.025393215928068025,0.2469859175368932,1.874372946079556,0.0001,1.0139235743160904
3622,1.0089912526989564,0.7409045379495524,0.025263777369176156,0.2428229392995457,1.829253511544899,0.0001,1.013496860456757
3623,1.013800930178915,0.7420739409406093,0.02539175712554498,0.24633523338223084,1.8427717741314344,0.0001,1.0137161137124346
3624,1.0107603405600387,0.7413314452761327,0.025389534706518085,0.24403935882808833,1.8360878289592193,0.0001,1.0136137432065504
3625,1.0064092330468353,0.741619870459574,0.025330752920185575,0.23945861013934894,1.8404485751359023,0.0001,1.0129342084603183
3626,1.0091206339503398,0.7414172693150038,0.02538347558607678,0.24231989016004557,1.8332172639471522,0.0001,1.0125572120683914
3627,1.0102318363305762,0.7408466618394755,0.02534813015262689,0.2440370444707104,1.8366719859125165,0.0001,1.0121244265389975
3628,1.0101055164366175,0.7414582152879262,0.02526919667667598,0.24337810445690253,1.863141787705025,0.0001,1.0121669560852204
3629,1.018212948923904,0.7415038223924308,0.02520861732065073,0.25150050976338206,1.842457119881744,0.0001,1.0119742915064518
3630,1.0109453756233742,0.7411239977782444,0.025369488443370766,0.24445188631876003,1.860286217190431,0.0001,1.0112195675440783
3631,1.007307433816047,0.7416794514075737,0.025408494061437147,0.24021948734203893,1.862339149140441,0.0001,1.0105885501565601
3632,1.0070515865002878,0.7414511469991889,0.02522024228171451,0.24038019896490578,1.8528197844178391,0.0001,1.0103945835366934
3633,1.0124458862850196,0.7418009004051255,0.025145420196332022,0.2454995658271332,1.878505179654754,0.0001,1.010259079147304
3634,1.012255338577905,0.7417814048502073,0.025389161603204136,0.24508477383034405,1.8428563549358994,0.0001,1.0104085789490909
3635,1.0128053423115497,0.7420175357232471,0.02536435180455144,0.24542345617412312,1.8458972678465002,0.0001,1.011048189875562
3636,1.0150264431448544,0.7414710728440275,0.025516153590916135,0.24803921667968526,1.864252240130674,0.0001,1.0116387707950136
3637,1.0117635103074822,0.7417857166961531,0.025389572669719827,0.24458822019352874,1.8389667195190522,0.0001,1.011791938192704
3638,1.0118210539372892,0.7415314473922064,0.025449353831293132,0.24484025346564836,1.8539236634062948,0.0001,1.0119634919427711
3639,1.013711586685258,0.7415251695601983,0.025475559805276184,0.2467108592391014,1.8318779862676624,0.0001,1.0115133557189067
3640,1.0076549823337346,0.7413400819045293,0.025365134523558083,0.24094976499132645,1.8388659422102613,0.0001,1.0111843163899428
3641,1.0134374083418392,0.7413436794619531,0.025383750275230793,0.2467099782381713,1.8378739291707593,0.0001,1.011797313842522
3642,1.0145849610922544,0.7419301104593954,0.025220753213213133,0.247434098299963,1.894931121965451,0.0001,1.0125506513017186
3643,1.0088554524021265,0.7414910605906473,0.025258703841157183,0.2421056877965255,1.8538771451849483,0.0001,1.0121916079134294
3644,1.010400836293644,0.7417154991602559,0.025391360567259255,0.2432939761920887,1.8301172928684382,0.0001,1.0120061576850035
3645,1.0102739621853005,0.7411092061541869,0.025346169365347036,0.24381858740251278,1.8490186670972657,0.0001,1.0117530196723783
3646,1.0159473922141424,0.7418292855152494,0.025144607493650117,0.24897349905411564,1.8491711473851853,0.0001,1.011845114579307
3647,1.0105912281581886,0.7418104845418407,0.02554331976791908,0.24323742458895303,1.873703295754129,0.0001,1.011727886364378
3648,1.0121672201833667,0.7418962859720536,0.025451420528651736,0.2448195132292792,1.8262485444666647,0.0001,1.0117625029889854
3649,1.0150623622578976,0.7411499567496124,0.025341265825422492,0.24857114005312475,1.837162784824023,0.0001,1.0118975805462493
3650,1.0061463566145596,0.7419867208473098,0.025313086490360282,0.23884654917487871,1.8351483236220014,0.0001,1.0117467179743318
3651,1.0089024744217585,0.7414624185639511,0.025574226166607157,0.2418658290640215,1.8356166004409171,0.0001,1.0112932245823238
3652,1.0057881469658858,0.7413872996643639,0.025355591735298205,0.23904525579291475,1.838581747505776,0.0001,1.010413543169687
3653,1.0082502247837446,0.741563142554997,0.025443750269272748,0.24124333202748222,1.8324360540382276,0.0001,1.0103530204078486
3654,1.0209601892660887,0.7416682642323492,0.02546183864678621,0.25383008664009177,1.8256750435664737,0.0001,1.0114089557050931
3655,1.0058941727477686,0.7414930935563713,0.02540737668592596,0.23899370329889033,1.830933191229799,0.0001,1.0109709767613402
3656,1.0092250392838376,0.741335862064942,0.02531104155534663,0.24257813713326296,1.8495195119908083,0.0001,1.0102987414683096
3657,1.014629680534889,0.7416196730267446,0.025245683671978377,0.2477643226951542,1.8360451036727936,0.0001,1.0107025867059796
3658,1.0085316119039276,0.7417838908354119,0.02542309538587837,0.2413246251990297,1.8797607963515586,0.0001,1.0103390258780356
3659,1.019700285991839,0.7419332128025697,0.025500378550670694,0.25226669411720903,1.848154218395148,0.0001,1.0108028182514297
3660,1.005603810715627,0.7413591958929995,0.025599763311188798,0.2386448526033342,1.8414409392745694,0.0001,1.0107485636615365
3661,1.0184518781927003,0.7415896949129704,0.02542272905307174,0.2514394564935692,1.8283588811301799,0.0001,1.0117035040386306
3662,1.0093089994987658,0.7415427058995616,0.025219889489922515,0.24254640502289398,1.8460315939862637,0.0001,1.0120555892919187
3663,1.005822952693181,0.7411134679467393,0.02538139704033037,0.2393280881217116,1.8496976650752595,0.0001,1.0118128620828624
3664,1.0172306311299786,0.7417057255702376,0.02548775639060061,0.25003714933915866,1.8143641433657787,0.0001,1.0114399062692514
3665,1.0129105777576053,0.7410842247957148,0.025257523113041812,0.24656882692075524,1.837940213404611,0.0001,1.012141546770235
3666,1.0125231898822358,0.741316111648784,0.02536181987661861,0.24584525601624777,1.8505993605143642,0.0001,1.012471361830075
3667,1.0093252182490444,0.7413923212045588,0.02514358200359538,0.24278931464795891,1.9425366696189432,0.0001,1.0119409156014905
3668,1.016564569052528,0.7422828999542561,0.025372960988213036,0.2489087066516794,1.8488697667150904,0.0001,1.0127442113163505
3669,1.0164088024087174,0.7417171602316851,0.025295777930207475,0.2493958620252522,1.84054551961214,0.0001,1.0124150629580384
3670,1.0108665924285054,0.7415827920180547,0.025442252052724965,0.2438415475416377,1.8342725812300706,0.0001,1.012941341129326
3671,1.0140481441306295,0.7409643181439104,0.025466982297916683,0.24761684399105716,1.8290162299274189,0.0001,1.0125009677231194
3672,1.0148845851784063,0.7415865264364478,0.025399784287381124,0.24789827465104283,1.845821446144073,0.0001,1.0130585262910832
3673,1.0094324919805082,0.741335912601943,0.02538418528032593,0.24271239430981767,1.844355194128551,0.0001,1.0134194802198158
3674,1.0109608250747588,0.7412441291867115,0.0253608816777475,0.24435581322797173,1.8376610552321584,0.0001,1.0127924996142939
3675,1.018987007000867,0.7419664707435314,0.02557844709431182,0.25144208863407796,1.842883978605754,0.0001,1.0134001425386203
3676,1.0114890528015383,0.740843877831047,0.025374029035742336,0.2452711468566262,1.8642770545235996,0.0001,1.0132967288305503
3677,1.0155304403140628,0.7412313653295954,0.025350597035328708,0.24894847858387364,1.840933282767058,0.0001,1.0139172510370522
3678,1.0117184212676893,0.7414038640732213,0.025144190623842436,0.2451703653011554,1.8378285687061642,0.0001,1.0134326362585684
3679,1.0129604010746396,0.7412142676223847,0.025332748285413514,0.24641338483719477,1.8268897743786083,0.0001,1.0130877961251605
3680,1.0157568987919883,0.7409723856869865,0.02518084929390805,0.24960366558306238,1.8368111892355867,0.0001,1.0135768267615088
3681,1.0075880412397713,0.7411160141410983,0.02521159513485117,0.2412604310986176,1.8467724192698636,0.0001,1.012930816472423
3682,1.0109084822826888,0.7414655066406993,0.025343378707313152,0.2440995963603923,1.8401053121075428,0.0001,1.0125332061828511
3683,1.007487819958894,0.7413743751286009,0.025154684426576566,0.24095876131425886,1.839200232140191,0.0001,1.0123387389806902
3684,1.007546687706489,0.7413646824219647,0.02529832944425076,0.24088367578737876,1.85056730361304,0.0001,1.0119973252438628
3685,1.0146082268525332,0.7405957037972146,0.02515662973841112,0.24885589516821788,1.8273259108738773,0.0001,1.0115594472290295
3686,1.012315121794811,0.7407760059132296,0.025213429458726493,0.24632568683467698,1.82292685885942,0.0001,1.0116420541283568
3687,1.0071489440983739,0.7408355796071143,0.02511131497474036,0.241202049573192,1.8400861477029735,0.0001,1.010803904506788
3688,1.0041545369562224,0.7409230954265014,0.025340938664836766,0.2378905008261991,1.8481363237025046,0.0001,1.010047516075641
3689,1.0094678206085916,0.7410302397929147,0.025520132231180374,0.24291744670673873,1.8578140252018556,0.0001,1.0096982580290361
3690,1.0151686222267924,0.7413762355672902,0.02551765446730608,0.2482747301141945,1.8747154783767328,0.0001,1.0096394303725167
3691,1.013686664447823,0.7415108077424535,0.02528852986032049,0.246887328824818,1.8324601091671184,0.0001,1.0102492926933218
3692,1.010857631541169,0.7412198624794671,0.025314443735273567,0.244323324627464,1.836846706107954,0.0001,1.01024420761917
3693,1.0138515691002774,0.7406618277151251,0.0251947356044158,0.24799500380285674,1.8260198867828803,0.0001,1.0108805825333083
3694,1.0109490900929512,0.741460744435115,0.025434978351631707,0.24405336526976276,1.8136431426112114,0.0001,1.0112208227719546
3695,1.010417339647034,0.7422701935255503,0.025284631015321062,0.2428625177962301,1.8370785263440672,0.0001,1.0108017340514048
3696,1.0021471002764442,0.7414332576262298,0.025354662241365074,0.2353591810624752,1.8297045158324328,0.0001,1.009784931899568
3697,1.0043467996570208,0.7410566054783293,0.02543208009089224,0.23785811531948753,1.8273932972495985,0.0001,1.0095047174554326
3698,1.0154096366909406,0.7413450674159532,0.02545479006506125,0.24860978114813506,1.8397715403632267,0.0001,1.0106302274289045
3699,1.0100767853052088,0.741610420403084,0.025385487635769175,0.24308087677141352,1.8455429928297928,0.0001,1.010691123898566
3700,1.016774328678665,0.7417168000648762,0.025276491172898857,0.2497810385327854,1.8785065509242895,0.0001,1.0108516945437533
3701,1.011138048423473,0.7411690999963463,0.025336995327932113,0.24463195328432574,1.8420682475726455,0.0001,1.0105968329413184
3702,1.0184203547106312,0.7405252751665715,0.02531557513540705,0.25257950353967007,1.825543153842129,0.0001,1.0113531052582647
3703,1.0091152831942267,0.7413867814787503,0.025272221400819975,0.24245627956657573,1.9245673872636249,0.0001,1.0108794766676596
3704,1.0108719493506162,0.7420249720374179,0.025178055492424335,0.2436689242010305,1.8669107842880621,0.0001,1.010871762593426
3705,1.0064042413694139,0.7415620791017404,0.025320928188656697,0.23952123270753553,1.8369945307048774,0.0001,1.010470452765664
3706,1.0107611803447498,0.7416214890944305,0.025339280374151698,0.24380041408668032,1.862919041157736,0.0001,1.0113318607724946
3707,1.0110623201782274,0.7409986714562344,0.025532890043200633,0.24453075923418538,1.8233844714038996,0.0001,1.0120034128246154
3708,1.0141317815374409,0.7411814562931022,0.02542404736756795,0.24752627661485702,1.8583709076500325,0.0001,1.0118756273092653
3709,1.008918781309534,0.7409710775282513,0.02525030164157643,0.2426974013273965,1.8580262615037497,0.0001,1.011759826909698
3710,1.0121726896651617,0.7415827746081788,0.02530594457235588,0.24528397319736395,1.8716570588686403,0.0001,1.0112996630083475
3711,1.011096812769559,0.7415646401670352,0.025184119932549962,0.24434805322347802,1.8647177748941264,0.0001,1.0112955394429561
3712,1.014698879109435,0.7412082343749535,0.025138957263490008,0.24835168612217928,1.8294182916683792,0.0001,1.0109233918828364
3713,1.0099940513984185,0.7411968676603832,0.025148276625008417,0.2436489073340507,1.8501449332517736,0.0001,1.0110112687032555
3714,1.0180119255493427,0.7415243170807859,0.025172440807427643,0.2513151685678935,1.8365091440885595,0.0001,1.0117252663231284
3715,1.0109255168790992,0.7407000087821217,0.025224327073861328,0.24500118112512703,1.839151736688904,0.0001,1.0121773938740968
3716,1.0160369439008996,0.741116701226689,0.025216017485148526,0.24970422610338272,1.8384096066318225,0.0001,1.012704970229712
3717,1.0143076963647142,0.7417784228044397,0.02527688482953859,0.24725238867406307,1.8260602049121508,0.0001,1.0130295078483607
3718,1.0157537902828162,0.7409491869063697,0.02514441259976091,0.2496601898189158,1.8524997360082476,0.0001,1.013191708722898
3719,1.013240820495884,0.7411744743283332,0.02524118926413886,0.24682515813510025,1.8452055565483914,0.0001,1.013623912641533
3720,1.023377906115495,0.7412547501782617,0.02526268369044058,0.2568604715043796,1.8708111976271469,0.0001,1.0147444342865666
3721,1.0115305572204125,0.7410250695433627,0.02507258984911998,0.24543289707984933,1.8723232530918856,0.0001,1.0147878087316518
3722,1.011343498138095,0.741388748190224,0.025398507804947984,0.24455624125127134,1.8499713563048574,0.0001,1.0144522706345176
3723,1.0137084803523204,0.7408325794260594,0.025434198534271056,0.24744170324585985,1.8318598976483451,0.0001,1.0148237135299079
3724,1.0111378530459763,0.7405624164770873,0.025438571798390354,0.2451368653221135,1.8474568029446243,0.0001,1.0141363062795714
3725,1.0147358665118111,0.7415280739869355,0.025138767931088955,0.24806902292760705,1.8701222158107023,0.0001,1.0145173412428425
3726,1.0092919710683532,0.741224560365232,0.025255018992549748,0.24281239468400304,1.8587778905825973,0.0001,1.013842843959588
3727,1.0163244225432375,0.74124232980349,0.025292905300674285,0.24978918788867718,1.8162849486236883,0.0001,1.01404451657744
3728,1.0090953931363553,0.7415122565101174,0.025181869464278462,0.2424012681915147,1.8264545441641042,0.0001,1.0133786768627941
3729,1.0065655658743202,0.741009502938021,0.02529479282139281,0.2402612685431815,1.8895730217862081,0.0001,1.0127111514006377
3730,1.0120616564886082,0.7413288406861481,0.02531347603633486,0.24541934075223143,1.820991217243744,0.0001,1.011579526437949
3731,1.0106306105066265,0.7407249419007291,0.025270565286369402,0.24463510561949794,1.8835002996375063,0.0001,1.0114895317665706
3732,1.0073709620907147,0.7409399735758319,0.02542984147100855,0.24100114636757916,1.842065924805028,0.0001,1.0110922781618323
3733,1.0068131043267783,0.7414579031191781,0.02519609430015208,0.24015910707557722,1.8408321925641074,0.0001,1.0104027405592781
3734,1.014176669275543,0.7410434419194777,0.02545394665329258,0.24767927921038974,1.8299627579733517,0.0001,1.0107066221822347
3735,1.0109889818011626,0.7414309710082853,0.025279665815419163,0.2442783460617972,1.8234977441675522,0.0001,1.01033193371117
3736,1.015975011894234,0.7410736434599933,0.025334778954001033,0.2495665904134512,1.8263440173247765,0.0001,1.011000237793758
3737,1.0140601473937896,0.7410030782101846,0.02514847030987846,0.24790859715843055,1.8575683600036899,0.0001,1.0107738102788135
3738,1.0116116986071604,0.7411431159982816,0.025119971068345508,0.24534861111170925,1.826760120856109,0.0001,1.0110254408258936
3739,1.0092982302814661,0.7412438265692148,0.025290633070057834,0.24276376836016986,1.8530089444127575,0.0001,1.0112987072666084
3740,1.011919110106648,0.74116964973736,0.025350469604708843,0.2453989927481263,1.8423905300078478,0.0001,1.0112844526284124
3741,1.0121206029433507,0.7418615912327177,0.025443965474683906,0.24481504652875855,1.8269552652540846,0.0001,1.0114334518720849
3742,1.0132593876449862,0.7413680958457699,0.025440929143955935,0.24645036149913593,1.8437076311324239,0.0001,1.0120222944275121
3743,1.0101889010375218,0.7413633002712567,0.02527281309479874,0.24355278806439762,1.8385899724631474,0.0001,1.0123598740985862
3744,1.0174658345644179,0.7411684033595041,0.025245764192654684,0.25105166815704916,1.8643079626149144,0.0001,1.0126887906274735
3745,1.0191923435512953,0.741207678588844,0.02521347733588538,0.2527711866215687,1.8843775361353194,0.0001,1.013509126802487
3746,1.0132897860138217,0.7419315331122455,0.025249002913190675,0.2461092505570025,1.8275658119522775,0.0001,1.0132406042144457
3747,1.0202979620765238,0.7414827930758013,0.025227021735773607,0.2535881482208295,1.8431026287543122,0.0001,1.0138643856827192
3748,1.0078393588443315,0.7414072326424156,0.025229644098339894,0.24120248194772592,1.8335727259788746,0.0001,1.013487151706436
3749,1.0074676739516655,0.7416119194659452,0.025303528952066605,0.24055222668222193,1.8521427769689967,0.0001,1.0133040960734563
3750,1.0112024804399657,0.7412132664336152,0.02509205288142268,0.24489716089256938,1.8476045267093495,0.0001,1.0132324331067881
3751,1.0104519755071366,0.7413235265633156,0.025243634384495735,0.243884817415633,1.8398778220944665,0.0001,1.0130655703631666
3752,1.0062923757831659,0.740770918844196,0.025321176037585276,0.24020028056819595,1.831922141581955,0.0001,1.0123688691769845
3753,1.0157929012064517,0.7412216229322716,0.02542937624043432,0.2491419031747577,1.9657596233650347,0.0001,1.0129292691938776
3754,1.0178243557773303,0.7412824480818928,0.025314664018565212,0.2512272447347641,1.8584289427461296,0.0001,1.0129651213151687
3755,1.0126540413009226,0.7411383753132385,0.02528938439506546,0.24622627893277646,1.8740265458882701,0.0001,1.0123112910901315
3756,1.012704480492319,0.7412597279519628,0.0254230837792944,0.24602167117437745,1.8561967838608469,0.0001,1.0122527605379814
3757,1.0137818398872205,0.7413908522462748,0.025402516187083647,0.24698847218682993,1.859923795802598,0.0001,1.011601148319051
3758,1.0220211092647142,0.741454602496861,0.02524250056632392,0.2553240049150574,1.8550031968594565,0.0001,1.0130193233610894
3759,1.0119356967614581,0.7406703152714588,0.025301482808033786,0.24596389983053382,1.8302634062196372,0.0001,1.0134661256420685
3760,1.0067649974542505,0.7415539809704794,0.025315169146771847,0.2398958469100644,1.8608183976844648,0.0001,1.013022377343497
3761,1.0123211425893448,0.7418223927760946,0.025356436597889866,0.2451423141674628,1.8271841620818596,0.0001,1.013209294051718
3762,1.0185844615313393,0.7414973217381908,0.02532272793458393,0.25176441098202557,1.8467989683634853,0.0001,1.0144385026265352
3763,1.0180386093276994,0.7415767998772751,0.025217487894255538,0.25124432286342063,1.8541256501273258,0.0001,1.0146630734386601
3764,1.0166059480961147,0.7411878270986839,0.025143567495365414,0.25027455527403414,1.815164930438415,0.0001,1.0145412326705383
3765,1.0090129450416951,0.7409691430975893,0.025227584413292443,0.24281621752703528,1.8479967332514982,0.0001,1.0141771230446155
3766,1.0073000868483923,0.7413458332086915,0.025281592266554766,0.24067266244615068,1.8708288850939057,0.0001,1.013636683680223
3767,1.0129871992262092,0.741840054732549,0.025427203149389302,0.24571994221325336,1.9012047973656026,0.0001,1.0135572196141218
3768,1.0160410648427194,0.7413691314915857,0.025322490241416327,0.24934944446419666,1.8197566386894086,0.0001,1.0129592151719222
3769,1.0135998542120201,0.7417684567385706,0.025222761394044207,0.24660863535021552,1.8352093822332232,0.0001,1.0131256309169783
3770,1.0132022371882115,0.7414872843401911,0.025132401477976213,0.24658255355005695,1.8474412370646942,0.0001,1.0137693548903743
3771,1.0121309105571337,0.7411309792594059,0.025142026479539233,0.24585790570984023,1.830704166971404,0.0001,1.0137503316871534
3772,1.0065472552790844,0.74074357203973,0.025151875149647555,0.24065180748330833,1.8281396090621638,0.0001,1.012546611061928
3773,1.0091565229588058,0.741045472950771,0.025197798291761542,0.24291325261170313,1.8613753205138819,0.0001,1.0116584024250386
3774,1.0093700606489278,0.7412674077625933,0.02517429133215976,0.24292836337903814,1.8478533962919068,0.0001,1.0109348136803198
3775,1.011477768421173,0.7418239204927101,0.025274705935201588,0.24437914356876458,1.8634849252371952,0.0001,1.0111812960182678
3776,1.0171254800734606,0.7408183241229028,0.025218908491773006,0.2510882466426969,1.8364690056195365,0.0001,1.0121638353407745
3777,1.0157570322677039,0.7406307104634948,0.02516848755656585,0.24995783382448658,1.858741470089307,0.0001,1.012440818644924
3778,1.0145426877371921,0.7418957876143543,0.025122980558848044,0.2475239204480851,1.8273235842373985,0.0001,1.0122909809343712
3779,1.011759086143656,0.7412233101185147,0.025167876760084296,0.2453678972852883,1.8417672027680743,0.0001,1.0121069041275348
3780,1.0127724259185018,0.7412714715178066,0.02536172823296599,0.24613922659088583,1.8615627092957254,0.0001,1.012063923000564
3781,1.0162040739949287,0.7416276264384117,0.02512483640326448,0.24945161014447712,1.85717048485429,0.0001,1.0124712393443436
3782,1.0042959144584547,0.7409704182501013,0.025068089879792314,0.23825740581661706,1.8348231958810988,0.0001,1.0122461052622804
3783,1.0161297761402557,0.7421171956565269,0.025120818590779335,0.2488917628805905,1.8472242159485575,0.0001,1.0129434305804255
3784,1.015710362918962,0.7412937120298343,0.025270359027700057,0.24914629017068998,1.8276790477199438,0.0001,1.0135774608074288
3785,1.0015601402122156,0.7408660317773026,0.025292200926109454,0.23540190968881636,1.8382913582707032,0.0001,1.0125856979865333
3786,1.0094589519694175,0.7413085408916822,0.025286469208057705,0.24286394142763004,1.8233804864767358,0.0001,1.0118190451761286
3787,1.007389316936052,0.7414384386360524,0.025098296739992216,0.24085258114440689,1.8589356903130336,0.0001,1.0109822736429637
3788,1.0151369442320741,0.7419767620355556,0.02519119487089269,0.24796898433141426,1.851159761208308,0.0001,1.0110416992924518
3789,1.010986678136048,0.7413467542394905,0.025294221438935997,0.2443457013392787,1.8420073270314121,0.0001,1.010964458491691
3790,1.0149122975902674,0.7418043584417378,0.025343918171664037,0.2477640194580352,1.861538066825325,0.0001,1.0111784456588675
3791,1.010440321166907,0.7411534674994602,0.02515816374192615,0.24412869140656918,1.8383637270143984,0.0001,1.0106020703760654
3792,1.008471903404406,0.7413118093540896,0.025362109315806423,0.2417979873981304,1.835824007920271,0.0001,1.0110196692706606
3793,1.0126411259537054,0.7419032256211519,0.025139980577310247,0.2455979181457364,1.8416888002933403,0.0001,1.0106708042520054
3794,1.0122444049339991,0.7411284507167267,0.02505777356107143,0.2460581803010516,1.854853058683461,0.0001,1.0103242084535093
3795,1.0145977826195847,0.7416082994207649,0.025340338507723856,0.2476491446608704,1.8502586543197321,0.0001,1.0116279726942463
3796,1.0107627919672952,0.7411106105508476,0.025138770349127284,0.24451341215543768,1.834691258763203,0.0001,1.011758356694034
3797,1.0183583447222293,0.74129407957166,0.025341293149255595,0.25172297277820294,1.828426683892101,0.0001,1.0128552594726516
3798,1.0099041098029813,0.7413633975972994,0.025179652364935884,0.24336105653105594,1.896302527394788,0.0001,1.0123319760297425
3799,1.0110139636432423,0.7414422601038254,0.02530025928064002,0.24427144448546803,1.8440835640348237,0.0001,1.0123347045804616
3800,1.0119170304727845,0.7410963681841961,0.025203778342349534,0.2456168821667138,1.8534342976661047,0.0001,1.0120351778687133
3801,1.0114240749128933,0.7419684467644527,0.025261539716507794,0.24419408920646077,1.8916223462648372,0.0001,1.012133553243312
3802,1.0128813972337734,0.7416011116809342,0.025290556901850517,0.24598972571911726,1.8596953141520038,0.0001,1.012574502626249
3803,1.0110273155672798,0.7414785916133053,0.02525503664422954,0.24429368636897683,1.8824758036383267,0.0001,1.0124131215876062
3804,1.0155250159286824,0.7412511022047387,0.025407050976163234,0.24886686206770717,1.8388082915822583,0.0001,1.0127411826870747
3805,1.0095402929652293,0.7409901443649741,0.025128668026798397,0.24342148140843572,1.8479947407879163,0.0001,1.012235433721639
3806,1.0061536796436348,0.7411275391162772,0.025355625104227123,0.2396705152342213,1.870595517071459,0.0001,1.011774522489273
3807,1.019828817544554,0.7413738614163583,0.025218196137681694,0.25323675577217075,1.843666029266605,0.0001,1.0119215697715054
3808,1.0163104067467772,0.7406627375020458,0.025007494806517934,0.2506401707318141,1.8831422846409176,0.0001,1.012562199465885
3809,1.0050050357534241,0.7411905644389727,0.02500568466302589,0.238808787006575,1.8486038301344092,0.0001,1.0119613066769033
3810,1.0084635221208569,0.7415937891354667,0.025118279166927687,0.24175145467422132,1.9228240952772253,0.0001,1.0116159558417106
3811,1.0145517862109092,0.7419218840512011,0.025214135767721985,0.24741576619552066,1.8737039483826736,0.0001,1.011928726971512
3812,1.0124214366531759,0.7415530101280908,0.025005232731662465,0.24586319352517141,1.8331361943761426,0.0001,1.0118827309134522
3813,1.0072793983542654,0.74102629645601,0.02515161811217333,0.24110148713544283,1.8752083043297696,0.0001,1.011507939192151
3814,1.0109471985824694,0.7410409404588277,0.025047128147334164,0.24485913036923862,1.8342053578301327,0.0001,1.0110501574575297
3815,1.0135765119208284,0.7414511775873738,0.025124516254989904,0.24700082034490337,1.8366708692624167,0.0001,1.0114537793530896
3816,1.0080759202490956,0.7405018059283677,0.02522936191326706,0.24234475296663222,1.8361813127390028,0.0001,1.0116460034136359
3817,1.0097128653381224,0.7414844646656973,0.02514488218280413,0.2430835180853552,1.8520660240800095,0.0001,1.0106344081929926
3818,1.0135276318805455,0.7415979514257419,0.02520313393513523,0.24672654724885798,1.8767481012228295,0.0001,1.0103561307063693
3819,1.0167549117099925,0.740967259566634,0.02529499013332034,0.2504926637215559,1.8360507478578578,0.0001,1.0115311183020261
3820,1.0106628269984805,0.7411500332805254,0.0251308602203462,0.24438193390187457,1.847009724825923,0.0001,1.0117510487897885
3821,1.013300565991392,0.7411427796491503,0.025151732001778563,0.2470060556023769,1.8625339581565006,0.0001,1.0116259267678367
3822,1.0093667212170956,0.7408624397813669,0.025122917689851525,0.24338136365897878,1.853225123084341,0.0001,1.0113204552242288
3823,1.014990572150774,0.7414173320630985,0.025215494463458263,0.24835774602281577,1.8211041594615573,0.0001,1.0120915726038795
3824,1.0127038360851048,0.7411774772901322,0.02526709612678079,0.2462592632349195,1.8310388607137345,0.0001,1.0122672363541432
3825,1.0136557312089096,0.7411429819180564,0.025211862569890206,0.24730088792620397,1.8343947499567306,0.0001,1.0122751582829514
3826,1.0081975325851362,0.7415438096131562,0.0253327688387393,0.24132095368363674,1.8437284219095722,0.0001,1.0122873195165554
3827,1.01217909746673,0.7411109940517263,0.025252146363016557,0.2458159590997633,1.844613437478489,0.0001,1.0125339427294162
3828,1.016619522842384,0.7414557380076596,0.02547818845474212,0.24968559735853219,1.8234119647414884,0.0001,1.0128431318256
3829,1.0104659436682417,0.7413539226350145,0.02531637744052415,0.2437956441707652,1.8196688452792216,0.0001,1.012214235021425
3830,1.0139432080377189,0.7411664493427316,0.02529582653277786,0.24748093278560993,1.862212038668851,0.0001,1.0125422731253486
3831,1.0165868355584677,0.7410980367515441,0.025301366983997896,0.25018743164157287,1.8277741160402434,0.0001,1.0128709000820564
3832,1.0145963791901393,0.7414182521266821,0.025286978688733332,0.2478911489641207,1.9124230313252726,0.0001,1.0133938658793604
3833,1.0084128255292804,0.7413534450724449,0.025296146922856266,0.24176323197358882,1.844020760325341,0.0001,1.0127360912172114
3834,1.0113509059194135,0.7412138315291724,0.025228149992457267,0.24490892507785716,1.8290460324916105,0.0001,1.012600798200642
3835,1.017878313819003,0.7413885507573946,0.025196920785652454,0.25129284081002035,1.8325004587308873,0.0001,1.0130230564616516
3836,1.0108784319904707,0.7410077212064793,0.025060161132116104,0.24481054987856632,1.845748166041732,0.0001,1.0132911464021848
3837,1.015880795690641,0.7413038977744855,0.02522706114979835,0.24934983807738728,1.8588713516328204,0.0001,1.013661316224576
3838,1.015838541921689,0.7407614785807611,0.02514974775952693,0.24992731720602052,1.842297173900488,0.0001,1.0135832181325064
3839,1.0073737003982188,0.7414522406779245,0.0252459266848303,0.24067553240450715,1.8415711728844633,0.0001,1.0132739938055042
3840,1.0105814793530632,0.7411314985331368,0.025483571733470864,0.24396640885220822,1.8689167700239417,0.0001,1.0129378209370388
3841,1.0090483954180085,0.7413451075553894,0.025328685255611643,0.24237460540286426,1.8542615634674475,0.0001,1.012183976922993
3842,1.0120995272003854,0.7409538242202743,0.0253860258911009,0.24575967760662157,1.8419019803555936,0.0001,1.0119342917240173
3843,1.0162149951859372,0.7415595289176182,0.02535140393471863,0.24930406191799995,1.8313617657938062,0.0001,1.012714508689683
3844,1.0137370586637067,0.7406854142281879,0.02528551118127231,0.24776613296710454,1.8447474209822217,0.0001,1.0129531239641125
3845,1.012382517238176,0.7412234200183566,0.025167722731042827,0.24599137661967269,1.8707600254074312,0.0001,1.0124035443060297
3846,1.0085543957491676,0.741088092206216,0.025208934809083147,0.24225737041138248,1.8363711708215864,0.0001,1.0121711406818994
3847,1.0047539273091795,0.7409820542132395,0.025169865113001084,0.2386020085118847,1.8389865070520985,0.0001,1.0110584538437533
3848,1.0094918336636154,0.7415878904518685,0.0251987435029438,0.24270520143543367,1.8823566093406137,0.0001,1.0104237830179457
3849,1.0096272363140424,0.7408684061700384,0.0252974277577584,0.24346140146436845,1.8565827414665454,0.0001,1.0106491366095283
3850,1.0104137043682122,0.7411297550066006,0.02533666985997322,0.24394727967165666,1.8222996286639819,0.0001,1.0106323591110429
3851,1.0108872094695998,0.7409847956641934,0.025230119001067433,0.24467229231073698,1.8310635351022406,0.0001,1.0108162405162022
3852,1.0196951451214524,0.7417138055662112,0.025217754603883074,0.25276358594124265,1.8416311719112899,0.0001,1.0115758023083088
3853,1.0159848973185248,0.7408327211231054,0.02536835535061045,0.24978382252610118,1.8262903453370378,0.0001,1.0115527925215677
3854,1.0152188636226538,0.7405091735702499,0.025223609158281864,0.24948607971910652,1.822254932918123,0.0001,1.0117009730174622
3855,1.0138642056476757,0.7419834694320725,0.025491390460403163,0.2463893457476435,1.8715360974685173,0.0001,1.0118491418584121
3856,1.0121965426460482,0.7408880696577185,0.025251855956613414,0.24605661777224067,1.8489570327511182,0.0001,1.0122133565481004
3857,1.0145846977678805,0.7413450559302711,0.025310475008966472,0.2479291659256568,1.8236091032956725,0.0001,1.0131964335939705
3858,1.0132627747121736,0.7415998530919847,0.025430951350600917,0.24623196964240945,1.8539973369234715,0.0001,1.0135735276988265
3859,1.0125131883921052,0.7415707152465294,0.025112359809101717,0.24583011304555388,1.8691341122555685,0.0001,1.0138621229066327
3860,1.017870688656039,0.7412399323184882,0.025298939757124647,0.2513318175703106,1.8222255535106389,0.0001,1.0146078213354153
3861,1.0245563086825016,0.741043305542116,0.025102898992341142,0.25841010442007384,1.8319302301619649,0.0001,1.0159747312567053
3862,1.0124680019053678,0.7410605405939037,0.025195918508765663,0.24621154365656825,1.8359909006838382,0.0001,1.0152520169350971
3863,1.004580509710989,0.7413952362706647,0.02532173895690794,0.23786353356153922,1.8790118010000574,0.0001,1.0141115781743435
3864,1.0116661986521243,0.7411290477303898,0.025223377993817745,0.24531377373644836,1.9521986521765378,0.0001,1.0137563116772905
3865,1.0195144711111428,0.7413677682015766,0.025303996117071497,0.2528427072534334,1.874411062826733,0.0001,1.014321338223637
3866,1.0165505259322347,0.7404728970711419,0.025189024923297502,0.25088860370732585,1.8354147474374056,0.0001,1.0147567365522556
3867,1.0076748191947626,0.7415632951332154,0.02517211993374157,0.24093940414669668,1.8396044355376981,0.0001,1.0140657486949443
3868,1.0163297464591252,0.7409749902769711,0.025046165042668277,0.2503085889613622,1.82596032977346,0.0001,1.0143724458696393
3869,1.0136591741327823,0.7412405462584196,0.024951640055580992,0.24746698815504026,1.8513843500589986,0.0001,1.0144870444437069
3870,1.011332029865915,0.7414503610158305,0.0253273253508562,0.24455434396394488,1.8387991281842122,0.0001,1.0138331785646946
3871,1.0095820027964595,0.7409924713641587,0.025306322753550315,0.24328320898100522,1.8612525264825106,0.0001,1.0123357479760904
3872,1.010243107290829,0.7414863248625827,0.025266024210390165,0.24349075663101843,1.8558110056735924,0.0001,1.0121132585146364
3873,1.0122024641801088,0.7415767995145693,0.02525284831954306,0.24537281641400369,1.836487855920927,0.0001,1.0128754539615485
3874,1.0170317844735197,0.7411204350405726,0.025357519153649134,0.25055382735498294,1.8252579716107908,0.0001,1.013412012543688
3875,1.0111007032723263,0.7408992461935744,0.025203100324402476,0.24499835483880966,1.8461142756634261,0.0001,1.0125706357598063
3876,1.011193469499236,0.7411817464577015,0.02525455763083684,0.24475716346304327,1.8289056779404924,0.0001,1.0120349301165066
3877,1.0138035220741983,0.7412521721866987,0.025223755933208348,0.24732759541644891,1.836586928512697,0.0001,1.0126478004044501
3878,1.0172843767469844,0.741046963550498,0.025108132836301235,0.2511292815181988,1.820610346707079,0.0001,1.012743263433236
3879,1.008963972874152,0.7406042971427252,0.025174582947582066,0.24318509429889687,1.8465911454651467,0.0001,1.012273743307373
3880,1.0151966549078302,0.7410172659291698,0.025197682709529483,0.24898170684719304,1.8264056661791541,0.0001,1.0126602058115646
3881,1.0219513332626158,0.7409142276336407,0.025066688626581467,0.25597041927686087,1.845197098733929,0.0001,1.0138971388581801
3882,1.006189786638256,0.7416628681380173,0.024946759487020558,0.23958015802333368,1.8480983147998369,0.0001,1.0134918067929228
3883,1.0128527376762995,0.7405866598502617,0.025115603607518196,0.2471504735460025,1.8477874916900727,0.0001,1.0135568341425416
3884,1.0129243833056327,0.7408554442755833,0.025233942161467206,0.24683499565956316,1.8536781413559982,0.0001,1.013146094025753
3885,1.0130193374945233,0.7416150120160643,0.025175026174007516,0.2462292986678273,1.8323877837063092,0.0001,1.0133379574479728
3886,1.0121539235115051,0.7411071214424427,0.025018608110671595,0.24602819607417434,1.8626944820489169,0.0001,1.0134340028491997
3887,1.018441062307261,0.7411130584519485,0.02505402826150581,0.2522739750799736,1.8444144312315007,0.0001,1.013897756872506
3888,1.0182883122871662,0.7411303194976482,0.02494205446804271,0.2522159374336019,1.8621450870564211,0.0001,1.013998150426524
3889,1.0131802693100054,0.7404686553483077,0.024984344749373305,0.24772726899696776,1.8445395204648527,0.0001,1.0144197800701096
3890,1.0206805854491723,0.7409935753195571,0.02498790966327969,0.2546991020229477,1.8343543837084972,0.0001,1.014968173124244
3891,1.0101147364167606,0.7409693870776566,0.025127353822967345,0.24401799554636222,1.8567817087831169,0.0001,1.0137845134396584
3892,1.0163736640802503,0.740884650914229,0.0250155819357046,0.2504734322693176,1.8221036991289614,0.0001,1.0148029011838575
3893,1.015371059307462,0.7414562769884028,0.025045088048397165,0.2488696957630451,1.8416889557732046,0.0001,1.015054733346974
3894,1.012403314423126,0.7412711767589345,0.025090580779688836,0.2460415578177142,1.8288987928181584,0.0001,1.0150026264587235
3895,1.0159466318619903,0.7409906713764276,0.02484128151172073,0.25011467799151405,1.8395501655690811,0.0001,1.0152953558954698
3896,1.0048331515542392,0.7409317526082239,0.025053393768248645,0.23884800466771178,1.848802574266043,0.0001,1.0145632786997434
3897,1.0115103964631504,0.7409945263340314,0.025191145301106978,0.24532472612015133,1.8468239007566811,0.0001,1.0138702121153322
3898,1.0138309642702765,0.7413937478471722,0.025103186497098293,0.24733402902679802,1.874222920100539,0.0001,1.0134244773136432
3899,1.0099522124439417,0.7407084194448367,0.02511549020152063,0.24412830362122875,1.83335948715829,0.0001,1.013101671627037
3900,1.0122099366439525,0.740850410282491,0.025175783987219386,0.24618374205687465,1.8264415583310698,0.0001,1.012254606746515
3901,1.0036562786382788,0.7406516194827174,0.025067107189015975,0.2379375542939072,1.855758821021229,0.0001,1.0116087609686666
3902,1.0126835558767493,0.74199522774795,0.025193738405409498,0.2454945872297877,1.8373346488325881,0.0001,1.0112397501483168
3903,1.0115586376577073,0.7417208699860872,0.025212556305086394,0.24462521090748404,1.8212021823828892,0.0001,1.0108585079833412
3904,1.0149250753511039,0.7412957867067194,0.025208282422342358,0.24842100582155446,1.8289180848951514,0.0001,1.011110684076139
3905,1.01396331825798,0.7413173113585002,0.0253432033995344,0.24730280082876857,1.8596694104328118,0.0001,1.0109123527157382
3906,1.0134842555373,0.7408819864777958,0.02526466261300789,0.24733760403152782,1.8591206325236973,0.0001,1.011777463114044
3907,1.0132603763808585,0.7414870571654902,0.025139804060512333,0.24663351417630608,1.8296430563104564,0.0001,1.0119524611058148
3908,1.0070738461148183,0.7413144033047055,0.025187914076489803,0.24057153071339182,1.8858848512777209,0.0001,1.011276749290269
3909,1.0039060830344535,0.7410825512713883,0.02533337600816336,0.23749015623095313,1.8612164549121508,0.0001,1.0106721363493203
3910,1.0145511723918799,0.7409954488156534,0.025349925062477466,0.24820579775510135,1.8425291469566236,0.0001,1.010906259924113
3911,1.005283671871402,0.7411126623772705,0.025192445722119563,0.23897856502259116,1.828590861924038,0.0001,1.011068999247425
3912,1.0103518161280403,0.740388791894816,0.02526530363496854,0.24469772009953525,1.8517733778479617,0.0001,1.0108358252725542
3913,1.012498793568137,0.7405421755618546,0.025321448550504798,0.2466351698033708,1.8392808335789803,0.0001,1.0109298408635974
3914,1.0147657752278851,0.7418980721769661,0.02531583628354643,0.24755186795750084,1.8440233918764528,0.0001,1.0109139108512752
3915,1.0120803754905174,0.7409256861127657,0.02514236718113959,0.2460123206400001,1.833097433705359,0.0001,1.0107256165745293
3916,1.0110027161379616,0.7411787682807953,0.025224353914086766,0.2445995944606907,1.834225950811746,0.0001,1.0104774626345954
3917,1.0157043632822635,0.7417599764363519,0.024927147745360707,0.2490172406798323,1.8562772934141798,0.0001,1.010721861324736
3918,1.0116951067839384,0.7411833856458838,0.025040848985405047,0.24547087144612903,1.870030403379011,0.0001,1.011183987391648
3919,1.0122708488429535,0.7413145944506353,0.025105319690510903,0.24585093372703565,1.8423111286414806,0.0001,1.012020463972498
3920,1.011259933876943,0.7413551782014162,0.025088490385554624,0.2448162646098988,1.8442217055972643,0.0001,1.0116913401210044
3921,1.018037904106821,0.741396537054383,0.025090349131617052,0.25155101632642696,1.839424794150656,0.0001,1.012966763344546
3922,1.0164572279786968,0.7411697938524443,0.025338321863758638,0.2499491127612141,1.8439226150512695,0.0001,1.0135773045296117
3923,1.0089017077827067,0.7412987275249334,0.025200846470877315,0.24240213352620119,1.8517307729798447,0.0001,1.0132175959510685
3924,1.015559221015257,0.7404579242151117,0.02505246645055001,0.25004883120346505,1.924294498822752,0.0001,1.013296940529806
3925,1.0133512109578502,0.7407461183549908,0.025061048552182334,0.24754404388160328,1.8771843941651782,0.0001,1.013424024076539
3926,1.009636822626992,0.7410359718736722,0.02504354316370966,0.24355730771429035,1.8471435330218766,0.0001,1.0132874347254424
3927,1.0098022088317793,0.7410633644999646,0.02509704516335385,0.24364179735115407,1.8658295744089277,0.0001,1.0126972192803938
3928,1.0046136234159644,0.7407223759993579,0.02523906018139141,0.2386521860431978,1.8369135254536875,0.0001,1.0119890709435964
3929,1.0166274220899927,0.7414663666160305,0.02512945147121654,0.2500316050228555,1.938900903562503,0.0001,1.0124247282683003
3930,1.014984956619464,0.7414490281931043,0.025062276673848922,0.24847365182807432,1.8299676097672561,0.0001,1.0127972305425526
3931,1.0144084347430882,0.7414338452095434,0.024801712007116353,0.2481728785880983,1.8388970522077766,0.0001,1.0124342836061793
3932,1.0125817715758967,0.7411534752371829,0.025364844842566438,0.24606345074806688,1.8584006040623415,0.0001,1.0120467379658993
3933,1.0136226812192441,0.740558640347533,0.025122829431452567,0.24794121266439043,1.8614536149023029,0.0001,1.012518835309553
3934,1.0121997749587828,0.7409386278166007,0.025156644730248753,0.246104503530276,1.8326950097422572,0.0001,1.0121828907039052
3935,1.013689569599972,0.7414387093354432,0.025162912769201563,0.24708794718173768,1.8547019063821912,0.0001,1.0122167265681177
3936,1.0100476907426397,0.7413798502927862,0.025138749312193835,0.24352909171950018,1.950454108371696,0.0001,1.0122578133796822
3937,1.0072396960993568,0.7403566612433227,0.025188607569882157,0.24169442544239772,1.8646503239567818,0.0001,1.01200156210644
3938,1.0056750935183094,0.7415324327428249,0.025236813823785065,0.23890584641141896,1.8590408578122122,0.0001,1.0121077091166746
3939,1.0103679147018139,0.7414087781316127,0.025149145426179527,0.24380999110246165,1.8332349555245762,0.0001,1.0114817583778568
3940,1.01462522022139,0.7408909861746473,0.02507715389646333,0.24865707912261298,1.8283728489285793,0.0001,1.0114457847380494
3941,1.006289829347003,0.7410569756799973,0.025157268100529605,0.24007558537378876,1.8478535297676226,0.0001,1.0106339241984408
3942,1.017106578267854,0.7410404025662017,0.025175426601154568,0.25089074852999155,1.8379334719137537,0.0001,1.0110864048676365
3943,1.019195675366307,0.7414915764791244,0.025032751942261237,0.2526713479612529,1.8442660086536988,0.0001,1.0116437042823425
3944,1.0124278177354205,0.7407852873115462,0.025164790375962944,0.2464777412644869,1.8457063966058573,0.0001,1.0116665085600065
3945,1.012553921335851,0.7413532211620958,0.025206303983382715,0.24599439644209406,1.8354816922793282,0.0001,1.0115529437335944
3946,1.0224251088215903,0.741363124842576,0.025105163001627274,0.2559568209131579,1.8380941092121674,0.0001,1.0127906855414894
3947,1.0073476831521273,0.7412582407374895,0.025052671016592525,0.2410367685757411,1.8604304918652859,0.0001,1.0128014842467665
3948,1.011911019229502,0.7401959782439845,0.025290949591274918,0.24642409322477318,1.8390653372778127,0.0001,1.0134250768178859
3949,1.0203055542332646,0.7411823454057953,0.0250505296018496,0.25407267905182335,1.8614093493254624,0.0001,1.014418840771031
3950,1.012766166463585,0.7411956443747932,0.0250796270660648,0.24649089468646848,1.8363900646476667,0.0001,1.0142329353952504
3951,1.0123153968466707,0.7410579674384173,0.025198283108446226,0.24605914701388404,1.852356357458397,0.0001,1.0148354921452172
3952,1.0136882375026572,0.7409879856612571,0.025092530443992383,0.24760772367943132,1.8586971967747439,0.0001,1.0144936580686976
3953,1.0141919231076268,0.7409004884607652,0.02509423491920951,0.2481971990778045,1.8210329238106222,0.0001,1.0139932828428295
3954,1.0137679198450782,0.7415189004331283,0.025150231125388618,0.24709878833189938,1.8770236816657726,0.0001,1.0141272930537952
3955,1.0162889086934181,0.7407725755631561,0.02507788390223443,0.2504384511133418,1.8658444598528725,0.0001,1.014500791789552
3956,1.0074511074874755,0.7411487337058262,0.02516813911724284,0.24113423504222478,1.8412163467968212,0.0001,1.0130033916561405
3957,1.011217727622444,0.7403887237061352,0.02519244983278472,0.245636553463902,1.8563750278635394,0.0001,1.0133903961031723
3958,1.0176367654519922,0.7405280752549549,0.0251862274947563,0.2519224634994781,1.851760797036347,0.0001,1.0139629707254214
3959,1.0090823763524301,0.7418241805527321,0.02519270058335929,0.2420654947138401,1.8657599864093093,0.0001,1.0128406529373377
3960,1.0160821831008726,0.7410831225329432,0.02526646429336579,0.24973259860570363,1.8337370428062114,0.0001,1.0131722546010664
3961,1.0139888279578264,0.7410622507515109,0.025114863445986114,0.24781171290834886,1.871696458868758,0.0001,1.0133395977121822
3962,1.0111194555222625,0.7413534668347899,0.025273416153557642,0.24449257215609657,1.8625494394050892,0.0001,1.0130827195141427
3963,1.0121046690379871,0.7409055727490547,0.025259627531798327,0.24593946539454964,1.8508988425407642,0.0001,1.0128739941071787
3964,1.0205370816449364,0.741495828115916,0.025120588635334378,0.2539206632539539,1.845643281453038,0.0001,1.0135509102871645
3965,1.0157800304720417,0.7414432025342635,0.02509175135204323,0.24924507749061012,1.8278409535212643,0.0001,1.013500022465027
3966,1.0120361886208247,0.7412745131682189,0.025151148045522445,0.24561052854053872,1.8341019397816842,0.0001,1.0139585305783618
3967,1.0099661420373356,0.7407173497439882,0.025033409890490178,0.24421538251620278,1.8375112505036484,0.0001,1.013833372019851
3968,1.0122205680330676,0.7405349407911784,0.025097368938685916,0.24658825918163113,1.864374329303873,0.0001,1.0132917522779583
3969,1.0146529228401957,0.7405766160444603,0.025150369437180957,0.2489259384425393,1.8380511646096653,0.0001,1.013848806926735
3970,1.010670642461061,0.7406629502894186,0.025173182903390386,0.244834508554175,1.8458620953027907,0.0001,1.0133076528627538
3971,1.0100303582439074,0.7410888405890784,0.025188548569746966,0.24375297038855587,1.882319686137155,0.0001,1.012911805891362
3972,1.0160382388813258,0.7413042023264128,0.02514850803127637,0.24958552761309408,1.816081148857519,0.0001,1.0134036842272685
3973,1.0132085957826997,0.7408207058906555,0.025165122372625325,0.2472227664690835,1.8218862132658582,0.0001,1.0135140769017394
3974,1.0123875843583934,0.7409731103730733,0.025077610180295747,0.24633686372946048,1.8471886903712522,0.0001,1.0126991271730852
3975,1.0166324172735697,0.7412141268925541,0.025096036599567405,0.25032225370777367,1.8334443532912774,0.0001,1.012784365853238
3976,1.0094430987056322,0.741452757533617,0.02494244328860579,0.24304789588049916,1.857848852207888,0.0001,1.0125250568617186
3977,1.012747085481338,0.7407584190368652,0.025105722052088615,0.2468829441392458,1.8484819179616159,0.0001,1.012803151206119
3978,1.0079422414181924,0.7408418679575891,0.025176855178198513,0.2419235206037452,1.827808227065127,0.0001,1.0123753185446316
3979,1.0162850594182042,0.7413236860329433,0.025245031768845256,0.24971634029405113,1.8330815960379208,0.0001,1.0125385322024323
3980,1.0155272194870104,0.7408712402318602,0.025024401488700696,0.24963157843140996,1.8385729228748995,0.0001,1.0130241899050272
3981,1.0098614008383142,0.7411888180107906,0.025122995308881842,0.24354958664210283,1.8974462522696287,0.0001,1.013007294164468
3982,1.0069617920424827,0.7409819568871968,0.025173467506501544,0.24080636814750475,1.8428608021919917,0.0001,1.0120996494805836
3983,1.0108690003110719,0.7410812289671288,0.025316459170219623,0.2444713118639123,1.8442916572698473,0.0001,1.0118656899334209
3984,1.0135653717764492,0.7412110987831565,0.024971096075572543,0.24738317672881102,1.8782210470938538,0.0001,1.0119834686752265
3985,1.0126742686751407,0.7418009355875832,0.02515643798797174,0.2457168948275564,1.905575274695731,0.0001,1.0115876538153836
3986,1.0188913787837928,0.7407283226810168,0.025015364795862784,0.25314769210411014,1.8408605946004994,0.0001,1.0125324818231998
3987,1.0171580361787977,0.7412638241088898,0.025194859649782006,0.25069935306619556,1.851067087954972,0.0001,1.0129735768929455
3988,1.0141559562383269,0.741075858987611,0.02520668820967297,0.24787341062032428,1.8518386445712849,0.0001,1.013594948374959
3989,1.0172460797350498,0.7413154061861019,0.02517935325359476,0.2507513183647007,1.8242744497546801,0.0001,1.0136910504066434
3990,1.0137665343091165,0.740929637066491,0.024979758939685008,0.24785713601336035,1.9197228431218052,0.0001,1.0135149818888542
3991,1.010443659873328,0.7407816635184066,0.02507085273038543,0.24459114157298154,1.8461688362802502,0.0001,1.0135732077923556
3992,1.0171608485991765,0.7412069505175035,0.025075652778269553,0.2508782463310698,1.8514054945951544,0.0001,1.014593113448025
3993,1.0112301952698652,0.7403712984756331,0.025060950621630065,0.2457979430329304,1.826590547213448,0.0001,1.0146292329439046
3994,1.0155287554249561,0.7407086840991316,0.02513004268158764,0.2496900296378994,1.9382637081475094,0.0001,1.0148255713087548
3995,1.009258948402521,0.7411270712258607,0.025095060679298384,0.24303681349748288,1.8666979014027192,0.0001,1.014484039281493
3996,1.0142249408164807,0.7408740649842346,0.02513892607079558,0.24821194958387596,1.8375120334644588,0.0001,1.014017395484762
3997,1.0161172875768032,0.7407315022805158,0.024934092351437582,0.2504516903719058,1.8297184193110128,0.0001,1.0139133206245625
3998,1.0101874815281215,0.741355943389645,0.024941771073950715,0.24388976771059553,1.9006964621147326,0.0001,1.0135164731535418
3999,1.0194296203326985,0.7416477445172973,0.025049778317341214,0.25273209781542755,1.8605374774874828,0.0001,1.0137348272133067
4000,1.0093183064073867,0.7417899307324485,0.02496882602119059,0.24255954913046915,1.8488781493285606,0.0001,1.0132900044231339
4001,1.0140640522838849,0.7411244443899236,0.025038776968362122,0.24790083227594598,1.851345184366795,0.0001,1.0136520436641896
4002,1.0229228528227816,0.7410049249869572,0.025076749116847288,0.2568411788398789,1.8442663251749158,0.0001,1.01422824408655
4003,1.0113584691805966,0.7408491728513767,0.025159272896107022,0.24535002264725025,1.8546448883130149,0.0001,1.0142410714776229
4004,1.013967246723949,0.7401991177040471,0.025018112171010604,0.24875001641817798,1.8641012508051875,0.0001,1.0140849206075224
4005,1.017055788339998,0.7407463172386433,0.02520858298450648,0.25110088961300936,1.8345633072978826,0.0001,1.0148646046012701
4006,1.0120727372701463,0.740678342312393,0.025025632753817112,0.24636876159942658,1.8419699032940198,0.0001,1.0146493842466369
4007,1.014422878653234,0.7409182015587302,0.02485480294024485,0.24864987391245535,1.8473058431192053,0.0001,1.0144799433542797
4008,1.01904373780709,0.7409672809662732,0.025032705032317682,0.25304374927711537,1.8652987625245874,0.0001,1.0153655689821766
4009,1.0146768326449829,0.7410600717362719,0.02502585086087426,0.2485909140904946,1.8279850304005838,0.0001,1.0148902902134052
4010,1.008404458995765,0.7411033248804646,0.02510903403918593,0.24219209961517588,1.8294398375988974,0.0001,1.0147989054722428
4011,1.0109211196764003,0.7414716247612758,0.02518224256759241,0.24426725203394287,1.8479758520397163,0.0001,1.0144846122114943
4012,1.012279565145713,0.740795719575205,0.025134962422368977,0.24634888336727392,1.848906233151109,0.0001,1.0134202834437873
4013,1.0082707606996533,0.7417334227484573,0.0250596296472917,0.24147770983406908,1.8541321872939445,0.0001,1.013111512595693
4014,1.0203416362011892,0.7409568383050497,0.025193455011317503,0.2541913406708057,1.8429939848414298,0.0001,1.0137489515434175
4015,1.0073844036030721,0.740898568659235,0.024983472079340874,0.24150236364469144,1.8507346139718264,0.0001,1.0127818130697248
4016,1.0139839268359403,0.7408074343663925,0.025138207671608452,0.24803828459769547,1.8287685471180728,0.0001,1.0129729320263041
4017,1.0100903853199787,0.7416422600436646,0.025204740237996254,0.2432433864664717,1.88261395293849,0.0001,1.0125396826929784
4018,1.0175317568179318,0.740911117069136,0.025064001460588004,0.2515566386792499,1.844208035701187,0.0001,1.0123884845940627
4019,1.011357829367655,0.7403843243272019,0.02497416819326776,0.24599933566744714,1.8415980699338004,0.0001,1.0120565842663298
4020,1.014049917157233,0.7406286884998453,0.025110712641392953,0.24831051534725615,1.821648409835707,0.0001,1.012621130082477
4021,1.005606241327754,0.7413967064379678,0.025195213650593167,0.23901432109562185,1.831320178919825,0.0001,1.0120896422476122
4022,1.0076255892643338,0.7411367775944135,0.025209383355192915,0.2412794312465989,1.8263329826068684,0.0001,1.0116242446594743
4023,1.0195568909993278,0.7402754005263833,0.025031862587764346,0.2542496275602562,1.8187192738902496,0.0001,1.0127528576894416
4024,1.0122593183062865,0.7406538695882832,0.02500675416137819,0.24659869621902644,1.8340487112621748,0.0001,1.0119446258999514
4025,1.0155574536710434,0.7412281254000402,0.02516772563268882,0.2491616028498926,1.8384580907183292,0.0001,1.0127619309067486
4026,1.0163682173280155,0.7409770626567198,0.025113855849415005,0.25027729624893674,1.8360644791721088,0.0001,1.013000359955956
4027,1.012383532088862,0.7413117445506624,0.025073942016152775,0.24599784258261898,1.834447124183299,0.0001,1.0132296746328442
4028,1.0088321709245986,0.7410050184441387,0.025045853841135515,0.24278129789502215,1.8415845801815784,0.0001,1.0123597160435112
4029,1.011274074081475,0.741080539100794,0.024963773046497398,0.2452297611483212,1.8404771856071982,0.0001,1.012351340514893
4030,1.003668839863783,0.7406632630626764,0.025083257750613694,0.23792231808327757,1.876750377564111,0.0001,1.011313232785548
4031,1.0116401488834172,0.7408730819307524,0.02515176512890365,0.24561530223747235,1.8543799274107988,0.0001,1.0119166235411143
4032,1.0141388578057047,0.7405263397079452,0.02513739110006522,0.24847512746241102,1.8521278801602719,0.0001,1.0125679503952514
4033,1.0197532513078764,0.7406520128975533,0.02508820433162047,0.2540130356542056,1.8197051806575628,0.0001,1.0125875864261062
4034,1.0167157078127833,0.7414960921657013,0.025082224764640143,0.25013739104490373,1.8467609937969618,0.0001,1.013033225376756
4035,1.0082828742253611,0.7410237651325868,0.02522486871444671,0.24203423906729743,1.8437371747247104,0.0001,1.0123057674321878
4036,1.0089483730207833,0.7408785728121868,0.025000708340147688,0.2430690932267064,1.884328771314563,0.0001,1.0115637830014645
4037,1.0134804494240706,0.7406327236013045,0.02519080991919094,0.2476569131133855,1.8240675565920785,0.0001,1.0116734747349854
4038,1.0114362330514084,0.7408502036611159,0.02501884338580087,0.2455671855397749,1.8528434828860765,0.0001,1.0119338809476663
4039,1.0136873508080024,0.7401513790987568,0.025103476661697606,0.2484324969215277,1.8366223438274547,0.0001,1.012175208620319
4040,1.0104443786352209,0.741079894330874,0.025117338308214415,0.24424714577699772,1.8250060470786105,0.0001,1.0128527624974626
4041,1.0111889454704268,0.7404687636764248,0.02497285930912103,0.2457473233349727,1.8328313525259858,0.0001,1.0128076421561638
4042,1.0114576306352752,0.740931150758484,0.025011017162949754,0.245515462177339,1.8514831498960453,0.0001,1.012539519439121
4043,1.0172692070626341,0.7412060645482603,0.02506725662378462,0.25099588609083306,1.822556035755614,0.0001,1.0122911150145968
4044,1.0131262691944656,0.7404515685222696,0.024876638551754593,0.24779806129679718,1.854505758256506,0.0001,1.011932171152765
4045,1.012141599011953,0.7415152511296843,0.024999938920351846,0.24562640982901046,1.8275033395140456,0.0001,1.0123180436314239
4046,1.0105707850949517,0.7406630784454501,0.02493889868622136,0.24496880624042805,1.8338277518870139,0.0001,1.012480284838841
4047,1.0192751055073304,0.7409853081674169,0.025040476123894928,0.25324932230224656,1.852973393204246,0.0001,1.013059750447167
4048,1.0155655110583586,0.7402431955202114,0.025045651934935163,0.2502766670262475,1.8499259259589544,0.0001,1.013472678247862
4049,1.0162138803493663,0.7410619891197638,0.024994825736504297,0.2501570659238112,1.8422681801701173,0.0001,1.0137253312019983
4050,1.0129809541586206,0.7405359494758668,0.02512236081562468,0.24732264335518495,1.84639952511623,0.0001,1.0139789887543382
4051,1.0157565085206022,0.7408697486649178,0.025069569477444972,0.24981718728012778,1.884868841384052,0.0001,1.014435745059356
4052,1.0206504738596824,0.7415109320296235,0.025198114087567128,0.2539414277613828,1.849153720824762,0.0001,1.0153550293817966
4053,1.0165580252363038,0.7411629301297495,0.02516299087183954,0.2502321069134479,1.9112180747076657,0.0001,1.0152839111991634
4054,1.0174312479113952,0.7409502017570557,0.025066881102432343,0.2514141666463011,1.8528927332489291,0.0001,1.0157144090708565
4055,1.01182059281738,0.741015552265407,0.025041013412011322,0.2457640282091879,1.8430357760396496,0.0001,1.015682308451399
4056,1.012644915745176,0.7411931310657556,0.025083587087433915,0.2463681996586538,1.8374714471747378,0.0001,1.0158897215164215
4057,1.0148614391110249,0.7407386657190613,0.025059336581046393,0.24906343614595658,1.8537450487183267,0.0001,1.015448354876791
4058,1.0160411703900922,0.7409827772066995,0.025190732541964456,0.24986765917927087,1.8315413605127082,0.0001,1.0154959208099643
4059,1.0092658468240656,0.7410291016222739,0.025081554000808064,0.24315519018087378,1.857402754845532,0.0001,1.0148011174574345
4060,1.0155150985862855,0.740460639067644,0.025008986010754568,0.25004547478869166,1.821101758349498,0.0001,1.015054531900201
4061,1.018060549398465,0.7408739660864669,0.024963136860613407,0.2522234454615,1.8354008906269654,0.0001,1.0152849359879872
4062,1.0175507888349027,0.7403090412428123,0.024980591470281203,0.2522611585587384,1.8336157600487948,0.0001,1.014974967485509
4063,1.019995151378562,0.7410199266176437,0.024892937097297962,0.25408228915978154,1.8582801168395346,0.0001,1.015318680099735
4064,1.013314110633084,0.740963419359064,0.02497711263853928,0.2473735796782598,1.837242055132713,0.0001,1.0149069663719037
4065,1.0118938796902284,0.7412767811672683,0.0250914817407697,0.24552561386448707,1.8232501841945532,0.0001,1.0149142950591887
4066,1.0085624011486587,0.7402957831386621,0.025254218621863313,0.2430124015908152,1.909269791587613,0.0001,1.014506043599537
4067,1.0095034873993354,0.7409898122474098,0.02513198170652254,0.24338169340762114,1.842962117030703,0.0001,1.013970248428368
4068,1.0145376936417323,0.7407975883561264,0.025071289669911227,0.24866881503574323,1.8673334735885836,0.0001,1.013819900753532
4069,1.0139569290753068,0.7409138723029084,0.02510292873421257,0.24794012696518133,1.8598480372109714,0.0001,1.0142890089786558
4070,1.0112670744650263,0.7405538291766726,0.025214837966052322,0.24549840731380043,1.836208345682094,0.0001,1.01386420656653
4071,1.0132354975472115,0.7399945190180146,0.025084537860104325,0.24815644043484517,1.8241418360696604,0.0001,1.0133817013814048
4072,1.0147339630320396,0.740793260188422,0.02516038180848406,0.24878032194189803,1.8315546865637355,0.0001,1.0131000188011186
4073,1.0136613568959807,0.7408846561130114,0.0253672648153247,0.24740943600920465,1.8321955034747326,0.0001,1.0124666393528603
4074,1.0185522676481436,0.7409900448626969,0.025169922178705614,0.25239230053495565,1.8299474708932408,0.0001,1.0129904550543662
4075,1.0149981080881239,0.7409441484399064,0.025073544490651717,0.2489804145379434,1.82608420128271,0.0001,1.013300877894156
4076,1.0124357347556108,0.7404056209579685,0.025115473517056168,0.24691464232080607,1.8433644556370516,0.0001,1.013688211254851
4077,1.0193511934357773,0.7408862734179468,0.025112028296047,0.25335289217894386,1.8905838024301898,0.0001,1.0146729818584954
4078,1.0139179013321897,0.7403430054927694,0.024928029603938785,0.24864686699111854,1.8307650679265268,0.0001,1.014611002627541
4079,1.0184907752408459,0.7402389956294402,0.024998288609193255,0.2532534913271363,1.841570425952424,0.0001,1.015064387244095
4080,1.015225710902688,0.7410178357399018,0.024954555726196412,0.2492533209138601,1.844320631172304,0.0001,1.0154602508878612
4081,1.0099623718319752,0.7409663085521597,0.024902273868692332,0.24409378836456588,1.827722615209119,0.0001,1.0151329383163374
4082,1.0084514995133902,0.7414540123746071,0.02487805479680307,0.242119433671901,1.8491053619926405,0.0001,1.0145046919644725
4083,1.0110039794420858,0.740850762953381,0.02509855039221278,0.24505466781792742,1.879859950673024,0.0001,1.014238954219083
4084,1.0174913748524494,0.7410009513036716,0.025079070191837954,0.2514113503419482,1.83356290656703,0.0001,1.0141328649395134
4085,1.0130838420521657,0.740851776595048,0.025083570161165622,0.24714849728327737,1.8510633046922045,0.0001,1.0139414383359178
4086,1.0109958324664505,0.7403121958156145,0.02502321471548951,0.245660420065145,1.8578201590396812,0.0001,1.013797448107002
4087,1.0089467811052504,0.7410726537569058,0.025217157590219988,0.24265697041363976,1.8502296535770502,0.0001,1.012757006873949
4088,1.0124913206206858,0.7409873471782367,0.02516272343680051,0.24634124864739107,1.8495404026329396,0.0001,1.0126143488027988
4089,1.0229292395874163,0.7407974346897906,0.025044998580979045,0.2570868052474202,1.8086937170241475,0.0001,1.013058195237456
4090,1.0087444499346596,0.740394456754108,0.024830159502629092,0.24351983299029284,1.8379408580536292,0.0001,1.0124100691406528
4091,1.0130070277450052,0.7411722982147403,0.025200070038770325,0.24663465969551648,1.8440291451150457,0.0001,1.012714534731956
4092,1.010938509603543,0.7407691905513013,0.02501966527702842,0.24514965033706496,1.8512967822517874,0.0001,1.0129632357409712
4093,1.0155590875395413,0.7409559536657275,0.025040994309508534,0.2495621372747252,1.850588525526422,0.0001,1.0134187465507167
4094,1.012378049307856,0.7410034083933182,0.024958242267430673,0.24641639940274415,1.9085973254565536,0.0001,1.0129074139962575
4095,1.0150866506065848,0.7411639154803681,0.025067551382656754,0.2488551830785995,1.8404797025432935,0.0001,1.013107694851699
4096,1.0079259041840358,0.7409937850843821,0.02501104061792153,0.24192107762786244,1.8606228040149682,0.0001,1.012800702023458
4097,1.0165391389061422,0.7412673361886587,0.024914578782133833,0.2503572249441251,1.8628592130862192,0.0001,1.0135599378035471
4098,1.01342229233794,0.741178119521112,0.02494038287814684,0.24730379308590902,1.8339924086905397,0.0001,1.0136530349752721
4099,1.0082979774136571,0.7406905125410996,0.024945360410044207,0.24266210441717512,1.8545139065620624,0.0001,1.0121899087578965
4100,1.0071339364225917,0.7404320480615566,0.02489263194086102,0.24180925880043067,1.835761700392253,0.0001,1.0120288574066898
4101,1.019581877798386,0.7406002061845807,0.024875306212636086,0.2541063651518091,1.826550871556961,0.0001,1.0126863424120278
4102,1.013729366400179,0.7401571793681951,0.024744931147499937,0.2488272555142218,1.8424406818153891,0.0001,1.0129654280916913
4103,1.0139932214125658,0.7410058572616345,0.024969970720534876,0.24801739259919578,1.8395924628627227,0.0001,1.012808841478994
4104,0.9973307019798557,0.7404206311726909,0.024948178391911196,0.2319618939813113,1.8499342834248262,0.0001,1.0113041067461936
4105,1.014240146650504,0.7402134877431223,0.025126493726734214,0.24890016392251177,1.8343343785520017,0.0001,1.0112194563505859
4106,1.0138249839778846,0.741249609670581,0.025125521917130352,0.24744985419614562,1.859935985859219,0.0001,1.0118093643299706
4107,1.0115073440524676,0.7407244701414515,0.024831788051442732,0.24595108494714174,1.8661221597064097,0.0001,1.0113061848446034
4108,1.007302549620429,0.7412088937740056,0.025079605787327517,0.24101404910699348,1.8302396115134745,0.0001,1.010694210572852
4109,1.0146393456758882,0.7404119725401455,0.02509009209414283,0.249137278223074,1.8910258889923715,0.0001,1.011328347399075
4110,1.0075761051980767,0.7405114378213399,0.025103198345486098,0.24196146878189054,1.8289937194414119,0.0001,1.0113725642766238
4111,1.0059664936143051,0.7405343036380791,0.02512259754157695,0.24030959383635564,1.844293142670792,0.0001,1.0100110258582156
4112,1.010905622106053,0.7407444777159855,0.025226817169731092,0.24493432570906246,1.8339835373915234,0.0001,1.009728651428803
4113,1.0172724888242524,0.7407043851896908,0.025063264200701915,0.25150484237328746,1.8496798506614887,0.0001,1.0100565781699715
4114,1.012192960201364,0.7410859030352162,0.02517505543227128,0.24593200333960522,1.8448738222431702,0.0001,1.0115428039921226
4115,1.011346216375881,0.7404588093380415,0.024912772507503116,0.24597463451900178,1.821276904361485,0.0001,1.01125341096466
4116,1.0120776815540167,0.7414640657316599,0.02494106379773989,0.24567255063802307,1.834944470658989,0.0001,1.0110786807222731
4117,1.0148900370085214,0.741023607234684,0.02478073068854775,0.2490857020473867,1.8412220690845233,0.0001,1.0114169500178787
4118,1.0093489209488489,0.7412391202203159,0.02511590368607465,0.24299389542161692,1.8608015729737815,0.0001,1.0116215871507206
4119,1.0061071539263697,0.7408385071261175,0.025130210735251405,0.24013843761783463,1.8397535999696588,0.0001,1.010768367975769
4120,1.0096512996642633,0.7409635603306985,0.024965338968118353,0.24372240001785345,1.8632104459689065,0.0001,1.0109758874223875
4121,1.0149283571127221,0.7407382125786787,0.025008875506402996,0.24918126862715273,1.868719607772982,0.0001,1.011872073772229
4122,1.0173469859252837,0.7405809275277004,0.025059626745645706,0.2517064331896588,1.8451127070200612,0.0001,1.0125162101541525
4123,1.0174304885264585,0.7406995447605667,0.02503054258064131,0.25170040093022295,1.827974813705042,0.0001,1.012532010124373
4124,1.0150963856288917,0.7413519747842398,0.024899589120737194,0.24884482236242803,1.8363087518220016,0.0001,1.0128223526671258
4125,1.0126848127730719,0.7405382562844314,0.025121845531657066,0.24702471294808703,1.8681241058674594,0.0001,1.012956212306845
4126,1.0147251108355262,0.7407754027335687,0.025021230715041712,0.24892847881129135,1.848557297163029,0.0001,1.0132209552349958
4127,1.0144789580399318,0.7406126430020129,0.02496648511828564,0.24889982956448384,1.8418111987336412,0.0001,1.0131798473381366
4128,1.0106162992258827,0.7408099384868846,0.024892661199124783,0.24491369844042143,1.8311852625369058,0.0001,1.01330658516584
4129,1.01382311942853,0.7407990183839933,0.025090226053466176,0.24793387694439226,1.9096394417010263,0.0001,1.014078181716056
4130,1.0198085821908096,0.7404045576256139,0.02497842901860483,0.2544255944206918,1.8235946980741395,0.0001,1.0150939099687109
4131,1.0093353071512605,0.7405889199906865,0.02487264806310255,0.24387373921837333,1.845240759075776,0.0001,1.0145346049725645
4132,1.01207262205062,0.7409616329123476,0.02496238557610502,0.2461486072000872,1.8419652853244217,0.0001,1.0140071685850984
4133,1.0157104995381276,0.740545805520992,0.024904463402397974,0.25026022980620605,1.8280535636518838,0.0001,1.0138351696862653
4134,1.0119520109033489,0.7409235369603,0.02500049313473653,0.2460279818888731,1.82287707241747,0.0001,1.0135207322137108
4135,1.0113973246384829,0.7406104945749589,0.02517858842807174,0.2456082430270049,1.831166820400385,0.0001,1.0133919834002518
4136,1.0218650805055491,0.7403987203601892,0.025056473623666514,0.2564098880088814,1.8702842347762163,0.0001,1.0141059803672543
4137,1.0125214279786086,0.7410283325651839,0.025041774126869185,0.24645132129789002,1.8575171186280783,0.0001,1.013910227361122
4138,1.0137528287469737,0.7404644719001972,0.025024155332398948,0.24826420311254976,1.8236616138996025,0.0001,1.014223880313231
4139,1.0083890164357896,0.7404584569089553,0.025075615298675476,0.24285494612480757,1.8499113969338592,0.0001,1.013680470013957
4140,1.0114982175295057,0.7403871664894521,0.025178520481194733,0.24593253168475798,1.8360462137941898,0.0001,1.0128494335478264
4141,1.018305609119833,0.7415230136372255,0.02484818984722269,0.25193440613788354,1.8288408454968528,0.0001,1.013746463744684
4142,1.0183557177653904,0.7409245122760595,0.02506035433337848,0.2523708492328562,1.838395135881451,0.0001,1.014374773316161
4143,1.0046617769566317,0.7406420527558781,0.02525128989384092,0.23876843574262294,1.849675831881788,0.0001,1.0132699010580113
4144,1.0112155281747814,0.7407206131285151,0.02504504742535326,0.24544986965168744,1.9390219832047004,0.0001,1.0131962527851548
4145,1.0173663532032686,0.7407434791870582,0.025070995152842925,0.25155188077135093,1.8730377307044566,0.0001,1.013793155641633
4146,1.0137018613351043,0.7406046692788238,0.025102497114371094,0.2479946951950479,1.837536433647419,0.0001,1.0129768337245886
4147,1.0119405721312362,0.7403192127210373,0.025189319440365805,0.24643204176069272,1.865828567779572,0.0001,1.0129187481398512
4148,1.0141610206987022,0.7407094494082623,0.02500528326866351,0.24844628720568837,1.8630708129604254,0.0001,1.0129595673350245
4149,1.0120825601881465,0.740973216404054,0.025090342119305904,0.24601900089781498,1.8468960110120793,0.0001,1.0133289217102601
4150,1.010309466121163,0.7401942348383503,0.02516231623914614,0.24495291452227694,1.8160805685283203,0.0001,1.0132100465694258
4151,1.0132208120750366,0.7407451612954208,0.02496291029042211,0.24751274135817622,1.8356271474404944,0.0001,1.0127015668649462
4152,1.0120087811235965,0.7412073513073564,0.02495531934270027,0.2458461116901155,1.8886708229115237,0.0001,1.0120668732007667
4153,1.0050170783097072,0.740124114507594,0.02501097122022153,0.23988199274057548,1.8289108672925474,0.0001,1.0121024033360742
4154,1.0155680619678924,0.7407794626199208,0.025047220032790612,0.24974137960987933,1.861145551499682,0.0001,1.0125376567153854
4155,1.0064498151049894,0.7406007420218741,0.025170228544161722,0.2406788456308491,1.8415915460663925,0.0001,1.0114460029055574
4156,1.0124802848146606,0.7407025952368189,0.025037332674069046,0.2467403555209569,1.8249507673371879,0.0001,1.0113238452535132
4157,1.0046922691453544,0.7402870153316862,0.024996535531405746,0.23940871832382243,1.8405338789338272,0.0001,1.0105990149549249
4158,1.0139793423561732,0.7408842095013323,0.025062128931707107,0.24803300457298152,1.8644104627760139,0.0001,1.010580847120672
4159,1.0130761324996638,0.7407509003884893,0.025098033173814507,0.24722720095113251,1.8291949490746426,0.0001,1.0106802043518237
4160,1.0096905786415626,0.7405562831228694,0.025133149135427107,0.24400114790776378,1.8572816415926021,0.0001,1.0106183156038635
4161,1.0103717377413117,0.7404544810494351,0.025118522421583443,0.24479873431185317,1.8386806665521123,0.0001,1.010333408170491
4162,1.0144690602836455,0.7405212280958225,0.025042964527137865,0.24890486783825963,1.8306349702103868,0.0001,1.0105794360864961
4163,1.00906668618533,0.7410415714459293,0.024979796177475255,0.2430453200033029,1.8184849060089545,0.0001,1.0109843968740582
4164,1.0197194807427892,0.7410477635584787,0.024909428844103708,0.25376228552923724,1.8460208968265062,0.0001,1.0113995387515482
4165,1.0144826398659914,0.7415648117268545,0.024949485341627265,0.24796834090463893,1.8354559488760773,0.0001,1.0122028212276484
4166,1.0132580499861836,0.7407141798166426,0.02498467626242802,0.2475591960380092,1.8697781724813745,0.0001,1.0122805977448006
4167,1.009897513878031,0.7405808725173285,0.024992993588863473,0.24432364983283905,1.8159067725071316,0.0001,1.0128011222180682
4168,1.019019086148144,0.7409289195136173,0.025117347738563892,0.25297281736579796,1.8469498481518356,0.0001,1.0133050965972654
4169,1.0155334004765835,0.7405298803205664,0.02504340219207516,0.24996011733581855,1.873235568797129,0.0001,1.0135508233949573
4170,1.016156808841543,0.7407572425403169,0.02486531729630476,0.2505342478450184,1.8190271177349904,0.0001,1.0141974464149555
4171,1.0159876093903129,0.7404227756099817,0.025116633691845754,0.25044819885301906,1.8194219609061313,0.0001,1.0147590335798555
4172,1.0148871455182893,0.7410067758743951,0.025146565379283975,0.24873380409553647,1.8422693529187062,0.0001,1.0148008421033199
4173,1.0155577781717868,0.740413108171846,0.025045602365149446,0.2500990657948154,1.8201110967516174,0.0001,1.0154499513019655
4174,1.0051530115986451,0.7408394479848308,0.024995777476390042,0.2393177852079907,1.8638560271408204,0.0001,1.013993304387551
4175,1.00513746433761,0.7406100333341479,0.025136658192648122,0.23939077088771799,1.8998560704759362,0.0001,1.013058786834713
4176,1.018403221579159,0.7410184919955038,0.02498428720006111,0.2524004418546481,1.8216557386680743,0.0001,1.0135733039940105
4177,1.0148810454120984,0.7401812152736811,0.024973079350608843,0.24972674912540715,1.829495926899552,0.0001,1.0140716571474173
4178,1.013760190706466,0.7412540228323327,0.02505737144129755,0.24744879808012418,1.8306788198846349,0.0001,1.0135457676032493
4179,1.0155038040501592,0.7406608994302111,0.025090312377434473,0.24975259456987556,1.8337109137258472,0.0001,1.0135428079606068
4180,1.011648705716549,0.7410757877763822,0.024993271179663483,0.2455796459746409,1.83842235984957,0.0001,1.0130919976481074
4181,1.015933326364289,0.7408652991116893,0.024988976018182164,0.2500790520165017,1.8832229646659526,0.0001,1.0130865693455051
4182,1.0169757727918953,0.7403882032233852,0.02502881803570606,0.2515587526511469,1.8440440220958563,0.0001,1.0132954320728655
4183,1.016243245974032,0.7405009007357197,0.02507704605195392,0.25066529856295783,1.846546056062648,0.0001,1.0133639788530904
4184,1.0161250544368132,0.74006486640257,0.025155196808898182,0.2509049902316825,1.8273039531514321,0.0001,1.0144611831369068
4185,1.0200344893559965,0.7405719701465197,0.02509271856737427,0.25436980213826377,1.8283799494981283,0.0001,1.0159508856387458
4186,1.0082744476035932,0.7410037043612095,0.024855828188495754,0.2424149115477324,1.828101182564277,0.0001,1.0149380082411892
4187,1.012666206089043,0.7405325660357369,0.024865544350103724,0.2472680957447624,1.869156736147573,0.0001,1.0147165243088836
4188,1.0107910669357734,0.7410402602646462,0.02485043934827886,0.24490036945374452,1.9463512288145797,0.0001,1.0144196119318145
4189,1.0111913401746846,0.7409328795349864,0.02511285067088222,0.24514560999148516,1.838275886452464,0.0001,1.013988365544267
4190,1.008560553162867,0.7400437535427163,0.025043001523124275,0.24347379895089605,1.8396488611886757,0.0001,1.0136795502888991
4191,1.0127076525958991,0.7406035447700996,0.024987257518342736,0.2471168500196064,1.8375695767315599,0.0001,1.0133569829120597
4192,1.0154028607430372,0.7407993372023468,0.024785121846150674,0.24981840270709316,1.8341989572826796,0.0001,1.0131996917071742
4193,1.0140085366628233,0.7406600033052069,0.025040815616476125,0.24830771772224933,1.8450492818747282,0.0001,1.012976220776053
4194,1.0203451057234836,0.7401436384744625,0.0249459124481944,0.25525555613074774,1.821188581642708,0.0001,1.01339822590472
4195,1.0093306478332071,0.7405130504111006,0.025110510493388766,0.24370708670958302,1.8424553211030321,0.0001,1.0123278417524413
4196,1.0135519655674514,0.7404255186326605,0.02500704239154684,0.24811940269948987,1.837959803142122,0.0001,1.012855593548827
4197,1.0132053695150611,0.740704980873433,0.025072808439784794,0.2474275804096436,1.9338545806509486,0.0001,1.012909509891429
4198,1.013872320463401,0.7402775043406302,0.025011699049758137,0.2485831171863582,1.840124821807985,0.0001,1.0132176352441917
4199,1.0134196020284967,0.7400127405085379,0.025015198434825844,0.24839166154363335,1.8293116133788536,0.0001,1.013440461429573
4200,1.0187094374795955,0.7402928066543827,0.025150693212513023,0.25326594092616805,1.8373305425199002,0.0001,1.0144553498612456
4201,1.0129306699634808,0.7405250681824906,0.025024947239951235,0.24738065553847965,1.8445443326029285,0.0001,1.0144776515980038
4202,1.0110756265222423,0.7408136658929666,0.024989231121225725,0.2452727279136558,1.8264744250334302,0.0001,1.0140449281759243
4203,1.0152749033535229,0.7411393633236991,0.02496807280225154,0.24916746864061326,1.8484552960850404,0.0001,1.0141715648449945
4204,1.005268042276162,0.740014028597555,0.024994359538714737,0.2402596542626831,1.847599225643924,0.0001,1.012663858500262
4205,1.0080384989297415,0.7403682570670246,0.02517566864679116,0.24249457384310436,1.8969684638551476,0.0001,1.0125346436099156
4206,1.0132659789756635,0.7412512837994171,0.025008843830100904,0.24700585024669375,1.8406982448473421,0.0001,1.0125060449507368
4207,1.015782419735713,0.7405223534508603,0.025039553158665285,0.2502205127219218,1.8458061658344695,0.0001,1.012763749972802
4208,1.012728850207996,0.740365142150051,0.024947989784921642,0.2474157163348147,1.8395707034194204,0.0001,1.0126494029472612
4209,1.020194674360341,0.740706663707207,0.024877995554864044,0.25461001578967785,1.822001099344683,0.0001,1.0133269101804459
4210,1.0143932640915228,0.7402905914894707,0.02502358902782262,0.24907908335509454,1.8242358361006266,0.0001,1.0128952928416384
4211,1.0152470792282908,0.740215415645081,0.02491078342917483,0.2501208812308178,1.872647629064672,0.0001,1.0131269337681195
4212,1.0076710387127394,0.7403822467486708,0.024899494091830923,0.24238929800069597,1.8507890469162265,0.0001,1.0127864749871693
4213,1.0079880466809379,0.7410124325123568,0.024924794268656455,0.24205082083313628,1.840316346644388,0.0001,1.0120577893199107
4214,1.018630240316565,0.7408687958369149,0.02482829688770534,0.25293314544593587,1.8321353288983235,0.0001,1.013394009123951
4215,1.0078987870932108,0.740582839591508,0.02503731719862375,0.24227863003860622,1.8472242290059644,0.0001,1.0133800379402982
4216,1.0121642474470467,0.7411460870419748,0.025083620214559003,0.24593454249142754,1.8516747221259993,0.0001,1.0132698647874363
4217,1.0100103833128908,0.7406084634227637,0.025171874986458984,0.24423004707990265,1.867988848541136,0.0001,1.0126926611451539
4218,1.0140849756904355,0.7407322568293759,0.025134615192065134,0.2482181030984885,1.8837357580540872,0.0001,1.012828273693398
4219,1.0063428119520146,0.7402596062627332,0.025112810047838316,0.24097039450798752,1.8463895463556594,0.0001,1.0114430874525655
4220,1.0133824065539223,0.7403977010361321,0.024964009772449672,0.24802069491791798,1.8714204381010353,0.0001,1.0113420016988055
4221,1.0105857265164837,0.7407786429049277,0.024983685108517537,0.2448233980762217,1.8269132520799463,0.0001,1.0108758664276247
4222,1.0115532526863515,0.7410975387565505,0.025116646507448888,0.24533906600553293,1.8364930503508623,0.0001,1.0112640878249857
4223,1.014305824440343,0.7409937754122288,0.025078580780880447,0.24823346926734366,1.8474127622453484,0.0001,1.0118958656009263
4224,1.0242375980526148,0.74019176299867,0.025045173888757793,0.25900066244977,1.8094276695174087,0.0001,1.0124566013745313
4225,1.0117999947578864,0.7413953809902586,0.025018102498857293,0.24538651150301793,1.9294838160578667,0.0001,1.012846722140999
4226,1.0152438517516331,0.7408492197613203,0.02514008866362349,0.24925454361760954,1.8318905965793446,0.0001,1.0131546825714577
4227,1.0106767218930242,0.7410113275897431,0.02493108286093505,0.24473431164258996,1.844654159903768,0.0001,1.013221316429471
4228,1.0197212818186374,0.7405858102724954,0.02516166675405135,0.2539738051699093,1.8371355006467498,0.0001,1.013784947042291
4229,1.011069350261959,0.7408119091881216,0.025052097941508884,0.24520534470405347,1.8718466151800408,0.0001,1.0142576008732855
4230,1.0163341661495804,0.7406055227254515,0.02493089546296466,0.25079774864123755,1.8414015208973604,0.0001,1.0145527768328513
4231,1.0116787464575159,0.7404451422227082,0.02492530108948992,0.24630830089351952,1.8383764961911988,0.0001,1.0146620788269547
4232,1.010696636010377,0.7403139920553862,0.024681061808526153,0.2457015810432347,1.8368306733048227,0.0001,1.014576417159357
4233,1.0182572229638787,0.7400861779042722,0.024907048768977848,0.25326399613572304,1.871673683607554,0.0001,1.0149715570117106
4234,1.018369365657319,0.7401066833528979,0.025038185757991025,0.25322449537897085,1.868685512948955,0.0001,1.0143847337721812
4235,1.0203299114960445,0.7408455800091277,0.024999027803510005,0.25448530193788527,1.8439722426281013,0.0001,1.015237725445997
4236,1.009650744966271,0.7401400550625629,0.02511183436937313,0.24439885453311594,1.862796732184853,0.0001,1.0146784147674608
4237,1.0114049036169148,0.7401213853886355,0.02496206663684961,0.24632145105492753,1.8425090888450886,0.0001,1.0147512329398498
4238,1.0155328856762234,0.7404501777875254,0.024917878679039513,0.25016482978772075,1.8403900885920497,0.0001,1.0143323933256085
4239,1.0142456092408898,0.7404726550255054,0.024863600730895996,0.24890935470106393,1.813634433562567,0.0001,1.0146500192235015
4240,1.0126800303768677,0.7411869286765433,0.025021178485413836,0.24647192149961455,1.8350088579417725,0.0001,1.01428460564623
4241,1.0117545170184323,0.7406564755081889,0.024914043670251934,0.24618399893944332,1.8484884679438376,0.0001,1.0142921827023215
4242,1.0139866109793858,0.7401650260234701,0.024864368216261177,0.2489572160047976,1.8536999805945653,0.0001,1.0146211801992229
4243,1.0166962300304467,0.7409987855876435,0.025126944932686145,0.250570501327424,1.8172620832315565,0.0001,1.0144650809058795
4244,1.01699254648197,0.739885246777873,0.024911165962838256,0.2521961314819043,1.8297803283463143,0.0001,1.0143273989883443
4245,1.0068742478111452,0.7405965177089158,0.02511604320688615,0.2411616858166716,1.883115201886237,0.0001,1.0129818326198547
4246,1.018847291658181,0.7405313545985348,0.024990729337773507,0.25332520750273796,1.8417765746010244,0.0001,1.0139014872890457
4247,1.014225283089806,0.7409093985692966,0.024919323698744087,0.24839656139604943,1.8469408114589978,0.0001,1.0141835252363347
4248,1.015420444113246,0.7408946498654193,0.02493912332198199,0.24958667017020753,1.8979034356123052,0.0001,1.0141722810800369
4249,1.0170746055142632,0.7406009571063833,0.02488945463849855,0.25158419314220276,1.8449978888881133,0.0001,1.0144551807073745
4250,1.0200463006269134,0.7404369062632624,0.024866906189289828,0.2547424871882548,1.8733378167568306,0.0001,1.015191807732379
4251,1.012633333341587,0.7407203391647725,0.024819338055701575,0.24709365721678636,1.840223531694006,0.0001,1.0152796893646943
4252,1.011645472799305,0.7409550039811744,0.024726344412287157,0.24596412411114507,1.8334526220151426,0.0001,1.015045575546686
4253,1.0192793572650236,0.7409038379274565,0.02486884593963623,0.2535066753134706,1.829295037484314,0.0001,1.015303888270144
4254,1.0185225856231628,0.7405231426985703,0.024814507540534523,0.25318493513847584,1.8344929421407457,0.0001,1.0154568921842633
4255,1.0099916542761225,0.7402131159697295,0.024850278548730072,0.24492826021860145,1.8908576887954804,0.0001,1.0157686328307611
4256,1.0117413161008886,0.7406461011565482,0.024943013220239604,0.24615220431593562,1.8425166099115027,0.0001,1.0150580352750316
4257,1.0141035013701805,0.7401662152147196,0.025151378000967402,0.24878590888746127,1.825067131804646,0.0001,1.015045857103069
4258,1.0138889138887184,0.7404494523760271,0.024738235599370807,0.2487012258982078,1.9223523778315732,0.0001,1.0148927040806162
4259,1.0119417806667923,0.7404178024305533,0.024792737941471122,0.24673123911219605,1.868450222586038,0.0001,1.0143794215958695
4260,1.0136453728163217,0.7409724478305716,0.024947425172972146,0.24772550163764137,1.8645122508248257,0.0001,1.0137393288148102
4261,1.009898670788469,0.74072762701139,0.024930924237620757,0.24424011862135925,1.854666313099813,0.0001,1.0134658625594983
4262,1.0120655855590868,0.7406074833918295,0.024904271651958597,0.2465538297105452,1.8367673581802337,0.0001,1.0135078738354766
4263,1.0219992524953692,0.7406951824985217,0.024818622558160437,0.2564854461238786,1.821794773453873,0.0001,1.0137798633585111
4264,1.0129535958684723,0.7399454897847669,0.024872003897692077,0.24813610285853033,1.8440942287928677,0.0001,1.0132229643830422
4265,1.0103157194100818,0.7401246447833991,0.024745751829708323,0.2454453234506004,1.8434371348568683,0.0001,1.013255370896438
4266,1.020881339454264,0.7408018408392313,0.024934006752880784,0.2551454912765333,1.8379520569563395,0.0001,1.0141693732317756
4267,1.0172735191503839,0.7403709028845626,0.025045455832026792,0.25185716065009545,1.8325438625188677,0.0001,1.0144863750097959
4268,1.014534891981624,0.7409086309630295,0.025100676815118073,0.248525583991898,1.8315889160724972,0.0001,1.0145509728190865
4269,1.0158852292848166,0.7408371869980926,0.02474836210208297,0.2502996810687362,1.863909170061773,0.0001,1.014945317680889
4270,1.0211067325445025,0.7410284642273708,0.02481571535067916,0.255262551341833,1.8272392147694834,0.0001,1.015691453653707
4271,1.0132852361120026,0.7403969861431006,0.02479894625487724,0.24808930431097806,1.8564979004811564,0.0001,1.0160301101860605
4272,1.0150070845718073,0.7401918508943631,0.0248205236198936,0.24999470920745911,1.8407748047768706,0.0001,1.0163242600873326
4273,1.0128543434955528,0.7404317747023236,0.02488988287308637,0.24753268584835722,1.8716110989723438,0.0001,1.0154097691873507
4274,1.013483526982352,0.740603312759322,0.024852763083111684,0.24802744990445175,1.8358582101051997,0.0001,1.0154627622987387
4275,1.016819462210363,0.7404615598566392,0.02495946555302061,0.25139844005372053,1.8356772027683064,0.0001,1.0161131365787668
4276,1.005233989526002,0.740190578643497,0.02510228650323276,0.23994112625325187,1.8545567696766727,0.0001,1.0145484015859405
4277,1.0114189334379975,0.7401371148488585,0.024942105488651424,0.24633971140974978,1.8377542512653808,0.0001,1.0139629430147021
4278,1.0184688917521774,0.7410436327027017,0.024865742387442755,0.2525595167149274,1.865361179106134,0.0001,1.0143563429917575
4279,1.0099178898407044,0.7407285283351767,0.024815735662201112,0.24437362397312515,1.842584035217641,0.0001,1.0137596090473462
4280,1.0100905747732816,0.7409187806789096,0.024930262662334324,0.24424152959961798,1.8481084391263145,0.0001,1.012657993270224
4281,1.0121092491652854,0.741293450881695,0.025052798689016224,0.24576299920164305,1.851150328198988,0.0001,1.0125403945755522
4282,1.0178508099629477,0.7405613863927597,0.024856384095507267,0.25243303842434534,1.866344905770091,0.0001,1.0128247671146664
4283,1.011896808055545,0.740651037581794,0.02477711959010931,0.24646865217955916,1.846396921130755,0.0001,1.0127290135706655
4284,1.0112339867539628,0.7405552079421269,0.025046223075588143,0.2456325556172349,1.8466443055541715,0.0001,1.0125040595478265
4285,1.0041578624843341,0.7404284045614046,0.024927169265901824,0.23880228818853294,1.8739341615905143,0.0001,1.0112378995752238
4286,1.018063682208922,0.7402596924657996,0.02505385053568873,0.2527501403956729,1.8419623345922504,0.0001,1.0125208688435159
4287,1.003528992979812,0.740583439506817,0.025040981252101566,0.2379045708002957,1.8363216963065807,0.0001,1.011731874797697
4288,1.0176600939603655,0.7406244287626255,0.024739079011139472,0.2522965861639314,1.8424678697547372,0.0001,1.011650995018516
4289,1.0090062343808266,0.7408975764172072,0.024887081575683843,0.24322157623680804,1.850767812429045,0.0001,1.0115598294725283
4290,1.0177737005342093,0.7408320092526217,0.02494046992752663,0.25200121984278695,1.9265998582569146,0.0001,1.0123281420486212
4291,1.0121826704810648,0.7408607049597687,0.024674054575256597,0.24664791031508249,1.8936088885545248,0.0001,1.0123354841801993
4292,1.0101785955999734,0.7411318550728881,0.024964232715583477,0.24408250797774197,1.8324572217875514,0.0001,1.0115682627439013
4293,1.0128269155659009,0.7401829168472522,0.024910436440674817,0.24773356255755946,1.838189320438532,0.0001,1.011661273494937
4294,1.0125680018148364,0.7401247800726436,0.024919301452791472,0.24752392109793292,1.8364777531149905,0.0001,1.0117946750010245
4295,1.0129442525683745,0.7403473296707107,0.024966441351791907,0.24763047994392154,1.890318705150612,0.0001,1.0126733140094286
4296,1.01319934195002,0.740495761799764,0.02468043456938397,0.2480231491021404,1.8443726274594816,0.0001,1.0121868799835383
4297,1.010901354026601,0.7399764982246724,0.02489282997820005,0.24603202262738413,1.8345506464491994,0.0001,1.0129241160882174
4298,1.0158382245541586,0.7401098225711568,0.024808206374456625,0.25092019603925836,1.8349901113742264,0.0001,1.0127419291475965
4299,1.0123551581017145,0.7405898049927144,0.024860889384519257,0.24690446261369434,1.8915320320496936,0.0001,1.0130768215196855
4300,1.005275868499013,0.7402914676656588,0.0250530192141117,0.23993138076915096,1.8535056788829471,0.0001,1.0118270383161656
4301,1.0174997765684224,0.7403022892334882,0.02481573856384711,0.25238174751672976,1.8330950981221383,0.0001,1.0123587489249015
4302,1.014461004588957,0.740184316770542,0.024830165547724912,0.24944652372718037,1.8996554233481386,0.0001,1.0127869898238
4303,1.0078502500516648,0.7400490640384914,0.02490582596699558,0.2428953630214984,1.8953311317590864,0.0001,1.0122893232723762
4304,1.013434167082363,0.7405120732818123,0.0250252997899394,0.2478967956994598,1.8398403284757665,0.0001,1.0123759397991288
4305,1.007176919834609,0.7405903095164115,0.02497239069329314,0.24161421837054692,1.8562672769322115,0.0001,1.0117992065257524
4306,1.018336015709999,0.7403812698611865,0.024883714699116488,0.25307103086255384,1.8418454335620873,0.0001,1.0123128739017502
4307,1.0185275783887016,0.7404877001808816,0.024895474103111284,0.25314440631494683,1.8264237083721355,0.0001,1.0130754963379602
4308,1.0102023251400032,0.7403684846044312,0.02499985017834522,0.24483398960158984,1.8640168327347018,0.0001,1.0125119063965449
4309,1.0159091671388483,0.7406924212196536,0.025055607240533732,0.2501611381497151,1.84759729677475,0.0001,1.012867307300258
4310,1.0151070206450643,0.7401210265517476,0.025053521682476175,0.24993247209725103,1.8533200482567715,0.0001,1.0138504225148632
4311,1.009843647480011,0.7403305420769155,0.024977979988887393,0.24453512513084416,1.8482900391244017,0.0001,1.013084809606022
4312,1.0079308447199467,0.7408222530724794,0.024901510010384643,0.24220708172775912,1.84837028656238,0.0001,1.0124317936191212
4313,1.0224044557517247,0.740939526601447,0.02492445477607526,0.25654047422496407,1.8317062755627274,0.0001,1.013887214189127
4314,1.0169071505567848,0.7404935298294857,0.024699481215486662,0.2517141366932866,1.8416202960585,0.0001,1.0142345125365693
4315,1.014467528456365,0.7407266498821019,0.02504872066737672,0.2486921587569779,1.8497270437573323,0.0001,1.0149635733987448
4316,1.0129766471487514,0.7406004343264969,0.02514164249505281,0.24723457157872542,1.8375457912139428,0.0001,1.01442763654262
4317,1.0151903920676597,0.7398051109323637,0.024992645391344298,0.2503926347654018,1.8381233195987725,0.0001,1.0140939179105157
4318,1.0156709486524182,0.7404921563837156,0.024979627398399987,0.2501991649213083,1.832865296222617,0.0001,1.0146407802617576
4319,1.0158702966891244,0.7409260541381991,0.024822643030487743,0.2501215984984386,1.856915163461867,0.0001,1.014636893216785
4320,1.0120366092385917,0.7409178757280656,0.024782474577789617,0.2463362592878859,1.9098909674986864,0.0001,1.014329852076138
4321,1.0199868375582821,0.7414776079553136,0.024928454211469112,0.25358077596956163,1.8296517776910963,0.0001,1.0153441710839648
4322,1.0159173210058927,0.7410192868047022,0.024864297851345845,0.25003373655764494,1.9054572894171817,0.0001,1.0161428187125594
4323,1.0160202417847592,0.7403754165158069,0.024925749151992024,0.250719075066625,1.8213733937629095,0.0001,1.0155043973158628
4324,1.0087410801564463,0.7405002076050331,0.024839809893594553,0.243401062808946,1.8427939782519853,0.0001,1.014687790275829
4325,1.0124536960652102,0.7396821140275766,0.024774513912007485,0.24799706931197618,1.8422603038938727,0.0001,1.0144864070367134
4326,1.0120879904977207,0.7407245528383622,0.024683985458668057,0.2466794507914274,1.8285393654453828,0.0001,1.0143975413716104
4327,1.0080693277093993,0.7402538779299351,0.02512163056804974,0.24269381783615504,1.8900173365707087,0.0001,1.0136854349357844
4328,1.0173983176146268,0.7403548309092106,0.024851076984985846,0.2521924091688155,1.847136121008991,0.0001,1.0138581718320052
4329,1.017140035092468,0.7403386137306569,0.025000197892256732,0.25180122348088885,1.8389256007772914,0.0001,1.0139851456723394
4330,1.0212798405128851,0.7408639300183882,0.024935629256598608,0.2554802794697077,1.9023610805643016,0.0001,1.0149094687997688
4331,1.0097666654818924,0.7403373922585957,0.024921883192313855,0.2445073899516409,1.8482513052938434,0.0001,1.0138874515921301
4332,1.0076541144997788,0.7408515825474722,0.024846531798341454,0.24195599671534468,1.8659198155993137,0.0001,1.0130611309415187
4333,1.0152571171098983,0.7405925877921238,0.024942842264929842,0.24972168879458798,1.913331621075257,0.0001,1.0129848184740327
4334,1.018148251527705,0.7412941889878945,0.024912186375012503,0.2519418780312214,1.8290032361148578,0.0001,1.0139255356111585
4335,1.0103394913866843,0.7408821079842217,0.024759436475819553,0.24469794690114036,1.8638982199752065,0.0001,1.013714115143306
4336,1.0093420344965938,0.7406073537849751,0.024795612021827312,0.2439390671766282,1.8384895416592488,0.0001,1.0134395195431931
4337,1.0186790428587196,0.7403270830730879,0.024956001229508654,0.2533959601807425,1.8388873757019972,0.0001,1.0145004910581252
4338,1.0172054930826229,0.7409292960021849,0.02481969495815873,0.25145650012361953,1.8974809501524146,0.0001,1.0144812086049249
4339,1.0119820879148904,0.7410175599626305,0.024937164710936634,0.24602736335844708,1.871525997322423,0.0001,1.013965413887167
4340,1.014600884962759,0.74120944544945,0.02499364694281959,0.24839778974062893,1.8520367092341488,0.0001,1.0132975183321544
4341,1.0094793253931507,0.7409565792122429,0.024956088037084614,0.24356665807959396,1.893138983670403,0.0001,1.0132687843232804
4342,1.0110018132424499,0.7401651196015534,0.024943038851445876,0.24589365412826833,1.8334854928281679,0.0001,1.0136035541975474
4343,1.0154110566839485,0.7403978568787023,0.024897474062612043,0.25011572543093386,1.8278772207109246,0.0001,1.0136189481549525
4344,1.011786096478089,0.7408815237861618,0.024836213061582246,0.2460683592223009,1.8435726180279715,0.0001,1.012982732649991
4345,1.0180779327969038,0.7400678272905021,0.02479714312369635,0.25321296333102983,1.8366035027146097,0.0001,1.0137565767910128
4346,1.0179063438401987,0.7405810830075649,0.024961750115632526,0.2523635103202918,1.853971484466692,0.0001,1.0146130077253734
4347,1.0171560452869408,0.740348108520856,0.024936200155447754,0.2518717358890037,1.9079702717779132,0.0001,1.0144607079681953
4348,1.0125375986099243,0.7404933080953711,0.02500035820819785,0.24704393225912813,1.8260150690833163,0.0001,1.0139939185209257
4349,1.0187956609783986,0.7401684546809167,0.024992460169608405,0.25363474553092014,1.8546416955352072,0.0001,1.0146752758272763
4350,1.0146933686418902,0.7408235866206171,0.024910979290279366,0.2489588024646316,1.818824201520026,0.0001,1.0146845241951894
4351,1.010619982623667,0.7406689540367822,0.024890537677865483,0.24506049294168278,1.8253009200821542,0.0001,1.0147985899182408
4352,1.0100980170116463,0.7403496698482042,0.024863244795654174,0.2448851012456671,1.8594324223651848,0.0001,1.0147082102951608
4353,1.0134340184939077,0.7403955630066429,0.02501768369461895,0.24802077214023888,1.836700471371231,0.0001,1.0145105064761566
4354,1.0174139324598332,0.7404645652364765,0.02494216593960961,0.25200720284980466,1.8868702093921375,0.0001,1.0150732900743311
4355,1.0099993148633482,0.7405627788201307,0.02485725072044388,0.24457928454824562,1.8464148274299823,0.0001,1.0142654282809755
4356,1.017382540398147,0.7402938707121487,0.0250013786203721,0.2520872902268691,1.8691484995836176,0.0001,1.0142130479367704
4357,1.0206483574716363,0.7405270103508754,0.024946142403639356,0.2551752063530756,1.8202991930514756,0.0001,1.0145622791552398
4358,1.0195926211426756,0.7412747722610257,0.02497577497973645,0.25334207560587485,1.8134786187997938,0.0001,1.015267781408515
4359,1.0105388217717106,0.7413251055423434,0.024953374998081045,0.244260340921475,1.849676247058969,0.0001,1.0144420974878463
4360,1.0125040107276329,0.7405029818204063,0.024979770788072814,0.24702125878033604,1.8087361120065375,0.0001,1.0142231616964206
4361,1.017141346394653,0.7401018394176181,0.025113015822899994,0.2519264903040433,1.8322963441361277,0.0001,1.014875298073519
4362,1.0107751819956858,0.740707716158389,0.02508213336279136,0.24498533194178138,1.8764877974624323,0.0001,1.014943014571923
4363,1.0087019039457759,0.7395374082164881,0.024960775646186505,0.2442037203551306,1.8390914576532391,0.0001,1.0144698031171098
4364,1.0154759106481293,0.7402942254383714,0.024958599169887827,0.2502230857357262,1.837126474109673,0.0001,1.0142760009359395
4365,1.0174000831453118,0.7409985001382189,0.024737062608978087,0.25166451992961986,1.8431651780861629,0.0001,1.015016077764136
4366,1.0119512277007345,0.7411143409794775,0.024728920348517553,0.24610796556231881,1.8755794935245784,0.0001,1.0144729464943947
4367,1.0123159678664218,0.7405603622326261,0.024859347401477744,0.24689625831732703,1.8318499205804015,0.0001,1.0136397075338732
4368,1.0150878653081388,0.7403835308479247,0.02487183149155932,0.2498325025077161,1.8520980507558549,0.0001,1.0131892319504192
4369,1.016781126993423,0.7402599375339841,0.025036946029740464,0.251484243663946,1.857917291397497,0.0001,1.013813462472591
4370,1.007283829046795,0.7403486384339555,0.024986176413406464,0.24194901276561176,1.8496389277808323,0.0001,1.013291444304507
4371,1.0093504227924541,0.7414351436961253,0.024798685348541693,0.24311659436221433,1.843510418102659,0.0001,1.0125123519442871
4372,1.0141029897132703,0.7411616443378688,0.024785571359475775,0.24815577290891755,1.848534801185252,0.0001,1.0128451327160455
4373,1.0136948473313276,0.7406327306136157,0.024919596937075107,0.24814251912323262,1.8839314709328734,0.0001,1.0133444270546008
4374,1.0107736383200174,0.7400180401231405,0.024892804105189945,0.24586279592032848,1.8709129934136814,0.0001,1.0128741998217896
4375,1.0055396070828544,0.7405644002357312,0.025111871848967206,0.23986333694392117,1.8420628775931276,0.0001,1.0116881522155436
4376,1.0208881476829792,0.740817272638936,0.02511650819565655,0.254954367817491,1.892068325385119,0.0001,1.0125818442137682
4377,1.0155933176528127,0.7407784281831242,0.02480115634190867,0.2500137326902777,1.8358542396862656,0.0001,1.0129095791924072
4378,1.0118675694987933,0.7404659285264856,0.024784050171563883,0.24661759226290136,1.8318846820575954,0.0001,1.012587549611473
4379,1.0121326110425874,0.7407135262208826,0.02489357110694746,0.2465255144288344,1.8655433064783804,0.0001,1.0121226980163889
4380,1.0110633823015627,0.7401299320660063,0.02485848585442162,0.24607496596797243,1.833226845907633,0.0001,1.0125006533418661
4381,1.0121723083405176,0.7409393267505793,0.02500378674474256,0.2462291936475111,1.8598873777273461,0.0001,1.0127828418966724
4382,1.015202386142274,0.7410259277051651,0.02497701083912569,0.24919944688390647,1.8299741660363775,0.0001,1.0128927815395727
4383,1.014774600946879,0.7408168869618228,0.024872739464951336,0.24908497345843494,1.8440763674691532,0.0001,1.0130007569011277
4384,1.0162333844883205,0.7399423761977143,0.024802376967656442,0.25148863066554555,1.8302870449623279,0.0001,1.0135467315179583
4385,1.01288447890272,0.7404771024024994,0.02492816501408513,0.24747921159948102,1.87957223191948,0.0001,1.0142812186999446
4386,1.0139359304677642,0.7405180262503711,0.024873180998749956,0.24854472169225647,1.8409873251982682,0.0001,1.013585996978423
4387,1.008107449171751,0.7407319713799514,0.025018771328258707,0.24235670775190207,1.9157131450896814,0.0001,1.012837410130317
4388,1.009394791740433,0.7409628455585688,0.0249693139813251,0.24346263293161777,1.8473785861752339,0.0001,1.012590132354481
4389,1.0140714856964095,0.7403731153896324,0.02487586550490126,0.24882250459029756,1.8287689364222435,0.0001,1.0127840198198632
4390,1.0132976563658724,0.7406808939473383,0.02480690498622871,0.2478098569675887,1.8341365336888218,0.0001,1.013007447226294
4391,1.0066128876098028,0.7400947844280916,0.024836611796102467,0.24168149198256206,1.836680576477283,0.0001,1.0124515051532226
4392,1.0113455481509892,0.7405363248763172,0.024945102405354653,0.2458641208315355,1.8294392606549523,0.0001,1.0120658213540943
4393,1.0153493155814088,0.7408624753265304,0.02513990634353359,0.2493469348672256,1.8345868587493896,0.0001,1.0121232928175474
4394,1.012516175878459,0.7403704562728836,0.024856783313635156,0.24728893896689522,1.8479296220485386,0.0001,1.011751571956561
4395,1.0086000658435705,0.740104508690128,0.024768658632197196,0.24372689990028285,1.8503056106896236,0.0001,1.011323130650646
4396,1.0107433497301221,0.740575423830663,0.02487478996145314,0.245293137653302,1.8919237409595544,0.0001,1.011003872576882
4397,1.013680576069118,0.7406324167522407,0.02473739581465963,0.24831076135998686,1.8187252031620327,0.0001,1.0115611852666186
4398,1.008351711182275,0.7398798891303505,0.024977180101808622,0.24349464335465618,1.8405735096148013,0.0001,1.0114568772108028
4399,1.0092304010420252,0.7407580670913867,0.0250774474463163,0.2433948872637374,1.8494301826426756,0.0001,1.0109727687453645
4400,1.0168209752978465,0.7405656358533167,0.024928758642494556,0.2513265810513956,1.8195704954391076,0.0001,1.0113251006385617
4401,1.0219992730486949,0.7406692338038168,0.024926741031314006,0.25640329965683073,1.8452142389986144,0.0001,1.012863739182451
4402,1.0142715613208484,0.7403425168072234,0.024910064546380034,0.249018978516422,1.8253419430695972,0.0001,1.0131563404994368
4403,1.0203846591481331,0.7405112420811373,0.024751670462122795,0.2551217429645919,1.8891418369498263,0.0001,1.0136598748561094
4404,1.008217030195387,0.7405333377526692,0.024736507669181902,0.2429471841576919,1.8426846746982475,0.0001,1.013229960287802
4405,1.0138582125396807,0.7407526797019928,0.024816263278164195,0.24828926766287482,1.8289707328436582,0.0001,1.013755774957413
4406,1.0070190988254353,0.740618144281012,0.024753136760564655,0.24164781803699706,1.8609786749369717,0.0001,1.0133833498669444
4407,1.0141573472148748,0.740543468970556,0.024859329266190288,0.24875454886856113,1.8400862100883624,0.0001,1.01343102698152
4408,1.014071352099792,0.740718560213975,0.024890937621404867,0.248461852953382,1.8577895338588506,0.0001,1.0140029910732717
4409,1.013851118377933,0.7410279930726026,0.02513281036825741,0.24769031423621982,1.8292460514130506,0.0001,1.0144650628068625
4410,1.015564952491505,0.7400939159896263,0.0251553032025846,0.25031573404737467,1.8309435902454307,0.0001,1.0143394605262284
4411,1.014712426652773,0.7403564029968293,0.02514479464981667,0.24921122969375661,1.9315979567792787,0.0001,1.0136107758866364
4412,1.0185496934045402,0.7409118276096986,0.0248928229658889,0.25274504077362,1.83915708950035,0.0001,1.0140385890950054
4413,1.0207812767967008,0.740700546312042,0.024888474123956707,0.25519225728069006,1.8356836335412388,0.0001,1.0140782508598623
4414,1.018429982976546,0.7399870660193794,0.02474927587876697,0.253693643723129,1.8225422045763802,0.0001,1.015099546137978
4415,1.0118974136532441,0.7405321099937083,0.025003374469207702,0.24636192948313743,1.8899296971895632,0.0001,1.0149034662493344
4416,1.0197815942232313,0.740484329435453,0.025023323285410418,0.25427394156281896,1.8470567834788356,0.0001,1.016179715789114
4417,1.010484720703071,0.7403808639934532,0.025014777937960673,0.24508907735483762,1.8409557951874955,0.0001,1.0158124531379336
4418,1.0172774321409075,0.7408100914278088,0.024725557340811524,0.25174178080902476,1.8364770335067842,0.0001,1.0161330611420452
4419,1.0117529078139254,0.7402702264079699,0.024876635166500936,0.24660604838546343,1.8368888578356883,0.0001,1.0159232400856442
4420,1.0174107054667831,0.7410415961099203,0.024915081492302142,0.2514540282121536,1.8352604693379895,0.0001,1.0161078153831722
4421,1.0120097497897507,0.7409843772226609,0.02486648956128598,0.24615888406558464,1.8181017772662953,0.0001,1.01583754769687
4422,1.0111302487990435,0.7399325971671099,0.025072525529300466,0.2461251260044004,1.8291056417306586,0.0001,1.0150956032363203
4423,1.0102422288175046,0.7398160344205087,0.025003962052521308,0.24542223248296866,1.8445053277102736,0.0001,1.0140416984384006
4424,1.0198826590367795,0.7403697347302466,0.02500871615767721,0.25450420646756344,1.8420415768516958,0.0001,1.014186966044424
4425,1.004448665324863,0.7401612249881211,0.025043095101207554,0.2392443476195691,1.8697268493760673,0.0001,1.013442091211586
4426,1.0175232181200875,0.7408856262299884,0.025012363284886728,0.25162522832940487,1.8275721370569349,0.0001,1.0132162536012719
4427,1.0119837162219003,0.740111324414762,0.02496028139915234,0.2469121126257805,1.8666037961870856,0.0001,1.0133661531531544
4428,1.0108346318860082,0.74055960478212,0.0249867103162692,0.24528831866537704,1.8353664195561747,0.0001,1.0127218731276646
4429,1.0151911159074332,0.7400390010092853,0.024984944664682384,0.25016716958550667,1.8075053998954882,0.0001,1.013065693937015
4430,1.013650542944972,0.740631355233415,0.025090803964626474,0.24792838418897822,1.8267678029638759,0.0001,1.0126896776848342
4431,1.0082871462945764,0.7408128068848507,0.024737813168074975,0.24273652470015125,1.8327028727192907,0.0001,1.0123174173353167
4432,1.0131251802309047,0.7400623558742763,0.02461829001714927,0.2484445321708011,1.8380371194340395,0.0001,1.0125169104785028
4433,1.0148674262948258,0.7401051006259106,0.024935856552201402,0.2498264678850256,1.8472950927626046,0.0001,1.012979430226235
4434,1.0168698304323347,0.7406100552173948,0.024829006098346828,0.25143076737296083,1.8511691284469851,0.0001,1.0126781473657904
4435,1.0154398209424822,0.7401618764076465,0.024993262474725504,0.2502846839000862,1.8782616998796289,0.0001,1.0137772629275523
4436,1.0126788975259111,0.7406578663638349,0.024894392272763514,0.2471266387041817,1.8841524832630738,0.0001,1.0132928308681348
4437,1.0109289802353958,0.740607922265786,0.024874346009616195,0.24544671316145641,1.8242445567558552,0.0001,1.0131873572694843
4438,1.0119696886979541,0.7403288580341223,0.025066403056254977,0.2465744264141428,1.8738506447229133,0.0001,1.0133008629506788
4439,1.0156692152816431,0.7409110625423718,0.024962759163026635,0.24979539291128425,1.849635358514457,0.0001,1.0133486728881
4440,1.0216861014192051,0.7402214544540003,0.024789825414305525,0.2566748207537023,1.821906705415273,0.0001,1.0141522287355236
4441,1.0104469149156226,0.7399949879965483,0.024909878115624975,0.2455420483500672,1.8644950682444699,0.0001,1.0143682055976277
4442,1.0046078891589725,0.74039166331533,0.024904030815341167,0.239312196025742,1.8783091802384257,0.0001,1.0135164764904345
4443,1.01051905225305,0.7406429560140954,0.024960765248621695,0.244915333629395,1.9712257443286827,0.0001,1.0130816390862571
4444,1.0128755729048537,0.7400617717971183,0.024977659598808984,0.24783614360959727,1.8574701574221102,0.0001,1.0126822133335092
4445,1.01418164172956,0.7395100493218304,0.025083094049418917,0.2495884970132768,1.8372862191519437,0.0001,1.0125563954122168
4446,1.0170972937260874,0.7399342202753373,0.02513785802326628,0.2520252172032307,1.8534495663691244,0.0001,1.0129982350322346
4447,1.0122605259955293,0.7407770062556857,0.024821230170692925,0.24666228949453145,1.8605244017034226,0.0001,1.0131313896082477
4448,1.0191776968886355,0.740232009674908,0.024883562120898015,0.2540621225482219,1.863754705531602,0.0001,1.013852190427316
4449,1.0130182401887302,0.7406060054868037,0.02500484076764956,0.24740739578558754,1.8262393672858,0.0001,1.0135870929180246
4450,1.015200210512289,0.7403551943403712,0.024916181941545035,0.24992883366411722,1.833002591713447,0.0001,1.012938503827333
4451,1.0115094018030844,0.7403738389876019,0.02504785525145927,0.24608770775671057,1.8265093997816044,0.0001,1.013044752516079
4452,1.0123849124260413,0.7403136612677429,0.02503083564688661,0.24704041714358765,1.82644305606401,0.0001,1.0138224548427863
4453,1.0152669008556776,0.7407508955524127,0.024853096046989393,0.24966291026882903,1.8313396366324435,0.0001,1.0142972397030487
4454,1.0170167439124163,0.7401887435942103,0.024899814240105494,0.25192818814098955,1.8329530069358935,0.0001,1.0147113568038053
4455,1.015267668220141,0.7401418019743526,0.024973670319176106,0.2501521947818221,1.8327004111562732,0.0001,1.014819959452863
4456,1.0111976386809205,0.7407908160352804,0.02485038784406248,0.24555643414795156,1.8595599303622758,0.0001,1.0142299939483466
4457,1.0149306619868559,0.7403673859687171,0.024856993682969657,0.2497062824560711,1.8113880599971717,0.0001,1.014497007547479
4458,1.0163864933453033,0.7395152358931412,0.024889729085848734,0.25198152807161484,1.8334784708448646,0.0001,1.014217887193146
4459,1.0195558461649665,0.7406374268067536,0.024818174012050668,0.25410024597711905,1.8277510259504492,0.0001,1.0148716477907693
4460,1.0075011704321082,0.740821458505085,0.02493477617267663,0.24174493683679651,1.8546093298503883,0.0001,1.0141017437827515
4461,1.0155007928670299,0.740335655381665,0.02488544166209006,0.250279695623031,1.8375578453768098,0.0001,1.0145008828891462
4462,1.0149922794067352,0.7404521749662821,0.025034346880342125,0.24950575884799975,1.820655075338259,0.0001,1.0147616195872156
4463,1.0128294794119397,0.7403646434296459,0.024919345702892868,0.24754549040408091,1.8399132756142298,0.0001,1.0145178774428416
4464,1.0136592250324892,0.7411204032433686,0.024828872864434977,0.24770995026594123,1.8245302757917021,0.0001,1.0141821255548489
4465,1.014946816538217,0.740289240652359,0.024939698331496295,0.2497178765606989,1.8246553913816719,0.0001,1.0141500403866563
4466,1.0091787829360421,0.7399476956402312,0.024920968690218356,0.24431011972015698,1.908427622448842,0.0001,1.0139481548121687
4467,1.016823911279984,0.7404940212957758,0.02480979067316887,0.2515200995263959,1.8594611887999528,0.0001,1.0141374797414815
4468,1.0081149194593604,0.7405526022640252,0.02478864468619016,0.2427736703782488,1.8342945457230233,0.0001,1.0133103223528874
4469,1.0130940415796355,0.7406241496001006,0.02487984366155783,0.24759004919073765,1.8389198414936028,0.0001,1.0126641418943543
4470,1.0146312951799823,0.7397474488186788,0.025035019820408694,0.24984882673736034,1.8224808990834451,0.0001,1.0133771543691412
4471,1.017954008816222,0.7405725687319077,0.024968905332847735,0.2524125361475058,1.839192923135738,0.0001,1.0136224759640604
4472,1.0146302721079659,0.7408043345621584,0.024779818362686744,0.24904611866550924,1.83811555890476,0.0001,1.0135862752341835
4473,1.0158581080833264,0.7401904056328548,0.024888917350382157,0.2507787837210521,1.8255420717699775,0.0001,1.0138891381013226
4474,1.0199155350485873,0.7407955447510338,0.024888529255230576,0.25423146146170145,1.829867495000967,0.0001,1.0145147691029324
4475,1.0177551226248365,0.7405305395987164,0.024891012096985358,0.2523335715071969,1.8512549378567245,0.0001,1.0147955997115943
4476,1.0105730333869887,0.7404879106711181,0.024743286881437166,0.24534183728525652,1.8473889631867166,0.0001,1.0149350247566888
4477,1.018032732285544,0.7410077731943033,0.02488995227078637,0.25213500905336156,1.84724870777517,0.0001,1.0150559068572447
4478,1.0089312030142268,0.7403907486923326,0.02490304280488051,0.2436374118532721,1.8215359741969235,0.0001,1.0151375352127316
4479,1.0175740351299727,0.7399739435671793,0.0247731286178496,0.25282696422952666,1.841658336153862,0.0001,1.0155855345677653
4480,1.010803086762496,0.7398516012253674,0.024667084579777284,0.24628440135783888,1.8634714347595618,0.0001,1.0152027137260167
4481,1.013867372915179,0.7400554573318295,0.024980858905320234,0.2488310570671822,1.832532637743147,0.0001,1.0147940501359123
4482,1.0048093283152242,0.7403873523156976,0.02486178405870047,0.23956019249055194,1.8455649747326215,0.0001,1.013811955756638
4483,1.015167184340301,0.7404390247066412,0.02487635346503577,0.24985180443065888,1.8828331447276334,0.0001,1.0137428633823355
4484,1.014677711360111,0.7406155199840151,0.024652276029451383,0.24940991411873462,1.8513735868867949,0.0001,1.013219081013488
4485,1.013803532592665,0.739978796207397,0.024747791928645322,0.24907694361408753,1.8327434996320557,0.0001,1.0128239220102706
4486,1.0143359810053456,0.7410627689371244,0.024930969696741318,0.24834224245837808,1.8652047015590552,0.0001,1.0132002167721064
4487,1.0144521792326688,0.740122336040404,0.025096400997943375,0.24923344160492472,1.8383800170968077,0.0001,1.012842161466819
4488,1.0153376926756776,0.7403403830093013,0.02498209452290564,0.2500152154155,1.8352547535789907,0.0001,1.0134828104329638
4489,1.0133615770881605,0.7403492445152623,0.025007678093823166,0.2480046544412933,1.8506947327820815,0.0001,1.0130615646287828
4490,1.0164476363460626,0.7406470200111126,0.024800673459654646,0.2509999439029616,1.882610423327943,0.0001,1.0136260195871396
4491,1.0192039708094955,0.7403522960796317,0.025020647242393262,0.25383103003774526,1.8225545389898892,0.0001,1.0141596793765713
4492,1.0177659794960254,0.7405372669440495,0.02501859021718797,0.2522101206723865,1.8401394129766653,0.0001,1.0154553444946515
4493,1.010229663844041,0.7406694971281906,0.024790597735747363,0.24476956742349068,1.8178262210037355,0.0001,1.0149615924450253
4494,1.0178560024584524,0.7405890960238768,0.024698095437721113,0.2525688109515163,1.8386831554389629,0.0001,1.0152794215548595
4495,1.0099540577698916,0.7401560072241158,0.02495899621178122,0.24483905475337292,1.8249882449968349,0.0001,1.014894474072582
4496,1.0065578797767902,0.7404633099118788,0.024895329988026956,0.2411992411274637,1.8369933930178444,0.0001,1.0141166639497265
4497,1.0064941613234082,0.7400195553868586,0.02472133351146087,0.24175327249309597,1.8822560394995111,0.0001,1.0133208621588006
4498,1.0102061704254537,0.740236380520989,0.02485264967711412,0.2451171396473993,1.8223739284530855,0.0001,1.012807709933778
4499,1.011520436883698,0.7401792527937744,0.024784913169443003,0.24655626851377696,1.9105504161204092,0.0001,1.0126235959133318
4500,1.004911162548568,0.7403203331190964,0.02484924798079485,0.23974158260480144,1.8401702378874618,0.0001,1.0114699485335823
4501,1.0168145670126707,0.7405362907819767,0.024977254577389113,0.2513010216873086,1.8309269454367987,0.0001,1.0112310081539
4502,1.010189596344443,0.7403727928233195,0.024815621047184384,0.2450011824814954,1.8239692488258314,0.0001,1.0104733698387416
4503,1.01191486245962,0.740084120758165,0.02469822480277164,0.24713251875755027,1.837423866709154,0.0001,1.0106418897002996
4504,1.0101752686210386,0.7399419260798796,0.024912838036341794,0.2453205005868393,1.836910150113986,0.0001,1.009873816316558
4505,1.0165930476198333,0.7404041431738445,0.024812195654089503,0.25137670959665254,1.8215114896244258,0.0001,1.0105377153015525
4506,1.0156817904108677,0.7401903767372967,0.024834650525214948,0.250656761693755,1.8271845804024904,0.0001,1.0114501063649601
4507,1.0094841851665814,0.7401552770974428,0.024781337616167978,0.24454757027728502,1.8330861750771017,0.0001,1.0117491087492776
4508,1.0113287322661455,0.7400143581761791,0.024723872209901018,0.24659050068993718,1.8249543349109363,0.0001,1.0118613649333468
4509,1.0092679829191242,0.7401859836452631,0.02488655782858208,0.2441954403259918,1.8648956709411033,0.0001,1.0116361195368893
4510,1.007752526120772,0.740608958878817,0.024816924369842962,0.24232664384310554,1.8673642145934501,0.0001,1.0119202558941098
4511,1.0104837403094309,0.7396937618391025,0.02486091090506037,0.24592906578668747,1.861416800510569,0.0001,1.0112871732237854
4512,1.0144671358878423,0.7400255720707273,0.0248421795711556,0.2495993823870926,1.8448401870882294,0.0001,1.0117149271781256
4513,1.014622818504821,0.7400760921455058,0.024764930017096034,0.24978179683338314,1.8329221933898772,0.0001,1.0119857227826459
4514,1.0166645361975772,0.7402693933937661,0.02482381674629196,0.25157132664691606,1.8499948888956654,0.0001,1.0126346495402996
4515,1.013513210337254,0.7396635673108981,0.024813097340581868,0.24903654470722406,1.8262032666989805,0.0001,1.0123266658120418
4516,1.0132369141549658,0.7392245358192413,0.02493902345699906,0.2490733517579447,1.8244999954231371,0.0001,1.0120821781864513
4517,1.011841917739195,0.7400167759727029,0.02482127442079432,0.2470038686038333,1.829867133262433,0.0001,1.0123179514437128
4518,1.0189375991028173,0.7404070953568387,0.02477532999994305,0.2537551732775406,1.8411094888470478,0.0001,1.0130788381273799
4519,1.013036409207822,0.7402321196956518,0.02465803071886724,0.24814626021767847,1.8158503637836139,0.0001,1.0134556807562496
4520,1.0134912221475256,0.7407895235937942,0.02481883196027961,0.2478828677760237,1.835292401952144,0.0001,1.014029550358925
4521,1.0144369100460415,0.7399644008998213,0.02482820306781823,0.24964430718918842,1.926639059010674,0.0001,1.0144248673325864
4522,1.0127238193583536,0.740038031375916,0.024885446498166718,0.24780034365767187,1.8278534463162839,0.0001,1.0142505356796372
4523,1.0100485181953553,0.7404994923492958,0.02487879761817731,0.2446702268261757,1.8255986625717813,0.0001,1.0137931056486906
4524,1.0161903209183327,0.7396887930121432,0.024698248741351084,0.25180327934996954,1.8609389107802818,0.0001,1.0137456841207662
4525,1.0141696559971776,0.7397952487212407,0.024922500275695057,0.2494519059650192,1.8423628137271255,0.0001,1.0138113286867587
4526,1.0173528206517681,0.7405113528272926,0.02493381959671423,0.25190764673915644,1.824135288263673,0.0001,1.0142229193364387
4527,1.0116445486250563,0.7404246468089415,0.024942845650183502,0.2462770572389357,1.8524385840607462,0.0001,1.014203182425025
4528,1.0184814881601392,0.7398055209107621,0.02478826021809607,0.2538877105874975,1.8320589341208127,0.0001,1.0141575713307573
4529,1.01239785183274,0.7397251815873276,0.024845930674013212,0.24782673983587214,1.8602204533184277,0.0001,1.014093715593249
4530,1.005748041503086,0.7396051831709686,0.02483332350578076,0.24130953533639168,1.8468706740810712,0.0001,1.013319397528805
4531,1.0186293429825417,0.7404036966830674,0.02490248834869199,0.2533231588688813,1.8823483836578307,0.0001,1.0137386408224551
4532,1.0168834798959883,0.740455610394236,0.02477859822054664,0.25164927178748236,1.8620802154405605,0.0001,1.0141546068762186
4533,1.0125526731444663,0.7403335775613301,0.02496199554652278,0.24725710169145834,1.8405872590643397,0.0001,1.0144050223711294
4534,1.0172242041050057,0.7405242462912631,0.024760246760463133,0.25193971269679,1.814103905617828,0.0001,1.0145084106897968
4535,1.0166159318136636,0.7405874584074195,0.02473008632659912,0.2512983859688588,1.8218468812126176,0.0001,1.0147530382714456
4536,1.0072089993445916,0.7397760885482386,0.024545065529689828,0.24288784440145894,1.836763068096633,0.0001,1.013738656140728
4537,1.0083979013967224,0.740267596307681,0.024697711695038524,0.2434325913386703,1.8423307103994653,0.0001,1.0134139914178946
4538,1.009075105311179,0.740225811275459,0.024814068182970397,0.2440352285957119,1.8351415543237033,0.0001,1.0124733531329986
4539,1.014444349745466,0.7400981234972182,0.02483042137617997,0.24951580437712567,1.821857004330076,0.0001,1.0126780029242712
4540,1.0142182368052175,0.740348767799006,0.024925289482905948,0.24894417761154397,1.8218330084431245,0.0001,1.013525022454484
4541,1.0101988326463447,0.7403472739349273,0.024857615844231348,0.24499394162794155,1.8186064791727743,0.0001,1.0126819714208644
4542,1.0166195134120346,0.7401705317758401,0.02486524814040859,0.25158373517518895,1.8284300014406867,0.0001,1.012655574772469
4543,1.0067595783885546,0.7407042714209876,0.024748130454011186,0.24130717598083173,1.8463444170555285,0.0001,1.0120762652968778
4544,1.0120752473148322,0.7406419434605457,0.02480908799123087,0.2466242146124765,1.8411431861455736,0.0001,1.0115613696178607
4545,1.0159038061060721,0.7404603040484338,0.02481798129439596,0.2506255212732974,1.8273179555277796,0.0001,1.0114901570471015
4546,1.0127060381926098,0.7402902812551533,0.024911343446851503,0.2475044138722016,1.8308291401389163,0.0001,1.0120398609319032
4547,1.0176268321505424,0.7403058871536178,0.024837971459054076,0.25248297571410516,1.845884790285122,0.0001,1.0129627540072854
4548,1.0125790711106926,0.7403612810264495,0.024901572637577328,0.24731621676281426,1.8709948517487933,0.0001,1.0133131505872366
4549,1.0137490927568555,0.7400367072581278,0.024898015945001257,0.2488143707608566,1.817105580778683,0.0001,1.0132436248883756
4550,1.014776902919367,0.7395280277995019,0.024886152081750712,0.2503627246778466,1.876204721826085,0.0001,1.0132994914997906
4551,1.0138651764900641,0.7406684219474483,0.024723214987083575,0.2484735409534606,1.8565352289478387,0.0001,1.0136661258841626
4552,1.0137113389572314,0.7402598276341421,0.024753985250213807,0.24869752714587998,1.8358420774370856,0.0001,1.013375308438682
4553,1.0081725884644546,0.7403116362815455,0.024809359053327394,0.24305159358107475,1.8544677111488326,0.0001,1.0135166094462722
4554,1.010598614539868,0.7403562958777313,0.02489219234149306,0.24535012504361706,1.84959105594163,0.0001,1.0133689461687756
4555,1.0132667843033285,0.7407395576124984,0.024905489859668044,0.24762173588283767,1.9321716165445881,0.0001,1.0131052439885013
4556,1.0144764743518635,0.7406565040410411,0.02477872299132434,0.2490412481771461,1.8414660493935824,0.0001,1.0132822876044267
4557,1.0117087927599708,0.7399683099005817,0.024797311177360115,0.24694317229409488,1.8283223041898098,0.0001,1.0126904836653696
4558,1.0173335543268833,0.7406545142373013,0.02485310451012354,0.2518259341361919,1.8381684619563106,0.0001,1.0131659319869886
4559,1.0176595208852819,0.7397166141148271,0.02492099819028595,0.25302190897309995,1.8318198065728735,0.0001,1.0135569747998312
4560,1.010375249216571,0.7404095081963838,0.024870396144008055,0.24509534361804353,1.8277037871536812,0.0001,1.0131168094295515
4561,1.0073935158596077,0.7400088509729861,0.02479031023099021,0.242594355505723,1.8548004714277162,0.0001,1.0124696433665061
4562,1.0134340019303452,0.7409928532933124,0.02483122634113923,0.24760991854226674,1.847265047669169,0.0001,1.0124419096638175
4563,1.0128733369448122,0.7404494213042346,0.024708389268685547,0.24771552497396362,1.8551187764316737,0.0001,1.0129119845118533
4564,1.0167813492111453,0.7396493681062307,0.02493023050242457,0.25220175074417195,1.8257495568683617,0.0001,1.013530257978981
4565,1.0125740802795844,0.740271054827901,0.024908481698490786,0.24739454357561788,1.8425448937058206,0.0001,1.0134609875766065
4566,1.0033487073064575,0.740739516264043,0.024890947535362012,0.2377182421393496,1.8752732825811205,0.0001,1.0123482108720658
4567,1.018160519566062,0.7401492687558063,0.024743714148809652,0.253267535660227,1.8594367649202173,0.0001,1.0129933835526752
4568,1.0067024116100212,0.7405845780401636,0.02493892697726979,0.24117890667570774,1.8654303794942086,0.0001,1.0119302692809888
4569,1.011457718893674,0.7398587179957732,0.024832605590201295,0.24676639505456113,1.8831640433588086,0.0001,1.011310089081828
4570,1.0172469289501105,0.740581139347858,0.024859728242514343,0.2518060621777153,1.8333263793775083,0.0001,1.0119972570551818
4571,1.0131843262947113,0.7401853809492099,0.024846806003887802,0.24815213945495912,1.8406580270666622,0.0001,1.012576338098692
4572,1.0227849922363947,0.740318189407217,0.024883412202521705,0.2575833903281793,1.8324012642699854,0.0001,1.0135114371292973
4573,1.0161763863679603,0.74032441392148,0.024766776914770656,0.25108519384663924,1.812864637761764,0.0001,1.013841742071612
4574,1.011636872925091,0.7407545825772547,0.024765287644964686,0.2461170037154252,1.840208367450242,0.0001,1.0133272944430067
4575,1.0126336303975954,0.7399972620406934,0.0247546649607877,0.2478817044558952,1.8242935928805122,0.0001,1.0133332494548077
4576,1.0087412056526355,0.7401750554419434,0.024637937545776367,0.2439282118714968,1.8433013518490124,0.0001,1.0138724992894255
4577,1.0138654005213152,0.7403684379362915,0.024878994688301008,0.24861796641567416,1.8505775149888972,0.0001,1.0134429873849506
4578,1.0134721048947037,0.7400119680661942,0.024996606138124912,0.24846353136856889,1.8556877737354798,0.0001,1.0141199567134191
4579,1.016670437178312,0.7400635297109824,0.024903972057009807,0.2517029371936229,1.8338242169567829,0.0001,1.0146412285418829
4580,1.0099459277205245,0.7392840370928782,0.024863641837547565,0.2457982484500621,1.851193686286044,0.0001,1.0139111284189242
4581,1.0105274719834085,0.7403156349915279,0.024847329267381896,0.24536450811365193,1.8675151084064228,0.0001,1.0136454429877941
4582,1.0106094723782724,0.7404062818078434,0.024710404703631603,0.24549278920671277,1.8466163269162903,0.0001,1.0124278910019817
4583,1.0124933457277852,0.7399993315187962,0.024923992930754688,0.24757002154648547,1.8374820908958482,0.0001,1.0120595869379643
4584,1.008652082563172,0.7400663654654311,0.024937581822548145,0.24364813467068314,1.828989390427394,0.0001,1.0117611079017723
4585,1.0115392379780086,0.7405429671067012,0.024800257073454634,0.24619601646714048,1.8344328052857344,0.0001,1.0116516686598136
4586,1.0089252897014966,0.740275962115785,0.02489336073761296,0.24375596703322977,1.8331725309635032,0.0001,1.0116700770646996
4587,1.0131667099182795,0.7408893895439396,0.024999168533340672,0.24727815133472245,1.830512622307087,0.0001,1.0116002080043962
4588,1.018851169587149,0.7400251103463086,0.025038813964348535,0.2537872449685697,1.8334269610669984,0.0001,1.0121381144736408
4589,1.010972945370974,0.7403497444446866,0.024960881798069084,0.24566231907910194,1.8265411000222753,0.0001,1.011568365292907
4590,1.0124479609619048,0.740085339570384,0.024859218761838716,0.24750340188537964,1.8308608766501622,0.0001,1.011818568617045
4591,1.0134493008588439,0.7400371354927155,0.025031389619467468,0.24838077749596044,1.8604732432665254,0.0001,1.0121107515045886
4592,1.0142642871361476,0.7400893770898815,0.02508052851075333,0.24909438177731652,1.854400873184204,0.0001,1.0124762329803763
4593,1.0130134434051978,0.7398707884803989,0.024788622682041378,0.24835403036877784,1.8906431582588212,0.0001,1.0125282427481173
4594,1.014584698614194,0.7402391971729348,0.024863558415225265,0.24948194636594934,1.8354519603218558,0.0001,1.0131215043532196
4595,1.0155333969704279,0.7403673739994273,0.02486336811560888,0.25030265560158305,1.8477170462540633,0.0001,1.0135209202524613
4596,1.0129016840917344,0.7399486496772534,0.024808860453824244,0.24814417547948703,1.8313356504962603,0.0001,1.013918559691485
4597,1.0121703109199571,0.7407451837831772,0.02492305062121842,0.24650207528387316,1.8311598871590884,0.0001,1.013818919791653
4598,1.0114305781060735,0.7407221549906546,0.024902780689525797,0.24580564115075565,1.8499383072824072,0.0001,1.0130768606435456
4599,1.0129706278050405,0.7400880790869072,0.024856660719091945,0.24802588511628626,1.8242284971124985,0.0001,1.0132766288869521
4600,1.0136056114403762,0.7396682054711162,0.024768423840675586,0.24916898152785297,1.8288476844346548,0.0001,1.0133923939347993
4601,1.0130083900677989,0.7399855183539478,0.024983598542745407,0.24803927245325055,1.8544794096182615,0.0001,1.0133483028556949
4602,1.011350299475401,0.7406173298857033,0.024906083246273636,0.24582688547821968,1.8399783307591993,0.0001,1.0130569040896202
4603,1.0100128116278813,0.7404576845875135,0.02493807461875931,0.2446170510992438,1.8705771793941939,0.0001,1.0127568409118886
4604,1.011051028422845,0.7397176479471141,0.02507807105840099,0.24625531038076715,1.8384318537934556,0.0001,1.0124034738927534
4605,1.0052085575660876,0.7396034545153681,0.024858606756338,0.24074649695745287,1.869488505272546,0.0001,1.0113709899523196
4606,1.0120358340155038,0.7402206925301232,0.02491321259047874,0.2469019284339633,1.8291999075040373,0.0001,1.0112844049446967
4607,1.0119933146250417,0.7404199218411475,0.02469879570162079,0.24687459824595442,1.8504148242923357,0.0001,1.011266705315205
4608,1.011576118382189,0.7403008773409087,0.02476660112338424,0.24650864223770147,1.8475605653217309,0.0001,1.0112812593428164
4609,1.0120878705630196,0.7401271745350975,0.024787611700216608,0.2471730854233791,1.872425241354271,0.0001,1.0111929836186146
4610,1.0148288056284613,0.7399581745720296,0.024799110197875854,0.25007152475008615,1.8482546733794298,0.0001,1.011315303037423
4611,1.0142789784116146,0.7402347605562113,0.024964919680272347,0.24907929863229122,1.8559673753761616,0.0001,1.0114423618718045
4612,1.0104074489030586,0.7411063499673143,0.024825040999097225,0.2444760592665682,1.8488981394932187,0.0001,1.0113480768145702
4613,1.0182003890283209,0.7405988364867699,0.024817466977643678,0.25278408722253043,1.907275633202605,0.0001,1.0121668345546142
4614,1.0146466703975903,0.7401807074856322,0.02481329126725574,0.24965267237011365,1.8320710238288431,0.0001,1.012526398752089
4615,1.0098731331602797,0.7403546240460317,0.024736242652181196,0.24478226315615506,1.8479491370686654,0.0001,1.012992856311508
4616,1.0112053807560377,0.7406031665889051,0.02484911426327533,0.24575310337789824,1.8418497335596453,0.0001,1.0129098109855614
4617,1.0143611122821938,0.7404235223002172,0.0247384628949736,0.24919912569852012,1.8393699206396725,0.0001,1.0131465907512764
4618,1.0220145220447021,0.7395911768048579,0.0247348358374822,0.25768850892631084,1.8897609940407,0.0001,1.0141904311175278
4619,1.0130608635548404,0.7398581490313547,0.02492398180777838,0.24827873240589612,1.8305666879514653,0.0001,1.0142877304167102
4620,1.0173010723344211,0.7403477160732355,0.02486400405968904,0.2520893520805947,1.8341304617527774,0.0001,1.0145349570873061
4621,1.011646315485662,0.7407017993395033,0.024707892361809227,0.24623662334608015,1.8922735791177343,0.0001,1.0142716907947107
4622,1.010926414817632,0.7407392840114617,0.024801409026913905,0.24538572166402187,1.8445773429367653,0.0001,1.0143235873861678
4623,1.0063506223367145,0.7391663567289619,0.024715059669216072,0.24246920789091359,1.8394030451049186,0.0001,1.0131386107170073
4624,1.012900409301928,0.7404464908835854,0.024826295960989248,0.24762762487539172,1.8448527253423694,0.0001,1.0129639846074412
4625,1.0106386347668166,0.7404803348361357,0.02476634360230235,0.24539195713691006,1.8302311374981552,0.0001,1.0130405347680949
4626,1.01052945368672,0.740651516111579,0.02495757779049825,0.2449203582544779,1.8541908955719117,0.0001,1.012972942061163
4627,1.0185987951789377,0.7404922098223626,0.02484561608722679,0.2532609707277276,1.8366725957417827,0.0001,1.0133967103508374
4628,1.0175214512594815,0.7404793279649762,0.024798813020965392,0.2522433114145518,1.84751816526146,0.0001,1.0129474032723154
4629,1.015339249408753,0.7406233599896846,0.024775922902940978,0.24993996496471005,1.8908928289374765,0.0001,1.0131752418577065
4630,1.0132005686208636,0.7395976777009016,0.024683683203877108,0.24891920622181277,1.8364659243132957,0.0001,1.0127651914863507
4631,1.010815524063536,0.7401443670294106,0.024679242718292298,0.24599191370376708,1.860049726513288,0.0001,1.0126821123441383
4632,1.008866263451489,0.7405045392788931,0.024755968525250107,0.24360575526197106,2.006479328592699,0.0001,1.012476097207524
4633,1.0164554967841561,0.7401580594132444,0.02489278548629482,0.2514046522473225,1.8408120483704078,0.0001,1.0134865846522683
4634,1.0150620320747639,0.7401132500195842,0.024625461677025104,0.2503233184475021,1.863804143534229,0.0001,1.0137027469295519
4635,1.013473565027148,0.7398511005705317,0.025019295800771963,0.24860316676297367,1.8810364624549603,0.0001,1.013986239955585
4636,1.0139318250013898,0.7405769429632423,0.02479972945749155,0.2485551530642635,1.8400795619337844,0.0001,1.014326477087052
4637,1.008588932227895,0.7399625756435897,0.024859998579199367,0.24376635746104722,1.8740239136117467,0.0001,1.0133254907919476
4638,1.0058006206584025,0.7400647355866964,0.024846228818139006,0.24088965703942955,1.835346823773568,0.0001,1.0121534077318395
4639,1.013676712890184,0.740328687925126,0.024556056964711775,0.24879196891088878,1.8595990063452577,0.0001,1.0119871540799827
4640,1.0127081209699231,0.7398073626096544,0.024804419001024102,0.24809633946503393,1.8472707191780664,0.0001,1.0119379093148888
4641,1.0104028273064032,0.7402899688446014,0.024729976064051383,0.2453828842830646,1.8254148237120065,0.0001,1.0118966396391755
4642,1.0062467475208259,0.7398018528675211,0.024843500787297804,0.2416013938206688,1.8320517859159087,0.0001,1.0116346880461093
4643,1.0104915949442324,0.7407825949467703,0.02479396146886489,0.24491503814322227,1.8841957405179315,0.0001,1.0110382978621169
4644,1.0125940947455276,0.7403957819600134,0.024825283044733817,0.24737303085723406,1.8396973208529954,0.0001,1.0107915041291933
4645,1.010779455636626,0.7397159619698902,0.024841870545857334,0.24622162237279796,1.8469847046579357,0.0001,1.010522093190141
4646,1.0180776340482685,0.7398907328232307,0.024750924980906395,0.25343597594943296,1.8174772001425104,0.0001,1.010936674094829
4647,1.0159841765012994,0.7401467813197787,0.024556256452873803,0.2512811408746557,1.8488701146708058,0.0001,1.011676198522169
4648,1.0120416385165092,0.7402687115069577,0.024660980483823085,0.24711194665135314,1.8338437348785555,0.0001,1.01230030030798
4649,1.0075148588261789,0.7400192291934882,0.024855932647751506,0.24263969528097773,1.8366937954092122,0.0001,1.0116841149015794
4650,1.011911306976063,0.7393790718024449,0.024872952252324165,0.24765928372982549,1.845789456947822,0.0001,1.0116044335021934
4651,1.0080040835947341,0.7397998059980768,0.024883634903851676,0.24332064158201944,1.8594482609998382,0.0001,1.0113645591310267
4652,1.0141565441843463,0.7399170245166724,0.024982080256479508,0.24925743989858012,1.8524780517659372,0.0001,1.0121555387973786
4653,1.0091195211691015,0.7404093108844564,0.02487986107143379,0.2438303474941372,1.8938255297968403,0.0001,1.0120183314198656
4654,1.0072002257343238,0.7409632891477,0.025007758130891813,0.24122917742617656,1.8460872241014399,0.0001,1.0114789445187449
4655,1.0093104765574783,0.740258128962217,0.02503014505514025,0.24402220220764076,1.8741400952755074,0.0001,1.0113320466108304
4656,1.0077750930679739,0.7403243452491916,0.024826935048519235,0.2426238145261746,1.8348908221262221,0.0001,1.0103017925128008
4657,1.0126926834878283,0.7405148275483694,0.024990514374166183,0.24718734265340994,1.8493880086689884,0.0001,1.0099726432114537
4658,1.0097781546701041,0.7398075732207927,0.024749318436241535,0.24522126292994975,1.8468665007887215,0.0001,1.009746294826813
4659,1.0072777291824078,0.7398165784791324,0.02472919165241791,0.2427319594551233,1.8691655172537596,0.0001,1.009722581862436
4660,1.0124069489765362,0.7397681982473717,0.024822036102867512,0.24781671420314008,1.840670205758503,0.0001,1.0097721460624833
4661,1.0107366714709671,0.7401917442588729,0.02485424316437201,0.2456906832202997,1.8803295051833921,0.0001,1.0100454048501069
4662,1.0052571734356832,0.7401217623608107,0.02480954524227862,0.24032586686309373,1.8478991388065578,0.0001,1.0091554677752406
4663,1.0123647781462988,0.7398750703426694,0.024811959169941066,0.24767774932131806,1.840494946824126,0.0001,1.0094799934729601
4664,1.0186977634323537,0.7403390389426968,0.024726504728228276,0.2536322215390647,1.8900724395535298,0.0001,1.010629747242763
4665,1.0038982657583442,0.7404821198320292,0.02471558776878682,0.23870055718275646,1.8500740271794627,0.0001,1.0100885261628498
4666,1.0129825287851795,0.7407020539589393,0.024812514835148746,0.24746795973228575,1.8441243430421996,0.0001,1.0106092697345705
4667,1.006686234208198,0.7399940907834268,0.02460947118956467,0.24208267147012402,1.8346678108037364,0.0001,1.0100086248066074
4668,1.0046494403668882,0.7400674575724417,0.02479868051246504,0.2397833033115367,1.831508418609356,0.0001,1.0094957533762856
4669,1.0103438716631148,0.7404934651469604,0.024811602751091576,0.24503880648535598,1.823757156397218,0.0001,1.0098023676243564
4670,1.0121017383755342,0.7403604737643538,0.024862702671461123,0.24687856476580153,1.847082141446777,0.0001,1.0097718465642562
4671,1.0063199151843847,0.7397899495902458,0.024723980779821925,0.2418059857739759,1.8382516823724124,0.0001,1.009330170935598
4672,1.0057176561916576,0.7402752872412877,0.024854981391473425,0.24058738615530076,1.8637759409859989,0.0001,1.0093762192111955
4673,1.0199309520982585,0.739802940259357,0.02482272887084837,0.25530528310028944,1.8333719207113703,0.0001,1.0101328366063913
4674,1.015755951041866,0.7406238379149601,0.02484731814440559,0.2502847945272288,1.82753161992311,0.0001,1.0098386553673424
4675,1.004444527335873,0.7397946575108696,0.024691483553718117,0.2399583865810964,1.857996459181362,0.0001,1.0098932815250954
4676,1.0044357792359095,0.7399153204041611,0.02478132214072268,0.23973913808895414,1.8682182214806577,0.0001,1.0090386065701686
4677,1.0101371689210314,0.739805716288259,0.02485387465533088,0.2454775754333064,1.8583293067514293,0.0001,1.0093837000414518
4678,1.0219385650530306,0.7402397457049295,0.024668758587711483,0.2570300618579524,1.8302815226463953,0.0001,1.011112612510066
4679,1.0035534759805846,0.7395952316133294,0.024636896096668668,0.23932134948338385,1.855822386170981,0.0001,1.0104335729418132
4680,1.0107965500794849,0.7407748908348548,0.024715426002022704,0.2453062336657642,1.8624143201487544,0.0001,1.0103030541122082
4681,1.0069963086932958,0.74017765132699,0.02486406088358974,0.24195459714767656,1.8852155759900384,0.0001,1.0103706934630992
4682,1.0146259149238013,0.739725431007981,0.02486168854618653,0.25003879654087113,1.855471550571991,0.0001,1.0112615193363135
4683,1.0071498160429948,0.7402607727244225,0.0248198054625103,0.242069236769834,1.8527864754562688,0.0001,1.0099834057307873
4684,1.009786426537419,0.7395432545495565,0.024863207316060097,0.24537996439693938,1.8653121973873394,0.0001,1.0093864532803427
4685,1.0176334234812197,0.739578432775656,0.024842504555506833,0.25321248418540065,1.830143217140956,0.0001,1.0107053428948771
4686,1.01065818363948,0.7404997891635005,0.024922535820858474,0.24523585683025767,1.867398461270284,0.0001,1.0113275833352342
4687,1.0118572385509406,0.7404085432781893,0.02500644416886459,0.24644225317716567,1.8910887666938272,0.0001,1.0114995902982251
4688,1.0072104603233492,0.7403748972420761,0.02497224536918965,0.24186331910623377,1.8653210142804932,0.0001,1.0100267798252571
4689,1.00870705666455,0.7397139730124638,0.02490716362579841,0.24408592079703756,1.8405020568240245,0.0001,1.0105421378936534
4690,1.0133053006313393,0.7397876008287163,0.024696933328500866,0.2488207669539517,1.8390557064729578,0.0001,1.010793012948839
4691,1.0104326793194784,0.7405846890281228,0.024872325013181984,0.24497566411118674,1.8510046022175293,0.0001,1.0111366500114571
4692,1.013416403084691,0.7397568830370178,0.024863027655812355,0.248796491840246,1.837284437783108,0.0001,1.011015698827546
4693,1.0147054093846444,0.7401687942943999,0.02472708239758474,0.24980953308936912,1.8424663151978964,0.0001,1.011771258161711
4694,1.0106918896429438,0.7406746162362321,0.02486550807952881,0.2451517667515585,1.9145927001206435,0.0001,1.0118618044722636
4695,1.0140990065996351,0.7399199913287985,0.024815473788650233,0.24936354076905407,1.8204189505103152,0.0001,1.011508362784105
4696,1.0060054662261484,0.7403868257878519,0.024755759123130938,0.24086288243728646,1.8748206185520784,0.0001,1.011043091042772
4697,1.009496002482594,0.7402897079382659,0.024827000577357913,0.24437929112955353,1.836551023786982,0.0001,1.0108069674359377
4698,1.0081627610730834,0.7401575087050154,0.024678419859849414,0.24332683116318488,1.9021198108762079,0.0001,1.010902197510911
4699,1.0117537230555473,0.7404843752572793,0.024871632003397294,0.2463977187078514,1.831554719449057,0.0001,1.0112068641500105
4700,1.0097392075685652,0.7399355092106678,0.024717559195435314,0.2450861390623402,1.834565617249897,0.0001,1.010850254843733
4701,1.0086556882210242,0.739921737031569,0.02467932638241843,0.24405462586492843,1.8410923052994765,0.0001,1.0106725557338878
4702,1.0140459819207568,0.7404987264356555,0.024645988887995785,0.24890126648376001,1.9650312623436021,0.0001,1.0107355136174943
4703,1.0089015203847362,0.7404098019880407,0.02481224522387522,0.2436794734146242,1.831943852664491,0.0001,1.0101551247175036
4704,1.0076594951186655,0.7400051802699029,0.024978043341491576,0.24267627437491324,1.876887995137646,0.0001,1.0098518852650755
4705,1.0176755964876913,0.7405155892304426,0.024733976224856735,0.25242603273257525,1.8914250880177559,0.0001,1.0102095442538814
4706,1.0103335593341571,0.7405637260866456,0.02481705204226666,0.24495278006801136,1.850850875430852,0.0001,1.010642353564682
4707,1.0056874976922243,0.7404555522404143,0.02476834694705677,0.24046360046563114,1.8561328729316138,0.0001,1.0102615030856452
4708,1.0084371815830409,0.7403319393403631,0.024829514128199455,0.2432757280785855,1.923870144461038,0.0001,1.0102889451366408
4709,1.0162363176897138,0.7403322204373187,0.024904007602173223,0.2510000911274921,1.8499424650993115,0.0001,1.0107372046000576
4710,1.0093406888582643,0.7400944903946309,0.024885902540195303,0.2443602948466554,1.8324062652568547,0.0001,1.0106973527290273
4711,1.0144930350127617,0.7406996571993489,0.0246051276673168,0.24918825119265314,1.9420174135397703,0.0001,1.0112810874082014
4712,1.012360577651018,0.7403737628193946,0.02463769695096277,0.24734911874161455,1.8373468280080365,0.0001,1.0111125469812274
4713,1.0097356007016938,0.7400257570506593,0.024927259458731445,0.24478258407517936,1.8527710312036665,0.0001,1.0111959550129233
4714,1.0079194526159738,0.7403514833769499,0.024978857978604146,0.24258911169868938,1.8572806148935284,0.0001,1.011221950762654
4715,1.0103236216802385,0.7402174073832514,0.0250710621325046,0.2450351528483339,1.8382835240683255,0.0001,1.0104867532819086
4716,1.0107648161071794,0.7400486991565077,0.024919524154121447,0.24579659368064535,1.861595277612156,0.0001,1.0105298789592108
4717,1.0101863974006375,0.7407469928385519,0.024742562920761883,0.24469684249519336,1.8248253889064519,0.0001,1.0109797689300521
4718,1.0088086787150308,0.7402360804424325,0.024781087591004905,0.24379151063625518,1.8649888824497711,0.0001,1.0110169186432514
4719,1.009532916981115,0.7399395447957346,0.024848411097729665,0.24474496137479257,1.8488374348828083,0.0001,1.0103465785723913
4720,1.0150300695978363,0.7399467098060051,0.024699039681688042,0.25038432142495143,1.8412709419915931,0.0001,1.0109155166463486
4721,1.015089030077201,0.739464455032929,0.02484228886648801,0.2507822888300699,1.8479546598682055,0.0001,1.0109751161527922
4722,1.0056517358725743,0.7401856307325692,0.024712030834406918,0.24075407667452012,1.893642245393254,0.0001,1.010304231974948
4723,1.0083487760464511,0.7403914831714746,0.02479761875183539,0.24315967324282406,1.8534569571032726,0.0001,1.010165549509424
4724,1.0087739341641053,0.7403428143468397,0.024821729979215237,0.24360939017430885,1.8806453624071504,0.0001,1.010250997664237
4725,1.011353549802521,0.739707034088777,0.024812414002950485,0.24683410459732671,1.8349323574959868,0.0001,1.0103539904764651
4726,1.0004642845167349,0.7402385134725977,0.025013853763711864,0.23521191659279575,1.8758062794048935,0.0001,1.0093239373174208
4727,1.0019819517648245,0.7399892966597366,0.024923743872806943,0.23706891099047708,1.8559140315162241,0.0001,1.0085034927538392
4728,1.0057669879215,0.7398628950360823,0.024887346592684545,0.24101674599425668,1.851246145143954,0.0001,1.0081993236744864
4729,1.009879265909988,0.7404011805932855,0.024772893826327993,0.24470519085752857,1.8802486824940958,0.0001,1.0082339585673736
4730,1.0089527163012275,0.7400350199509828,0.02477717230334485,0.2441405221785874,1.839911504159351,0.0001,1.007626223237713
4731,1.0086072420977192,0.7402346506563694,0.02481222950662609,0.24356036420919108,1.8451030595307418,0.0001,1.0069780444397645
4732,1.0059354596640953,0.7396777372573017,0.02493070540515211,0.24132701604953885,1.8425411822587916,0.0001,1.007006416818917
4733,1.0115882593526317,0.7405103845238444,0.024968546495959917,0.246109327505405,1.9356318257643292,0.0001,1.0073303651495347
4734,1.0045582072971802,0.7402044643494953,0.02484269437151555,0.2395110474956084,1.8714005279734458,0.0001,1.0069087924628422
4735,1.0025413573150945,0.7401944864352383,0.025009018412468158,0.23733784907835614,1.8898165929631818,0.0001,1.0060275732140995
4736,1.0073435503619197,0.7405743198752645,0.024951646584284476,0.2418175809818337,1.8601785163124966,0.0001,1.006715499798618
4737,1.0113597456630297,0.7399365258748827,0.024911088827415606,0.24651213077937856,1.8513299915901789,0.0001,1.0076532791884385
4738,1.0106494719309933,0.7403854611679216,0.024908949105299512,0.24535505995003254,1.8403132196372227,0.0001,1.008141527589388
4739,1.0100850802647898,0.7401072595714314,0.024695546825323822,0.24528227248144077,1.8524255798506204,0.0001,1.0081621090248682
4740,1.0062430578361419,0.7403796234188892,0.024729382677445788,0.24113405118063547,1.8470724335064994,0.0001,1.0078911431783597
4741,1.0085005802508542,0.7403375230744693,0.024930552343325973,0.24323250378650174,1.8434079024661143,0.0001,1.0078804769936731
4742,1.0090134604465648,0.7401702662752317,0.02497598679989395,0.24386720635180134,1.8390249362098277,0.0001,1.0081882770719197
4743,1.013395472907633,0.7397235733500359,0.025108736620471635,0.24856316084778937,1.8458363477888746,0.0001,1.0083689984274202
4744,1.005371196516629,0.7399030889990847,0.025057024210993706,0.24041108279838463,1.8533654459591569,0.0001,1.008450297349365
4745,1.0135684824618558,0.7403670027096422,0.024733582326413168,0.24846789731812224,1.867894208697228,0.0001,1.009553009864041
4746,1.0057445766959665,0.7401454800524527,0.024922346004849757,0.24067675088141227,1.9264783629539288,0.0001,1.009393112497446
4747,1.007810731688571,0.739862069880503,0.024952823443538517,0.24299583909560835,1.8514072626647795,0.0001,1.0090382110999998
4748,1.0064438333617747,0.7393312969265796,0.024881067914363095,0.24223146904883322,1.882003560752946,0.0001,1.0086176472430781
4749,1.0107635667067754,0.739642018357832,0.024973678056898756,0.24614786896967986,1.8736303964928247,0.0001,1.0086854958872766
4750,1.0042276392118443,0.7405172700088841,0.02492570949616345,0.23878466152788175,1.9190009759841051,0.0001,1.0084839540248467
4751,1.0092231291544607,0.7402324171143662,0.024850636660206392,0.24414007403107613,1.8394907265599312,0.0001,1.0085562089152074
4752,1.0033089844982233,0.7402802795232188,0.024949280533780916,0.23807942214030886,1.8415320127537478,0.0001,1.0079857613203733
4753,1.0104595851946554,0.7401486297891783,0.024924939834563776,0.24538601958334566,1.8540084466005677,0.0001,1.0076921725490755
4754,1.0097363800354469,0.740111982242089,0.024988304287134756,0.24463609286393162,1.8320721583724264,0.0001,1.0081286909009572
4755,1.0120202443178963,0.7405199068796804,0.024711675866380425,0.24678866291686924,1.8327693184781026,0.0001,1.0079738670865612
4756,1.0060529283287558,0.7394524180381341,0.0248460892973275,0.24175441944046025,1.8322928844068886,0.0001,1.0080047022498402
4757,1.0057281283529487,0.7401717704159735,0.024734615070582888,0.2408217415402494,1.8443521345846552,0.0001,1.0077964419162782
4758,1.0069333161350196,0.7403708464233677,0.024737469081220955,0.24182500012793237,1.85287987267028,0.0001,1.0078453901936026
4759,0.9992815283926215,0.7396577001827,0.024717927462672606,0.23490590305949804,1.8624114402651062,0.0001,1.0066971863621874
4760,1.0124002528238973,0.740303401410217,0.024645946330521216,0.24745090790168509,1.8412346119329364,0.0001,1.0075144477233926
4761,1.0062916596811151,0.739932131452928,0.024872054676496957,0.24148747275071503,1.8628321414545148,0.0001,1.0072213007760582
4762,1.0119364938677928,0.7397434077930257,0.024888920493831984,0.24730416572450625,1.8608690473660978,0.0001,1.008084051713015
4763,1.0046223057452854,0.7403263922395378,0.02506492708565981,0.23923098804848553,1.8591906908317706,0.0001,1.007500323768078
4764,1.011871369687829,0.7402944731663981,0.024947995104605963,0.2466289005402861,1.8524600726837561,0.0001,1.0077138227333162
4765,1.010003182757457,0.7404601324886144,0.024664455688507513,0.24487859432341844,1.858619168370539,0.0001,1.0075121165772722
4766,1.006161239761368,0.7398384005496275,0.024722135574774134,0.24160070420747234,1.8479324513951856,0.0001,1.0075229477205334
4767,1.00746294257607,0.7398082514805436,0.02465636710849785,0.2429983238434574,1.9062224597524677,0.0001,1.0076964291428456
4768,1.0033205857625114,0.7402759682817827,0.02496107499933146,0.23808354186933134,1.8909236627950146,0.0001,1.0073351561055945
4769,1.011107996317726,0.7404549919809338,0.024961829910897338,0.2456911739630674,1.8455209628080016,0.0001,1.0085178028981052
4770,1.006947241980454,0.7402920758022982,0.024797336324958723,0.24185783014411738,1.843007597429999,0.0001,1.0079725018137609
4771,1.0092808655019223,0.7399516901186465,0.024812870044979073,0.24451630638957658,1.8630789602987665,0.0001,1.0082714223958416
4772,1.0060015676229528,0.7402722226195113,0.02488702015751032,0.24084232454367632,1.845814285123566,0.0001,1.0076779297713576
4773,1.0121909471844563,0.7407629798198568,0.024990545325056776,0.24643742213777547,1.8376012353819717,0.0001,1.0084347939152747
4774,1.0035532269226368,0.740094571278013,0.02478951904884942,0.23866913779723717,1.8659853260609005,0.0001,1.0076029796387556
4775,1.0061348651292117,0.7400601229367827,0.024883580497989305,0.24119116420504347,1.8441952868359084,0.0001,1.007216147875931
4776,1.002182183957245,0.7398406222432429,0.024509753465168857,0.2378318090951467,1.8977101173168747,0.0001,1.0068182422955188
4777,0.9990269087149212,0.7401369440144506,0.024678683426027123,0.23421128235878252,1.8833757476922706,0.0001,1.0059746389094038
4778,1.0014880403543824,0.7408148091414879,0.02488333651792205,0.2357898939865628,1.858753449051182,0.0001,1.0057913843685908
4779,1.011102411253699,0.7399245116096481,0.025036801672852306,0.24614109919155225,1.851679184373929,0.0001,1.0057908258621882
4780,1.0093715701093537,0.7396375864562833,0.024908489436213432,0.24482549547121443,1.8618403622393191,0.0001,1.006033258675078
4781,1.0009657221923736,0.7401800598140662,0.02478882458824173,0.23599683592364223,1.8686153528414682,0.0001,1.0052017443441232
4782,1.0045827199189223,0.7398279612736576,0.02473109126332807,0.24002366471784398,1.872227698987686,0.0001,1.0050598595737201
4783,1.004950528817051,0.7403301108197798,0.024792658146206313,0.23982775901608608,1.8809679579783163,0.0001,1.0043358177369797
4784,1.0050678145571124,0.7398900390880345,0.024694725417703935,0.24048305046508509,1.8580184640555546,0.0001,1.0044872765004271
4785,1.0089552144975256,0.7405602847344976,0.024808723592854902,0.24358620725451208,1.8559727617983401,0.0001,1.0047693114372587
4786,1.0029689539035,0.7395516527593741,0.024637672286971828,0.23877962884959777,1.8775663852208042,0.0001,1.0048479884318842
4787,1.0062116541678716,0.740160236010445,0.02470333822842302,0.241348081285372,1.8438105989421356,0.0001,1.0055664629771792
4788,1.0007311372921384,0.7400941452196597,0.024790905310222634,0.2358460869870581,1.8489561724130812,0.0001,1.005490772670955
4789,1.0019319267833935,0.7393104235734224,0.024805372191732844,0.2378161325408467,1.8544389260951695,0.0001,1.0045737242239243
4790,0.9989554321064669,0.7397533135288386,0.024707648623545804,0.23449446776273528,1.867336055328106,0.0001,1.0035321104236357
4791,0.998286300692065,0.7402398499223813,0.024825632934879823,0.23322081750232357,1.8880194304680968,0.0001,1.0032641682736045
4792,1.0084004888186349,0.73982657851844,0.02452959492046983,0.2440443164583968,1.861313772249899,0.0001,1.003645945163576
4793,1.0025204443061086,0.7402421210648805,0.024708080485191113,0.23757024321697545,1.8606955071733642,0.0001,1.0034029367124817
4794,1.00523080279329,0.7404893778158733,0.024966242589041378,0.239775181013116,1.8496667243404272,0.0001,1.0034192355360996
4795,0.999947375506465,0.7400937016305285,0.024921426183069938,0.23493224682766212,1.8957182976585372,0.0001,1.0025184516369934
4796,1.0040030781685942,0.7401499427839902,0.02480582992638826,0.23904730603249996,1.948451415278607,0.0001,1.002621864063503
4797,1.0101291358350015,0.7410070591475852,0.024847887834235572,0.2442741906213712,1.8604195898976819,0.0001,1.0030136122302156
4798,1.0042321153634943,0.7404144522384505,0.02508874500499052,0.23872892065899368,1.8655107055184323,0.0001,1.0033637100373514
4799,1.0024958732887408,0.7401969068916042,0.02480441174690912,0.2374945564713125,1.8521128984784017,0.0001,1.0034201046878861
4800,1.0073061955386196,0.7400591662399184,0.024783497408002193,0.24246353358710393,1.8437032462617204,0.0001,1.0042551810311013
4801,1.0069020872909205,0.7396601107251088,0.024821064535067484,0.24242091184939138,1.8696975908704994,0.0001,1.0051167596909871
4802,0.9998939182405298,0.7399132725675014,0.02478355689174505,0.23519708954447666,1.8690352626069322,0.0001,1.0042661026331763
4803,1.0043680545766263,0.7401393503252923,0.024760269006415748,0.23946843517691077,1.9326027895325821,0.0001,1.004450863660228
4804,1.0009135822737192,0.7403120149463476,0.024938650353685112,0.23566291814114573,1.8760286402750692,0.0001,1.004019141608271
4805,1.0047561664126707,0.740431852200452,0.02480853063339636,0.23951578461215595,1.84920754103825,0.0001,1.0045000206988917
4806,1.002757184403905,0.7402391856872528,0.024805249597189636,0.23771275116346066,1.850505864644389,0.0001,1.0043754313224227
4807,0.9989947101165508,0.7403196823040805,0.024734526086772433,0.23394050065269334,1.8877170789556135,0.0001,1.0032619887505776
4808,1.0018238091565532,0.7404695941516884,0.02482781835792031,0.2365263943894791,1.854253370428182,0.0001,1.0030211581298836
4809,0.9999192069316732,0.7390128551825549,0.024885917773836766,0.2360204350841789,1.8719496840637548,0.0001,1.0027634914941768
4810,0.998122381752935,0.7402009803189709,0.02504119645751272,0.23288020444561636,1.838187605807554,0.0001,1.0018451101156085
4811,1.0018410646407647,0.7398027477835062,0.024914678888920596,0.23712363817236004,1.852436717818765,0.0001,1.0013390078505928
4812,1.0045570692474413,0.7407485275674786,0.02499439919454331,0.2388141434677474,1.8603962497827247,0.0001,1.001805322951284
4813,1.0014462503651818,0.7401046369670613,0.024684607136322083,0.2366570049073192,1.8749826464643342,0.0001,1.0015131425301393
4814,1.0010536978017486,0.7405888817856809,0.0248962116048012,0.23556860493643408,1.851135084643567,0.0001,1.0015271540829427
4815,0.9992452129630965,0.7407362662996289,0.024737592642979495,0.23377135340464406,1.869624191558869,0.0001,1.0009760587379848
4816,1.0008983806712632,0.7401886025016738,0.02481655199194051,0.23589322819519962,1.9398776887638332,0.0001,1.0007901783647208
4817,1.0042917758649552,0.7396863243159126,0.02485390246277165,0.23975155065421763,1.8563808570285356,0.0001,1.0013198849395613
4818,1.0068336253717511,0.7398409124078422,0.024889752299016677,0.2421029597902425,1.8540958183048706,0.0001,1.001820866561081
4819,1.0017880915870048,0.7398355689058439,0.024687290675258055,0.23726523347939488,1.8559590500701997,0.0001,1.0020077550266142
4820,0.9989803625652321,0.7396875480851102,0.024953198239479297,0.23433961621702895,1.891460269508207,0.0001,1.0020935531078439
4821,1.0083702319050416,0.7396708284381921,0.02483493706275677,0.2438644662520208,1.851098908130344,0.0001,1.0027464698342716
4822,1.0106055997689887,0.7399003124865751,0.024659223295370417,0.24604606434974902,1.8910778569885007,0.0001,1.0033513228864264
4823,0.9994534741308819,0.7405217328613235,0.025183465127770848,0.23374827859382963,1.9140849969449922,0.0001,1.0031520452629963
4824,0.9977938804858597,0.7400895444181338,0.025026749403916797,0.2326775875327916,1.8588795480573395,0.0001,1.0028260635314075
4825,1.0056000841558583,0.7396075940760831,0.02477773111200236,0.2412147566781929,1.848413570899267,0.0001,1.0034615506506837
4826,1.001701600532261,0.7398390877561202,0.024715661760759643,0.23714684945121256,1.8665644022320638,0.0001,1.0035418726367833
4827,0.9960471839014947,0.7391141011071737,0.024767692142277652,0.23216538973016623,1.8780246644184506,0.0001,1.0027174134404375
4828,1.0021673218473701,0.7398919058136234,0.024782797869514015,0.2374926166189551,1.8568385268805234,0.0001,1.0022507830879992
4829,0.99922271638081,0.7399220230855033,0.024800563438910742,0.23450013032489084,1.8590688238762938,0.0001,1.0019942455673798
4830,1.000206654139513,0.7399717027710611,0.024629380108134983,0.2356055693750026,1.8582730948562312,0.0001,1.0021168747248077
4831,1.008301898867315,0.740211044799,0.024806877904199442,0.24328397717289096,1.857181766937519,0.0001,1.002110041421035
4832,1.0039761791848265,0.7398468690034584,0.024878798343588807,0.23925051202291045,1.860760409981919,0.0001,1.001447099362619
4833,1.0051420124259005,0.7400292185934272,0.024977957501130944,0.2401348394407885,1.955806430406551,0.0001,1.002015953192121
4834,1.00286853688242,0.74000604629033,0.024998195756521475,0.237864295071705,1.876877450556107,0.0001,1.0025234188317769
4835,1.0059550753955184,0.740427972941563,0.024730939894128764,0.2407961611921236,1.8629926024779344,0.0001,1.0025589179557428
4836,0.999906892950588,0.7401180922622371,0.024706429932228692,0.2350823691617282,1.8405275639849308,0.0001,1.0023794471975755
4837,1.0002145247333674,0.7402600597658215,0.024911976005678002,0.23504248969483568,1.8922321245104499,0.0001,1.0027961812807626
4838,1.0043173411796833,0.7394532769253481,0.024710814802931965,0.24015325138432295,1.8567976792008591,0.0001,1.0030111832139943
4839,1.0125630395165806,0.7398959439376305,0.024678332810469623,0.24798876314252072,1.8804281807332688,0.0001,1.0043452155275712
4840,1.00389649333625,0.740084615247003,0.024862684536173667,0.23894919434271406,1.8795797512932675,0.0001,1.0047141994472448
4841,1.008516667218044,0.7405057449128033,0.024827365459341548,0.24318355956619217,1.9214697130795182,0.0001,1.0047356762823179
4842,0.9945342858713007,0.7404745227183096,0.02469551708345239,0.2293642461073205,1.8759741671912327,0.0001,1.0037914869509652
4843,0.9995232429997675,0.7400761166885949,0.0248209443585626,0.23462618460017304,1.8688974629551112,0.0001,1.003229610008352
4844,1.002553223959089,0.7396742951797424,0.025002411122737985,0.23787651518189762,1.8591707238802804,0.0001,1.0031980787160188
4845,1.005743545039914,0.7403543952996059,0.024827140581777082,0.24056200954390589,1.8555067013533555,0.0001,1.0031769256804584
4846,1.0025578374553161,0.7400305341271793,0.024719657327292175,0.23780764611796845,1.8596477682643682,0.0001,1.0034420201309313
4847,0.9971036815498229,0.7397662073555148,0.024819715995092178,0.23251775635923985,1.877532655520565,0.0001,1.0031309358125768
4848,0.9973631040561514,0.7397342310957686,0.024838378414904612,0.232790496054863,1.9130411769507139,0.0001,1.0024355121002237
4849,1.0001931740594443,0.740645161506854,0.02492983636217717,0.23461817493605566,1.9318308066161118,0.0001,1.00119852555451
4850,0.9995824822789515,0.7406885414771569,0.024877698377953582,0.23401624276387764,1.860559471480503,0.0001,1.00076712444878
4851,1.0009274538341932,0.7397313788986593,0.024920323073984885,0.2362757524962841,1.8385170785215272,0.0001,1.000008203110395
4852,1.0053890673915948,0.740517678052852,0.025086094351375803,0.23978529330040754,1.8403918868871538,0.0001,1.0010936812624247
4853,1.0001759451736543,0.7404111994932921,0.025004793132294506,0.23475995304678807,1.8608861610323615,0.0001,1.0011589514798132
4854,0.9986729826211446,0.7401176657202762,0.024804454787991353,0.2337508602332301,1.8554477969724799,0.0001,1.0007709273460184
4855,1.0031066810141713,0.7409949265193746,0.02493361043639889,0.23717814480647836,1.872019347506169,0.0001,1.0005072409434446
4856,0.9985379805187666,0.740864349548038,0.02489948901395043,0.2327741432375828,1.8729412519424005,0.0001,1.0001052552497895
4857,1.006941043701907,0.7401606505831163,0.02466976304083277,0.24211063045388725,1.8536477867536565,0.0001,1.001088991464998
4858,0.9946888907685967,0.7407322608191391,0.02500512464534922,0.2289515032223284,1.8539362333367368,0.0001,1.0008215701362424
4859,1.0027493076440528,0.7405143924223724,0.02484246852673575,0.23739244623400618,1.865311561926867,0.0001,1.0010771834947032
4860,1.0003417806499628,0.7402417995866849,0.02482891614732104,0.23527106330456102,1.8568342636371482,0.0001,1.0011531133318043
4861,1.0022873643929286,0.7398387975915208,0.02479453599477153,0.23765403313021993,1.8453163213226906,0.0001,1.0012891043876782
4862,0.9960380107103932,0.7403497103503461,0.02500826156647162,0.23068003863772532,1.882265618316542,0.0001,1.0003539987195578
4863,1.0010972691597853,0.739799224459859,0.02478533003925068,0.2365127165535461,1.8586957425664936,0.0001,1.000446131118171
4864,1.0043858775744332,0.7406488349906813,0.024944190804905148,0.23879285114788984,1.9126304242963965,0.0001,1.0010174206134999
4865,0.9978159101449452,0.7397551674388243,0.02476321780415626,0.23329752686662075,1.8523528476757645,0.0001,1.0004883435265772
4866,0.9998973016806597,0.7398298662042521,0.024771033387638735,0.23529640205476515,1.8562535057203282,0.0001,1.0006242756427663
4867,1.0083980161326411,0.740365613425721,0.024681711051817115,0.24335068974334134,1.890503451741975,0.0001,1.00076997288584
4868,0.9894599615923048,0.7407446842164587,0.024760418924792058,0.22395485778231528,1.8777792896266883,0.0001,1.0002470799682106
4869,0.9909228786493653,0.7403483714825241,0.02490976204978525,0.2256647458084638,1.8662942014407917,0.0001,0.999064437068742
4870,0.9999098560147547,0.7406056626089688,0.02493769329411505,0.23436650098065334,1.873511246203409,0.0001,0.9990212446052211
4871,1.0027200060974029,0.7404492532505709,0.02492910756542523,0.2373416467926807,1.8516031099864967,0.0001,0.9990645087756687
4872,0.9981369741306344,0.7399838144832402,0.02479465472045341,0.23335850285271723,1.8806245220602162,0.0001,0.9992744051176927
4873,1.0000382349892514,0.7400772069820768,0.02495922399099168,0.235001804099303,1.9502533584772694,0.0001,0.9991685017006393
4874,0.9959659783158292,0.7396063576121843,0.02486931189562196,0.2314903085397719,1.87112526090827,0.0001,0.9983265117747788
4875,0.9976308368766041,0.7403678327012981,0.02499096872356794,0.23227203407647887,1.9728563431552166,0.0001,0.9983080044479449
4876,0.997380699032944,0.7403361640160272,0.024877506143906537,0.23216703093023197,1.9101398665813114,0.0001,0.998056344183173
4877,0.9993238074300739,0.7398509351767101,0.024938273623313672,0.2345345988501294,1.8503686274282831,0.0001,0.9971489233129164
4878,1.001761285214105,0.7404459783803619,0.02483227383534275,0.2364830317553775,1.8453035589163975,0.0001,0.9983790556750964
4879,1.0023148370562895,0.7408134752306444,0.024810157247779335,0.23669120413203995,1.861496391451141,0.0001,0.999518251515789
4880,1.008453665471222,0.740266511938393,0.02482385978737419,0.2433632948600194,1.8662291803901625,0.0001,1.0003726324614357
4881,1.0068566292584789,0.7410656071096114,0.024809833956054936,0.24098118769031387,1.885812023590351,0.0001,1.0007862947775432
4882,1.0040115757597872,0.7402179300422359,0.02482432574335992,0.23896932109253402,1.8461965559462263,0.0001,1.0013737549404584
4883,0.9969930733435053,0.7402932953399287,0.02453881780225897,0.23216096321064186,1.8767320186081087,0.0001,1.001069238775884
4884,0.9990292621916255,0.7396409873062892,0.024604619637464173,0.23478365593172354,1.8665118055459693,0.0001,1.0013755671634634
4885,1.004460822254359,0.7398484025233658,0.024752930260091476,0.23985948882861022,1.8615004996982598,0.0001,1.002058565701239
4886,1.000385232556906,0.7400815560658128,0.02482307924460204,0.23548059720115294,1.8604320374753847,0.0001,1.0023590190536351
4887,0.9981909918978539,0.7398575729337232,0.024682259704713647,0.23365115865112923,1.947097106589265,0.0001,1.0022457375004132
4888,0.9928074172012221,0.740722142900463,0.024576610774104057,0.22750866326218203,1.8701132369089803,0.0001,1.0013503506991248
4889,0.9995669905118961,0.7398863125282659,0.024795976662007113,0.23488469982546192,1.8744945709893959,0.0001,1.0010755660446855
4890,0.9923045336595655,0.7404349209328935,0.024779083279035153,0.22709052765299897,1.877144323159425,0.0001,0.9994606528635199
4891,0.9995803465465987,0.739778399951076,0.024955301207412812,0.2348466460681832,1.8783948070862715,0.0001,0.998733024592332
4892,1.000551953881556,0.7396766474474274,0.024639287536574666,0.2362360193037086,1.8856573513506876,0.0001,0.9983870624045089
4893,1.0000596247144935,0.7401242525775824,0.02474288597068245,0.23519248678585095,1.867978289451367,0.0001,0.9986937175416077
4894,0.9984910833908143,0.7400317813513487,0.02473619114796482,0.2337231091365339,1.8625305934561678,0.0001,0.9986398996615264
4895,0.9915917145794836,0.7404056815298286,0.024795308316213363,0.22639072387768278,1.9052507461447261,0.0001,0.9973529888940389
4896,0.9985079357880366,0.7395875730814363,0.024697532276594613,0.23422282868826244,1.8708259193698968,0.0001,0.9971652592171522
4897,0.9998180640154871,0.7399272028863068,0.024786704210432258,0.23510415772350154,1.8821484329250715,0.0001,0.9973279664289155
4898,1.0015020863763218,0.7399995786423131,0.02500826180827545,0.23649424741433794,1.8697698873148487,0.0001,0.9981974333464253
4899,0.9969148645536411,0.7404123721209791,0.02482346032744247,0.23167903178029564,1.8833155440994016,0.0001,0.9979322207505998
4900,0.9928298604657636,0.7404123052622194,0.024942775768875835,0.22747478119152434,1.8926296937780012,0.0001,0.9979847534312196
4901,0.99365740409971,0.7392723977444864,0.024786099700850356,0.2295989086020277,1.8730436169351574,0.0001,0.9973924591865309
4902,0.9973411879239653,0.7393335371181883,0.02481062102753057,0.23319702973290823,1.8819628334915903,0.0001,0.9970713825907718
4903,0.9979540436069574,0.7397076063175472,0.024850798185166674,0.23339563843928293,1.8716163686032712,0.0001,0.9968608244800181
4904,1.0007463015359024,0.7402143329684198,0.02484238607162878,0.23568958507257592,1.8873008823298054,0.0001,0.9970863462945271
4905,0.9929122039802659,0.7404635535292403,0.024882899578396254,0.22756575059304374,1.8826429251483197,0.0001,0.9972183952346052
4906,0.9983353015133624,0.7403620434339342,0.02487717874151698,0.2330960783253577,1.9014454204702473,0.0001,0.9972011318071378
4907,0.9936063672901408,0.7394145585702351,0.02477988534234842,0.22941192344556474,1.8726315043760846,0.0001,0.9965799621346031
4908,1.0026261911672705,0.7404657031653136,0.025050300371816145,0.2371101880684102,1.862263158417135,0.0001,0.9966923726136979
4909,0.9963355019658381,0.7402316613564869,0.02479587728063185,0.2313079620932529,1.8578714920589454,0.0001,0.9966344363549176
4910,0.9935059651399964,0.7400068245359657,0.024666954005707592,0.22883218975310757,1.9002328112449414,0.0001,0.996702046822341
4911,1.0074672111391296,0.7402683784221781,0.024746120338749452,0.24245271040221136,1.8736919636175067,0.0001,0.9980830275262829
4912,0.9957029759037567,0.740010362126039,0.024875578000144106,0.23081703655587973,1.9182670300195472,0.0001,0.9979192063242621
4913,0.9970040114607821,0.7403605605719298,0.02488731612540162,0.23175613325217675,1.8734208106027415,0.0001,0.9978242031096446
4914,0.991039625892291,0.7390899185476631,0.02483930597440708,0.2271104025381521,1.9144801568791543,0.0001,0.9968535355452834
4915,0.9976057954298797,0.7401220392261992,0.02475785145169581,0.23272590385277664,1.8600646547565112,0.0001,0.9973228946902448
4916,1.0005210304356975,0.7402623454165507,0.02476259225764091,0.23549609373249944,1.8559799182245746,0.0001,0.9975414675824783
4917,0.9960849329859441,0.7401117070693274,0.024740943318690055,0.2312322846343684,1.9634273223896297,0.0001,0.9977893241520587
4918,0.9967535882885993,0.739576178801229,0.024791490717301745,0.23238592021711338,1.8993642956441605,0.0001,0.9972020638641915
4919,1.0008969328708146,0.7402926347318576,0.024986418459043057,0.23561787848600751,1.8781538215176812,0.0001,0.9976582069546891
4920,0.9892695942708494,0.7402003807663676,0.02498598151951726,0.22408323257625043,1.8857016911613047,0.0001,0.9972345698677744
4921,0.9955927917004599,0.7399855357638238,0.02481409357237284,0.23079316144994258,1.8905335594626034,0.0001,0.9960471279239075
4922,1.0016868503775607,0.7400869723507647,0.02484811899869969,0.23675176182017485,1.8667410147842964,0.0001,0.9966455153712879
4923,0.9947525670272099,0.7400137144943764,0.02490207824939163,0.22983677511842088,1.9172478621678226,0.0001,0.9964203709279307
4924,0.9934816636130002,0.7407701875085038,0.02490980581627898,0.22780167157657852,1.8633298083202834,0.0001,0.9966645747000016
4925,1.0050706035225192,0.7400321561472895,0.02483012951895383,0.24020831879515495,1.86929587176557,0.0001,0.9974110555092655
4926,0.9951418732532865,0.7399510685618944,0.024765623268684558,0.23042518163806405,1.8700526096757963,0.0001,0.9968731397910243
4927,0.9942790804238155,0.7398093688560547,0.024910786572624657,0.22955892695601401,1.8628989342018267,0.0001,0.9966925545348115
4928,0.9981525130494371,0.7402304543926557,0.024744447298030582,0.23317761190658773,1.873425994393308,0.0001,0.9968324470108954
4929,0.9968952005823534,0.7398849547997449,0.024677428222331266,0.2323328162530252,1.898424879290753,0.0001,0.9964322737820492
4930,0.9999640905591102,0.7400834039307027,0.0247185924232127,0.2351620922669859,1.8821204385699413,0.0001,0.9975017234108753
4931,0.9934919024335926,0.7404158967745473,0.024835089882779073,0.2282409150281857,1.8715736358209265,0.0001,0.9972916344841887
4932,1.0002443376951238,0.740316185578855,0.024835836573014636,0.23509231475172432,1.8541106304822539,0.0001,0.9971473832159449
4933,0.9952866503965057,0.7399766157413351,0.02478805613566122,0.23052198063529286,1.8612704468063601,0.0001,0.9972007915528746
4934,0.9998542077642909,0.7404935041982794,0.024778549859780084,0.23458215554620745,1.8562200473239892,0.0001,0.9978380459680034
4935,0.9941509009374808,0.7401962991176706,0.024759180889168328,0.22919542432345194,1.9487404683057,0.0001,0.9967460757094996
4936,0.9987369479562399,0.7400741627927242,0.02475012291759313,0.23391266385920753,1.9162521877346852,0.0001,0.9971055831797951
4937,0.9934590034504207,0.7394239113006824,0.02495869129714811,0.22907639977958574,1.8865427216458273,0.0001,0.9970235754824556
4938,0.9935785292611886,0.739765616991457,0.024978209460724682,0.2288347043278372,1.9017509773343377,0.0001,0.9965661771036306
4939,0.998989117435703,0.7398150606764741,0.02482435621064285,0.23434970045790954,1.8803610970959461,0.0001,0.9967755687889657
4940,0.9964881527254595,0.7397470025697054,0.024732544987970628,0.23200860719572428,1.90246343177424,0.0001,0.9964279750056007
4941,0.9991361579836987,0.740043324582717,0.024830345449776484,0.2342624888730823,1.8491148598053877,0.0001,0.9969924005606112
4942,0.9954261328821008,0.7398168269325706,0.02494708640580245,0.23066222081697615,1.8785164201477236,0.0001,0.9965105800793088
4943,0.9956055693403945,0.7401315057253499,0.024780264490758187,0.23069379972123955,1.8855508152418157,0.0001,0.9965424719736978
4944,0.9937265174384049,0.7403106539534748,0.024735178231709384,0.22868068571793743,1.8813583667089684,0.0001,0.9959297029411092
4945,0.9997645673355273,0.7403654791036919,0.024641235508251383,0.23475785097428437,1.872256795484686,0.0001,0.9964910695809138
4946,0.9920742274781511,0.7404329144446893,0.02491996858956606,0.22672134666924665,1.885588405098441,0.0001,0.9958247975331048
4947,0.9897766450597597,0.7397732195457629,0.024757109113929237,0.22524631850404428,1.8612714053167532,0.0001,0.9954565616940387
4948,1.0011369873737466,0.7401160572411806,0.024706604030988278,0.23631432513814066,1.8561869279366237,0.0001,0.9962124075052946
4949,0.9964020057575698,0.7406212404581887,0.02474889648855337,0.23103186911874984,1.864064690065674,0.0001,0.9959536963374813
4950,0.9952162718192559,0.7401639111868992,0.024862286527064945,0.2301900717533717,1.8980513327503785,0.0001,0.995826508246861
4951,0.9962757640871508,0.7406386205922759,0.02481569576456871,0.23082144582232283,1.8789995367096597,0.0001,0.9955404688572062
4952,0.9903874489163288,0.7404881148744549,0.02495729995789441,0.2249420339101831,1.8634292856916694,0.0001,0.9950366004606289
4953,0.9921826182224204,0.7398458018022425,0.02481560653895442,0.22752121158329577,2.0048214540520255,0.0001,0.9946943053488315
4954,0.9925608439087626,0.7397768121462082,0.02482088124776225,0.2279631507490397,1.8780235078707186,0.0001,0.9945777379958672
4955,0.991725925137015,0.739378220169346,0.02504344668398039,0.22730425778119004,1.8838082307734305,0.0001,0.993773873776016
4956,0.9981060077645958,0.7402205029559183,0.024936146958604546,0.23294935647481355,1.9219271474145732,0.0001,0.9943770518046605
4957,0.9937327421944717,0.740033943923927,0.024811024356323614,0.22888777484176548,1.870063215191901,0.0001,0.9947726615181317
4958,0.9950938248972864,0.7398759894390377,0.02494780021071676,0.23027003509262634,1.8606739017591032,0.0001,0.9941683452704858
4959,0.9894147171935493,0.7405052615469416,0.024708303428324918,0.2242011542018299,1.9296004878579966,0.0001,0.9934696164140837
4960,0.9957256950664714,0.7394066513431,0.024993105785841876,0.23132593735191087,1.846634150276803,0.0001,0.9935205587388053
4961,0.9958108974276885,0.7399673791976294,0.02483977120498131,0.23100374845323166,1.8669924293521936,0.0001,0.993474072072859
4962,0.9954222074386798,0.7399941506298754,0.02470224696772577,0.23072581016600252,1.8616469114353884,0.0001,0.9939775479250941
4963,0.9921006556698565,0.7406145568793492,0.024979546877723677,0.22650655235483125,1.8718598943211244,0.0001,0.9939693516698377
4964,0.9951330707474606,0.739966143580044,0.024931786993696047,0.2302351407593392,1.8962201980258098,0.0001,0.9942265743537074
4965,0.9950914200372677,0.7403678819083781,0.024924519337698604,0.22979901861031038,1.860860554006472,0.0001,0.9945631238437327
4966,0.9947908868896067,0.7400424751258525,0.02480395014339238,0.22994445916831976,1.9104428760420236,0.0001,0.9942316117562339
4967,1.001658975473524,0.7404802977192474,0.02481895576384198,0.2363597233203555,1.8586632189837722,0.0001,0.9950242350841391
4968,0.9954740851210774,0.7400042411038165,0.024719152682693202,0.2307506912703386,1.8996183422467772,0.0001,0.9950622611065182
4969,1.0006135298320777,0.7396240449580411,0.0248217466636797,0.23616773756806556,1.908426396261606,0.0001,0.9961821423703711
4970,0.9969612387808051,0.740257731315814,0.02473726209714011,0.2319662459496915,1.8710350255211758,0.0001,0.9963056967418045
4971,0.9930945250373825,0.7400863412427612,0.02490115866941564,0.22810702504303013,1.8906939677727874,0.0001,0.9960340595027738
4972,0.9981887178537087,0.7397011101366782,0.024813793010208716,0.23367381240496257,1.8583444269868956,0.0001,0.9963107105442764
4973,0.9846628558563171,0.7399650450652318,0.024866124437498513,0.21983168320824784,1.8932158366661769,0.0001,0.9955669305629227
4974,0.9909343202022219,0.7405873575752212,0.024872222004749228,0.22547473951902158,1.8857363249660748,0.0001,0.9951470555083988
4975,0.9886437884208881,0.7398247035715207,0.024855845114764047,0.22396323983661423,1.8770619596961062,0.0001,0.9945022923467608
4976,0.9968815966987223,0.7393355570265052,0.024843118011830544,0.23270292337568246,1.8734275786920203,0.0001,0.9947113633276725
4977,0.9905721279235206,0.7403622496926034,0.02493600018367806,0.22527387986076772,1.8660432479928037,0.0001,0.9936026785726723
4978,0.9910304125617532,0.7398041582252626,0.02464482194269888,0.2265814328736212,1.8871934135835504,0.0001,0.9931583113167399
4979,0.9935060928124202,0.7397928044471973,0.02475820545250697,0.22895508159412936,1.8883884456046454,0.0001,0.9924475676147742
4980,0.9900625676944338,0.739851059705684,0.02478694698148035,0.2254245599796032,1.8876748314735614,0.0001,0.9917577005061368
4981,0.9877599320595453,0.7400394964653386,0.024780628647330324,0.2229398069733236,1.9441480597908067,0.0001,0.9912242412083531
4982,0.9924353930577787,0.7401467856722478,0.02499886555313822,0.22728974166615257,1.9060869901223791,0.0001,0.99064890872876
4983,0.9915457464618567,0.740040109075349,0.025179196806514963,0.2263264420194812,1.8985696721512213,0.0001,0.9913371977893141
4984,0.9965594178764622,0.7401189872991241,0.02489241915348819,0.23154801179789022,1.8879647910232233,0.0001,0.9918997075567381
4985,0.9912814413316351,0.7396353732258021,0.02473817369758962,0.22690789512232037,1.8966757714385676,0.0001,0.9921634728478128
4986,0.9928331445245182,0.7401863377669762,0.024744707720758465,0.22790209889699067,1.8748166711045084,0.0001,0.9917586276303924
4987,0.9920889856123779,0.7403111324832599,0.02479145081966934,0.22698640165582268,1.8842424879693114,0.0001,0.9919103133992782
4988,0.9934413870739889,0.7398843495647516,0.02466845971817419,0.2288885791927697,1.8984588382210257,0.0001,0.9921514108505018
4989,0.9883026176001914,0.7405437078727428,0.02485241416018101,0.22290649646647562,1.8991551053451476,0.0001,0.9916310633292789
4990,1.0000206979244766,0.7403036377734635,0.024791692381698267,0.23492536749728554,1.8678571302557088,0.0001,0.9926268763522831
4991,0.9940093137913253,0.7401907157462703,0.02489745375109009,0.22892114502433536,1.9161262040689557,0.0001,0.993251814525461
4992,0.9981631174774247,0.740828327668366,0.02494854690095232,0.23238624432492572,1.8705611429640052,0.0001,0.9938245869674258
4993,1.002320809127351,0.7405945516019515,0.02475308042027162,0.23697317677642582,1.857624336140151,0.0001,0.9949020932339752
4994,0.9903898337066295,0.7404471582621638,0.024710707683834054,0.22523197064338663,1.8940138084167883,0.0001,0.9942851348169919
4995,0.9947850566364931,0.7404438609041983,0.02481095060615462,0.22953024421937568,1.8764005447256153,0.0001,0.9946354963474777
4996,0.9920979634259826,0.7404393481192676,0.024793811308684747,0.22686480587956628,1.9513695919489522,0.0001,0.994561978237624
4997,0.9929308578160423,0.7396290170493522,0.02467200939843911,0.22862983271895207,1.906487711061087,0.0001,0.9946461654579904
4998,0.9941846579615533,0.7401642910607205,0.024864214912631206,0.2291561503484694,1.889929977682009,0.0001,0.9947204925467469
4999,0.9939364055832791,0.74014233491,0.02470527846237709,0.2290887925509386,1.8811742038320576,0.0001,0.9952838713450556
