step,train/total_loss,train/recon_loss_weighted,train/mmd_loss,train/triplet_loss_weighted,train/grad_norm,train/lr,train/smooth_total_loss
0,2.8476713066410584,1.0772146017991504,0.11078167493638354,1.6596750308727395,1.1469795678498538,0.0001,2.8476713066410584
1,2.5707723654307895,1.0018828873943848,0.07976424814963196,1.489125230733086,1.1539256390161494,0.0001,2.709221836035924
2,2.4004066541760736,0.9860145970725627,0.07466507344893945,1.3397269771258682,1.203293350598875,0.0001,2.6062834420826406
3,2.408863667784066,0.9813569828898138,0.07741704794746383,1.3500896358586711,1.4064145887357469,0.0001,2.5569284985079967
4,2.451591662896332,0.9771746397018433,0.07981423166170565,1.3946027944344295,1.5009431541570544,0.0001,2.535861131385664
5,2.4621809254311646,0.9729906647007074,0.07822871643437818,1.4109615401854139,1.5582907592790847,0.0001,2.523581097059914
6,2.4775371287947494,0.9680457951814602,0.07560168173443715,1.4338896454710506,1.6034395681433455,0.0001,2.517003387307748
7,2.456044478542181,0.960642339612601,0.07411203423088027,1.4212901033687786,1.6465761631304061,0.0001,2.5093835237120516
8,2.439138439557615,0.9527194681322357,0.07178918536729793,1.4146297916195698,1.6411779867466274,0.0001,2.5015785143615585
9,2.421606255351409,0.9469238478561928,0.071579752297237,1.4031026477020605,1.6632038377845022,0.0001,2.4935812884605437
10,2.4086229878555203,0.939747744593127,0.06973506543505748,1.399140176376513,1.7009625592047979,0.0001,2.44967645658199
11,2.391291057362276,0.932543537195991,0.06962844251860953,1.389119075229637,1.7054035778461556,0.0001,2.431728325775139
12,2.3816436584774427,0.927533307617141,0.06770537857109828,1.3864049744654379,1.7163908615799028,0.0001,2.4298520262052756
13,2.3649692022776265,0.9227616003512369,0.06754419697225698,1.374663401810683,1.7563708476556,0.0001,2.425462579654632
14,2.356643885918128,0.9180799542527653,0.06612854603579756,1.3724353817607036,1.7719901026383376,0.0001,2.4159678019568114
15,2.333703844348993,0.913597151425499,0.06392590027551864,1.3561807921643674,1.8070866495794022,0.0001,2.403120093848594
16,2.3374957910174046,0.9105042068034592,0.06258392092180542,1.3644076626876305,1.8008568818864183,0.0001,2.3891159600708596
17,2.3371289835498494,0.9062008822665495,0.062453367163636864,1.3684747307344092,1.8533228476197434,0.0001,2.3772244105716265
18,2.320693215298604,0.9009931428437301,0.061406150550919664,1.3582939216621508,1.8294535285319082,0.0001,2.3653798881457253
19,2.30415216783481,0.8968472081797602,0.060291956936370045,1.347012998003505,1.8359840926969269,0.0001,2.353634479394066
20,2.303287079077947,0.8921923145319337,0.059037200819406256,1.352057560824961,1.8184779384315135,0.0001,2.3431008885163083
21,2.2909484990470066,0.8895210953803382,0.05800724150442932,1.343420162283141,1.8320945287331123,0.0001,2.333066632684781
22,2.2713683028733755,0.8862828696958918,0.05700194738941309,1.3280834906241472,1.858709040930982,0.0001,2.3220390971243745
23,2.2758656612032566,0.8836242777822467,0.05769811948462868,1.334543264419989,1.8729266518269785,0.0001,2.313128743016937
24,2.2478606055280985,0.8807940642683791,0.056968308607414815,1.3100982286020901,1.8942163300078974,0.0001,2.3022504149779346
25,2.2443036496276547,0.8778042689298278,0.05542221901141122,1.3110771561249275,1.8678397438347218,0.0001,2.2933103955058005
26,2.229950876555143,0.8767920321431654,0.055088691730770085,1.2980701512303845,1.9221001140486154,0.0001,2.282555904059574
27,2.2135339310396516,0.8741921329111405,0.05428429767036051,1.2850575081958733,1.9407532667291576,0.0001,2.270196398808555
28,2.2123402470749243,0.871567357263507,0.0532254839040203,1.287547404335672,1.9399182535330133,0.0001,2.259361101986187
29,2.1911384251731887,0.8696694075456739,0.05288552367421241,1.2685835018119271,1.9861440552175649,0.0001,2.2480597277200247
30,2.1665811717631125,0.868121551693574,0.05249207111691365,1.2459675453255674,2.0246679778031353,0.0001,2.234389136988541
31,2.1775848650303624,0.8660792756757678,0.05220826789283366,1.2592973230334856,1.9921527769696157,0.0001,2.223052773586877
32,2.171332665437617,0.8637736988599596,0.051398634910583496,1.2561603262264878,2.0324657635563046,0.0001,2.213049209843301
33,2.1499990490822474,0.8623679021550966,0.05047356405316212,1.2371575784006177,2.0913360358251762,0.0001,2.2004625486312
34,2.1642067057607624,0.8604942418740681,0.050535195739467534,1.253177267542717,2.0640075709708565,0.0001,2.192097158654466
35,2.16729467127918,0.8583116350019195,0.05076543070965316,1.258217604116784,2.0491415083287454,0.0001,2.184396260819619
36,2.146415574071857,0.8575405642904085,0.049203255597282856,1.2396717515243236,2.1005479111874563,0.0001,2.17604273057129
37,2.1459344536005602,0.8558109499378088,0.04912277965468277,1.2410007213482266,2.1160245156916835,0.0001,2.169282782827381
38,2.1442472709845335,0.8547133815457807,0.04895430573585309,1.2405795822520769,2.1255552783215506,0.0001,2.162473485218342
39,2.143953969464099,0.8539350325389035,0.0483478433461992,1.2416710964806423,2.1538274312357872,0.0001,2.1577550396474328
40,2.136434148823272,0.8525131632541788,0.04837054074656891,1.2355504428880935,2.160384652822545,0.0001,2.154740337353449
41,2.1205318581018195,0.8508820765884121,0.0474893476126402,1.2221604359561,2.2178528178294337,0.0001,2.149035036660595
42,2.1164378423478007,0.8497159239244751,0.047695261469719134,1.2190266571954105,2.2176198591808762,0.0001,2.1435455543516135
43,2.1228420823872938,0.8490241294458478,0.04796013048647867,1.2258578222131633,2.2191187107055232,0.0001,2.1408298576821174
44,2.1119274686848173,0.8489789772952546,0.047507759523681886,1.2154407310195676,2.255932756176343,0.0001,2.1356019339745234
45,2.1129198325816807,0.8472464573068986,0.04643443099867258,1.2192389486285784,2.2625167916319193,0.0001,2.1301644501047736
46,2.099926312845087,0.8455086630933425,0.04638391382553998,1.2080337314528335,2.2735265449868254,0.0001,2.125515523982097
47,2.093582859629308,0.8446722688346073,0.04598120985359981,1.2029293813038067,2.2799767035741594,0.0001,2.1202803645849717
48,2.0961626951883097,0.8431600844884257,0.04543776444440923,1.207564849882532,2.2952998499357675,0.0001,2.1154719070053485
49,2.0852924241980966,0.8432214030387677,0.04558912058631015,1.1964819017820378,2.3503599183796386,0.0001,2.109605752478749
50,2.102035449677984,0.8421234911643951,0.04509721977473756,1.214814737650734,2.3205646078194855,0.0001,2.10616588256422
51,2.0881474523466936,0.8414453891905036,0.04514796835413811,1.2015540931094248,2.321834814959559,0.0001,2.102927441988707
52,2.077318779111634,0.8405047933179999,0.0450522689258351,1.1917617208575622,2.359556280817028,0.0001,2.09901553566509
53,2.0855413186864484,0.8394904385715662,0.04444577776152512,1.201605098000888,2.3579824263377316,0.0001,2.0952854592950056
54,2.079905025132046,0.8387175507042519,0.04388677977161524,1.1973006965906092,2.3476547474309832,0.0001,2.092083214939729
55,2.0769721501739222,0.8384179410054282,0.04429234573371996,1.1942618642810876,2.373163090999905,0.0001,2.088488446698953
56,2.062440605966363,0.8370977675213533,0.044224069278090285,1.181118770859546,2.4350455672939217,0.0001,2.0847398760110805
57,2.054486603330647,0.8357627237060733,0.04357573033346366,1.1751481461476603,2.4026289929241003,0.0001,2.080830250381214
58,2.0770326332920224,0.83633875544608,0.043818462692941665,1.1968754117677467,2.3701775731711554,0.0001,2.0789172441915857
59,2.043410365044708,0.8348064385127828,0.04358989810363274,1.1650140281864887,2.406676399054924,0.0001,2.0747290382762467
60,2.0537943320148617,0.8344427851344219,0.043212677354019506,1.176138868317401,2.4187517453884255,0.0001,2.0699049265099347
61,2.0479562541292355,0.8337416482020101,0.043072774250657274,1.1711418280495107,2.4827152043278753,0.0001,2.065885806688189
62,2.04677245752323,0.8331150257805057,0.04392696152352416,1.1697304635695946,2.45248753037946,0.0001,2.0628311745293484
63,2.0398181057846814,0.8323936637710122,0.04303520518916132,1.1643892363409,2.475734598979989,0.0001,2.0582588532391717
64,2.0388801158320833,0.8307184246925988,0.04252411724345921,1.1656375731706137,2.520212614512105,0.0001,2.0541563623091754
65,2.0362584240296306,0.8312341273435473,0.042716245380424823,1.1623080482831107,2.5100794694486543,0.0001,2.0500849896947466
66,2.0315989151929505,0.8301293368755441,0.04293814126183005,1.1585314325822051,2.5112334320559704,0.0001,2.047000820617405
67,2.0289207825070705,0.8294544690279158,0.042070706282377725,1.15739560550415,2.497681571552284,0.0001,2.0444442385350476
68,2.025627572202779,0.8283548640431062,0.04224959058161923,1.1550231122583694,2.5286720843634307,0.0001,2.039303732426123
69,2.0174507507204282,0.827956314140111,0.04277463302650993,1.1467198063345516,2.5257222741902723,0.0001,2.036707770993695
70,2.0162941461644355,0.8275432583042864,0.041918859278696305,1.146832035472862,2.560699898621132,0.0001,2.0329577524086524
71,2.0084530492341544,0.8265279867586209,0.0425785729174198,1.1393464885908982,2.5821009608359655,0.0001,2.029007431919145
72,2.012192639085874,0.8264281597388927,0.042993079334437,1.142771397715408,2.5224384562722566,0.0001,2.0255494500754088
73,2.015675258926639,0.8257630992129174,0.04227384084620292,1.1476383185048131,2.507662273323802,0.0001,2.0231351653896046
74,1.997488814241746,0.8251378782864275,0.041788523627584895,1.130562407491657,2.5982088708974285,0.0001,2.0189960352305705
75,1.9955375523402774,0.8240889315672869,0.04249052222795467,1.128958102776603,2.5624744437529157,0.0001,2.014923948061635
76,1.992743698385134,0.8243299977774552,0.04188992914273337,1.1265237711022398,2.58497487821637,0.0001,2.011038426380854
77,1.989792910357276,0.8236300102595625,0.042000533842895385,1.1241623672220336,2.6275285917653517,0.0001,2.0071256391658747
78,2.0115696315107674,0.8228127008519357,0.0425749066877075,1.1461820245756338,2.523548726136012,0.0001,2.0057198450966736
79,1.9972791280030722,0.822844705644534,0.04156611004417373,1.1328683073573858,2.554101180111419,0.0001,2.0037026828249376
80,2.001741307744148,0.8225922895251616,0.04161948074433673,1.1375295330012787,2.5261479062434384,0.0001,2.0022473989829086
81,1.9867711691053596,0.8211796624665328,0.04222016160434932,1.1233713417701257,2.5596443958746735,0.0001,2.0000792109700294
82,1.9869304283637303,0.8207150587687386,0.04175030072852516,1.12446506971278,2.5858916196571644,0.0001,1.9975529898978153
83,1.9834166823245933,0.8206691328458805,0.042621274265266094,1.1201262764224658,2.6141519781058506,0.0001,1.9943271322376106
84,1.9789076825909875,0.8195113613445909,0.04189788932490784,1.11749843010796,2.5646652853754905,0.0001,1.9924690190725343
85,1.9724802124572816,0.8194759206404308,0.04198878169301557,1.111015513509089,2.6364300751541014,0.0001,1.9901632850842348
86,1.973233095289002,0.8181891465525598,0.04204792932854705,1.1129960203751106,2.616728292275636,0.0001,1.9882122247746217
87,1.9809321143322494,0.8184869602534157,0.0418505973312966,1.1205945595282811,2.6015447540167136,0.0001,1.9873261451721191
88,1.9624412840810315,0.8184019253413527,0.04167570134447264,1.1023636553398737,2.627405002441174,0.0001,1.9824133104291455
89,1.9743299561630157,0.8177072032228203,0.041573380843621,1.1150493714920648,2.637483802093212,0.0001,1.9801183932451398
90,1.9633805872702454,0.8165733541001171,0.04168444835631891,1.105122785176515,2.6600191842228114,0.0001,1.9762823211977494
91,1.9593101981687255,0.8161188981837724,0.041735541264377306,1.101455760171399,2.6660722073386696,0.0001,1.9735362241040861
92,1.9577420546123512,0.8159653786229797,0.04115879487314282,1.1006178812371306,2.640454079026383,0.0001,1.9706173867289483
93,1.9549278032948956,0.8155213676649948,0.04185044765472412,1.0975559894864506,2.661376136069849,0.0001,1.9677684988259785
94,1.9510464095198843,0.8153299748534847,0.04238746035655178,1.093328979977125,2.634287911544707,0.0001,1.9649823715188681
95,1.953173871214443,0.8145049620593537,0.042073428509926944,1.0965954771390067,2.663875052701629,0.0001,1.9630517373945842
96,1.9441336589217428,0.813927176395246,0.04162134650271031,1.0885851350565712,2.699264350817605,0.0001,1.9601417937578585
97,1.9472757145067257,0.8135143983920254,0.041653202706853465,1.0921081123197296,2.682738787745849,0.0001,1.9567761537753061
98,1.930813037115952,0.8141420390494697,0.041383188829944295,1.0752878095992437,2.7338666686179915,0.0001,1.9536133290787983
99,1.95178783641142,0.812917738246144,0.041653260981577164,1.097216839964443,2.6808418533623097,0.0001,1.9513591171036384
100,1.9463674799665718,0.8124451117389826,0.041839945872463515,1.0920824268284965,2.6921883821487427,0.0001,1.9496578063732712
101,1.9441637202160353,0.8122713204329686,0.04179090829698358,1.0901014912442792,2.676082262886465,0.0001,1.9481431585780022
102,1.9399337272856831,0.8120081566168377,0.0418831830576032,1.0860423837423807,2.652050048294222,0.0001,1.9463623258453358
103,1.93806020362382,0.8109565759285469,0.04194645755914839,1.0851571753349072,2.696714594204576,0.0001,1.944675565878228
104,1.9426357489812205,0.8118547346238916,0.04202004185071098,1.0887609777054004,2.672361170786148,0.0001,1.9438344998243615
105,1.9314869533445966,0.810285116547745,0.04198553886181443,1.079216298297743,2.715467492658758,0.0001,1.9416658080373768
106,1.9321056350491352,0.8103055778671714,0.0415686400376759,1.080231414000838,2.7132501998731136,0.0001,1.9404630056501162
107,1.9409769152047427,0.8095852338518139,0.04139288153658049,1.0899988004208578,2.6842539581275613,0.0001,1.9398331257199177
108,1.9369088800635348,0.8093360148627182,0.04150475691588365,1.0860681075595213,2.7374048426475293,0.0001,1.940442710014676
109,1.9343106209869074,0.80832137466686,0.041629395910499065,1.0843598475079024,2.7338573744040717,0.0001,1.9386949884722244
110,1.9203265883617904,0.807507918766014,0.04186761258340027,1.070951058727672,2.7029806481897225,0.0001,1.9360908993117465
111,1.9387092334019969,0.8079308570035815,0.041190474318684236,1.0895879028051427,2.708802315091023,0.0001,1.9355454506303427
112,1.926051330614767,0.8075643037927562,0.04173243432693017,1.0767545967266476,2.712687377271981,0.0001,1.9341572109632512
113,1.923717366996208,0.8069159490099785,0.04159168515195711,1.075209731746155,2.7502891347567884,0.0001,1.93272292730049
114,1.9243793335212414,0.8071569575499328,0.041584640922701144,1.0756377338395884,2.702668573986928,0.0001,1.930897285754492
115,1.9339001033659156,0.807096162021281,0.04119200010086895,1.0856119408810598,2.720357034559424,0.0001,1.9311386007566238
116,1.9228083006508694,0.8062962997274031,0.04113053767724646,1.0753814651806504,2.7283438110448284,0.0001,1.9302088673167972
117,1.9072793702808404,0.8058305820393514,0.04188078678162054,1.0595680021852798,2.7518661421162602,0.0001,1.926839112824407
118,1.9118617739203494,0.8058176635486842,0.04189838864982249,1.0641457191829025,2.7365652276826435,0.0001,1.9243344022100886
119,1.910167531841425,0.8057282881369213,0.04188398487911263,1.0625552550774318,2.7510081597322382,0.0001,1.9219200932955403
120,1.9206089064267295,0.8051729065651342,0.041296932083114406,1.0741390616124833,2.765668944219547,0.0001,1.921948325102034
121,1.9112674870790864,0.806455136796282,0.04145986748515471,1.0633524785660826,2.752599619948598,0.0001,1.9192041504697432
122,1.9124259054056287,0.8051426022579897,0.0417453875164473,1.0655379156311917,2.7518723310853597,0.0001,1.9178416079488294
123,1.9138862107394916,0.8049741377695095,0.041666513040631584,1.0672455593248409,2.80071990509304,0.0001,1.9168584923231577
124,1.9109606938719992,0.8028660965497789,0.0413660708112117,1.0667285280827334,2.7963024752618817,0.0001,1.9155166283582337
125,1.897394008858934,0.804109570220808,0.04158909253126226,1.0516953498548234,2.804955135252606,0.0001,1.9118660189075354
126,1.909136264367713,0.8044731321973201,0.04166284971256527,1.0630002799188873,2.7832998994881435,0.0001,1.91049881527922
127,1.8862504502097202,0.8035689032585578,0.041580241060160235,1.0411013051655906,2.792895365438403,0.0001,1.9083959232721077
128,1.9128236083906998,0.8037221262469495,0.04192068804108347,1.067180788178473,2.7734980387329813,0.0001,1.9084921067191427
129,1.8994245224501975,0.803176884960693,0.041668904238733755,1.0545787334925747,2.7891452626814464,0.0001,1.90741780578002
130,1.8890278027459042,0.8025695187083123,0.041745289827698866,1.0447129944516969,2.8017712350307566,0.0001,1.9042596954119375
131,1.894477415036478,0.8026588000583842,0.04122795246193907,1.05059066094443,2.7946726388428322,0.0001,1.9025806882076766
132,1.9015436581133829,0.8024514111979254,0.041377377074823904,1.057714870807849,2.806812551393954,0.0001,1.9014924634784518
133,1.9099108012162647,0.8021219787442901,0.041594341608863813,1.0661944803190522,2.782119374246191,0.0001,1.9010949225261293
134,1.9071116186300592,0.8016062840728683,0.041064442775795955,1.0644408948039428,2.8086275014625843,0.0001,1.9007100150019351
135,1.8914050059676413,0.8018516537867502,0.04140128591239573,1.0481520656639858,2.821035555845342,0.0001,1.900111114712806
136,1.9029968761769076,0.8013139226857353,0.04132055269051759,1.0603624010424586,2.793693477193434,0.0001,1.8994971758937254
137,1.8987914362495375,0.8016042378079336,0.040769553813199244,1.056417648618168,2.855209569902014,0.0001,1.9007512744977073
138,1.8989047805871249,0.8012737325915942,0.041424663023339324,1.056206382312349,2.833954414054298,0.0001,1.89935939171735
139,1.9016051331108046,0.8005591222287192,0.040849901599767965,1.0601961091614156,2.80653671415534,0.0001,1.8995774527834104
140,1.8809671203698397,0.8005351751861417,0.04093947565337949,1.0394924698930241,2.8592343393252295,0.0001,1.8987713845458039
141,1.908003162177049,0.8001355481679735,0.040761335142727555,1.067106276146055,2.843853201392214,0.0001,1.900123959259861
142,1.9064484365571586,0.8011566798295259,0.04099937626604618,1.064292378285352,2.8380792837355733,0.0001,1.9006144371042388
143,1.8870582940854117,0.7995837394896192,0.040891230952667175,1.046583318323441,2.856772728430572,0.0001,1.8983291863911531
144,1.885346231305817,0.8004618218172395,0.04123098178035589,1.0436534289172406,2.932390038430328,0.0001,1.8961526476587296
145,1.8882019851077159,0.7993943514736864,0.041501373838459504,1.0473062559871595,2.865314041625172,0.0001,1.8958323455727366
146,1.8833409601002629,0.7993466623172799,0.04154589621097031,1.042448402781032,2.8538528141578845,0.0001,1.8938667539650722
147,1.892298292194854,0.7988890095124622,0.04163943415481227,1.0517698495552457,2.8570142096970192,0.0001,1.893217439559604
148,1.8943999415720694,0.7995142716665055,0.041175710260263565,1.0537099549301256,2.8867755584252532,0.0001,1.892766955658098
149,1.8887082488251505,0.7989987894197507,0.04099450948030422,1.0487149487765275,2.877104334366974,0.0001,1.8914772672295328
150,1.8734204943233281,0.7987279194363716,0.04153441391416786,1.0331581645091696,2.906266990588113,0.0001,1.8907226046248815
151,1.8955580789225581,0.7978722369695048,0.04105097454411505,1.05663486626037,2.862041860758412,0.0001,1.8894780962994324
152,1.8809375833062565,0.7980617237623033,0.04075762321209085,1.0421182379640381,2.885637428407495,0.0001,1.8869270109743421
153,1.8652815900999924,0.7980798295496927,0.04100110709788108,1.0262006562331627,2.88786233728846,0.0001,1.8847493405758005
154,1.8909857684168323,0.7980889169004336,0.04116264995164852,1.0517342010811426,2.8638385527032386,0.0001,1.885313294286902
155,1.874113460583329,0.7992622811218788,0.040883764533919204,1.0339674179500788,2.894333906879773,0.0001,1.883904441834463
156,1.8899073008349652,0.7978179249270209,0.04139338424674879,1.0506959906939803,2.8519251044333345,0.0001,1.8845610759079334
157,1.8867821055058291,0.7969882916243516,0.04145674313783162,1.0483370703809403,2.854798628157099,0.0001,1.8840094572390313
158,1.8759859120869975,0.7977058794387214,0.0414590886350094,1.0368209432878552,2.9122489562624607,0.0001,1.8821680542905237
159,1.8789430559285998,0.7970237183038893,0.04142453970338462,1.0404947953823855,2.8882433705591044,0.0001,1.8811915350008686
160,1.8667181004858888,0.7967895846096062,0.04113458764964137,1.0287939290729546,2.9433753686309103,0.0001,1.8805212956171249
161,1.8821493815215073,0.7962546268776513,0.04182177673246991,1.0440729810548361,2.8602458352249487,0.0001,1.87918042587702
162,1.872027855132221,0.7959073422888472,0.04107859748855808,1.03504191499211,2.9207554564756504,0.0001,1.878289453059616
163,1.8757499695791433,0.7962835793804687,0.041039615567267304,1.0384267730596826,2.880515123719376,0.0001,1.8793362910075313
164,1.8756872739559738,0.7958779643321859,0.04114008143272168,1.0386692263775374,2.8925828012443215,0.0001,1.8778064415614455
165,1.876603110325022,0.7957619379064858,0.04116035547507946,1.0396808163389473,2.900535626537176,0.0001,1.878055406535615
166,1.876295857207045,0.7959340838583198,0.04116673401838384,1.0391950448918295,2.8932027144557804,0.0001,1.8766942621728226
167,1.8735845807116123,0.7965317011846732,0.04112663012730906,1.0359262502459434,2.9284878255871196,0.0001,1.8753745096934007
168,1.8888866224346974,0.7953568283491154,0.04098520849587709,1.0525445819626473,2.894475619159412,0.0001,1.8766645807281708
169,1.8732662067935626,0.7949635963169122,0.040577489512445476,1.0377251192715782,2.9352124607829,0.0001,1.8760968958146673
170,1.86851746581389,0.7947960683346762,0.040672903370421995,1.033048494229694,2.9595158066275635,0.0001,1.8762768323474674
171,1.86269622666357,0.7950700610936534,0.04101315860090585,1.026613008238481,2.9616402605242467,0.0001,1.8743315168616737
172,1.8753447987245013,0.7953965329011604,0.04095690221380269,1.0389913622796172,2.9287942640679847,0.0001,1.8746632112209016
173,1.8743038247613346,0.7941892162781458,0.041244708742137856,1.0388698975648165,2.9151708238265095,0.0001,1.874518596739121
174,1.8638130247472025,0.7943838814209248,0.04105057919484848,1.0283785636478215,2.925130921977045,0.0001,1.873331171818244
175,1.8680910304883915,0.7943195293205989,0.0414032106709045,1.032368289287869,2.9471131473719225,0.0001,1.8724799638345808
176,1.8675063386650164,0.7946529132115672,0.04150035584432358,1.0313530682792045,2.996103478735407,0.0001,1.8716010119803776
177,1.8697426945394242,0.7940313232114301,0.041153199774256584,1.0345581745762853,2.92136468945362,0.0001,1.871216823363159
178,1.8580652651873855,0.7943959170857985,0.040773791183564535,1.0228955579456886,2.9647199413597463,0.0001,1.868134687638428
179,1.8518147976354944,0.7942761896106341,0.040877042870976134,1.0166615670883148,2.9974896479813613,0.0001,1.865989546722621
180,1.8646500316159478,0.7934384122339756,0.04095000209963104,1.0302616165569298,2.985890183922727,0.0001,1.8656028033028267
181,1.8690663450388105,0.7939795643756162,0.040639578449798645,1.0344472032410619,2.9646685036394222,0.0001,1.8662398151403508
182,1.8601776876507619,0.7926149943779255,0.04109755926151547,1.0264651284498327,2.9412471924060255,0.0001,1.8647231040329768
183,1.861899035213927,0.7941878075290162,0.04111711563009761,1.0265941106039902,2.913950571423854,0.0001,1.8634826250782361
184,1.8542856019118736,0.7935165250277181,0.04088224745667247,1.0198868334172464,2.952079950433232,0.0001,1.862529882794703
185,1.8483670287393412,0.7928552189898539,0.04073925192409306,1.0147725602434325,3.0219266830544926,0.0001,1.860557482619798
186,1.8695883463168967,0.7934412767630803,0.041289140196407545,1.034857928994703,2.994380335295176,0.0001,1.860765683384986
187,1.8546818429509717,0.7944194961029424,0.041363770773154486,1.0188985776465997,3.0525599826905596,0.0001,1.8592595982261408
188,1.8648021837760662,0.7928711591821171,0.04128399316002341,1.0306470317361804,2.968339833961781,0.0001,1.859933290085009
189,1.8408266465513992,0.7922393637303164,0.0412208107857385,1.00736647239805,3.0022035397090487,0.0001,1.8588344749765995
190,1.8635016302549814,0.7929306891095083,0.041467641478377955,1.0291033022060356,3.01236691629669,0.0001,1.858719634840503
191,1.8469302344757452,0.7930414830211694,0.04161125167630023,1.012277500745491,2.988709374808878,0.0001,1.8565060237841966
192,1.8600020764082006,0.7923339792729391,0.04151425351961147,1.0261538410767097,2.9799671168259625,0.0001,1.8564884626599405
193,1.852553648107192,0.7924550239744825,0.04138818207909079,1.0187104390310708,2.9431582263710534,0.0001,1.855553923949267
194,1.8509515494894062,0.7925319321015302,0.04102072295020608,1.017398897339316,2.988249186811776,0.0001,1.85522051870702
195,1.8380241693879722,0.7918105109709997,0.04113806648138329,1.0050755938700198,3.0092883463079985,0.0001,1.8541862327718832
196,1.841834542475656,0.7918160918034598,0.04111588823384252,1.0089025646145882,2.9961419768072286,0.0001,1.8514108523877593
197,1.8490731837057923,0.7919451282425778,0.041352581058989674,1.0157754745855776,3.008813563998766,0.0001,1.8508499864632408
198,1.8342586893580748,0.793362700914998,0.04155404572554582,0.9993419438660991,3.081580271343672,0.0001,1.8477956370214421
199,1.8465756509173472,0.7918539227385066,0.04124536064527098,1.0134763662036486,2.954453200162303,0.0001,1.848370537458037
200,1.8476200181136992,0.7915199818524096,0.04124917026465611,1.014850867417231,2.9926684439544986,0.0001,1.8467823762439086
201,1.8371910645076759,0.7904065938073288,0.04132983336342276,1.0054546375787283,3.006119762182719,0.0001,1.8458084592471014
202,1.8361328337303766,0.7908951011439124,0.04142802869088751,1.0038097054673014,2.9685575110917157,0.0001,1.8434215349793193
203,1.8389712422179403,0.7911648346492776,0.04115709378317935,1.0066493148736007,2.9625580697707665,0.0001,1.8420632943903943
204,1.8392923098306868,0.7904828541419086,0.04132214569416781,1.007487312352198,2.9976286024882874,0.0001,1.840897370424522
205,1.8456921691101416,0.7916322297305171,0.04159611088750812,1.0124638281898615,2.9757413963275314,0.0001,1.841664170396739
206,1.843242849104303,0.7899118525261327,0.04174941959535858,1.0115815755924396,2.975052322867434,0.0001,1.8418050010596037
207,1.844933652974529,0.7907059832228608,0.04132867947553283,1.0128989871931366,2.9685707948270723,0.0001,1.8413910479864775
208,1.8337619321583252,0.7909418377141199,0.04106321392871787,1.0017568803341346,2.9411822438965465,0.0001,1.8413413722665024
209,1.8377823745019537,0.7896998756797512,0.04144578047746577,1.0066367156244436,2.9667120221662233,0.0001,1.840462044624963
210,1.8262581701936393,0.7898261917048487,0.04161630658542409,0.9948156702409652,3.0188585556061223,0.0001,1.8383258598329573
211,1.8392705859325478,0.7902012739413651,0.041448775217934504,1.0076205361082877,2.9676202777433107,0.0001,1.8385338119754444
212,1.8241146802902222,0.791748913016329,0.04157155425746833,0.9907942121701114,3.0652188321397946,0.0001,1.8373319966314292
213,1.8357406670858605,0.7897456670387764,0.041643265778346185,1.0043517358404628,3.033355445455586,0.0001,1.837008939118221
214,1.8421586897020166,0.7895990267970258,0.04153974447966106,1.011019915402782,2.9687707627279036,0.0001,1.837295577105354
215,1.8324767568773963,0.7897145104940233,0.041318753911805686,1.0014434939223902,2.9717240800238525,0.0001,1.8359740358820793
216,1.83186484979084,0.7894061763920117,0.04102742865409619,1.0014312477672802,3.0377007705928345,0.0001,1.834836235950733
217,1.839809792762354,0.7899292586541321,0.040954440167177524,1.0089260895885754,3.0032619305604853,0.0001,1.8343238499295154
218,1.8362059585946569,0.7886475231536262,0.04119765178185206,1.006360780334376,2.9960929658301705,0.0001,1.8345682525731486
219,1.8293358808115094,0.7887888857849229,0.04129549141587882,0.9992515026434924,2.996381963242382,0.0001,1.8337236032041044
220,1.8145302289881522,0.7891596421508712,0.041362052998726556,0.9840085396418465,3.0207202045235624,0.0001,1.8325508090835556
221,1.8213265689343032,0.7890975100515338,0.04153723721571916,0.9906918237223828,2.9884756510929935,0.0001,1.8307564073837308
222,1.8282460201584543,0.7898574848687673,0.04125728544308738,0.9971312517205794,3.0071912691994567,0.0001,1.8311695413705542
223,1.8222450247642719,0.7890981010201011,0.041234161500756684,0.9919127656891187,2.988846015253125,0.0001,1.8298199771383952
224,1.8202365005717558,0.7884191475340125,0.04162795282522515,0.990189403235066,3.0003440675097113,0.0001,1.8276277582253695
225,1.819797964898858,0.788100894880585,0.0413413908612172,0.9903556800033693,2.9961557891257637,0.0001,1.8263598790275153
226,1.8166188255526714,0.7878775696967243,0.04143017373268793,0.9873110829695727,3.0253960776764286,0.0001,1.8248352766036984
227,1.8361854840969216,0.7885166486426735,0.04142995997809977,1.0062388751738938,2.9920843900096346,0.0001,1.8244728457371555
228,1.8332454909175695,0.7882163548808069,0.0412823788776359,1.0037467557083037,3.033086593929701,0.0001,1.824176798969447
229,1.8121950503053337,0.7882630042807326,0.04115364807856252,0.9827783978251367,3.013424474859334,0.0001,1.8224627159188291
230,1.819941000087266,0.7886485169673788,0.041411872084193974,0.9898806069250281,3.0151086583824234,0.0001,1.8230037930287406
231,1.8150104364081763,0.7883448103862166,0.041214131680269994,0.9854514911982399,2.996089095759827,0.0001,1.8223721797761279
232,1.805894022297424,0.7876854168957678,0.04106098232114533,0.977147622899158,3.106741486408164,0.0001,1.8201369799900249
233,1.8293643353193334,0.787800441165483,0.041108071441340883,1.0004558193877067,3.006579404912179,0.0001,1.8208489110455308
234,1.821565736138071,0.7883616209513759,0.04095483092217126,0.9922492848690335,3.0252191142668345,0.0001,1.8209818346021627
235,1.809634508274148,0.788618432822624,0.0410730884718363,0.9799429844407475,3.1048402409040903,0.0001,1.8199654889396915
236,1.8077050532095331,0.7875925728080239,0.041408619580839516,0.97870385894669,2.9932015856187677,0.0001,1.8190741117053775
237,1.8089885554497431,0.7879406332244254,0.041747322188913215,0.9793005998550516,2.984871317358578,0.0001,1.8163544188406597
238,1.8248139854376988,0.7873270772775337,0.04203683270885785,0.99545007877611,3.016737051958003,0.0001,1.8155112682926728
239,1.8299927135993694,0.7877685252357932,0.04112698195188572,1.0010972046586128,3.0161766561001357,0.0001,1.8172910346220763
240,1.8071700228155263,0.7875508750669855,0.04120512472930351,0.9784140204198462,3.05483017635152,0.0001,1.8160139368949024
241,1.8183127228193303,0.7882202068158628,0.041683134877899354,0.9884093833018026,2.981321459126037,0.0001,1.8163441655360173
242,1.8167717563211314,0.7866441086388021,0.040655679683414485,0.9894719681802676,2.9970881319916516,0.0001,1.8174319389383882
243,1.8287487692571798,0.7870030895208007,0.04092180269485071,1.0008238728099614,3.017188179565492,0.0001,1.817370382332173
244,1.8050799045794876,0.7871407445739297,0.04098516908185235,0.9769539907121272,3.0621176670337547,0.0001,1.8157217991763148
245,1.8320460798290632,0.7877858686156979,0.041041503571593495,1.0032187024429895,3.0700640383405084,0.0001,1.8179629563318063
246,1.8048378591846985,0.7867651118709882,0.04120053118189256,0.9768722151646024,3.0749408749005855,0.0001,1.817676236929323
247,1.8035568787166603,0.7871296052758641,0.0413318118023824,0.975095462847433,3.0553519222847587,0.0001,1.8171330692560144
248,1.8203512476133767,0.7865552404105784,0.040932663072195306,0.9928633440097012,3.0321679228943212,0.0001,1.8166867954735824
249,1.8055773023175903,0.7867981243810596,0.0407611192119049,0.9780180608404094,3.0483305766181092,0.0001,1.8142452543454044
250,1.817079981974124,0.7866283514920402,0.04110666196679972,0.989344966943559,3.0774898200199523,0.0001,1.8152362502612642
251,1.8030500760184824,0.7869137361131865,0.04084658501839783,0.9752897542219375,3.016383570299671,0.0001,1.8137099855811794
252,1.8088127928379825,0.7873622001305555,0.041063072231671875,0.9803875230146953,3.035075901004412,0.0001,1.8129140892328646
253,1.8242491984222289,0.7868051133581397,0.04104698864973583,0.9963970975024705,3.025249590012897,0.0001,1.8124641321493695
254,1.800784925418258,0.7862038185581958,0.04073631666736719,0.9738447906158517,3.0491949312585365,0.0001,1.8120346342332467
255,1.7982213971097378,0.7864026700507313,0.041165692085668476,0.970653034912887,3.0635024594486846,0.0001,1.808652165961314
256,1.8050676470595972,0.7862999806781328,0.04146353468208236,0.9773041294626967,3.0413972359400008,0.0001,1.808675144748804
257,1.8067593966246134,0.7861403356217468,0.041543398377377895,0.9790756656480367,3.05325397032995,0.0001,1.8089953965395993
258,1.812535066150023,0.7859534190827886,0.04116450700508412,0.9854171401226013,3.0276782498156565,0.0001,1.8082137783932637
259,1.7980593658122281,0.7857247999667154,0.04075503881272631,0.9715795286649622,3.094773091360715,0.0001,1.8074619847427276
260,1.7909409533166014,0.7852884893726867,0.041544380342742736,0.9641080816667413,3.057698830146093,0.0001,1.804848081876975
261,1.7857777857151766,0.7858430020224009,0.041413913392150135,0.9585208703006257,3.0752523274257264,0.0001,1.8031208528466443
262,1.7951330700945902,0.7851970010790331,0.04168110348390034,0.9682549671033817,3.0741591206912338,0.0001,1.8017528805723053
263,1.7986290121175212,0.7850363781679475,0.04167249333302341,0.9719201410094817,3.048359388753802,0.0001,1.7991908619418346
264,1.7964697304893942,0.7855962707111367,0.04123682496997454,0.9696366297304025,3.0381556829139136,0.0001,1.7987593424489485
265,1.7804157753261542,0.7855986713395883,0.0414217045534455,0.9533953979218466,3.0270524972834405,0.0001,1.79697878027059
266,1.8041466133589676,0.7856943602494245,0.0410344856989553,0.9774177649320985,3.007534990446079,0.0001,1.796886676900527
267,1.8009878837070892,0.7849491590418631,0.04096282374786315,0.9750758994665397,3.022474866367982,0.0001,1.7963095256087747
268,1.8131411133624962,0.7845791940998595,0.04130281807201146,0.9872590986516848,3.021749631870107,0.0001,1.796370130330022
269,1.790673071182282,0.7852666703247395,0.04131833244772518,0.964088070223346,3.053218084706738,0.0001,1.7956315008670274
270,1.811622643083878,0.7851703682003833,0.04148072427474945,0.9849715533894893,3.0496158648214284,0.0001,1.7976996698437548
271,1.7913188769899566,0.7848131199637485,0.04125114701098893,0.9652546080807886,3.0604953775541293,0.0001,1.7982537789712332
272,1.7936504861645959,0.7850946895249233,0.040905228492938,0.9676505651241867,3.0129233913054088,0.0001,1.7981055205782333
273,1.7990272821325801,0.7844800973277063,0.04099549192927672,0.9735516945153293,3.031127698523036,0.0001,1.7981453475797395
274,1.8079083398679692,0.7845885117687512,0.04111572574166691,0.982204105259197,3.0238169443776592,0.0001,1.7992892085175967
275,1.796077140446367,0.7844546225685135,0.041632223322715524,0.9699902911094332,3.0450533843669154,0.0001,1.8008553450296183
276,1.8058420852521855,0.7851139984072827,0.04119599445838232,0.979532095832225,3.081806547501508,0.0001,1.8010248922189398
277,1.7957176110323738,0.7839434632906808,0.04148187864624704,0.9702922694581517,3.025107964057226,0.0001,1.8004978649514682
278,1.7952494906605378,0.7849700580262268,0.04173517734960901,0.9685442539547809,3.026841872120484,0.0001,1.7987087026812727
279,1.8045174154258403,0.7840873816675878,0.04147185805361363,0.978958172561189,3.018800674539067,0.0001,1.8000931371056286
280,1.7938372097440956,0.7847381246259199,0.041498822324416214,0.9676002608593289,3.033660350416543,0.0001,1.79831459377165
281,1.796595428826601,0.7846646444309072,0.04137475398684612,0.9705560321619254,3.0503196784013666,0.0001,1.7988422489553149
282,1.803472839310977,0.7844641998138195,0.04191043942743576,0.977098200855584,3.0561740683735503,0.0001,1.7998244842699527
283,1.7917177986663446,0.7841254744761856,0.04140429395207527,0.9661880347719057,3.071422548855052,0.0001,1.799093535923329
284,1.7797569082426492,0.7845912715967964,0.041725899336545996,0.9534397354957782,3.056591308624701,0.0001,1.7962783927607973
285,1.800053274172073,0.7841451276872028,0.041595389586675,0.9743127567772933,3.0349596813774498,0.0001,1.7966760061333678
286,1.8003061755917378,0.7842384848826798,0.04168534182148096,0.974382349008479,3.074196290292798,0.0001,1.7961224151673232
287,1.8037508897800716,0.7838756746742837,0.04128704375717751,0.9785881717717672,3.0449973593860804,0.0001,1.7969257430420928
288,1.787781617946122,0.7842674107870756,0.041674566075477835,0.9618396423530385,3.026914913320638,0.0001,1.7961789557706513
289,1.7915227800063622,0.7840212504955625,0.0416495589648976,0.9658519686719225,3.075197050102342,0.0001,1.7948794922287035
290,1.7949163553439096,0.7834265345733983,0.041708475194161126,0.9697813498683682,3.031316077249771,0.0001,1.7949874067886846
291,1.7873556227035987,0.7831007166034551,0.0414284699828823,0.9628264377494371,3.028801775365524,0.0001,1.7940634261763848
292,1.8010579376626934,0.7833910910884943,0.04156300625017642,0.9761038364551614,3.0278150631496437,0.0001,1.7938219360115564
293,1.7865981680868122,0.782885860477935,0.04172178431892008,0.9619905229877023,3.0475516029110303,0.0001,1.7933099729536028
294,1.7871090993436307,0.7835375134649916,0.041433050231082444,0.9621385335317731,3.081467551585385,0.0001,1.794045192063701
295,1.785306605799445,0.7837209584263227,0.04140788739883392,0.9601777579189555,3.040452578488518,0.0001,1.7925705252264383
296,1.79114863741954,0.7835448564428829,0.041197425937072256,0.9664063551604869,3.059937580362053,0.0001,1.7916547714092186
297,1.7843385093352373,0.7832140776255068,0.04119117458258391,0.9599332594847341,3.0382785859988135,0.0001,1.7897135333647352
298,1.79059939355444,0.7829704823890515,0.04133655647718882,0.9662923530560236,3.0344359594232895,0.0001,1.7899953109255669
299,1.7939249540681046,0.7827730144980471,0.041655890356454596,0.9694960492740539,3.070755702245066,0.0001,1.7902355283317413
300,1.7824821692209456,0.7829442100399164,0.041255258885165014,0.9582826992681979,3.0644973963801325,0.0001,1.7889921097194446
301,1.788046811463625,0.783201469490059,0.04149625872018129,0.9633490808353463,3.05421200872193,0.0001,1.7890612285954475
302,1.7952321422027526,0.7829588287742336,0.04157513247058551,0.9706981778144836,3.0546560986288664,0.0001,1.7884786490494533
303,1.79179742829553,0.7829340523445099,0.04157822272356819,0.9672851555850395,3.0494298016081958,0.0001,1.7889985750703254
304,1.7726062258165216,0.7827173337249679,0.041572800030814705,0.9483160947205812,3.0625237804397365,0.0001,1.7875482877176139
305,1.789981524794387,0.7829545454611401,0.04165800275473759,0.9653689748254316,3.0651386514396743,0.0001,1.7880157796171083
306,1.7908968345146876,0.7828981535429886,0.041464317401089,0.9665343661095501,3.0377909235248217,0.0001,1.7879905993266232
307,1.794697211431925,0.7828333369375,0.04146818602060933,0.9703956875670512,3.0653564223894967,0.0001,1.7890264695362919
308,1.7802774910994523,0.7829660981228579,0.040905993802068684,0.9564053973609971,3.0891046669130153,0.0001,1.787994279290793
309,1.7974236432243795,0.7824296276661252,0.04148234218419444,0.9735116742808243,3.0361708840298602,0.0001,1.7883441482064206
310,1.8050881658074338,0.7829256538928885,0.041379415964741734,0.9807830937131181,3.0338653289763973,0.0001,1.7906047478650695
311,1.7885380432039923,0.7826875057713739,0.04112831308198507,0.9647222196354586,3.057479840021346,0.0001,1.790653871039106
312,1.7850078762665724,0.7829172047833642,0.04126499971076393,0.9608256712888366,3.0734232930092493,0.0001,1.789631444445488
313,1.8017353157968115,0.7821237010839744,0.041771107222922675,0.9778405057972875,3.0184122193415797,0.0001,1.7906252331956165
314,1.7896863625934594,0.7826012342745102,0.041701789076381474,0.9653833393030186,3.01671886395731,0.0001,1.79233324687331
315,1.793423472988678,0.7826178072674037,0.04164792509639964,0.9691577406248747,3.040649009524688,0.0001,1.7926774416927393
316,1.8101798801344742,0.7822832709393686,0.041570830780400705,0.9863257777497444,3.059710386316868,0.0001,1.7946057462547178
317,1.780096141368332,0.7821615219841622,0.04156502652119913,0.9563695921980101,3.034796471528059,0.0001,1.7931456392483587
318,1.7797773965232029,0.7821781827518471,0.041549519157796554,0.9560496938276968,3.0456509594985004,0.0001,1.7930956297907337
319,1.786521334435345,0.7823204789877422,0.04168569969115344,0.9625151537917932,3.0064569578693074,0.0001,1.7920053989118305
320,1.7950277587221313,0.7825076271747721,0.04195543766988944,0.9705646943006264,2.992720060609659,0.0001,1.7909993582033
321,1.8076268473213148,0.7823093237306235,0.04104598371300688,0.9842715424166248,3.0517925916288737,0.0001,1.7929082386150323
322,1.7993057697830046,0.7822364467152717,0.04115600034624761,0.9759133236887005,3.0479162360785215,0.0001,1.7943380279666752
323,1.7967423776100422,0.7824822303973153,0.04119469476278123,0.9730654558351992,3.0170793864596446,0.0001,1.793838734147998
324,1.7845386184495071,0.7817521008226499,0.04104519373988525,0.9617413246123834,3.077184205122942,0.0001,1.793323959733603
325,1.7949122710353704,0.7814622016030441,0.04153654178789615,0.9719135245009803,3.073645727145986,0.0001,1.7934728395382724
326,1.7909914789528683,0.7813939842684515,0.041529850350432176,0.9680676442130826,3.0641648459869755,0.0001,1.791553999420112
327,1.7880141507781302,0.7811142618467551,0.04103449174405111,0.9658653974291277,3.049728903277167,0.0001,1.7923458003610917
328,1.7913433809067607,0.7817134710886415,0.041901557005443145,0.9677283535380876,3.0535169092685166,0.0001,1.7935023987994474
329,1.7839561197868952,0.782238665749045,0.04166267537200185,0.9600547776381819,3.0054859259065703,0.0001,1.7932458773346025
330,1.7822058428131784,0.781256831683687,0.04147511273320258,0.9594739025069541,2.9953501074599447,0.0001,1.791963685743707
331,1.7928621406245666,0.7818569481735539,0.04095764866223442,0.9700475422170535,3.0330712376936937,0.0001,1.7904872150740325
332,1.7800363273214375,0.7816311447422113,0.04141839304995585,0.9569867874739378,3.049445403758701,0.0001,1.7885602708278756
333,1.7899435216950113,0.7810627866468371,0.041590926613333745,0.9672898055936453,3.0217703895201304,0.0001,1.7878803852363725
334,1.8006259703491088,0.7811491102524268,0.041611341869129854,0.9778655178648463,3.0251503699207887,0.0001,1.7894891204263328
335,1.7849471157994763,0.7815530985654247,0.04120312186815676,0.9621908975421294,3.060181103903672,0.0001,1.7884926049027434
336,1.7903956046694431,0.7812373228295579,0.04117604830202176,0.9679822339005693,3.1129155357275726,0.0001,1.7884330174744005
337,1.7881816531291599,0.781314795810359,0.041439129421241866,0.9654277270512455,3.0339678436457262,0.0001,1.7884497677095037
338,1.7936590776965777,0.781516413901447,0.04163385960925182,0.9705088073897797,3.0192675880679736,0.0001,1.7886813373884856
339,1.7878011332080523,0.7815455386894954,0.041842095266732916,0.9644135016698624,3.069313262103779,0.0001,1.789065838730601
340,1.7936036308687067,0.7812989725302489,0.041419945672366,0.9708847116988765,2.9804133080082056,0.0001,1.7902056175361536
341,1.7858872846464116,0.7810692529649328,0.0415097970749737,0.9633082350221053,3.0235960033795894,0.0001,1.7895081319383384
342,1.7810530183765032,0.7810231896974977,0.04133075245979108,0.9586990770655278,3.0300420326828714,0.0001,1.789609801043845
343,1.7898089561694535,0.780824539506653,0.041592839765258544,0.9673915770184438,3.0243163074973145,0.0001,1.789596344491289
344,1.7735962966876389,0.7804864832402243,0.041203538012552936,0.9519062732586271,3.0502340044017737,0.0001,1.7868933771251423
345,1.7811768216970727,0.7811801189341361,0.04139915513702145,0.9585975461146411,3.04528699008253,0.0001,1.7865163477149022
346,1.7903062279277593,0.7811279203780525,0.04155104010390462,0.9676272687152724,3.0164637642990018,0.0001,1.7865074100407334
347,1.8001536556479898,0.7804185795252028,0.0414277252270774,0.9783073462409857,3.0286326647772026,0.0001,1.7877046102926166
348,1.7851577885977878,0.7809817850227047,0.04101540931098118,0.9631605929946319,3.051101104241114,0.0001,1.7868544813827376
349,1.797887302557305,0.7802403917419016,0.04138166062972125,0.9762652494602706,3.0482477261618715,0.0001,1.787863098317663
350,1.7865029002783506,0.7800377817714915,0.04126225064298927,0.9652028672291347,3.0567756622848354,0.0001,1.7871530252586272
351,1.7841279818610294,0.7804952375061855,0.040991977552371384,0.9626407646866889,3.013571889598761,0.0001,1.7869770949800892
352,1.7868777141126126,0.7806606546618634,0.04103868655694184,0.9651783726520036,3.0746887141260606,0.0001,1.7875595645537001
353,1.7767189293797554,0.7807252160434065,0.04135764177140551,0.9546360669102195,3.023814845520391,0.0001,1.78625056187473
354,1.7857342489350883,0.7805311577073459,0.04156105610226521,0.9636420344000656,3.0272599057300096,0.0001,1.7874643570994753
355,1.7904433867994234,0.780046780138422,0.0412190799539036,0.9691775277347642,3.06155041990609,0.0001,1.7883910136097103
356,1.7792226550061612,0.7804533927484169,0.04162108390374793,0.9571481811951914,3.030721666846749,0.0001,1.7872826563175503
357,1.7914423306621838,0.7798990237301794,0.04143799560307006,0.9701053090317979,3.0401630662759467,0.0001,1.7864115238189697
358,1.7880230329583189,0.7800850749741219,0.04134814686030452,0.9665898098544223,3.0503777538787036,0.0001,1.786698048255023
359,1.7926737889798612,0.780161648686469,0.04143755817993659,0.9710745816298479,3.026745245616286,0.0001,1.7861766968972783
360,1.7839593377123015,0.779917081398606,0.04112090155270714,0.9629213560304584,3.0534631572437094,0.0001,1.7859223406406735
361,1.7764044608354086,0.7792122928656139,0.04104824868950834,0.9561439206706583,3.022083784697264,0.0001,1.7851499885381112
362,1.7861698742570549,0.7798258965687626,0.04159753511208308,0.9647464404604256,3.011452242036862,0.0001,1.7850792045525559
363,1.7853443559720115,0.7798946837140871,0.041408628285777495,0.9640410454834208,3.052745746550647,0.0001,1.7859417472117811
364,1.789599876616596,0.7801069576164772,0.04102453934009854,0.9684683797809222,3.0203655733298094,0.0001,1.786328309979932
365,1.7852700900354443,0.7801457071642847,0.04115569252996851,0.9639686893135249,3.010569887035517,0.0001,1.785810980303534
366,1.794262268963982,0.7794490085412232,0.041462768889344005,0.9733504920170225,2.9971454697254947,0.0001,1.7873149416993162
367,1.7959741898047272,0.7792979576766612,0.04116973456214456,0.9755064962964513,3.026208250566138,0.0001,1.7877681276135706
368,1.7804935969880822,0.779273859869394,0.04095364100551025,0.9602660968385893,3.034920769821074,0.0001,1.787015184016547
369,1.7910264077583142,0.7797712661915328,0.041021102582223516,0.9702340401331261,3.0070382489635783,0.0001,1.7868504458943921
370,1.780418408569893,0.7787972878490935,0.04134035400638232,0.960280766956221,3.0165047212739986,0.0001,1.7864963529801514
371,1.77637959010219,0.7790609478466893,0.04119974797927826,0.9561188950620848,3.031384134631128,0.0001,1.7864938659068297
372,1.7847670500467079,0.7795517804898306,0.04100321586910658,0.9642120505443209,3.0059408870720237,0.0001,1.7863535834857949
373,1.789879441744899,0.7795903895496114,0.04106200418414257,0.969227045532656,3.065315200397499,0.0001,1.7868070920630834
374,1.7886032497181612,0.7794730045490768,0.04147594502199494,0.9676543038345979,3.0011759360470105,0.0001,1.7867074293732401
375,1.7858645553279358,0.7791464843808033,0.0413909212329083,0.9653271477797936,3.0067824734635575,0.0001,1.7867668759024895
376,1.7770896550366169,0.7795642626454816,0.041450249254099014,0.9560751416257622,3.0252340342887276,0.0001,1.7850496145097527
377,1.7835061119729558,0.7792633871035933,0.04115273937975901,0.9630899845223881,3.004328883927444,0.0001,1.7838028067265754
378,1.79459596889256,0.7794377973065173,0.04134959502345892,0.973808574507251,3.066835005916882,0.0001,1.785213043917023
379,1.7627040174379793,0.7787744394422302,0.0409278697948185,0.9430017072941662,3.0680114908585927,0.0001,1.7823808048849898
380,1.7837872505187988,0.7793595171845226,0.04111268070600096,0.9633150504520408,3.018256670079415,0.0001,1.7827176890798804
381,1.7814514929576046,0.7795317100463001,0.04182289604241176,0.9600968866875399,3.0078426754257017,0.0001,1.783224879365422
382,1.7770854145228017,0.7790364572290959,0.041355759570371305,0.9566931988114518,3.0329444427761056,0.0001,1.7824567158130313
383,1.7844718298128603,0.7792161050239392,0.04134324912367196,0.9639124757257002,3.0492710276501174,0.0001,1.7819159546198275
384,1.7819473786963411,0.7784862208801641,0.041560844523911546,0.9619003101488156,3.031590234918962,0.0001,1.7812503675176454
385,1.793289168127652,0.7786135333788564,0.0416634138409071,0.9730122203638297,3.0341464312516653,0.0001,1.7819928287976168
386,1.7955607531278661,0.7784982399814753,0.04159226765739023,0.9754702446426872,3.0226646920488522,0.0001,1.7838399386067423
387,1.7788965092711226,0.7787146894733514,0.04140200866405185,0.9587798112546213,3.0098455015108985,0.0001,1.7833789783365588
388,1.7764415286375592,0.7782770705996855,0.04162027482812351,0.9565441830888481,3.020062878939491,0.0001,1.7815635343110585
389,1.7785291096259808,0.7791672091455053,0.04177052810274322,0.9575913717732226,3.0104532752027375,0.0001,1.7831460435298587
390,1.7797874642675837,0.7795513524970467,0.0415172680879945,0.9587188455565222,3.0420145877234592,0.0001,1.7827460649047375
391,1.7833684269361516,0.7785116305941259,0.04173116654943501,0.9631256293694339,3.024543562960673,0.0001,1.7829377583025916
392,1.7846961974130442,0.7788137182986277,0.04178368706732202,0.9640987899917618,3.0332911104024305,0.0001,1.783698836591616
393,1.7830460891278714,0.7782857170211375,0.04158280055373,0.9631775691349657,3.0114084044528058,0.0001,1.7835562625231174
394,1.7751773716711854,0.7781462480765569,0.04134340557075176,0.9556877138527605,3.0790013367457516,0.0001,1.7828792618206015
395,1.7895133156805445,0.7782550691107466,0.04146900839544455,0.9697892428895281,2.9988898805382287,0.0001,1.7825016765758908
396,1.7799086691641663,0.7788214029453348,0.04161596951088122,0.9594712980378713,3.0197137591804983,0.0001,1.780936468179521
397,1.7648838787485088,0.7779453487473618,0.041938002646332094,0.9450005256017372,3.0191348866081626,0.0001,1.7795352051272595
398,1.7820158452097832,0.7781283979967206,0.041617471596290326,0.9622699737427927,3.034360513242215,0.0001,1.780092636784482
399,1.7837212018018804,0.7780045431719349,0.041689147088397105,0.9640275177679971,3.004989721712186,0.0001,1.7806118460020723
400,1.7757116498134682,0.7786718787092708,0.04165286297246844,0.9553869113205171,3.005359184427629,0.0001,1.780204264556661
401,1.7848441786988511,0.7776276541771802,0.04167818007556227,0.9655383447483635,2.9841725601385862,0.0001,1.7803518397329303
402,1.779907361247235,0.7777604330142178,0.041731354431013064,0.9604155704167503,3.0124412513891534,0.0001,1.7798729561163493
403,1.8004855541380134,0.7780067408060689,0.04131878051022729,0.9811600321567566,3.021878435935742,0.0001,1.7816169026173636
404,1.7943457899422481,0.7780326306215406,0.04135593487815006,0.9749572291577322,2.963063533117515,0.0001,1.78353374444447
405,1.7692736159957205,0.7784324965418957,0.04141590875737807,0.949425213235387,3.0012328576364573,0.0001,1.7815097744759876
406,1.7797499824972713,0.7774762936828102,0.04101586849645959,0.9612578226151379,3.011466111904709,0.0001,1.7814939058092982
407,1.7717508321843332,0.7773709777160783,0.04101218920934031,0.9533676662865807,3.021614363179004,0.0001,1.7821806011528807
408,1.7834190226955298,0.7778261646054095,0.04112013334193046,0.9644727235996216,3.027200828459393,0.0001,1.7823209189014553
409,1.7751969667283807,0.7780149100276568,0.041955815609280044,0.9552262352881519,2.9896171506471614,0.0001,1.7814684953941051
410,1.7819638136192462,0.7775175183346499,0.041786598869076125,0.9626596959319125,2.969467149544923,0.0001,1.782093711774683
411,1.7740527684016354,0.777967957163921,0.04159810915438205,0.9544867040177629,2.995465478839062,0.0001,1.7810145707449614
412,1.7935181196030932,0.7777263528193228,0.041827303159067644,0.9739644606626058,2.9812627155447102,0.0001,1.782375646580547
413,1.7781233473191638,0.7779565651808501,0.04155001969173037,0.9586167596053884,3.0112391548272806,0.0001,1.7801394258986623
414,1.7828598762380665,0.7777384536503295,0.04120215441102189,0.9639192678140095,3.0029361509164496,0.0001,1.7789908345282441
415,1.7882572804213053,0.7776710571188472,0.041350788808981256,0.9692354317127329,3.040124447302209,0.0001,1.7808892009708024
416,1.7838958533250293,0.7770985184770085,0.04131106092286642,0.9654862737438016,3.0298485896166634,0.0001,1.781303788053578
417,1.7723394634757517,0.7773225743920518,0.04150334937577315,0.9535135372294373,3.0076960620241766,0.0001,1.7813626511827203
418,1.784030338329911,0.777063024938711,0.04148181045756621,0.965485501059654,3.0077593019477735,0.0001,1.7814237827461583
419,1.8066262739425256,0.7779365931514794,0.04076508987264266,0.9879245933968929,3.0024757685090657,0.0001,1.784566713467573
420,1.7751794335324673,0.7771957913228513,0.04148696547347682,0.9564966743181008,3.0486197771455403,0.0001,1.7838882754588952
421,1.7883737176717174,0.7775786613354093,0.041758100594758506,0.969036955197491,2.9515796778893617,0.0001,1.785320370385903
422,1.783576054698797,0.7770198268048903,0.0418419349507918,0.964714292761762,2.9963030159836124,0.0001,1.7843261638954737
423,1.7927246374242447,0.7774893920755289,0.0413745929454935,0.9738606514360068,2.9803681869294048,0.0001,1.785786292905982
424,1.789505763179632,0.777850069695022,0.04128943422986818,0.970366256111292,3.0309434304614578,0.0001,1.7864508816001383
425,1.779239568700655,0.7769346997655672,0.04150914396282142,0.9607957237632473,3.0104628513599265,0.0001,1.785549110428073
426,1.783379244272414,0.7777891189283096,0.04148316794428332,0.9641069561908018,3.0441610402074355,0.0001,1.7854974495228118
427,1.7793639373585854,0.7769437721244704,0.04152540962304353,0.9608947570014436,3.0226684076065466,0.0001,1.786199896911095
428,1.7736766746996866,0.7766430215951637,0.041583940658801465,0.9554497120225647,3.0224148939395774,0.0001,1.7851645305480723
429,1.792220029095849,0.7771510126382778,0.04182509162121322,0.9732439227810255,2.9752412386404816,0.0001,1.7837239060634047
430,1.7876841318292986,0.7765646673602942,0.041356420178442405,0.969763039998544,2.972174136682166,0.0001,1.7849743758930878
431,1.7876233527433074,0.7768303722929035,0.04142820883474292,0.9693647717970139,2.977819099629385,0.0001,1.784899339400247
432,1.7695729993661566,0.7767216948901906,0.04158188435900768,0.9512694194519979,3.0156465466559297,0.0001,1.783499033866983
433,1.785277098719537,0.7770323851287486,0.041546977074102744,0.9666977367584894,2.992341760447736,0.0001,1.7827542799965124
434,1.776821695283267,0.7777178736052214,0.04176778508006438,0.9573360347240014,3.0033127985909793,0.0001,1.7814858732068757
435,1.7808220268021249,0.7767933841651158,0.041319389130474345,0.9627092515116531,3.005290740643747,0.0001,1.7816441190170225
436,1.788724643463537,0.7764555763521253,0.04146071258955021,0.9708083513179608,2.9584771428582153,0.0001,1.7821786589361353
437,1.777410538153039,0.7768399942719186,0.041690585821202025,0.9588799566090953,2.9783851048525642,0.0001,1.7819833190155805
438,1.7855550181309543,0.7770627433581478,0.0418770929862713,0.9666151825119468,3.030475537143421,0.0001,1.7831711533587071
439,1.7873959850829706,0.7768315375455737,0.041647194607020877,0.9689172534744348,2.9687401525389108,0.0001,1.782688748957419
440,1.7905637209604042,0.7767998421409793,0.04112989665528582,0.9726339816200805,2.99602230712318,0.0001,1.7829767078705299
441,1.7766079902648926,0.7770732654519303,0.04146065455663035,0.9580740704376848,3.020738853644164,0.0001,1.7818751716226882
442,1.7886605939807079,0.7767456253692054,0.041637377855018476,0.9702775912400917,2.994759473790987,0.0001,1.7837839310841435
443,1.7774047757259006,0.7765755596557447,0.041369501040383234,0.9594597152715765,2.993797734107739,0.0001,1.78299669878478
444,1.770533072779193,0.7763097797639471,0.04189792583728659,0.9523253714095264,2.9612829835129557,0.0001,1.7823678365343727
445,1.7747540652872824,0.7763323094733589,0.04176987063812194,0.9566518834831749,2.9921200304437603,0.0001,1.7817610403828883
446,1.7949395832618884,0.7762720694890128,0.04142908585724434,0.9772384276133763,2.9912839680607854,0.0001,1.7823825343627235
447,1.7640949591661805,0.7765535141585082,0.04174037516479802,0.9458010672434832,2.9951415709984954,0.0001,1.7810509764640376
448,1.7835701822509147,0.7765276153962946,0.04154249814170853,0.9655000676852452,2.990484113625532,0.0001,1.7808524928760334
449,1.7866028474745836,0.7765994942454247,0.041139862116645366,0.9688634879086129,2.9992534640352817,0.0001,1.7807731791151948
450,1.79063222301901,0.7766610746693176,0.04110415905532682,0.972866984276936,2.996809246815726,0.0001,1.7807800293210554
451,1.774540516474184,0.776808474175103,0.04154144653683985,0.9561905931023991,3.1036100198966254,0.0001,1.7805732819419844
452,1.7787050480291278,0.7758889562217991,0.041288360862654555,0.9615277319723404,3.0190816571214376,0.0001,1.7795777273468265
453,1.7604816271857364,0.7760361404012714,0.041669294510119824,0.9427761875591704,3.043709295516565,0.0001,1.7778854124928103
454,1.784492600036683,0.7761995058514284,0.041872828775680576,0.9664202623870262,2.964708418681704,0.0001,1.779281365218559
455,1.7906760269923336,0.7753265403347132,0.041640791399725555,0.9737086970714236,3.0065628906776167,0.0001,1.780873561389064
456,1.7702184204639335,0.7760957531464753,0.04151896603450814,0.9526037021292634,2.9849621751487376,0.0001,1.7784014451092687
457,1.765493296222803,0.7762948249223024,0.04155562978245424,0.9476428399160958,3.032185542414203,0.0001,1.7785412788149313
458,1.785049505698028,0.7757220803845001,0.0413765607450845,0.9679508660192664,3.0256466468981267,0.0001,1.7786892111596422
459,1.7650333251237387,0.7749272373336807,0.041778506420205135,0.948327579556324,2.996388404412879,0.0001,1.7765322589245578
460,1.7810085634672617,0.7763651189891126,0.04189091328433271,0.962752533188698,2.9835833175670787,0.0001,1.7755698929693828
461,1.789338942473607,0.7763412481147426,0.041411864346471323,0.9715858283197663,3.026976143854385,0.0001,1.7770497355693256
462,1.7757850631497212,0.7765526174289943,0.04155712147029853,0.9576753205629198,2.9809006406617695,0.0001,1.7767577370813847
463,1.777711706277565,0.7757223011513994,0.041732263855228074,0.9602571397596634,2.9909052563487397,0.0001,1.7784807449905675
464,1.7763571741614816,0.7762252432095835,0.0418732688586562,0.9582586674129262,3.0133860423163514,0.0001,1.7776672024030475
465,1.7617265580875636,0.7762560268928265,0.04176982131014006,0.9437007076479117,3.0344577096780463,0.0001,1.7747722555125705
466,1.7667252867507162,0.7754360992332985,0.040972348642639406,0.9503168419804462,2.979267283820719,0.0001,1.7744229421412487
467,1.7792932658359921,0.7756613673109554,0.04131063752435526,0.9623212559228012,3.0110731030574436,0.0001,1.7758029391025676
468,1.7750236371467853,0.7754386393825616,0.04115674655287551,0.9584282485515061,3.036067173882382,0.0001,1.7748003522474434
469,1.7842631673716145,0.7756244204107211,0.04161659965166939,0.9670221483368903,2.9847415656637226,0.0001,1.7767233364722308
470,1.7696398037200525,0.7756566495972763,0.041657432823103774,0.9523257157381844,2.958633585343738,0.0001,1.7755864604975098
471,1.7624962629701255,0.7758816594284398,0.04182450669774177,0.9447900968439439,3.0023799537403346,0.0001,1.7729021925471617
472,1.7629152122907659,0.7753878135468365,0.04127240543674988,0.9462549919168074,3.009666832900676,0.0001,1.7716152074612666
473,1.7691750756141864,0.7753228374717201,0.04187710024038628,0.951975136451257,2.986428367438713,0.0001,1.7707615443949283
474,1.7688795516747249,0.7756787843201272,0.04170290645189266,0.9514978576383533,2.988615899492229,0.0001,1.7700137821462527
475,1.7678779017852722,0.7749157745020868,0.041801997662557794,0.9511601296206275,3.015895725505589,0.0001,1.7706289165160236
476,1.7758154196864935,0.7749883081559961,0.04171847716789942,0.9591086344834999,3.0052988754082888,0.0001,1.7715379298096015
477,1.773902880492607,0.7755326073745201,0.041151677619129357,0.9572185971311333,3.0041882696790094,0.0001,1.7709988912752628
478,1.7637600446569508,0.7754992484804583,0.04150531910979482,0.9467554751927181,2.9668435264552584,0.0001,1.7698725320262791
479,1.7791585586133882,0.7754614084777677,0.04167350576567118,0.9620236497500847,2.9996345096379216,0.0001,1.7693620711504567
480,1.7739034929817152,0.7752535858212329,0.041460488679201074,0.9571894198112023,3.02213561752505,0.0001,1.769788440076623
481,1.7783466490480528,0.7750644161541612,0.04125275573188828,0.9620294781292186,3.0291881805501166,0.0001,1.7713734786844157
482,1.7735430959755702,0.7747706610097362,0.0415636032638395,0.9572088284376427,3.010572212946584,0.0001,1.7724362670528961
483,1.77030530348269,0.7752786200138425,0.04190417888440177,0.9531225054912102,3.017800042401946,0.0001,1.7725492898397466
484,1.779406072885463,0.7754889136637442,0.04185081156949243,0.9620663460805015,3.0090501127088287,0.0001,1.7736019419608204
485,1.7761452241553255,0.7752860369837067,0.04216732142179539,0.9586918626063736,2.9785178769190943,0.0001,1.7744286741978257
486,1.753499044607909,0.7743527185602556,0.041753154255555563,0.9373931731220191,3.0491909579379564,0.0001,1.7721970366899673
487,1.782123156541743,0.7753664226125752,0.04148494302621961,0.9652717896334781,2.995361430649825,0.0001,1.7730190642948809
488,1.7893815768417916,0.7756213806947395,0.04174246821877439,0.9720177275051209,3.0165071755829014,0.0001,1.775581217513365
489,1.7785547546150717,0.7747843556907066,0.04170016342921383,0.9620702353137985,3.0384522548311863,0.0001,1.7755208371135331
490,1.779383377419524,0.7752308710109873,0.04173539013698183,0.9624171218934939,2.9537498148169528,0.0001,1.7760688255573143
491,1.776101023623716,0.7748953681930325,0.04174563343094522,0.9594600194607981,3.00873664716678,0.0001,1.7758442630148803
492,1.7939192351656559,0.774632169073542,0.04161695873036104,0.9776701032510877,2.9840844049898654,0.0001,1.777881876933889
493,1.7654554309516117,0.7751832196968806,0.04171235106779644,0.9485598586756607,3.0374745343326315,0.0001,1.7773968896807812
494,1.7739130826799188,0.775541918877414,0.041504696223121626,0.9568664629851104,2.982903406537812,0.0001,1.7768475906602266
495,1.7685668857779513,0.7752138867097742,0.041473387221052004,0.9518796093384102,2.9846517701178,0.0001,1.7760897568224892
496,1.7935627902013536,0.7749088331603617,0.0415485732212028,0.9771053798300258,2.987316948646948,0.0001,1.7800961313818338
497,1.772336264652848,0.7749971239610328,0.04125235530474123,0.9560867861124855,2.99746129333852,0.0001,1.779117442192944
498,1.7717940442218743,0.774689165984883,0.04126472115274859,0.9558401575678502,2.993408191518416,0.0001,1.7773586889309523
499,1.7825621303631858,0.7752821536141525,0.04165618995140339,0.9656237874625905,3.006269738108343,0.0001,1.7777594265057641
500,1.804288579532631,0.7746249662209718,0.04147333426601263,0.9881902783202351,2.9735741233245356,0.0001,1.7802499467170747
501,1.7714650478614513,0.7744132635801365,0.04132672158989897,0.955725061512622,3.039972799061278,0.0001,1.779786349140848
502,1.7650491685944687,0.7742905928687198,0.04147792394456225,0.9492806486981877,3.0071432111713032,0.0001,1.7768993424837294
503,1.7671504775118876,0.7740724280204541,0.04191933635765834,0.9511587127710694,3.0064864040146495,0.0001,1.7770688471397569
504,1.7721778475972267,0.7742920473187739,0.04183976548680427,0.9560460331594727,3.027394111451464,0.0001,1.776895323631488
505,1.76371217668661,0.7746659030053485,0.04129359373939932,0.9477526809695285,3.0041775069904135,0.0001,1.7764098527223537
506,1.7740673731113303,0.7750690508082237,0.04140359006111811,0.9575947281313233,2.950794917091153,0.0001,1.7744603110133514
507,1.7841266906285624,0.7748046776102232,0.041756852886981465,0.9675651587409857,2.993529271644221,0.0001,1.775639353610923
508,1.7738456791361255,0.7750098922915197,0.042154663716561895,0.9566811240348081,2.9785115670480784,0.0001,1.7758445171023478
509,1.7680127052458015,0.7749300424999446,0.04168994987712187,0.9513927126571566,2.993153879415191,0.0001,1.7743895745906095
510,1.7649548167389257,0.7750132320860579,0.04200397229339724,0.9479376125559362,3.0057777357391604,0.0001,1.7704561983112388
511,1.7634209861136354,0.7743575940509355,0.04166540582088138,0.947397985335054,3.037877726022902,0.0001,1.7696517921364574
512,1.7585225535696467,0.7750062769615143,0.041839431313907396,0.941676846805499,3.037026049399231,0.0001,1.768999130633975
513,1.769938604343252,0.7746502825986541,0.04156386296115589,0.9537244610805782,2.9852358245462725,0.0001,1.7692779433171115
514,1.7584343253961683,0.7742330260257451,0.041910136930840974,0.9422911639508562,2.9982167337293797,0.0001,1.767903591097006
515,1.7911641365616122,0.7736621525660006,0.041908142532828374,0.9755938412814305,2.967415086396084,0.0001,1.770648787084506
516,1.7709909102012371,0.7741056334899841,0.04190117350456439,0.9549841063350257,2.952326813285781,0.0001,1.7703411407934966
517,1.7898429666039426,0.7740610701317235,0.041466537643881404,0.9743153582238281,3.0039790924374037,0.0001,1.7709127683910346
518,1.7701654659081667,0.7737905157023462,0.04144080633082206,0.9549341460512327,2.9490815309191816,0.0001,1.7705447470682387
519,1.7656848162231291,0.774477019150407,0.04148222781098155,0.9497255635188995,3.0066645762016035,0.0001,1.7703119581659716
520,1.7612784774501715,0.7734476911852374,0.041401602433612815,0.9464291810505773,2.972205904386106,0.0001,1.769944324237096
521,1.7615962514529122,0.7744716592057481,0.04148220145436378,0.9456423942385048,3.026303879629526,0.0001,1.7697618507710238
522,1.784776274621124,0.7739879236260002,0.04136325766542137,0.9694250946596235,3.010773922318619,0.0001,1.7723872228761717
523,1.7854264382174725,0.773484718606148,0.04157475936727156,0.970366958853681,2.967129741430766,0.0001,1.7739360062635938
524,1.7666898025218662,0.7733371240855714,0.04161109547102427,0.9517415777060372,3.026921730737899,0.0001,1.7747615539761632
525,1.7768526355344916,0.773236066888844,0.041636807439777,0.9619797620521839,2.972323101142357,0.0001,1.7733304038734516
526,1.768009924259921,0.7735165656217455,0.042197986983866044,0.9522953740723477,3.015006781349801,0.0001,1.77303230527932
527,1.7701031869130008,0.7736530602582812,0.041549176038157866,0.9549009493470917,3.033136381338866,0.0001,1.7710583273102256
528,1.7819071921083556,0.7733195804920932,0.04183379776821175,0.9667538172937552,3.0091836505680973,0.0001,1.7722324999302443
529,1.7648174859447363,0.773082184985008,0.04147821314194623,0.9502570857019985,3.0354983231116988,0.0001,1.7721457669024052
530,1.7730248811037013,0.774438391834437,0.041548972439330686,0.9570375179785019,2.959758840758225,0.0001,1.773320407267758
531,1.776632077795497,0.7740131153538068,0.041837574018667965,0.9607813860956602,2.9670486955565325,0.0001,1.7748239899020166
532,1.7735390670401088,0.773612530429755,0.041652999591633946,0.9582735401621697,3.012443744628473,0.0001,1.7737002691439152
533,1.7847182356561657,0.7744334476714686,0.0416010279684473,0.9686837568728001,3.015452070845552,0.0001,1.7736294488877842
534,1.7832384510891433,0.7729171885679992,0.04163943778186976,0.9686818234698042,3.027243043539732,0.0001,1.7752843137445122
535,1.7676080939252286,0.7724980340768067,0.04199810903406046,0.9531119518420276,3.0065758769942588,0.0001,1.7743598595835859
536,1.7761629899665259,0.7737364985396364,0.04172700607268854,0.9606994846892405,3.0066588884918493,0.0001,1.7751751661542463
537,1.7549825505359178,0.7735142698152554,0.04130867915511373,0.9401596003565295,3.007296816572456,0.0001,1.773663102516538
538,1.7486819819552903,0.7738234896447064,0.04147518599976391,0.9333833067339767,3.021201395843382,0.0001,1.7703405815012314
539,1.764589380299102,0.7736670883867368,0.04166734194417029,0.9492549520235275,2.9869233234417125,0.0001,1.7703177709366682
540,1.766447512905206,0.772829798728409,0.04155021531103107,0.9520674998934322,3.0022719068411154,0.0001,1.7696600341168185
541,1.771097887602104,0.7733058223376168,0.0412733917545837,0.956518674114413,3.013561391685362,0.0001,1.769106615097479
542,1.7783659440266917,0.7736189728092712,0.041785793178705365,0.9629611816657726,2.958187019849162,0.0001,1.7695893027961376
543,1.7731845760925788,0.7737320605929918,0.04176981091257525,0.9576827040353968,2.9993048587145235,0.0001,1.7684359368397788
544,1.7798165636662295,0.7739489523440781,0.0417660639203828,0.9641015484898859,2.9728600207497093,0.0001,1.7680937480974876
545,1.7708814763152334,0.7738962889201259,0.04145590190229745,0.9555292853114571,2.982721514198891,0.0001,1.7684210863364878
546,1.7723350295188702,0.7738187993757624,0.041899829317058074,0.9566164039694997,2.944529856677955,0.0001,1.7680382902917224
547,1.7635381342673158,0.7733616870025108,0.04163160091965,0.9485448448943318,3.041256568978331,0.0001,1.768893848664862
548,1.7656864331653588,0.7727900751947632,0.04177910706092571,0.9511172510305718,3.049496435006782,0.0001,1.770594293785869
549,1.7660422414601695,0.7728406637000264,0.04172092132104096,0.9514806563786512,3.004359855371363,0.0001,1.7707395799019756
550,1.7616948498673661,0.7737280391534492,0.04156100121279517,0.9464058085339064,2.9758481515106756,0.0001,1.7702643135981915
551,1.7730850844547665,0.7730208932748914,0.04144190508743812,0.9586222837953007,2.965934529024012,0.0001,1.7704630332834579
552,1.7641542883963903,0.7732222479207037,0.041922787381959495,0.9490092524287667,3.0456500266193136,0.0001,1.7690418677204278
553,1.780299339768369,0.7734426811307246,0.04164741875917385,0.9652092364932171,2.989616371071605,0.0001,1.7697533440880069
554,1.7771387961041372,0.7737786819436729,0.04188044076033586,0.9614796735814812,3.08484292127056,0.0001,1.7694855673317977
555,1.7635286901350196,0.773175547862875,0.04198855874988177,0.9483645834618117,3.027184210249183,0.0001,1.768750288713776
556,1.7637623816909944,0.7731035801508364,0.04196920936538046,0.9486895968295014,2.98097291002409,0.0001,1.767893023930989
557,1.7599322363039058,0.7736370339838535,0.04210266863840347,0.9441925301150424,3.052051441664628,0.0001,1.767532434134648
558,1.775588439154093,0.773382322057991,0.042049315831724096,0.9601568016875346,3.01003353494176,0.0001,1.7685226347335212
559,1.7886770796824178,0.7734531632059728,0.04149392966566415,0.9737299859644675,2.9593836100541555,0.0001,1.7707861185557459
560,1.7724405275638881,0.7735153442705862,0.04211837742439874,0.9568068065943147,2.99109189166984,0.0001,1.771860686325398
561,1.7809072430670625,0.7727950003761307,0.04209453895174224,0.9660176981777013,2.991725133833972,0.0001,1.7726429021866277
562,1.768781859541036,0.7726098101956366,0.04240323999107005,0.953768807178095,2.9718221740355113,0.0001,1.7731056593010923
563,1.7664711690577726,0.7723400631492569,0.04232436793329266,0.9518067333809502,2.974368760842097,0.0001,1.7717228422300326
564,1.766292338197178,0.7728448639535034,0.042091570809695104,0.9513559045825478,2.963499528157542,0.0001,1.770638196439337
565,1.771931596991982,0.7725550920436155,0.041805112337727574,0.9575713946055205,2.976756705231889,0.0001,1.771478487125033
566,1.759492173881608,0.7734703219686512,0.04164535738149956,0.944376495135967,2.9807965743372455,0.0001,1.7710514663440944
567,1.7719417348594744,0.7728280728535526,0.041817268541811926,0.957296390078856,3.005943488881264,0.0001,1.7722524161996513
568,1.7643402984127796,0.7723601740949294,0.04184765119339825,0.9501324716131779,3.06603315103852,0.0001,1.7711276021255202
569,1.7696296764919288,0.7724359902358684,0.04200994267183192,0.955183744430542,3.022159023652454,0.0001,1.7692228618064711
570,1.7574220201790212,0.7728158746965033,0.04144837841784495,0.9431577670646729,3.019351270329396,0.0001,1.7677210110679844
571,1.7751520415106845,0.772598031689139,0.04199084041084769,0.9605631727355005,2.992650266593175,0.0001,1.7671454909123465
572,1.764371597500892,0.7726818645943493,0.04172555186443832,0.9499641775359489,2.9898979825857444,0.0001,1.7667044647083323
573,1.74056136874108,0.7727138662434978,0.04213180720927024,0.9257156926284698,3.059299242907557,0.0001,1.7641134846766626
574,1.7558231992121884,0.7734173261853309,0.04209327455950074,0.9403125992532192,3.0101766013228626,0.0001,1.7630665707781639
575,1.7816986607247869,0.772548874178958,0.041553902335873,0.9675958859630337,2.9974163959282647,0.0001,1.7640432771514445
576,1.7704604980186323,0.7722103453069381,0.04190921348200367,0.9563409453352373,2.9828759845323543,0.0001,1.7651401095651469
577,1.7590277327968915,0.7722890487065421,0.04165852263297803,0.9450801606715088,3.004127427965826,0.0001,1.7638487093588886
578,1.7714038446515374,0.7726903783863989,0.04211710843788441,0.9565963633282915,2.9774951992847374,0.0001,1.7645550639827643
579,1.7688161071850852,0.7727363989754574,0.042093505965768684,0.9539862036946821,3.0070797272676386,0.0001,1.7644737070520802
580,1.7640864921631727,0.7727128938293844,0.04197794694687725,0.9493956508428524,3.0076505322968985,0.0001,1.765140154250495
581,1.7797419159214105,0.7732794589493386,0.04184234239025,0.9646201110454409,3.0226398046311695,0.0001,1.7655991416915675
582,1.7623808185662508,0.7718441670129556,0.04196498142536465,0.9485716691909407,2.987331807250667,0.0001,1.7654000637981035
583,1.7664392562715325,0.7725998950294742,0.04222385032181807,0.9516155109806912,2.9852565338355292,0.0001,1.767987852551149
584,1.7603484409092407,0.7724257612083312,0.04243318062525008,0.9454894975039345,2.981106921335263,0.0001,1.768440376720854
585,1.7695920259425413,0.7726533729696371,0.04237283291729662,0.9545658183629808,2.9825236794914725,0.0001,1.7672297132426293
586,1.7657804322291097,0.7720233886285438,0.04241108918528528,0.9513459544757317,2.986700811444141,0.0001,1.7667617066636772
587,1.7637233767983396,0.7724503545925535,0.042198179701520754,0.9490748444991469,2.9933122299747583,0.0001,1.767231271063822
588,1.7799680005706107,0.7725034360953326,0.04212457147137872,0.9653399916135273,2.9904321361990536,0.0001,1.7680876866557296
589,1.7591518693231425,0.7722188241583339,0.04220291156072404,0.9447301351758094,2.9894148096835154,0.0001,1.767121262869535
590,1.7668672843588777,0.7728636314370811,0.04175248663517331,0.9522511641708398,2.9959680615767503,0.0001,1.7673993420891059
591,1.7715894520645452,0.7721064881427293,0.041930923113716545,0.9575520388132177,2.981101380642239,0.0001,1.7665840957034191
592,1.7548078109961736,0.7720768536322016,0.042052357482136385,0.9406785969801897,3.0049128595278662,0.0001,1.7658267949464115
593,1.7583657333865368,0.7717267717357581,0.042219152073347546,0.9444198080661572,3.0475686005114544,0.0001,1.7650194426579116
594,1.7500241218667485,0.7722230857090824,0.042504225492961026,0.9352968115110184,2.970837479189008,0.0001,1.7639870107536626
595,1.7593999211251372,0.7726422531367799,0.0426407624451674,0.9441169060872486,2.9916742246968266,0.0001,1.762967800271922
596,1.7740819986161547,0.7721447283307631,0.04226025050358646,0.9596770192377466,2.9455302063881987,0.0001,1.7637979569106268
597,1.7678599522031586,0.7723480695159634,0.041703639842917424,0.9538082405471415,2.9341363626367905,0.0001,1.7642116144511086
598,1.7701833008752634,0.771543118581327,0.04192859937888372,0.9567115851517382,3.0036331134683945,0.0001,1.7632331444815736
599,1.756705928284063,0.7717976004308426,0.04169257949380314,0.9432157460622806,2.971561402384698,0.0001,1.7629885503776659
600,1.7525581972594193,0.7723157866489573,0.04158862294821904,0.9386537839142837,2.9933152278586768,0.0001,1.76155764166772
601,1.7589661458442951,0.7724280521787447,0.04178214121541919,0.9447559515433669,2.992103196302727,0.0001,1.7602953110456951
602,1.7524205131898303,0.7719353987527425,0.04232870057436806,0.9381564159180523,2.9579237892951733,0.0001,1.7600565812650608
603,1.7483018015267642,0.7719601721599184,0.04225703765606058,0.9340845940985979,3.006896735930298,0.0001,1.7590501880790836
604,1.752525892992774,0.7722034109775241,0.04237341397190674,0.9379490656253049,2.9786884139082255,0.0001,1.7593003651916863
605,1.7525389844940835,0.7727974835805912,0.04227789033499015,0.9374636110621098,3.0045242609407063,0.0001,1.7586142715285806
606,1.7686591997107919,0.7724669489850863,0.042142109503368816,0.9540501438821789,2.9790893157162,0.0001,1.7580719916380445
607,1.7495046147951974,0.7720506690578577,0.041930955999037796,0.9355229882874788,2.9850377642358774,0.0001,1.756236457897248
608,1.7531453830475257,0.7724898854085447,0.042059985909452306,0.9385955120922344,2.984162789571116,0.0001,1.7545326661144744
609,1.7713000878359193,0.7717914682856438,0.04180671743156944,0.9577019017862258,2.9916707719798987,0.0001,1.75599208206966
610,1.7527943148332483,0.7720823740137035,0.041990669939145596,0.9387212701549879,2.980634734064764,0.0001,1.7560156938270428
611,1.7621821808283034,0.7712720558802931,0.04187663621883121,0.9490334886082771,2.979684865740685,0.0001,1.7563372973254439
612,1.7611105212333478,0.7718555715698258,0.04157581556641306,0.9476791352456772,3.005213375749259,0.0001,1.7572062981297953
613,1.7555691634907442,0.7720634760769579,0.04194665946534874,0.9415590285227217,3.014928231374729,0.0001,1.7579330343261936
614,1.7638480752766978,0.7716270165317682,0.04172919488098269,0.9504918627153788,2.9820419092932773,0.0001,1.759065252554586
615,1.7477911701066982,0.771595122848031,0.04190515480467079,0.9342908901568601,3.008130468413022,0.0001,1.7585904711158473
616,1.7685411982313857,0.7714312487635119,0.042012394562696107,0.9550975539379623,2.9720859578366694,0.0001,1.7585786709679065
617,1.7627924941857978,0.7719033423350259,0.04221744252024993,0.9486717081215028,2.9959661136050735,0.0001,1.759907458906967
618,1.7640234021579517,0.7722403517117606,0.04216705181052187,0.949615999119277,3.0428518765354737,0.0001,1.7609952608180095
619,1.7556989166364225,0.7722068934363235,0.04181901799254195,0.9416730059934194,2.9942160902835777,0.0001,1.7594351436980595
620,1.7468117383624187,0.7725161124194612,0.04250228574261462,0.931793340200343,3.013520468804706,0.0001,1.7588368860509767
621,1.7652198987848617,0.7722197050496966,0.04255420803781939,0.9504459828561508,2.951575053874668,0.0001,1.7591406578466326
622,1.7530732766609889,0.7717872984994497,0.0420736562891374,0.9392123225373622,2.995071472550986,0.0001,1.7583369333893966
623,1.759013710109022,0.7720894302122492,0.04271442580658331,0.9442098516721512,3.0557235092468726,0.0001,1.7586813880512246
624,1.7628886356315072,0.7713587456977875,0.04227670743064029,0.9492531828053341,2.960531847955731,0.0001,1.7585854440867053
625,1.7640086501897227,0.7721454706685297,0.04226146556784609,0.949601712502524,2.9819421652122635,0.0001,1.7602071920950078
626,1.7737782473012835,0.771268920047288,0.04233419193941004,0.9601751335010568,2.9381696638664416,0.0001,1.760730897001998
627,1.7637160090355555,0.7719675700272798,0.04187438091448306,0.9498740582146944,3.01300683563186,0.0001,1.7608232484869735
628,1.7542097266257173,0.7712532505544155,0.041949424492176354,0.9410070515186744,2.9450160015910924,0.0001,1.75984188093375
629,1.7365718381158237,0.7720780952948828,0.04215068918696282,0.9223430568832172,3.039781932414908,0.0001,1.7579291730816902
630,1.7565757195799636,0.7726492488843674,0.042930131509869865,0.9409963387625696,2.976317386356377,0.0001,1.7589055712034447
631,1.761648130223427,0.7711074931384584,0.042083865730564204,0.9484567714753064,2.9979797548502987,0.0001,1.7585483943473013
632,1.7624489260010012,0.7721883213302426,0.042490042489150476,0.9477705637533331,2.9344349408004637,0.0001,1.7594859592813024
633,1.758362332657433,0.7716712014670304,0.042290062981735134,0.9444010669391972,2.9632345215544014,0.0001,1.7594208215361433
634,1.7655875054140846,0.7718572558544229,0.042354015259423554,0.9513762339375323,3.013505997328923,0.0001,1.7596907085144011
635,1.757313098675339,0.771373793392104,0.04257627916626224,0.9433630254520122,2.954768011342681,0.0001,1.7590211533629627
636,1.7458784984043114,0.7709209422068953,0.04211496629772999,0.9328425914714109,2.985598232151287,0.0001,1.7562311784732656
637,1.7722791326940663,0.7716253524377912,0.042519980705292185,0.9581338029060112,2.959975713165005,0.0001,1.7570874908391165
638,1.7571282974363098,0.7717615375654209,0.04227963543325119,0.9430871237726772,3.011905178095216,0.0001,1.757379347920176
639,1.7494921872872127,0.7715129424302138,0.04196535138522878,0.9360138933508682,2.9721242037070934,0.0001,1.7586713828373148
640,1.7483542780363535,0.7718532243800211,0.04195559943665356,0.934545456879521,3.0025074977661967,0.0001,1.7578492386829538
641,1.7409016459757125,0.7709593809158759,0.042458970213033125,0.9274832923683143,2.972729319007595,0.0001,1.7557745902581825
642,1.7624451664350096,0.7717099713263599,0.04205215146527087,0.9486830410439876,2.9985993950652303,0.0001,1.7557742143015833
643,1.7436667852421077,0.7709982632139876,0.0419259649261258,0.9307425552280147,3.0163424783981356,0.0001,1.7543046595600509
644,1.7592121824531477,0.7709302601175908,0.0424044988218234,0.9458774183149512,2.9528721803100306,0.0001,1.753667127263957
645,1.7585293726795344,0.7719053090464997,0.04253788603730424,0.9440861761449075,2.9745980532609426,0.0001,1.7537887546643762
646,1.7391448910773164,0.7710639336288097,0.04239080353634352,0.9256901534890064,3.0164983819029154,0.0001,1.7531153939316773
647,1.7589801465280157,0.771380150777573,0.04232681716431469,0.945273177951393,2.980268757193374,0.0001,1.7517854953150718
648,1.758807963821999,0.7716629314132443,0.042185519578248926,0.9449595155507992,3.0452132607086675,0.0001,1.7519534619536408
649,1.7535854413591583,0.7713862823182622,0.04250965955049465,0.9396894982209312,3.006439200279437,0.0001,1.7523627873608354
650,1.7441026719540176,0.7711370518434846,0.04235009755372517,0.9306155242494347,2.985143715904886,0.0001,1.7519376267526021
651,1.7397623282175276,0.7713330152310416,0.04238385699583599,0.9260454563533559,2.9663299438194137,0.0001,1.7518236949767831
652,1.7552282367710168,0.7717170864041388,0.042797327525233644,0.9407138240506635,2.9234417510081014,0.0001,1.7511020020103842
653,1.741887794063251,0.7707056909739125,0.04273707291175579,0.9284450302380336,2.9847717855813296,0.0001,1.7509241028924982
654,1.7553221973879585,0.7713313427948323,0.042365287186891504,0.9416255667714996,3.025159416043976,0.0001,1.7505351043859796
655,1.7627518343877115,0.7710941435115575,0.04257298192919872,0.9490847079495146,2.964917379025272,0.0001,1.750957350556797
656,1.7400349746127641,0.7713298391376983,0.04262429149349128,0.9260808433468395,3.015894489162592,0.0001,1.751046358910342
657,1.752769147406727,0.7715046316324818,0.04275907270806798,0.9385054442374146,2.9617697399479863,0.0001,1.750425258998213
658,1.7451217036701845,0.7709006999617416,0.04276158069742137,0.9314594228296686,2.9743237906488877,0.0001,1.7490566329830315
659,1.7578114863583332,0.7707956751268243,0.042824564550759586,0.9441912478293173,2.933685302976179,0.0001,1.749479237482949
660,1.7552822052102544,0.7714286944687245,0.04275433190212288,0.9410991787487305,2.974383047337948,0.0001,1.750597190808573
661,1.7580914780285972,0.7709220456786862,0.04241117043137309,0.9447582665128108,2.978855691865298,0.0001,1.7524301057896796
662,1.7421387281669323,0.7709557073111466,0.041906823009313,0.9292761984509822,2.986847600153445,0.0001,1.7511211549292713
663,1.7513790703690317,0.7704148772522111,0.042716708918372225,0.9382474852865657,3.0103277785299274,0.0001,1.7520702825598495
664,1.7495405511972144,0.7713059327181648,0.04285916958087356,0.9353754485656959,2.9904239076146246,0.0001,1.751492117940775
665,1.7702916594596227,0.7707699317235733,0.042433444433231625,0.9570882837864255,2.9698877948776463,0.0001,1.7522461004479664
666,1.7619226532582095,0.7708511843400843,0.04231529980595649,0.948756170139835,3.0236790617871234,0.0001,1.7544348683125108
667,1.7576364385187022,0.7705907897823481,0.04239154925936376,0.9446540998396961,2.974295314620523,0.0001,1.7549215974237082
668,1.7373983393334471,0.7704841483679069,0.04246357391620505,0.9244506142081402,2.9983922622750305,0.0001,1.7541492609900344
669,1.7424824670652348,0.7718816015106186,0.04248709852748662,0.928113769203364,3.000666424420494,0.0001,1.7526163590607247
670,1.7510917227843712,0.7704606991994212,0.042774255570727,0.937856765868214,2.955651147128602,0.0001,1.7521973108181363
671,1.778708510660013,0.7705927642315444,0.0427518210111235,0.9653639260823055,2.9867420208623394,0.0001,1.7542590140812777
672,1.748145618013146,0.7705354824752885,0.04221338335930938,0.9353967526017047,2.985226947443964,0.0001,1.7548597030658997
673,1.7408417758303287,0.7708032034473535,0.042659689640176704,0.9273788852817388,2.9870874564981365,0.0001,1.7538059736120288
674,1.7542255094036854,0.7706577236221963,0.042923007485349086,0.9406447759990034,2.9495971749327006,0.0001,1.754274469432676
675,1.7541465038701922,0.7708664139917849,0.04246379806835801,0.9408162909032849,2.9409169386656724,0.0001,1.7526599538737329
676,1.7597742806099974,0.7706943594417998,0.042346492500382554,0.9467334280028546,2.987116375994731,0.0001,1.7524451166089114
677,1.7612885722765816,0.7704025410251734,0.04269983076904173,0.9481862002405627,2.956580877304077,0.0001,1.7528103299846998
678,1.7680136966415159,0.7706492055985797,0.04207951253616302,0.9552849733079907,2.9895046373893477,0.0001,1.7558718657155066
679,1.7483105192803465,0.7705967705583475,0.04230262203100487,0.9354111277791114,2.9578407628057453,0.0001,1.7564546709370177
680,1.7570804712980321,0.7710755594361868,0.04228297087532028,0.9437219399588587,2.972133397088815,0.0001,1.7570535457883838
681,1.7382298995708596,0.7710512697575784,0.04247631625278001,0.9247023098427674,3.0194494025460603,0.0001,1.7530056846794686
682,1.75709270911091,0.7706331095637463,0.042871567588790675,0.9435880302355207,3.0104214910561367,0.0001,1.753900393789245
683,1.747650411017768,0.7709380088423136,0.04281208021887418,0.9339003199012478,2.9960071934164176,0.0001,1.7545812573079889
684,1.7523813049401522,0.7712615798501408,0.04255499946176401,0.9385647250841888,3.021782068645253,0.0001,1.7543968368616354
685,1.7632469671493127,0.7705341687550651,0.04273453155347348,0.949978264732547,2.9834460169983683,0.0001,1.7553068831895478
686,1.7715396779545907,0.7705267482790453,0.04246399296224722,0.9585489349602202,2.951025471242398,0.0001,1.756483422924007
687,1.750168095979439,0.7704196481627335,0.04287921149155189,0.9368692339675664,2.9605342152152536,0.0001,1.7553713752942925
688,1.7560587720019822,0.7708613741954007,0.04266344146844581,0.9425339599651933,3.052014275206514,0.0001,1.7541758828303393
689,1.7503445341911084,0.7706959484556868,0.042816464847773614,0.9368321176837472,2.979031501145198,0.0001,1.7543792843214157
690,1.7386500090662895,0.7707082617113604,0.04277828160454245,0.9251634658108376,2.9902260521120763,0.0001,1.7525362380982414
691,1.745400107414679,0.7706809888988673,0.04263255151241836,0.9320865670638442,3.0130289345677435,0.0001,1.7532532588826233
692,1.76005012220108,0.7700861553391385,0.04296515195896853,0.946998814782071,3.000837342734269,0.0001,1.75354900019164
693,1.744906398152241,0.7704558519997896,0.04288819934001559,0.9315623460870244,2.990682445965239,0.0001,1.7532745989050877
694,1.7446824522579418,0.7704326869508074,0.04291032825957447,0.9313394394051473,3.0537632894806155,0.0001,1.7525047136368663
695,1.7478777837559853,0.7703266586299842,0.04270937331549778,0.9348417502992293,2.986222543049052,0.0001,1.7509677952975338
696,1.7438077104502712,0.77005261811475,0.04301876180312213,0.9307363311369086,2.9527721221258383,0.0001,1.748194598547102
697,1.742406403317171,0.7705287865644537,0.04324920859346525,0.9286284072524877,3.011561636992449,0.0001,1.747418429280875
698,1.7395588638332746,0.7704608615706948,0.042977874467629205,0.9261201277344996,2.974621493966294,0.0001,1.7457684384640042
699,1.7486008059905944,0.7697983387759443,0.042937558272789264,0.9358649082164494,3.01300338025509,0.0001,1.7455940656439526
700,1.7376059922436913,0.7696158480934391,0.04272460671515784,0.9252655364074281,3.0170419956075736,0.0001,1.745489663961693
701,1.7440547251556273,0.7705518351848905,0.043046061697644585,0.9304568287567,3.0081206855135565,0.0001,1.745355125735788
702,1.738058659657987,0.7704864889081061,0.04288989873735223,0.9246822691108827,3.010502379999683,0.0001,1.7431559794814784
703,1.7405089778300473,0.7702411223376741,0.042978281423479744,0.9272895751570108,2.9893086159688704,0.0001,1.7427162374492593
704,1.7514403615955407,0.7703615807858248,0.043060253164589286,0.9380185281287342,3.0040662844814587,0.0001,1.743392028383019
705,1.7568092433240785,0.770249204751686,0.04301200072615432,0.9435480389343556,3.0072784148171756,0.0001,1.7442851743398282
706,1.7523026558255086,0.7703583514956384,0.0432717321368792,0.9386725715884814,2.9871992641723666,0.0001,1.745134668877352
707,1.7377670558422622,0.769979385647764,0.04318098533467879,0.9246066858270348,2.9802706650256146,0.0001,1.7446707341298613
708,1.7472420115983511,0.7702229395357639,0.04311919502505908,0.93389987715843,2.986387508636072,0.0001,1.7454390489063691
709,1.7508727998810898,0.7699772310547123,0.042455052507334744,0.9384405132360439,2.9598956739201263,0.0001,1.7456662482954184
710,1.743055230463736,0.7702345012651254,0.04261582690852167,0.9302048966379243,3.016398207652883,0.0001,1.7462111721174227
711,1.7560371269318926,0.7702265198042136,0.04297764427038042,0.9428329647312783,2.9381575405476785,0.0001,1.7474094122950494
712,1.7503562616769972,0.7703245847994126,0.042672150033482674,0.9373595276299644,2.9989587189459654,0.0001,1.7486391724969503
713,1.7399030498268637,0.7706569710077669,0.04280548864639313,0.9264405883591751,3.04030820201425,0.0001,1.7485785796966318
714,1.742491251556675,0.7700186358504073,0.0426191212439392,0.9298534921047412,2.977061489049126,0.0001,1.7476836686927455
715,1.7560969550034096,0.7701412181825231,0.04262027730806362,0.9433354576388431,2.950924474375727,0.0001,1.747612439860679
716,1.7580278831369736,0.7702450570905426,0.04291883008233432,0.94486399554094,2.991117094399721,0.0001,1.748184962591825
717,1.7316757648518313,0.7700338442233706,0.042803523023036624,0.918838393313406,2.952081727933207,0.0001,1.7475758334927822
718,1.7566612008619018,0.7701524811632493,0.04260846543263712,0.9439002507598598,2.9906150177574546,0.0001,1.748517752419137
719,1.7428258546225681,0.7699903632999675,0.042911366565232346,0.9299241236390255,2.9704088076616637,0.0001,1.7477130578932851
720,1.7411538737298993,0.7695919087885843,0.04294151128184723,0.9286204523899976,2.983247808704028,0.0001,1.7475229222199011
721,1.7266010701293635,0.7701102919559208,0.0425110276765804,0.9139797460234915,2.9785720138956036,0.0001,1.7445793165396484
722,1.7579895758483763,0.7696778485305894,0.04272734901242517,0.9455843768545387,2.9797151611010877,0.0001,1.7453426479567864
723,1.7537256883075707,0.7703487692933537,0.04297675685031419,0.9404001619825498,2.9897760353513956,0.0001,1.7467249118048571
724,1.7474571004600603,0.7695830477662309,0.042779161528689866,0.9350948903188261,3.0232337945373255,0.0001,1.7472214966951953
725,1.7174706594455555,0.7698678987263182,0.04289645331384686,0.9047063087277553,3.0303780947930914,0.0001,1.7433588671394102
726,1.7316000031167547,0.7694810083623348,0.04294225627945596,0.9191767376286505,2.999642673902531,0.0001,1.740716079137388
727,1.7615383391931623,0.7702781379101968,0.042838999997771535,0.9484212007411353,2.9777363130093586,0.0001,1.7437023365715212
728,1.7458482521300867,0.7701633510918453,0.04281887224673258,0.9328660260409902,2.962761657958582,0.0001,1.7426210416983399
729,1.7519915275593074,0.769331501415245,0.04281513976277009,0.9398448826031075,2.9710690938918636,0.0001,1.7435376089920136
730,1.7425758205127522,0.7694989778932645,0.0426895613602644,0.9303872827704973,3.003800152281477,0.0001,1.743679803670299
731,1.7492003702005072,0.7692316533585832,0.042509417021250384,0.937459300666987,2.9787225527405496,0.0001,1.7459397336774132
732,1.7515607346869386,0.7702008117043222,0.042524974196242515,0.9388349495117853,2.966952248954386,0.0001,1.7452968495612695
733,1.7421342064352596,0.7698896983090568,0.04274496853230691,0.9294995367073626,2.981085142789458,0.0001,1.7441377013740382
734,1.74290711171245,0.7697301699230202,0.04285993754984641,0.9303170007938787,3.005106098269836,0.0001,1.7436827024992776
735,1.7690285773112857,0.7699316218948751,0.04294859589234327,0.9561483604308316,3.0117606009237665,0.0001,1.7488384942858506
736,1.7482998579075564,0.7692850803990393,0.04308595159232737,0.9359288254023566,2.9914842377328004,0.0001,1.7505084797649306
737,1.745623246893196,0.7701096475487065,0.04295458513147691,0.9325590142734635,2.9684320816403713,0.0001,1.7489169705349341
738,1.7519257027527382,0.7704991890499123,0.042644636867979716,0.9387818736913963,2.988417939288621,0.0001,1.7495247155971991
739,1.7543918728586627,0.769793183155524,0.042625702660659265,0.9419729869820284,2.902977904248189,0.0001,1.749764750127135
740,1.756391268956492,0.7699755511225842,0.0431593634777572,0.9432563530866804,2.9431266054420395,0.0001,1.7511462949715084
741,1.7516422356359858,0.7693565661960393,0.04231645852992307,0.9399692150206885,2.9862061741385935,0.0001,1.7513904815150565
742,1.744750234950145,0.7699179050888542,0.042636735202332784,0.9321955939335466,2.992334790694061,0.0001,1.750709431541377
743,1.730943259554509,0.7697948195629623,0.043139260390709186,0.9180091805076018,2.9630156327454604,0.0001,1.7495903368533021
744,1.7466311921454347,0.7696919893396312,0.043233273237278685,0.9337059277852215,2.9698803656966883,0.0001,1.7499627448966006
745,1.751591880471421,0.7691536004112893,0.043083897952375744,0.9393543772716793,2.9540526209206415,0.0001,1.748219075212614
746,1.738595443613389,0.769322451785902,0.04278499311172455,0.9264879957536655,2.99372714673288,0.0001,1.7472486337831974
747,1.7295375852023853,0.7699214700027605,0.04293438290485746,0.9166817298162782,2.987354209650361,0.0001,1.7456400676141164
748,1.7335960178297867,0.7689540636466918,0.042769578359189916,0.9218723760657088,3.0090379301481267,0.0001,1.743807099121821
749,1.7308749062052604,0.7701297061438492,0.04306769830459997,0.9176775041143986,3.009706670323927,0.0001,1.7414554024564808
750,1.7361219736915572,0.7697183617955531,0.04270920453642251,0.923694408613939,2.9491527363446375,0.0001,1.7394284729299874
751,1.7388965928772158,0.7694615344488597,0.04326702663429369,0.926168031129102,2.9654654914902383,0.0001,1.7381539086541102
752,1.7542484996284964,0.7701192608227836,0.04326446665711625,0.9408647758663305,2.9507687234491655,0.0001,1.7391037351219456
753,1.7412202723369636,0.7699421945256587,0.042976475148849023,0.928301602541554,2.9775454076743753,0.0001,1.740131436400191
754,1.7341290576946422,0.7699430420480925,0.04335185722211795,0.9208341609331464,2.9589032157197686,0.0001,1.7388812229551118
755,1.7399408002412344,0.7696116047988799,0.043555242778321554,0.9267739506691512,2.990627066842441,0.0001,1.7377161149320934
756,1.7511639713515617,0.7701155736770398,0.04344976915549071,0.9375986290630898,2.9635568143871684,0.0001,1.7389729677059105
757,1.7610562181376057,0.7695235480643189,0.0430607669977339,0.9484719018060828,2.9343916303487627,0.0001,1.7421248309994322
758,1.7469850140217593,0.7696974250897917,0.042643843509604436,0.9346437460873238,2.949263491688587,0.0001,1.7434637306186296
759,1.7321725532442755,0.7698760139047495,0.04319843583368143,0.9190981041708051,2.935144098003302,0.0001,1.7435934953225314
760,1.7281024618032739,0.7698374229802563,0.043126155348385084,0.9151388819633585,2.958040161983962,0.0001,1.7427915441337027
761,1.7385756193261601,0.7697134611572746,0.0429812394097659,0.925880918910247,2.9449074384406906,0.0001,1.7427594467785972
762,1.7430476017946162,0.769434687332014,0.04274093355174964,0.9308719865327917,2.9610721721610482,0.0001,1.741639356995209
763,1.7391595647011036,0.7693286628800522,0.04251457711504149,0.9273163243130786,3.0085511732294883,0.0001,1.7414332862316233
764,1.7442454082728882,0.7694196884820718,0.042589772061934095,0.9322359482729411,2.9895726285164543,0.0001,1.742444921289448
765,1.7552376753418246,0.7694744495542731,0.042587647815263294,0.9431755769748474,2.9699180094755686,0.0001,1.743974608799507
766,1.751229666067669,0.7690516423743831,0.04251972004076047,0.9396583036525255,2.907088311884031,0.0001,1.7439811782711174
767,1.748110830662942,0.7692871753874464,0.042421120900895004,0.9364025352209141,3.018015447301265,0.0001,1.7426866395236513
768,1.7334758183535408,0.7691402827024943,0.04300571334289489,0.9213298226104063,3.0412140845285225,0.0001,1.7413357199568291
769,1.761784264572252,0.7696420180386511,0.0430579961676143,0.9490842528747013,2.914794849575654,0.0001,1.7442968910896268
770,1.7514677461214045,0.7692961464305437,0.04347893795183658,0.9386926576283592,2.9501869792145117,0.0001,1.7466334195214401
771,1.7322027494651067,0.7691469888899921,0.04286230577658446,0.920193452017786,3.029321046920142,0.0001,1.7459961325353348
772,1.7420406699422406,0.7694266966825567,0.04329276399244885,0.9293212111412149,2.9631978991549106,0.0001,1.7458954393500972
773,1.74763278037491,0.7693565815505826,0.04302021456054935,0.9352559890998546,2.973317670290175,0.0001,1.7467427609174782
774,1.7427675097757613,0.7689329629979318,0.04370219011093975,0.9301323572109486,2.9673573743499073,0.0001,1.7465949710677653
775,1.7341723330847874,0.7692451448034321,0.04308279411787919,0.9218443936798684,2.991495644586807,0.0001,1.7444884368420612
776,1.7461355578826843,0.7692917882791639,0.04295175771926044,0.9338920113402013,2.9759054324206184,0.0001,1.7439790260235628
777,1.7365505081161283,0.7690960808409638,0.04334938477792798,0.9241050426181383,2.8963205545959316,0.0001,1.7428229937688815
778,1.7360176844238993,0.7696179537212148,0.04366176437896357,0.9227379660214662,2.9659682858062806,0.0001,1.7430771803759175
779,1.733979393454159,0.7695891397719935,0.04322514814489028,0.9211651112196654,2.994381441547711,0.0001,1.7402966932641082
780,1.7146320783100555,0.7689714422090542,0.043391213213938004,0.9022694284183258,2.9795474585364845,0.0001,1.7366131264829736
781,1.7281895692159874,0.7690679648585058,0.04321236857052507,0.9159092382352202,2.9604692949968228,0.0001,1.7362118084580611
782,1.7416832940331821,0.7691484565183551,0.04311604746456804,0.929418792891454,2.9372469336701212,0.0001,1.7361760708671554
783,1.7492484674008817,0.7689070311085932,0.043391063779169355,0.9369503720899625,2.956167729582796,0.0001,1.7363376395697525
784,1.7412394795408113,0.7687179973352753,0.043054194285951815,0.9294672864083102,2.9513899486882207,0.0001,1.7361848365462578
785,1.7465078857317415,0.769096880123533,0.04328026152527598,0.9341307413626394,3.0144474300844917,0.0001,1.737418391810953
786,1.75467367031995,0.7689244187385993,0.04311652937960673,0.9426327184537845,2.949308097967028,0.0001,1.7382722030546796
787,1.725299779106589,0.7691449452848995,0.04303148310276364,0.9131233468500645,2.9246827857247713,0.0001,1.7371471301537256
788,1.7367125328849344,0.768839817985318,0.042947538725986445,0.9249251787125702,2.984892156738297,0.0001,1.737216614999829
789,1.7360293202661357,0.7689459801445626,0.043062190013289696,0.9240211478715978,2.9635562754064253,0.0001,1.7374216076810272
790,1.7427461166652656,0.7694296954127886,0.042867000881605166,0.9304494211265089,2.9575901140305865,0.0001,1.7402330115165476
791,1.7337913324576604,0.7690899470031383,0.043581191956634215,0.921120189840605,2.964552295135436,0.0001,1.740793187840715
792,1.742028697992677,0.7690854788310145,0.042608977573154905,0.9303342416791839,2.9730396036202236,0.0001,1.7408277282366644
793,1.7445048526624638,0.7690546276845023,0.04329386347447641,0.932156363709945,2.9271344446990843,0.0001,1.7403533667628228
794,1.732983596668282,0.7690839924628546,0.0428545545129215,0.9210450523523481,2.971965690897154,0.0001,1.7395277784755698
795,1.7343782288065788,0.7694651474817288,0.043496168651155236,0.9214169177515753,2.936279669978314,0.0001,1.7383148127830537
796,1.7380498253549572,0.768668945856075,0.043436970478622716,0.9259439078414657,2.9253231197535143,0.0001,1.7366524282865545
797,1.7324942499096931,0.7692591711183591,0.0434388185853165,0.9197962584831652,2.91520733330361,0.0001,1.7373718753668648
798,1.7265811583091473,0.7682666965962424,0.04319373105650741,0.9151207308982013,2.935809687716966,0.0001,1.7363587379092862
799,1.723494724859814,0.7683447407176963,0.04312660969778684,0.9120233697291562,2.9976631526289315,0.0001,1.7351052783686538
800,1.7256695473411745,0.7682754191859015,0.043059090571761376,0.9143350393668149,2.975058877927536,0.0001,1.7333976214362448
801,1.742884975659678,0.7693078769389804,0.04271044982616123,0.93086664786687,2.9669074879214925,0.0001,1.7343069857564466
802,1.7476359066566638,0.7684901686759315,0.042858483583400026,0.9362872502866671,2.9803635812918023,0.0001,1.7348677066228455
803,1.7437720177865172,0.7688168793856252,0.04313526482417666,0.9318198702519128,2.978750777051125,0.0001,1.7347944231352508
804,1.7427499850429822,0.7687260108351949,0.04342479227038958,0.9305991873175329,3.0204887924523187,0.0001,1.7357710619727207
805,1.74352977000192,0.7696261014222615,0.04341723372438133,0.9304864357620417,2.9908435414819157,0.0001,1.7366862160922547
806,1.728249572595283,0.768740034127574,0.04329323405909973,0.9162163063128145,2.9744625306758143,0.0001,1.7357061908162872
807,1.7442953620430905,0.7689336119994189,0.04318043160390177,0.9321813164448883,2.9533325595739646,0.0001,1.736886302029627
808,1.749627631286095,0.7687358129580655,0.04357726095172503,0.9373145584341962,2.920565355380215,0.0001,1.7391909493273219
809,1.7293808530358707,0.7689257869855869,0.04319381496243738,0.9172612551985115,2.9917847457328626,0.0001,1.7397795621449277
810,1.7533141821925102,0.768694402963588,0.04324151101025316,0.94137826700965,2.9455544769643045,0.0001,1.742544025630061
811,1.730095587202308,0.7687313699335404,0.04319844139516958,0.9181657728208248,2.9514586139644137,0.0001,1.741265086784324
812,1.7314650632788637,0.7685733186062161,0.04259871952915772,0.9202930261711562,2.98524724155604,0.0001,1.739648002446544
813,1.731827083755942,0.7687225340587855,0.04324794855369274,0.9198565989672292,2.9697375038816287,0.0001,1.7384535090434867
814,1.7434164969964636,0.7687467074297505,0.04318295144164296,0.931486836281316,2.9639037910387915,0.0001,1.7385201602388345
815,1.717222088007124,0.7685728081583252,0.04312631034464188,0.9055229677510793,3.0080821591506863,0.0001,1.7358893920393548
816,1.7403723514104228,0.768781039826043,0.04289688009761168,0.9286944312449643,2.9437971359334174,0.0001,1.7371016699208692
817,1.7450373525793605,0.7691537052332509,0.042738434509138064,0.9331452105398352,2.953023575382349,0.0001,1.737175868974496
818,1.7403782137025443,0.7691242039566349,0.04301338698752753,0.9282406213075588,2.9391969785728995,0.0001,1.736250927216141
819,1.7458504215940742,0.7682243955546412,0.043296347525250356,0.9343296784839572,2.951778967046834,0.0001,1.7378978840719614
820,1.739612306107372,0.7687425650882914,0.04351909552336223,0.9273506447703069,2.940961007655997,0.0001,1.7365276964634475
821,1.7311252929859664,0.7686213257346627,0.04315944859270634,0.9193445247943697,2.905833259315568,0.0001,1.7366306670418132
822,1.7414128453929816,0.7691499836304608,0.043506567908590754,0.9287562878692851,2.966707673807899,0.0001,1.7376254452532252
823,1.750868679060172,0.7686223144705349,0.042662968741952766,0.9395833954245275,2.962978249872916,0.0001,1.7395296047836477
824,1.7346794266729761,0.768995848558012,0.04331440180842339,0.9223691736466986,2.955949701353696,0.0001,1.7386558977512994
825,1.7484451440478435,0.7686696526486781,0.04268805516419014,0.9370874361745243,2.9734877918603213,0.0001,1.7417782033553713
826,1.7450118306684204,0.7684828529009713,0.0430758574913288,0.933453115016887,3.0060042123523734,0.0001,1.742242151281171
827,1.730205193010837,0.7683352080851975,0.04313458027752611,0.9187354072248355,2.9960886341563104,0.0001,1.7407589353243185
828,1.7442634748880568,0.7689878217588816,0.04337593387154972,0.9318997190762727,2.9412913165276238,0.0001,1.74114746144287
829,1.7390057402256778,0.7688134068407828,0.043200438936632016,0.9269918963222427,2.9174195888318106,0.0001,1.7404629933060303
830,1.7297223018100731,0.7687298784875,0.04347090111784713,0.9175215239578038,2.9983773857778275,0.0001,1.7394739928763006
831,1.7363741397857666,0.7682220045983429,0.04300861789053401,0.9251435182338796,2.9867300723677475,0.0001,1.7399988775562805
832,1.738569905501592,0.7684084146791733,0.0432568239633742,0.9269046647432609,2.969219191804619,0.0001,1.7397145835671417
833,1.7259856520511558,0.76844652634847,0.04347249267067435,0.914066632246149,2.951030239130372,0.0001,1.7372262808662398
834,1.7088920736409587,0.7706140498602366,0.043332008996309665,0.8949460172024508,3.056833339753064,0.0001,1.7346475455630384
835,1.7412347031897029,0.7681940520752758,0.04313884980780116,0.9299018013368514,2.9776680704062657,0.0001,1.733926501477224
836,1.7416858191906075,0.7688560143687421,0.04308167408252585,0.9297481301952811,2.9859274258236375,0.0001,1.7335939003294427
837,1.7355222851944743,0.7688325976019699,0.04353763704125828,0.9231520501885404,2.9509451116074414,0.0001,1.7341256095478066
838,1.7440869310081126,0.7683319357539288,0.04328405010772767,0.9324709452069072,2.9212497651697897,0.0001,1.734107955159812
839,1.7322266019623855,0.7686776662694996,0.04348997363695992,0.9200589595169857,2.9791842109049553,0.0001,1.733430041333483
840,1.7137237784828665,0.7679411342129504,0.04320390326014397,0.9025787430348793,2.961059742235025,0.0001,1.7318301890007621
841,1.74208069210362,0.7681127259503997,0.04305918076459099,0.9309087878671186,2.9695463681075926,0.0001,1.7324008442325476
842,1.7410973117027515,0.768186234073755,0.0432388666435381,0.9296722105623016,2.946677814148986,0.0001,1.7326535848526636
843,1.712687027381835,0.7687235559217829,0.04250206425030381,0.9014614090535027,2.9555343607134557,0.0001,1.7313237223857318
844,1.7256953397097017,0.7683843816753333,0.04324252005764727,0.9140684363445453,2.964471349367989,0.0001,1.7330040489926055
845,1.7288494291460297,0.7683279019823906,0.04251511609578471,0.9180064105540212,2.9929596947366277,0.0001,1.7317655215882386
846,1.7488705563013258,0.7680425171194405,0.04301499740105372,0.9378130400277538,2.920202843074141,0.0001,1.7324839952993103
847,1.736205716162134,0.7686533745355587,0.043760912413529404,0.9237914282458307,2.9921018112503734,0.0001,1.7325523383960764
848,1.755439262844728,0.7677889078190554,0.04347164442282903,0.9441787089404421,2.9182440364094826,0.0001,1.7336875715797375
849,1.7343101279005317,0.7683581535762996,0.04334763315096347,0.9226043417777783,2.9909282023234494,0.0001,1.7338959241735523
850,1.7312149474393523,0.7676620950079834,0.04321334110554043,0.9203395116885342,3.017722105883198,0.0001,1.7356450410692008
851,1.7315752003304132,0.7681403397062971,0.04332597961773979,0.9201088815806604,2.931275645811224,0.0001,1.7345944918918803
852,1.7261270018668493,0.7681948040851957,0.042917493390746825,0.9150147076250331,2.991972053510422,0.0001,1.73309746090829
853,1.7328435114866338,0.7690269265165194,0.04339921184292188,0.9204173726133594,2.9438486810146434,0.0001,1.73511310931877
854,1.7532821985577474,0.7686575876046388,0.043355199192890534,0.9412694121229237,2.9466609241512676,0.0001,1.7378717952035747
855,1.7404240986396526,0.7676406231903401,0.04351979917251556,0.9292636721056808,2.9947687486606003,0.0001,1.7390292621529368
856,1.7288972954237436,0.768402380101821,0.04324176466247373,0.9172531467301367,2.989905918103928,0.0001,1.7370319360651785
857,1.734449763568855,0.7685550722098979,0.04357852872922019,0.9223161632342465,2.9863434157071684,0.0001,1.736856340805851
858,1.7346420005175454,0.7685590963092828,0.04350624485867018,0.9225766569920051,2.945395962945346,0.0001,1.7347766145731325
859,1.7258817383048501,0.7686789877274457,0.04318572348078172,0.9140170299680431,2.9687493164205647,0.0001,1.7339337756135642
860,1.7267714692903098,0.7680452364453437,0.0436127280125028,0.9151135051347179,2.9620369573635696,0.0001,1.7334894277986599
861,1.747597372797875,0.768187040731341,0.04318970864974945,0.9362206237794903,2.9224518070839967,0.0001,1.7350916450454061
862,1.7371786842481602,0.7687093517601369,0.04315198773544652,0.9253173426367932,2.967264539813415,0.0001,1.7361968132835373
863,1.756776569339373,0.7670329014863252,0.04340082902695538,0.9463428400351116,2.8983908287168276,0.0001,1.7385901190688113
864,1.7307986463542884,0.768562500786346,0.04328718170916575,0.9189489617732185,2.9237135346472627,0.0001,1.7363417638484653
865,1.7340777853681397,0.7681440972169563,0.043409252505273416,0.9225244343159891,3.0165912829354617,0.0001,1.735707132521314
866,1.7278684513080433,0.7682798339193782,0.043240729016658014,0.9163478860748708,2.953887868120994,0.0001,1.735604248109744
867,1.741781374987434,0.7678073123550802,0.04349404972416876,0.9304800132104398,2.9230636164818042,0.0001,1.7363374092516017
868,1.743466047196069,0.7684483794121423,0.04331355501140107,0.931704112288918,2.8789500822643723,0.0001,1.7372198139194546
869,1.7197168855106129,0.7682892768426551,0.04353258938624941,0.9078950190399047,2.9416741173842857,0.0001,1.7366033286400306
870,1.7521429177955488,0.7685084442096114,0.04370256998476102,0.9399319035407254,2.936997648668579,0.0001,1.7391404734905542
871,1.7360991246801845,0.7685557721110918,0.043671919414528,0.9238714349378678,2.9975369583520637,0.0001,1.7379906486787853
872,1.7408785660416795,0.7684035912972192,0.043527997531465294,0.9289469772734458,2.905445590705949,0.0001,1.7383606368581372
873,1.7406461683780137,0.7680460502361429,0.043353276610616255,0.9292468442515476,2.973354905662382,0.0001,1.7367475967620014
874,1.733880709924756,0.7677279593494795,0.043440041145494934,0.9227127083416643,3.0432736411781387,0.0001,1.737055803119048
875,1.7347306796551718,0.7688735103268652,0.043598187622627425,0.9222589839423646,2.9550644403538886,0.0001,1.7371210925477514
876,1.737895858457074,0.7677006682807969,0.042848046846370426,0.9273471426044951,2.960079883465177,0.0001,1.7381238332626545
877,1.7327257041757054,0.7676916766843738,0.042989756949774874,0.9220442687884789,2.9334517361909818,0.0001,1.7372182661814815
878,1.7414511519561675,0.7682088782772815,0.04327226797417259,0.9299700016847247,2.9899069017619198,0.0001,1.7370167766574913
879,1.7473241555037895,0.7675133203638012,0.04319807893122427,0.936612754999745,2.9788539288735536,0.0001,1.7397775036568093
880,1.7259990651515629,0.767522555093978,0.04300019199417764,0.9154763171566427,2.9492288615108744,0.0001,1.7371631183924106
881,1.7395396433302162,0.7677165393171639,0.04336235731175173,0.9284607488170841,2.971472000979023,0.0001,1.7375071702574136
882,1.7312231569212784,0.76745370084809,0.04380920039712778,0.9199602517165228,2.9317136570116085,0.0001,1.7365416293453737
883,1.7412510116492033,0.7676266570845676,0.04397145391235971,0.9296528983551396,3.013796195538968,0.0001,1.7366021136724925
884,1.735567769462632,0.7678959628389525,0.043636073930751966,0.9240357285822622,2.972179882666644,0.0001,1.73677081962628
885,1.7320638428353392,0.7671656452618071,0.043732205946111775,0.9211659919901262,2.96256893450058,0.0001,1.736504135944297
886,1.7261905882953388,0.7681240374127943,0.043490554691570045,0.9145759954957885,2.9593754201583398,0.0001,1.7353336089281235
887,1.7413787309828443,0.7679878323363484,0.04374635292115125,0.9296445416146795,2.909044730735841,0.0001,1.7361989116088374
888,1.7450801206650648,0.7682293356069445,0.043534909735828575,0.9333158729647043,2.8832241719924894,0.0001,1.736561808479727
889,1.7471102761448518,0.7679569923128124,0.043381988639522036,0.9357712975501047,2.9523802357319644,0.0001,1.736540420543833
890,1.7392466977450234,0.7676559541578467,0.04368565774109011,0.9279050844557145,2.9166015253589315,0.0001,1.7378651838031793
891,1.7468811716075843,0.7679690508281484,0.0436534838067107,0.9352586367460342,2.930188108651198,0.0001,1.7385993366309163
892,1.7390420760876266,0.7672035792052867,0.04367443586701554,0.9281640603503639,2.999844400442638,0.0001,1.739381228547551
893,1.7439341620064168,0.767847780523629,0.04383015221562879,0.9322562297507667,2.9566966111471396,0.0001,1.7396495435832722
894,1.7449366557912458,0.7675372354882726,0.04357861940565748,0.9338207989024342,2.928431901196679,0.0001,1.7405864322161335
895,1.7318693157625489,0.7678684338352985,0.04367221272257714,0.9203286683281343,2.944789644428973,0.0001,1.7405669795088545
896,1.7304419150942478,0.7672159244999682,0.04311673346204158,0.9201092542910431,2.9188320600478694,0.0001,1.7409921121887453
897,1.7222792002056966,0.7684066360910814,0.04336226276645312,0.9105103047938666,2.9336063453198444,0.0001,1.7390821591110306
898,1.7464812212976917,0.7670287440321266,0.04321619100551334,0.9362362861996006,2.881984403360688,0.0001,1.7392222691742933
899,1.7353891496967835,0.7676585934466813,0.0430028540125725,0.9247277003635499,2.946733002246756,0.0001,1.7380501565294864
900,1.7233114290914477,0.7677110385217725,0.04315170240692386,0.9124486880418495,3.0208720994044027,0.0001,1.7364566296641288
901,1.7369941473007202,0.7674130110663284,0.04310323718111607,0.9264778997182362,2.9382252226494874,0.0001,1.7354679272334423
902,1.741857490239714,0.7677458530749075,0.043308857730145874,0.9308027830012672,2.92144816207112,0.0001,1.7357494686486512
903,1.710502963883398,0.7671314534744433,0.04340177810699896,0.8999697274356536,2.975268032439582,0.0001,1.7324063488363493
904,1.7406032265562557,0.767689806815335,0.043485284818838864,0.9294281312043479,2.904946369766947,0.0001,1.7319730059128502
905,1.7323879151025119,0.7673504093839479,0.0435702561364938,0.9214672438392291,2.9837753688104254,0.0001,1.7320248658468465
906,1.7125816478206952,0.7672251416993673,0.043656044992907296,0.9017004622996578,2.957090560369511,0.0001,1.7302388391194916
907,1.7204114691964512,0.7673548377793411,0.043726898351982686,0.9093297322490395,2.9651431275671443,0.0001,1.7300520660185668
908,1.7180679465887754,0.7668528837316176,0.04309963817286926,0.9081154249563178,2.952033441642235,0.0001,1.7272107385476754
909,1.7167404786084777,0.7677503511098045,0.043724849548107715,0.9052652803686038,2.967402488658201,0.0001,1.7253458714388448
910,1.7345135057190126,0.768180335027451,0.043401977836964825,0.9229311933986556,2.905529027536481,0.0001,1.7264660791016013
911,1.7494933415378082,0.7674567017545565,0.04346550574892675,0.9385711355758245,2.933832316321243,0.0001,1.7277159985253099
912,1.7326010748532432,0.7673123071450008,0.043415816995725186,0.9218729473574891,2.989070934891459,0.0001,1.726790356986663
913,1.721226442174544,0.7675306384752053,0.04364053376064339,0.9100552704827539,2.9475359812711366,0.0001,1.7278627048157778
914,1.7445181837913715,0.7678491985822062,0.04356814543083763,0.9331008387582176,2.9747414627616835,0.0001,1.7282542005392891
915,1.7233805213932092,0.76757488918111,0.04331542681487047,0.912490207180532,2.956870008433808,0.0001,1.7273534611683588
916,1.7459070462484148,0.7681003709835649,0.042994969514997684,0.9348117034527158,2.9530814397649396,0.0001,1.7306860010111307
917,1.7443823246153083,0.7667912768302051,0.043353898771877945,0.9342371494666074,2.9404981465175233,0.0001,1.7330830865530167
918,1.727537133630826,0.7675368455795922,0.04323868504885969,0.9167616060249221,2.9407134527608783,0.0001,1.7340300052572215
919,1.7282853044312576,0.7674482995549757,0.04360572295546773,0.9172312801299545,2.95124509005711,0.0001,1.7351844878394995
920,1.7366939881026866,0.7671114178506646,0.042853733830713114,0.9267288372676222,2.9565373709912715,0.0001,1.7354025360778667
921,1.7376366503098433,0.7667801996757244,0.04386666483617941,0.9269897848004985,2.93221329748026,0.0001,1.7342168669550702
922,1.7469368878049252,0.7677225628924418,0.04378563709723297,0.9354286875734464,2.9212374510678027,0.0001,1.7356504482502388
923,1.7356728138836595,0.7678335254622763,0.043570750867135626,0.924268538461012,2.963865803656665,0.0001,1.73709508542115
924,1.7375614430309552,0.7672773531919561,0.04364468504884422,0.926639403097528,2.940233228172782,0.0001,1.7363994113451084
925,1.747091660393179,0.767800008307606,0.043443988593064746,0.9358476613767248,2.978769104330825,0.0001,1.7387705252451056
926,1.7216455145733351,0.7675873325272458,0.04378662921835878,0.9102715540367498,2.955147590646879,0.0001,1.7363443720775975
927,1.7537871444442934,0.7669180989507246,0.043827358897752744,0.9430416856890518,2.953718998611094,0.0001,1.737284854060496
928,1.7437818918460282,0.7671859242611434,0.04321665889592974,0.9333793094748174,2.945122643368239,0.0001,1.7389093298820164
929,1.7502037245651771,0.767544409324383,0.04270232352475366,0.9399569900234137,2.953132148688512,0.0001,1.7411011718954081
930,1.7192709409682794,0.7676943203256773,0.04328757077153266,0.9082890501128733,3.0306458412754607,0.0001,1.7393588671819675
931,1.7325528968903887,0.7671628463824429,0.04346724987997245,0.9219228025624041,2.9738385348484435,0.0001,1.7388504918400218
932,1.7494131292822879,0.7678142934735358,0.04356401711400092,0.9380348173648301,2.957172528483563,0.0001,1.7390981159877583
933,1.7576126508248504,0.7671947658182883,0.04330395298120216,0.9471139287005573,2.9430413185703825,0.0001,1.7412920996818773
934,1.738723771325473,0.7666486015668021,0.04326549915948214,0.9288096709014436,2.9351627981445128,0.0001,1.741408332511329
935,1.7155932657133492,0.7674767428189214,0.04297508840386814,0.9051414316493648,2.94032610091428,0.0001,1.7382584930433462
936,1.7369753390731966,0.7671582301054717,0.043660525376124505,0.9261565825034832,3.0163208529141565,0.0001,1.7397914754933326
937,1.7288396097341852,0.7668662835328139,0.04333390207851634,0.9186394214932382,2.9389324935406265,0.0001,1.7372967220223217
938,1.7475993171424944,0.7663014864824849,0.043523743718439374,0.9377740874705159,2.9332992759727805,0.0001,1.737678464551968
939,1.7441596530272077,0.7664894158167965,0.04341688310882383,0.9342533593003697,2.952024597425248,0.0001,1.7370740573981713
940,1.7453671759088916,0.7666993211297428,0.04369797522833091,0.9349698808807388,2.945691307466364,0.0001,1.7396836808922322
941,1.7290343246885536,0.765986955915455,0.0436340613974519,0.91941330915895,2.9852791615963947,0.0001,1.739331823672049
942,1.7336866282546255,0.7671565453372668,0.04303084087178383,0.9234992412294868,2.946965289647874,0.0001,1.7377591735692826
943,1.744111451851185,0.7675353566724921,0.04332865396813011,0.9332474422986803,2.9622013931583924,0.0001,1.7364090536719161
944,1.7435867213332388,0.7667969725194858,0.04310769314214617,0.933682056124989,2.8855732234448013,0.0001,1.7368953486726926
945,1.7461070110057961,0.7673207672565994,0.043510669627005866,0.935275575573014,2.947538596137784,0.0001,1.7399467232019377
946,1.7531530525814931,0.7664638040757324,0.04354613741319513,0.9431431121202318,2.9469398625240366,0.0001,1.741564494552767
947,1.7551435483638462,0.7666604728050697,0.04364080167929009,0.9448422706755857,2.935686662762934,0.0001,1.744194888415733
948,1.7282403731684657,0.7669204891816114,0.043794388703352054,0.9175254935908753,2.9691596352788063,0.0001,1.74225899401833
949,1.7402271780716236,0.7670664096942538,0.04405986126247816,0.9291009058756471,2.908349184912552,0.0001,1.741865746522772
950,1.742351596906751,0.76680247790915,0.04340168162726969,0.9321474352243222,2.932796974936557,0.0001,1.741564188622558
951,1.7294324256827334,0.7668091769634348,0.04362511199579761,0.9189981408643916,2.998858937627162,0.0001,1.7416039987219758
952,1.7150421766432014,0.7664343669980341,0.04354713195235928,0.9050606766046907,2.9437113886672632,0.0001,1.7397395535608333
953,1.727470893647076,0.7672751780455784,0.04283326441085846,0.9173624515533447,2.972888789118908,0.0001,1.7380754977404227
954,1.7424747941460135,0.7669051900113089,0.04323324567164175,0.9323363575865241,2.906106652642844,0.0001,1.7379643050217002
955,1.7361280088734192,0.7670783711253508,0.04338025780768714,0.9256693766155785,2.9428324312515723,0.0001,1.7369664048084623
956,1.730108899470517,0.7670848992243258,0.04356819475881952,0.9194558076031552,2.939305551395455,0.0001,1.7346619894973645
957,1.7397354819469955,0.7671724933881546,0.043188141519109324,0.929374846949055,2.9313822651006145,0.0001,1.7331211828556796
958,1.7335615211277897,0.7669543471587841,0.04329756621656747,0.9233096113492703,2.9276973906201715,0.0001,1.7336532976516117
959,1.7438579021554448,0.7666580582728976,0.04287483653480576,0.9343250055342127,2.9213377890190295,0.0001,1.7340163700599942
960,1.7539157088823298,0.7669659173512797,0.04355531701209821,0.943394475969775,2.893799421027998,0.0001,1.735172781257552
961,1.7255652579526146,0.7669229062527236,0.0437888443832707,0.9148535031757297,2.9181881978594024,0.0001,1.73478606448454
962,1.7282612219785338,0.767378331560634,0.04316770208292994,0.917715193382625,2.9890580980095853,0.0001,1.7361079690180734
963,1.7398610724396928,0.7675479463099466,0.04340068660449788,0.9289124386789349,2.89718597994373,0.0001,1.7373469868973352
964,1.7166318709661705,0.7671410432935486,0.04358269307482799,0.9059081344768919,2.9715076406877374,0.0001,1.7347626945793508
965,1.7282978291443831,0.7666642268095732,0.04324530007631252,0.9183883058855548,2.9646730248874875,0.0001,1.733979676606447
966,1.719087928835809,0.7666843801918185,0.043651770868359425,0.9087517772920233,2.9265045292720835,0.0001,1.7328775795429763
967,1.7170269102402198,0.767172928030544,0.04359185236220911,0.906262127731683,3.0090399765339635,0.0001,1.7306067223722987
968,1.7360608360104821,0.7671678021519953,0.04344001164542734,0.925453019522992,2.9059836209183048,0.0001,1.730856653860568
969,1.730857770534848,0.7672888119128848,0.04375490600632364,0.919814050620758,2.906128055425493,0.0001,1.7295566406985086
970,1.71642875562575,0.7668386061825085,0.04375114498950888,0.9058390045746345,2.9629826267640924,0.0001,1.7258079453728505
971,1.7509435122685306,0.7677813799821339,0.04350331903229379,0.9396588066649485,2.9037940719790196,0.0001,1.728345770804442
972,1.7570536085848392,0.7672058997966696,0.04358024311839446,0.9462674669996962,2.912476454496867,0.0001,1.7312250094650725
973,1.7170938163935292,0.7666726493206759,0.043372878680122795,0.9070482935310619,3.047161443963738,0.0001,1.7289482838604564
974,1.7250374925547634,0.7672854079194291,0.04364415138778532,0.9141079311015398,3.0442928116897057,0.0001,1.7297888460193154
975,1.7314279526774345,0.7664046370958943,0.04360103824801184,0.9214222752177449,2.9369883701719086,0.0001,1.7301018583726209
976,1.7337682699335033,0.7666303714922427,0.04364739712063246,0.9234905034061861,2.9585941984010273,0.0001,1.73156989248239
977,1.7502704242180134,0.7667860278735055,0.04339393616689872,0.9400904575177671,2.89777658725607,0.0001,1.7348942438801693
978,1.7373141344130403,0.7666569016042636,0.04322558798606207,0.9274316423442253,2.942514311469351,0.0001,1.7350195737204253
979,1.7301786639869334,0.766741377828571,0.043273278714193536,0.9201640065978555,2.96548785084885,0.0001,1.7349516630656339
980,1.7273029903852914,0.766357515815789,0.04303558869004008,0.9179098817687973,2.9329376624515526,0.0001,1.7360390865415876
981,1.7300554414791702,0.7666477421959805,0.04341725983919527,0.9199904391417397,2.962697942406846,0.0001,1.7339502794626518
982,1.738113333197201,0.7664670689110824,0.043579936027526855,0.9280663272913765,2.8955813769636483,0.0001,1.732056251923888
983,1.7283809429249948,0.7667222334937198,0.043762844909760824,0.9178958634333968,2.960200820201309,0.0001,1.7331849645770347
984,1.7306896425164011,0.7668257175546147,0.04383986402476777,0.9200240595768722,2.8905439785479534,0.0001,1.7337501795731984
985,1.724344476241369,0.7666499509530909,0.043571502151644015,0.914123024829261,2.9624431479049744,0.0001,1.733041831929592
986,1.718878732975308,0.7669694210888164,0.04413095013848666,0.9077783670072381,2.981853352115314,0.0001,1.7315528782337721
987,1.725723698221404,0.7664600744934159,0.04368374845802663,0.9155798754513143,3.001912664690076,0.0001,1.729098205634111
988,1.7464694952626256,0.7673816147730752,0.043730581507963294,0.9353572975912152,2.9389909725885603,0.0001,1.7300137417190702
989,1.7377408406797334,0.7670457802002618,0.04350626299395764,0.9271887976064159,2.9635333526448835,0.0001,1.7307699593883499
990,1.7310540477837801,0.7662227458450905,0.043611142746575224,0.9212201577412913,2.971180841356939,0.0001,1.7311450651281988
991,1.7306808861951073,0.7662682105271377,0.04352631240055479,0.9208863630860621,2.9792019377857386,0.0001,1.7312076095997924
992,1.7430567320655375,0.7661011905747543,0.0435583874371666,0.933397159766232,2.917227557658182,0.0001,1.7317019494866261
993,1.7308609200297698,0.767198771298778,0.043424562314944626,0.9202375850861261,2.949758721655329,0.0001,1.7319499471971038
994,1.7333247937246945,0.7666124170740526,0.04362013156225425,0.9230922454510935,2.966015871591549,0.0001,1.732213462317933
995,1.7269999550515691,0.766352105455031,0.04333710186863526,0.9173107464584327,3.0013667228981156,0.0001,1.732479010198953
996,1.7340022170761293,0.7670184747442512,0.04357150021721335,0.9234122414497042,2.987265272266241,0.0001,1.733991358609035
997,1.739104520718418,0.7666887752182827,0.04380268571826556,0.9286130585728504,2.946410608098183,0.0001,1.7353294408587367
998,1.7409504091038424,0.7670269407800439,0.04363098468548386,0.9302924827013248,2.9409827898288596,0.0001,1.7347775322428578
999,1.7319566833561864,0.7666761980337256,0.04350767222669497,0.9217728137607265,3.014868101773833,0.0001,1.7341991165105035
1000,1.7291942259361004,0.7668560680462913,0.04349553778495557,0.9188426205582357,2.9867900660748896,0.0001,1.7340131343257355
1001,1.7471585747678189,0.7665187329597938,0.043895000376517584,0.936744839950459,2.94553989184072,0.0001,1.7356609031830064
1002,1.734369797590538,0.766327196275003,0.04380762383613818,0.9242349760890248,2.965810606252349,0.0001,1.7347922097355066
1003,1.7368702373446605,0.766966884324807,0.04408772407632329,0.925815629366687,2.9065432002046285,0.0001,1.7353931414669959
1004,1.729216037125423,0.7659996704445892,0.04320371320233142,0.9200126503955036,2.953611187470612,0.0001,1.7349822658070686
1005,1.7255513182034599,0.7665495079380987,0.04320758980137823,0.9157942183784249,3.0315790128030833,0.0001,1.734837402122258
1006,1.7301548446167796,0.7665237734815895,0.043540607843147575,0.9200904666470707,2.9657593571390146,0.0001,1.7344526648763228
1007,1.7429380765067637,0.7668564699242613,0.043736444283692395,0.9323451621174571,2.9090851596112666,0.0001,1.7348360204551572
1008,1.7258739490779853,0.7660529290686756,0.04358671185452846,0.9162343080338793,2.9758890872069355,0.0001,1.7333283744525716
1009,1.7314743021197059,0.7662254596095056,0.044156874894612216,0.9210919656811573,2.9037795470645897,0.0001,1.7332801363289239
1010,1.7361441826481847,0.7668184483268924,0.04345881431146277,0.9258669219442603,3.0057805609751425,0.0001,1.733975132000132
1011,1.7399091140251857,0.766082890981593,0.04335708066851324,0.9304691399570411,2.9816549211196435,0.0001,1.7332501859258689
1012,1.7418844121948458,0.7661129650914886,0.043686702575451465,0.9320847472179734,2.9269860830558483,0.0001,1.7340016473862996
1013,1.7312230297324624,0.7664574994034989,0.04301815584271723,0.9217473730958742,2.906285210748715,0.0001,1.7334369266250795
1014,1.7335733818475905,0.766328841750085,0.04344192624817514,0.9238026123380564,3.014953370510202,0.0001,1.7338726610972963
1015,1.7179570761462013,0.766794656038768,0.043707430967211,0.907454990439918,2.9731870584990867,0.0001,1.7331132368915703
1016,1.7134030443176054,0.7661571182295468,0.04307173933025306,0.9041741871809621,2.9802051475517164,0.0001,1.7314380568616532
1017,1.706877139712444,0.7666780269170146,0.043403337499916435,0.8967957774717474,2.9658135818903153,0.0001,1.727831963182221
1018,1.7394382097658232,0.7667044517234664,0.043578323679570014,0.9291554315215917,2.9187904726902807,0.0001,1.729188389251005
1019,1.7421680236684864,0.7663781675557336,0.0431613334535827,0.9326285233845817,3.055110599399822,0.0001,1.730257761405883
1020,1.730922517138127,0.7666529580255551,0.04315179671041864,0.921117759470282,2.90677400268841,0.0001,1.729735594854877
1021,1.7051883964944805,0.7667841433753348,0.04384290785141456,0.894561338074067,2.976683039210631,0.0001,1.7262635231018066
1022,1.7220561760676076,0.7666412949803877,0.043664322905318007,0.9117505606603913,2.9329628030378485,0.0001,1.7242806994890827
1023,1.7233884547351581,0.7660736226406832,0.043648780722163515,0.9136660511607331,2.97403856489286,0.0001,1.7234972419893524
1024,1.735998586515384,0.7665669089882176,0.04351049794628461,0.9259211806992247,2.895480447318443,0.0001,1.7237397624561317
1025,1.7300515023738328,0.7659505773751296,0.04340096443710172,0.9206999628587379,2.9451957832243574,0.0001,1.7249492050788953
1026,1.7330577259856836,0.7658854350598782,0.04394209602541663,0.9232301890970969,2.973158324224228,0.0001,1.7269146732457028
1027,1.7338386134491972,0.7664576563341864,0.04365009395877923,0.92373086116135,2.8953644716715474,0.0001,1.7296108206193783
1028,1.7378310939603112,0.7666850810602277,0.04341231422540382,0.9277336988560326,2.911401993846313,0.0001,1.729450109038827
1029,1.7407956623885985,0.7661339119530111,0.043632223204715256,0.9310295289234989,2.919287356353435,0.0001,1.7293128729108382
1030,1.7391320858717447,0.7662993537726799,0.04358426625056393,0.9292484699591662,2.9318940934496527,0.0001,1.7301338297841997
1031,1.7226604627063744,0.7658125449871195,0.04353878367503323,0.9133091333792611,2.974771496973947,0.0001,1.7318810364053896
1032,1.7312017294746382,0.7664892149987134,0.043655724602828884,0.9210567912634682,3.0476918455069737,0.0001,1.7327955917460922
1033,1.748753047376327,0.765998522601795,0.043761143094385856,0.9389933815592443,2.931998384893545,0.0001,1.735332051010209
1034,1.7380791046556547,0.7661360879457021,0.04371033237140029,0.9282326831295331,2.898905778027935,0.0001,1.735540102824236
1035,1.7158288701794453,0.766674290201485,0.043832989299998563,0.90532158868308,2.949285999031144,0.0001,1.7341178396047976
1036,1.7360514647820418,0.7656734675229442,0.04393977591764129,0.9264382197999568,3.016222709090908,0.0001,1.7344172134844331
1037,1.7149356168375538,0.7656375025880748,0.043470573231849906,0.9058275414105603,3.005991320339226,0.0001,1.7325269138232688
1038,1.7317690310081653,0.7664782425452923,0.043683952298657645,0.9216068348342942,2.9675140700040434,0.0001,1.7319207075280545
1039,1.7146976148864561,0.7661691847244092,0.043558616183592386,0.9049698125880824,2.975675232995596,0.0001,1.72931090277784
1040,1.7409126378943423,0.7657310847820181,0.0434535865125985,0.9317279700454302,2.878985271492546,0.0001,1.7294889579800998
1041,1.7299772977345371,0.7669708913770216,0.04328491552364512,0.9197214927078502,2.9292077372572245,0.0001,1.7302206414829162
1042,1.7359353490098253,0.7664576403751334,0.04347048811690077,0.9260072167698317,2.941621019438846,0.0001,1.7306940034364349
1043,1.7307356441238588,0.7664713311872424,0.0432768242837933,0.9209874892875582,2.924736707012262,0.0001,1.728892263111188
1044,1.731210791315075,0.766542116357637,0.04319818556671452,0.9214704867006557,3.0181568024366427,0.0001,1.72820543177713
1045,1.7424649715907192,0.766549767635415,0.04340551857048793,0.9325096835410619,2.947202775347789,0.0001,1.7308690419182575
1046,1.7177539036191742,0.7665636066732735,0.043775765939368196,0.9074145329107377,2.9123655414968184,0.0001,1.7290392858019707
1047,1.7332940810108766,0.7660637075954229,0.04367180745935343,0.9235585655933944,2.911178484166128,0.0001,1.7308751322193028
1048,1.7358281820347536,0.7664007825009963,0.043108875079280705,0.9263185263284563,2.9548435349009825,0.0001,1.7312810473219618
1049,1.729795596420644,0.7660296232898627,0.0435788631439209,0.920187108445361,2.9469016526823837,0.0001,1.7327908454753806
1050,1.6918917310407147,0.7662287963814958,0.044179353946120936,0.8814835824359503,2.9447868702135995,0.0001,1.727888754790018
1051,1.7264536235927326,0.7664478365596361,0.04355310885949744,0.9164526747883455,2.9709239709691633,0.0001,1.7275363873758374
1052,1.7469477307723937,0.7660598479226444,0.04355229470599254,0.9373355883855606,2.9386027367071494,0.0001,1.728637625552094
1053,1.711986560366942,0.7656134455247535,0.04324855475590147,0.9031245576380232,2.986679363685979,0.0001,1.7267627171764026
1054,1.7287160508772905,0.7656540810215545,0.043311707871922615,0.9197502652481652,2.925474826752777,0.0001,1.7265132431326244
1055,1.7190743196324934,0.7654832942490646,0.04348513175701273,0.9101058918128875,2.964917880768225,0.0001,1.7241741779368014
1056,1.7356334736090886,0.7663734209464965,0.04383211251930098,0.9254279362139789,2.941410045836567,0.0001,1.7259621349357928
1057,1.72550272603064,0.766116677505733,0.043449667839684784,0.9159363789321443,2.974070152211141,0.0001,1.7251829994377694
1058,1.7136014461759137,0.7663513164491247,0.043967876908261684,0.9032822520931159,2.9349011562417053,0.0001,1.7229603258518853
1059,1.7280282038462331,0.7659101558747204,0.04354226806826331,0.9185757790871615,2.9103416562322186,0.0001,1.7227835865944443
1060,1.7333728188675268,0.7658151089540601,0.04369842232361768,0.9238592845673009,2.9442405035723054,0.0001,1.7269316953771252
1061,1.7397458640363588,0.7654616787999445,0.043886364352630554,0.9303978203094997,2.9789348156408653,0.0001,1.7282609194214882
1062,1.7229859420300497,0.7658375051877562,0.043554888052098895,0.9135935504828215,2.9522840244049475,0.0001,1.7258647405472534
1063,1.7285287400771832,0.7664297330693831,0.043412007618143886,0.9186869993594307,2.9399138720475637,0.0001,1.727518958518278
1064,1.7354067476961241,0.7657455598848587,0.043399515790339654,0.9262616688019122,2.971061500767907,0.0001,1.728188028200161
1065,1.7217755143589228,0.7659857315417478,0.04332563915794326,0.9124641420875069,2.945381186313126,0.0001,1.7284581476728043
1066,1.7220981031595815,0.7661084099908871,0.04337915010432926,0.9126105440920314,2.9147828657777026,0.0001,1.7271046106278534
1067,1.7469235300775958,0.7656314651090765,0.0434714884593569,0.9378205764487114,2.8883993096090474,0.0001,1.729246691032549
1068,1.7266959126048833,0.7655884881048609,0.04348024127449515,0.9176271861876242,2.8959540213339228,0.0001,1.7305561376754457
1069,1.7321420547686532,0.7658044078045394,0.043858991191546765,0.9224786517223529,2.9209408058839688,0.0001,1.7309675227676877
1070,1.7259580167747173,0.7666412288470394,0.04378150515333876,0.9155352857062106,3.004387633070259,0.0001,1.730226042558407
1071,1.724551692695695,0.7654786381953629,0.04361384200276033,0.9154592113490037,2.948129590819864,0.0001,1.7287066254243406
1072,1.7099168452965077,0.7660741373201413,0.043543850432544884,0.9002988527681958,2.971782818769103,0.0001,1.7273997157509864
1073,1.7166495881748005,0.7661583895131976,0.04370503227319002,0.9067861644842078,2.946763679173607,0.0001,1.726211800560748
1074,1.7236939671073435,0.7658844130759791,0.043781517243530396,0.9140280377248238,2.953825525289617,0.0001,1.72504052250187
1075,1.718534027587086,0.7656330212376422,0.043552886883578966,0.9093481193147372,2.99081635620241,0.0001,1.7247163738246865
1076,1.725158496270557,0.7659311040661639,0.04337342684941166,0.9158539651736285,2.9591315051363156,0.0001,1.7250224131357839
1077,1.7312233387577607,0.7655764091571011,0.043343767433089125,0.9223031637997463,2.950786524321922,0.0001,1.7234523940038002
1078,1.716386000234747,0.7654865276499162,0.04382585536152064,0.9070736175255649,2.9673321858864528,0.0001,1.7224214027667866
1079,1.7073326403422482,0.7655567941510895,0.04310680523847228,0.8986690401063729,2.924091512968284,0.0001,1.7199404613241467
1080,1.7082078554809215,0.7653394122636342,0.04386819158557946,0.89900024767217,2.9902791870535026,0.0001,1.7181654451947665
1081,1.7235396602332713,0.7660158773464799,0.04366384099027931,0.9138599437402664,2.9401560620410447,0.0001,1.7180642419485241
1082,1.7206828833593557,0.7658022128302475,0.04385011070398481,0.9110305616991031,2.9799197593035127,0.0001,1.7191408457548092
1083,1.7284219963797207,0.7657825249203803,0.04357808840444073,0.9190613829642232,2.998057658483726,0.0001,1.7203180865753012
1084,1.7272187033724833,0.7664912994686537,0.0434305097220152,0.9172968931239227,2.9351335089298582,0.0001,1.720670560201815
1085,1.714068023597493,0.7660326783603877,0.043588279226972414,0.904447064196604,2.96156226355454,0.0001,1.7202239598028555
1086,1.7263261464256303,0.7660093931349006,0.043329161030767414,0.916987596975137,2.9395539895999745,0.0001,1.720340724818363
1087,1.7081766696779046,0.7659243310199064,0.04362966564557615,0.8986226685088257,2.9834533779906454,0.0001,1.7180360579103777
1088,1.716303361115059,0.7658563970794059,0.043786742866160175,0.9066602205649834,2.9302707992751023,0.0001,1.7180277939984088
1089,1.727681345920292,0.7657576598695519,0.04361413240916347,0.9183095585381041,2.934960363844587,0.0001,1.7200626645562132
1090,1.7171064777258203,0.7659166730925229,0.04367580520212046,0.9075139990684711,2.978258593087264,0.0001,1.720952526780703
1091,1.7124796421484338,0.7657987656748078,0.043924252836989586,0.9027566205838631,3.0021130472844804,0.0001,1.7198465249722195
1092,1.7150341163542402,0.7653474636058537,0.043617016645280636,0.9060696330805579,2.9369890358578603,0.0001,1.7192816482717077
1093,1.7254040671652278,0.7659170827082156,0.043710087665921535,0.915776895491395,2.95753763075049,0.0001,1.7189798553502584
1094,1.6965306385535497,0.766186721789184,0.043775825181307224,0.8865680935477146,2.9607196993083065,0.0001,1.7159110488683649
1095,1.732060027654466,0.7659571254229207,0.043462205610217235,0.9226407003692875,2.895596136427796,0.0001,1.7177102492740624
1096,1.7448690602552093,0.7656793758786958,0.043320273530894314,0.9358694068256305,2.889891057178892,0.0001,1.7195645406570201
1097,1.7277041811488463,0.7660112715879753,0.0436594890048973,0.918033419437631,2.89842315740566,0.0001,1.7215172918041142
1098,1.709024913654366,0.7658490420113229,0.04366247745846638,0.8995133965723897,2.9537775898560064,0.0001,1.7207894470580452
1099,1.7288497200360404,0.7659576374425365,0.04319590704919842,0.9196961779321183,2.8940420368380284,0.0001,1.72090628446962
1100,1.7277280486379627,0.7656681548509346,0.04351777213098553,0.9185421192984552,2.9633933569306534,0.0001,1.721968441560834
1101,1.7199197821394667,0.7656535011759636,0.04366074420859316,0.9106055370269392,2.9657189330996654,0.0001,1.7227124555599374
1102,1.7153176165981177,0.7653724901816424,0.04433991580173887,0.9056052050834738,2.9127615726501896,0.0001,1.7227408055843252
1103,1.717569287601881,0.7660895051627323,0.04384022141083259,0.9076395595170421,2.8980623239435968,0.0001,1.7219573276279907
1104,1.7356779519733019,0.7660854123910591,0.043628987627629096,0.9259635517128099,2.994267492458738,0.0001,1.7258720589699657
1105,1.7251388707460786,0.7655482171273377,0.04352259369941077,0.9160680593752716,2.941771283836442,0.0001,1.725179943279127
1106,1.698579442307625,0.7654524416517292,0.043824532452751606,0.8893024675381836,2.949136605610954,0.0001,1.7205509814843687
1107,1.7392583800135955,0.7657556475780557,0.04391102181486861,0.9295917101370635,2.89564006154484,0.0001,1.7217064013708439
1108,1.7308907020406354,0.7645678988093053,0.04346033066329801,0.9228624706033761,2.936989029087353,0.0001,1.7238929802094707
1109,1.7217568990908578,0.7653724131671217,0.043659118077817846,0.9127253634329984,2.9312178542115865,0.0001,1.723183698114952
1110,1.7200957001101898,0.7658742634810008,0.04293118988524586,0.9112902482552171,2.9806170485324355,0.0001,1.722420463262175
1111,1.7267460982649612,0.7656271480643483,0.04309177132697425,0.9180271789038641,2.977370531031858,0.0001,1.7231030948747244
1112,1.713599476804598,0.7649945846435748,0.043595555587907835,0.9050093343968807,2.977852334840786,0.0001,1.7229312808953723
1113,1.711764639579742,0.7655293995903665,0.04372674649917572,0.9025084919487003,2.944981203359716,0.0001,1.7223508160931584
1114,1.7177889223756462,0.7658448655755234,0.043561950658446154,0.9083821072902447,2.964309386500964,0.0001,1.720561913133393
1115,1.709585023700103,0.7655634715639311,0.04351956704083611,0.9005019803801608,2.9928486245640875,0.0001,1.7190065284287954
1116,1.7092731734076572,0.7663710720640651,0.04299754762746258,0.89990455879401,2.9807957918600425,0.0001,1.7200759015387983
1117,1.7304274071060861,0.7658595539493445,0.04355642326463308,0.9210114291062461,2.9466680626840187,0.0001,1.7191928042480478
1118,1.717630890997138,0.7657762005411345,0.04340900175469884,0.9084456899707748,2.9178008905047093,0.0001,1.717866823143698
1119,1.7183546047907088,0.7655565009639422,0.043485774713404035,0.9093123271184809,2.9651545351465622,0.0001,1.7175265937136828
1120,1.7130829876866833,0.7660521545709993,0.04313332966810308,0.9038975041729925,2.9258678701779903,0.0001,1.7168253224713321
1121,1.7344432342608609,0.7660156471492311,0.043230847703032274,0.9251967407385185,2.9679907391085827,0.0001,1.7175950360709222
1122,1.7009505935421338,0.76485345619929,0.043598853308579016,0.8924982810419423,3.019484122674799,0.0001,1.7163301477446757
1123,1.734269141909075,0.7660553471070032,0.04388343489919666,0.924330358693856,2.958563339154087,0.0001,1.7185805979776092
1124,1.7215131374933657,0.7656759259425119,0.04366368115794586,0.912173531027643,2.9735148255288237,0.0001,1.718953019489381
1125,1.7140856500087838,0.7655045762506992,0.04341338735081361,0.9051676855307321,2.9781566904234356,0.0001,1.7194030821202493
1126,1.7354001005087614,0.7657017855325045,0.04339720680554063,0.9263011084729711,2.9720278504412265,0.0001,1.72201577483036
1127,1.7121011233958463,0.7652850186123568,0.04363255229973164,0.9031835534509732,2.991939754805265,0.0001,1.7201831464593358
1128,1.718062532359156,0.7653079788534927,0.04376717368197489,0.9089873798236886,2.986600333730299,0.0001,1.7202263105955375
1129,1.7296989358221058,0.764670099254554,0.04419946211104944,0.9208293725825226,2.9404033074272573,0.0001,1.7213607436986773
1130,1.7196735234337936,0.7656322903855577,0.04383762951554923,0.91020360090307,2.94153476607727,0.0001,1.7220197972733882
1131,1.7054893122967067,0.7653607127632621,0.04355274228488698,0.8965758566742736,2.973494521502791,0.0001,1.719124405076973
1132,1.7176088914426297,0.7654547195647358,0.04345051173506112,0.90870366123095,2.9343320411794327,0.0001,1.7207902348670223
1133,1.7162580422407232,0.7652856057120627,0.04354265301996506,0.9074297810302061,2.9220014808144095,0.0001,1.7189891249001874
1134,1.7013447441870977,0.7656049819069992,0.04413641925757603,0.8916033447453748,2.992967831193796,0.0001,1.7169722855695604
1135,1.7234805662781907,0.7650158713603842,0.04405037819976497,0.9144143135745917,2.9016525697031077,0.0001,1.7179117771965011
1136,1.7264533724794524,0.7656803097250979,0.043942195890399556,0.9168308660176414,2.931615448384933,0.0001,1.7170171043935702
1137,1.7451870615535527,0.7656859395228341,0.0439673928169885,0.9355337274002014,2.947268227534652,0.0001,1.7203256982093407
1138,1.7111048200309398,0.7658153355242514,0.04363356110532192,0.9016559164192807,2.9025464691448404,0.0001,1.7196299269765192
1139,1.7250494420165705,0.7653822077940734,0.043594761504121046,0.9160724747737088,2.914924415081558,0.0001,1.7191649775959656
1140,1.7309534341761839,0.7660613782991018,0.04335100172015765,0.9215410558495511,2.9249201536662195,0.0001,1.7202929686702049
1141,1.724468977165996,0.7654741131993384,0.0435417779318943,0.9154530863067925,2.9388340602781904,0.0001,1.7221909351571338
1142,1.70425497336997,0.7649700792759475,0.04315003081702799,0.8961348620377496,3.003426558589355,0.0001,1.7208555433498678
1143,1.7059440673243926,0.7657121349783504,0.04359890674722606,0.8966330287724915,2.971944583115181,0.0001,1.7198241458582344
1144,1.7248203294997766,0.7655962230467651,0.043245213510540385,0.9159788893456391,2.946763473882153,0.0001,1.7221717043895026
1145,1.7309105422869173,0.7650075004743998,0.0432124529600627,0.9226905895778664,2.9603733278916766,0.0001,1.722914701990375
1146,1.7363406656721785,0.7649228292353013,0.043291928560206666,0.9281259080882488,2.9365069498638596,0.0001,1.723903431309648
1147,1.7133502573318946,0.765122867501048,0.04338971330476339,0.904837676072701,2.926065233851543,0.0001,1.720719750887482
1148,1.7181135007382407,0.7658985939035551,0.043261578793941595,0.9089533270735286,2.944212931648471,0.0001,1.7214206189582117
1149,1.721426699877269,0.7657747017200772,0.04372516993818612,0.9119268286119369,2.9947216276222988,0.0001,1.7210583447442818
1150,1.730623402290847,0.7657414638488336,0.0435522523903218,0.9213296848728981,2.9614056162611706,0.0001,1.7210253415557482
1151,1.7276880045933365,0.7649296910235655,0.043162491210333956,0.9195958202134281,2.96128401021203,0.0001,1.7213472442984823
1152,1.7230663483331459,0.7653377407946402,0.04331083713632085,0.9144177701906065,3.0278026678015686,0.0001,1.7232283817947998
1153,1.7158155487226907,0.764648250948343,0.04376592863404001,0.9074013720721792,2.9674283858486894,0.0001,1.7242155299346298
1154,1.7178406708138951,0.7650810331408441,0.04337111955723946,0.9093885187807722,2.9138842170668906,0.0001,1.7235175640660416
1155,1.7257071228104721,0.7646929304933451,0.04343172236823649,0.9175824703871599,2.938236090039143,0.0001,1.7229972221183971
1156,1.7229057959078775,0.7650374301065054,0.043538116296454814,0.914330249111986,2.9382718151046103,0.0001,1.7216537351419672
1157,1.7185043925929504,0.7649822894022866,0.043396650898529114,0.9101254495113906,3.0140084219269045,0.0001,1.7221691486680726
1158,1.7169248670883643,0.7650450767900107,0.04368404394231026,0.9081957446785293,2.9505847092816118,0.0001,1.722050285303085
1159,1.710759700674556,0.7652768782863268,0.04306505635592323,0.9024177655033601,2.9637519841745465,0.0001,1.7209835853828135
1160,1.696403427975173,0.7650405502222615,0.043330135258409605,0.8880327400311253,2.964772138585909,0.0001,1.717561587951246
1161,1.730559230092573,0.7654142217752175,0.04347931298958119,0.9216656953277743,2.9580909274896308,0.0001,1.7178487105011697
1162,1.7189043275482998,0.7647218927892178,0.04359280966358301,0.9105896253977538,3.068875487629347,0.0001,1.7174325084226851
1163,1.7279535715768592,0.765431733087884,0.04298187100137707,0.9195399673666964,3.0025657195348527,0.0001,1.718646310708102
1164,1.7049337563843563,0.7660812721049326,0.04297594052057479,0.8958765398899875,3.0018703840808985,0.0001,1.7173556192651482
1165,1.7203158403748673,0.7654743766446143,0.04336114394011894,0.911480317765027,2.9012349046026236,0.0001,1.7168164910215875
1166,1.70685655362224,0.764807708123151,0.0436101387770616,0.8984387049991751,2.9306627952061124,0.0001,1.715211566793024
1167,1.7186884768836155,0.7653617337799459,0.043242825939495716,0.9100839153204197,2.9378215473515508,0.0001,1.7152299752220905
1168,1.7131531927696833,0.7646928739112483,0.04320733977621516,0.9052529802005624,2.9800309223287247,0.0001,1.7148528077902223
1169,1.7237883893278017,0.7650531654909223,0.043785355153963965,0.9149498692269741,2.996777355066419,0.0001,1.7161556766555468
1170,1.7307849745237802,0.7650970108127013,0.04383056739280964,0.9218573956533088,2.9628785268288356,0.0001,1.7195938313104076
1171,1.724850380880112,0.7654859008943817,0.04408319436512419,0.9152812866482725,2.962006723179537,0.0001,1.7190229463891615
1172,1.7189137559633467,0.765461929671421,0.043764322089375154,0.9096875056004791,3.0013552212570067,0.0001,1.7190238892306664
1173,1.720659732334996,0.7655199214846319,0.043946487424823384,0.9111933259644808,2.928857195449891,0.0001,1.71829450530648
1174,1.7274208313069528,0.7648863243524733,0.043476187675042764,0.9190583223624356,3.011487571511259,0.0001,1.7205432127987397
1175,1.7102357828592916,0.765684498251089,0.04370498584685412,0.9008463051540373,2.993637176846394,0.0001,1.719535207047182
1176,1.723949443737827,0.7657641485545021,0.0435248037864422,0.9146604915177846,2.9718125824028774,0.0001,1.7212444960587405
1177,1.7272417020604287,0.7654087593057335,0.04350493452370046,0.9183280052688978,3.0074769292351684,0.0001,1.722099818576422
1178,1.7236025979020775,0.7652403292742994,0.043526644639021,0.9148356269810795,2.929303300066362,0.0001,1.7231447590896614
1179,1.7037359693712928,0.7651078612760888,0.04398866405835258,0.8946394439159494,3.0032063449372144,0.0001,1.7211395170940105
1180,1.7184368064872633,0.7652057139675226,0.04339413468784541,0.9098369578621208,2.9723314593336405,0.0001,1.7199047002903591
1181,1.732681055581594,0.7655911730946199,0.04377333290920296,0.923316551028594,2.9983401796638844,0.0001,1.720687767760507
1182,1.6903371827839355,0.7653229729882602,0.04345125576545452,0.8815629552996909,2.998359198986154,0.0001,1.717830110442566
1183,1.7085965187506067,0.7647915951620493,0.04369605675672179,0.9001088693707758,2.9733638229041266,0.0001,1.716623789084127
1184,1.6991313006766668,0.764877194323356,0.04381515530011717,0.8904389498744001,2.9931933069809453,0.0001,1.7137948360210984
1185,1.7111716077003711,0.7651781494187051,0.04407135830931441,0.9019221024508408,2.988365480430711,0.0001,1.7138884185052063
1186,1.7032475643177303,0.7650395474617669,0.04362210177988358,0.8945859152876581,3.0095385221148603,0.0001,1.7118182305631968
1187,1.7050736310757681,0.7653635373947345,0.04347155084474575,0.8962385368818685,3.053656105095668,0.0001,1.7096014234647305
1188,1.7215560767761835,0.7659386812310673,0.0435014303025561,0.9121159634592567,3.007050380261868,0.0001,1.7093967713521412
1189,1.717605117126604,0.7654726974378977,0.04361994585691069,0.9085124741038251,3.0038533960346276,0.0001,1.7107836861276724
1190,1.7010827453818331,0.7645346694011959,0.04372426873530142,0.8928238060967676,2.9811777483377204,0.0001,1.7090482800171294
1191,1.71420912254171,0.7643843933970159,0.04353939495512245,0.9062853313786021,2.9600517807819298,0.0001,1.707201086713141
1192,1.7362710363241045,0.7653870867909089,0.04325007570200953,0.9276338718665299,2.9501246881291543,0.0001,1.711794472067158
1193,1.7294135046537218,0.7658226227663594,0.043027230740560723,0.920563652114017,3.0026924097513814,0.0001,1.7138761706574694
1194,1.7075154544373796,0.7652902968273202,0.04389753109543125,0.8983276286908628,2.9998059959488996,0.0001,1.7147145860335407
1195,1.7280593104584947,0.7651057396892602,0.04370877322028665,0.919244799513604,2.966784382446784,0.0001,1.7164033563093533
1196,1.7080262115954385,0.7650861854969125,0.04349835818486088,0.8994416642261567,2.9490353371985787,0.0001,1.716881221037124
1197,1.7163552836520677,0.7653112646048741,0.04338813722738146,0.9076558812153025,3.0337943300514145,0.0001,1.7180093862947536
1198,1.7094839707349425,0.7648127631531768,0.04329475742324612,0.9013764528183618,3.0216644736380895,0.0001,1.7168021756906295
1199,1.7111663750654302,0.7654476782371258,0.043709044282383175,0.9020096530295288,2.9351366763182636,0.0001,1.7161583014845125
1200,1.7300176593884977,0.7645168022741894,0.043485668803325286,0.9220151868601599,3.006597278084281,0.0001,1.719051792885179
1201,1.6992414204392423,0.7649295718142759,0.04366365480132809,0.8906481937783002,3.006425055480632,0.0001,1.7175550226749319
1202,1.7163951781410234,0.765540797981239,0.04385840965332898,0.9069959690858578,2.964238828867976,0.0001,1.7155674368566238
1203,1.7134939216938754,0.764952362550925,0.043539853898797026,0.905001707057682,3.039133809401104,0.0001,1.7139754785606391
1204,1.7146048221820267,0.7646726762789017,0.043586481899083505,0.906345663218179,2.9280111782449256,0.0001,1.7146844153351037
1205,1.7341582717083046,0.7650093112224015,0.04390286698060877,0.9252460934448435,2.9491395735111974,0.0001,1.715294311460085
1206,1.7116427115687975,0.7659275060251325,0.04362557867719484,0.9020896238741478,2.9661030394552204,0.0001,1.7156559614574207
1207,1.7226436329178103,0.7652661646839087,0.04361993400852288,0.9137575323816245,2.9895720665643473,0.0001,1.7162847963839951
1208,1.7121988675173592,0.7651054576250893,0.04379156129113559,0.903301847633919,2.9879908515763813,0.0001,1.7165562860622365
1209,1.718883877110046,0.7643505728994373,0.04343904152845031,0.9110942629541877,2.899698926033887,0.0001,1.7173280362666983
1210,1.7069829707213395,0.7648961547663923,0.04293493470120382,0.8991518834602035,3.0287748468816886,0.0001,1.7150245673999822
1211,1.7071906499882015,0.7654924673192641,0.04346400463073297,0.8982341780986554,2.9620979514131682,0.0001,1.7158194903548787
1212,1.7229540275511828,0.7648003310509193,0.043810851917305535,0.9143428463964869,2.956758496002058,0.0001,1.7164753752958943
1213,1.7084612382111153,0.7646528733913119,0.043598902152953235,0.9002094625761736,2.973167230826604,0.0001,1.7159721069476184
1214,1.6939725189131607,0.7649291200038144,0.04359930475633478,0.8854440949086485,2.922612203303989,0.0001,1.7139088766207315
1215,1.7151504455183388,0.7657056709573912,0.04366830372181674,0.9057764698416901,2.998634943372096,0.0001,1.7120080940017353
1216,1.7213033669860562,0.7654326403358646,0.04381537268176282,0.912055358079094,2.9358886693118795,0.0001,1.7129741595434609
1217,1.7215547636604696,0.7653171085199043,0.04414187265941628,0.9120957802142381,2.964890473996408,0.0001,1.712865272617727
1218,1.734394610049033,0.7653159632160504,0.043446801980658915,0.9256318424040599,2.9434506762583887,0.0001,1.7150848468708944
1219,1.711016295768668,0.7639557190889277,0.04355377527086053,0.9035068017413602,3.0029850613031135,0.0001,1.7142980887367567
1220,1.6941581669492123,0.7648922979952597,0.043662656151498794,0.8856032120468167,2.9627482313171605,0.0001,1.7130156083595438
1221,1.697497592978255,0.7660518690006728,0.04365860134302724,0.8877871237528977,2.9863966311692707,0.0001,1.712046302658549
1222,1.7053928875778075,0.7649692145854416,0.04370868230204553,0.8967149908716732,3.0272882357088595,0.0001,1.7102901886612116
1223,1.7176493334963645,0.764318139993153,0.04337001814078124,0.9099611741534112,2.9224393101783117,0.0001,1.7112089981897367
1224,1.7092860499453593,0.7649164930076676,0.04358226701647466,0.9007872902234718,3.004680629192453,0.0001,1.7127403512929564
1225,1.7169972276107293,0.7650653088794035,0.043316030840844705,0.9086158882531868,2.9752169593594378,0.0001,1.7129250295021954
1226,1.7227579890835358,0.764798482097912,0.043755223736559885,0.9142042824027504,2.9795685150560454,0.0001,1.7130704917119435
1227,1.70490275797931,0.7643649309692228,0.04329853270648701,0.8972392933968356,3.0148718395774794,0.0001,1.7114052911438276
1228,1.7204078110671672,0.7651478286689,0.043582287086192786,0.9116776923953157,2.967355768772458,0.0001,1.7100066112456411
1229,1.7251022053055056,0.7646804135179422,0.04324390293376683,0.9171778907277763,3.018324608976894,0.0001,1.711415202199325
1230,1.7205691547954785,0.7642578356889875,0.04350318386395127,0.912808137418774,2.986500049943131,0.0001,1.7140563009839513
1231,1.7192641726371967,0.764655569866753,0.043323908326108364,0.9112846961369621,2.964894558788555,0.0001,1.7162329589498455
1232,1.738939935005219,0.7653515868448099,0.043559375689431086,0.9300289720704904,2.887663850436104,0.0001,1.7195876636925866
1233,1.730319820359561,0.76528464091477,0.043257974224206644,0.921777208364034,2.931168029806435,0.0001,1.720854712378906
1234,1.7258492867796706,0.7647666871910405,0.04353684416649066,0.9175457566916096,2.921568680003013,0.0001,1.7225110360623375
1235,1.7080080726809241,0.7646789120370427,0.04389549921782457,0.8994336662470206,2.993330918025777,0.0001,1.7216121205693569
1236,1.7272590882396117,0.7651699346170948,0.043776875093549064,0.918312282639633,2.8756481716163744,0.0001,1.7220622304849644
1237,1.7330649832441163,0.7646330836820312,0.043632532230013524,0.9247993691456003,3.0207097982538156,0.0001,1.724878453011445
1238,1.726011383364215,0.7649227799073194,0.043740499817575454,0.9173481044251827,2.960353656666274,0.0001,1.72543881024115
1239,1.720863438039474,0.7644349954432939,0.04396928203033385,0.9124591585709647,3.013494909655975,0.0001,1.7250149335145466
1240,1.6994825473421726,0.7649973774778431,0.04342773574844577,0.8910574342065603,3.003290437297937,0.0001,1.7229062727692164
1241,1.7176393485697965,0.7649096196128196,0.04401715386953605,0.9087125744527058,3.0623295998718385,0.0001,1.722743790362476
1242,1.7309802207211693,0.7649382172685124,0.04363596656985022,0.9224060386963355,2.9349358156776817,0.0001,1.7219478189340713
1243,1.7177402774895907,0.765676459240865,0.04387206286494195,0.9081917576204691,3.0091101407521155,0.0001,1.7206898646470745
1244,1.7189448817990132,0.764841353071147,0.04328944644386338,0.9108140797752879,2.9432209094204236,0.0001,1.7199994241490084
1245,1.7152469387886249,0.7649927682131831,0.04350343050386069,0.9067507409783454,2.961449729017989,0.0001,1.7207233107597788
1246,1.7260305180269129,0.7653755017274775,0.04329314362446628,0.917361874307145,2.9625431906137214,0.0001,1.7206004537385085
1247,1.7159509874018888,0.7653190587887174,0.04313456383486548,0.9074973627834243,2.9785620723728234,0.0001,1.718889054154286
1248,1.6986417307331403,0.7649945004958411,0.04321262536619546,0.890434601032468,2.9689386480962043,0.0001,1.7161520888911785
1249,1.7097186824612878,0.7646587118657558,0.043574794310827045,0.9014851772519202,3.01477867086809,0.0001,1.7150376133333598
1250,1.7366150760263748,0.7649777904001743,0.043264602550870265,0.9283726822894679,2.9450105322301994,0.0001,1.7187508662017799
1251,1.718043882754947,0.764676051739505,0.043862285768768126,0.9095055462743399,2.9764263477576915,0.0001,1.7187913196202949
1252,1.71275049617276,0.7642490927878065,0.043289224467944906,0.9052121778591168,2.9178904408615454,0.0001,1.716968347165454
1253,1.7105371359637493,0.7645898982429118,0.04365048809902663,0.9022967514353398,2.9723237902832804,0.0001,1.7162480330128698
1254,1.735709330977581,0.7645221338068979,0.04337457420859811,0.9278126240350896,2.9630605132294474,0.0001,1.7179244779307266
1255,1.7160543880404613,0.7646807035616396,0.043567185227817745,0.9078064935988394,2.971686708757892,0.0001,1.7180052228559102
1256,1.7137383406350868,0.7646363115213948,0.043243322846372036,0.9058587064788984,2.9735299699446736,0.0001,1.7167760051167278
1257,1.7286410133446932,0.7648610831757829,0.04380847885449082,0.919971447445558,2.9133909764202808,0.0001,1.718045007711008
1258,1.7097003699316213,0.7644870976405501,0.043680287277964504,0.9015329819603334,3.037545749913848,0.0001,1.7191508716308566
1259,1.704807342912314,0.7647767295460188,0.04344192721539047,0.8965886875715023,2.9356989343074464,0.0001,1.718659737675959
1260,1.7182600452256735,0.7649358399741306,0.0438973151646086,0.9094268885152094,3.0234445021553893,0.0001,1.7168242345958888
1261,1.723912087463704,0.7646582309179325,0.04366006038735411,0.915593793740379,2.879153041278615,0.0001,1.7174110550667643
1262,1.7090399262871268,0.7645307530254186,0.04357857660637908,0.9009305940559379,2.941459620941967,0.0001,1.7170399980782012
1263,1.7066779185018481,0.764313135983736,0.04391957683447167,0.8984452044746213,2.960510494017456,0.0001,1.716654076332011
1264,1.7191468225773159,0.764828865233106,0.04370780165248662,0.9106101589258496,2.9693154858285467,0.0001,1.7149978254919844
1265,1.7218392311196782,0.7648968466880597,0.04369184380854361,0.9132505397767614,2.9549876245959052,0.0001,1.715576309799906
1266,1.7145315833072392,0.764701501713805,0.04360620946477925,0.9062238715845963,2.974457052126376,0.0001,1.7156556340671212
1267,1.7341832026506776,0.7647963869886031,0.04340074415381008,0.9259860704201472,2.893567376397928,0.0001,1.71620985299772
1268,1.7229114122855012,0.7643821917731186,0.043551861635328065,0.9149773589375053,2.9448687553889368,0.0001,1.7175309572331077
1269,1.7037469880092457,0.7649757003687458,0.04298131122550423,0.895789974661918,2.980532203194578,0.0001,1.717424921742801
1270,1.7055600969834936,0.7640994987913368,0.04369432737570989,0.8977662690633692,2.961299144955726,0.0001,1.716154926918583
1271,1.7057593011469192,0.7646464423765759,0.04387215426679073,0.8972407068309145,2.9873435673800732,0.0001,1.7143396482869044
1272,1.7253551497662527,0.764285925073024,0.043461506555336725,0.9176077188028525,2.9397100594657912,0.0001,1.7159711706348169
1273,1.706311881300402,0.7646616019051651,0.043645813063724045,0.8980044643064058,3.009860038031913,0.0001,1.7159345669146724
1274,1.6969339707318474,0.7644367555333925,0.043547417280881934,0.8889498011214738,3.018434065592458,0.0001,1.7137132817301257
1275,1.7081179896909857,0.7647630863692649,0.04325728363246028,0.900097619659035,2.9792420895539724,0.0001,1.7123411575872567
1276,1.7207777677878404,0.7648318665022782,0.04349716053047722,0.9124487407248596,3.002767423587203,0.0001,1.7129657760353165
1277,1.7171274897534756,0.7643577016391329,0.04331592202911996,0.9094538656922915,2.9414845204498414,0.0001,1.7112602047455963
1278,1.699377885938416,0.7645090805105941,0.04355275364966712,0.891316054271757,3.03779153601393,0.0001,1.7089068521108879
1279,1.7226868967013718,0.764212779413614,0.04386459668799782,0.9146095222621612,3.0083446016659843,0.0001,1.7108008429801003
1280,1.7490109494201551,0.7648328069982857,0.043250548186698747,0.9409275875100016,3.000574337057845,0.0001,1.7151459282237667
1281,1.706414390770949,0.7645076166301905,0.043264783661941,0.8986419919598658,2.9810544445838696,0.0001,1.7152114371861695
1282,1.704511772062909,0.7644233340907532,0.043260954940053074,0.8968274783471535,2.9656601812970083,0.0001,1.713127099415835
1283,1.7068625913430422,0.7644878792714396,0.04387921929117632,0.8984954871584871,2.9478494724443913,0.0001,1.7131821704200991
1284,1.714200969279175,0.7646335728511849,0.04419555915538486,0.9053718372726054,2.98867932512117,0.0001,1.7149088702748323
1285,1.7227057971770574,0.7649764521368618,0.04440932389930586,0.913320022984644,2.978191955819817,0.0001,1.716367651023439
1286,1.6917970098298172,0.7643882730186107,0.04422885917021343,0.8831798805124136,2.9966521381606435,0.0001,1.7134695752276368
1287,1.7278495340269913,0.7645010562504039,0.04391823917566884,0.9194302391752026,2.9472379984284993,0.0001,1.7145417796549882
1288,1.7220630038824334,0.7647678557080623,0.043819275879231234,0.9134758672777102,2.879077172666244,0.0001,1.7168102914493901
1289,1.7178135892682336,0.7642221646666768,0.04375155605602458,0.909839868031699,2.994125656133733,0.0001,1.716322960706076
1290,1.7325108490174006,0.764596292866171,0.04386600809696964,0.924048544276075,2.9738019305842402,0.0001,1.714672950665801
1291,1.7285892322629266,0.7635975372476945,0.043431132366884555,0.92156055995828,2.883533499787352,0.0001,1.7168904348149987
1292,1.7060720920562744,0.7639031534746259,0.04361507278426907,0.8985538670366241,2.955936756869117,0.0001,1.7170464668143353
1293,1.7182437432948765,0.7647426856216988,0.04344262844650547,0.9100584303147894,2.9531643659057774,0.0001,1.7181845820095187
1294,1.737315200163433,0.7643004822682657,0.04326504964615704,0.9297496672515695,2.9326541602732443,0.0001,1.7204960050979445
1295,1.7175108784352549,0.7648019164377488,0.04308689559449047,0.909622068065417,2.9678464334828374,0.0001,1.7199765132237643
1296,1.7108294666417956,0.7646230300831747,0.04375075882878797,0.9024556756442749,2.983839582478057,0.0001,1.721879758904962
1297,1.695785333853948,0.7642134104007157,0.04391853683618696,0.8876533887026035,3.065934697464562,0.0001,1.7186733388876576
1298,1.7027847498473967,0.7647221993964778,0.04378026735951886,0.8942822869904868,3.020506022426226,0.0001,1.7167455134841538
1299,1.6977947104049744,0.7643523248891076,0.04402782975055625,0.8894145557048596,2.9806259031469877,0.0001,1.7147436255978281
1300,1.7133701858365753,0.7646374894687661,0.04388021673198646,0.9048524805123618,2.9633257483372097,0.0001,1.7128295592797453
1301,1.725350529862224,0.7643710052024036,0.043442491101928465,0.9175370342530779,2.9350297639626275,0.0001,1.7125056890396753
1302,1.7265359419596364,0.7652487619411631,0.043663110984508216,0.9176240684899065,2.959862901763065,0.0001,1.7145520740300118
1303,1.7016158599640727,0.7647589119887981,0.04335284668340161,0.8935040984506781,2.9807198717434558,0.0001,1.7128892856969309
1304,1.7165739816777847,0.7645510286395013,0.043275237567042726,0.9087477185542395,2.9353307079350004,0.0001,1.7108151638483662
1305,1.7224213532937225,0.7646824320963381,0.0430156785624506,0.9147232460806384,2.95741784113174,0.0001,1.7113062113342132
1306,1.7156301545806638,0.7644226472469663,0.043022949603701705,0.9081845574881919,2.9728562292656115,0.0001,1.7117862801280999
1307,1.7285658551519831,0.7647804742410749,0.04366315136574828,0.9201222282303516,2.9576604965975997,0.0001,1.7150643322579033
1308,1.7272616069892357,0.7646636208462667,0.0430849855860155,0.9195129983807191,2.9541634867689432,0.0001,1.7175120179720875
1309,1.7172747030703097,0.7646111685170605,0.04328811313752954,0.9093754208112101,2.947653424183689,0.0001,1.719460017238621
1310,1.7258195780353662,0.7642119647765014,0.0434213226271933,0.9181862890599466,2.9470235135927645,0.0001,1.7207049564585
1311,1.7056946585192883,0.7639335853332921,0.04349864230436437,0.8982624305189261,2.96100810696097,0.0001,1.7187393693242066
1312,1.7033396183114506,0.7638480714078365,0.0432787891817383,0.8962127586890911,3.030365633916178,0.0001,1.7164197369593879
1313,1.7026862888984216,0.7640074364553843,0.043220805348053906,0.8954580468531796,2.9480692946161264,0.0001,1.7165267798528228
1314,1.7293615812703997,0.7651776661737454,0.043409328673480733,0.9207745884180553,2.9282272662400715,0.0001,1.717805539812084
1315,1.7121804979219881,0.7647899362668547,0.0436870807566459,0.9037034759717345,2.9970786218469088,0.0001,1.7167814542749107
1316,1.707501961299904,0.7647030363218296,0.04402923318000159,0.8987696963923456,2.9567406308094824,0.0001,1.7159686349468348
1317,1.7219719809402558,0.7645673311748079,0.043460602209002205,0.9139440466496814,2.9646282336291145,0.0001,1.7153092475256622
1318,1.6942555009714246,0.7641861371046148,0.04377922421778433,0.8862901381982026,3.018476939588241,0.0001,1.712008636923881
1319,1.7403140363054874,0.7646984600633927,0.04357461440877547,0.9320409615008391,3.014244118036653,0.0001,1.7143125702473985
1320,1.7132225667729097,0.764489583263049,0.043981984711080245,0.9047509988592314,2.9679063539234183,0.0001,1.713052869121153
1321,1.7234491422983986,0.7643005114056276,0.043439881554965316,0.9157087497911879,2.9722006475707823,0.0001,1.7148283174990642
1322,1.722394986036583,0.7641620683138075,0.04342610115453631,0.9148068156312493,3.040226024981686,0.0001,1.716733854271577
1323,1.7053461121980849,0.7646436529275612,0.043933140336862686,0.8967693176037399,2.9401565163904464,0.0001,1.7169998366015438
1324,1.7016233706329222,0.7639457807095974,0.04331237379967803,0.8943652198111551,2.9314417836632254,0.0001,1.7142260155377957
1325,1.7226026882748091,0.7644873648337853,0.04373055370052253,0.9143847703450109,2.939485027872283,0.0001,1.7152682345730779
1326,1.7092674617593235,0.7641704500809644,0.043688868895989164,0.9014081417849291,2.99285261505274,0.0001,1.7154447846190197
1327,1.7111719249469997,0.7652560933124705,0.04399557166844304,0.9019202580467682,2.9744145773487207,0.0001,1.7143647790196943
1328,1.7013317102351004,0.7638749620493721,0.04354157844373227,0.8939151658126839,2.976586106099173,0.0001,1.7150723999460618
1329,1.718566661674159,0.7644566075071602,0.04385174747412877,0.9102583054385127,2.9541784058236207,0.0001,1.7128976624829289
1330,1.7019337973053026,0.764429937632524,0.0434624312131932,0.8940414291547714,2.976267187638892,0.0001,1.7117687855361683
1331,1.7201324744833895,0.7639776866044282,0.04320288454059655,0.9129519007389734,2.937558697154991,0.0001,1.7114371187546673
1332,1.7159502825437163,0.7644453028152729,0.04340596252232488,0.9080990165713835,3.001109800522516,0.0001,1.7107926484053806
1333,1.7282647370808506,0.7640784124090029,0.04309274628002793,0.9210935811423385,2.954298760537927,0.0001,1.7130845108936572
1334,1.7184549618444385,0.7637996035221866,0.04369827385606437,0.9109570818667964,2.952126548933451,0.0001,1.714767670014809
1335,1.718867150088111,0.7645809059210772,0.04377908856583415,0.9105071564475131,2.9670150197785476,0.0001,1.714394116196139
1336,1.7060554777149255,0.7641911316836824,0.0437142251713039,0.8981501233988795,2.9316648670432532,0.0001,1.7140729177916991
1337,1.7337573169452907,0.7643746549894553,0.04356811133649722,0.92581454726431,2.9708502918904984,0.0001,1.7163314569915282
1338,1.7074675146513005,0.764118106684385,0.0437669611364059,0.8995824488253913,2.9697423660730977,0.0001,1.7169450374331483
1339,1.7073698142962814,0.7647958198377134,0.04346598258608495,0.8991080090615136,2.950084025187618,0.0001,1.7158253526953604
1340,1.7253379425219058,0.7646433738859382,0.043327143419586864,0.9173674260324687,2.964659061441557,0.0001,1.718165767217021
1341,1.7110276638131596,0.7635356589214797,0.04339483978782174,0.9040971655874659,2.988392328877478,0.0001,1.7172552861499981
1342,1.7262320520911691,0.764219538918857,0.04360593767727122,0.9184065781548831,2.908082312551038,0.0001,1.7182834631047434
1343,1.7143790511523975,0.764659323387649,0.0438764719160285,0.905843257420445,2.9601540202784973,0.0001,1.716894894511898
1344,1.7213559501311357,0.7634862048388978,0.04339778737654309,0.9144719589131357,2.9013440792749186,0.0001,1.7171849933405678
1345,1.7009291058863394,0.7643747908832094,0.043500651936018445,0.8930536642761308,3.0003224604028236,0.0001,1.7153911889203903
1346,1.7031748483437312,0.7632894177465845,0.043666428774897514,0.8962190034241996,3.0382556298683427,0.0001,1.715103125983271
1347,1.7176705783811108,0.764065941739034,0.043993803598817896,0.9096108307007844,2.9494039760883632,0.0001,1.713494452126853
1348,1.7193645688631471,0.7636352087131136,0.04361634467242939,0.9121130169284272,3.0318916654006465,0.0001,1.7146841575480376
1349,1.7162596224287703,0.7636373670541249,0.0440309308847114,0.9085913205001708,2.9717933855965946,0.0001,1.7155731383612867
1350,1.7351640837671307,0.7640570517002206,0.043658590703658594,0.927448436345822,2.99902025971403,0.0001,1.716555752485809
1351,1.7039626013434683,0.7634881281465836,0.0438713103714144,0.8966031592286383,2.992728311681844,0.0001,1.7158492462388402
1352,1.7123833087104814,0.7646295133275386,0.04387256484969876,0.9038812330721842,2.9513230176291168,0.0001,1.7144643719007715
1353,1.7260608370840913,0.7648458577556494,0.044003862880064554,0.9172111159345441,3.0068173372237728,0.0001,1.7156325504939407
1354,1.7124095886764372,0.764776690252896,0.04340745856263817,0.9042254397702265,2.960797188731768,0.0001,1.7147379143484707
1355,1.7176767911678879,0.7637182975879305,0.043440617364028405,0.9105178811426821,2.965977138002794,0.0001,1.7164126828766257
1356,1.723813649486093,0.7647870910820564,0.04353414128324806,0.915492419297023,3.0470134060958336,0.0001,1.7184765629908618
1357,1.7105746919678384,0.7642493816224847,0.04365565641414805,0.9026696550495484,3.0102184017096283,0.0001,1.7177669743495347
1358,1.7283329252780815,0.7638328750041629,0.0438557843891167,0.9206442680610363,2.9436978399149063,0.0001,1.7186638099910279
1359,1.7142358126069663,0.76482076553012,0.04338186701219415,0.9060331779488685,3.040596739757375,0.0001,1.7184614290088476
1360,1.7183999937881562,0.7640089211309173,0.043786298672519396,0.9106047716573576,2.931903665496176,0.0001,1.7167850200109502
1361,1.7254732211269665,0.7645485383018277,0.04345414314502151,0.917470541614548,2.948093931525039,0.0001,1.7189360819892996
1362,1.7225727788333236,0.7646453974213127,0.04378381558896078,0.9141435600197582,2.9306903366626638,0.0001,1.7199550290015844
1363,1.7178098028620166,0.7643860723619287,0.04411364810703734,0.9093100820303447,2.913238563353827,0.0001,1.7191299255793768
1364,1.7289006453740428,0.763449423695191,0.04351208345401601,0.9219391358067975,2.920285260459714,0.0001,1.7207790312491373
1365,1.7215217334987183,0.7638513526858471,0.04391447356458126,0.9137559016263509,3.031428502007382,0.0001,1.7211635254822206
1366,1.7001123573427026,0.7638775245654897,0.0436126571639798,0.8926221757643605,2.989451054869027,0.0001,1.7187933962678812
1367,1.7244793442635218,0.7637014711846203,0.04359377252644506,0.9171840974581229,2.9469306135274334,0.0001,1.7201838614974498
1368,1.7203841088509704,0.7644377251667619,0.0436329505506442,0.9123134371535532,2.991980723145042,0.0001,1.7193889798547386
1369,1.7104232219363322,0.7644444098337185,0.043528120126008506,0.9024506911302919,2.9854957032155314,0.0001,1.719007720787675
1370,1.7199323925720509,0.764207890986429,0.043690802601239746,0.9120336967174711,2.998897669039682,0.0001,1.7191609606660645
1371,1.7291116731403808,0.7645588958481021,0.04403091855271593,0.9205218577421219,2.9911244442690217,0.0001,1.719524805867406
1372,1.7052832351011389,0.7640175393822227,0.04423586906332515,0.8970298287713745,2.9430310602845817,0.0001,1.7177958514941873
1373,1.7005076577648914,0.7639424441794112,0.0441014314519948,0.892463781695216,3.0123478046053562,0.0001,1.7160656369844751
1374,1.7324306290241573,0.7645247015217981,0.043732153232876235,0.9241737774431584,2.9219413408159483,0.0001,1.7164186353494866
1375,1.7136157168336137,0.7638432236036955,0.04321873018756116,0.9065537621733746,2.983797107700402,0.0001,1.715628033682976
1376,1.7164507033133363,0.7639740363337689,0.04323835160137432,0.9092383178566822,2.9956306199756644,0.0001,1.7172618682800393
1377,1.7153263527287914,0.7635330002883385,0.04323007127092528,0.9085632850686145,3.0439197968759593,0.0001,1.7163465691265665
1378,1.7185890498074265,0.7633674439745549,0.04420336966098685,0.911018235930081,3.017084209720697,0.0001,1.716167063222212
1379,1.7095932005385115,0.7637891760946045,0.04358219399171717,0.9022218283666317,2.9846180159953737,0.0001,1.7160840610824297
1380,1.7098607987951313,0.763992924840165,0.04316103506765308,0.9027068376480687,2.9896405560491535,0.0001,1.715076901704738
1381,1.7221233225739268,0.7636117426183596,0.04366553990400829,0.9148460393865984,2.9889912547252724,0.0001,1.7143780666480926
1382,1.7149554590182663,0.7638931495664569,0.043800787558178386,0.9072615227399443,3.0268746469373875,0.0001,1.715345289039805
1383,1.7173899467770033,0.7639350024246541,0.04341653829655831,0.9100384097130738,2.992469722794229,0.0001,1.7170335179410166
1384,1.722302599078985,0.764606153626471,0.043331958942916284,0.9143644861166665,3.0349544956524523,0.0001,1.7160207149464994
1385,1.705832954836182,0.7631396625878603,0.04366722551852646,0.8990260663066384,2.9269694024602493,0.0001,1.7152424387467557
1386,1.7496627141205825,0.7644318895939639,0.04361556533867641,0.9416152619989117,2.985029667434538,0.0001,1.7185636398274808
1387,1.7195814546900394,0.7636074605142853,0.042593697988962786,0.913380293602513,2.9348040391175307,0.0001,1.7189891500236054
1388,1.7548910679246543,0.7643173783110798,0.04278174713707357,0.9477919406629721,2.9102155228899167,0.0001,1.7226193518353283
1389,1.7315105398092985,0.7641654360366883,0.04291876261906498,0.924426338735507,2.9781299362801636,0.0001,1.724811085762407
1390,1.7225445987728498,0.7639075034046754,0.04371555388336491,0.9149215431472109,2.980370828394474,0.0001,1.7260794657601788
1391,1.7106000926141565,0.7635282379618523,0.04330808976117302,0.9037637690924728,2.9836391822319728,0.0001,1.724927142764202
1392,1.7051214074024563,0.764193845931705,0.043387875595634416,0.8975396894417235,2.9596797363269642,0.0001,1.7239437376026205
1393,1.7268879446248253,0.7645330965881657,0.04341064142648879,0.9189442073355824,2.975565123993291,0.0001,1.724893537387403
1394,1.7220218686980118,0.7645164983267716,0.043613750117303875,0.9138916207375439,2.9938539554332864,0.0001,1.7248654643493058
1395,1.742848631334595,0.7639960786875557,0.043544748975587425,0.9353077972636503,2.984907895749771,0.0001,1.7285670319991469
1396,1.7198737332593597,0.7632786870969962,0.04378129623482725,0.9128137490509973,2.91371114960065,0.0001,1.7255881339130248
1397,1.715997981734982,0.7641970487443719,0.043733546022952936,0.9080673847914226,2.9121905369400736,0.0001,1.725229786617519
1398,1.7016725794055156,0.763680985322105,0.04387543361037063,0.8941161624074707,2.985026173610958,0.0001,1.7199079377656048
1399,1.7146307106675773,0.7641363725459116,0.043709097962834044,0.9067852405819883,2.869536215344984,0.0001,1.718219954851433
1400,1.7340614819865199,0.763612411568663,0.04354484956598185,0.9269042222724725,2.9450083857375757,0.0001,1.7193716431728
1401,1.721633661833061,0.764692616873774,0.04384215052181035,0.9130988963416817,3.0050571537888318,0.0001,1.7204750000946905
1402,1.722351192702628,0.763673174695601,0.04423215157120029,0.9144458635946316,2.9951897465433115,0.0001,1.7221979786247075
1403,1.7296021985717527,0.7633209199499165,0.04356628765199054,0.9227149923904431,2.9132642922488476,0.0001,1.7224694040194002
1404,1.712391309032092,0.7636973371853935,0.044113511004264166,0.9045804603588267,2.957499524159074,0.0001,1.7215063480528083
1405,1.7156150860912176,0.7635852631642417,0.04354445784377278,0.9084853628162922,2.9715504624538926,0.0001,1.7187829935284706
1406,1.7217391921588905,0.7632870076877833,0.04392349671640454,0.9145286863945561,2.8828835315685,0.0001,1.7189695394184237
1407,1.708902039585926,0.7636004284961229,0.04398584051499744,0.9013157675220324,2.959873043015811,0.0001,1.718259945203518
1408,1.7039262173625567,0.7643430843556387,0.043780422113971824,0.895802705739502,2.99331792445502,0.0001,1.718485308999222
1409,1.720107123648661,0.7635416406646945,0.043409602153615584,0.9131558810721546,2.989561419457983,0.0001,1.7190329502973305
1410,1.71942739844564,0.7635506738513769,0.0436116865633951,0.9122650340977777,2.94941071878824,0.0001,1.7175695419432426
1411,1.7287080471704261,0.7640382631797095,0.04408939252276933,0.9205803932814762,2.975174267683745,0.0001,1.718276980476979
1412,1.729758471552789,0.7635656988161331,0.04418941129293693,0.9220033608996602,3.058954839774126,0.0001,1.7190177083619953
1413,1.731299880189296,0.7638848891848241,0.04420065299492579,0.9232143375259384,2.9120846413695545,0.0001,1.7191874765237496
1414,1.709144129714424,0.7648126576058037,0.04388901766608743,0.9004424527801317,3.0421152458229606,0.0001,1.7188627585919825
1415,1.722230409270126,0.7637848120190309,0.04382391657838957,0.9146216805215781,2.913550846475133,0.0001,1.7195242909098734
1416,1.7136424871777425,0.7634552932414274,0.04339604276188972,0.9067911486657105,2.941198267752936,0.0001,1.718714620411759
1417,1.7171689234447285,0.763782193525326,0.04340205908305263,0.9099846666047829,2.945751129009177,0.0001,1.719541308797639
1418,1.7154135232523053,0.7638661774370298,0.04323761724313423,0.9083097298416114,2.955962621416088,0.0001,1.7206900393866138
1419,1.7189424526377093,0.76369467021002,0.04370612063224127,0.9115416577150082,2.9469188081807105,0.0001,1.7205735722855189
1420,1.7293905766933975,0.764273270873946,0.043671249859715086,0.9214460576221377,2.9468822452649626,0.0001,1.7215698901102943
1421,1.7189810002793162,0.7643686072337942,0.04371212365419338,0.9109002670035159,2.9947310852956095,0.0001,1.7205971854211835
1422,1.7243106147580407,0.7638298651509546,0.04370689682254443,0.9167738484320728,2.9306295203388824,0.0001,1.7200523997417085
1423,1.7062193515576407,0.7641936516423254,0.04396906658311887,0.8980566305212269,2.973341566312144,0.0001,1.7175443468785432
1424,1.727566854707126,0.7637719447907763,0.0437795317922596,0.9200153801794226,2.8981361652726334,0.0001,1.7193866193778136
1425,1.6909454429850859,0.763977188125827,0.04361057740921423,0.8833576738985508,2.971950949084686,0.0001,1.7162581227493092
1426,1.7066545168478156,0.7635381776711037,0.04382058887404312,0.8992957503517852,2.987896066166566,0.0001,1.7155593257163164
1427,1.7306478551870428,0.7630912680896735,0.043448092487714356,0.924108498538967,2.951590094798477,0.0001,1.716907218890548
1428,1.725616810650661,0.7631493388518359,0.0436933398488569,0.9187741349120653,2.9969366791282175,0.0001,1.7179275476303837
1429,1.703336494689539,0.7636562950954476,0.04420554831352002,0.8954746501622287,3.008136388012652,0.0001,1.7163669518355669
1430,1.72229036017799,0.763882228979958,0.04382188252454839,0.9145862500714119,2.91962639216719,0.0001,1.715656930184026
1431,1.7295719547155664,0.7634620129699398,0.04352896015252351,0.9225809817140049,3.020386574718096,0.0001,1.7167160256276506
1432,1.7298428312276488,0.7635050394230392,0.04319760862276956,0.9231401775296755,2.9856318126585615,0.0001,1.7172692472746118
1433,1.713311730485417,0.7640785591839293,0.04327961445821952,0.9059535570850721,2.9748037025846283,0.0001,1.7179784851673894
1434,1.7116099528318487,0.7634999673458432,0.04355190540182179,0.9045580755805872,2.965571467097826,0.0001,1.7163827949798616
1435,1.7222315941089066,0.7639662067256641,0.04416949463664397,0.914095896313205,2.9483510792618106,0.0001,1.7195114100922435
1436,1.7017544701423413,0.7639384425677828,0.0432382747077555,0.8945777546198808,2.9433384079478575,0.0001,1.7190214054216963
1437,1.6933479010454298,0.7627278909721916,0.04337834828281983,0.8872416631203394,3.024493874932883,0.0001,1.715291410007535
1438,1.7184413983420475,0.7630177265973894,0.04361567100695132,0.9118080002238736,2.966982120190866,0.0001,1.7145738687766734
1439,1.7182091458815831,0.7642936909658188,0.04340583533350884,0.9105096143079094,2.9982094856594927,0.0001,1.716061133895878
1440,1.7219846211147114,0.7636796707555682,0.044049628849687245,0.9142553213583287,2.919090845763804,0.0001,1.7160305599895502
1441,1.7123271017722619,0.7639978184661324,0.043549373473888965,0.9047799077164571,2.947999759329744,0.0001,1.7143060746952195
1442,1.7190705925891172,0.7635167468392099,0.04344357244866857,0.9121102724851508,3.022747288369262,0.0001,1.7132288508313664
1443,1.7227833773978583,0.7638250409226872,0.04313347571761807,0.9158248612109352,2.9477012713589,0.0001,1.7141760155226105
1444,1.706325699301327,0.763084781460056,0.043791553553412944,0.8994493678242391,2.961084717669303,0.0001,1.7136475901695583
1445,1.7225934811102692,0.7638567578478227,0.043720791112578664,0.9150159289761924,2.996717975782816,0.0001,1.7136837788696948
1446,1.7109183432122514,0.7637496943647915,0.043135897866610824,0.904032751343555,2.976594369745158,0.0001,1.7146001661766856
1447,1.7335747400597192,0.7637420279742738,0.04320037098975501,0.9266323371059271,2.9661573640715035,0.0001,1.7186228500781149
1448,1.7163226479932696,0.7631106224311535,0.04335987446999695,0.9098521521500109,2.9555160651100576,0.0001,1.718410975043237
1449,1.720905007745383,0.7642329899824657,0.043615160317256534,0.9130568559343868,2.9714208809889353,0.0001,1.718680561229617
1450,1.7204331396559431,0.763101765761269,0.043349799471501166,0.9139815769318876,2.9944416618250447,0.0001,1.71852541308374
1451,1.7129808120263275,0.7633955085736984,0.04349389255167747,0.9060914085433642,2.968495687896775,0.0001,1.7185907841091468
1452,1.697681168271852,0.7632323501076225,0.04357017223056383,0.8908786447548721,3.005316974183367,0.0001,1.71645184167742
1453,1.7127927532060634,0.7641106700075084,0.04381941249839674,0.9048626690075315,3.0965639884766896,0.0001,1.7154527792582406
1454,1.7172570753290977,0.764266002734341,0.0438507497915148,0.9091403221382814,3.1143791919789496,0.0001,1.7165459168610178
1455,1.7116732679564377,0.7636089005770113,0.04366988947135198,0.9043944784219077,2.9883057072486645,0.0001,1.7154538955456347
1456,1.7206167538799573,0.7626230798918625,0.04336917110195508,0.9146245026141103,2.964258281986322,0.0001,1.7164237366124049
1457,1.727839150486805,0.7639965158688853,0.04365256325951938,0.9201900729301251,2.986062164964347,0.0001,1.7158501776551138
1458,1.715778280102457,0.7638908584751416,0.04320084492526722,0.9086865757348329,2.9504178815632756,0.0001,1.7157957408660323
1459,1.733211585764469,0.7631415837193116,0.043062265697889346,0.927007737918993,2.9440146343703204,0.0001,1.7170263986679413
1460,1.7325828683545574,0.7626924902865659,0.043513174231105595,0.926377207433718,2.9770448558470783,0.0001,1.7182413715378027
1461,1.7151045719460107,0.7636875760482726,0.043415981664135295,0.9080010149590142,2.9510747436093996,0.0001,1.7184537475297705
1462,1.7060525859828894,0.7640717156518545,0.04371144442722715,0.8982694273244053,3.0062663468095883,0.0001,1.7192908893008745
1463,1.7194531147668617,0.7642409010784621,0.043827019405171544,0.9113851939507479,2.978978822003997,0.0001,1.719956925456954
1464,1.7219916247209235,0.7639679400964393,0.04365229896793017,0.9143713846893388,2.984393194287592,0.0001,1.720430380396137
1465,1.7119474218776696,0.7631170748455287,0.043584707058951046,0.9052456379178572,3.0077725980151255,0.0001,1.7204577957882599
1466,1.7269262128621037,0.7630992150935392,0.043438207063423454,0.9203887889520633,3.0040790679246854,0.0001,1.7210887416864746
1467,1.7421439965888403,0.7634814356210023,0.04376064908915553,0.9349019114857513,2.905898803146084,0.0001,1.7225192262966782
1468,1.7446253386762514,0.7633890596654788,0.04372829404370538,0.9375079837882736,3.0331130707239766,0.0001,1.7254039321540577
1469,1.713309010796808,0.7637574248333248,0.04403868480821652,0.9055128997044437,2.9650135120078467,0.0001,1.7234136746572915
1470,1.739318830125472,0.7629333868713456,0.04365810008368192,0.9327273429588662,2.9185917459685227,0.0001,1.7240872708343828
1471,1.726485214900777,0.7634903321885192,0.043793024687931455,0.919201857812748,2.8760409006966055,0.0001,1.7252253351298594
1472,1.7058132468565965,0.7632152378921818,0.04366273038527545,0.8989352792818817,3.01060325548083,0.0001,1.7252014012172303
1473,1.7329670320176207,0.7636557343523594,0.04374160897175632,0.9255696858220845,3.062820542414822,0.0001,1.7265527929423061
1474,1.7239625857761376,0.7635377967091651,0.04338588772632529,0.917038902851921,2.9739080611880846,0.0001,1.726749889047828
1475,1.7073553631320202,0.7636886318847084,0.04388868228417139,0.8997780489782533,2.9804431538552834,0.0001,1.726290683173263
1476,1.7211402386245573,0.7635678825465467,0.04366338833350439,0.9139089663843596,2.970467146221571,0.0001,1.725712085749508
1477,1.7360875333298533,0.7637390356518434,0.04380816354229291,0.9285403322315119,2.9809273316942413,0.0001,1.7251064394236093
1478,1.7114002682858016,0.7632544702013414,0.043923630433924055,0.9042221651418214,3.001228752049181,0.0001,1.7217839323845645
1479,1.7015127221662665,0.7634015493170485,0.043639071089259025,0.8944721026364978,2.9998909984592492,0.0001,1.7206043035215104
1480,1.7122112912773844,0.763692319393158,0.04358904719594526,0.9049299226329486,3.0134085825442303,0.0001,1.7178935496367014
1481,1.7281333964930103,0.7631826532539925,0.04386368363672531,0.9210870558241077,2.950294572973348,0.0001,1.718058367795925
1482,1.7247423357944218,0.7636463777530508,0.043349101383835985,0.9177468583501619,3.058846953190848,0.0001,1.7199512766897072
1483,1.7187414038737454,0.7629000065776446,0.043731122423137175,0.9121102746916108,2.936716544217077,0.0001,1.71852871387532
1484,1.7192509447585256,0.7636345501603752,0.04392357578625786,0.9116928194164021,2.9462543024736294,0.0001,1.7180575497735586
1485,1.703682252649845,0.764055670274924,0.04377266794866287,0.8958539128545332,2.9819491286790396,0.0001,1.7176902387253414
1486,1.709885167785397,0.7633146633966458,0.04376859524670769,0.9028019082655045,3.025289540358538,0.0001,1.7165647316414252
1487,1.6795466758658388,0.762782416285656,0.04368463346005453,0.8730796273291473,2.969160530436595,0.0001,1.710910645895024
1488,1.693218050331905,0.7636660759395808,0.0434074285789629,0.8861445457831357,3.039208107255777,0.0001,1.7090924240996341
1489,1.717684902356556,0.7636728037685216,0.04384444499837941,0.9101676520783809,3.0322119933354683,0.0001,1.7107096421186632
1490,1.7231253847389143,0.7635074150247941,0.0443130845230443,0.9153048820174007,2.9386241692316704,0.0001,1.7118010514648159
1491,1.7241018773576067,0.7637913902923011,0.04353031763924063,0.9167801691842611,3.0050099263568435,0.0001,1.7113978995512755
1492,1.7276833890417769,0.7635853428386046,0.0443988424285672,0.9196992018401744,2.9906154196354247,0.0001,1.7116920048760111
1493,1.7274731523366778,0.7638646045030977,0.04418327334444615,0.9194252749274033,2.9709698822628896,0.0001,1.7125651797223043
1494,1.7188390875443,0.7639029764742203,0.043676719462412125,0.911259391003158,3.015589010159336,0.0001,1.7125239940008818
1495,1.7293067984358534,0.7630756322075339,0.043955795663365486,0.922275369930219,2.9477001992007055,0.0001,1.7150864485794828
1496,1.730327700021059,0.7635718367646238,0.04393978196273711,0.9228160811727961,2.901955287790202,0.0001,1.717130701803049
1497,1.7215804461291546,0.7632421400193994,0.044097067618224975,0.9142412393982947,2.9737792273805783,0.0001,1.7213340788293803
1498,1.7124675182251612,0.7631282469080137,0.04368931067159161,0.9056499596481149,2.922986091754983,0.0001,1.723259025618706
1499,1.7220584638945713,0.763351568464817,0.043987616322345234,0.9147192773770004,2.992713983112126,0.0001,1.7236963817725077
1500,1.7180941917349795,0.7635793082612523,0.04384792020306384,0.9106669644192315,2.9816511085986126,0.0001,1.723193262472114
1501,1.7426474904433709,0.7629643706472602,0.04389315783131195,0.9357899635365237,2.9455166769801484,0.0001,1.7250478237806903
1502,1.722713982841306,0.7633834026648113,0.043889625319119156,0.9154409554921106,2.991253743307102,0.0001,1.7245508831606435
1503,1.7270714921109818,0.7636207060446362,0.043728626040367764,0.9197221592854534,2.9312480755800165,0.0001,1.7245107171380738
1504,1.712876259192492,0.7643182119297933,0.04403470592614845,0.9045233418806088,3.002883924915631,0.0001,1.723914434302893
1505,1.7184686738143828,0.7627515760203162,0.043707224950345486,0.9120098697002713,2.924433500239622,0.0001,1.7228306218407456
1506,1.7222264278491177,0.7633093020011639,0.04397234350866043,0.9149447824299698,2.914005625804104,0.0001,1.722020494623552
1507,1.7342111266408924,0.7628687311863077,0.04301432470279098,0.9283280675176675,2.9477976691166723,0.0001,1.7232835626747254
1508,1.7252655001489434,0.7634470715484077,0.04355871193791016,0.9182597194131441,2.9757189368621333,0.0001,1.7245633608671038
1509,1.722903493451782,0.7636856459700795,0.04367107938801299,0.9155467665824155,3.0043618142242123,0.0001,1.7246478638228246
1510,1.7243432562201308,0.7637172984544935,0.043422477240494736,0.9172034790743195,2.9292551692552546,0.0001,1.72527277027134
1511,1.718587414004498,0.7633603331283431,0.043776248579818385,0.9114508312082193,2.9660857412926322,0.0001,1.7228667626274525
1512,1.7159019413632748,0.7629884538253955,0.044325418452945735,0.9085880669389245,2.9547395856095133,0.0001,1.7221855584796497
1513,1.7123855597832625,0.7636091636595813,0.04395930423697884,0.9048170879876154,3.033809348729271,0.0001,1.7207169652468775
1514,1.7033240928127606,0.7630120916008708,0.04423625183879241,0.8960757516702339,2.9199680955608285,0.0001,1.7197617486089047
1515,1.710490697295864,0.762937306027867,0.04400508737467365,0.9035483019286672,2.9252312758873247,0.0001,1.7189639509570527
1516,1.7455723982070088,0.7634592387545664,0.043669957660032815,0.9384432039988694,2.918066010513847,0.0001,1.7212985479928418
1517,1.7117309910046885,0.7627585523026952,0.04356292246805001,0.9054095181985994,2.9201578808604585,0.0001,1.7190505344292215
1518,1.7327436452946847,0.7631124352344877,0.04359826765969607,0.9260329373226205,2.967355359156765,0.0001,1.7197983489437956
1519,1.715993227388022,0.7633293996476257,0.04362343605343275,0.9090403890573471,2.944670433688599,0.0001,1.7191073223374194
1520,1.7257308413484276,0.7636839228759673,0.04378089895113003,0.918266019128399,2.9381109650188235,0.0001,1.7192460808502488
1521,1.7222272656993982,0.7633601442795496,0.04362304360581218,0.9152440746403611,2.9211263825878895,0.0001,1.719610066019739
1522,1.710139086473786,0.7634449341234281,0.04397232102090398,0.9027218303622387,2.9414286893956803,0.0001,1.7190337805307903
1523,1.7284889233281597,0.763140513132842,0.04395483159148427,0.9213935767298538,2.989907044909789,0.0001,1.7206441168852797
1524,1.7145016026545248,0.7635549141233882,0.04386618219572922,0.9070805064865348,2.9954159755494,0.0001,1.7217618678694564
1525,1.7249469723227542,0.7636386078704926,0.04353287930904489,0.9177754818184138,2.9698296265476376,0.0001,1.7232074953721455
1526,1.7391380504468876,0.7631232937983035,0.043758704260928635,0.932256054382537,2.946741252351726,0.0001,1.7225640605961332
1527,1.7397956771976324,0.7636825269424408,0.04348442230456741,0.9326287264393502,2.983404074672753,0.0001,1.7253705292154276
1528,1.7157047447761706,0.7633471684813741,0.0438971853159504,0.9084603893768957,2.9175726022971813,0.0001,1.7236666391635762
1529,1.696064845785408,0.7632600231054588,0.0434205947976567,0.8893842285170275,2.984691433200488,0.0001,1.721673801003315
1530,1.7195872252176063,0.7629803154337962,0.04372127568745952,0.9128856345950711,3.00222995629417,0.0001,1.7210594393902325
1531,1.7171079581697863,0.7629378394471221,0.04373855644017156,0.9104315593808466,2.9228381155470564,0.0001,1.7205475086372715
1532,1.704223495588825,0.7629524955401314,0.04363276557071214,0.8976382345686578,2.8957820695505663,0.0001,1.7199559495487755
1533,1.7124351281181551,0.7635415365681445,0.04331972245995945,0.9055738656443466,3.0851955631441808,0.0001,1.7183505700277748
1534,1.714229637662489,0.7626980534673462,0.043456730446032044,0.9080748578597759,3.016942187448544,0.0001,1.7183233735285715
1535,1.7283786426451337,0.7632867947795087,0.04405944028200533,0.9210324062839241,2.9905263468411585,0.0001,1.7186665405608097
1536,1.7221604470790763,0.7633631212474367,0.04355054984953534,0.9152467763750355,3.022949049487317,0.0001,1.7169687802240283
1537,1.7176302729465416,0.7628569424031473,0.043722540805112516,0.9110507899800856,2.9434029925425684,0.0001,1.7147522397989192
1538,1.7427482902399183,0.7635037246146985,0.04376257602389879,0.9354819898733503,2.9980889989202937,0.0001,1.717456594345294
1539,1.7161855400213122,0.7628651191206539,0.04460595780889113,0.9087144657213838,2.978066892217671,0.0001,1.7194686637688843
1540,1.7256146326026376,0.7636698023784475,0.04414084450951938,0.9178039848079063,2.97396156705659,0.0001,1.7200714045073877
1541,1.6945450888685958,0.7631985783335161,0.043794461244501884,0.8875520463284807,3.0013373841136755,0.0001,1.7178151175772682
1542,1.7185782211063843,0.7632392412750523,0.04407919517153417,0.911259786503552,2.94121441686371,0.0001,1.7192505901290243
1543,1.7353623678669727,0.7635142506982443,0.04400697658801901,0.9278411411701061,2.9447804435513323,0.0001,1.721543314103906
1544,1.7264481151805204,0.7636446781139103,0.0436955622678838,0.9191078722295606,2.9519470296573447,0.0001,1.7227651618557094
1545,1.7199691161664457,0.76349036567835,0.043464611074745536,0.9130141366930569,2.9326266831365126,0.0001,1.7219242092078406
1546,1.7271616930410296,0.7634060805999725,0.04385665875177596,0.9198989524500365,2.9706110233709246,0.0001,1.722424333804036
1547,1.7188752824346143,0.7628682948512915,0.04376419272432463,0.9122427908541223,2.9857154105304464,0.0001,1.722548834752843
1548,1.7277209423860236,0.7633798473021564,0.0440890107145174,0.9202520849738595,2.899497281465279,0.0001,1.7210460999674537
1549,1.7126209092672167,0.76349625626152,0.04425803860592794,0.904866615200744,2.9909377487387667,0.0001,1.720689636892044
1550,1.727238904994593,0.7630429676531778,0.04380905386400513,0.9203868872253697,2.994340820196434,0.0001,1.7208520641312397
1551,1.7274447247899811,0.7628663974166158,0.04383472980398677,0.9207435982041137,2.9611487598980175,0.0001,1.7241420277233779
1552,1.7313719484917292,0.7640123633293786,0.04401657886002175,0.9233430075415733,2.9136218183180866,0.0001,1.7254214004619128
1553,1.7106061102652406,0.7631867318801415,0.0435564757360648,0.9038628984628052,2.9649361754044072,0.0001,1.7229457747017392
1554,1.7348695367151534,0.7636134479398902,0.04388871468588498,0.9273673713388598,2.961510609419786,0.0001,1.7237879168552026
1555,1.7097327918358314,0.7628266461964311,0.04380947145922431,0.903096677656106,2.9940622965172388,0.0001,1.7227642844221414
1556,1.7301202949597434,0.762349446211577,0.043977395032530626,0.9237934564963799,3.0240353546568155,0.0001,1.7230601446140128
1557,1.7286095145266147,0.7637176653918099,0.04376956923254605,0.9211222779073773,2.9477912359257017,0.0001,1.7240335678232128
1558,1.7256286840651631,0.7635952644125685,0.043976563952757425,0.9180568568786308,2.9070667736912355,0.0001,1.7238243419911268
1559,1.7362200454572636,0.762782761823333,0.043697371927768174,0.9297399124315737,2.9502247098009677,0.0001,1.726184255610131
1560,1.7442608283451073,0.763609078786436,0.04345670771647177,0.9371950410261115,3.004466162975613,0.0001,1.7278864479451825
1561,1.7332218563822654,0.7631658208055864,0.04346414777860196,0.9265918876771753,2.9145814112669073,0.0001,1.7284641611044111
1562,1.7480848265951594,0.763004919940995,0.043690574580225454,0.9413893315601058,2.8831535807487687,0.0001,1.7301354489147542
1563,1.7220606608032938,0.7628750176023518,0.043684880825375444,0.9155007596552734,3.0438790398727322,0.0001,1.7312809039685597
1564,1.710705526218453,0.763362309632872,0.043668509496878415,0.9036747084790746,2.951043210213373,0.0001,1.7288645029188896
1565,1.7121926168882822,0.7629930709486801,0.043651411064256275,0.905548135389179,3.0770949304224753,0.0001,1.7291104854241346
1566,1.722245201740497,0.7624951984287517,0.04349053873251708,0.916259462675023,2.964936077232051,0.0001,1.7283229761022099
1567,1.7254653963549385,0.7628096172824109,0.044027141576848214,0.9186286410018348,2.925303184961934,0.0001,1.7280085642850422
1568,1.7357124622163134,0.7631319029819651,0.043291362739238004,0.929289194832709,2.988645873253534,0.0001,1.729016942100157
1569,1.7126866712047895,0.7636185271502992,0.04388073733563839,0.905187407927871,3.007262499772511,0.0001,1.72666360467491
1570,1.7241825917187859,0.763695796653175,0.04389234125976872,0.9165944542592244,2.9014820104680243,0.0001,1.7246557810122778
1571,1.716616779747164,0.7629829894214808,0.04386146000867925,0.9097723319189543,2.928542491388611,0.0001,1.7229952733487675
1572,1.7101663139480607,0.7634305680741161,0.04396018488653775,0.9027755601410934,3.041182392267378,0.0001,1.7192034220840575
1573,1.7191310185206106,0.7626940963476231,0.0436786154462648,0.9127583048678557,2.8963915914841163,0.0001,1.7189104578557894
1574,1.7134053564458542,0.762912061465923,0.04335100220376531,0.9071422930481952,2.992171654594839,0.0001,1.7191804408785294
1575,1.7064144164021553,0.7628861196626272,0.04370584352504893,0.8998224521263618,2.948771299987004,0.0001,1.7186026208299168
1576,1.725761821013677,0.7634945106796512,0.043496924771740275,0.9187703854413836,2.9732381881613277,0.0001,1.718954282757235
1577,1.742261002682769,0.7625895786962451,0.04321983934174203,0.9364515848261348,2.9580972596065993,0.0001,1.7206338433900181
1578,1.7243783519911233,0.7633742525659758,0.04337694654600132,0.9176271499775003,2.955100951523616,0.0001,1.719500432367499
1579,1.7234020990000294,0.7631965220337223,0.0433486586410182,0.9168569235694094,2.9704781149270327,0.0001,1.720571975147023
1580,1.7167122163347008,0.7630273396296627,0.043435801115287484,0.9102490739122365,2.9570880439170235,0.0001,1.7198249376086145
1581,1.7204154292178202,0.7636463939539075,0.04411219825125611,0.9126568361965687,3.1614964433906043,0.0001,1.7202048025556802
1582,1.7359423203352258,0.7630862704880581,0.04346447155393403,0.929391579139547,2.946230873858469,0.0001,1.7227824031943964
1583,1.7409895145868917,0.7630800747484513,0.04324033366739145,0.9346691091331458,2.9680492055827172,0.0001,1.7249682528010246
1584,1.7056831430953607,0.7626053910951828,0.04340918238216191,0.8996685689530557,2.9491454377377493,0.0001,1.7241960314659752
1585,1.7131074671813005,0.7628875524712383,0.04322303405398046,0.906996886625614,2.9962617282209725,0.0001,1.7248653365438897
1586,1.744427772250185,0.763209308257693,0.04353270690291213,0.9376857584799521,2.975389131184282,0.0001,1.726731931667541
1587,1.7235951023459677,0.7633894498159629,0.04378475306242039,0.9164208981376633,2.9009989833735066,0.0001,1.7248653416338606
1588,1.7156484141552908,0.7625095892629565,0.0436946056919214,0.9094442205907849,2.955972604770931,0.0001,1.723992347850277
1589,1.7134634962430106,0.7632168710352683,0.04383112354162499,0.9064155003361963,2.9676168625059764,0.0001,1.7229984875745754
1590,1.724837389969197,0.7627888037757022,0.04388747084696926,0.9181611174320836,2.9448534489645195,0.0001,1.723811004938025
1591,1.6984571953574252,0.7625288106123284,0.04379854724566787,0.8921298331922982,3.077519339915463,0.0001,1.7216151815519853
1592,1.6994602092622986,0.7623553439279599,0.04335899285322271,0.8937458735087822,3.034235218233801,0.0001,1.717966970444693
1593,1.7268645445425177,0.7624831293949491,0.043830229834659104,0.9205511836807336,2.966618174955279,0.0001,1.7165544734402556
1594,1.7365826385258178,0.7630846153408228,0.04363846609606946,0.9298595556381024,2.9703491203199777,0.0001,1.719644422983301
1595,1.6931109824964048,0.7626808763275765,0.04343819134617432,0.8869919136136347,2.9883886341149135,0.0001,1.7176447745148113
1596,1.714227755461455,0.7629499821101918,0.04381277425777598,0.907465004443397,2.9578340348559027,0.0001,1.7146247728359387
1597,1.6998466012685827,0.762870473020217,0.04370961735746681,0.8932665073847432,2.9942812426336882,0.0001,1.7122499227282
1598,1.741809259563624,0.7631962272748503,0.043617798397071944,0.9349952378512396,2.95626401200014,0.0001,1.7148660072690334
1599,1.700577287475671,0.7633453186820535,0.043989306531136224,0.8932426610836877,3.0647521079432893,0.0001,1.7135773863922992
1600,1.7246383085212167,0.7631014110350464,0.04402241527913308,0.9175144820256843,3.0413849206289947,0.0001,1.7135574782475014
1601,1.7185151107896415,0.7632011351672437,0.044087533051295404,0.9112264442032781,2.9322476299974545,0.0001,1.715563269790723
1602,1.7062281118686977,0.763426052871147,0.044027866021131165,0.8987741926439393,2.9669870885342178,0.0001,1.7162400600513628
1603,1.7094168904828735,0.7640829457472594,0.043650144253976446,0.9016838009350199,3.03809171516078,0.0001,1.7144952946453984
1604,1.7180468211551225,0.7625311830706335,0.0441507942536298,0.9113648439215356,2.959179089470761,0.0001,1.712641712908329
1605,1.7234335324101708,0.7631640778835599,0.0438619586081824,0.9164074947698605,2.9845510796165855,0.0001,1.7156739678997055
1606,1.719271651267038,0.7633483142688356,0.04385794877522374,0.9120653909130464,2.961362207153506,0.0001,1.716178357480264
1607,1.715214745026331,0.7632253722535186,0.04353480576018049,0.9084545682518768,3.044872255402695,0.0001,1.7177151718560384
1608,1.6903569172410404,0.7631947081422709,0.043598918595613864,0.8835632936466055,3.0201533334008577,0.0001,1.7125699376237804
1609,1.7257474636693029,0.7629995934861669,0.043809604693136155,0.9189382652481961,2.9509895292788926,0.0001,1.7150869552431434
1610,1.730690520506118,0.762562448910719,0.04393340680468639,0.9241946640955265,2.9271623955295247,0.0001,1.7156921764416335
1611,1.7225939127301106,0.7630679568702744,0.043543112447247304,0.9159828430801086,2.891151791653817,0.0001,1.7161000566356805
1612,1.7218674376576715,0.7627615575616307,0.04369879349250097,0.9154070869057948,2.961502523016011,0.0001,1.717663989214578
1613,1.720667252192391,0.7636234131594458,0.043918988042138896,0.9131248510814826,2.9731373973115223,0.0001,1.7187890253855298
1614,1.748190871479545,0.7632655652493057,0.043741050163098816,0.9411842543745138,2.8833489449464285,0.0001,1.7218034304179717
1615,1.7200043398516658,0.763279083413478,0.04379709738988664,0.9129281588669481,2.971591320047514,0.0001,1.7214605111621215
1616,1.7195548073031597,0.7630725384483956,0.04345307727372671,0.9130291919437432,2.998319058099093,0.0001,1.7214888267657336
1617,1.728049640239615,0.7629262393918531,0.043411822396407986,0.921711578390903,2.979505650170193,0.0001,1.722772316287062
1618,1.7257006361808545,0.7635595485356468,0.043254647487075526,0.9188864405812889,3.000481631402795,0.0001,1.7263066881810432
1619,1.728340958968621,0.7630229863143596,0.04320267538028121,0.9221153000849498,2.9955992306947223,0.0001,1.726566037710975
1620,1.7237276445779548,0.7628284072537451,0.04343478626460139,0.9174644519965982,2.9902733315318883,0.0001,1.7258697501181586
1621,1.721170405224419,0.7631132955725246,0.043851701289596715,0.9142054060047103,2.935322195714676,0.0001,1.72572739936759
1622,1.7066586704331528,0.7629123928580758,0.04408681827916577,0.8996594594772641,3.0092438558535934,0.0001,1.7242065226451377
1623,1.7315140262578612,0.7633326832227726,0.043610191006689475,0.9245711499126156,3.0037556047613676,0.0001,1.7252912000516851
1624,1.7076074436276727,0.7628489206818974,0.04355061054229736,0.9012079109979934,3.0069029278010433,0.0001,1.7212328572664972
1625,1.714703982548588,0.7631014427113485,0.04352211081715675,0.9080804250907705,2.96153260994151,0.0001,1.72070282153619
1626,1.721011527895202,0.7630419823025593,0.04390588807769528,0.9140636550062327,2.980153964934436,0.0001,1.720848493595394
1627,1.7293492545946132,0.762745227581589,0.04364405611707521,0.9229599718027134,2.923648472006374,0.0001,1.7209784550308942
1628,1.7102245270117784,0.7637055955116937,0.04400375285932065,0.9025151760111474,2.9579581800870915,0.0001,1.7194308441139863
1629,1.7351212294783602,0.7627247846392541,0.04363594214766311,0.9287605022078353,2.9719247136106355,0.0001,1.7201088711649604
1630,1.714663326619363,0.7623960073531036,0.043999134164311095,0.9082681853437521,2.9898334956797816,0.0001,1.719202439369101
1631,1.7082802948313358,0.762816871034688,0.043825694561971856,0.9016377309273029,2.9620657931960377,0.0001,1.7179134283297928
1632,1.7340936726053637,0.7622398794543671,0.044319635230677605,0.9275341590991126,2.989535421435296,0.0001,1.720656928547014
1633,1.7207654615444778,0.7628388879990723,0.043636028713435235,0.9142905429882162,2.9403116277458703,0.0001,1.7195820720756756
1634,1.6996930160580495,0.7626669932814205,0.04359198801415929,0.893434030500677,2.966082740265264,0.0001,1.7187906293187134
1635,1.7214583199599693,0.7628693465770621,0.044041499888437516,0.9145474731015385,3.00567039974321,0.0001,1.7194660630598513
1636,1.7175848762113715,0.7629577327693452,0.04396895849680562,0.9106581854590537,2.9519235185870776,0.0001,1.7191233978914682
1637,1.724120373658186,0.7623351699923888,0.04416661233495747,0.9176185894870855,2.9572953370231643,0.0001,1.7186005097978252
1638,1.71678289075894,0.7631161599807275,0.0433883758877644,0.9102783462308484,2.943653942605303,0.0001,1.7192563461725416
1639,1.7149088084093214,0.7622955379814937,0.04367587774327029,0.9089373916266656,2.9534681428518548,0.0001,1.717235104065638
1640,1.7391609137246864,0.763000429039311,0.04386020214514123,0.9323002790643042,2.9482242681433655,0.0001,1.7196848627761703
1641,1.7059342065640928,0.7628276733791127,0.04409573938977162,0.8990107893822885,2.9422850630588027,0.0001,1.7194502539494458
1642,1.6886757122575633,0.7627629493844921,0.0438647132374452,0.8820480497300807,2.9521351556990743,0.0001,1.714908457914666
1643,1.7320802516434304,0.7631472575253454,0.04361384272817182,0.9253191528709617,3.04717360572931,0.0001,1.716039936924561
1644,1.7202080183532127,0.7633063975744266,0.04336350225289985,0.9135381174377689,3.0064119857416673,0.0001,1.7180914371540772
1645,1.7345434556626402,0.7631974445153443,0.043921337408177996,0.9274246768523423,2.943926279008026,0.0001,1.7193999507243443
1646,1.7069907904154873,0.7622259224162382,0.043989535035758184,0.9007753317242462,2.937603064289441,0.0001,1.718340542144756
1647,1.732747024986855,0.7626024262174873,0.04368683943642081,0.9264577588191139,2.917843182478667,0.0001,1.7192032072776229
1648,1.719549025048107,0.7629815951805811,0.043834889394516394,0.9127325395662451,2.939475276649119,0.0001,1.7194798207065396
1649,1.732181830290123,0.7629942152853186,0.04365951802135723,0.9255281000664461,2.981019074486429,0.0001,1.7212071228946197
1650,1.7322925103121791,0.7626106751134382,0.043469437962855094,0.9262123975683662,3.0383760960542165,0.0001,1.720520282553369
1651,1.7144713355851706,0.7629970144064866,0.043802223631141154,0.907672094978377,3.0173021346995603,0.0001,1.7213739954554768
1652,1.6964075111955947,0.7628838681062385,0.04387855457244006,0.8896450897259355,2.9825233755440546,0.0001,1.72214717534928
1653,1.7164361507123673,0.7622558191630227,0.04381230153128293,0.910368027448896,2.9855745827692277,0.0001,1.7205827652561738
1654,1.7128593947050779,0.7619091271145106,0.04394102846149499,0.9070092391290723,2.9967543916818338,0.0001,1.7198479028913602
1655,1.732253135580562,0.7624426817797261,0.043840969068283484,0.9259694826167689,2.9526052228335677,0.0001,1.7196188708831521
1656,1.7039601413521757,0.76244653927627,0.04340589941152453,0.8981077012740091,3.0262512104022816,0.0001,1.7193158059768212
1657,1.7223941607601019,0.7627349611953597,0.04384045450972737,0.9158187431810352,2.974630763758027,0.0001,1.718280519554146
1658,1.7062709645857435,0.7632396915137889,0.043977458143330976,0.899053814263663,3.0396920302334953,0.0001,1.7169527135079097
1659,1.7434637158444155,0.763267166836992,0.0436557195249484,0.9365408355880219,2.895867232135053,0.0001,1.7180809020633387
1660,1.7059205664098867,0.7630434172874049,0.04373937107728413,0.899137776352571,2.925419872721117,0.0001,1.7154437076731095
1661,1.7285293760212632,0.7627225157938913,0.043748331843718555,0.9220585301971822,3.0028127294041322,0.0001,1.7168495117167186
1662,1.7200290806153242,0.7632930035765224,0.043962069747414116,0.9127740086515341,2.9580276781356845,0.0001,1.7192116686586918
1663,1.71494188004043,0.762921273103834,0.044115430201284785,0.907905175526292,2.97169036023757,0.0001,1.719062241591498
1664,1.7292827119933665,0.762544395957467,0.04377452766194063,0.9229637854118617,2.943559879947144,0.0001,1.7207045733203266
1665,1.7250209345537073,0.7633449035048726,0.04365930184873074,0.9180167273563498,2.996318481514952,0.0001,1.7199813532176413
1666,1.7322122651713374,0.7625859477698924,0.043938740030021746,0.9256875780968347,2.9768226727027196,0.0001,1.7228065655995575
1667,1.7228836195947674,0.7625588809742647,0.043715831232361085,0.9166089031868,2.976317431090086,0.0001,1.7228555114830244
1668,1.7337244976364816,0.7625085842053256,0.04367833471201496,0.9275375763917791,2.941751770750746,0.0001,1.7256008647880978
1669,1.7270222639940815,0.7626894077713059,0.044006507730387286,0.9203263476611876,2.990594405189731,0.0001,1.7239567196030645
1670,1.7115817484700897,0.7627541086736606,0.043822168820286375,0.9050054732128282,2.9377519559666787,0.0001,1.724522837809085
1671,1.7209820636145725,0.76324492100528,0.04388207257640289,0.9138550706373992,2.9601715450112764,0.0001,1.7237681065684156
1672,1.70945438639871,0.7630224093704147,0.04365810346893558,0.9027738731815413,2.9659647032406946,0.0001,1.7227106371467542
1673,1.7268391110108783,0.7624324874510388,0.0435543352885372,0.9208522922006147,2.9483725359667146,0.0001,1.7239003602437992
1674,1.729754067095975,0.7624575126969064,0.04374232398568979,0.9235542317735255,3.004175668314069,0.0001,1.7239474957540601
1675,1.7138103899559192,0.7622772441916243,0.043442728795096065,0.9080904170598751,3.029387713204049,0.0001,1.7228264412942813
1676,1.72088235556233,0.7627353884627321,0.04351095398831319,0.9146360143807548,3.0058442102726284,0.0001,1.7216934503333803
1677,1.7301132712838132,0.7624139274351496,0.04370774797203575,0.923991593670168,2.9650437619091288,0.0001,1.7224164155022852
1678,1.727305567772345,0.7629882294314386,0.04332489754558819,0.920992441792759,2.971712398480692,0.0001,1.7217745225158712
1679,1.7246481866913925,0.7632141671848104,0.043657551188981555,0.917776469103463,2.973299536453541,0.0001,1.7215371147856025
1680,1.7172163011577986,0.763052030098124,0.04334546030172228,0.9108188116647167,2.973381956982564,0.0001,1.7221005700543734
1681,1.7170342252897683,0.7620622184407155,0.04425442291321668,0.9107175828023808,3.0108998452915863,0.0001,1.721705786221893
1682,1.704762647529161,0.7627415686059917,0.04406750153818188,0.8979535793194181,2.959957815812519,0.0001,1.7212366123349383
1683,1.7245275229517876,0.7626188292222864,0.04386408092042254,0.9180446113280302,2.9064476497274865,0.0001,1.721005453529029
1684,1.7146736749770917,0.7626732148940375,0.043900312806723324,0.9081001466718214,3.0089331060103905,0.0001,1.7194974143171406
1685,1.709370059971877,0.7629517334953525,0.043941650380952844,0.9024766766396304,2.982346806758316,0.0001,1.7190533813187365
1686,1.7175472059549715,0.7634079582067339,0.044221810588488474,0.9099174382932046,3.01159241741134,0.0001,1.718719866358001
1687,1.7292874379283758,0.7624019968340411,0.043610724909552215,0.92327471319246,2.860851203694063,0.0001,1.718637283022457
1688,1.698510200571095,0.7622918151696846,0.04388937287591776,0.8923290147017272,2.9885155736311937,0.0001,1.715757746302332
1689,1.7188608280060016,0.7619776492428344,0.043250653371365994,0.9136325278702904,3.021881402626966,0.0001,1.7151790104337927
1690,1.7105365179131529,0.7633186416742043,0.043838224594781657,0.9033796490447759,2.97908358158011,0.0001,1.714511032109328
1691,1.7248618168714807,0.7627381715039453,0.04347319511080852,0.9186504493197369,3.0023173108304007,0.0001,1.7152937912674993
1692,1.6925325659660975,0.7626254073746548,0.04387669195751631,0.8860304659840785,3.029371830802902,0.0001,1.7140707831111932
1693,1.728955027781442,0.7630381805417987,0.04366447838518247,0.9222523697461125,3.0235509287271247,0.0001,1.7145135335941586
1694,1.7428571614484032,0.7632983874597608,0.043443389403167165,0.9361153881520818,2.973319546687917,0.0001,1.71733188224129
1695,1.722698049661354,0.7631984072573045,0.04400130362829862,0.9154983360554577,2.918718086536709,0.0001,1.7186646812102375
1696,1.7371969416465527,0.763182476132685,0.04373880114565031,0.9302756628569435,2.8963236576645177,0.0001,1.7206296547793953
1697,1.7200182516724778,0.7627230255163707,0.044018960385970606,0.913276264984274,2.995538424768506,0.0001,1.7197027361538058
1698,1.7177955163661656,0.7631982556463013,0.04361026064619331,0.9109869978369854,2.951527977811879,0.0001,1.7216312677333128
1699,1.7266681624716242,0.762324687433533,0.043655808750562686,0.9206876691816182,3.007553947141156,0.0001,1.7224120011798754
1700,1.704012405437098,0.762761172368125,0.0437618830141141,0.8974893519288386,2.929729962929267,0.0001,1.7217595899322695
1701,1.7220024568072196,0.7626758054593997,0.04392629680478791,0.9154003544523557,2.998615593262183,0.0001,1.7214736539258435
1702,1.6905887486001299,0.7622570579240578,0.04375841578895615,0.8845732749173414,2.9453330663831916,0.0001,1.7212792721892467
1703,1.6874296858634716,0.7626056189952951,0.04375496960073166,0.8810690981742093,2.977184267121445,0.0001,1.7171267379974497
1704,1.7038062096367501,0.762844972629818,0.04353313852275361,0.8974281012649227,2.9963685723879276,0.0001,1.713221642816284
1705,1.704802861078274,0.7627948071603601,0.04390019359743377,0.8981078595043921,2.913579532389225,0.0001,1.7114321239579762
1706,1.7221815999574641,0.7626844611902991,0.04360124499028885,0.9158958925225188,3.0721101913200672,0.0001,1.7099305897890673
1707,1.6995539787333103,0.7625833847701671,0.0435156490933339,0.893454944144398,2.9351186353343013,0.0001,1.7078841624951508
1708,1.709244699313723,0.7623743110206016,0.04406503586449923,0.9028053544801764,2.9672086986034927,0.0001,1.7070290807899062
1709,1.7107364301991028,0.7622311833422276,0.043759131528301125,0.9047461142102313,3.019659618335128,0.0001,1.7054359075626544
1710,1.7286415871451883,0.7625151265707267,0.0434916570752436,0.9226348057207906,2.992673534892394,0.0001,1.7078988257334633
1711,1.7018306601120057,0.763084959185873,0.043704698342096976,0.8950409983222432,3.0768216971693367,0.0001,1.705881646063942
1712,1.7124777633326533,0.7625792097851906,0.043492609540540836,0.9064059465912002,3.0416442279157967,0.0001,1.7080705475371942
1713,1.7003464773750692,0.7616466155642186,0.04376638564328393,0.894933478525154,3.033588912617604,0.0001,1.7093622266883544
1714,1.732029114001663,0.7623899553658754,0.04385389590118284,0.9257852639738493,2.9334093138847583,0.0001,1.7121845171248453
1715,1.7157408580576914,0.7628818515831752,0.04357713980800482,0.9092818696286084,2.940925762329334,0.0001,1.7132783168227874
1716,1.7355211049499666,0.7630335747832943,0.04377634675217448,0.9287111829611158,2.8887705507916803,0.0001,1.7146122673220372
1717,1.7336389770614207,0.7625937664968246,0.043712177092840414,0.9273330354061862,2.9628685635437106,0.0001,1.7180207671548484
1718,1.7058821313279637,0.7622174983334106,0.04348531770416012,0.9001793184036173,2.9722196852701432,0.0001,1.7176845103562726
1719,1.7127298007872236,0.7623672762216951,0.04331819353432491,0.9070443325424775,2.98982944715821,0.0001,1.7178838474150848
1720,1.7149184996651345,0.7626499899986066,0.0437841758766716,0.9084843356940616,2.9806613658552963,0.0001,1.716511538667079
1721,1.7064404776565443,0.7624924244551823,0.04300791786843816,0.9009401314338371,3.097997858122928,0.0001,1.7169725204215331
1722,1.7051188053514121,0.7625047633420623,0.043255296488562654,0.8993587451580813,3.0305437536317,0.0001,1.7162366246234089
1723,1.7002634001068362,0.7626341407245845,0.04355635967022507,0.894072897898498,3.0217742835290533,0.0001,1.7162283168965857
1724,1.7263188651077161,0.7626190696961981,0.04338489923225697,0.9203148966024178,3.006452979470847,0.0001,1.7156572920071909
1725,1.7315101185870219,0.7630424983119384,0.043899115877751166,0.9245685050018418,2.9547650528727876,0.0001,1.717234218060124
1726,1.7023099467430347,0.7620791480942624,0.043465414347077964,0.8967653859943212,2.97967459077042,0.0001,1.713913102239431
1727,1.7165765264213206,0.7632344970838535,0.043290204015271415,0.9100518255639996,2.9808074799319066,0.0001,1.712206857175421
1728,1.703144228361683,0.7627658805305527,0.04348458431313536,0.8968937646363376,2.9571339663337257,0.0001,1.7119330668787929
1729,1.7045739219348282,0.7626334255897491,0.043708227710839945,0.898232268634239,2.965586373820508,0.0001,1.7111174789935533
1730,1.7110770026762152,0.762844199099357,0.043165198687849377,0.9050676036497642,3.0017462966408255,0.0001,1.7107333292946614
1731,1.7142518940126679,0.7623220534643828,0.0435447436559031,0.9083850930839716,2.9540813331913514,0.0001,1.7115144709302736
1732,1.7195273860231133,0.7630887203235897,0.04349571043289215,0.9129429543296416,2.9519132706988414,0.0001,1.712955328997444
1733,1.7295310890215163,0.7622436058932337,0.043766554422359195,0.9235209307914816,2.8725206177326537,0.0001,1.7158820978889118
1734,1.7085788754130473,0.7629886570615169,0.043609699177693646,0.9019805184333126,2.970819925439769,0.0001,1.714108098919445
1735,1.7099191852321973,0.7623958455863395,0.04340609599804056,0.9041172450381892,2.960670013214947,0.0001,1.7119490055839623
1736,1.7345631354720792,0.7623108591559451,0.04373257542236823,0.9285196989291097,2.9411377899545204,0.0001,1.7151743244568667
1737,1.7179723044679809,0.7625263370800212,0.0438958515260089,0.9115501156503724,3.0172977466854074,0.0001,1.7153139022615327
1738,1.73791442899143,0.7624794522840643,0.04400299190265895,0.9314319831120799,2.985631119406973,0.0001,1.7187909223245075
1739,1.7257827938691115,0.7629148400337653,0.04317828583668985,0.9196896644018243,2.891439173332818,0.0001,1.7209118095179359
1740,1.698125567929498,0.7620807797865258,0.04381426812185477,0.8922305162731581,3.0615613177630285,0.0001,1.7196166660432641
1741,1.705849119059696,0.7630961033200153,0.043805516273931845,0.8989475004631897,2.9453037926439825,0.0001,1.7187763885479668
1742,1.693519131648855,0.7628340154100384,0.04405256289739396,0.886632557784568,2.969620701749233,0.0001,1.716175563110541
1743,1.7268704582179535,0.7622806017587441,0.04391054449410274,0.9206793108769895,3.0254464831361907,0.0001,1.715909500030185
1744,1.693474726551203,0.7625823190197741,0.044029765390237494,0.8868626422016422,3.020237958697228,0.0001,1.7143990851440005
1745,1.7419141448777298,0.7624115893129887,0.043696457667476506,0.9358060991365093,2.9160571069311176,0.0001,1.7175985811085535
1746,1.715510456363763,0.7625594764162029,0.0437417874229849,0.9092091912853306,2.9339608568207005,0.0001,1.715693313197722
1747,1.7126084208246661,0.7630483899832256,0.043820908055102366,0.9057391199753686,2.9907799444140575,0.0001,1.7151569248333907
1748,1.7175895880008567,0.7629254959659693,0.04420387503099732,0.9104602156437435,2.9020068082074366,0.0001,1.7131244407343331
1749,1.7245509935199126,0.7630448492497024,0.04376398525663612,0.9177421594669563,2.9286507621981794,0.0001,1.7130012606994136
1750,1.7399357088197318,0.7624103856135092,0.044010172751080434,0.9335151496390542,2.8955984432363606,0.0001,1.7171822747884367
1751,1.721441662819342,0.7628730701142827,0.04384515662705923,0.9147234344987187,2.9515507932125193,0.0001,1.7187415291644013
1752,1.7155415506440292,0.7630743490754953,0.043690160612063766,0.9087770364528738,3.0458676445073096,0.0001,1.720943771063919
1753,1.7119536610210644,0.7629027799467044,0.043545334382666535,0.9055055446968118,2.9967100639614084,0.0001,1.71945209134423
1754,1.729203377485759,0.7621298547206979,0.04356870641572964,0.9235048139237366,2.9507908025571346,0.0001,1.7230249564376856
1755,1.7115664257239134,0.762224377168845,0.04386718979230034,0.9054748583244987,2.967990142820331,0.0001,1.7199901845223038
1756,1.7051427441726592,0.762319239351377,0.04369256994545339,0.8991309392585232,2.9675982561846532,0.0001,1.7189534133031934
1757,1.7086063252259462,0.7623610917259666,0.04401179525479825,0.9022334403609649,2.9898199005010886,0.0001,1.7185532037433215
1758,1.7255618427152808,0.7629286708502934,0.04356176326047576,0.9190714081511294,2.9085651466860973,0.0001,1.7193504292147637
1759,1.7293804862194564,0.7630630390639237,0.04396291074114445,0.9223545374420545,2.9603060476678382,0.0001,1.7198333784847182
1760,1.723945492421396,0.7622365933402798,0.04357459095380369,0.9181343098199392,2.9790198358028945,0.0001,1.7182343568448846
1761,1.7177192791238518,0.7626978989546971,0.043548163003902164,0.911473218238257,2.943967831062255,0.0001,1.7178621184753358
1762,1.7047087344630012,0.7618316731153105,0.043824536805220596,0.8990525239681859,2.980296321863093,0.0001,1.7167788368572328
1763,1.7133890711995217,0.7616176795040618,0.043499173547384945,0.908272219009501,2.9510202809231276,0.0001,1.7169223778750784
1764,1.6947153757116615,0.7629917007672617,0.04374857437296281,0.8879751016897798,2.9740343292151215,0.0001,1.713473577697669
1765,1.7033677437242583,0.7625474065360868,0.0435870900357229,0.8972332473640268,3.0184646191993543,0.0001,1.7126537094977032
1766,1.7219178940171402,0.7632627707224106,0.044501097642384004,0.9141540250478362,3.0122258597890457,0.0001,1.7143312244821511
1767,1.7149378920907181,0.7623669911349763,0.043830510085301276,0.9087403901752545,2.909040854136794,0.0001,1.7149643811686286
1768,1.7135524038852592,0.763352045422877,0.043961419536907825,0.9062389401647188,2.9532028320594925,0.0001,1.7137634372856265
1769,1.7103744485315397,0.7623221770261412,0.04381323126701989,0.9042390401779276,2.983967825075192,0.0001,1.7118628335168347
1770,1.6995807580241808,0.762357276907799,0.04360924192664589,0.8936142388572558,3.0446637532773897,0.0001,1.7094263600771131
1771,1.7132721218085918,0.7626251020973159,0.04351154302244979,0.9071354755704834,2.948721771549743,0.0001,1.7089816443455874
1772,1.7195084695883744,0.7625185864208678,0.043541396365446204,0.9134484862580019,2.987734754235459,0.0001,1.7104616178581247
1773,1.7367417828064662,0.7622725923694897,0.043612698028827536,0.9308564942519031,2.8669887769052997,0.0001,1.7127968890188192
1774,1.6963711031552018,0.7616679293630573,0.04379304741749174,0.8909101256794668,3.0270396301760876,0.0001,1.7129624617631731
1775,1.7231513909829315,0.7626785860825745,0.04387042972185549,0.9166023738334677,2.948757090142968,0.0001,1.7149408264890404
1776,1.7125872713315318,0.7623180857052909,0.04361176756767907,0.9066574146430826,2.9631447310863597,0.0001,1.7140077642204794
1777,1.7362104758287782,0.7624115945117711,0.043583809724927675,0.9302150746297401,2.936681837871157,0.0001,1.7161350225942855
1778,1.7106156146066909,0.7622742420761387,0.043560557384761785,0.9047808125766247,2.96257598719297,0.0001,1.7158413436664286
1779,1.7106905672661432,0.762489878744431,0.04367875859413379,0.9045219286278827,2.936853477485765,0.0001,1.7158729555398893
1780,1.7100567751191935,0.7620225895732702,0.04407747570447941,0.9039567051867201,3.0024962744412993,0.0001,1.7169205572493902
1781,1.703546238719329,0.7619243900142383,0.04356215812613466,0.8980596914554948,2.9425438787584133,0.0001,1.7159479689404642
1782,1.7366175953805083,0.7624135967684083,0.04362182999237556,0.9305821691637832,2.96091572242141,0.0001,1.7176588815196774
1783,1.722045936158898,0.7625891301501353,0.044054173310920146,0.9154026335743813,2.9737359703675246,0.0001,1.7161892968549206
1784,1.6997856680326482,0.7634290360050318,0.04413836916368341,0.8922182670652745,3.176899763440022,0.0001,1.7165307533426652
1785,1.7293711545259425,0.7625673407231577,0.04343114348986086,0.9233726694061597,2.912647111662503,0.0001,1.7171527296969664
1786,1.7189043786898104,0.7625542286685224,0.04379128104049342,0.9125588650439259,2.963606889301091,0.0001,1.7177844404327942
1787,1.7036037197219431,0.7626777577835454,0.04343244391087345,0.897493519841053,3.149350474378884,0.0001,1.7145237648221106
1788,1.708513227123276,0.7631546744952096,0.043655927476244576,0.9017026236254352,3.0220376901162322,0.0001,1.7143135260737694
1789,1.71645678214079,0.7624499518537619,0.04401654766732732,0.9099902833451122,2.9562397980061315,0.0001,1.7148901475612341
1790,1.7190825270590868,0.7630739811709638,0.04350911700459571,0.9124994272060133,2.9607210567950237,0.0001,1.7157927227552237
1791,1.7060204879749135,0.762737765636212,0.04392385386066553,0.8993588677677373,3.003962472050959,0.0001,1.7160401476807816
1792,1.7045183979715344,0.7624046970574416,0.04383344727645781,0.8982802535318458,2.967527075906796,0.0001,1.7128302279398842
1793,1.7044775204290967,0.7619700755840866,0.043637114896251994,0.8988703327597276,2.9641567316306774,0.0001,1.7110733863669043
1794,1.7041614759282697,0.7630460987710083,0.043597415542989425,0.8975179671606476,2.992477445041432,0.0001,1.7115109671564661
1795,1.7152240635415361,0.7628681882158013,0.04348330758889839,0.9088725696561545,2.982129199993296,0.0001,1.710096258058026
1796,1.6967343603379827,0.7622877110332311,0.04382783138244196,0.8906188193429072,2.9647268085885967,0.0001,1.7078792562228429
1797,1.7053361287223399,0.7620923707741512,0.043981140090292414,0.8992626186135333,2.9102988467980593,0.0001,1.7080524971228825
1798,1.7210717162544298,0.7629424572958182,0.043172342540284445,0.9149569166601309,2.995920503598923,0.0001,1.7093083460359977
1799,1.6805066538872633,0.7622427425326489,0.04399710712278107,0.87426680244853,2.961430779818831,0.0001,1.7057133332106453
1800,1.7263117042081109,0.7625026789930239,0.04390143937078016,0.919907589259786,2.9318962479218023,0.0001,1.7064362509255477
1801,1.740842270077363,0.7627109116279571,0.04382531492995442,0.9343060429753929,2.8902815819753838,0.0001,1.7099184291357925
1802,1.707693253158314,0.7621054663861258,0.043294026208455856,0.9022937602614776,3.0025409266624683,0.0001,1.7102359146544708
1803,1.7096282108318492,0.7625907962994449,0.043766576910115644,0.9032708374409356,3.0646918284240168,0.0001,1.710750983694746
1804,1.6985195867913732,0.7620260950034337,0.04370137595743485,0.8927921114629229,2.9361542634983335,0.0001,1.710186794781056
1805,1.7094255659207853,0.7617849718484627,0.04379005122620001,0.9038505410023684,2.9512054598597435,0.0001,1.7096069450189808
1806,1.7118248111336032,0.7622993779472599,0.043835578777243596,0.9056898545300017,2.9100893972853377,0.0001,1.711115990098543
1807,1.702804465081097,0.7620485502372649,0.04344000463311619,0.8973159119335682,2.967009334245028,0.0001,1.7108628237344188
1808,1.717749635902428,0.7627585140976896,0.04318699101647305,0.9118041330249508,2.96631208443013,0.0001,1.7105306156992188
1809,1.6842971201117092,0.7625830099742262,0.04357632396187308,0.878137787384629,3.028015404637397,0.0001,1.7109096623216629
1810,1.7025255651551376,0.7623247165708948,0.043365537032152526,0.8968353113102865,2.9535041433318874,0.0001,1.708531048416366
1811,1.705705234051718,0.7623750023377595,0.04357285456048064,0.8997573789367811,3.030238796682919,0.0001,1.7050173448138015
1812,1.7011373937734484,0.762119054189802,0.04378522167824828,0.8952331180565256,3.0302261471990155,0.0001,1.7043617588753146
1813,1.7031381068558529,0.762017176431768,0.0434648212022762,0.8976561069700104,2.919415169506963,0.0001,1.7037127484777153
1814,1.6873501268410054,0.7626414991779211,0.04401083432636686,0.8806977934273938,2.935482174581253,0.0001,1.7025958024826786
1815,1.7023736828480966,0.7628554312500944,0.043960221157112664,0.8955580327984769,3.0372719402003723,0.0001,1.7018906141754098
1816,1.694659498835674,0.7627176574712835,0.04378318810801477,0.8881586527274298,2.9616938848766305,0.0001,1.7001740829456164
1817,1.6994242653643625,0.7620974197590811,0.043864109936882466,0.8934627357288499,3.0271386635956365,0.0001,1.6998360629739433
1818,1.7103928649159523,0.7620683239874927,0.04401911538222741,0.9043054287803585,2.99923827657835,0.0001,1.6991003858752958
1819,1.6956540213153521,0.7623920580920052,0.04414493486315435,0.8891170261839583,3.0142842630343796,0.0001,1.7002360759956598
1820,1.7107538560341145,0.7622389152615839,0.0438725082676019,0.904642432021321,2.907011603728753,0.0001,1.7010589050835576
1821,1.719358738005524,0.7627276520700048,0.044103321390751654,0.9125277627614642,3.01207892019415,0.0001,1.7024242554789382
1822,1.7180326775653367,0.7621331089166792,0.04377710625801318,0.9121224645971043,3.024230987498533,0.0001,1.704113783858127
1823,1.7228650127898366,0.7626929547917287,0.043757066039961684,0.916414989933039,2.9645194709905502,0.0001,1.7060864744515254
1824,1.7098980492800777,0.7617917830997258,0.04397689546581214,0.9041293685685307,2.91867656664239,0.0001,1.7083412666954327
1825,1.698986969903323,0.7616466016604982,0.044233845890656445,0.8931065202666103,2.913168661009226,0.0001,1.7080025954009552
1826,1.7026429177539586,0.7621839160126073,0.04419625216516955,0.8962627497575346,2.9323672943618186,0.0001,1.708800937292784
1827,1.7362868557353532,0.7619016188636997,0.0437011024773,0.9306841324901484,2.9313728744069656,0.0001,1.7124871963298829
1828,1.705737206200799,0.7617284557640431,0.04398366476411027,0.9000250868514392,2.968462246426704,0.0001,1.7120216304583675
1829,1.7156785091812181,0.7618435257346828,0.044096019882217626,0.9097389614485341,2.9668702542419125,0.0001,1.7140240792449544
1830,1.6949910874540859,0.7627175721145305,0.0438454214022561,0.8884280914436973,3.0571155988178678,0.0001,1.7124478023869514
1831,1.7189855713389708,0.7627941975728977,0.04378697282160513,0.9124044016094285,3.011976890825113,0.0001,1.7124104857202962
1832,1.7183929344461608,0.7620006365659996,0.043937881626415445,0.9124544171302845,2.9016544905927555,0.0001,1.7124465114083782
1833,1.7094064444363963,0.7626642511050551,0.04359496534475207,0.903147225734791,3.0636497772247746,0.0001,1.7111006545730345
1834,1.6967759200090327,0.7621417575143655,0.04360421119790532,0.891029952097737,2.9736079920619787,0.0001,1.7097884416459297
1835,1.713201941268681,0.762621393431031,0.04333020151265978,0.9072503469597254,3.0364117020283943,0.0001,1.7112099387824657
1836,1.6991292356719352,0.7619214455689668,0.043966385945828884,0.8932414029481203,2.986389797309349,0.0001,1.7108585705742634
1837,1.7172930762927383,0.7624856767983272,0.04390439711526248,0.9109030021675701,3.0895790872419098,0.0001,1.7089591926300016
1838,1.712067756401356,0.7622118383101952,0.043855215908305885,0.9060007047217952,3.0442707790080723,0.0001,1.7095922476500576
1839,1.7053876632850988,0.7624669732718632,0.04371319387795717,0.8992074947146809,2.9472292775314672,0.0001,1.7085631630604454
1840,1.71760359327885,0.7622887746073895,0.04375600307031287,0.9115588136969425,3.0239941979518528,0.0001,1.7108244136429218
1841,1.6959074481747456,0.7618384661103842,0.04374634735966309,0.8903226314705719,3.041287018125971,0.0001,1.7085166013264996
1842,1.6965974269483926,0.7621827144893623,0.043598925849728846,0.890815785944341,3.0199684468050756,0.0001,1.7063370505767224
1843,1.7012462665536583,0.7617360856421821,0.043899127242531304,0.8956110526337222,2.971163125357328,0.0001,1.705521032788449
1844,1.7130481134080016,0.7615649711045968,0.04364749867824222,0.9078356400132179,3.01563716539263,0.0001,1.7071482521283456
1845,1.7179360585570578,0.7621936203258275,0.0434419680802382,0.9123004726219249,2.990564970650973,0.0001,1.7076216638571835
1846,1.692917190265462,0.7625734408293486,0.04407837037866062,0.8862653802060211,2.99126908068241,0.0001,1.7070004593165362
1847,1.6981170756579895,0.7615423472125922,0.044121920699763735,0.8924528100125446,3.002872930578963,0.0001,1.7050828592530611
1848,1.6776463799254164,0.7625801375864969,0.044229258871948986,0.8708369842226075,3.0025204918205617,0.0001,1.7016407216054674
1849,1.7036521807161837,0.7621811120553627,0.044158388828409126,0.8973126818877446,2.9614631907209663,0.0001,1.701467173348576
1850,1.7085059323852492,0.7619197886082029,0.04398339346020991,0.9026027493193958,3.0292050308920064,0.0001,1.7005574072592158
1851,1.722040123557464,0.7625128704200652,0.043768270504160295,0.9157589813788812,2.9566646161475965,0.0001,1.7031706747974873
1852,1.6916967927805067,0.7621645939519391,0.04361193537953901,0.885920263887298,2.991149064977077,0.0001,1.7026806113806991
1853,1.704241598837274,0.7615896807964627,0.04352429261313974,0.899127625964174,2.9681606948012997,0.0001,1.7029801446090604
1854,1.6950692252745252,0.7616785881969073,0.043612349831308364,0.8897782880019465,3.014855041948825,0.0001,1.7011822557957132
1855,1.686357021573591,0.762395969389902,0.04393025029745353,0.880030801976912,3.058474165430901,0.0001,1.6980243520973661
1856,1.7001796245091343,0.7624826405885011,0.043878981598008716,0.8938180047104373,3.0434731305491853,0.0001,1.6987505955217332
1857,1.6955616204540338,0.7625514649716159,0.044103326952239806,0.8889068309179909,2.9943740065634614,0.0001,1.698495050001338
1858,1.7163185966909535,0.7625491422039984,0.04384986720752523,0.9099195854961267,3.002829880791794,0.0001,1.7023622716778917
1859,1.7034057165981549,0.7614370686045525,0.04368259021766771,0.8982860600126201,3.082853854065251,0.0001,1.702337625266089
1860,1.6802605065322551,0.761540435995098,0.04355231405029916,0.8751677545826527,3.0178579935921133,0.0001,1.6995130826807894
1861,1.6872649011457184,0.7623146784474836,0.04327672417700654,0.8816734978260423,3.13103966417951,0.0001,1.6960355604396145
1862,1.678874891258882,0.7624593129264414,0.04363421204123971,0.8727813638731625,2.9824492234970927,0.0001,1.6947533702874522
1863,1.6850457919296822,0.7623408412594824,0.04382506514659518,0.8788798832869191,3.090818979677274,0.0001,1.692833789596693
1864,1.7011693827278958,0.7625873287115813,0.044515572261616856,0.8940664779765127,2.9416832991594233,0.0001,1.6934438053420302
1865,1.7053014696490691,0.7620193909921704,0.04379124428631084,0.8994908366072734,3.0629242020252994,0.0001,1.6953382501495777
1866,1.7144626001799081,0.7625525272158532,0.04402383829468888,0.9078862350018464,2.99236631103268,0.0001,1.6967665477166551
1867,1.6689767231805812,0.7632348155395012,0.04477323189710265,0.8609686731748116,3.0615956292432895,0.0001,1.6941080579893104
1868,1.6909415033961406,0.7621626904721676,0.04459983364321881,0.8841789775276765,3.0224476230555566,0.0001,1.6915703486598286
1869,1.6799882907896448,0.761614924874799,0.044564525689363,0.8738088382306012,3.0105149351800913,0.0001,1.6892286060789778
1870,1.6940720370284925,0.762540402567169,0.04382512197049588,0.8877065131860137,2.9596982459267545,0.0001,1.6906097591286013
1871,1.700553939864795,0.7616983357114192,0.044106773382268136,0.8947488316778721,2.9665366353176186,0.0001,1.6919386630005093
1872,1.695798837872596,0.7621826332432745,0.044043839098715634,0.8895723627196365,2.9786134491585816,0.0001,1.6936310576618805
1873,1.6895787341115924,0.7618623918742243,0.043610530982878336,0.8841058103628381,3.0759294831003183,0.0001,1.694084351880072
1874,1.6873525028054661,0.7624673155451885,0.04412001335113092,0.8807651746798965,2.990687928383539,0.0001,1.6927026638878284
1875,1.6991123736025595,0.7624216822049681,0.04410146989880421,0.8925892192621018,2.992999687639743,0.0001,1.6920837542831777
1876,1.7228725771391367,0.7630168854827571,0.043925815615160714,0.9159298736534061,3.0012299122239705,0.0001,1.6929247519791004
1877,1.6797886481149684,0.7622291081817348,0.04403847105362836,0.8735210703908792,3.104502557257368,0.0001,1.6940059444725393
1878,1.7156356951527856,0.761819810581981,0.04389637672393366,0.9099195085722824,2.960949730437861,0.0001,1.6964753636482037
1879,1.6992294629979086,0.762122937680258,0.04377604014491455,0.8933304862004022,2.977561516887518,0.0001,1.6983994808690301
1880,1.7106811891462934,0.7621091823065257,0.0439835247596911,0.9045884828054881,2.970613480581473,0.0001,1.7000603960808103
1881,1.6956733954847463,0.7614640663651859,0.043841002679016236,0.8903683275286615,2.976073960019899,0.0001,1.6995723416428052
1882,1.70173714779937,0.7621701689811072,0.04376905612481293,0.8957979224818715,3.0926542204727268,0.0001,1.7001661726354826
1883,1.6971062924750677,0.7622228137861643,0.04386448642545007,0.8910189892106801,2.929127203523508,0.0001,1.7009189284718302
1884,1.6990662521813027,0.762764265160048,0.043598150384837185,0.8927038334627422,3.034529677027379,0.0001,1.702090303409414
1885,1.708827277588796,0.7615681756098904,0.04372510054048612,0.9035340010152627,3.0075644897882645,0.0001,1.7030617938080375
1886,1.7149381824971213,0.7622989129584895,0.04329227264706068,0.9093469954105227,3.0057628556149,0.0001,1.7022683543438357
1887,1.696243384909678,0.7623950536787872,0.04352986232262354,0.8903184680317285,2.9896172572826516,0.0001,1.7039138280233068
1888,1.686520404070918,0.7626858867447952,0.04344319571829713,0.880391318343474,2.9517619341430508,0.0001,1.7010022989151203
1889,1.6758963960179452,0.7628094868292431,0.0439568165591474,0.8691300903475309,2.9916661588463773,0.0001,1.6986689922171236
1890,1.7135497893813174,0.7623721015380798,0.04349858402964068,0.9076791034508912,2.9785679697265004,0.0001,1.6989558522406263
1891,1.7036058141058406,0.7623877582153491,0.04375012385192314,0.8974679266584331,3.079948662018921,0.0001,1.6997490941027358
1892,1.6942613342470862,0.7610772826366927,0.043783993798385525,0.889400057732666,2.9949782177594324,0.0001,1.699001512747507
1893,1.7029528443760127,0.7626275163876841,0.043790125701780494,0.8965352014402347,2.9879376133847186,0.0001,1.6995861679376016
1894,1.7072119334406592,0.7627045698388353,0.04400216541715858,0.9005051985775965,2.9743994665436038,0.0001,1.7004007360635374
1895,1.7018308426738995,0.7628538364329154,0.043254985287029896,0.8957220200471897,3.0067727696339452,0.0001,1.6997010925720477
1896,1.699466888246865,0.7625354941911678,0.0438036352819168,0.8931277570962665,3.095908761508083,0.0001,1.6981539631470224
1897,1.6790100103943149,0.7621962177825989,0.04367402528410751,0.8731397667230989,2.984905975585535,0.0001,1.696430625695486
1898,1.6999598335300934,0.762382550244399,0.04391225501441569,0.8936650302963857,2.981171987603209,0.0001,1.6977745686414036
1899,1.7147326360609663,0.7622550290689991,0.044113724033440826,0.9083638842582219,2.986705485995836,0.0001,1.7016581926457053
1900,1.6860776278842051,0.7618955922658739,0.043983370730649625,0.8801986639960301,2.9692797573778256,0.0001,1.6989109764959944
1901,1.6998074318284195,0.762016287439977,0.043962678609465004,0.8938284661416833,3.0112303831514433,0.0001,1.6985311382682522
1902,1.6966304795979004,0.7619536257902458,0.043610272978188785,0.8910665837008861,3.0109794480805463,0.0001,1.6987680528033338
1903,1.688962994434287,0.762912895810048,0.04367548191039606,0.8823746127543053,3.0162545072621314,0.0001,1.697369067809161
1904,1.7130103856022896,0.7625451569141287,0.044307884531620795,0.906157348448558,3.0803575358574578,0.0001,1.6979489130253238
1905,1.6951127552841063,0.7620157946437658,0.0438353640554401,0.8892615978317014,3.07798608248906,0.0001,1.697277104286345
1906,1.7161076968388431,0.7619874999682753,0.044002510471227926,0.910117686217987,2.976995289446616,0.0001,1.6989411851455425
1907,1.6971889858797162,0.7625056186022188,0.04390145968230211,0.8907819120534535,3.1665521896393254,0.0001,1.7007590826940828
1908,1.6870427661203227,0.7621379503130188,0.04375951986525654,0.8811452948841555,2.9462598932200463,0.0001,1.6994673759531054
1909,1.6859616700098916,0.7626132842976955,0.04368814590252921,0.879660236726668,3.0680069824261307,0.0001,1.696590279347998
1910,1.7046722301846828,0.7617153322237259,0.04356940208535649,0.8993874963289825,3.015982005223783,0.0001,1.6984497395780458
1911,1.6906689852778374,0.7625184262258285,0.04396699045541078,0.8841835662692362,3.0518302358913614,0.0001,1.697535894922988
1912,1.705127717636178,0.7620832860832524,0.0436888795353578,0.8993555523802736,2.9715711050052915,0.0001,1.6983856187268151
1913,1.6815747485683123,0.7616369947942226,0.04380603494315312,0.8761317175010155,3.0179777916739967,0.0001,1.697646794140218
1914,1.7085372574672737,0.7622752007074337,0.04400103667686726,0.9022610216546978,2.972935876546477,0.0001,1.6971994813267162
1915,1.6851588195042484,0.7624472221302938,0.04406481703203058,0.8786467784981699,2.9797664208537906,0.0001,1.6962040877487308
1916,1.6832415196765025,0.7622495431445433,0.04409226007442203,0.8768997191929431,2.9841314546960365,0.0001,1.6929174700324967
1917,1.6943844333139926,0.7616575874131302,0.04371911976448663,0.8890077287659925,2.982246218298318,0.0001,1.6926370147759244
1918,1.7038195242020953,0.7619197930815738,0.043465781647099924,0.8984339488991375,3.032372707527501,0.0001,1.6943146905841016
1919,1.7043244278938727,0.762533213860123,0.0440437687338003,0.8977474442118322,3.1551538369718477,0.0001,1.6961509663724996
1920,1.7093015437677472,0.7622461302043458,0.044354708634815644,0.9027007040218215,3.07024394909702,0.0001,1.6966138977308063
1921,1.7177177452412387,0.762837619012558,0.04418143611892483,0.91069869068404,2.9890889966705507,0.0001,1.6993187737271462
1922,1.7021341196905526,0.7622563242912292,0.04396507972152432,0.8959127153453188,3.037726510127224,0.0001,1.6990194139325836
1923,1.6947273181611577,0.7623292223435144,0.043731894986382844,0.8886661977482616,3.0321140127298074,0.0001,1.700334670891868
1924,1.7054062922150803,0.7621527818347088,0.044286877581845914,0.8989666304069346,3.0702660168402094,0.0001,1.7000215743666487
1925,1.7050537008784605,0.7624938743109635,0.044544108499136224,0.8980157114036427,2.971644812375005,0.0001,1.70201106250407
1926,1.7117494296350537,0.7621130353296988,0.04395648843134634,0.9056799096975316,3.0536999513846625,0.0001,1.7048618534999254
1927,1.6950394803805477,0.7617696204485322,0.04341163548204526,0.889858222628885,3.1139115680303826,0.0001,1.704927358206581
1928,1.717550076650074,0.7627392511580585,0.043851006587185194,0.9109598219576037,3.0084978661237334,0.0001,1.7063004134513786
1929,1.6774938158524688,0.7614911754764844,0.04388694589084834,0.8721156914021374,3.0191977241701817,0.0001,1.7036173522472382
1930,1.701938923425655,0.7618073179078634,0.044253494628302706,0.8958781114033221,3.0126585002845006,0.0001,1.702881090213029
1931,1.6789666369527154,0.7629759149667458,0.04379199363638857,0.8721987285007086,3.0625185407924844,0.0001,1.6990059793841765
1932,1.710502353812328,0.7624763980598527,0.04389422660425275,0.9041317311544387,3.0249180344007076,0.0001,1.6998428027963541
1933,1.6884731252585172,0.7629164411378438,0.043988894739209035,0.8815677866007203,2.9747315998251493,0.0001,1.6992173835060904
1934,1.7005329417408601,0.7626742073778691,0.04402769313139074,0.8938310403852869,2.983099074441086,0.0001,1.698730048458668
1935,1.7043978033878258,0.7613301517755459,0.043930449302007894,0.8991372019475662,3.0381902347471845,0.0001,1.6986644587096045
1936,1.69231188756699,0.7625233015956067,0.043825157757463123,0.885963430843537,2.9669684664956453,0.0001,1.6967207045027983
1937,1.7220661872298917,0.7618182707751741,0.04354351674325568,0.9167043995905599,2.9573080803269547,0.0001,1.6994233751877328
1938,1.6987326769026008,0.7625212352609537,0.04420078767966063,0.8920106528134182,3.0412124006066312,0.0001,1.697541635212985
1939,1.7138006010113576,0.7619741463516112,0.04338272952646561,0.9084437251937317,3.020933254011746,0.0001,1.7011723137288743
1940,1.6943840114872064,0.7619669335850837,0.04375788019346659,0.8886591961369311,3.0957708158067465,0.0001,1.7004168225350291
1941,1.7149790635457145,0.7622561206924021,0.043532368861153935,0.9091905762987404,3.1403074295960867,0.0001,1.704018065194329
1942,1.6960548920515344,0.7623992607027715,0.04355594207500589,0.8900996917522461,3.0500308074525595,0.0001,1.7025733190182497
1943,1.6967935484756562,0.7624881001563392,0.04360402476715026,0.8907014264084746,3.082249673094759,0.0001,1.7034053613399638
1944,1.707977916478627,0.7622531575073335,0.043631598625415234,0.9020931564165661,3.071960783633451,0.0001,1.7041498588137405
1945,1.6849956477389616,0.7623512210517094,0.044230641022657044,0.8784137841835467,3.049745508913578,0.0001,1.7022096432488538
1946,1.6965356316817943,0.7617792356570401,0.04420601112605592,0.8905503856845608,3.040277622050736,0.0001,1.7026320176603345
1947,1.6853884801903312,0.7618610418834261,0.04397359000741831,0.879553845684983,3.0667325234074623,0.0001,1.6989642469563784
1948,1.6945171148249876,0.762105529617828,0.04379704008237827,0.8886145440366641,3.0697056942489036,0.0001,1.6985426907486172
1949,1.6761281470981622,0.7615932879051379,0.04378832789028392,0.87074652766057,3.074507845584568,0.0001,1.6947754453572976
1950,1.682738438097507,0.7617556408017451,0.044139885757322486,0.876842914923693,3.114090042955735,0.0001,1.6936108880183274
1951,1.7035196497280747,0.7621798769213849,0.04416321329848036,0.8971765613519638,3.0069222728330756,0.0001,1.6924649466365635
1952,1.711625334819964,0.7620283343487289,0.04370123958007317,0.9058957633092002,3.0269635468419134,0.0001,1.6940219909134064
1953,1.7361359705064165,0.7618377729796977,0.04413145986096612,0.9301667357917731,2.961680803289278,0.0001,1.6979562331164826
1954,1.6928096922609435,0.7618477241746311,0.04353451051770069,0.8874274573268078,3.000369206886988,0.0001,1.6964394106947143
1955,1.6962423111797589,0.7620953831662997,0.044008341328851106,0.890138580367483,2.9747366051644875,0.0001,1.697564077038794
1956,1.7016101570206772,0.7620213512958426,0.043840299755274405,0.8957485027354339,3.003743098667137,0.0001,1.6980715295726825
1957,1.684314152290081,0.7625631051663211,0.04365510219976336,0.8780959462236922,3.0203132397262853,0.0001,1.6979640967826573
1958,1.6994039729449135,0.7622266226801379,0.043664951111675517,0.8935123992437765,3.09573217482886,0.0001,1.69845278259465
1959,1.6850759197200287,0.7623477219084456,0.0436635530019145,0.8790646479531186,3.027578495095274,0.0001,1.6993475598568366
1960,1.681402425253367,0.7621062939597434,0.043592689487078125,0.8757034435596234,3.035097027647084,0.0001,1.6992139585724224
1961,1.6609895345405439,0.7620482974313577,0.04419925222532261,0.8547419826169527,3.0779058485920965,0.0001,1.6949609470536693
1962,1.6780250423094805,0.7619105836198973,0.0438534918469783,0.8722609685956827,3.099291453980529,0.0001,1.6916009178026212
1963,1.7086369926015454,0.7612914274962388,0.043902401991838376,0.9034431597886656,2.95340166976921,0.0001,1.6888510200121338
1964,1.6995252842351825,0.7622043409405567,0.04382492030609936,0.8934960233210066,3.0173483813752027,0.0001,1.689522579209558
1965,1.7159557751177774,0.7622219547780483,0.044368961278130024,0.9093648604746402,3.185093097222504,0.0001,1.6914939256033599
1966,1.6951085732868187,0.7619583300838122,0.043970323963049215,0.8891799201013834,3.0076476519296427,0.0001,1.690843767229974
1967,1.6982875888294429,0.7621039508806039,0.044505698927517594,0.8916779370264397,2.946424469502896,0.0001,1.69224111088391
1968,1.6913086659526244,0.7617766922434251,0.04458272964910852,0.8849492417327289,3.067653608612308,0.0001,1.691431580184681
1969,1.6969128293391416,0.7619092354426278,0.043832880004666154,0.8911707122898972,3.133541531301657,0.0001,1.6926152711465925
1970,1.6945775712237638,0.7618913615451139,0.04385384923304312,0.8888323614128221,3.009070428341446,0.0001,1.6939327857436322
1971,1.6804319843800992,0.7620025272301679,0.04341495738309972,0.8750144985275868,3.03627299053432,0.0001,1.6958770307275877
1972,1.6928486909876006,0.7624403483727399,0.04401937193609396,0.8863889691977181,3.009734265702733,0.0001,1.6973593955953998
1973,1.6808819689808705,0.7621204307790218,0.04457710674278151,0.8741844291921561,3.0099168271128596,0.0001,1.6945838932333324
1974,1.691095701216684,0.7627205255065438,0.0444004743626345,0.8839747070298959,3.076000761308728,0.0001,1.6937409349314823
1975,1.6970491167497925,0.7621320673466696,0.04440576091983014,0.89051128957141,2.9806667116544308,0.0001,1.6918502690946837
1976,1.6985641898054622,0.7620240376155226,0.04446326936717933,0.8920768797095359,3.0228769576090104,0.0001,1.6921958307465481
1977,1.6810976612640443,0.7620441948666292,0.04409760103748004,0.8749558654808369,3.0155909339506293,0.0001,1.6904768379900084
1978,1.6859560549621893,0.7627132220635792,0.04444794867633564,0.8787948811997265,3.0847087564139533,0.0001,1.689941576890965
1979,1.684694490858314,0.7621270257367565,0.04372079498143999,0.8788466745530374,3.0539310113895253,0.0001,1.688719743042882
1980,1.6702246547470712,0.7625832037799982,0.04365970372670079,0.8639817457290982,3.0329249471002853,0.0001,1.6862844513952129
1981,1.6903407753843807,0.7626919202340302,0.044048773347726944,0.8836000786893992,3.0397142609524677,0.0001,1.6872753304956407
1982,1.7035656264297376,0.7617609371519959,0.04388895020281809,0.8979157354780917,3.0201145577382364,0.0001,1.6883470240398544
1983,1.6968702307579242,0.7617980535567169,0.043903061874497974,0.8911691128179945,3.053164073226418,0.0001,1.6899458502175597
1984,1.6992321514938231,0.7623430486866717,0.04368398711840957,0.8932051194064757,2.980559768831512,0.0001,1.690759495245274
1985,1.688432785125098,0.762219584133272,0.043860974224779234,0.8823522265856938,3.0225692124202332,0.0001,1.6898978620828047
1986,1.6950229476479923,0.7620025511687474,0.043626279182898346,0.8893941185355911,3.0413863233330285,0.0001,1.6895437378670575
1987,1.7030242784269924,0.7618016297145016,0.043866836516900674,0.8973558111981494,3.040719297788206,0.0001,1.6917363995833523
1988,1.6974203350819632,0.7606966944060026,0.04362118897041491,0.8931024485923214,3.057545399327307,0.0001,1.6928828275953296
1989,1.6876801971731514,0.7617705435346638,0.04395075888952909,0.8819588944769292,3.0444790349770754,0.0001,1.6931813982268136
1990,1.6837796010303692,0.7620309918937528,0.0441995636686592,0.877549042566311,3.040306835580791,0.0001,1.6945368928551432
1991,1.6863226486751564,0.7614200070470148,0.04420396619104227,0.8806986720518456,3.043082766794046,0.0001,1.6941350801842208
1992,1.6985256760163916,0.7622128230563042,0.04430604561347265,0.8920068085405213,2.9550123265500483,0.0001,1.6936310851428864
1993,1.6988020415963798,0.7619371440782992,0.0443341787640028,0.892530715837319,3.039593946861205,0.0001,1.6938242662267318
1994,1.6806003636327282,0.7619745554836962,0.044229441675646554,0.8743963661409053,2.9957392670319964,0.0001,1.6919610874406223
1995,1.6736721905443297,0.7621570136435859,0.04424389719237662,0.8672712768973976,3.065479710909706,0.0001,1.6904850279825454
1996,1.6893516172018304,0.7619061971774691,0.04383945658530957,0.8836059646782962,3.0162501042561405,0.0001,1.6899178949379294
1997,1.6796012902840156,0.7618235009920766,0.04395511184212644,0.8738226749410978,3.114324550357842,0.0001,1.6875755961236316
1998,1.6869528026416385,0.7622165994276623,0.04384997287580014,0.8808862277992356,3.0716389054942566,0.0001,1.6865288428795993
1999,1.6926860254386376,0.7627468413803689,0.04429003819974393,0.8856491478836319,3.0229986236255018,0.0001,1.6870294257061478
2000,1.6834190262984068,0.7630465579564867,0.044151450267428075,0.8762210175606591,3.155424987810379,0.0001,1.6869933682329514
2001,1.6981879808839873,0.7611065117630949,0.044095868271214485,0.8929856027236575,3.060835733858615,0.0001,1.6881799014538346
2002,1.7026306961419375,0.7624361579123182,0.04368498794447336,0.8965095469527868,3.0110452636985703,0.0001,1.6885904034663892
2003,1.6844137170735527,0.7617294318052141,0.0440226331443864,0.8786616572018328,2.9997452096087938,0.0001,1.6871515710141065
2004,1.691698193429208,0.7623526219422145,0.04416145925347752,0.8851841149840345,2.979254936591607,0.0001,1.6882613539937545
2005,1.6812021224542273,0.762167740303411,0.04411211531254147,0.8749222663848927,3.00820869823982,0.0001,1.689014347184744
2006,1.6744841143760913,0.7618216185492386,0.04444176333429364,0.8682207326436865,3.0425873037284092,0.0001,1.6875275969021704
2007,1.6742355216589226,0.7611544000449577,0.04390859990767968,0.869172518925541,3.0613080521867917,0.0001,1.686991020039661
2008,1.6836609666294307,0.7620208728869595,0.043875375819254596,0.877764718829981,3.0494962110964328,0.0001,1.68666183643844
2009,1.6907411165701691,0.7618595005048941,0.044051194045896705,0.8848304240293725,3.0905459962074944,0.0001,1.686467345551593
2010,1.688346725206588,0.7620106972980693,0.0441368832791311,0.882199143903976,3.0770984752666637,0.0001,1.6869601154424114
2011,1.675989513223118,0.7631085860801758,0.043873029354861495,0.8690078975160513,3.0463989542657415,0.0001,1.6847402686763246
2012,1.6652694693927108,0.7621253065115057,0.04420203732186834,0.8589421221740831,3.1379900619417853,0.0001,1.681004146001402
2013,1.6820959876807176,0.7618730710195963,0.04409359023730605,0.8761293271643394,2.955759040965995,0.0001,1.6807723730621185
2014,1.6825068446733888,0.7622131278500354,0.044191001394941164,0.8761027191008081,3.0317656333741505,0.0001,1.6798532381865363
2015,1.6760660881444842,0.7624965365711622,0.04388427299128101,0.8696852798515111,2.9787089084756784,0.0001,1.679339634755562
2016,1.7033866969131795,0.7620534893223528,0.04403238968723444,0.8973008205332089,2.983748508515271,0.0001,1.6822298930092707
2017,1.6596907899539322,0.7618076574004446,0.04417617301670098,0.8537069592345317,3.1182557276731573,0.0001,1.6807754198387719
2018,1.6858106318400308,0.7620698404602299,0.04421433957546768,0.8795264500663682,2.9977859969555003,0.0001,1.680990386359832
2019,1.688608549913093,0.7621940469886903,0.043900780697139714,0.8825137187815583,3.035024046172477,0.0001,1.680777129694124
2020,1.681638373927219,0.7618438325837467,0.04390665967372562,0.8758878786169733,3.0465147930516676,0.0001,1.6801062945661873
2021,1.7036836485833715,0.7619010398644221,0.043881230857261054,0.897901377015375,2.9798781409950332,0.0001,1.6828757081022125
2022,1.6928818420512681,0.7622721834792084,0.043832393011746976,0.8867772685828605,3.0918054525073595,0.0001,1.6856369453680684
2023,1.6924372442353812,0.7616916095751053,0.044098055628685635,0.8866475793338451,2.9964431275218786,0.0001,1.6866710710235349
2024,1.6820540928695555,0.7614403358579407,0.04386046861296493,0.8767532912398449,3.098316828087426,0.0001,1.6866257958431514
2025,1.691220372975719,0.7621436792503264,0.04398857144748464,0.8850881217640747,3.1443167801561027,0.0001,1.6881412243262748
2026,1.6825726563016492,0.7616557372511038,0.043859686619369787,0.8770572355897384,3.0344045684497205,0.0001,1.6860598202651218
2027,1.68612107169072,0.7622721620795693,0.0437836975886904,0.8800652140475673,3.175984085452484,0.0001,1.6887028484388007
2028,1.6798189647541084,0.762629627576948,0.043696344503282775,0.8734929904069668,3.0822021131825013,0.0001,1.6881036817302086
2029,1.6940707777141315,0.7612849776208038,0.044157520510845684,0.8886282791593254,3.0235994698793363,0.0001,1.6886499045103123
2030,1.6855490200418004,0.7617150071184727,0.044341943085072735,0.8794920687199123,3.0601435096945773,0.0001,1.6890409691217705
2031,1.6936197002809381,0.7618851810391486,0.044132272805451865,0.8876022427790548,2.9746403454767036,0.0001,1.688034574291527
2032,1.6831434814006272,0.7612933851400688,0.04354424070393096,0.8783058548312158,3.0079309879887175,0.0001,1.687060738226463
2033,1.7014890617821328,0.7615727210383386,0.043586416612048665,0.8963299213661141,2.9791896800240445,0.0001,1.687965919981138
2034,1.6906184920432843,0.761575571663723,0.043930190813710676,0.8851127290520174,3.0435196594099003,0.0001,1.688822359898511
2035,1.6886475033015316,0.7624560526853643,0.04365842579344465,0.8825330245204678,3.0882939286454456,0.0001,1.6885650729310924
2036,1.6750214027342882,0.7622031120934786,0.043729253763117606,0.8690890347316831,3.0045958909736927,0.0001,1.687809947574356
2037,1.7033245660228613,0.7621059057436899,0.04395955740559174,0.897259099669679,3.073979948403627,0.0001,1.6895302970075705
2038,1.680074847856835,0.7616133074489617,0.0438415684999849,0.8746199682959437,3.0095494598694312,0.0001,1.689555885317843
2039,1.6827268518250564,0.7617459762652554,0.04409524586814896,0.8768856272736137,3.0393310352464717,0.0001,1.6884214927289356
2040,1.6893518135465424,0.7619168224005863,0.044350605465577536,0.8830843831716638,3.05399654820773,0.0001,1.6888017720794095
2041,1.6824027205577488,0.7619070251137925,0.044121702109098916,0.876373995148386,2.9950985340269294,0.0001,1.687680074107091
2042,1.6830997207101897,0.7616509489307055,0.044051727706955604,0.8773970457047042,2.986278734632728,0.0001,1.687675698038047
2043,1.6848361976973667,0.7618369712790901,0.04419929768444317,0.8787999276608289,3.014015159548901,0.0001,1.6860104116295702
2044,1.698790296458811,0.7615561601356368,0.04365944814004956,0.8935746835888521,3.0411373877380248,0.0001,1.686827592071123
2045,1.674687092130131,0.7623615845221777,0.043880622237014,0.8684448839503418,2.9926991136272347,0.0001,1.685431550953983
2046,1.6801187955825372,0.7616753486300579,0.04428327567195312,0.8741601667467044,3.129747378415075,0.0001,1.685941290238808
2047,1.6862579828343576,0.7623999161120603,0.04397857866229198,0.879879486276702,3.0987239060488965,0.0001,1.6842346319199577
2048,1.718042004422774,0.7624419381120384,0.0436216007623421,0.9119784605914149,2.978760643614717,0.0001,1.6880313475765516
2049,1.696552360517258,0.7617898350071471,0.0437254857339917,0.8910370339123763,3.0160730465430516,0.0001,1.6894138984457716
2050,1.7110170567253298,0.7626379710181973,0.044109964951056735,0.9042691245644862,3.032484779735124,0.0001,1.6915804227636504
2051,1.6902105422580944,0.7617350608775388,0.04351035576563094,0.8849651240431996,3.0061687617949975,0.0001,1.692361204933685
2052,1.6743367947864727,0.762534272235499,0.04416416141130861,0.8676383605956064,3.0895462065149273,0.0001,1.6914849123413132
2053,1.7031180604718037,0.7617700312732442,0.04350871657744866,0.8978393132407332,2.9690760877021187,0.0001,1.693313098618757
2054,1.6665628455715296,0.7625355939352488,0.04412250997570417,0.8599047377917153,3.0809284189893558,0.0001,1.6900903535300287
2055,1.6862587372623157,0.7623026936823166,0.043870560295925176,0.8800854788107031,3.085373954889015,0.0001,1.6912475180432474
2056,1.6930882009483013,0.7616681090233051,0.043906377246848954,0.8875137149501766,3.1504623227380595,0.0001,1.6925444585798235
2057,1.661798135262232,0.7619288978421905,0.04345020150074369,0.856419035556592,3.0265346799370727,0.0001,1.690098473822611
2058,1.6448826141821686,0.761679372245835,0.044007291416609265,0.839195949371156,3.0891526785148327,0.0001,1.6827825347985506
2059,1.6903564373813342,0.7618415945683725,0.043998784515968926,0.8845160606848057,3.0513771395170664,0.0001,1.6821629424849582
2060,1.6920672621253054,0.7621301693074843,0.0442445546569979,0.8856925334456485,3.0374767666656153,0.0001,1.6802679630249557
2061,1.6874785737623792,0.7617787117890363,0.04370039205763935,0.8819994697948015,3.034451153408925,0.0001,1.6799947661753845
2062,1.700635685519321,0.7620840396648971,0.04411498141337118,0.8944366655745081,3.128134252333496,0.0001,1.682624655248669
2063,1.67382875840514,0.7613583074138324,0.044027697967467395,0.8684427557743587,2.9851644991861153,0.0001,1.6796957250420028
2064,1.689950163780313,0.7612847320690116,0.0438146772539398,0.8848507546387144,3.084943319672745,0.0001,1.682034456862881
2065,1.694721433260378,0.7616200655033816,0.04375728003635368,0.8893440860884668,3.1344507557867023,0.0001,1.682880726462687
2066,1.6836284683152096,0.761590385896439,0.04419517976517126,0.877842905056525,3.0115970893031925,0.0001,1.681934753199378
2067,1.6743085762791894,0.7615232907734343,0.044285768427665045,0.8684995167456099,3.0499511427618184,0.0001,1.6831857973010738
2068,1.714053286016592,0.762131633066986,0.04366168724354092,0.9082599635902815,3.109728122096033,0.0001,1.6901028644845162
2069,1.668858745156147,0.761322131263315,0.044059275371791384,0.8634773385210405,3.0963745049482427,0.0001,1.6879530952619977
2070,1.7033810766666946,0.7621105152501537,0.04410880767791315,0.8971617565798228,3.07423134000016,0.0001,1.6890844767161362
2071,1.6815855573205387,0.7623334067588404,0.043720773702702706,0.8755313720078062,3.085201651281082,0.0001,1.6884951750719523
2072,1.6752029606585086,0.7617719324558792,0.04410976884814837,0.8693212601403436,3.0241365002328435,0.0001,1.685951902585871
2073,1.6849066096435454,0.7614402682737694,0.043996269997912056,0.8794700707975798,3.0606672456733595,0.0001,1.6870596877097117
2074,1.6711757786375514,0.7615077483484759,0.04408474602031901,0.8655832854777756,3.041117286827211,0.0001,1.6851822491954356
2075,1.6880749705838867,0.7611440023592471,0.04420963794174349,0.882721331159435,3.044109588462489,0.0001,1.6845176029277862
2076,1.6879599986647011,0.7619818987033914,0.04413690697590671,0.8818411921088642,3.0504360433524327,0.0001,1.6849507559627355
2077,1.705298602822828,0.7622916287389295,0.04359453033965693,0.8994124436535651,3.081506075046609,0.0001,1.6880497586170993
2078,1.6892982643951509,0.7616277022729298,0.044270840668049594,0.8833997194895155,3.063487737705935,0.0001,1.6855742564549554
2079,1.6852654743388022,0.762249543628151,0.04408171283304087,0.8789342152782192,3.0761934001353883,0.0001,1.6872149293732206
2080,1.685618709115421,0.7619299060432713,0.04410811031565947,0.8795806945700191,3.0402919397392814,0.0001,1.6854386926180933
2081,1.66430986193566,0.7625991667018217,0.04394441540778046,0.857766279584254,3.067959485624673,0.0001,1.6837111230796054
2082,1.6825624695897827,0.7615900242788071,0.043900747811818464,0.8770716994033624,2.9897808598214666,0.0001,1.684447073972733
2083,1.670744964728249,0.7622114937397336,0.04392059216876543,0.8646128796811762,3.0508178605511027,0.0001,1.6830309094812033
2084,1.672487841416566,0.761936862497736,0.04444548058461466,0.8661054942840012,3.032746136309409,0.0001,1.6831621157591048
2085,1.682542941512249,0.7619940587763371,0.0441879348387341,0.8763609456604925,3.064820954088749,0.0001,1.682608912851941
2086,1.66735702184828,0.7619025299805415,0.04394529654094704,0.8615091956441591,3.0707406992844586,0.0001,1.680548615170299
2087,1.6840863562742547,0.7615691562453342,0.04377887456944216,0.8787383260337625,3.0455968022104694,0.0001,1.6784273905154419
2088,1.6782014466686133,0.7618974751923195,0.043671406306794884,0.8726325638093523,2.987813960949741,0.0001,1.677317708742788
2089,1.672277634816044,0.7623489890814311,0.04381188200163309,0.8661167647304207,2.974812534227816,0.0001,1.6760189247905122
2090,1.6899575539099518,0.7614921715873734,0.04383102246762289,0.884634356106996,3.0197040026376505,0.0001,1.6764528092699653
2091,1.6714194811140064,0.7614780374279371,0.044334424436696884,0.8656070201561369,3.0205547974027436,0.0001,1.6771637711878
2092,1.6869693561693233,0.7619249646610469,0.043809239569348686,0.8812351500800608,3.0394647549422227,0.0001,1.6776044598457538
2093,1.7012648914938766,0.7619861932603631,0.04386815023712406,0.8954105474069927,2.975276268278126,0.0001,1.6806564525223167
2094,1.7053051830305288,0.7616183355178601,0.04397205503668795,0.8997147931409414,3.06729465299881,0.0001,1.6839381866837129
2095,1.683893723734494,0.7617723059218989,0.043811994198611495,0.878309423644209,3.0591217526074113,0.0001,1.6840732649059373
2096,1.6776986137848597,0.7620382171131777,0.04396389028847097,0.8716965035722415,3.0212167617515426,0.0001,1.6851074240995954
2097,1.6704110653115092,0.7622092782121159,0.04393505324698365,0.8642667349103015,3.0403854097362464,0.0001,1.6837398950033204
2098,1.6626126212474057,0.7619043138883177,0.04417049763894226,0.8565378108460449,3.2115121076363335,0.0001,1.6821810124612
2099,1.6695404506116562,0.7618093609084464,0.043841853344899887,0.8638892336984677,3.017486428875952,0.0001,1.6819072940407611
2100,1.6629487641201057,0.7613249033024538,0.04365109575205836,0.8579727641286038,3.043742981450311,0.0001,1.6792064150617765
2101,1.6835583667242502,0.7621592018473704,0.04378948298719302,0.877609681708334,3.0541711066364035,0.0001,1.6804203036228007
2102,1.695124483011799,0.7622705227704851,0.043927053408980614,0.8889269040213638,3.0455504363255375,0.0001,1.6812358163070484
2103,1.677782004189056,0.7619042529537519,0.044133683489012185,0.8717440682903507,3.0436137721214527,0.0001,1.6788875275765665
2104,1.6858918057493941,0.7615069952504389,0.04367639254363023,0.880708418076227,3.107444644457912,0.0001,1.676946189848453
2105,1.6765844374592842,0.7615899812377249,0.043950649594196686,0.8710438068993919,3.0262940544143895,0.0001,1.676215261220932
2106,1.69085364856778,0.761679098886602,0.04377347412264129,0.8854010714327588,3.06817123251561,0.0001,1.6775307646992244
2107,1.6815822373539149,0.7613923234098098,0.04401303740108714,0.8761768772986549,3.32785741939506,0.0001,1.6786478819034645
2108,1.6755911287139444,0.7625043515501351,0.044048111047029014,0.8690386701518817,2.983777542868686,0.0001,1.6799457326501184
2109,1.6919853351179048,0.7610896181383191,0.04377486957256015,0.8871208499610787,3.0804026816002494,0.0001,1.6821902211007433
2110,1.6893076728613816,0.7615744894706695,0.04404469605149894,0.8836884845584692,3.0795171381735655,0.0001,1.6848261119748709
2111,1.6831257912740263,0.7621759138774679,0.044352159538810686,0.8765977197921784,3.0864846868398947,0.0001,1.6847828544298487
2112,1.680089114282968,0.7623364323292978,0.043804089147710897,0.8739485939545274,3.0567308381411413,0.0001,1.6832793175569656
2113,1.66760069434106,0.7616853328312144,0.044306276536132935,0.8616090843389774,3.0005244459148352,0.0001,1.6822611865721657
2114,1.6800383360825977,0.7625350681328145,0.044026512886883036,0.873476754790871,3.029365263652608,0.0001,1.6816758396054863
2115,1.6761768488081183,0.7621843004807014,0.0438262927846541,0.8701662524748768,3.1505622481719477,0.0001,1.6816350807403695
2116,1.7113408131966967,0.7619622083754859,0.04362535500864954,0.9057532507193258,2.9734114950133628,0.0001,1.6836837972032612
2117,1.6833347872836595,0.7613873062220838,0.043994000185333934,0.8779534806646634,3.02594675374563,0.0001,1.683859052196236
2118,1.6831573177786434,0.7612343354350897,0.043674298280634696,0.8782486827632234,3.0405023963649667,0.0001,1.6846156711027056
2119,1.6750288581509618,0.7621855797438786,0.043611870334307995,0.8692314067428543,3.0511981333486933,0.0001,1.6829200234060113
2120,1.69019160780897,0.7618757417429292,0.0437175282116594,0.8845983351492012,3.1439527415842363,0.0001,1.6830084169007702
2121,1.6756571782771763,0.7617342265334139,0.04382731198780919,0.8700956405418157,3.030747614090631,0.0001,1.6822615556010851
2122,1.6575248855606295,0.762015695987802,0.043774693539369906,0.8517344920436944,3.1151315827398705,0.0001,1.6800051327288514
2123,1.6865238734723105,0.7611276407029034,0.04429076264402687,0.8811054691430521,2.990569387197978,0.0001,1.6818974506419764
2124,1.6984912188493213,0.7616937735985065,0.043652490234761886,0.8931449512076426,3.0455375900133146,0.0001,1.6837427389186488
2125,1.6821128700616153,0.761092112344854,0.043876486182454634,0.8771442714587429,3.078978110278596,0.0001,1.6843363410439984
2126,1.6760039743013362,0.7614647893586458,0.04398803947905256,0.8705511425317664,3.069200965744003,0.0001,1.6808026571544623
2127,1.7001522166492005,0.761970991778809,0.04400058111844633,0.8941806449005135,3.042619209744142,0.0001,1.6824844000910162
2128,1.6821948525629953,0.7621994199907562,0.04415534959603517,0.8758400817067338,3.021965172421376,0.0001,1.6823881535694518
2129,1.69609764635442,0.761839268899109,0.044014449051862796,0.8902439251013146,3.0488270934648494,0.0001,1.6844950323897971
2130,1.676390683554249,0.7620469837111343,0.04436629055479719,0.8699774087140333,3.134862274717366,0.0001,1.6831149399643255
2131,1.6722784035104283,0.7617080394201298,0.04418244129745762,0.8663879196947293,2.9893692724603187,0.0001,1.6827770624876504
2132,1.6930790182059483,0.7614114215601289,0.04400993771775499,0.8876576619959506,3.038456240000154,0.0001,1.6863324757521827
2133,1.6820449659838879,0.7621799261284649,0.04400356304331193,0.8758614768725621,2.998572218248859,0.0001,1.6858845850033402
2134,1.6566568893544815,0.7618575700639953,0.043898353953874134,0.8509009622536131,3.0716088202613845,0.0001,1.6817011520538565
2135,1.6854438186900853,0.7617998836490252,0.04404167036013961,0.8796022671291842,3.0870279293756697,0.0001,1.6820342469167031
2136,1.677292209126161,0.7616743685991237,0.04407985723042827,0.8715379828583396,3.037313322750115,0.0001,1.6821630703991857
2137,1.7025923322712433,0.7614795088042594,0.044113753049900756,0.8969990694800932,2.9931657116021393,0.0001,1.68240708196139
2138,1.6917384970502485,0.7615756547233395,0.044195991258834,0.8859668502217616,3.0315421406202336,0.0001,1.6833614464101152
2139,1.6918814930664356,0.7618348964813031,0.04374162686523995,0.8863049697501181,3.116686496724947,0.0001,1.6829398310813168
2140,1.674445273547337,0.7619174219531897,0.04338102940371748,0.8691468224020081,3.0838481504583455,0.0001,1.6827452900806257
2141,1.6672767693324215,0.7621000359556496,0.04399442914533325,0.8611823034682453,3.092307549702952,0.0001,1.6822451266628249
2142,1.6862431984644148,0.7622448698018676,0.0438931943436907,0.8801051347420134,3.0307339243666394,0.0001,1.6815615446886714
2143,1.6840595635632714,0.761242629790161,0.04392428136984185,0.8788926520556756,3.0105979343456863,0.0001,1.6817630044466099
2144,1.6961936025783932,0.761959954159255,0.04407616682033268,0.8901574825357955,2.9729536529970457,0.0001,1.685716675769001
2145,1.6757532095812397,0.7617686307454448,0.04354579961324077,0.8704387774392509,3.0253179286121115,0.0001,1.6847476148581166
2146,1.6848639724946166,0.7618678174686239,0.04406248821931727,0.8789336685899789,3.051085555287452,0.0001,1.6855047911949623
2147,1.6877815875755604,0.7613287267046575,0.044234806819087834,0.8822180528730215,3.0589906567250496,0.0001,1.684023716725394
2148,1.7011249448658246,0.7611814693795257,0.0435063372277343,0.8964371379260843,2.977520587236354,0.0001,1.6849623615069516
2149,1.6904420344873083,0.7613736458772578,0.04376325380004202,0.8853051356865475,3.036453540136558,0.0001,1.6848184156490387
2150,1.682386928470333,0.7616176138543213,0.04373423806552229,0.8770350783640183,3.1207921807229155,0.0001,1.685612581141338
2151,1.644962072976946,0.7615888801839724,0.04389162576222758,0.8394815664111238,3.0211647129929333,0.0001,1.6833811115057908
2152,1.692772310476516,0.761935267680557,0.04435276042133509,0.8864842834627411,3.055812648053585,0.0001,1.6840340227070008
2153,1.6792176790218083,0.7620685532175261,0.043829642976757,0.8733194802281339,3.1441994482315097,0.0001,1.6835498342528545
2154,1.6792593279184724,0.7615510114066257,0.04408413860909112,0.8736241794744805,3.0305798022306956,0.0001,1.6818564067868624
2155,1.7036566777838655,0.7616204872092659,0.044147509590365584,0.8978886805988592,3.0057121452405053,0.0001,1.6846467536071252
2156,1.7101490998123046,0.7621432785813755,0.04386329288173157,0.9041425249034928,2.988766913965314,0.0001,1.687175266338894
2157,1.7033313869462778,0.761256669041593,0.04390354282232134,0.8981711763518335,3.024740458743809,0.0001,1.6887302462759657
2158,1.7074689851813094,0.7612445390732245,0.04388487363200159,0.9023395702091724,2.9986338463081066,0.0001,1.689364650307514
2159,1.6860661174172562,0.7622507764649923,0.0440497613581876,0.8797655815285069,3.0334181118204917,0.0001,1.688927058600509
2160,1.6841128042938742,0.762076134009487,0.04368885559677836,0.8783478137808446,3.0622556078990137,0.0001,1.6890996461828631
2161,1.7033234638809915,0.7610470554649709,0.04378417853651376,0.8984922319348395,3.021156471834705,0.0001,1.6949357852732674
2162,1.6756435707664876,0.7614005305945994,0.043711083897712506,0.8705319614351763,3.142406706877703,0.0001,1.693222911302265
2163,1.6744087676972936,0.7622772948495273,0.04385572587258917,0.8682757475796867,3.1249518442830984,0.0001,1.692742020169813
2164,1.6679144028959603,0.7620759154188221,0.04385825804232584,0.8619802265331663,3.0594620571658773,0.0001,1.691607527667562
2165,1.6967131815865848,0.762265987255994,0.04454462692655366,0.8899025645326165,3.224754800177491,0.0001,1.690913178047834
2166,1.6402174534227012,0.761702297667219,0.044166900081518454,0.8343482541022388,3.0036051623961506,0.0001,1.6839200134088734
2167,1.6888069969887183,0.7619290953959219,0.04430819887660338,0.8825697057387408,2.9945676215521946,0.0001,1.6824675744131177
2168,1.6813865682416222,0.7617882655793706,0.04402050164360062,0.8755778011697785,3.0705223010954943,0.0001,1.6798593327191491
2169,1.6768631040445447,0.7611892639260747,0.04372769122675031,0.8719461475920242,3.0882750841473467,0.0001,1.6789390313818777
2170,1.6921569498267184,0.7616074998045065,0.044276327438818756,0.8862731232181282,3.0150883309014187,0.0001,1.6797434459351621
2171,1.674091806518137,0.762061765179431,0.044099694091456414,0.8679303431365843,3.0379233923693456,0.0001,1.6768202801988767
2172,1.6783160541894229,0.7620728397949714,0.044341248382661215,0.8719019680973482,2.9968791631849494,0.0001,1.6770875285411702
2173,1.6779495835546063,0.7616182009540271,0.04415613376586481,0.8721752510713999,3.1552789658610285,0.0001,1.6774416101269018
2174,1.6919109685909435,0.7609618637431224,0.043895792284069875,0.8870533083624095,3.0141051509559276,0.0001,1.6798412666963998
2175,1.6600527607403228,0.7612704236899138,0.04401670967589527,0.8547656296414246,3.100610735208461,0.0001,1.6761752246117738
2176,1.6766980616848077,0.7615924551327379,0.04374738639073246,0.8713582181362303,3.0441654006559515,0.0001,1.6798232854379844
2177,1.6691289106440592,0.7614349604378365,0.044108555234711744,0.8635853927952765,2.967235995838173,0.0001,1.6778554768035185
2178,1.6722358089189742,0.7613846472262369,0.04411048966537383,0.8667406709996972,3.0524408563397234,0.0001,1.6769404008712534
2179,1.6691985223404535,0.7613754590432977,0.04369912839080935,0.8641239340298075,2.9636974726439007,0.0001,1.6761739427008446
2180,1.6928788741510248,0.7624203771896827,0.043850018576724534,0.8866084759363538,3.083927124799144,0.0001,1.6762461351332754
2181,1.694407884416909,0.7617705986659377,0.04352513505769308,0.889112149665612,3.0120494097289883,0.0001,1.6782777429231523
2182,1.675611927833325,0.7617325355992114,0.04392402989385578,0.8699553681737753,3.034683302256447,0.0001,1.6780073302875427
2183,1.680414419024276,0.7619174683795256,0.04393385825244215,0.8745630905787795,3.097959099386575,0.0001,1.6782538138345096
2184,1.6750323803864917,0.7615415808153443,0.04401413809213387,0.8694766603304455,3.034268392027029,0.0001,1.6765659550140644
2185,1.6777231920563425,0.7610207563965122,0.04363842015334123,0.8730640116980787,3.016066778020491,0.0001,1.6783329981456663
2186,1.7100914526904571,0.7610816961611502,0.04361527880113458,0.9053944799346324,3.0436969652137216,0.0001,1.6816723372462312
2187,1.673581248969142,0.7615868093759487,0.04390683885036569,0.8680875999569652,3.0963553272444626,0.0001,1.6821175710787397
2188,1.6903801032060541,0.7620447553679135,0.04400309515289554,0.8843322528363725,3.1011264701402212,0.0001,1.6839320005074476
2189,1.672733322118407,0.7621404225154049,0.04378621500839326,0.8668066865290396,3.0161577228600307,0.0001,1.684285480485243
2190,1.6872943836825374,0.7616234599455859,0.04417240232773292,0.8814985222253064,3.2107692582128498,0.0001,1.6837270314383943
2191,1.6897569147616807,0.7618303788602957,0.04419029895480699,0.8837362340751574,3.0007326764944358,0.0001,1.6832619344728712
2192,1.6942125971128685,0.7619801733121427,0.04458190606525413,0.887650518460883,2.9841520899933203,0.0001,1.685122001400826
2193,1.682894015892524,0.7614651994579462,0.04443891730318205,0.8769898998568072,3.0981655865605413,0.0001,1.6853699610876505
2194,1.689686985576854,0.7618622658944275,0.044151826030584186,0.8836728918383135,3.0581027992356864,0.0001,1.686835421606687
2195,1.6898455611348877,0.7621572429945213,0.04403040544498281,0.8836579112143352,2.9991682187538844,0.0001,1.6880476585145412
2196,1.6663537804060002,0.7614135187247704,0.044313973393933524,0.8606262858843706,2.9847011169603825,0.0001,1.6836738912860958
2197,1.6861105118755395,0.761568007072619,0.04399670089234203,0.8805458013111873,3.1037900554239144,0.0001,1.6849268175767353
2198,1.670053026497243,0.761382962578934,0.04370792980851798,0.8649621324171642,3.092706601469802,0.0001,1.6828941099058543
2199,1.6827180151039882,0.7618822747988827,0.04377010531164328,0.8770656359153394,3.001768472953936,0.0001,1.6838925792044122
2200,1.6970741383686028,0.7617022321383803,0.04373518134227389,0.8916367256889237,2.978676433737331,0.0001,1.6848705546730192
2201,1.6893751279093914,0.7617473414896951,0.043305729755765285,0.8843220594446751,3.019481525943439,0.0001,1.68483237598779
2202,1.7030847668647766,0.7613707381861688,0.043780394064727224,0.897933633314185,3.086606739258911,0.0001,1.6857195929629811
2203,1.682901815033346,0.7619825452868402,0.04390740636396118,0.8770118653623135,3.00056099915843,0.0001,1.6857203728770631
2204,1.6856341816590716,0.7611489200446959,0.043368595850636946,0.8811166671087728,3.0485545249304473,0.0001,1.6853150924852849
2205,1.6971218734677376,0.7613361244511169,0.04384920031255447,0.8919365490063209,3.013439180643031,0.0001,1.6860427237185696
2206,1.7027451741767945,0.7618066982855419,0.04364012970643885,0.8972983432831677,2.969526328373149,0.0001,1.6896818630956492
2207,1.7010098129934037,0.7610977605196816,0.044153625534707586,0.8957584272714948,3.129112246312186,0.0001,1.6911717932074357
2208,1.658499522939415,0.7620329607814611,0.04435645034782301,0.852110113835238,3.234179507646309,0.0001,1.6900164428516526
2209,1.6827498532937457,0.7621217356734054,0.044588335145559564,0.8760397808728305,3.040773907249404,0.0001,1.6900196266706284
2210,1.6919777181762712,0.761489037567897,0.04364198192379779,0.8868466984276597,3.1101345844249453,0.0001,1.6895099846513955
2211,1.6941431515357073,0.761582965904027,0.044116495588971925,0.8884436887430129,3.054673838325253,0.0001,1.689986787014027
2212,1.681606424870404,0.7608665258115493,0.044209722573084954,0.8765301727075847,2.99236564607214,0.0001,1.6878389528145896
2213,1.6856901446172239,0.7611318251182293,0.043538387116747505,0.8810199275159449,3.009613603413951,0.0001,1.6881177857729774
2214,1.6628646693413447,0.7615424022229641,0.044152488331282116,0.8571697788777748,3.0644482408043823,0.0001,1.6858408345412048
2215,1.695306757158972,0.7607527072966461,0.04382368420490629,0.8907303669722278,2.9863828277974775,0.0001,1.6856593229103283
2216,1.686232713003913,0.7616982571251736,0.04365715197085367,0.8808773038474348,3.0541998723457597,0.0001,1.6840080767930399
2217,1.6887765902776506,0.7612372087900343,0.04390083800464808,0.8836385416089884,3.0795138491578324,0.0001,1.6827847545214645
2218,1.6826881894475307,0.7618040453347908,0.043793731480534615,0.8770904128437835,3.0398644593376174,0.0001,1.6852036211722765
2219,1.663812582923239,0.7621850932345671,0.04454432467176271,0.8570831658934482,3.03521178508627,0.0001,1.6833098941352258
2220,1.703459763623638,0.76166678321289,0.04423579724758682,0.8975571819239165,3.0191263434369473,0.0001,1.6844580986799624
2221,1.694367633630006,0.761478938268116,0.044098032415517685,0.8887906646692245,3.0335261364737582,0.0001,1.684480546889392
2222,1.686874429425168,0.7617759040838323,0.04390960774605463,0.8811889190461041,3.1255044523649236,0.0001,1.6850073473448686
2223,1.684229751145864,0.7616790847410778,0.04426280044880648,0.8782878643238037,2.999171871200778,0.0001,1.6848613079977326
2224,1.6831386534244004,0.7613423704859209,0.04423069252687342,0.8775655905778461,3.0224090826680645,0.0001,1.686888706406038
2225,1.6741054313177994,0.762074571110414,0.04414759615613771,0.8678832607717833,3.0462172643166285,0.0001,1.684768573821921
2226,1.7022575924652827,0.761238779547732,0.04407640040283513,0.8969424080111192,2.962907185902702,0.0001,1.6863710617680578
2227,1.679423134660624,0.7608613873592013,0.04410730317446571,0.8744544471192796,3.04976443248153,0.0001,1.6854357162063553
2228,1.6933715846427313,0.7614675074755299,0.04424499715801185,0.8876590776062641,3.0310925491924943,0.0001,1.6865040557258753
2229,1.6953679070511405,0.762067178441835,0.044128659288975094,0.8891720711943102,3.0466566596021516,0.0001,1.6896595881386651
2230,1.6750432858602513,0.761037712164873,0.04422814705792595,0.8697774242647521,2.9845982127450785,0.0001,1.6868179403623267
2231,1.6939007593942221,0.7613500667392119,0.04420296681580147,0.8883477275318354,3.042026509377826,0.0001,1.6867712529387482
2232,1.6808075019844164,0.7615510430829279,0.044387390357243844,0.874869068755823,3.08010404371103,0.0001,1.6861645601946733
2233,1.678093116979812,0.7612555211987989,0.04401213184573346,0.8728254618648341,2.974402337964118,0.0001,1.685550896778068
2234,1.7133981359416042,0.7609369423520009,0.044152264179129146,0.9083089253300344,2.994900610577504,0.0001,1.6885768450297882
2235,1.6781771858855627,0.7613179984731074,0.043894495731918615,0.8729646905924195,3.063953723433535,0.0001,1.688984020486565
2236,1.6801382146065424,0.7611338791208867,0.04392840170715208,0.875075938569242,2.9838549527386866,0.0001,1.686772082700691
2237,1.7067577252523412,0.761309503299953,0.043648255282434927,0.9017999665188258,3.0299532125736106,0.0001,1.6895055417598623
2238,1.6868530687163859,0.7612764718082807,0.044586246202248346,0.880990352897204,3.0379271318656196,0.0001,1.6888536901672278
2239,1.6865397233508421,0.7611100703901016,0.044599822278438665,0.8808298314983898,3.011855561883164,0.0001,1.687970871797198
2240,1.6805349024991234,0.7607350447356822,0.043918604541260134,0.8758812531466175,3.1278932196131586,0.0001,1.6885200334610855
2241,1.6895179581690511,0.7619711338385607,0.04396444958073614,0.8835823742661466,3.1646947623750017,0.0001,1.6880817533385681
2242,1.6793930121899618,0.7610916998275153,0.04395038240096148,0.8743509304450927,3.0811220571912568,0.0001,1.6879403043591228
2243,1.6783263827192372,0.7614877930035697,0.0440516036615894,0.872786987565352,3.0196934029248377,0.0001,1.6879636309330652
2244,1.6832732563086503,0.7613478350107374,0.04413083407264694,0.8777945851548207,3.163998779612187,0.0001,1.6849511429697699
2245,1.685060188808983,0.7612478202303331,0.04404693563859796,0.879765431821709,3.035422250175089,0.0001,1.685639443262112
2246,1.669209360955453,0.7609979580430424,0.043690945265501074,0.8645204560147338,3.044621333147401,0.0001,1.684546557897003
2247,1.6764548634902459,0.7612274232307263,0.04381805984775628,0.8714093778879357,3.0478194137132193,0.0001,1.6815162717207932
2248,1.6746117152258542,0.761320634981198,0.04358264205421927,0.8697084348656343,3.0152082283646777,0.0001,1.6802921363717402
2249,1.6682202171602307,0.7613396845289466,0.04375711536794357,0.8631234204332376,3.035634127156488,0.0001,1.6784601857526789
2250,1.6830795578975948,0.7616296316257113,0.044198988900948734,0.8772509362374793,3.124359058318225,0.0001,1.6787146512925262
2251,1.685259296613581,0.7617754947099434,0.043945868407011514,0.8795379363529339,3.037560925280588,0.0001,1.6782887851369792
2252,1.6875344123124594,0.7616192887085689,0.043896932872749005,0.8820181912752001,3.018752334084037,0.0001,1.679102925149229
2253,1.6818670087605412,0.761544702865531,0.044037142825175006,0.8762851608936008,3.0242054225465105,0.0001,1.6794569877533594
2254,1.6874658890960184,0.7610512859439269,0.043819326416232283,0.8825952797281814,3.011243664952369,0.0001,1.6798762510320961
2255,1.6800385690605906,0.7615553635129096,0.044128089840948945,0.8743551140141052,3.0427248260312343,0.0001,1.6793740890572568
2256,1.6983077203284414,0.7619787629912881,0.044278878711058206,0.8920500776588796,3.0538222920338476,0.0001,1.6822839249945556
2257,1.7040074282679065,0.7612727765621085,0.04370067279188918,0.8990339810901433,3.048915744795035,0.0001,1.6850391814723218
2258,1.692188560720873,0.7614490948390767,0.043777372725836886,0.8869620948334737,3.075970478280321,0.0001,1.6867968660218238
2259,1.679282444969394,0.76149866256946,0.04435523552536723,0.8734285460887042,3.1284252040042837,0.0001,1.6879030888027402
2260,1.6780272730707397,0.761471483455952,0.044214422272378484,0.8723413669192525,3.0593279464733287,0.0001,1.6873978603200546
2261,1.6685255929132503,0.7614227703812156,0.04414456417787873,0.8629582582483669,3.0968085940904597,0.0001,1.6857244899500217
2262,1.6862530679296528,0.7619883038451174,0.043688530612427126,0.8805762368875875,2.989241419650962,0.0001,1.6855963555117408
2263,1.6684102035197477,0.7617885495779723,0.04408196116557711,0.8625396902674836,3.152356734865819,0.0001,1.6842506749876616
2264,1.6955080703354268,0.7615169475334895,0.04363715648651123,0.8903539670559504,3.0740435594961077,0.0001,1.6850548931116023
2265,1.697901628684804,0.7615549840017941,0.04431313288381085,0.8920335153809184,2.9623636882638835,0.0001,1.6868411990740237
2266,1.6735456319899877,0.7610487393868622,0.04424960980792558,0.8682472795912992,2.9644499294172677,0.0001,1.6843649902401783
2267,1.676230412346838,0.7616443752517081,0.04422770697495033,0.8703583299690522,3.1733627594992306,0.0001,1.6815872886480712
2268,1.693865671481854,0.7616800723888327,0.043841531987606146,0.8883440691607477,3.0346452899685255,0.0001,1.6817549997241694
2269,1.6908256698089972,0.7606343788984581,0.044038933624360434,0.8861523572257276,3.0426055732169934,0.0001,1.6829093222081297
2270,1.6776173859532417,0.7615117965073421,0.043610721524298554,0.8724948703849775,3.0534818646390347,0.0001,1.6828683334963799
2271,1.6835561698155277,0.7613252362663315,0.04394078859209289,0.8782901442921428,3.0469158317206113,0.0001,1.6843713911866078
2272,1.7002929417646924,0.7619888205799079,0.04395148792808486,0.894352633105572,3.056456273032492,0.0001,1.6857753785701117
2273,1.676422534196904,0.761478028843901,0.044021889113993,0.8709226155740494,3.065958656355527,0.0001,1.6865766116378271
2274,1.6902868984678938,0.7612574480126402,0.04434144279294275,0.884688006725321,3.014047981517552,0.0001,1.6860544944510738
2275,1.7024223447813223,0.7617134992297716,0.0438996350305801,0.8968092115486369,3.1328122110444196,0.0001,1.6865065660607261
2276,1.6851649977130774,0.760956244342951,0.043789563991476994,0.8804191879731647,3.041318883760464,0.0001,1.6876685026330347
2277,1.7007656388785728,0.7614256243918537,0.04347670368442187,0.8958633147467222,3.1245226166069386,0.0001,1.6901220252862081
2278,1.6837356202984437,0.7617923009226336,0.04350591141118481,0.8784374095665756,3.045295933680892,0.0001,1.6891090201678671
2279,1.6901789039192046,0.7618352308960038,0.04380745408984759,0.8845362197192155,3.1304599810807265,0.0001,1.6890443435788882
2280,1.702175566076507,0.76129214299378,0.04348554016368626,0.8973978838560306,3.0363740074707093,0.0001,1.6915001615912146
2281,1.7114862082696105,0.762068549106861,0.04357736952164594,0.9058402896713291,3.0423704545347974,0.0001,1.6942931654366231
2282,1.6720742277392993,0.7611609397505167,0.04382900606546151,0.8670842817873065,3.0355212047665887,0.0001,1.6914712940340835
2283,1.6973520777288362,0.7618012384759002,0.043366930305836895,0.8921839084937171,3.106661550655326,0.0001,1.6935642483872768
2284,1.6614852484776572,0.7611997172266668,0.04368041615940736,0.8566051153333869,3.012899737087273,0.0001,1.6906840833882533
2285,1.6814393132743681,0.7615507717790275,0.04397830179690348,0.8759102432499309,3.057842256089495,0.0001,1.6885857802375575
2286,1.6723099360601414,0.7608539641024374,0.043925615159783354,0.8675303547728134,3.113753067310635,0.0001,1.687300274072264
2287,1.683123028665237,0.7615084142762314,0.04367638794935741,0.8779382236286786,3.020750912401304,0.0001,1.6855360130509305
2288,1.7077352240167816,0.7610091394149749,0.043996899896896396,0.9027291844026554,2.9656051515807484,0.0001,1.6879359734227646
2289,1.703274461850675,0.7619690920469969,0.04380871050256261,0.8974966563994696,3.0242329141914723,0.0001,1.6892455292159112
2290,1.6756283712193643,0.7615968918703633,0.04409771686151594,0.8699337642405628,2.978676300987027,0.0001,1.6865908097301971
2291,1.6781237502610709,0.7611737869090531,0.04402315181360767,0.8729268119313413,3.058487299006077,0.0001,1.6832545639293433
2292,1.6884314415421011,0.761631871575516,0.04396598116621284,0.8828335883167646,3.0502043227394986,0.0001,1.6848902853096235
2293,1.694563226936797,0.7609919652977531,0.04338790364487902,0.8901833556819155,2.9794785492802247,0.0001,1.6846114002304193
2294,1.7062094487234738,0.7612973959402428,0.04394814813354678,0.9009639059796053,2.996190044991143,0.0001,1.6890838202550011
2295,1.6850025731216338,0.7608408960560998,0.04412279385340383,0.8800388811870231,2.987137591621213,0.0001,1.6894401462397277
2296,1.6632728678217765,0.7614332118334199,0.044325991769833206,0.8575136629792788,3.056251054603236,0.0001,1.6885364394158913
2297,1.6822075439998634,0.7609789853889125,0.04416981405950705,0.8770587484807562,3.035256894316683,0.0001,1.6884448909493535
2298,1.7021489310216227,0.7613570606732707,0.04396605346555884,0.8968258136486669,3.0887914951626234,0.0001,1.687886261649838
2299,1.6968361834483505,0.7619544550564903,0.04400177321134184,0.8908799536087934,3.1299368924108046,0.0001,1.6872424338096053
2300,1.6686734292376597,0.7610841540971102,0.04375737458165229,0.8638318967429305,3.1470483050626865,0.0001,1.686546939611435
2301,1.6867625002445121,0.7606230789217455,0.04428578341950268,0.8818536343971082,2.990088565596219,0.0001,1.687410814609779
2302,1.7098255939706102,0.7621544719225978,0.0438706785379994,0.9038004445376793,3.0540862160812283,0.0001,1.68955022985263
2303,1.694903787081914,0.7612536203788696,0.04381037242030517,0.8898397928016907,3.0153926639963116,0.0001,1.6895842858671415
2304,1.6883984986715337,0.7615356107996153,0.044063245790725306,0.8827996437133688,3.037306402324421,0.0001,1.6878031908619477
2305,1.6668476893984039,0.7611738046816348,0.04365377058605635,0.86202011742529,3.088107379890117,0.0001,1.6859877024896246
2306,1.6808688657520752,0.7616683357143983,0.044051539341769884,0.875148987673359,3.0897602425627486,0.0001,1.6877473022826546
2307,1.6896391504918344,0.7613791147545433,0.044157714921127224,0.8841023240502901,3.0873099311611956,0.0001,1.6884904629318516
2308,1.6915871573510084,0.7610008208795204,0.044162185148583465,0.8864241496605032,3.087708233819772,0.0001,1.68743428556479
2309,1.6870141395690716,0.7609824628907333,0.04441537745825901,0.8816162987666971,3.0579440762982166,0.0001,1.6864520811768624
2310,1.687545203292104,0.7611472034792871,0.0438668256357282,0.882531173164535,2.9500071966140315,0.0001,1.6883392585823067
2311,1.6713153480516245,0.7610245226121094,0.04388979917607491,0.8664010236942744,3.048497912608102,0.0001,1.686794543363018
2312,1.6775542052715835,0.7605975861481672,0.044226751849810925,0.8727298669260124,3.0251271274945797,0.0001,1.6835674044931153
2313,1.6899415930434607,0.7613128012624281,0.04401264543707424,0.8846161433516361,2.99061699909806,0.0001,1.6830711850892701
2314,1.682078531499325,0.7607538749673546,0.04387719732752678,0.877447458660385,3.0989515815255126,0.0001,1.682439188372049
2315,1.6858259495083265,0.7611712645323716,0.04374243642447203,0.8809122511206485,2.9994928437846187,0.0001,1.6843370143830412
2316,1.6909621053244956,0.7608778072902688,0.043733359592197873,0.8863509375050392,3.085370780004691,0.0001,1.6853463383402834
2317,1.660665133178355,0.7613403190222038,0.04365432866930236,0.8556704854868489,3.0664632450978124,0.0001,1.6824489366089357
2318,1.7026685300995321,0.7608825295982206,0.04393359033379545,0.8978524155778769,3.005092611177456,0.0001,1.683557073883788
2319,1.685694077193858,0.7618550410377085,0.04348975045202228,0.8803492883186311,3.189765852798555,0.0001,1.6834250676462663
2320,1.6931650894892385,0.7609196449148243,0.04381891970218558,0.8884265232400527,3.01966348768006,0.0001,1.68398705626598
2321,1.6907101636242432,0.7609460092703179,0.04347929122723624,0.8862848592880531,3.118631919547462,0.0001,1.6859265378232418
2322,1.6637688609214147,0.7614975432595181,0.04310802320437789,0.8591632937925583,3.090865340967933,0.0001,1.684548003388225
2323,1.6888588018881623,0.7610146319890361,0.043610535335347325,0.8842336320852895,3.048667848472905,0.0001,1.6844397242726952
2324,1.6973696091112211,0.7606707469203168,0.0436278185060977,0.8930710392567739,2.935858761321217,0.0001,1.6859688320338848
2325,1.6801886488409603,0.7614929214210587,0.04352673144659696,0.8751689949758638,3.1760917701295615,0.0001,1.685405101967148
2326,1.70000802551757,0.7614386788971768,0.04388636628706122,0.8946829846858011,3.0690629114727463,0.0001,1.6863096939864555
2327,1.7104013982941122,0.7610306504048392,0.043461696613149275,0.905909052424692,3.022602142233394,0.0001,1.6912833204980313
2328,1.688035517266024,0.7616442953355413,0.04366751084704912,0.8827237134410209,3.0369203944235252,0.0001,1.6898200192146806
2329,1.7058869460049797,0.7612804109136183,0.043698074851510005,0.9009084639122472,3.006031578501146,0.0001,1.6918393060957926
2330,1.6638796160235607,0.7617943048718977,0.04327668790643162,0.8588086197239632,3.083162953839099,0.0001,1.6889107587492247
2331,1.675208951590269,0.7613525956445969,0.043686503087289434,0.8701698507425993,3.1028330425219894,0.0001,1.6873606375458272
2332,1.6718289572858906,0.7611614098171675,0.04381907348942322,0.866848474614035,3.1719956339977333,0.0001,1.6881666471822752
2333,1.6872586552318163,0.7613692189326876,0.044068824205147086,0.8818206078246327,2.9684138172296675,0.0001,1.6880066325166403
2334,1.6880870292201244,0.76109389371369,0.0437323079873292,0.8832608268541449,3.0946363723302226,0.0001,1.6870783745275308
2335,1.6766545553720023,0.7613868891104724,0.04411669120827263,0.871150974660326,3.122055232162166,0.0001,1.686724965180635
2336,1.6867493116589638,0.7609962211661117,0.04408075915872446,0.8816723296112753,3.111936037487239,0.0001,1.6853990937947743
2337,1.716202585257091,0.7610740302542403,0.04379670856932356,0.911331848428409,3.024243436043451,0.0001,1.6859792124910722
2338,1.6998973042679606,0.7612311361285784,0.04351843805874095,0.8951477308060528,3.0877128568672507,0.0001,1.6871653911912659
2339,1.6966120940434763,0.7611202755999613,0.04374178959921939,0.8917500275294873,3.051107748043223,0.0001,1.6862379059951156
2340,1.6778124573264597,0.7617364581409864,0.043794501383938124,0.8722814954741731,3.269994680102892,0.0001,1.6876311901254055
2341,1.6966240296015633,0.7612877933055344,0.04396400248544937,0.8913722307880316,3.0806971580455076,0.0001,1.6897726979265346
2342,1.676459944030576,0.7615977244009594,0.04423861450404231,0.8706236037352022,3.0379205995350773,0.0001,1.6902357966010038
2343,1.6845791403952284,0.761069591823988,0.044048768995257954,0.879460783308829,2.962667161746151,0.0001,1.6899678451173448
2344,1.6821359648665841,0.7608119170757627,0.04391791975280576,0.8774061262849379,3.165629783701945,0.0001,1.6893727386819908
2345,1.6927115178495102,0.7613983854318971,0.043587130900570634,0.8877260005951653,3.0915738044355754,0.0001,1.6909784349297414
2346,1.6688339428534131,0.7616168370595084,0.04401058478481146,0.8632065216740537,3.108570553226355,0.0001,1.6891868980491864
2347,1.7080865542255115,0.761013040194405,0.043874214435445855,0.9031992944573292,3.063394846829149,0.0001,1.688375294946028
2348,1.6672825018967867,0.7610818642148139,0.0436334421378362,0.8625671951512053,3.0878257183225837,0.0001,1.6851138147089109
2349,1.6829046061749875,0.7617050571325584,0.043549410711679205,0.8776501395246562,3.037594132442745,0.0001,1.6837430659220622
2350,1.679125793807163,0.7617910841657473,0.044102735983672536,0.873231969275049,3.1273243584449104,0.0001,1.6838743995701324
2351,1.690142411368372,0.760759048964866,0.04437083017995343,0.88501253364415,3.0142881183546892,0.0001,1.6832262377468132
2352,1.6840735676322458,0.762131478312533,0.04405152870240125,0.8778905611613701,3.156705482252713,0.0001,1.68398760010698
2353,1.6991203268933248,0.7611936334422346,0.04367164424176632,0.8942550456729429,3.014616421947131,0.0001,1.68544171875679
2354,1.6846743881339716,0.7617055145045081,0.04411379778360982,0.8788550737149575,3.1473179695330575,0.0001,1.6856955610835285
2355,1.6591735432646095,0.7610936723422811,0.043781115123756514,0.8542987574760861,3.0538737394263245,0.0001,1.6823417636250386
2356,1.6735228503209825,0.7608181290162263,0.043618761743541665,0.8690859644728548,3.063437738476612,0.0001,1.6828106543717953
2357,1.674056672421237,0.7616446934655521,0.04344734265402896,0.8689646307703931,3.118360459925437,0.0001,1.6794076661913677
2358,1.6785757643214103,0.7611053816928824,0.04372811051459632,0.8737422757712145,3.092306303204194,0.0001,1.6805369924338305
2359,1.6927615282018094,0.7610830754102123,0.044142264623429184,0.8875361888180157,3.0009160745458234,0.0001,1.6815226846365126
2360,1.6735874061410374,0.7612517600610822,0.04396427306393823,0.8683713716105322,3.033012971191329,0.0001,1.6809688458699004
2361,1.6878997239815052,0.7608723550974477,0.04402618645170881,0.8830011857420388,3.0156261674289047,0.0001,1.6807445771312133
2362,1.660131233942678,0.7603195350745628,0.04376470172139259,0.8560469975094283,3.131578303253917,0.0001,1.6783503437622567
2363,1.688700628812608,0.7612945314111381,0.04403356848091915,0.8833725301900209,2.9898301140531807,0.0001,1.677308373954185
2364,1.698586239292462,0.7607578695666718,0.043660249961559,0.8941681199758096,2.9390987213436537,0.0001,1.678699559070034
2365,1.6907657586778637,0.7615652453101431,0.043398655935910364,0.8858018554369286,3.042398996333805,0.0001,1.6818587806113594
2366,1.6904244859368516,0.7610263033764357,0.04408526057887512,0.8853129183167013,3.106103986320341,0.0001,1.683548944172946
2367,1.7065578586673156,0.7614982427980063,0.04381187450571428,0.9012477369506751,3.0202768547781584,0.0001,1.686799062797554
2368,1.688922746186324,0.7610379238641286,0.043671103326592436,0.8842137223204057,3.0847421011624907,0.0001,1.6878337609840455
2369,1.699413488651144,0.7605693710261378,0.04377002527457464,0.8950740942244114,3.082493255636513,0.0001,1.688498957028979
2370,1.6768012195523323,0.760637438442354,0.0439381522049043,0.8722256305977006,3.0717117825096083,0.0001,1.6888203383701086
2371,1.6942080165019626,0.7611170756889405,0.04329283169752202,0.8897981091759509,3.0624041564566125,0.0001,1.689451167622154
2372,1.6859958069077854,0.7605464980761855,0.04363665571077358,0.8818126530906008,2.985192903156938,0.0001,1.6920376249186648
2373,1.6802796028690454,0.7605589364653427,0.04345094674015625,0.8762697191194878,3.0677749278821036,0.0001,1.6911955223243087
2374,1.6851912837241292,0.7611611110685321,0.044225913274118914,0.8798042559508862,3.050402808382835,0.0001,1.6898560267674754
2375,1.6827786217838465,0.7613613084412008,0.04366938531036067,0.877747926007178,3.0810013581482925,0.0001,1.6890573130780737
2376,1.6715976452005321,0.7615528121197683,0.043812520847359246,0.866232311855586,3.056132101383944,0.0001,1.6871746290044416
2377,1.685645385156055,0.7615366225068516,0.04317420660603119,0.8809345533228791,3.053385405463089,0.0001,1.6850833816533157
2378,1.6751138983827092,0.7609023003259004,0.04310619903626355,0.871105403146323,3.0599092378094035,0.0001,1.6837024968729544
2379,1.6722197160275907,0.7605361591488062,0.043657863115925816,0.8680256933548146,3.073178499513901,0.0001,1.6809831196105989
2380,1.6903847654257536,0.7608127255468775,0.043719825831678286,0.8858522116140468,3.0941639434976946,0.0001,1.6823414741979412
2381,1.6930789960808976,0.7611741293032803,0.04415776763436277,0.8877471001104699,3.02395501968585,0.0001,1.6822285721558345
2382,1.6955682849303704,0.7604677238280585,0.04411611523154299,0.8909844452360339,3.057087599868465,0.0001,1.683185819958093
2383,1.7138972963087458,0.7611743079963127,0.04354784213021609,0.9091751451998888,3.157503632212749,0.0001,1.686547589302063
2384,1.6810213199251804,0.761452766872081,0.04360970860804312,0.8759588492811331,3.064795060283514,0.0001,1.6861305929221682
2385,1.6817125552324446,0.76092497499671,0.04344572377736863,0.8773418551133322,3.0695639851127146,0.0001,1.686023986267028
2386,1.6699438726200777,0.7608056261863476,0.04379532811124233,0.8653429209823299,3.0902626947263676,0.0001,1.6858586090089827
2387,1.6690479554462627,0.7611067412349322,0.04385106292747822,0.8640901518127981,3.0205099391647092,0.0001,1.6841988660380032
2388,1.6865584411437322,0.7611752145188817,0.04323402597261007,0.8821492021937399,3.129910714486066,0.0001,1.6853433203141055
2389,1.696103104229631,0.7611997466058325,0.04359175032099168,0.8913116045976266,3.046505723715312,0.0001,1.6877316591343097
2390,1.6707251429799603,0.76207990058779,0.04376114938128551,0.8648840894745039,2.9943248688811948,0.0001,1.6857656968897305
2391,1.6966844201087952,0.7611003336751678,0.04405300805825007,0.8915310760782408,3.089155736124298,0.0001,1.6861262392925203
2392,1.680324387236009,0.7612003981462598,0.043895644058320395,0.8752283456661638,3.0940848015868396,0.0001,1.6846018495230837
2393,1.6812445117542274,0.7611259003198171,0.04408227865400953,0.8760363335058123,3.025115304496177,0.0001,1.6813365710676318
2394,1.6650344201082148,0.7615024596150458,0.044154699627332705,0.8593772611680911,3.1764039874802257,0.0001,1.6797378810859356
2395,1.6700182448294294,0.7604938942568781,0.044029175147081726,0.8654951793547818,3.092877989608424,0.0001,1.6785684500456342
2396,1.7078215504031153,0.76095896971395,0.044205005947523135,0.9026575736081867,3.0772912519215088,0.0001,1.6823562178239375
2397,1.7020634279773394,0.7611542657229287,0.04329853657534834,0.8976106251350039,3.059589921340014,0.0001,1.6856577650770455
2398,1.6887222278190674,0.7607990205892443,0.04360749948822702,0.8843157042958916,3.1157978993158553,0.0001,1.685874143744579
2399,1.6594845873830768,0.761479218760562,0.04354126724219951,0.8544641010931733,2.9981881428441945,0.0001,1.6822122920599234
2400,1.6748016112716397,0.760988501336947,0.043851331087928755,0.8699617771541371,3.0008321790134205,0.0001,1.6826199388890912
2401,1.6653447833070891,0.7612246472018244,0.04370662624405557,0.8604135091660231,2.9597609913615135,0.0001,1.6794859752089208
2402,1.711770120547219,0.76127694114952,0.04362039561203963,0.9068727799167982,3.0455594962315433,0.0001,1.682630548540042
2403,1.6795899481125343,0.7607993322743847,0.044089756195733805,0.8747008583276074,3.0494922353578144,0.0001,1.6824650921758724
2404,1.697257733490114,0.7616931712651591,0.04405526723145955,0.8915092936031234,3.026647014985462,0.0001,1.6856874235140622
2405,1.6789849549229683,0.7609925822602325,0.04353821108355725,0.8744541609897817,3.0464047623938044,0.0001,1.686584094523416
2406,1.696187539468189,0.7607381877019004,0.043684910083639214,0.8917644426498645,3.0644209060901075,0.0001,1.6854206934299238
2407,1.705496716209164,0.7608722623656777,0.04390299997271679,0.9007214550797886,3.1525288733217343,0.0001,1.685764022253106
2408,1.6906873796581012,0.7613106524726682,0.04337218325229977,0.8860045457617748,3.0936835387657426,0.0001,1.6859605374370097
2409,1.6977985880921385,0.7613388418425895,0.04295209189215732,0.8935076540853624,2.9807174819961766,0.0001,1.6897919375079156
2410,1.6745033324611114,0.7611674908208557,0.04409496779374129,0.8692408729095246,3.1673714493157656,0.0001,1.689762109626863
2411,1.6984855693445728,0.7605469781776955,0.043782347597892096,0.8941562445664261,3.0427185550906355,0.0001,1.6930761882306111
2412,1.6763507828992956,0.7609181593929778,0.04399392740238027,0.8714386989451325,3.051893742524586,0.0001,1.6895342544658187
2413,1.692291013972029,0.7607354999313973,0.0436458304736,0.8879096829322966,3.1025364159570503,0.0001,1.6908043610517685
2414,1.660741618632303,0.7603936150639826,0.04413219567002921,0.8562158058731841,3.02674836561114,0.0001,1.6871527495659873
2415,1.6921551354516593,0.7605461717619132,0.04406211511600332,0.8875468499112201,3.0403360031681177,0.0001,1.6884697676188563
2416,1.6749443645167785,0.761050450148979,0.04371607666325134,0.870177836676882,3.054470825146952,0.0001,1.6863454501237154
2417,1.6558236092873084,0.7610414026958705,0.04376165136604232,0.8510205539861508,3.0514471139192096,0.0001,1.68137813943153
2418,1.6931167093783799,0.7616786272482262,0.04379178882854222,0.8876462933469496,3.0401089556560557,0.0001,1.6816210724035578
2419,1.6943233025243267,0.7606444607883631,0.04429857677668635,0.8893802629341702,3.1187148374669693,0.0001,1.6812735438467765
2420,1.6845739737727337,0.7611220919094511,0.043984502130783115,0.879467378538593,2.986431286736386,0.0001,1.6822806079779387
2421,1.6946258764963362,0.7609105719514115,0.04411811204759393,0.8895971957012315,2.9790007536116283,0.0001,1.6818946386931153
2422,1.6835104046922185,0.7607249292350444,0.04396053284225309,0.8788249427358229,3.0005245107182623,0.0001,1.682610600872407
2423,1.6911565736389547,0.7613777139849401,0.04387684622836161,0.8859020146648976,3.109736911181746,0.0001,1.6824971568391
2424,1.6499143844927542,0.7614870187476973,0.04394890183609349,0.8444784596471709,3.0479654458183303,0.0001,1.6814144334251448
2425,1.6853854136341242,0.7607737420538618,0.043551191596907485,0.8810604808296684,2.997851072170188,0.0001,1.6807374612433914
2426,1.7225495306038228,0.7610676797601804,0.043352820326783836,0.918129034264818,3.0292996518752155,0.0001,1.685497977852096
2427,1.7092185660017916,0.7611108325557825,0.04359231324031435,0.9045154200545673,3.028699721090692,0.0001,1.6908374735235445
2428,1.6781719568776794,0.7614694384000364,0.04361191264997873,0.8730906005079799,3.0489579714819577,0.0001,1.689342998273474
2429,1.6963716449166892,0.7609925238646068,0.043430869284314506,0.8919482542764826,3.112872526563447,0.0001,1.6895478325127105
2430,1.7041017497770685,0.7605305094022538,0.04356190761736392,0.9000093320924902,3.053429927351992,0.0001,1.691500610113144
2431,1.6965548362257998,0.7604260934293875,0.04365145652337683,0.8924772842177029,2.988754653785582,0.0001,1.69169350608609
2432,1.6791357508053886,0.7607142452535958,0.04375701550296064,0.8746644868751569,3.03115377585738,0.0001,1.6912560406974073
2433,1.6768147735034717,0.7607245215537823,0.04362812027728098,0.8724621320048888,3.074477428113229,0.0001,1.689821860683859
2434,1.6887611446951272,0.7603158091193039,0.043829982227534356,0.8846153515347602,3.12561014022595,0.0001,1.6937065367040962
2435,1.6764182386727169,0.7614470048076483,0.043853417855005475,0.8711178141360835,3.1092903534248926,0.0001,1.6928098192079553
2436,1.6937495964535836,0.7606945991757917,0.043651103489781004,0.8894038895564437,3.0680460859747494,0.0001,1.6899298257929316
2437,1.7010120339616075,0.7616076126059944,0.04355081849359354,0.8958535980863939,3.142507588645749,0.0001,1.6891091725889134
2438,1.6708776427330885,0.76077362901057,0.04382705470853113,0.8662769604648103,3.0228168018933,0.0001,1.688379741174454
2439,1.6732653190833318,0.7605671073795574,0.043985138558470936,0.8687130701983192,3.1680622405502907,0.0001,1.6860691085911186
2440,1.683854004553317,0.7603419236914382,0.043717224506045455,0.8797948579880094,3.0282983438963824,0.0001,1.6840443340687432
2441,1.6814690100493828,0.7616673793802397,0.04408365137436811,0.8757179778137265,3.032887966831122,0.0001,1.6825357514511015
2442,1.6892462979707465,0.7609490128366265,0.04361788181939425,0.8846793976323358,3.0649580430791055,0.0001,1.6835468061676373
2443,1.667370403393287,0.7604075400631036,0.043609118606691186,0.86335374427011,3.110080194763431,0.0001,1.6826023691566188
2444,1.6849999814681542,0.761485619549819,0.04368077693072584,0.8798335850782859,3.0399705718061747,0.0001,1.6822262528339216
2445,1.6756704490760277,0.7614532044161164,0.04348988924742229,0.870727355760082,3.0994845413532994,0.0001,1.6821514738742525
2446,1.688454117059224,0.7611911930370524,0.04365364968413997,0.8836092739451004,3.244203176991693,0.0001,1.6816219259348166
2447,1.696502733303132,0.7601519260880429,0.04363270221810796,0.8927181030323249,3.0049775674425323,0.0001,1.681170995868969
2448,1.7168650870149083,0.7605184320262189,0.04379331485253077,0.9125533370531597,2.9276327044678507,0.0001,1.685769740297151
2449,1.6995829696829372,0.7615519000357112,0.04331390369252791,0.8947171651386102,3.0909345790774054,0.0001,1.6884015053571115
2450,1.6905345370271385,0.7605578866740027,0.04339203776500772,0.8865846105327955,2.9989232129547707,0.0001,1.6890695586044937
2451,1.6791035344344365,0.7610995739275254,0.04357537173837967,0.8744285907180749,3.095637829260217,0.0001,1.688833011042999
2452,1.6696176796123898,0.761399667959426,0.04385560037639997,0.8643624119264117,3.0578296873680717,0.0001,1.6868701492071634
2453,1.701314980795127,0.761598862934306,0.04397672813755987,0.8957393902975453,3.0743731618169354,0.0001,1.6902646069473477
2454,1.7019570915984334,0.7608202283571023,0.04353843402669106,0.8975984283381011,3.0339643447442666,0.0001,1.6919603179603755
2455,1.6979038601714747,0.7605193647845038,0.0433063284620552,0.8940781665017591,3.137421940935069,0.0001,1.69418365906992
2456,1.6898691784779392,0.7610883519325489,0.043615977614211265,0.8851648495054631,3.064248305547068,0.0001,1.6943251652117914
2457,1.7069418678177297,0.7611116801991182,0.044237642210830784,0.901592549049951,3.0467891659262696,0.0001,1.6953690786632514
2458,1.6915087938066913,0.7613256163819566,0.04380443299276108,0.8863787433891944,3.1371861106241936,0.0001,1.6928334493424297
2459,1.6619949109897652,0.7608733734542893,0.04384450496572993,0.8572770343983874,3.1098276504880276,0.0001,1.6890746434731123
2460,1.6767791761104283,0.7608577656213942,0.04382007504089851,0.872101334601822,3.087031567314334,0.0001,1.6876991073814416
2461,1.6859407921833633,0.7612817871401324,0.04398995311458503,0.8806690570820901,3.08384001230855,0.0001,1.6883828331563344
2462,1.6777976376531574,0.7612889150335146,0.04352687870513111,0.8729818452444328,3.036925470369583,0.0001,1.689200828960411
2463,1.671062310133696,0.7609286240583502,0.04429629148866294,0.8658373933776639,3.20511434044364,0.0001,1.6861755618942678
2464,1.6957501616729442,0.7610419119347424,0.04380658141981516,0.8909016671093676,2.9644644388562527,0.0001,1.685554868901719
2465,1.6776621877300812,0.7611409909343139,0.043959539028500444,0.8725616592483153,3.0884638705553438,0.0001,1.6835307016575798
2466,1.7008594349480062,0.7606693925770495,0.04382580361550043,0.8963642374557608,3.0820190565581256,0.0001,1.6846297273045863
2467,1.6832044773846562,0.7608240345912337,0.043698998058543485,0.8786814458834472,3.0446786070450322,0.0001,1.6822559882612786
2468,1.6965750234605816,0.7605370057040247,0.04347515662349987,0.8925628559947255,3.0488925412992436,0.0001,1.6827626112266678
2469,1.7075483740947792,0.76145863847365,0.04346800551694982,0.9026217333156367,3.0505289095652275,0.0001,1.6873179575371693
2470,1.6828662968310575,0.7612044976884405,0.04338813722738146,0.8782736634869605,3.0653601152176306,0.0001,1.6879266696092323
2471,1.709376674757526,0.7606682427998247,0.043537569819792774,0.9051708598709977,3.089319914156235,0.0001,1.6902702578666484
2472,1.698368839753327,0.7609611924956826,0.04346036475763843,0.8939472833992139,3.1230825756432803,0.0001,1.6923273780766657
2473,1.6899673324569486,0.7600651683236715,0.04344618538088538,0.8864559808379496,3.112162914527599,0.0001,1.694217880308991
2474,1.6851664371712938,0.7612066343880086,0.04408065735931087,0.8798791446381118,3.118267508839497,0.0001,1.6931595078588255
2475,1.671388683406141,0.7607154172767732,0.04387916464351012,0.8667941050222389,3.154286458816296,0.0001,1.6925321574264316
2476,1.6893225497212903,0.7610261212981497,0.04387249037411827,0.8844239408297665,3.1757957093855915,0.0001,1.69137846890376
2477,1.659329226123392,0.7610818393090192,0.043993228105695927,0.8542541618823521,3.081795181512349,0.0001,1.6889909437776338
2478,1.6954849850817095,0.7610426970717873,0.043785731884335405,0.8906565553699497,3.0896011726367787,0.0001,1.6888819399397466
2479,1.6736674175784747,0.7608791015452836,0.04399863097053512,0.8687896871784396,3.0218579766716482,0.0001,1.685493844288116
2480,1.6793130040168762,0.760761057387501,0.04411184521766028,0.8744401008582109,3.0248804646138003,0.0001,1.6851385150066982
2481,1.6840222739061042,0.7609762629195594,0.04385400858176891,0.8791920039160498,3.071359603932131,0.0001,1.682603074921556
2482,1.7160042572698535,0.7613834553751452,0.04396070428117052,0.9106600936842255,3.06041985979912,0.0001,1.6843666166732085
2483,1.6827882492034478,0.7614678308881563,0.043957756934253,0.8773626626505088,2.972207326434447,0.0001,1.6836487083478584
2484,1.6934346164941305,0.760589950829442,0.043694287961685147,0.889150380090816,3.007500197776191,0.0001,1.684475526280142
2485,1.6818687505944505,0.760742612591138,0.0433607938081691,0.8777653459331085,3.034949613391265,0.0001,1.6855235329989728
2486,1.6662099338448313,0.7609198445238883,0.043974135516865014,0.8613159542876857,3.1056110092399085,0.0001,1.6832122714113271
2487,1.6815597516528007,0.7608115474786042,0.04355490376934802,0.8771933024904065,3.071573250192174,0.0001,1.6854353239642677
2488,1.6540843981032922,0.7606523545953855,0.043676647888477624,0.8497553981885949,3.014575011348144,0.0001,1.6812952652664261
2489,1.6943553948499126,0.7606304690513843,0.04320459240106733,0.8905203320977654,3.0771945710114483,0.0001,1.68336406299357
2490,1.6839331099517931,0.7606670447827353,0.044028022951818624,0.8792380400863429,3.100174106884196,0.0001,1.683826073587062
2491,1.6676305421225681,0.7603862366618298,0.043580091990998986,0.8636642114748577,3.1038554744836526,0.0001,1.682186900408708
2492,1.689280634961312,0.7609676754982428,0.04353882381446947,0.884774135920629,3.063469104302582,0.0001,1.679514538177854
2493,1.6925883553090975,0.7613660469500095,0.04315925321520946,0.8880630548718493,3.0300377979723483,0.0001,1.6804945487884186
2494,1.6682245057930085,0.7606572814693799,0.042786677759027385,0.8647805484083555,3.120972753780125,0.0001,1.677973537718307
2495,1.6876643857414293,0.7614632152156946,0.043547187809044645,0.8826539803288771,3.138239863678118,0.0001,1.6785531012330044
2496,1.6871825425184765,0.7605892297704128,0.043574114842056984,0.8830191977246538,3.021525074212111,0.0001,1.6806503621003692
2497,1.6837666547322612,0.7609487571290734,0.0437176389578148,0.8791002621666413,3.0775812291228504,0.0001,1.680871052408315
2498,1.6808478093534165,0.7607573959938653,0.04377217539425554,0.8763182358343993,3.0727343520576524,0.0001,1.6835473935333276
2499,1.7003774732411754,0.7607080117925911,0.04313360266463026,0.8965358595698165,2.9890714385688426,0.0001,1.6841496013724537
2500,1.6939430820772663,0.7607564788319277,0.0432456025729073,0.8899410023650581,2.9999979432165986,0.0001,1.685150598585001
2501,1.6843536711367826,0.7605499402746467,0.04357045804269415,0.8802332742400392,3.1230834923216104,0.0001,1.6868229114864224
2502,1.6791657585401323,0.7606803740981143,0.043637861828291394,0.8748475226137266,3.0498570237633666,0.0001,1.6858114238443047
2503,1.6919020451832012,0.7604553353713928,0.043922851341974906,0.887523859890431,2.953636742750481,0.0001,1.685742792831715
2504,1.6937934307732883,0.7599191241283687,0.043464460430957724,0.8904098449973862,3.0727820069988168,0.0001,1.6882996853297427
2505,1.6946611276262913,0.7606727492978559,0.04356918107665335,0.8904191954382534,3.038834654293486,0.0001,1.6889993595182293
2506,1.692542568907051,0.7612016699135182,0.0433810037725112,0.887959892470503,3.0113418431117616,0.0001,1.6895353621570866
2507,1.679373511557163,0.7611040185237753,0.04324698641624219,0.8750225073727826,3.0449141619413425,0.0001,1.689096047839577
2508,1.6772059074038181,0.7604515534385464,0.04367072248555584,0.8730836327340733,3.064768642972981,0.0001,1.6887318576446169
2509,1.6856449552288404,0.7613054060549088,0.043887058571434406,0.8804524878217531,3.262405176675344,0.0001,1.6872586058433836
2510,1.6870025263354937,0.7609410497528061,0.04381473963932865,0.8822467355680997,3.130658640097411,0.0001,1.6865645502692062
2511,1.6962536338860317,0.7622381407639076,0.04382707042578026,0.8901884210943934,3.1946459645915466,0.0001,1.6877545465441308
2512,1.7005828291359102,0.7608551280251865,0.044014227801355825,0.8957134752437986,3.010961518326347,0.0001,1.689896253603709
2513,1.6908531835790097,0.7617361401689464,0.043315152609324115,0.885801889183676,3.1491944833411165,0.0001,1.6897913674432896
2514,1.6909822313829077,0.7604791502681756,0.04373225551589749,0.8867708285609317,3.0787535613255375,0.0001,1.689510247504252
2515,1.6912525107604253,0.7609200002455566,0.04424559247904811,0.8860869154364294,2.9824184350986753,0.0001,1.689169385817665
2516,1.675890698031528,0.7610381484998893,0.04382086114515881,0.8710316902302342,3.012975047374594,0.0001,1.6875041987301127
2517,1.7068935351004224,0.7610343552022628,0.04394706581959135,0.9019121159676606,3.124932931354515,0.0001,1.6902562010844389
2518,1.683003066398551,0.7607894572476587,0.04385271299683298,0.8783608935546682,3.0773214222693297,0.0001,1.690835916983912
2519,1.6933586676028873,0.7609390298444891,0.043684102700641624,0.8887355308413022,3.19907475509218,0.0001,1.691607288221317
2520,1.6970440277463283,0.7609011189932755,0.043732783131860575,0.892410124374391,3.0146461413308043,0.0001,1.6926114383624
2521,1.6998883005813459,0.7603530251472039,0.043535377626244966,0.8959998983217301,3.0180058929064213,0.0001,1.6929749050319316
2522,1.6739904590359083,0.7607329048926642,0.04390024220000416,0.8693573141496999,3.0586481377270838,0.0001,1.6903156680219316
2523,1.6986417561225426,0.7605283137025505,0.0436216014877536,0.8944918442570413,3.0723988052314,0.0001,1.6910945252762848
2524,1.6963220154054266,0.7612233899427959,0.04371501925509068,0.8913836052478811,2.9525472617294435,0.0001,1.6916285036785363
2525,1.7067429148884865,0.7605038386813042,0.043573329705012015,0.9026657473787091,3.002688816062819,0.0001,1.6931775440913426
2526,1.6720481235647298,0.7609919152443597,0.043678517273908694,0.8673776940085584,3.1272790451320627,0.0001,1.6927932866446629
2527,1.675558622178393,0.7602158678472647,0.04349076675353137,0.8718519839807649,3.0347444043923586,0.0001,1.6896597953524597
2528,1.6486391421505695,0.7610519495745459,0.043845863661466214,0.8437413261640386,3.1251483082045888,0.0001,1.6862234029276617
2529,1.6885209723128267,0.7604944238072718,0.044022868661319506,0.8840036766403345,3.041348768296155,0.0001,1.6857396333986556
2530,1.6797324206234234,0.760850963195971,0.04405986706577015,0.8748215908339553,3.0548908961955723,0.0001,1.684008472686365
2531,1.6664335215067525,0.7605849639880972,0.044076210103218744,0.8617723454507804,3.093758093416086,0.0001,1.6806629947789058
2532,1.6797647257363821,0.7605350571278384,0.043954963132769295,0.875274700035188,3.0970106311066883,0.0001,1.6812404214489534
2533,1.678376503334084,0.7616405703474978,0.043879478988492704,0.8728564589701849,3.0978103249841964,0.0001,1.6792138961701073
2534,1.716718515566348,0.7605474209205132,0.043532020663634756,0.9126390720628822,2.9816018130184427,0.0001,1.6812535461861995
2535,1.703248157462532,0.7602030295145681,0.04374879513986212,0.8992963361480173,2.9483338466280613,0.0001,1.6809040704436042
2536,1.6834674888643726,0.7603369211328441,0.04391705602951514,0.8792135090875094,3.0377229935740844,0.0001,1.6820460069735685
2537,1.7020134519611847,0.7602401930710365,0.043867704834464116,0.8979055529071158,3.0124169740425404,0.0001,1.6846914899518477
2538,1.6909829089172472,0.7601801378248187,0.04382955399294654,0.8869732209381177,3.0269749679623463,0.0001,1.6889258666285152
2539,1.6990387705712,0.7605921709513326,0.04373753095011682,0.8947090693347111,3.070571198908359,0.0001,1.6899776464543528
2540,1.6920821445467022,0.7609376619602072,0.044021626998638284,0.8871228554669548,3.05897342215687,0.0001,1.6912126188466803
2541,1.6763862161075367,0.7607405238896306,0.04348030535251084,0.8721653893287719,3.0314142679829628,0.0001,1.692207888306759
2542,1.6760062789336663,0.760426391936219,0.04355686407302021,0.8720230225314959,3.10753974929059,0.0001,1.691832043626487
2543,1.6936775011900231,0.760817465627411,0.04372444984637216,0.8891355846810172,3.0604905276946557,0.0001,1.6933621434120814
2544,1.6844277973107344,0.760569122089092,0.04363875287541511,0.8802199221648744,3.149580221147131,0.0001,1.69013307158652
2545,1.6686002173239995,0.7605746087389592,0.04326559104493859,0.864760017237847,3.116972396146453,0.0001,1.6866682775726667
2546,1.6862239465268583,0.7611245939746106,0.043692633781665234,0.8814067199796015,3.027656856221553,0.0001,1.6869439233389152
2547,1.7002113434896025,0.7605391118154081,0.0431974768396807,0.8964747558924054,3.0648894546965315,0.0001,1.6867637124917572
2548,1.677704279490465,0.7610120128908215,0.04350548559463532,0.8731867812165865,3.110747761948839,0.0001,1.6854358495490789
2549,1.6990041302377263,0.7606715362889288,0.043592995368926565,0.8947395980962634,3.0279969603246415,0.0001,1.6854323855157314
2550,1.6824731022784483,0.7611596992968546,0.043713595514123384,0.8775998041124421,3.243585958925754,0.0001,1.6844714812889063
2551,1.7130675829690079,0.7607368924796702,0.04363536883077564,0.9086953206460084,3.1208803257158757,0.0001,1.6881396179750532
2552,1.6742684310396594,0.7608681704403178,0.04381970725726888,0.8695805516192202,3.1980281284808147,0.0001,1.6879658331856526
2553,1.692730940137867,0.7605407916266342,0.043514587816311914,0.8886755551334327,2.9663598414125114,0.0001,1.6878711770804364
2554,1.6728470209404132,0.7613760633110759,0.04365587113595154,0.8678150855110577,3.0426389520598716,0.0001,1.686713099443405
2555,1.6866284059946242,0.7608133043043512,0.043768882751464844,0.8820462198077907,3.108908347135625,0.0001,1.6885159183104672
2556,1.6738969875881202,0.7610909688545289,0.04368949855316967,0.8691165215103428,3.0370083655595295,0.0001,1.6872832224165932
2557,1.6872392954497502,0.7605569967149963,0.043851798494737484,0.8828304999679871,3.1132505118967795,0.0001,1.6859860176126085
2558,1.6886686778213624,0.7601701877180026,0.04381032067428496,0.8846881665576544,3.016684658145324,0.0001,1.687082457445698
2559,1.673593855049257,0.7598687591707489,0.04378217374093634,0.8699429216690769,2.9872541843514897,0.0001,1.6845414299268513
2560,1.70192690722599,0.7607335569166992,0.043658992098020974,0.8975343589669067,3.0180414329919563,0.0001,1.686486810421605
2561,1.7001860395648174,0.7612707428709731,0.04374631785959549,0.8951689787435725,3.088273534184779,0.0001,1.6851986560811862
2562,1.686261579424566,0.7603041834328286,0.04376944373635685,0.8821879528598902,3.0917050328264373,0.0001,1.6863979709196766
2563,1.6839686686562234,0.7608653662412693,0.04397117100187538,0.8791321301133831,3.054820218627883,0.0001,1.6855217437715122
2564,1.6961846842485315,0.7605974652462508,0.044133096389306244,0.8914541227943273,2.978159992012968,0.0001,1.6878555101023243
2565,1.6995955900294786,0.7600904176007903,0.04377117456819175,0.8957339978756093,3.0453782417711333,0.0001,1.6891522285058098
2566,1.685905566321909,0.7602788654834214,0.043319141888957,0.882307560430579,3.0100171578099713,0.0001,1.6903530863791887
2567,1.6875539507875579,0.7604914047655179,0.04340580438261825,0.8836567451153517,3.061942923383345,0.0001,1.6903845519129692
2568,1.6775875737168968,0.7604651448692802,0.043597040505244815,0.873525389551391,3.209266361068277,0.0001,1.6892764415025225
2569,1.693277861114448,0.7607251588277836,0.043888873551003106,0.8886638254561966,2.9962371776360284,0.0001,1.6912448421090418
2570,1.6969125142687473,0.7611404999516315,0.043478729275128906,0.892293284346801,2.9923938108989723,0.0001,1.6907434028133175
2571,1.698228623876707,0.7606068068537218,0.04357666272904278,0.8940451526617665,3.1177012231238717,0.0001,1.6905476612445063
2572,1.680673486562578,0.7600670553607825,0.04390258552094744,0.8767038474943768,3.1201361088917174,0.0001,1.6899888519583075
2573,1.6701520295704113,0.7608047200264844,0.04339364793673007,0.8659536619850153,3.080179492310143,0.0001,1.6886071880497266
2574,1.6914699060679932,0.7605284464528547,0.043690353329718476,0.8872511076455668,2.991840626840417,0.0001,1.6881357102316727
2575,1.6733869618866555,0.7609776927056225,0.043700895493219157,0.868708370891957,2.996246639661808,0.0001,1.6855148474173904
2576,1.6740558154684535,0.7611789021482332,0.04355747922197075,0.8693194337053183,3.0919688756277304,0.0001,1.6843298723320448
2577,1.675815176770363,0.7602961566336982,0.04382860733094129,0.8716904128812873,3.116720903475918,0.0001,1.6831559949303252
2578,1.6621942184034273,0.7607220986793781,0.04384250694065984,0.8576296118463996,3.096409164626023,0.0001,1.6816166593989785
2579,1.6969595285506567,0.7608229106870191,0.04411523675821857,0.892021383719923,2.9362235444070843,0.0001,1.6819848261425991
2580,1.695680035297092,0.7604062269473898,0.04377461906378941,0.8914991868225363,3.0641962101203193,0.0001,1.6818615782454338
2581,1.6913959952203546,0.7598924114544542,0.043705119564373646,0.8877984627507037,3.155176350359501,0.0001,1.6811783153797986
2582,1.689046810655033,0.7599327930572308,0.04397527102766366,0.8851387484290053,3.035400722621662,0.0001,1.682015647789044
2583,1.6598573299257073,0.7603188396467399,0.043727086233560745,0.8558114044987889,3.226653874766754,0.0001,1.6809861778245736
2584,1.667618018255756,0.7604981310227338,0.04394071822717756,0.8631791667540465,3.008227385081819,0.0001,1.6786009890433498
2585,1.6771611478217474,0.7609224898578187,0.04389980090800937,0.8723388571163704,3.0712379567763386,0.0001,1.6789784076368588
2586,1.6881851747359997,0.7607333278075676,0.04368347812134161,0.8837683681874682,3.0470065543424285,0.0001,1.6803913435636137
2587,1.6929882080511438,0.7612558783430599,0.04334805219700564,0.8883842747001087,3.0890319545660736,0.0001,1.6821086466916917
2588,1.7005088274909324,0.760328892399283,0.04326354949517859,0.8969163854302306,2.9944476338961064,0.0001,1.6859401076004423
2589,1.7044850714791862,0.7603929756137469,0.04371179286655016,0.9003803054169274,3.0791253934767377,0.0001,1.6866926618932954
2590,1.7187914668183781,0.7603768631362529,0.04360072511204841,0.9148138752603869,3.009977903133957,0.0001,1.6890038050454237
2591,1.6807198761442854,0.7607995020206754,0.043479345874902445,0.8764410313317065,3.1360519188654594,0.0001,1.6879361931378167
2592,1.6943152425980712,0.7606119202793733,0.04358656411238664,0.8901167588561592,2.9866798460846256,0.0001,1.6884630363321207
2593,1.6886818007571702,0.7595297793345809,0.043360967423321024,0.8857910543317485,3.0762318438013474,0.0001,1.691345483415267
2594,1.6922994465179908,0.7609317706516258,0.043676581634227454,0.8876910907410946,2.982538738792373,0.0001,1.6938136262414907
2595,1.7028553809887497,0.7609386166017389,0.043594429265654835,0.8983223357258655,3.0516888316698054,0.0001,1.6963830495581909
2596,1.691784864869611,0.7605074258411632,0.04365720057342405,0.8876202387799477,3.0572903066813097,0.0001,1.6967430185715517
2597,1.6815309177547633,0.7607180182397003,0.04370759539381727,0.8771052997234385,3.0845250113740654,0.0001,1.6955972895419138
2598,1.684450578737936,0.7600090951029718,0.043320794134546245,0.8811206857373458,3.006406268048238,0.0001,1.6939914646666143
2599,1.6616672414069726,0.7603143309724743,0.04372521394648368,0.8576276940246382,3.1182222276865588,0.0001,1.689709681659393
2600,1.6987933867117937,0.7602056703751275,0.04329517937093429,0.8952925365728007,3.068070390161588,0.0001,1.6877098736487344
2601,1.688978076102042,0.7612190198221265,0.043584506603573686,0.8841745504622044,3.1095650505584347,0.0001,1.68853569364451
2602,1.6837983010506774,0.7605472366659927,0.04375387350395775,0.8794971881302085,3.029775911364062,0.0001,1.6874839994897708
2603,1.697841798316151,0.7599455152031858,0.043863070905813095,0.8940332124791812,3.0431507153636783,0.0001,1.6883999992456686
2604,1.7089968408338923,0.761121481838381,0.0437293422633204,0.9041460166566271,3.0821497109066884,0.0001,1.6900697386772592
2605,1.6814984023933721,0.7610732024388187,0.043569493729009104,0.8768557098072635,3.089964752264971,0.0001,1.687934040817721
2606,1.6936425731099884,0.7602044381427958,0.043601367826635894,0.8898367649643223,2.973959920614293,0.0001,1.688119811641759
2607,1.6727359679359453,0.7607512484941231,0.04341595119685237,0.8685687699980474,3.038742342053272,0.0001,1.6872403166598773
2608,1.6930413814393792,0.7601965040754353,0.04335245109233121,0.8894924267249948,2.986130152222593,0.0001,1.6880993969300213
2609,1.685040503196252,0.7603317396394138,0.04340990755185636,0.8812988530126595,3.1479584196276402,0.0001,1.6904367231089494
2610,1.686996796310069,0.760917083365922,0.043766119900871724,0.8823135933757553,3.0722537596859265,0.0001,1.689257064068777
2611,1.685922505768511,0.7601414563447902,0.04348399261915659,0.882297056985917,3.085207154494512,0.0001,1.6889515070354235
2612,1.6713654062810823,0.7607205261081518,0.043720097135578645,0.8669247851077974,3.0604142098107636,0.0001,1.6877082175584643
2613,1.6865966629546747,0.7606655232321177,0.04366312331650368,0.882268017826651,3.066562929936887,0.0001,1.6865837040223166
2614,1.6890082263801451,0.7601770692132791,0.0435045089489548,0.8853266479156564,3.0818652741565664,0.0001,1.6845848425769419
2615,1.704541623108769,0.7603532451886917,0.043307796211320054,0.9008805824341687,3.020107775866139,0.0001,1.6868891646484818
2616,1.6884585730202541,0.7604483715419111,0.043651604507322486,0.8843585961247071,3.146998569157738,0.0001,1.686370764639508
2617,1.6681318516421753,0.7602622322813735,0.04355915298810112,0.8643104701811112,2.990999164010642,0.0001,1.6859103530101311
2618,1.693423851508398,0.7608139776071235,0.044180342923796925,0.888429530191615,3.094089845856595,0.0001,1.6859486000170332
2619,1.6920126901437014,0.7606860905825246,0.04362246496924039,0.887704132521491,3.1303911934517945,0.0001,1.6866458187117779
2620,1.6807779764065152,0.7601327086075325,0.04398039630170284,0.8766648718958785,3.118174995902102,0.0001,1.6860239367214227
2621,1.6888640684965417,0.7606778783198545,0.04377098571939836,0.8844152043363869,3.0382606158633743,0.0001,1.6863180929942256
2622,1.7306469056233915,0.7601329009624814,0.04372494046634883,0.9267890629553166,3.0427846862626606,0.0001,1.6922462429284564
2623,1.679068689051313,0.7604472444942466,0.043248017467785074,0.8753734314115246,3.046395421511745,0.0001,1.6914934455381203
2624,1.676828404831838,0.7602403872395143,0.04400702035451274,0.8725809913891808,3.055076168952075,0.0001,1.69027546338329
2625,1.7064116819635125,0.761275884345869,0.04384223853840547,0.9012935563589448,3.0396336621735207,0.0001,1.690462469268764
2626,1.6950294379046673,0.7609361205816753,0.04358794940654453,0.8905053654379583,2.998179284118977,0.0001,1.6911195557572054
2627,1.667785004113799,0.7612440613897529,0.0435312717971647,0.8630096665139614,3.2024057477289474,0.0001,1.6910848710043678
2628,1.6803564594918767,0.760763302777892,0.04358852320703967,0.8760046314969507,3.0490524120795075,0.0001,1.6897781318027156
2629,1.696919598153832,0.7603903762225447,0.043392592221196236,0.8931366248891272,3.0086095026008497,0.0001,1.6902688226037288
2630,1.69745838871834,0.7596732034644539,0.04353093617344483,0.8942542480981133,3.0036497582770263,0.0001,1.6919368638349108
2631,1.7124066161819211,0.7609516267360587,0.04377740875460797,0.9076775792706568,3.0203863641069577,0.0001,1.6942911186034493
2632,1.7022424835945964,0.760388859024396,0.04315486810270236,0.8986987583414778,3.063255363013633,0.0001,1.6914506764005697
2633,1.6849799920289077,0.7604062774843908,0.04368526166641205,0.8808884546160698,3.0954616567909596,0.0001,1.6920418066983292
2634,1.7017764426148203,0.7617173169495851,0.04313554676744565,0.8969235773260646,3.2320281830569066,0.0001,1.6945366104766273
2635,1.6966131646299458,0.7605789618124584,0.04348509862988764,0.8925491036888794,3.0256893755698058,0.0001,1.6935567587432707
2636,1.6884290065775054,0.7605792494381175,0.04346930376172791,0.8843804489345144,3.0808066398086704,0.0001,1.6928967156105545
2637,1.692059842495599,0.7598673170526903,0.04354597709725401,0.88864654694017,3.1861078959207747,0.0001,1.6953241994487347
2638,1.66935626089452,0.7606261712300608,0.0429726877754165,0.8657573969169514,3.108452050971211,0.0001,1.6942241795889987
2639,1.6646085548352518,0.7609198601202355,0.04313362176713305,0.8605550691810329,3.1331988839058558,0.0001,1.690993075257141
2640,1.7029460292558882,0.7606384894427132,0.043205413083275725,0.8991021220449502,3.064138852316758,0.0001,1.6915418393108954
2641,1.6699652421546998,0.7601667090071625,0.04343130332219432,0.8663672309587983,3.0753416838558887,0.0001,1.6872977019081734
2642,1.6691092737548008,0.7600929029814854,0.04313501721705191,0.8658813553244541,3.1801827391552875,0.0001,1.6839843809241941
2643,1.6801033000675225,0.7603828969881936,0.04312088595926157,0.8765995202635172,3.0593794294109693,0.0001,1.6834967117280555
2644,1.6860285076118144,0.7602147987116181,0.043657844497030696,0.8821558652343663,3.052315821754038,0.0001,1.6819219182277547
2645,1.6858487979151897,0.7612149064971274,0.04300596167543114,0.8816279296217293,3.1042744869150933,0.0001,1.680845481556279
2646,1.6941701674316283,0.7603317169098535,0.043711710411443186,0.8901267394151455,3.0982184371406603,0.0001,1.6814195976416915
2647,1.693106919224799,0.7608892668575109,0.04354604238428886,0.8886716087890929,3.063695963449459,0.0001,1.6815243053146116
2648,1.6853051253312983,0.7609181271121661,0.04331404079530109,0.8810729557916552,3.0720869080290107,0.0001,1.6831191917582893
2649,1.6913779921995942,0.7601940547235113,0.04346511620295217,0.8877188227239535,3.0966705661758205,0.0001,1.6857961354947235
2650,1.6837267603642074,0.7612351459615371,0.04326923696312895,0.8792223726034648,3.09572460733611,0.0001,1.6838742086055558
2651,1.6983476101022221,0.7602395186801469,0.04357729093540029,0.8945308028858223,3.018540788132085,0.0001,1.6867124454003075
2652,1.7190689916059405,0.7602784014618663,0.04363782604132414,0.9151527668381559,2.902714377968113,0.0001,1.6917084171854218
2653,1.6857088110267995,0.7600070853504157,0.0434844119070026,0.8822173165652379,2.9759921053118443,0.0001,1.6922689682813492
2654,1.6962142285662296,0.7603007343429581,0.04362749086190431,0.8922860036485094,3.0686137746362125,0.0001,1.6932875403767909
2655,1.6871192678960294,0.7600970398823581,0.043385433376923535,0.8836367948936642,3.0764920426188813,0.0001,1.6934145873748747
2656,1.663487347458729,0.7603298089567111,0.04360862967934134,0.8595489046213352,3.1134305217928624,0.0001,1.6903463053775851
2657,1.6889649617502704,0.7606497316283096,0.044067806452814995,0.8842474230344107,3.072859996714408,0.0001,1.689932109630132
2658,1.715003928717445,0.7601331609016017,0.04380552788051582,0.9110652389076612,2.974190553593587,0.0001,1.6929019899687467
2659,1.7037220935792516,0.7602680304954792,0.043607103655352794,0.8998469633275065,3.1633486232699535,0.0001,1.6941364001067125
2660,1.677411458434246,0.7603388738196956,0.04347987276545403,0.8735927089625634,3.134790911877615,0.0001,1.6935048699137163
2661,1.679341448489841,0.761072755343532,0.04363681554310704,0.8746318752456147,3.1531878847621275,0.0001,1.691604253752478
2662,1.6822750807775686,0.7595874250056052,0.043740981007202646,0.878946671802664,3.135158550666747,0.0001,1.6879248626696413
2663,1.6738593879384396,0.7607733544423179,0.04389143812245336,0.869194596718702,3.0444086364510095,0.0001,1.686739920360805
2664,1.6947097185900921,0.7608510433539416,0.0438118495999195,0.8900468277520147,3.0204853024976006,0.0001,1.686589469363191
2665,1.6873629761757765,0.7605624269036686,0.043683892573110956,0.8831166572430554,3.1090512019383736,0.0001,1.686613840191166
2666,1.6658733106288175,0.7602016327347282,0.04438678222060445,0.8612848965500238,3.0563329105203096,0.0001,1.6868524365081747
2667,1.6734334983641912,0.7606117195821921,0.04408123357784434,0.8687405498739914,3.1129273729924014,0.0001,1.6852992901695667
2668,1.711581237538591,0.7605756063006712,0.043555065294308304,0.9074505687999194,3.0150494128163396,0.0001,1.6849570210516815
2669,1.6907484431053996,0.7599764136223474,0.04368054068838123,0.8870914928146598,3.0445595554115807,0.0001,1.6836596560042962
2670,1.6986934154560793,0.7603704761298142,0.04390327417826314,0.894419663576277,2.9839494753077354,0.0001,1.6857878517064797
2671,1.6880533654114296,0.7605233533387252,0.04362887204539703,0.8839011421128654,3.071026022971039,0.0001,1.6866590433986386
2672,1.6862216192858699,0.7605231120185001,0.04361505198913946,0.8820834491122325,3.067992099883832,0.0001,1.6870536972494687
2673,1.7065601549574134,0.7600570069607083,0.0438709583050339,0.9026321921550478,2.963331331587708,0.0001,1.690323773951366
2674,1.6747222519791392,0.7603315973378582,0.043605847242637774,0.8707848095295395,3.1065587794321305,0.0001,1.6883250272902708
2675,1.702273629137275,0.7604707747879184,0.04321617915712554,0.8985866769150836,3.0470202455172433,0.0001,1.6898160925864203
2676,1.667945917068582,0.760468704826208,0.04375589159874597,0.8637213179384478,3.005658509039734,0.0001,1.6900233532303972
2677,1.6935707330703735,0.7602249381508354,0.04398140220564713,0.8893643932277242,3.014926911367606,0.0001,1.6920370767010156
2678,1.68270705292723,0.7614743543928584,0.0433258475928471,0.8779068467855212,3.0769900465591924,0.0001,1.6891496582398795
2679,1.6936255275115037,0.7606359763754792,0.04376661874217871,0.8892229295828763,2.967121392186225,0.0001,1.6894373666804896
2680,1.671532125187694,0.7606849946066525,0.04363255955384663,0.8672145670223188,3.0737905429778185,0.0001,1.6867212376536511
2681,1.70013706522104,0.7604380258440246,0.04347112768803842,0.89622791109958,3.0158383415872136,0.0001,1.6879296076346122
2682,1.6909228059147725,0.7605345736410748,0.043606145386763565,0.8867820864637773,3.0563519266991297,0.0001,1.6883997262975026
2683,1.6652982273643446,0.7606331860801511,0.04359179021862409,0.8610732528488728,3.0089728875769564,0.0001,1.6842735335381955
2684,1.678816290704522,0.7600878862773671,0.043359942175070124,0.8753684647607997,3.2329478991684515,0.0001,1.6846829374107337
2685,1.6737428360730107,0.7608848424518809,0.043562612959144084,0.8692953818558922,3.0481196801512525,0.0001,1.6818298581043074
2686,1.6858850357256845,0.7607180959796325,0.043434947789561675,0.881731991397319,3.149032177596257,0.0001,1.6836237699700178
2687,1.6911275152260585,0.7602400762797853,0.043680902910522706,0.8872065350987607,3.047404073314783,0.0001,1.6833794481855862
2688,1.6748451010208827,0.7599213918856143,0.0436602308590562,0.8712634775508006,3.0815677485649773,0.0001,1.6825932529949514
2689,1.6873415053253484,0.7606904567134308,0.04346294625535698,0.8831881021298695,3.0235908723022584,0.0001,1.6819648507763358
2690,1.6980790487409363,0.7599881015733096,0.0436823399507008,0.8944086045117455,3.057761446699409,0.0001,1.6846195431316597
2691,1.6916058329491297,0.7601552797863015,0.04351960306960719,0.8879309532971218,3.047943143767227,0.0001,1.6837664199044693
2692,1.6916104934762022,0.7600237894009867,0.04355308927338699,0.8880336135625839,3.0740368044642357,0.0001,1.683835188660612
2693,1.7022144758193536,0.7597262681618665,0.043631585568008266,0.8988566230566941,3.055766749817266,0.0001,1.687526813506113
2694,1.6651442526078368,0.7606195507620218,0.04341615890634471,0.8611085386474524,3.1037030483597916,0.0001,1.6861596096964444
2695,1.688818169534811,0.7602338170666724,0.042982552646381615,0.8856017968898855,3.0422399670308793,0.0001,1.6876671430426247
2696,1.669501641338302,0.7602658593388648,0.043522610867482894,0.8657131720991695,3.0494529954318343,0.0001,1.686028803603886
2697,1.7012041299386633,0.7610353567537381,0.043520257148974804,0.8966485185748907,3.161211515778702,0.0001,1.6870364650751466
2698,1.6932561511200293,0.7601175302182444,0.04320427007655826,0.8899343511123686,3.0574739491963725,0.0001,1.6888775700850611
2699,1.6764710651933543,0.7601255635460782,0.04352444712578887,0.8728210513780373,3.188066842106245,0.0001,1.6877905260718618
2700,1.681374774985091,0.760425865529275,0.04384836439670462,0.8771005403666057,3.009558774394873,0.0001,1.6861200986962772
2701,1.6843282934618287,0.7604607007566379,0.0436334561624585,0.8802341350012328,3.1345502416212225,0.0001,1.685392344747547
2702,1.6636037043093668,0.7592117580874213,0.043534613284329615,0.8608573324842337,3.042036471212128,0.0001,1.6825916658308635
2703,1.6670323887171175,0.7602614949005855,0.04324013949891375,0.8635307580353522,3.102360719841344,0.0001,1.67907345712064
2704,1.6890751741237138,0.7603642037383925,0.04378708598579886,0.8849238837345619,3.0176185383999807,0.0001,1.681466549272228
2705,1.6871780199404904,0.7610379461100812,0.04353988315706079,0.8826001889504961,2.9868707751163845,0.0001,1.6813025343127959
2706,1.6869279832917343,0.7596881775295034,0.043597443592234025,0.8836423621397714,3.133976795852305,0.0001,1.683045168508139
2707,1.6930011825193982,0.7604469724649348,0.043487670455452876,0.8890665398257016,3.1284247590852314,0.0001,1.6822248737662124
2708,1.6763421721439091,0.760019610426247,0.04355533103672051,0.8727672311040983,3.118368397378051,0.0001,1.6805334758686006
2709,1.6768892701208955,0.7604732607731229,0.04375840128072619,0.8726576101223789,2.998183781186659,0.0001,1.6805752963613543
2710,1.6691948677173252,0.7609347953757698,0.04301908727108102,0.865240985025136,3.188342008339222,0.0001,1.679357305634578
2711,1.6706564474782886,0.7597229790252314,0.043472235391396295,0.8674612344066946,3.0111380145709363,0.0001,1.677990121036224
2712,1.6865640982653016,0.7600858727768517,0.04371160909563726,0.8827666139898871,3.0605802386092367,0.0001,1.6802861604318173
2713,1.6914523774663526,0.7609515251784489,0.043582720882268756,0.8869181311638312,3.065916836624455,0.0001,1.6827281593067411
2714,1.7007201715366835,0.7603158428509386,0.04347383202210401,0.8969304963009352,3.098845455515941,0.0001,1.683892659048038
2715,1.6814061662004638,0.7599486226242406,0.04347756039540134,0.8779799847525467,3.050579606882215,0.0001,1.6833154736740354
2716,1.6970507699625972,0.7608039271517167,0.04323290400282606,0.8930139377955008,3.0445367890971187,0.0001,1.6843277523411213
2717,1.6831314527480645,0.7603464049209687,0.04329437368056353,0.8794906701567691,3.0293576736721017,0.0001,1.6833407793639883
2718,1.6628794780125724,0.7602142037532876,0.04338576368095909,0.8592795106841149,3.21665355327405,0.0001,1.6819945099508544
2719,1.6834952074422314,0.760036513844078,0.043295551265229076,0.8801631405949593,3.072970724976329,0.0001,1.6826551036829884
2720,1.6896059378890913,0.7600855150280811,0.04381503270557396,0.8857053887046134,3.146786586508064,0.0001,1.6846962107001648
2721,1.678613828597156,0.7595012689700716,0.04356459018908456,0.8755479668537212,2.970947330428427,0.0001,1.6854919488120514
2722,1.6895947340294024,0.7596406553386433,0.0432693561724185,0.8866847208257137,2.9825570501130203,0.0001,1.6857950123884617
2723,1.6958795992646207,0.7609646261101078,0.04342213508807138,0.8914928381268925,3.1815028971639174,0.0001,1.6862377345682884
2724,1.6949878004936854,0.7605230446761326,0.043552832477716595,0.8909119258183253,3.0170166511806467,0.0001,1.6856644974639885
2725,1.6648813636017619,0.7605167496760525,0.04362814203962593,0.8607364714931522,3.0450815956200836,0.0001,1.6840120172041182
2726,1.6997165163680457,0.7598018366956808,0.04331112053041284,0.896603555726473,3.1836593990151827,0.0001,1.684278591844663
2727,1.6793071538149464,0.7604212233792937,0.043574973971074786,0.8753109564948034,3.1824586785589224,0.0001,1.6838961619513515
2728,1.6737326248180553,0.7595898591238877,0.04347375029240854,0.8706690128401496,2.9756429976430434,0.0001,1.6849814766318996
2729,1.6827394886142584,0.7605771949518525,0.043398069319812084,0.8787642267152939,3.113503896682306,0.0001,1.6849059047491024
2730,1.6846419130329187,0.7605358955826286,0.04294764995574951,0.8811583654694335,3.0239380157985263,0.0001,1.684409502263485
2731,1.6730986502301137,0.7603111784550046,0.04346132133360083,0.869326148597754,3.1197071476833815,0.0001,1.683857984426781
2732,1.6823471865595958,0.7607824784263394,0.043871195756397675,0.877693510623781,3.003332585398614,0.0001,1.6831332296798003
2733,1.6773616628037504,0.7600380477266911,0.043399762430249074,0.8739238520876389,3.090702998952498,0.0001,1.6812814360337132
2734,1.6907713369713835,0.7601350171087238,0.04389697663924273,0.8867393432838679,3.032011065473421,0.0001,1.6808597896814832
2735,1.6727189492985879,0.7597310306092546,0.043400691198770706,0.8695872241053088,3.2060468073548942,0.0001,1.6816435482511658
2736,1.6844323505978072,0.7601239122677043,0.04384008140641342,0.8804683507123535,3.061420134308372,0.0001,1.6801151316741418
2737,1.6933171032166625,0.7602232260587974,0.04336257058273223,0.8897313060915253,3.062436811580619,0.0001,1.6815161266143133
2738,1.6938254360494942,0.759801438686572,0.043497714503058074,0.8905262806836296,3.055026109755402,0.0001,1.683525407737457
2739,1.6939131164163894,0.7603533191806646,0.043420820884240326,0.890138975051789,3.14449270090757,0.0001,1.68464277051767
2740,1.690177373421845,0.7603392870624457,0.043534355037836224,0.8863037343138855,3.003368860567801,0.0001,1.685196316556563
2741,1.6716679358820887,0.7604505517661693,0.0434494221669907,0.8677679626138892,3.1262590604669906,0.0001,1.6850532451217604
2742,1.6727149120208942,0.7602949435038693,0.04369112540935648,0.8687288404780518,3.1334306828632315,0.0001,1.6840900176678903
2743,1.6928991327179372,0.7602570518760604,0.043691137983155784,0.8889509393072274,2.9359375693009784,0.0001,1.685643764659309
2744,1.6993669421387492,0.7609360266408862,0.04296726218101703,0.8954636534679734,3.054677490530343,0.0001,1.6865033251760455
2745,1.6562099027585306,0.760167698831152,0.04298640796669115,0.8530557929985906,3.1086241222056605,0.0001,1.6848524205220397
2746,1.6755033368754821,0.7602828118428739,0.043431558425237875,0.8717889663806794,3.0060606829776724,0.0001,1.6839595191498073
2747,1.6843379623507873,0.7603665936065735,0.04345827170366206,0.8805130961942382,2.9843892294301466,0.0001,1.68306160506322
2748,1.6978025076113656,0.7597637773769139,0.04284613949773761,0.8951925887418325,3.0513566698554078,0.0001,1.6834593122194068
2749,1.6737102063384066,0.7597787017512757,0.04319039658165365,0.8707411094260747,3.033281052330203,0.0001,1.6814390212116088
2750,1.669248051986733,0.7601964969422222,0.04291719621383636,0.8661343567904546,3.0876158952229407,0.0001,1.6793460890680976
2751,1.7078087150929666,0.7601651550548314,0.043637875127502196,0.9040056813440265,3.0690642974923157,0.0001,1.6829601669891852
2752,1.6910325806232784,0.7602299998304665,0.04371106648783655,0.8870915145467793,2.9745403059114066,0.0001,1.6847919338494237
2753,1.6984587559593618,0.7599952326101416,0.04350925072211523,0.8949542765261919,3.0561801238669344,0.0001,1.6853478961735662
2754,1.700796412164251,0.7602029852644667,0.043292222835471135,0.897301206965959,3.1354542126761973,0.0001,1.6854908431761164
2755,1.6948684277447434,0.7601516457164988,0.043593025110797996,0.8911237570987995,3.0422814354209824,0.0001,1.689356695674738
2756,1.7016982570381243,0.7607363264168977,0.04311760371403568,0.8978443224942708,3.0407584090745474,0.0001,1.691976187691002
2757,1.6896479908399602,0.760241884005239,0.043069058209355415,0.8863370502424288,3.0830278343409603,0.0001,1.6925071905399194
2758,1.6837083139961195,0.7599882379506713,0.043081433971319916,0.88063864406901,3.029436098392788,0.0001,1.6910977711783945
2759,1.6779304324492479,0.7596871783960664,0.04318498549548414,0.8750582706130301,3.0040733246000495,0.0001,1.6915197937894788
2760,1.6764209849597473,0.760221033381642,0.043384430616429076,0.8728155238633224,3.0701070552423566,0.0001,1.6922370870867802
2761,1.690220494541145,0.7603936809555271,0.043041195879117956,0.8867856174495834,3.1066469070152145,0.0001,1.690478265031598
2762,1.7115156737592592,0.7603528200975538,0.04325039101420745,0.9079124609850967,2.9806494328361497,0.0001,1.6925265743451958
2763,1.6598907038116069,0.7599130349033503,0.04334525646109126,0.8566324152883603,3.157868642352416,0.0001,1.6886697691304202
2764,1.6644576137496299,0.7603267385316427,0.04336317871937162,0.8607676974960563,3.0681382144440503,0.0001,1.6850358892889585
2765,1.683836898987482,0.7601768939055004,0.04322810540576494,0.8804318987694522,2.983971493481139,0.0001,1.6839327364132324
2766,1.6955498084577054,0.7604404073699734,0.04311567605388092,0.8919937238777265,3.1552399829725224,0.0001,1.68331789155519
2767,1.6847479995075636,0.7597813406774045,0.04340820476926606,0.8815584541515694,2.956046855232053,0.0001,1.6828278924219506
2768,1.6981945840630521,0.759901082418995,0.04327788193375779,0.8950156200427796,3.1223220689785167,0.0001,1.684276519428644
2769,1.7073238961111459,0.7598683513685849,0.04304301085868665,0.9044125366192802,3.0629588239816816,0.0001,1.6872158657948337
2770,1.6656716912078084,0.7600137621587478,0.04302214512235011,0.8626357845916709,3.1241589105153422,0.0001,1.6861409364196398
2771,1.67102772831675,0.7606938786003701,0.043664064175216954,0.8666697859643198,3.0984329696117503,0.0001,1.6842216597972004
2772,1.6656848394121166,0.760001952338654,0.042706103644071194,0.8629767838223227,3.048726691435607,0.0001,1.679638576362486
2773,1.6694982791769093,0.7605019300027503,0.04342131706570515,0.865575036974756,3.155963417966274,0.0001,1.6805993338990164
2774,1.669567032711501,0.7597505363199338,0.043214010660353346,0.8666024878016592,3.10048744910629,0.0001,1.6811102757952034
2775,1.6959614753723145,0.760417911996706,0.04322993392634827,0.8923136306582793,3.158095454831152,0.0001,1.6823227334336868
2776,1.706183803371677,0.7604063622366343,0.04357948216173276,0.9021979606357114,2.9986844887356248,0.0001,1.6833861329250837
2777,1.6730831091350764,0.7597753082762867,0.04389706151238803,0.8694107408879012,3.0346661201596987,0.0001,1.6822196438878354
2778,1.682336735918846,0.7599326370937587,0.04374836182739382,0.8786557380858107,3.1243501006952408,0.0001,1.6806338590734147
2779,1.6831686530587155,0.7603931013517399,0.04376548371498774,0.8790100726013735,3.1045182894983347,0.0001,1.6782183347681712
2780,1.7004849057168554,0.759857838463348,0.043200134021998904,0.8974269350299245,3.0994364927554954,0.0001,1.681699656219076
2781,1.6930286773078098,0.7601806499653365,0.04356932591714917,0.889278697662252,2.995639783131907,0.0001,1.6838997511181824
2782,1.6844487256742635,0.7602324538975652,0.04395643668532613,0.880259837433847,3.097231820679098,0.0001,1.6857761397443969
2783,1.6976292234888908,0.759587699936563,0.04352744646053043,0.8945140779985618,2.9705629172238086,0.0001,1.6885892341755953
2784,1.7073828280576586,0.7602828055559743,0.04334623068873345,0.9037537924476859,3.0554617411224645,0.0001,1.6923708137102107
2785,1.696996355637092,0.7592742840852021,0.04340894033652532,0.8943131302783746,3.0087571069144814,0.0001,1.6924743017366886
2786,1.681730444121796,0.760100761726952,0.043414528181296576,0.8782151555888068,3.2280038619379967,0.0001,1.6900289658117003
2787,1.6801754798415225,0.7608631362054218,0.04318734356646122,0.8761249988077258,3.067793211878918,0.0001,1.6907382028823448
2788,1.6795166028440602,0.7594111142245558,0.04353678589176697,0.8765687030753306,3.000741992470701,0.0001,1.6904561895748664
2789,1.6937757400421778,0.7596579123945797,0.04352714541475865,0.8905906866004211,3.1886944345238244,0.0001,1.6915168982732127
2790,1.67538627818922,0.7599105842215053,0.04331259674281184,0.8721630961065602,3.1131299134442094,0.0001,1.689007035520449
2791,1.6674376530289408,0.7602942496477711,0.0433665767886334,0.8637768312397037,3.0316623555719246,0.0001,1.6864479330925621
2792,1.6747525160259455,0.7600678334855163,0.04329304787014851,0.8713916331967887,3.147086869872366,0.0001,1.6854783121277304
2793,1.6538620829340411,0.7603378536493252,0.04326095155479942,0.8502632762224207,3.0118093867814566,0.0001,1.6811015980722455
2794,1.682478142921146,0.759751793941668,0.04344183412091485,0.8792845154026218,3.0757753382348145,0.0001,1.678611129558594
2795,1.6983520653378408,0.7605974287338721,0.04317617029495704,0.8945784673517906,3.0399855902422273,0.0001,1.678746700528669
2796,1.6929158677193987,0.7598247028751257,0.04309287540327463,0.8899982884133322,3.0169348612760194,0.0001,1.6798652428884293
2797,1.6856934580551441,0.7601840210734709,0.04324559048271566,0.8822638449272326,3.148921209706738,0.0001,1.6804170407097914
2798,1.6841176083315217,0.7597693839614822,0.04340777048958243,0.8809404536688787,3.146346941197378,0.0001,1.6808771412585375
2799,1.7003404247833314,0.7598729780431209,0.0434478057083687,0.8970196408051506,3.037380271944506,0.0001,1.681533609732653
2800,1.7183390549907336,0.7603157022420097,0.043401971066457504,0.9146213814253498,3.0249707435255844,0.0001,1.6858288874128042
2801,1.691092328053217,0.759891331558537,0.04321706198291895,0.8879839359928097,3.0263544647495353,0.0001,1.688194354915232
2802,1.6735106142007312,0.7599828463297104,0.04348850008440308,0.8700392694943575,3.03461368282233,0.0001,1.6880701647327103
2803,1.6813827090524516,0.7604143751320442,0.042822904325643854,0.8781454276905583,3.167024081183737,0.0001,1.6908222273445517
2804,1.6866053975136237,0.7604427615720892,0.0428486208886694,0.8833140129975324,3.1666617178288243,0.0001,1.6912349528037993
2805,1.6764785808191822,0.7600581665309882,0.04336823653014146,0.8730521787101551,3.0447324052543716,0.0001,1.6890476043519336
2806,1.6954466644939012,0.760382667999964,0.04324863213312795,0.8918153674438082,3.1945483104210597,0.0001,1.6893006840293836
2807,1.6798402379299033,0.7595953809562126,0.04320897171028246,0.8770358865933292,3.0651523104545793,0.0001,1.6887153620168598
2808,1.680204524713404,0.7598870512679915,0.04320310845094569,0.8771143667173192,3.114776962669094,0.0001,1.6883240536550481
2809,1.6941560136860814,0.7605555421440403,0.04303837620462414,0.8905620964255343,3.0680534334260114,0.0001,1.687705612545323
2810,1.6896408373153717,0.760179373966511,0.04344743478128925,0.8860140307135804,3.172267675641584,0.0001,1.6848357907777867
2811,1.685898610109248,0.7598911290478271,0.04314386070862745,0.8828636185694901,3.0894007395053733,0.0001,1.68431641898339
2812,1.663192629814148,0.7599875983795337,0.043365607880675526,0.8598394215590571,3.0247245869820305,0.0001,1.6832846205447318
2813,1.6822874587157677,0.7600773956180827,0.04295832486955438,0.879251740464816,3.0278967681811255,0.0001,1.6833750955110631
2814,1.69236258814833,0.7605422490992362,0.04343312071980134,0.8883872163646361,3.0922896883792372,0.0001,1.6839508145745339
2815,1.672610205158017,0.7602396716210712,0.04392848464586672,0.8684420479843148,3.172131197447709,0.0001,1.6835639770084172
2816,1.6891643100287803,0.7605262979048987,0.043531879450196424,0.8851061278073831,3.1117942915968673,0.0001,1.6829357415619053
2817,1.691523401538934,0.7594892219404178,0.04328156581514989,0.8887526121360777,3.0028977984105354,0.0001,1.6841040579228082
2818,1.664158699841335,0.7600224522257916,0.043430165393357346,0.8607060826000046,3.0538482661179547,0.0001,1.6824994754356013
2819,1.694397393636723,0.7601352787404708,0.04357861094252333,0.890683500628926,3.1909532716259754,0.0001,1.6825236134306654
2820,1.65830924460177,0.7596941300144544,0.043417686864763924,0.85519742666466,3.0876723573851055,0.0001,1.6793904541593054
2821,1.6945242804397675,0.7600509902768396,0.04320276049523034,0.8912705273403357,3.1165648839052986,0.0001,1.6802530211923574
2822,1.673332832889673,0.760450158834941,0.043665676039566136,0.8692169951135198,3.094129667804401,0.0001,1.6812670414999098
2823,1.7028361977234816,0.7602060774518801,0.043421132327576925,0.8992089877626717,3.0738995009938797,0.0001,1.6833219154006813
2824,1.713040324060235,0.7599702254995613,0.043446808992970064,0.9096232889934196,3.0019402477368864,0.0001,1.6853896889918716
2825,1.6772031411679715,0.7599388597944929,0.0431277911513137,0.8741364903732922,3.2280093929588674,0.0001,1.685848982592867
2826,1.685801722215107,0.7599382213114725,0.04361155453850241,0.8822519463046811,3.148421844169044,0.0001,1.6855127238115
2827,1.6767559116800708,0.76021871412018,0.04330098024488221,0.8732362172545575,3.1209456378983194,0.0001,1.6840359748256133
2828,1.679608418902809,0.7599911250884345,0.04364120355726014,0.875976086176675,3.1209845221308616,0.0001,1.6855809467317606
2829,1.6940769238839526,0.7597988859635095,0.04365512589653897,0.8906229120087914,3.159085540694107,0.0001,1.6855488997564838
2830,1.6898028260554068,0.7595212538150454,0.04345229648915072,0.8868292753582794,2.96447679019603,0.0001,1.6886982579018475
2831,1.6872238189163362,0.7598089597529862,0.04297088004996279,0.8844439845086353,3.03659523935879,0.0001,1.6879682117495043
2832,1.7205464789156497,0.7602158719579298,0.04334692031326449,0.9169836863422007,2.9633690595143225,0.0001,1.6926895763521022
2833,1.7104324592054494,0.7598853906801699,0.0430693894806063,0.9074776790446732,3.0450770547859083,0.0001,1.693449202500299
2834,1.6797743642789598,0.7594822671785799,0.043109727921398854,0.8771823664284623,2.9823762618503995,0.0001,1.6901226065221713
2835,1.7078103747135727,0.760110920389574,0.04315847073800665,0.9045409851426043,2.969373542928792,0.0001,1.6931833298767316
2836,1.6848103830828869,0.7596323347478561,0.04310541970251056,0.8820726264033912,3.0012443476709825,0.0001,1.6930841959635097
2837,1.6927957824954638,0.759661147850764,0.04330805252338278,0.8898265843277771,3.1176244037388305,0.0001,1.6946881830450486
2838,1.658540805019665,0.7597609026920481,0.043064302411572684,0.8557155961983103,3.132223938589889,0.0001,1.6925814216567343
2839,1.6660160863617128,0.7594015584997909,0.04325049958412836,0.8633640305295919,3.0684815657308087,0.0001,1.6897753379045102
2840,1.6663249866473988,0.7600127869638903,0.043484364997059044,0.8628278353665229,3.039938119071976,0.0001,1.6874275539637094
2841,1.692273513298731,0.7602255146111726,0.04366824230364322,0.888379757400247,3.177606062521557,0.0001,1.6879325234019489
2842,1.6948177912414195,0.7601250782457859,0.04271170962412991,0.8919810009836909,3.168505475680678,0.0001,1.6853596546345258
2843,1.6694495478459837,0.7597412214317864,0.04330560377596842,0.8664027257212277,3.063889400712375,0.0001,1.6812613634985791
2844,1.6636248205544741,0.7598936491273721,0.04331371000765787,0.8604174627493651,3.0950175557610473,0.0001,1.6796464091261307
2845,1.6683059539079184,0.7604354039650659,0.04320786207249392,0.8646626892682867,3.18650185360628,0.0001,1.6756959670455653
2846,1.6971451400743296,0.7601458271908712,0.04276109781516735,0.8942382160355064,3.2215381103887037,0.0001,1.6769294427447097
2847,1.6982479658861915,0.7603968987600315,0.04314196254854028,0.8947091043207032,3.1220348398777342,0.0001,1.6774746610837827
2848,1.6689459321223215,0.7608634214130425,0.04338796651387553,0.8646945468552456,3.282305489447247,0.0001,1.678515173794048
2849,1.6596589223850087,0.7600123091595168,0.04319668251409008,0.8564499301673433,3.073246819736024,0.0001,1.6778794573963776
2850,1.6564569326975283,0.7596330485527704,0.04335411978058109,0.8534697632307213,3.094779476190919,0.0001,1.6768926520013907
2851,1.6456418985285575,0.7592989987340467,0.04372309139243971,0.8426198090670317,3.1101601051268664,0.0001,1.6722294905243733
2852,1.6989210741273288,0.7603882684185346,0.04344874173100532,0.8950840618620054,2.991027094287756,0.0001,1.6726398188129643
2853,1.6670757538164847,0.7597768440933305,0.043455291229619455,0.8638436147758008,3.054042876371264,0.0001,1.672402439410014
2854,1.6763808276300256,0.7596066288241992,0.04364215432993055,0.8731320456546896,3.2018800954547904,0.0001,1.6736780401175697
2855,1.70180295434975,0.759928970017733,0.04353429313605504,0.8983396897149134,3.019186796087764,0.0001,1.6770277401617526
2856,1.6643059628488568,0.7599650349384872,0.04362887809049285,0.8607120481272498,3.04915089370271,0.0001,1.6737438224392054
2857,1.6874361793844985,0.7600974438156608,0.0434291457065946,0.883909589756454,3.0118645364324172,0.0001,1.672662643789036
2858,1.7022111053157287,0.7595111760358056,0.04374271860954486,0.8989572075873795,3.0204098335869656,0.0001,1.6759891611083766
2859,1.6875126336457522,0.7595085293719541,0.04381566768243879,0.884188434626703,3.119474603244789,0.0001,1.6787745322344514
2860,1.684597841624556,0.7598683805059467,0.04365906101211331,0.8810703979302613,3.056267663141293,0.0001,1.6815886231271537
2861,1.7078923723276924,0.759992291187418,0.04329104718523625,0.9046090324286515,3.23597431352124,0.0001,1.6878136705070674
2862,1.6580762726540015,0.7593648022618787,0.04318037623082407,0.8555310958690382,3.147313927298385,0.0001,1.6837291903597342
2863,1.6683538059192062,0.7598089827243503,0.04335745836610001,0.8651873615946296,3.051087974534799,0.0001,1.6838569955700067
2864,1.6969540524192563,0.7599205169184454,0.04365314890840233,0.8933803855194039,3.0541286690965386,0.0001,1.6859143180489298
2865,1.6802063257892523,0.7605199617981669,0.04371474093887917,0.8759716262409943,3.0043576123990103,0.0001,1.68375465519288
2866,1.691111367203401,0.7602156297913913,0.043450135246493514,0.8874456023770946,3.1060332877157184,0.0001,1.6864351956283343
2867,1.6985448295397885,0.7601102998000371,0.04321003516353893,0.8952244947424525,3.023540855179452,0.0001,1.6875460606438637
2868,1.6761019823517325,0.7597428329334298,0.043440209199158704,0.8729189405516243,3.1180211032379956,0.0001,1.684935148347464
2869,1.6764406063735606,0.7595473263133128,0.0433204461788309,0.8735728318109716,3.02797773208386,0.0001,1.6838279456202447
2870,1.680606702762008,0.7603032425741153,0.043237386562277776,0.8770660771317704,3.1093569940775936,0.0001,1.68342883173399
2871,1.6801146773005595,0.7601296759038619,0.04310629938485414,0.8768787038555977,3.0396096945776176,0.0001,1.6806510622312767
2872,1.685000839267251,0.7591715278538439,0.04327054633088334,0.8825587618030593,3.048095750760355,0.0001,1.6833435188926018
2873,1.7025272484725194,0.7601643734239419,0.043436084025771815,0.8989267899724702,2.9730509865356507,0.0001,1.6867608631479327
2874,1.6876250875407253,0.7591937798515537,0.04319935130299226,0.8852319566279832,3.05346304625575,0.0001,1.6858279666600797
2875,1.705184247261612,0.7596148194454263,0.04321314814608189,0.9023562837203183,3.1824335906858616,0.0001,1.6883257588073157
2876,1.6957468170423295,0.7598358098923798,0.043154507089580046,0.8927565001812716,3.0643726263278395,0.0001,1.6887893037912085
2877,1.6836997274211163,0.7604714832731483,0.04296116026129732,0.8802670857530941,3.124506863570842,0.0001,1.6873047935793415
2878,1.6865133291325753,0.7598589796565367,0.04338756149245566,0.883266790416734,3.111984163945877,0.0001,1.6883459282574258
2879,1.6882494996333945,0.7603288366634996,0.043459702698744336,0.8844609603920525,3.198917161136805,0.0001,1.689526817583409
2880,1.6904711512958301,0.760541649425731,0.043585008104722836,0.8863444966519096,3.0662228401002247,0.0001,1.6905132624367911
2881,1.665735745647616,0.7597501161857744,0.04321336335149305,0.8627722650977951,2.9795316148239506,0.0001,1.689075369271497
2882,1.687305777237333,0.7603057708749906,0.04383622366806556,0.8831637800948857,3.0025654334809184,0.0001,1.6893058630685052
2883,1.688781891463978,0.759974764520208,0.04359864318104835,0.8852084838836236,3.0524358669594385,0.0001,1.6879313273676508
2884,1.690672455888249,0.7594858243547636,0.04302887041235067,0.8881577586426455,3.024258156335378,0.0001,1.6882360642024032
2885,1.6715419629766297,0.7597810557115876,0.04358465410391167,0.8681762509697832,3.0446599987892786,0.0001,1.6848718357739052
2886,1.6535031033819636,0.7592159706728937,0.042738424836984756,0.8515487043054786,3.0750976706615085,0.0001,1.6806474644078686
2887,1.6776472476384703,0.7603901687548562,0.043189168701790896,0.8740679101062595,3.0936586605366054,0.0001,1.680042216429604
2888,1.6858918267863277,0.7600471324175898,0.04311837869531968,0.8827263160965747,3.223336069385614,0.0001,1.6799800661949793
2889,1.7040508500702725,0.7593189207100239,0.043233070363863,0.901498862623443,3.2012809967172555,0.0001,1.681560201238667
2890,1.689118040381774,0.7596255997857022,0.0437299320228685,0.8857625065934344,3.045056742780349,0.0001,1.6814248901472613
2891,1.6922949898315491,0.7595760457172355,0.04354627693400664,0.8891726647849378,3.0038797478163217,0.0001,1.6840808145656545
2892,1.7007956331932037,0.7595170891067319,0.04359570526448031,0.897682839774094,3.1539189244864194,0.0001,1.6854298001612418
2893,1.681851275310555,0.7599123237582781,0.04355906448789833,0.878379890056701,3.106696146013287,0.0001,1.6847367385458996
2894,1.6775702124435083,0.7595104711776332,0.04350193833240873,0.8745578036437653,2.9577487039759482,0.0001,1.6834265142014253
2895,1.6800046245176459,0.7599416550467996,0.04324199461791868,0.8768209733114282,3.0593642356671378,0.0001,1.684272780355527
2896,1.6977488855561185,0.7600377019472103,0.04279794436681102,0.8949132376401467,3.0407508135325525,0.0001,1.6886973585729426
2897,1.6680867983893497,0.759813358285606,0.04272702451168161,0.865546418146115,3.0616114424885406,0.0001,1.6877413136480304
2898,1.669167159657933,0.7590801131894575,0.04293562335851952,0.8671514230192796,3.1219949565117546,0.0001,1.6860688469351905
2899,1.6842681100595795,0.7595097428644888,0.043217113728939154,0.8815412493252609,3.0622757467730293,0.0001,1.6840905729341216
2900,1.709078977001608,0.7596195244644042,0.0436270000001238,0.9058324539576776,3.0095343821914393,0.0001,1.6860866665961052
2901,1.6910034380626484,0.7592232361526566,0.043530636820299874,0.8882495644398442,2.973403377658697,0.0001,1.6859575114192151
2902,1.6863515355282332,0.7599610150706696,0.04273352540772537,0.883656995654348,3.040921495845787,0.0001,1.6845131016527177
2903,1.6702794623665103,0.7597959264054985,0.043225672375599704,0.8672578647339804,3.0984258891119194,0.0001,1.6833559203583135
2904,1.6678448800624748,0.76019278718782,0.04280168362128082,0.8648504114447211,3.1427384523059003,0.0001,1.68238338712021
2905,1.673943071529783,0.7594779367137391,0.04289789253025945,0.8715672422102209,3.072432052291189,0.0001,1.681777231821424
2906,1.693913480210256,0.7603897533358716,0.04294694316314635,0.8905767847275697,3.1550407518479693,0.0001,1.6813936912868375
2907,1.694571616804382,0.7599205502873744,0.043317269118272266,0.8913337983054999,3.0049329930821975,0.0001,1.6840421731283406
2908,1.6816673640305324,0.7603773980063309,0.04291394322687424,0.8783760211500387,3.0584326119258485,0.0001,1.6852921935656007
2909,1.6908488804380017,0.760696017113467,0.042992184418451956,0.8871606793745778,3.138811272249744,0.0001,1.685950270603443
2910,1.6856773623830166,0.7602675502730674,0.04325970481423771,0.8821501068272165,3.0606901307135033,0.0001,1.6836101091415838
2911,1.6739535332935094,0.7600011510007522,0.043345889987133096,0.8706064904618699,3.150503286967171,0.0001,1.68190511866467
2912,1.688387811788439,0.7599648086100999,0.043506646494836404,0.8849163600687565,2.937506213391287,0.0001,1.6821087462906905
2913,1.6817419657117214,0.7593148003727137,0.04319107484140454,0.8792360908905342,2.9678950931189267,0.0001,1.6832549966252117
2914,1.6876991050238541,0.7596419567268712,0.04278421329436389,0.8852729341563057,3.04118194130323,0.0001,1.6852404191213495
2915,1.7076498307514385,0.7601107609199462,0.04338726552456436,0.9041518078584216,3.1853640889541133,0.0001,1.6886110950435154
2916,1.6724544351289528,0.7588644765211651,0.04333680130647114,0.8702531567270325,3.0728191200182837,0.0001,1.686465190535385
2917,1.683114072976683,0.7599966841585496,0.0432770206285055,0.8798403677966967,3.0407017822439726,0.0001,1.685319436152615
2918,1.6901122645964246,0.759454187345795,0.04320099339282053,0.8874570815153344,3.008102097085717,0.0001,1.686163926209204
2919,1.7071573753627753,0.7596601938137418,0.04337641095051176,0.904120768089807,3.0299118167246575,0.0001,1.6877947757016813
2920,1.6807646165029515,0.7594690157240351,0.04315878798463524,0.8781368062655776,3.103572230551838,0.0001,1.687303501113675
2921,1.6788785239987634,0.7597824997640769,0.042810261612247984,0.876285762546875,3.029627504745313,0.0001,1.6877960001842003
2922,1.6879619497798277,0.7590724902027277,0.043266722686875904,0.8856227403585979,3.052633216366565,0.0001,1.6877534139833394
2923,1.6716799172620018,0.7598150966133598,0.043251159708591794,0.868613664098613,3.133757406993038,0.0001,1.686747209138367
2924,1.6936658038087113,0.7596891341054657,0.04361662395585623,0.8903600449313015,3.1224870449631017,0.0001,1.6873438790168531
2925,1.690780401713466,0.7592893086872526,0.04333785339494748,0.8881532422608827,2.96271864395838,0.0001,1.6856569361130558
2926,1.7123969602294675,0.7596063150837262,0.04331342588815438,0.9094772157816567,2.9729296131017966,0.0001,1.6896511886231071
2927,1.6967132106030447,0.7596356091344574,0.04291609141212448,0.8941615140311133,3.0009771851448694,0.0001,1.6910111023857435
2928,1.6860282839432692,0.7598875062219028,0.043066600757003075,0.883074178551201,3.0282291669632793,0.0001,1.690602704320428
2929,1.673333362077361,0.7596621321132652,0.04295876325990317,0.8707124655858498,3.088837048586677,0.0001,1.6872203029918864
2930,1.7038774582241902,0.7601094501013688,0.04263977564372591,0.9011282300308316,3.1989793654145866,0.0001,1.6895315871640104
2931,1.6986000953774907,0.7596407335621832,0.042937628637704596,0.896021731605878,2.9581960415501625,0.0001,1.6915037443018828
2932,1.6791311103480342,0.7599948815109764,0.043463523682909615,0.8756727067107603,3.222159749112313,0.0001,1.6906206603587037
2933,1.6686970329187947,0.7599790496468303,0.04325809899498435,0.8654598823425494,3.1148254119358487,0.0001,1.6903223719243834
2934,1.6678557349992331,0.7597537467494214,0.04303498127881218,0.8650670112025666,3.131760522028012,0.0001,1.6877413650434352
2935,1.6761279993560203,0.7594817333966192,0.04326221014374894,0.8733840583999307,3.0680913514104384,0.0001,1.6862761248076903
2936,1.6625128679778465,0.7599840698571041,0.0432770641531954,0.8592517313303739,3.081693314393684,0.0001,1.6812877155825283
2937,1.6690494784477032,0.7597089369930554,0.043317866131935355,0.8660226785228352,3.0421714216893876,0.0001,1.6785213423669945
2938,1.6962574875137144,0.7600484170004513,0.04331679929342521,0.8928922717412272,3.1669122686734306,0.0001,1.6795442627240391
2939,1.658806641977167,0.7598633473591678,0.04312474466482476,0.855818550497233,3.0947573629886094,0.0001,1.6780915907140195
2940,1.6856139096720466,0.7598889028808408,0.0432539416616877,0.882471064373881,3.045671449471681,0.0001,1.6762652358588053
2941,1.693212697883165,0.7598097468244618,0.04308644172869638,0.890316511748045,3.14711665430127,0.0001,1.6757264961093725
2942,1.7040813483040909,0.7598172385117103,0.04311576407047604,0.9011483454196496,3.088546812897038,0.0001,1.6782215199049784
2943,1.6893812160462927,0.7591844702830904,0.043238591228972584,0.886958154745808,3.1774684055339977,0.0001,1.680289938217728
2944,1.7000056676883968,0.7592212426009575,0.04331758684850851,0.8974668374077301,3.0830028180418343,0.0001,1.6835049314866446
2945,1.6808299361813142,0.7596621058775493,0.04337167618966248,0.8777961502754664,3.038565857173463,0.0001,1.6839751251691737
2946,1.6712712765223598,0.7593828738340258,0.04326494639592045,0.8686234535721205,3.0543916636499864,0.0001,1.6848509660236253
2947,1.693067378132145,0.7595308616485363,0.04309443092733078,0.8904420848913174,3.175577289676086,0.0001,1.6872527559920691
2948,1.6958969272899822,0.7593521877186293,0.043714087101315385,0.8928306556134872,3.014812707659197,0.0001,1.6872166999696963
2949,1.672710793255309,0.7596404183708871,0.043053665460969566,0.8700167070054138,3.040104030353786,0.0001,1.6886071150975102
2950,1.6481292103898937,0.7596577428900929,0.04326235957851758,0.8452091096290226,3.1934069499040953,0.0001,1.6848586451692948
2951,1.6945380505635337,0.7595199271583171,0.04287915998733551,0.8921389629796117,3.0142315805079245,0.0001,1.6849911804373316
2952,1.6763764266793675,0.7596861288465303,0.04329549105607472,0.8733948059002236,3.141179377118666,0.0001,1.6822206882748596
2953,1.6986827521488583,0.7593792120776843,0.04308331762317712,0.8962202213598797,3.0100775654852754,0.0001,1.6831508418851158
2954,1.6730008893032344,0.7596216194528111,0.042992893145485774,0.8703863754959184,3.068187687266429,0.0001,1.6804503640466
2955,1.6976954296201043,0.7595386936746794,0.043334846564287106,0.8948218843939338,3.057805775628854,0.0001,1.6821369133904789
2956,1.6742743525737198,0.7594561360428831,0.04303353432467695,0.8717846839743502,3.1452142761880437,0.0001,1.6824372209956149
2957,1.6687642069907507,0.7599978390136548,0.04309751150816014,0.8656688557284116,3.168031255323553,0.0001,1.6800069038814756
2958,1.690252826494329,0.7597855108263043,0.04296531662737864,0.8875019977560633,3.022609661848985,0.0001,1.6794424938019101
2959,1.687994491014229,0.7599246362885403,0.04273291098418632,0.8853369439833063,3.0868457468721493,0.0001,1.6809708635778022
2960,1.6862134286646426,0.7600333728122904,0.04264657444209163,0.8835334856116022,3.0149766922480676,0.0001,1.684779285405277
2961,1.676015438704655,0.7589692432304909,0.04315579856385082,0.8738903991621116,3.0926259052439105,0.0001,1.682927024219389
2962,1.665362613679913,0.7595994762668261,0.043477206878197845,0.8622859346304413,3.3018899041305447,0.0001,1.6818256429194434
2963,1.6673258071497052,0.759231232726308,0.04316319606850645,0.8649313780828615,3.171000908161032,0.0001,1.6786899484195281
2964,1.6781007242492922,0.7595324232176883,0.04346804734901289,0.8751002579594964,3.0668737578827274,0.0001,1.679199931914134
2965,1.6839248024184128,0.7600127508142174,0.04323442204728813,0.8806776282874372,3.102392058343481,0.0001,1.677822869193965
2966,1.6797112962778877,0.7603186140437639,0.0436918902348795,0.8757007924979647,3.1209614187418566,0.0001,1.6783665635643819
2967,1.7002697690988893,0.7596862127524602,0.043424623733118145,0.8971589329911294,3.09340545057525,0.0001,1.6815171197751955
2968,1.6738281671947688,0.7595659228415809,0.04402290372287526,0.8702393440609046,3.0312168586084858,0.0001,1.6798746538452398
2969,1.688394117186084,0.759789646397256,0.043210281319840685,0.8853941894085364,3.056777185648982,0.0001,1.679914616462425
2970,1.6608932275801112,0.7597122922630387,0.043451496602071954,0.8577294385563167,3.0641209445667075,0.0001,1.6773825963539721
2971,1.6796002553636113,0.7602898571602471,0.04347544122661103,0.8758349607851635,3.0455687749700178,0.0001,1.6777410780198676
2972,1.6815035603109285,0.759594575024038,0.043267125773865114,0.87864185837957,3.0264599608601226,0.0001,1.679355172682969
2973,1.674854826854644,0.7593357177341685,0.04297751393811456,0.872541598884982,3.005905036026759,0.0001,1.6801080746534631
2974,1.6807249166660811,0.7601170543483015,0.042868832303834495,0.8777390284422203,3.1110252760970325,0.0001,1.680370493895142
2975,1.6989545270830817,0.7596380351523115,0.043256847901953645,0.8960596431220521,3.1329372741629578,0.0001,1.6818734663616088
2976,1.689947816953214,0.7594201267370104,0.04322458474195995,0.8873031005777162,3.012909373211812,0.0001,1.6828971184291415
2977,1.6796958515416778,0.760287434044039,0.04308964272783446,0.8763187754347649,3.0486265319356085,0.0001,1.6808397266734203
2978,1.6708310990014377,0.7593037463104991,0.04348916891380449,0.868038182122289,3.1454747579160616,0.0001,1.680540019854087
2979,1.6879331354679008,0.7598723119944636,0.04300504306267048,0.8850557780380665,3.0254015828242893,0.0001,1.680493921682269
2980,1.7028937951546412,0.7598116823432411,0.04322622393014223,0.8998558824130053,3.080285170015409,0.0001,1.684693978439722
2981,1.6849304576674533,0.7596687136508872,0.04338808209610759,0.8818736569861491,3.0504637417396716,0.0001,1.685226998670106
2982,1.6736938207434835,0.7597594083443616,0.04319451836978688,0.8707398940293349,3.058756950177237,0.0001,1.6844460247133615
2983,1.6705174409835382,0.7595453256284006,0.043021549801313855,0.8679505643296919,3.0880144217918657,0.0001,1.6840122861262512
2984,1.6935055776977153,0.7595005836980097,0.04303389509599542,0.8909710966821375,3.1817706042322618,0.0001,1.6852903522294143
2985,1.6984979371270108,0.7597178961877649,0.042977076031373435,0.8958029644544904,3.0475080641965113,0.0001,1.6852446932338072
2986,1.6708755345663724,0.7593993266504144,0.04320267465486972,0.8682735323543239,3.0650737360573204,0.0001,1.6833374649951232
2987,1.6707656442756342,0.7596682577297605,0.0430843648755768,0.8680130230455563,3.02389523054475,0.0001,1.6824444442685187
2988,1.6531143512493698,0.7587961812048365,0.043530960353828106,0.850787208602588,3.1133308497693912,0.0001,1.680672769493312
2989,1.7115033212104627,0.7603873433979723,0.04329985513164838,0.9078161192804757,3.3263297322797487,0.0001,1.683029788067568
2990,1.6811938516750298,0.759961017246904,0.0430175341650632,0.8782152980566025,3.061258538741369,0.0001,1.6808597937196073
2991,1.7171692890521237,0.7602189493953093,0.04303560198925088,0.9139147363376424,3.101457981985916,0.0001,1.684083676858074
2992,1.679097911044502,0.7595211728107615,0.043029266970636394,0.8765474699029574,3.0416431997659,0.0001,1.6846240858881756
2993,1.6882869442868185,0.7598662696793888,0.04370456946065411,0.8847161068394025,3.0370835629244604,0.0001,1.6864010362185038
2994,1.6870113105851303,0.7593090815911671,0.04347150417660603,0.8842307246813426,2.9529206922039783,0.0001,1.6857516095072456
2995,1.690952176133711,0.7589062270963409,0.04362973480147232,0.8884162165481468,2.9980681875898196,0.0001,1.6849970334079156
2996,1.7007247927706333,0.7593475016812524,0.04290683443599492,0.8984704575903759,3.0566309313261484,0.0001,1.6879819592283414
2997,1.7083380397628336,0.7591936242507873,0.04260472255110982,0.9065396933236421,3.1584632602231255,0.0001,1.6917391987770614
2998,1.704539902674499,0.7590791662856483,0.04290776054467439,0.9025529723380207,3.0370801102075324,0.0001,1.6968817539195744
2999,1.6787920278661392,0.760048933735242,0.043077690847988785,0.8756654005323897,3.0398835925494923,0.0001,1.6936106245851419
3000,1.6788464822101787,0.7593943267516625,0.04304201704493401,0.8764101366000533,3.088608778998044,0.0001,1.6933758876386569
3001,1.6595700025316669,0.7597334528791493,0.042913877698035556,0.8569226727403444,3.0818916399628833,0.0001,1.6876159589866113
3002,1.6783736967169973,0.7594236654152009,0.04297182090867605,0.8759782156976919,3.0903088045410403,0.0001,1.6875435375538603
3003,1.6976311139112554,0.7600093006362296,0.04316390165209045,0.8944579113962442,3.1289537037603754,0.0001,1.6884779545163044
3004,1.6700927000983976,0.7594120104704619,0.04364120379906397,0.8670394829876766,3.069292480998784,0.0001,1.686786093467631
3005,1.6724017758156657,0.7595753984083752,0.043377483350510046,0.8694488944043736,3.1149399817352603,0.0001,1.6849310534358266
3006,1.6866526774170432,0.7591414439508929,0.04308951650623376,0.8844217173679605,3.0610339020135195,0.0001,1.6835238419004679
3007,1.6805021602048351,0.7597595522176421,0.04343602381661746,0.8773065826290761,2.970737948137171,0.0001,1.6807402539446676
3008,1.6872824319235935,0.7593949838535781,0.0429041003600579,0.8849833454128211,3.0871447271555965,0.0001,1.6790145068695772
3009,1.6862276160209222,0.7599293926908327,0.043138477188094874,0.8831597462024456,3.1586343540864834,0.0001,1.6797580656850557
3010,1.6928531249444818,0.7592440345466258,0.04327608001159606,0.8903330038726692,3.2148139527554926,0.0001,1.6811587299584858
3011,1.666299546707958,0.7591893737021131,0.043181217224554404,0.8639289553921375,3.0501477466877285,0.0001,1.681831684376115
3012,1.6780887237668762,0.7597866890154794,0.043529258296649304,0.8747727749434736,3.0325272262217307,0.0001,1.6818031870811025
3013,1.717037905665005,0.7598609623270635,0.04281192159555988,0.9143650228002734,3.1000577339536037,0.0001,1.6837438662564779
3014,1.6976582001720917,0.75887156862758,0.042845799037941085,0.8959408320834139,3.156989415567255,0.0001,1.6865004162638475
3015,1.691450384640065,0.7595886968937655,0.042930200665766034,0.8889314905564635,3.0663228644318803,0.0001,1.688405277146287
3016,1.6778886185214679,0.7593193150920752,0.04306663388412816,0.8755026702404506,3.24752066294997,0.0001,1.6875288712567293
3017,1.7035543143628336,0.7600784658418466,0.043262171938743356,0.9002136786526889,3.003394616786655,0.0001,1.6898340866725294
3018,1.6705656334546226,0.7594306055479069,0.04303079662168244,0.8681042313757098,3.11726703339126,0.0001,1.6881624068256322
3019,1.6832903493006863,0.7592135231344985,0.04321013043424904,0.8808666962004337,3.0440805828837303,0.0001,1.6878686801536087
3020,1.6661369023168304,0.7595690001580585,0.04318196512380913,0.8633859380626292,3.144381419156676,0.0001,1.6851970578908435
3021,1.6888645066450865,0.758981457588397,0.043484111828446144,0.8863989342208083,3.056183968789679,0.0001,1.6874535538845568
3022,1.672396554424603,0.7588518738263036,0.04332285575402436,0.870221823756158,3.0351003009455684,0.0001,1.6868843369503288
3023,1.6903407219457336,0.7599381595305932,0.042955798986717364,0.8874467644560893,3.1197227048583738,0.0001,1.6842146185784022
3024,1.6753981888415121,0.7595990647167028,0.04287139155560043,0.8729277336271007,3.0672069427691415,0.0001,1.681988617445344
3025,1.6783307146349011,0.7599268562895289,0.04318437566621792,0.8752194834347913,3.0994850339077065,0.0001,1.6806766504448276
3026,1.6865670551634706,0.7591058524820432,0.04343721349147464,0.8840239902025062,3.0750419730830627,0.0001,1.681544494109028
3027,1.7039210079407836,0.7600716605147774,0.04313501286458292,0.9007143323096252,3.0392625167452056,0.0001,1.681581163466823
3028,1.6697535254892424,0.759626869497628,0.043113571393320574,0.8670130824220592,2.9645401263575524,0.0001,1.681499952670285
3029,1.6791692108943546,0.7592977361553339,0.043221142422596774,0.8766503276617,3.0037228251083867,0.0001,1.681087838829652
3030,1.6915344084494013,0.7593171578391812,0.04310705502183152,0.8891101960115452,3.043275091275724,0.0001,1.6836275894429087
3031,1.701928045033925,0.759081360050921,0.042792057410698636,0.900054629385834,3.0676326778307406,0.0001,1.6849339432817927
3032,1.6756161982099134,0.7590504532895272,0.04299380111887779,0.8735719475041297,3.0842237003434745,0.0001,1.685255907660324
3033,1.6872540556393096,0.7596888427318472,0.04362379126326307,0.8839414237750954,2.9986411308903724,0.0001,1.6849472410296815
3034,1.6799312433413027,0.7596763203158582,0.04305107912717436,0.877203844321427,3.0721145280718076,0.0001,1.6854005464796604
3035,1.690177493356546,0.75956175704515,0.04263717480170074,0.8879785650309636,3.1097739717297816,0.0001,1.6865852243518247
3036,1.6903567016729235,0.7593136514418024,0.04266041626069415,0.8883826303282567,3.177468485571066,0.0001,1.68696418900277
3037,1.68668438684626,0.7588562190411783,0.04298486695086497,0.8848433020481231,3.0375444918085064,0.0001,1.685240526893318
3038,1.6753723874053414,0.7597232540770912,0.04320923164940267,0.8724399025176045,3.124160980114347,0.0001,1.6858024130849276
3039,1.670683555017862,0.7591401713373211,0.04343256481278982,0.8681108209381965,3.0239180638388734,0.0001,1.6849538474972783
3040,1.66132244763945,0.7591672585653727,0.04348299082587747,0.8586721974510027,3.093084021949381,0.0001,1.6819326514162836
3041,1.6872242551304506,0.759583376846739,0.043488963138742814,0.8841519164144388,3.1493660049554544,0.0001,1.680462272425936
3042,1.6964034713789609,0.7593779266485094,0.043176890144967166,0.8938486533764651,2.9979649204269627,0.0001,1.6825409997428409
3043,1.6996380240631876,0.7594702075751267,0.04284918163175757,0.8973186353852493,3.184681304811706,0.0001,1.6837793965852286
3044,1.6847749489074304,0.7593422232244852,0.04341453446819623,0.8820181920308371,3.195821016120137,0.0001,1.6842637671418412
3045,1.7013499582031435,0.7597507389515457,0.04288281243422936,0.8987164034018894,3.0257258204852833,0.0001,1.685381013626501
3046,1.6591437767291892,0.7590818049699734,0.04321272692380522,0.8568492464298046,3.1336632471297383,0.0001,1.6822597211321277
3047,1.677550335443044,0.7593993336627256,0.04312797008614995,0.8750230297295124,3.049016367349373,0.0001,1.6813463159918058
3048,1.6902096874815455,0.7593066388888485,0.043210201766379706,0.887692845919553,3.0782091153320867,0.0001,1.6828300459994263
3049,1.679733946768314,0.7601502694899848,0.043155092496659164,0.8764285838144547,3.3010509207572705,0.0001,1.6837350851744717
3050,1.6916428857594425,0.7602802645603977,0.04292059404129431,0.8884420248001632,3.1606081670970028,0.0001,1.686767128986471
3051,1.6795029550730336,0.7596588224233043,0.042753113452609605,0.8770910136205188,3.123607340497371,0.0001,1.685994998980729
3052,1.6878372629080534,0.7596734840778018,0.04294594161167106,0.8852178381177885,3.019826543500409,0.0001,1.6851383781336384
3053,1.6661491658818166,0.7599532172597688,0.04332018769053368,0.8628757610221905,3.131016372667123,0.0001,1.6817894923155012
3054,1.7002775226596887,0.7588383070595608,0.043051050836125926,0.8983881651418204,3.0543176071155385,0.0001,1.683339749690727
3055,1.6865721820092345,0.7591025072469189,0.043211275859004826,0.8842584002030065,3.0417051856948203,0.0001,1.6818619720713364
3056,1.708678236355888,0.7595957339898084,0.042762445146123484,0.9063200548170305,3.16468030613286,0.0001,1.686815418034006
3057,1.6889360372966975,0.759394939119869,0.04304734180713522,0.8864937556442818,3.164668788290894,0.0001,1.6879539882193715
3058,1.6913673010849324,0.759567648958241,0.04298399065377504,0.8888156618960731,3.063565959311402,0.0001,1.6880697495797101
3059,1.691986870451341,0.7594870321649083,0.043272992418455544,0.8892268465631632,3.1292972555025114,0.0001,1.6892950419480126
3060,1.7081043323687075,0.7598828629838043,0.04301429737895788,0.9052071741368417,3.078954588810764,0.0001,1.6909411866089397
3061,1.676892090037193,0.759351463999758,0.04297936446284668,0.8745612633427791,3.186428244167119,0.0001,1.690680100105355
3062,1.6831902334462798,0.7601584102996223,0.04289038137780242,0.8801414441113298,3.0200156454624074,0.0001,1.690215397159178
3063,1.6771275798882723,0.7592317650574458,0.04300568505184645,0.874890132824197,3.06286970983896,0.0001,1.691313238559823
3064,1.6667019707919617,0.7586915465204034,0.04340226244007598,0.8646081622697519,3.0276860762803115,0.0001,1.6879556833730507
3065,1.6641794460056762,0.759358950609126,0.04301248892809266,0.8618080061662028,3.0136383892798277,0.0001,1.685716409772695
3066,1.7045578105454513,0.759829175883326,0.04329809020547306,0.9014305411923004,3.0613268824184643,0.0001,1.6853043671916512
3067,1.6973570211663933,0.7588548951651939,0.04336460512018107,0.8951375251881492,3.0978080276059816,0.0001,1.6861464655786207
3068,1.6933829619966705,0.7594149817559589,0.043672285989138464,0.890295691818422,3.0833637066351716,0.0001,1.6863480316697945
3069,1.6843626936840963,0.7594934209848756,0.04317828970555118,0.8816909854419333,3.0308201465355213,0.0001,1.68558561399307
3070,1.6839421861795576,0.7603230870519642,0.042907083010334995,0.8807120158905674,3.285730489852704,0.0001,1.6831693993741552
3071,1.664126977717417,0.759536836500342,0.04316902160644531,0.8614211184318361,3.309294812335929,0.0001,1.6818928881421775
3072,1.6809638528262867,0.7594910185428952,0.043045952644116016,0.878426882485589,3.1214484223004044,0.0001,1.6816702500801786
3073,1.6692064704324363,0.7589995181584697,0.043189578801091255,0.8670173736391155,3.0617795099351275,0.0001,1.6808781391345946
3074,1.6724336620034843,0.7595040905789961,0.04352149325016788,0.8694080798216088,3.1068605895458323,0.0001,1.6814513082557467
3075,1.6986806391460658,0.7590837508863174,0.04346555797855462,0.8961313275609006,3.0750395869628413,0.0001,1.6849014275697862
3076,1.6920857268704845,0.759120113225786,0.04287926710643343,0.8900863464702579,3.085884597915665,0.0001,1.6836542192022894
3077,1.6840251912693465,0.7591717800552414,0.043389888128934476,0.8814635250951649,3.23255312346058,0.0001,1.6823210362125844
3078,1.6702849858914621,0.7587297563620562,0.043516023889274676,0.868039203796377,3.053505331701004,0.0001,1.680011238602064
3079,1.6474423747033666,0.7592511933908985,0.043420183731141,0.8447709980044839,3.2041648899565844,0.0001,1.6763192067039907
3080,1.7069445154487966,0.7596377389426163,0.04324172742468348,0.9040650517262262,3.0213007917268766,0.0001,1.6786194396309149
3081,1.6797105417290275,0.7589555136088667,0.04326932159447041,0.8774857027172801,3.1140838950932874,0.0001,1.6801777960320756
3082,1.704663178862713,0.7596986067706141,0.04313281583495846,0.9018317567936426,3.0825032319790453,0.0001,1.6825477286357184
3083,1.6754437847021386,0.7588933810259217,0.042768480569789186,0.8737819228343983,3.0051682186416873,0.0001,1.6831714600626886
3084,1.6924332820377777,0.7590280086950646,0.043271966686596976,0.8901333056284496,3.0190613226281218,0.0001,1.685171422066118
3085,1.6854377372027893,0.758972131819077,0.04298179144791609,0.883483814419404,3.0460254326311618,0.0001,1.68384713187179
3086,1.6731328322244223,0.7594555300824782,0.0434403501707932,0.870236954222949,3.0104775820494183,0.0001,1.6819518424071842
3087,1.6863690339043949,0.7592532524714364,0.04317946801562822,0.8839363177546865,3.1924245507431803,0.0001,1.6821862266706886
3088,1.6865475290203675,0.7595128415806056,0.04329988438991214,0.8837348024755656,3.1689841737611784,0.0001,1.6838124809835793
3089,1.6661359637552535,0.758893762350566,0.04323766584570461,0.8640045344406403,3.126585040082796,0.0001,1.6856818398887683
3090,1.7014370598125652,0.7593720071697816,0.043145142268941075,0.8989199096030928,3.068432827508474,0.0001,1.6851310943251447
3091,1.6978181734771807,0.7597571299477475,0.043068086157947716,0.8949929551347999,3.105441654913324,0.0001,1.6869418574999604
3092,1.6663375557315276,0.7593519832734887,0.04291895146785837,0.8640666206048058,3.1544159363056052,0.0001,1.6831092951868416
3093,1.6806698567243425,0.7597707124317393,0.043081163151027224,0.8778179815345072,3.107868863893087,0.0001,1.683631902389062
3094,1.6746783684523545,0.7593431835484069,0.042977537151282504,0.8723576460902638,3.107770761418294,0.0001,1.68185641103052
3095,1.6587969266618725,0.7612928175055714,0.042917807977533244,0.8545862998941849,3.408010658095865,0.0001,1.6791923299764282
3096,1.680121580799985,0.759339988110757,0.04340441787944121,0.8773771740390369,2.9607533695248027,0.0001,1.6798912048339845
3097,1.6728342750976826,0.7598893430847183,0.043237651579278474,0.8697072786503824,3.0571570882449044,0.0001,1.6785377289533134
3098,1.7091117913534386,0.7599103240405812,0.04305378418665145,0.9061476830808677,3.105782247943762,0.0001,1.6807941551866203
3099,1.6794845261148217,0.7594250545782202,0.042929581889758005,0.8771298891027849,3.127381124312689,0.0001,1.682129011422577
3100,1.6775253127361167,0.7594682577899213,0.04328951922681704,0.8747675373968923,3.09228347619697,0.0001,1.679737836714932
3101,1.673834314573609,0.7598846938015239,0.0431742295773953,0.8707753892602592,3.1126926286225385,0.0001,1.6773394508245751
3102,1.6901452500244667,0.7586471761216015,0.04271979554429741,0.8887782791142048,3.1365167591683036,0.0001,1.6797202202538692
3103,1.7085359147305905,0.7591743527271201,0.04272094411250302,0.9066406158960857,3.1584089757462785,0.0001,1.6825068260544938
3104,1.673204645182008,0.7604056654788901,0.0429170252585266,0.8698819534773758,3.1554136515630913,0.0001,1.682359453727459
3105,1.6755229330207948,0.7593481581786583,0.04321468287500842,0.8729600936597549,3.118212034445989,0.0001,1.6840320543633513
3106,1.6748767913475966,0.7591409511546818,0.04320481365157431,0.8725310261484092,3.1678086577274254,0.0001,1.6835075754181126
3107,1.6882404980021122,0.7598700130445236,0.043023077517929234,0.8853474088149187,3.0968186693307596,0.0001,1.6850481977085554
3108,1.70489926729918,0.7600168623256877,0.04291239253889475,0.9019700111651275,3.124500669040254,0.0001,1.6846269453031297
3109,1.6656464294777922,0.7599542803503195,0.04259552288248863,0.8630966223855683,3.262693462942483,0.0001,1.6832431356394266
3110,1.6895290838052004,0.7593291579588916,0.0425511081126834,0.8876488154516017,3.049868670728579,0.0001,1.6844435127463353
3111,1.69802522610941,0.7590389176749797,0.04292292091957696,0.8960633898573279,3.041243686879141,0.0001,1.6868626038999153
3112,1.6976050726056824,0.759269069222843,0.0426271341393492,0.895708868850559,3.088333983692146,0.0001,1.6876085861580363
3113,1.6747187976904863,0.7595140454009871,0.04226351799877855,0.8729412338524513,3.199849187239672,0.0001,1.6842268744540259
3114,1.6734511144988193,0.7597871280103378,0.04307566767532008,0.8705883200826317,3.131131741628202,0.0001,1.6842515213857072
3115,1.7096959943703658,0.7597795513290421,0.04284411753408807,0.9070723239052851,2.9879594739020234,0.0001,1.6876688275206644
3116,1.669824642898103,0.7589101524188601,0.042570272275448816,0.8683442205613815,3.068674200446804,0.0001,1.6871636126757152
3117,1.6622967739376044,0.7594084229478971,0.042798704839865045,0.8600896482958513,3.069356891252932,0.0001,1.6845692402692645
3118,1.7014340307359521,0.7597626194992607,0.042583323879125876,0.8990880879545188,3.1090247505335005,0.0001,1.6842227166129415
3119,1.6800215286608884,0.7591936090171458,0.04292191453202501,0.8779060030261595,3.0537648101849197,0.0001,1.685660226531251
3120,1.6688733069456616,0.7596688626020481,0.04293364540316754,0.8662707964166183,3.107361408566365,0.0001,1.6835946488452975
3121,1.6872047951206959,0.7599395598165888,0.04321033209864556,0.8840549022231334,3.0408673784553883,0.0001,1.682512605746426
3122,1.6951814255172777,0.7594770131439998,0.043408848209265036,0.8922955610659011,3.2042467886729367,0.0001,1.6822702410375854
3123,1.716581019620141,0.7596513381110728,0.04325509482416613,0.913674584538893,3.053248418272146,0.0001,1.686456463230551
3124,1.7062816709340465,0.7601135273975969,0.04312494487839828,0.9030431942451315,3.007669581602843,0.0001,1.6897395188740734
3125,1.7032307273959533,0.7591263018321798,0.04284897827473422,0.9012554481655782,3.010020579092401,0.0001,1.6890929921766324
3126,1.7029207519295249,0.7595551485464007,0.042764933549366425,0.9006006701208998,3.1518640651180583,0.0001,1.6924026030797745
3127,1.674198514186828,0.758759872304015,0.04264435782635671,0.8727942844040495,3.0062553251490876,0.0001,1.693592777104697
3128,1.707900177634512,0.7592816512434768,0.04277339233104404,0.9058451348760791,3.048411742910652,0.0001,1.694239391794553
3129,1.6784968240749523,0.7593381229568931,0.042674223017740924,0.8764844793093374,3.0972112617918253,0.0001,1.6940869213359595
3130,1.6724251885926749,0.7598028486447208,0.04306961435817076,0.8695527287634585,3.198620686182869,0.0001,1.6944421095006608
3131,1.6755042507730682,0.7586601081532832,0.042299372912904074,0.8745447696993245,3.006857190122469,0.0001,1.6932720550658977
3132,1.6771155745697794,0.7602223261858339,0.04283268553248284,0.8740605593264164,3.103146690142324,0.0001,1.691465469971148
3133,1.6688572795831165,0.7589200215213923,0.04243638766948398,0.8675008711781028,3.0835633904164994,0.0001,1.6866930959674455
3134,1.6776796975919248,0.7587445973140956,0.04266902665337491,0.8762660738360326,2.992216105877023,0.0001,1.6838328986332336
3135,1.7011147120903278,0.7593402381359201,0.04267662098635041,0.899097850489568,3.10552562951558,0.0001,1.6836212971026707
3136,1.681276127605361,0.7593932520545279,0.04247845379866161,0.8794044175810553,3.1148033299262337,0.0001,1.6814568346702543
3137,1.6655012097126571,0.7595982544320592,0.04238377018826003,0.8635191875708272,3.1549621515777,0.0001,1.6805871042228375
3138,1.6967634740030548,0.759201900712375,0.042971536063761064,0.894590036229478,3.1229300511052593,0.0001,1.6794734338596917
3139,1.6949397525003909,0.7597835588648644,0.04268034428176725,0.8924758515299939,3.2246633231277158,0.0001,1.6811177267022355
3140,1.6731131698248594,0.7590436954769111,0.04263824889432586,0.8714312250531349,3.0470218963120095,0.0001,1.681186524825454
3141,1.6732442473301297,0.7592290029322641,0.042989407301432705,0.8710258330613314,3.1776814632435118,0.0001,1.68096052448116
3142,1.667854033062956,0.7588574551423714,0.0428403666730343,0.8661562152977648,3.0936439267036637,0.0001,1.6800343703304779
3143,1.6721249707572117,0.7597127943686974,0.04300844234095142,0.8694037338359845,3.049687421346049,0.0001,1.680361139447887
3144,1.6844950138192631,0.7596061119685067,0.043067622620000315,0.8818212811500741,3.191079928473575,0.0001,1.6810426710706214
3145,1.6864119719781934,0.7594218585360606,0.04286364536981795,0.8841264652991271,3.085231095008386,0.0001,1.6795723970594074
3146,1.68387110745931,0.7597006436051994,0.042866392503161946,0.8813040695676455,3.0371078141562595,0.0001,1.6798318950448028
3147,1.6741751380431,0.759220867442311,0.04304887581065025,0.8719053957875795,3.139456375375481,0.0001,1.680699287877847
3148,1.659607540884076,0.7592092791145278,0.04298473855302977,0.8574135212820877,2.9827665499209393,0.0001,1.676983694565949
3149,1.6904547278586073,0.7583707579492798,0.042560237416389264,0.8895237352736823,2.983540133820586,0.0001,1.6765351921017708
3150,1.6750740384717016,0.7593772242083753,0.042551568023573315,0.8731452502899673,3.2757098423298183,0.0001,1.676731278966455
3151,1.6726217991681902,0.7590984312806119,0.042332172877406496,0.8711911925619079,3.115190352919619,0.0001,1.676669034150261
3152,1.667997087232965,0.7591728742175847,0.04307993164410698,0.8657442807969892,3.1602057651380497,0.0001,1.676683339567262
3153,1.6850842247144688,0.7588095969650857,0.04294130816662771,0.8833333198698974,3.135123435430546,0.0001,1.6779792649629877
3154,1.6946600941567103,0.7597853352767217,0.04294101002250192,0.8919337486459082,3.152379370364408,0.0001,1.6789957729967324
3155,1.680562990311435,0.7597080851181526,0.04311738125450954,0.8777375260696691,3.1118535710154878,0.0001,1.6784108748300564
3156,1.6684560889404638,0.7590259121349326,0.04313264923211769,0.8662975277245407,3.035652522383065,0.0001,1.6768693729781716
3157,1.701129152736122,0.7589664118285111,0.042714447568928254,0.8994482925528203,3.071371314975359,0.0001,1.6795647744474738
3158,1.686373603996834,0.7586098676037353,0.04267825050237938,0.8850854846061365,3.100660031030434,0.0001,1.6822413807587497
3159,1.6745996156038667,0.7585324747809048,0.042958568366013965,0.8731085743535968,3.0367459634254717,0.0001,1.6806558695332758
3160,1.6527277642282947,0.7589973991105813,0.04298969311356303,0.8507406722610669,3.1404335247333828,0.0001,1.678421242108935
3161,1.6582464371443277,0.7589339218565223,0.04286841688484981,0.856444098674985,3.106328113325711,0.0001,1.6769837059065487
3162,1.6749470450331667,0.7592189887474323,0.042957356687008,0.8727706984803836,3.1150211473023917,0.0001,1.677678701686569
3163,1.67886666122363,0.7594080458548199,0.042971882568653405,0.8764867288103936,3.0176797271016644,0.0001,1.677056945337485
3164,1.6453648881786493,0.7592863309939542,0.04343441630473727,0.8426441396104878,3.151409316739978,0.0001,1.672127424739679
3165,1.661981380977205,0.7594674641897422,0.04289595036187472,0.8596179690552048,3.056579827295114,0.0001,1.6702692638062562
3166,1.7019024023419704,0.7590151725386026,0.04323156972927689,0.899655660527473,2.98482414481606,0.0001,1.6736138951464068
3167,1.6781341856681793,0.7591778577945779,0.042925993762683676,0.8760303345038489,3.0762221900251285,0.0001,1.6713143984396122
3168,1.7028245893259804,0.7596604908697504,0.04294593629198674,0.9002181615295082,3.057060723372454,0.0001,1.672959496972527
3169,1.6977831223189952,0.758255802230951,0.04290779705705314,0.896619524134221,2.9863949813417197,0.0001,1.6752778476440398
3170,1.6777177281360356,0.7586712976256442,0.04261525866951468,0.8764311740019984,3.0874764445345493,0.0001,1.677776844034814
3171,1.6710795721466112,0.7587672250749615,0.042990865136740414,0.8693214804689734,3.084533449844221,0.0001,1.6790601575350426
3172,1.7099870178568919,0.7593201977969667,0.04277901572097871,0.9078878030997019,3.0566201671867295,0.0001,1.6825641548174146
3173,1.6796271300460939,0.7589420970023041,0.043229533015593555,0.877455500798946,3.144218088405369,0.0001,1.682640201699661
3174,1.697978155124502,0.7595674007466067,0.04296802192865956,0.8954427324492356,3.0633976159666423,0.0001,1.6879015283942465
3175,1.6445939296641165,0.7597596777138313,0.04304000644606461,0.8417942465696688,3.122501924845558,0.0001,1.6861627832629378
3176,1.6723216358594915,0.7597461206192418,0.04254487465167868,0.8700306426722397,2.970201337796921,0.0001,1.6832047066146898
3177,1.6717562193077429,0.7581768668205695,0.04267801353462328,0.8709013375319525,3.077370142839985,0.0001,1.6825669099786462
3178,1.6883321558002526,0.7590277633850763,0.04274590624757035,0.8865584877166618,3.0647847384033047,0.0001,1.6811176666260734
3179,1.6537167464985567,0.7589408686388337,0.04292133831349154,0.8518545428559214,3.102973556421833,0.0001,1.6767110290440297
3180,1.6693558833178352,0.759827808119946,0.042775242855776156,0.8667528298787365,3.0996884533164466,0.0001,1.6758748445622094
3181,1.659212719233476,0.7589625138298252,0.04283051485947615,0.8574196933400317,3.128830980577527,0.0001,1.674688159270896
3182,1.687229901975357,0.7591877279852274,0.04289886748331314,0.8851433061138854,3.0740941878990036,0.0001,1.6724124476827424
3183,1.6416598948939094,0.7593283416291521,0.04312549594933315,0.8392060575572279,3.1000428840548224,0.0001,1.668615724167524
3184,1.6709336522384783,0.7596541517404707,0.04293646531946519,0.8683430325791511,3.1752359020782532,0.0001,1.6659112738789215
3185,1.680280316311254,0.7588804275946007,0.043203011004001084,0.8781968753852902,3.069236761657993,0.0001,1.6694799125436355
3186,1.6678879899378964,0.7589367596663036,0.04263334994867414,0.8663178770132287,3.1305454884774786,0.0001,1.6690365479514757
3187,1.6726962144186241,0.7594383332356962,0.04301528272957637,0.8702425981662094,3.0824104387910083,0.0001,1.669130547462564
3188,1.6591000101145577,0.7592902571627866,0.0430451687160902,0.8567645856411655,2.995534094787273,0.0001,1.6662073328939944
3189,1.670652990046186,0.7595918664584054,0.0431343609614498,0.8679267612812969,3.008548997720405,0.0001,1.6679009572487573
3190,1.6943413626107917,0.7591328930419551,0.042891295396290254,0.8923171720869885,3.0817382229269157,0.0001,1.6703995051780531
3191,1.6921407953962593,0.7597213370563051,0.042422137444207926,0.8899973165432773,3.3149225564322173,0.0001,1.6736923127943313
3192,1.6793048797708012,0.7590721445441487,0.04305670662777419,0.8771760314551861,3.0285978053694564,0.0001,1.6728998105738757
3193,1.664424367536154,0.7587071321073459,0.0424494861831046,0.8632677459813518,2.965213949975329,0.0001,1.6751762578381002
3194,1.6894956514027732,0.7592110320714134,0.04263083156175594,0.8876537895793545,3.0213861155945194,0.0001,1.67703245775453
3195,1.6602606347801718,0.7596021369552999,0.04250490206008509,0.8581535960292599,3.130194608628387,0.0001,1.6750304896014214
3196,1.668685360080572,0.7592719527335486,0.042933987797394726,0.8664794146379883,3.164193167647774,0.0001,1.6751102266156892
3197,1.6725963853435633,0.7591804628681701,0.042910297792291545,0.8705056220837104,3.1754767338596057,0.0001,1.675100243708183
3198,1.6513368308423257,0.7595919770836589,0.04315188738685592,0.848592966046887,3.0292445575973326,0.0001,1.67432392578096
3199,1.6830856814587576,0.7598072046198661,0.04311620318623634,0.8801622727383344,3.1546255998147186,0.0001,1.6755671949222168
3200,1.7026347288253583,0.7598093960880025,0.0428636678575744,0.8999616675245109,3.2777109390340033,0.0001,1.6763965315436735
3201,1.688002235023777,0.7594473423628971,0.04307848033750275,0.885476411522402,3.1553749240194326,0.0001,1.6759826755064253
3202,1.6908636513878317,0.75830038505442,0.042877813139987044,0.889685450563808,3.0876458218324982,0.0001,1.6771385526681286
3203,1.6839715805788795,0.7594396401854122,0.04270355140461641,0.8818283877496061,3.062237492681275,0.0001,1.679093273972401
3204,1.6721921034807123,0.759239448011526,0.043156944230410436,0.8697957156819214,2.9468377838270174,0.0001,1.6773629191801949
3205,1.6719048140498736,0.75927496089413,0.04321528496655199,0.8694145687030247,3.1286349412635666,0.0001,1.678527337107165
3206,1.6687534348718052,0.7587248570536986,0.04303282898289679,0.8669957504673855,3.034862254018958,0.0001,1.6785341445862887
3207,1.683597302461009,0.7586120471025819,0.04287457828831238,0.8821106783244721,3.16474174631053,0.0001,1.679634236298033
3208,1.649114553028865,0.7591503853730207,0.04275567657323687,0.8472084927752342,3.182957643911273,0.0001,1.679412008516687
3209,1.6592522941786667,0.7591634140053337,0.04299169210584845,0.8570971881279356,3.134870233690521,0.0001,1.6770286697886778
3210,1.6831641726754984,0.7598475725607262,0.042605587725223444,0.8807110094576772,3.1515344253176365,0.0001,1.675081614173692
3211,1.7184559392155305,0.759136397746707,0.04264939121493945,0.9166701513722267,3.031840913435992,0.0001,1.678126984592867
3212,1.6714975132661707,0.7583670311477073,0.04281621530621821,0.8703142637292464,3.0577408820088445,0.0001,1.676190370780701
3213,1.6855661720339714,0.7582510703717478,0.04266219134263045,0.8846529113774851,3.112680643373764,0.0001,1.6763498299262103
3214,1.6715639551561212,0.7597197415137146,0.04274144569226743,0.8691027690684819,3.0677800306683864,0.0001,1.6762870150937512
3215,1.6687853777626223,0.758510149033026,0.04239028607614142,0.8678849465676544,3.0921032733414284,0.0001,1.675975071465026
3216,1.6789535928449573,0.7594541007800228,0.042717248382723116,0.8767822435764222,3.158553827365078,0.0001,1.6769950872623411
3217,1.6643948657759304,0.7587381256763156,0.04269031844806478,0.8629664201856143,3.065404700459138,0.0001,1.6750748435938334
3218,1.6790180122876506,0.7592382677670183,0.042983119918173274,0.8767966237145856,3.2748470521601893,0.0001,1.678065189519712
3219,1.6689793313976233,0.7593885010928217,0.042813597296120914,0.8667772306208679,3.046484481490408,0.0001,1.6790378932416075
3220,1.6750802610515338,0.7595059779788128,0.04287222577882345,0.8727020582308875,3.2042067921427635,0.0001,1.6782295020792113
3221,1.6854507966650911,0.7590204813417508,0.04267623821088315,0.8837540774222683,3.0641253485399136,0.0001,1.6749289878241673
3222,1.6775467085064546,0.7590565845884126,0.042841027039301566,0.8756490978837376,3.00355824205503,0.0001,1.6755339073481956
3223,1.669466835369203,0.7591092272172352,0.04265533813840235,0.8677022715097267,3.0353941017909176,0.0001,1.673923973681719
3224,1.6593785987180822,0.75971113087923,0.04292972939009599,0.856737736952595,3.0971539448531114,0.0001,1.6727054380379147
3225,1.666416433592597,0.7595131358558701,0.042593753845648154,0.8643095414125895,3.0952159429902237,0.0001,1.6724685436209126
3226,1.6541645069876743,0.7591608651511326,0.042899049561599206,0.8521045944662897,3.112030590523571,0.0001,1.669989635035184
3227,1.679700291180949,0.7591492164932931,0.043045790635548066,0.8775052859563132,3.3200678320008405,0.0001,1.671520177575686
3228,1.67556465578853,0.7591641533205523,0.042585290469697716,0.8738152107892607,2.94811276296573,0.0001,1.6711748419257737
3229,1.6714516829767285,0.7590234346128623,0.0428858315968852,0.8695424162380352,3.1131421709640996,0.0001,1.6714220770836843
3230,1.6707438064878901,0.7592793834862313,0.04317789290546162,0.868286528947629,3.0894365409808517,0.0001,1.67098843162732
3231,1.6402098829074032,0.758701497473533,0.042730296117538855,0.8387780902759903,3.0796371640346596,0.0001,1.6664643402515513
3232,1.677163443023728,0.7589634185388654,0.04294850158884849,0.8752515232436072,3.1671394566735196,0.0001,1.6664260137032785
3233,1.7038902562965486,0.7590997463307565,0.0422744968600012,0.9025160151460108,3.1244828265772386,0.0001,1.669868355796013
3234,1.6716835078071146,0.7585788088686326,0.04274164687305628,0.8703630529495209,3.140817982188103,0.0001,1.6710988467049162
3235,1.6821257569968822,0.7592935606867498,0.04315219326870436,0.8796800024218057,3.1140573532537803,0.0001,1.672669779045345
3236,1.6751272614297228,0.7592738152275704,0.042707885254710976,0.8731455613365945,3.0878067560660187,0.0001,1.6747660544895495
3237,1.670930131937379,0.7592329889475453,0.042661224127299405,0.8690359182353556,3.0496837715589975,0.0001,1.6738890385651928
3238,1.6932240800731806,0.7584305574879443,0.04283603306474357,0.8919574892182379,3.209684569018366,0.0001,1.6756549809936576
3239,1.6657719577060026,0.7585008585670657,0.042628931709041945,0.8646421701350754,3.1020446297604947,0.0001,1.6750870084665852
3240,1.6990484856446906,0.7596657608633834,0.04292671941598579,0.8964560046399099,3.0603486113325817,0.0001,1.6779174763822653
3241,1.6650882380245666,0.7589618909431519,0.04278358678063321,0.8633427616609279,3.063476989041961,0.0001,1.6804053118939817
3242,1.6778778040868516,0.7587075515160938,0.04276871632852612,0.8764015356679475,3.0756429557142586,0.0001,1.6804767480002938
3243,1.6521181622576762,0.7585825356702051,0.042865445115745186,0.8506701812752604,2.9866757690302017,0.0001,1.6752995385964067
3244,1.6494899228910405,0.7592602587374906,0.04286498834830511,0.8473646770142639,3.107753173332911,0.0001,1.6730801801047992
3245,1.671637034682183,0.7589237230544642,0.04322139825105183,0.8694919111853198,3.0649398033323925,0.0001,1.672031307873329
3246,1.665148322770852,0.7595042132944413,0.04347433134701866,0.8621697808647978,3.0941818268255576,0.0001,1.6710334140074423
3247,1.6872127186695896,0.7594549253310925,0.042575084413524575,0.8851827108291777,3.226292232712674,0.0001,1.6726616726806633
3248,1.6702907352611935,0.7598138623256954,0.04272562543470526,0.8677512462313228,3.3816199503370523,0.0001,1.6703683381994643
3249,1.6776635107597522,0.7585913825470342,0.04251180555951039,0.876560315368867,3.0540080675005186,0.0001,1.6715574935048394
3250,1.6802926061119559,0.7592001342144747,0.04308002884924775,0.8780124420961308,3.2259824126052083,0.0001,1.6696819055515661
3251,1.6604996172458115,0.7587344575121727,0.04257922361153376,0.8591859383134522,3.1304920788468986,0.0001,1.6692230434736905
3252,1.7002519433203382,0.7594971495999767,0.04279617629718587,0.8979586155794214,3.0399182207927744,0.0001,1.671460457397039
3253,1.6750851371467235,0.7586917612422068,0.04264653019199023,0.873746847299364,3.0546173217572257,0.0001,1.6737571548859438
3254,1.667086439611462,0.7592303057713151,0.04299040691847734,0.8648657259242288,3.1330751214501342,0.0001,1.6755168065579862
3255,1.6928061032875557,0.7595362022488886,0.04262922356626808,0.8906406761727034,3.027557681104958,0.0001,1.6776337134185233
3256,1.6699377236695125,0.7592676418548182,0.04246953413887875,0.8682005463723418,3.254032589600971,0.0001,1.6781126535083892
3257,1.6639309819281465,0.7586404264094138,0.04291078067454557,0.8623797760834316,3.0840773033563798,0.0001,1.675784479834245
3258,1.6779979090177988,0.7584916811443971,0.04252274379768913,0.876983481959929,3.0370826029632445,0.0001,1.6765551972099053
3259,1.6718211948992514,0.75836451155177,0.042505300552801474,0.8709513822506214,3.161594441164338,0.0001,1.6759709656238555
3260,1.666325735634771,0.7593377419949545,0.04231367198255435,0.8646743233347761,3.1088450820644296,0.0001,1.6745742785761373
3261,1.6888790091926622,0.7593346325185671,0.042536987494261706,0.8870073883637454,3.0714671585187467,0.0001,1.6774122177708222
3262,1.6539217583064376,0.7594118449557383,0.042294469131175697,0.8522154464410961,3.1557566374842585,0.0001,1.672779199269432
3263,1.6776739201729487,0.7591645749055348,0.04215014295210461,0.8763592036301175,3.0774993420130823,0.0001,1.6730380775720548
3264,1.6709597665688087,0.7592311667138616,0.04255072509541231,0.8691778764823871,3.0866331831678657,0.0001,1.6734254102677895
3265,1.6695277415231082,0.758818213765568,0.043187589722762966,0.8675219373093658,3.1515850604910396,0.0001,1.6710975740913447
3266,1.6577740305577524,0.7592182939241189,0.04284450055135917,0.855711233195741,3.260218198110801,0.0001,1.6698812047801685
3267,1.6632252346429572,0.7593720207107961,0.042628188162256206,0.8612250238656998,3.124704327351181,0.0001,1.6698106300516495
3268,1.650342141155297,0.7584601352954733,0.04252773148534748,0.8493542749940987,3.106585677448683,0.0001,1.6670450532653995
3269,1.6518680079713555,0.7582782595201149,0.0425575761234059,0.8510321703329531,2.980670025817763,0.0001,1.66504973457261
3270,1.7011408635375467,0.7586907262009007,0.0425900075788672,0.899860128458083,3.0969972985269574,0.0001,1.6685312473628877
3271,1.6793436775584734,0.7587705047812472,0.0422589140538028,0.8783142596301877,3.2538458822223286,0.0001,1.6675777141994685
3272,1.6676768949500929,0.7592686073775223,0.0426766127650201,0.8657316785252844,3.0483780610875715,0.0001,1.668953227863834
3273,1.6507448917953769,0.7596272436890592,0.04251250147094107,0.8486051485093563,2.9675543849898642,0.0001,1.666260325026077
3274,1.6703382070359545,0.7595450968819748,0.042666442737618035,0.8681266650134362,3.056025475082243,0.0001,1.6661981690727916
3275,1.6873962209384292,0.7600033399299483,0.04275601509860273,0.8846368696276121,3.0979700277107964,0.0001,1.6679850170143236
3276,1.6745675701882243,0.7588851482099258,0.042570392451953695,0.8731120276523652,3.1153434913975713,0.0001,1.669664370977371
3277,1.656203213739105,0.7592237132316187,0.042499649839033704,0.8544798523610794,3.106104379251569,0.0001,1.6689621688869853
3278,1.6736962540154525,0.7594231150696775,0.0427686969842195,0.8715044402387031,3.1677628907905873,0.0001,1.671297580173001
3279,1.6500636902590553,0.758892977334423,0.04296534153317341,0.8482053711345423,3.0266463531683714,0.0001,1.671117148401771
3280,1.68484008227594,0.7594488764873141,0.04274995718718059,0.8826412499464792,3.2957674857327226,0.0001,1.6694870702756102
3281,1.6658607911144745,0.7583387642796576,0.04266332225915626,0.8648587043055203,3.0660122434701202,0.0001,1.6681387816312108
3282,1.6983724032164103,0.7591570983310258,0.042805741089594534,0.8964095626169963,3.0578105115987224,0.0001,1.671208332457842
3283,1.6964029473900553,0.758789039407734,0.04250002463497448,0.8951138833549033,3.0289298029990515,0.0001,1.6757741380173101
3284,1.6540840755369794,0.7593299764648654,0.042468073401925044,0.8522860250959048,3.201211157241651,0.0001,1.6741487248674125
3285,1.6715883124189008,0.7583190975276258,0.0425654117766065,0.8707038002734736,3.1183303113399607,0.0001,1.67256793401546
3286,1.6548837557525713,0.7587606146417815,0.0424873309009699,0.8536358121593632,3.080973922118212,0.0001,1.6705995525718944
3287,1.6424910960526302,0.7587720271781783,0.04297157160892448,0.8407474980513899,3.0783022231069106,0.0001,1.669228340803247
3288,1.6596738451876456,0.7585051872183779,0.042673413216705015,0.8584952413824218,3.1645636473901373,0.0001,1.667826099920466
3289,1.66100750636861,0.7585345743635847,0.04273148385796537,0.859741445819698,3.012867849932239,0.0001,1.6689204815314216
3290,1.6856280227945495,0.7591343883568569,0.04318049374748679,0.8833131458889882,3.1601921020124797,0.0001,1.6689992755832825
3291,1.6630896094121024,0.7592395374789441,0.04311045357470097,0.8607396156230515,3.2542097418593587,0.0001,1.6687221574130455
3292,1.6723731041680001,0.759226763586969,0.043001697223036574,0.8701446431313035,3.122169320288343,0.0001,1.6661222275082044
3293,1.663607672672968,0.7592293316645748,0.0432308073217922,0.861147535379228,3.0532881384205384,0.0001,1.6628427000364958
3294,1.677403227310877,0.7587555234620827,0.04279200759910908,0.8758556951917935,3.0377943457744667,0.0001,1.6651746152138855
3295,1.6697101515640351,0.7595477547897045,0.04267314505625448,0.8674892536373942,3.117877924659915,0.0001,1.664986799128399
3296,1.6519419793908543,0.7585018529853279,0.04288199102660947,0.8505581392931164,3.119462279470649,0.0001,1.664692621492227
3297,1.6843834330779301,0.7586334900246673,0.04262220859527588,0.8831277350776094,3.1529015048764055,0.0001,1.6688818551947573
3298,1.672845115647113,0.7587857118242894,0.04262913675869212,0.8714302663387198,3.14257883348523,0.0001,1.670198982240704
3299,1.6586818568121346,0.7595942153408368,0.042521344720712784,0.8565662963349848,3.0964507623811763,0.0001,1.6699664172850563
3300,1.660300074798824,0.758918091685003,0.04271556518624327,0.8586664169376932,2.9147569806774056,0.0001,1.6674336224854838
3301,1.6786695090075294,0.7594628022118466,0.04260013045452188,0.876606578018675,3.0734978919096942,0.0001,1.6689916124450268
3302,1.6522847817829125,0.7586030006166887,0.042595493140617204,0.8510862876024498,3.1061412591721416,0.0001,1.6669827802065178
3303,1.6174044461569486,0.7580564798254512,0.04243362530249853,0.8169143411763481,3.2443180379229193,0.0001,1.6623624575549159
3304,1.6822849219517582,0.7584110342464873,0.04213314704430756,0.8817407374721753,3.0553740514461216,0.0001,1.662850627019004
3305,1.6543327013812732,0.7584454468007503,0.04293602136762824,0.8529512347997323,3.0888352814842674,0.0001,1.6613128820007277
3306,1.654008747235273,0.7588435908360124,0.04292175687592605,0.8522433998104767,3.060078072015944,0.0001,1.6615195587851694
3307,1.6769858372622524,0.7596094102936874,0.04295820686928399,0.8744182233636326,3.3023710688519428,0.0001,1.6607797992036015
3308,1.6436489895439534,0.759910750824346,0.042680786057369705,0.8410574533574238,3.201212659568864,0.0001,1.657860186593286
3309,1.6812610755585753,0.7589659484114657,0.04250899990963888,0.8797861266631867,3.021533051320554,0.0001,1.66011810846793
3310,1.6702824707688957,0.7592746970861485,0.043113839553771106,0.8678939311366536,3.0446522866978363,0.0001,1.6611163480649371
3311,1.6837390527038496,0.759358699012238,0.0426773995946919,0.8817029544596257,3.0716687847102633,0.0001,1.6616233024345692
3312,1.6732351316883405,0.7592126854051199,0.04252862954478235,0.8714938159072375,2.9875367676752336,0.0001,1.6637183374251119
3313,1.6630214692129324,0.7585244981560697,0.04225798455986967,0.8622389833233177,3.114955188294695,0.0001,1.6682800397307105
3314,1.6665563907391159,0.7590751397682252,0.04255954803366206,0.8649217043124879,3.061149047306053,0.0001,1.6667071866094463
3315,1.6691094398740338,0.758473853915023,0.04271389722340489,0.8679216863175676,3.038384866037427,0.0001,1.668184860458722
3316,1.664664221462807,0.7592623914472956,0.04262123872010268,0.862780589912593,3.0763021480239185,0.0001,1.6692504078814756
3317,1.6895566167986176,0.7591885473375146,0.04277441564486428,0.8875936538011259,3.1174507368408886,0.0001,1.670507485835112
3318,1.649609544335224,0.7580414948792293,0.042747560427590266,0.8488204885145714,3.0539604028872014,0.0001,1.6711035413142394
3319,1.675079764749167,0.7592912371937208,0.04296013646386942,0.8728283908119913,3.260524411955905,0.0001,1.6704854102332984
3320,1.6611526305003292,0.7589925652101606,0.042708344681993214,0.8594517247490661,3.028261629369631,0.0001,1.6695724262064418
3321,1.6803142354647964,0.7581901482587896,0.04267535248344375,0.8794487332415145,3.061116874338889,0.0001,1.6692299444825363
3322,1.661925532150462,0.7590069084090103,0.04247279703979802,0.8604458227421159,3.115976470720937,0.0001,1.6680989845287484
3323,1.6609651937204248,0.7585356121856349,0.04272834306798165,0.8597012381343281,3.021816942803033,0.0001,1.6678933569794978
3324,1.6919982276146601,0.7588946602890989,0.04223926676697953,0.8908642956922794,3.0975624857277704,0.0001,1.6704375406670526
3325,1.6520598840278253,0.7588640574751229,0.04267698175766889,0.8505188436313527,3.0526884668497236,0.0001,1.6687325850824315
3326,1.6648659149966907,0.7591979218303069,0.04243883569148685,0.8632291583816614,3.171532537100523,0.0001,1.6687527544358196
3327,1.6664882241833283,0.7596733477004401,0.04204428727921801,0.8647705884782586,3.1966359458153435,0.0001,1.6664459151742907
3328,1.6719277612336025,0.7596079595915928,0.042191275234880116,0.870128527661487,3.02841548745579,0.0001,1.6686777368641288
3329,1.6854895749875547,0.7596098538828187,0.04259118975780557,0.8832885309993375,3.0645450184359753,0.0001,1.6697187178879673
3330,1.6471040998462732,0.7588861243719986,0.042671668360247814,0.8455463082021438,3.1357963491405,0.0001,1.668313864822562
3331,1.6813106813730623,0.7593230960577061,0.04269775101427616,0.8792898315807869,3.030236916658119,0.0001,1.6684135094133885
3332,1.6341207507415911,0.7586925364652947,0.04247577751384062,0.8329524346920104,3.1444585129890674,0.0001,1.6656330312725014
3333,1.655713794560268,0.7590505540008236,0.04272960625120399,0.8539336283991593,3.176144248331778,0.0001,1.6651078913564856
3334,1.656053043040494,0.7588120944359723,0.042572970080810915,0.8546679778965323,3.0562946191907656,0.0001,1.6615133728990692
3335,1.6936673739618995,0.759411845439346,0.04265988550128124,0.8915956449557028,3.127349120366404,0.0001,1.6656741218924764
3336,1.6635513071114345,0.7590897788140644,0.04251468157429724,0.8619468476600628,3.3508485582247225,0.0001,1.665542661103951
3337,1.6706549949626652,0.7589172084965039,0.04307234843410778,0.8686654390143816,3.0919704947461946,0.0001,1.6659593381818845
3338,1.648983851044947,0.7592029281368604,0.043001013643601364,0.8467799104130534,3.0303653398827173,0.0001,1.6636649471630194
3339,1.6399286039944352,0.7589462533683854,0.04242420075631287,0.8385581488118452,3.118068648158416,0.0001,1.659108850063707
3340,1.657143882999072,0.7588642507972873,0.04240791816982246,0.8558717142737662,3.1126658979342383,0.0001,1.660112828378987
3341,1.6624460595132855,0.7589836525626888,0.042750021748803935,0.8607123801994759,3.1508281956338013,0.0001,1.6582263661930092
3342,1.6521493978722825,0.7596551317714049,0.0426883235664445,0.8498059443630747,3.3116405000551237,0.0001,1.6600292309060785
3343,1.6669365133765262,0.7587649222561602,0.04295055837224995,0.8652210329445815,3.0643654046145703,0.0001,1.6611515027877044
3344,1.646378665981138,0.7593870063824296,0.04310384701038229,0.8438878114246452,3.2187080842728064,0.0001,1.6601840650817685
3345,1.6568194148990252,0.7596123231835588,0.043046003664724726,0.8541610863430021,3.2428376885021435,0.0001,1.656499269175481
3346,1.6614077177057403,0.7596887136086006,0.04238018327020487,0.8593388214616698,3.26912730509079,0.0001,1.6562849102349115
3347,1.6536400718331095,0.7590013305990981,0.04245565073001699,0.8521830902017397,3.166853742957357,0.0001,1.654583417921956
3348,1.6603455614850198,0.7592348230296168,0.042354588092703364,0.8587561497733027,3.0441043940325536,0.0001,1.6557195889659635
3349,1.6811850453003425,0.7598982994986838,0.04272162479029224,0.8785651193187396,3.090634756591209,0.0001,1.6598452330965543
3350,1.665631582480657,0.7593509655211567,0.04247413082973952,0.8638064868551723,3.0954457741480086,0.0001,1.6606940030447128
3351,1.684987871448602,0.7593571751644839,0.04251116308672675,0.8831195312629607,3.5078368854329263,0.0001,1.6629481842382443
3352,1.6783818845574803,0.7591581093128507,0.0423290632801172,0.8768947125085711,3.0958975159372324,0.0001,1.6655714329067641
3353,1.6674008946147942,0.7595599441209139,0.04253319915361385,0.8653077514913938,3.2144970543244304,0.0001,1.665617871030591
3354,1.6692770984303396,0.7589001135700373,0.04281999228208592,0.8675569891476245,3.1677006214675747,0.0001,1.6679077142755108
3355,1.670002634336692,0.7593903493204175,0.04259110778630626,0.8680211761720765,3.1112147825968437,0.0001,1.669226036219278
3356,1.6653431707173283,0.7590846632121785,0.042688851907819084,0.8635696550986104,3.2686735041001262,0.0001,1.6696195815204362
3357,1.6778324245197536,0.7594604534503171,0.04259375070219833,0.8757782206392675,3.3205861955820666,0.0001,1.672038816789101
3358,1.703870534171439,0.7587963140760425,0.042816139863422385,0.9022580804435525,3.291031209740629,0.0001,1.6763913140577429
3359,1.6470489572076237,0.7586812609107693,0.042392954865043596,0.8459747440160893,3.110819302998015,0.0001,1.6729777052484711
3360,1.669391565704926,0.7589392639076976,0.04250229662378709,0.8679500051281032,3.1745671785869174,0.0001,1.673353703570898
3361,1.6555470600573092,0.759038095783752,0.042570242533577385,0.8539387194881817,3.0388153772083304,0.0001,1.6704096224317684
3362,1.685257087372863,0.7592671529274683,0.042370789674909794,0.8836191467653666,3.100415056424015,0.0001,1.671097142713307
3363,1.6783736379586658,0.7593403625439921,0.042979221556781515,0.8760540500797075,3.179552132169325,0.0001,1.6721944170476941
3364,1.6682300444306999,0.7589173086032907,0.04238444022668061,0.8669282899636768,3.212485272308876,0.0001,1.67208971164773
3365,1.6620500761161712,0.75898635472052,0.042673389519929404,0.8603903339310544,3.3068520875296294,0.0001,1.671294455825678
3366,1.6718602903474418,0.7593568940675283,0.04252932956687819,0.8699740697960341,3.0087465681362344,0.0001,1.6719461677886893
3367,1.6678741606930931,0.7584893576513682,0.04274517406556476,0.8666396302758559,3.1793989187321845,0.0001,1.6709503414060234
3368,1.6560316310692995,0.7588574753329913,0.04271499211115963,0.8544591599829782,3.098221617344669,0.0001,1.6661664510958094
3369,1.676584658951595,0.7592948491384727,0.042478615081818064,0.874811194217471,3.073314941437201,0.0001,1.6691200212702064
3370,1.6826817516622872,0.7590133205630475,0.042704775415617846,0.8809636539154314,3.1009782131980446,0.0001,1.6704490398659426
3371,1.6645728122390067,0.7596599123540805,0.04256259790540467,0.8623503019417397,3.1561129787147166,0.0001,1.6713516150841123
3372,1.6590905456707394,0.7592136431901015,0.04243103921050716,0.857445861350813,3.126347309435599,0.0001,1.6687349609138997
3373,1.663759205452569,0.7594191088637764,0.04264743792357841,0.8616926573806312,3.1955390871175644,0.0001,1.6672735176632902
3374,1.6847996420357338,0.7591929792390634,0.04244720210410035,0.8831594615388836,3.0446853052530036,0.0001,1.6689304774237936
3375,1.6551961534888944,0.7586517879252018,0.04281960104348451,0.8537247640214876,3.112996518491006,0.0001,1.668245085161066
3376,1.663377084185579,0.7592140390229757,0.04273607498733799,0.8614269698503414,3.2934021603988586,0.0001,1.6673967645448797
3377,1.6741278719224988,0.7586676821747368,0.04284758137399236,0.872612608358657,2.9798630819359366,0.0001,1.6680221356678202
3378,1.6553360428094381,0.7596341717315735,0.04255142439209665,0.8531504480836962,3.255218640302306,0.0001,1.6679525768418344
3379,1.6810875646241055,0.759038477592004,0.042391426423016715,0.8796576607299866,3.038146807746036,0.0001,1.6684028674090854
3380,1.653150232399211,0.7587465435931455,0.04222356620231458,0.8521801278780972,3.107026399995444,0.0001,1.6654497154827776
3381,1.6733407320163796,0.7586771461349472,0.04241031807286261,0.8722532686397705,3.036670138821399,0.0001,1.666326507460515
3382,1.65553586816691,0.7585041330745689,0.04215987096210039,0.8548718623015992,3.062063859152262,0.0001,1.6659710397101322
3383,1.6500054411665663,0.759064593977667,0.042561327468067345,0.8483795172801245,3.208528720824762,0.0001,1.6645956632815317
3384,1.6594161542385635,0.759040245903433,0.04222249041706263,0.8581534172908892,3.0561406273870872,0.0001,1.6620573145018145
3385,1.6811034978040575,0.7590895659057896,0.04243662270280942,0.8795773048278768,3.0845317908281245,0.0001,1.6646480489333306
3386,1.67280041712051,0.7592403378496305,0.04253805118932202,0.8710220240313431,3.1904078494704518,0.0001,1.6655903822268239
3387,1.672660650999019,0.7590133607024837,0.04252593947714289,0.8711213489907509,3.101350267808771,0.0001,1.665443660134476
3388,1.6543085318791697,0.7588221994181433,0.04261272359813203,0.8528736060443683,3.128747880096126,0.0001,1.6653409090414493
3389,1.69112302783053,0.7590693116913461,0.042122661221099915,0.8899310547971823,2.9436988479950847,0.0001,1.666344455362092
3390,1.6689427640085046,0.7585706265896377,0.04229263238926205,0.8680795054225361,3.0929097067753637,0.0001,1.667923708523021
3391,1.681290912821617,0.7593765415961554,0.04230192902122018,0.8796124460428771,3.1531540501190247,0.0001,1.6687187266035448
3392,1.6751524687538766,0.7590514151851739,0.04246356738750156,0.8736374887654795,3.1369972504660275,0.0001,1.6706803866622413
3393,1.669717080331961,0.759054101504854,0.04210561743614398,0.8685573559503769,3.1260717200459136,0.0001,1.672651550578781
3394,1.6575059233040645,0.7588720695242195,0.042805814114352025,0.8558280433378886,3.0550742616034423,0.0001,1.672460527485331
3395,1.6430727049980396,0.7593253560772291,0.04220760279688342,0.8415397442046092,3.145957464862305,0.0001,1.6686574482047292
3396,1.6616705744310034,0.7587216923251355,0.04247229021896455,0.8604765869299248,3.0131111592356623,0.0001,1.6675444639357786
3397,1.666888718189139,0.7585653309647984,0.04260433469776208,0.8657190528288332,3.1268229020294744,0.0001,1.6669672706547902
3398,1.6571473479270935,0.7588500647709288,0.04266196017816633,0.8556353224641653,3.1523280658779957,0.0001,1.667251152259583
3399,1.665677278327168,0.759042471103204,0.042912439932445964,0.8637223653873131,3.1596622510565706,0.0001,1.6647065773092469
3400,1.6718260557607996,0.7588243330951636,0.042351153269259006,0.8706505721922336,3.150822509616674,0.0001,1.6649949064844762
3401,1.6636737407341933,0.7596377208073289,0.04291549318944223,0.8611205268885495,3.165947509343919,0.0001,1.663233189275734
3402,1.6755979880841703,0.758459713468687,0.04267344247496878,0.8744648341807342,3.225097803750338,0.0001,1.6632777412087631
3403,1.635984334210595,0.7589465269694222,0.042726890310554426,0.8343109126386004,3.0458141507289955,0.0001,1.6599044665966267
3404,1.6710452729983456,0.7591687193023264,0.04270766763126149,0.8691688898656117,3.1892216577974826,0.0001,1.6612584015660548
3405,1.6710374033717064,0.7582334214727003,0.04278222107258578,0.8700217600858962,3.069246070863751,0.0001,1.6640548714034213
3406,1.6596792960505458,0.75939149958125,0.04267155858130774,0.8576162384169339,3.1169134934582043,0.0001,1.6638557435653756
3407,1.6546271404678392,0.7585667492651794,0.04271229527301285,0.8533480953780318,3.249961651846555,0.0001,1.6626295857932458
3408,1.6513807633343864,0.7592438849909552,0.04230375536556902,0.8498331228418476,3.120229792401467,0.0001,1.6620529273339752
3409,1.6496732924095758,0.75927836452488,0.04280594057775656,0.847588990918884,3.1858345468436005,0.0001,1.660452528742216
3410,1.670089706446046,0.7583517867459728,0.04263043161821656,0.8691074915464522,3.074637502734124,0.0001,1.6602788938107405
3411,1.6618795934120008,0.7592583432884293,0.04260960070163193,0.8600116462180387,3.007904622666009,0.0001,1.660099479078521
3412,1.6707552540858426,0.7587246943197192,0.042685844351747215,0.869344718436924,3.1284383317761684,0.0001,1.6596152056786884
3413,1.6707880133063993,0.7589183616589823,0.04274334506137376,0.8691263038808628,3.1056521790022784,0.0001,1.6630955735882686
3414,1.6713707295924607,0.7596785833579289,0.04241866344854266,0.8692734827406507,3.1738267295500813,0.0001,1.6631281192476801
3415,1.6494561491825035,0.7592896017534979,0.04288229062155826,0.8472842529461423,3.250751623759163,0.0001,1.6609699938287599
3416,1.6613682979986102,0.7584494944760088,0.042866007309656354,0.8600527939611468,3.044653366110146,0.0001,1.6611388940235663
3417,1.6805430165894375,0.7591295817802692,0.04246588048296574,0.8789475535856783,3.2568642609501466,0.0001,1.6637304816357266
3418,1.6477392459737843,0.7590396040351589,0.04241387524904634,0.8462857674829979,3.0861902190995747,0.0001,1.663366329899666
3419,1.650057917434352,0.7588764657597029,0.04262722070512133,0.848554229790734,3.092208713111723,0.0001,1.6634047924021438
3420,1.6531539017723733,0.7596252148340005,0.04239395327306906,0.8511347341337987,3.2236686156681054,0.0001,1.6617112119347766
3421,1.6618668819054145,0.7597373131564374,0.042622328046369264,0.8595072398411816,3.2036153148202335,0.0001,1.6617099407841178
3422,1.6747900788005419,0.7585023495294985,0.04254446334335915,0.8737432698569965,3.1465766932853096,0.0001,1.6621134232555879
3423,1.6599434376004742,0.758987433286516,0.04247812881431038,0.8584778747742364,3.0568905640809096,0.0001,1.6610289656849955
3424,1.6584093261200323,0.7592047350160007,0.04213361275848946,0.8570709802195218,3.0015785343506756,0.0001,1.6597328253377526
3425,1.6779237369011188,0.7589879108490857,0.042142867800188354,0.8767929577531244,3.1505590844105997,0.0001,1.6625795841096138
3426,1.6714035508357004,0.7595044490531783,0.04214659254642819,0.8697525119714998,3.3551674636334,0.0001,1.663583109393323
3427,1.673785985725163,0.7592917920126151,0.04217933205997243,0.872314862317536,3.0609487989127757,0.0001,1.6629074063068956
3428,1.668118052864655,0.7594636152772343,0.04192472132901391,0.8667297170896076,3.127354956301908,0.0001,1.6649452869959824
3429,1.657462357628418,0.7591749573576039,0.042163243158352064,0.8561241582912558,3.062940670558937,0.0001,1.665685731015389
3430,1.6730687701677938,0.7594031079787512,0.04256008169472097,0.8711055808872529,3.041989336632812,0.0001,1.6676772178549313
3431,1.6991929297031303,0.7585576585291849,0.0423428325575699,0.8982924349742052,3.2011620971784147,0.0001,1.6714098226347027
3432,1.6586536991185155,0.7585973743251081,0.04227526313634722,0.8577810664931369,3.1725872126360692,0.0001,1.6697961846665001
3433,1.6750080488758203,0.7584617694057751,0.042538148878070454,0.8740081334482825,3.118225946387703,0.0001,1.6713026457940345
3434,1.6493273863444222,0.7596420303561383,0.042555963291841394,0.8471293954469611,3.3392073290826825,0.0001,1.6703944518164735
3435,1.6544811378627955,0.7582802294959403,0.0426114966854846,0.8535894106234788,3.1626273524205053,0.0001,1.6680501919126414
3436,1.6686289223405943,0.7586972782384551,0.04250316083068538,0.8674284855534774,3.057669497164945,0.0001,1.6677727290631306
3437,1.660869018543081,0.7587856024080551,0.04226207346268165,0.8598213432919665,3.173244303186815,0.0001,1.6664810323449228
3438,1.6751989374054372,0.7591210779021768,0.042740425280093176,0.8733374335733195,3.0558474564407225,0.0001,1.6671891207990008
3439,1.671990686933119,0.7587197890871679,0.04300062579025361,0.870270271451188,3.127677916996861,0.0001,1.6686419537294708
3440,1.6657078167004227,0.7586118554730444,0.04248849035034799,0.8646074675975658,2.9762431786945336,0.0001,1.6679058583827338
3441,1.6800922264191973,0.7595584381666435,0.04235925393946031,0.8781745347967013,3.033242349692339,0.0001,1.6659957880543406
3442,1.6435163965331614,0.7582828043440535,0.04236378679410923,0.842869809551002,3.2512982798396455,0.0001,1.664482057795805
3443,1.6988207281965755,0.7582087710227734,0.04257959308779022,0.8980323650683399,2.9726351206974857,0.0001,1.6668633257278807
3444,1.6914048943268116,0.7594092360132848,0.04207264530731263,0.8899230113135874,3.2023465964663584,0.0001,1.6710710765261196
3445,1.6577058890286613,0.7588791107309276,0.042212081003866135,0.8566147031273852,3.116992549045091,0.0001,1.671393551642706
3446,1.6728595422682848,0.7587119661286685,0.042043755552589775,0.8721038209497324,3.057306877981577,0.0001,1.6718166136354753
3447,1.6608979948635758,0.7593508812525209,0.04234364211680198,0.8592034769197264,3.1432962241085742,0.0001,1.6718195112675247
3448,1.680842280750584,0.7589431100394615,0.042311152386616986,0.8795880186720987,3.1278587937596845,0.0001,1.6723838456020395
3449,1.6538229487972376,0.7580486909612922,0.04228908802868145,0.8534851679181714,3.1577217008230893,0.0001,1.6705670717884513
3450,1.653916173605116,0.758510005885157,0.042675352725247584,0.8527308136950158,3.349495955219617,0.0001,1.6693879074789204
3451,1.6621450004422882,0.7581919935847393,0.04225204005444509,0.8617009662439326,3.1616782157948244,0.0001,1.6675931848812298
3452,1.6629591488693114,0.7585136871067071,0.04298938989155675,0.8614560725511209,2.9719234400298484,0.0001,1.6695374601148447
3453,1.651072390060154,0.7586888696310728,0.042900538105993674,0.8494829862221743,3.09115829187281,0.0001,1.6647626263012025
3454,1.6744377787166387,0.7591971605109394,0.04245791111224563,0.8727827063529293,3.3207315346773933,0.0001,1.663065914740185
3455,1.6804805834443284,0.7591485784938804,0.041946816154232375,0.8793851849046851,3.0717827957010173,0.0001,1.665343384181752
3456,1.6553821977205256,0.7586754487929431,0.04260583218889836,0.8541009158621453,3.1238121403641923,0.0001,1.663595649726976
3457,1.68758814499296,0.7589559526037251,0.0425816559162875,0.8860505368583221,3.1649828837319274,0.0001,1.6662646647399142
3458,1.6452492590366463,0.7585526675771748,0.042046972510780815,0.8446496178152353,3.0308050765952523,0.0001,1.6627053625685206
3459,1.6893814284709598,0.7585389838982789,0.04216794962815291,0.8886744924358132,3.0309236301128086,0.0001,1.6662612105358927
3460,1.6587847425294455,0.7593344196102924,0.042201589377366504,0.8572487331639681,3.143110690203932,0.0001,1.6667480674283257
3461,1.667668855818967,0.7589184807473699,0.04194328630188174,0.8668070906059132,3.053514072184147,0.0001,1.6673004529659934
3462,1.6602032281322363,0.759035376336947,0.04223696890515682,0.8589308774948845,3.007523607772456,0.0001,1.6670248608922862
3463,1.6516784817645322,0.7591454299661741,0.04250546449580009,0.8500275896450327,3.355371551387934,0.0001,1.6670854700627238
3464,1.6579484662709807,0.7582329430638172,0.042856960219253636,0.8568585641062526,3.184426587203453,0.0001,1.6654365388181582
3465,1.6802483928856453,0.7589130656714371,0.04239134783677107,0.8789439808131473,3.0558969324065512,0.0001,1.6654133197622898
3466,1.6471759344453019,0.7590053092393624,0.04246587661410442,0.8457047477606344,3.333987490642385,0.0001,1.6645926934347675
3467,1.6832531023218955,0.7588728695322002,0.04201786319817781,0.8823623702715908,2.9495082764789977,0.0001,1.6641591891676613
3468,1.6568429374549742,0.7589444334318382,0.04222204888326401,0.8556764566209205,3.0207932602319465,0.0001,1.6653185570094937
3469,1.6616726983149686,0.7584962890791361,0.042319362110346856,0.8608570478811225,3.0723862038664596,0.0001,1.6625476839938949
3470,1.6543905612904934,0.759025285621202,0.04239554917836528,0.8529697242693534,3.092365428835577,0.0001,1.6621082658699993
3471,1.6621434574920313,0.7590451851094229,0.0421759543022326,0.8609223165237637,3.121186608716876,0.0001,1.6615557260373062
3472,1.6737925485229879,0.7581817483563452,0.042464539680713086,0.8731462620123163,3.1401246135665244,0.0001,1.6629146580763812
3473,1.6668613435772321,0.758192106748933,0.04264200555867162,0.8660272304988778,3.1727751297592874,0.0001,1.6644329442576509
3474,1.6594821223139038,0.758735446006241,0.04201856515470431,0.8587281104275469,3.038628436488989,0.0001,1.6645863098619433
3475,1.6774420909900936,0.7580080507493164,0.04241736447835307,0.877016671651759,3.0518617784759337,0.0001,1.6643056796723883
3476,1.6540106162579984,0.7587513759218413,0.04249666573793361,0.8527625773222947,3.239396627486115,0.0001,1.6649891478536578
3477,1.673146014523071,0.7595513789455499,0.04250828658833223,0.8710863496465929,3.1849259952986215,0.0001,1.6639784390737755
3478,1.637817082129434,0.758112472283671,0.042081394495393394,0.8376232138693211,3.0500695519224865,0.0001,1.6620758535412214
3479,1.663907325533776,0.7589176184749022,0.042815082697065555,0.8621746218530933,3.2304540217285465,0.0001,1.662299316263102
3480,1.6805546797555069,0.7589601145312945,0.04256944095387178,0.8790251245121443,3.0908987638191086,0.0001,1.6649157281096034
3481,1.663246513622044,0.7593223182956781,0.042514140417319525,0.8614100547276936,3.042619895016204,0.0001,1.6650260337226048
3482,1.6613047275291737,0.7594957574144097,0.04228621830079425,0.8595227537937387,3.1434919604423324,0.0001,1.6637772516232232
3483,1.6710555257226585,0.7590440070411496,0.042348360676794455,0.8696631576835686,3.155588834087457,0.0001,1.6641966698377662
3484,1.6833105104206543,0.758630436767671,0.04244983534783911,0.8822302383278132,3.068577487618638,0.0001,1.6665795086484412
3485,1.6803489617595324,0.7603724377634076,0.042251811791626966,0.8777247119324686,3.671919041908295,0.0001,1.6668701957253849
3486,1.656527849288306,0.7588716136030929,0.042585446916777514,0.8550707878918967,3.2304931973347073,0.0001,1.6671219190284154
3487,1.6818897577860292,0.7588157213725618,0.042269841169005236,0.8808041943376979,3.0772899246602705,0.0001,1.6679962933547112
3488,1.6743895629114844,0.7592701153871254,0.04249354405045268,0.872625906103523,3.3210873611074914,0.0001,1.6716535414329166
3489,1.6793975698295036,0.7592763609383217,0.041828691596675356,0.878292520573971,3.023481656523312,0.0001,1.6732025658624892
3490,1.6895257484840331,0.7592494849259181,0.042382764042511914,0.8878935006339458,3.238755829919424,0.0001,1.6740996727353419
3491,1.6686486216152416,0.7593088781132418,0.04208384638625758,0.8672558953248826,3.160427585093051,0.0001,1.6746398835346619
3492,1.6680690385023431,0.7587030885427525,0.04201599332913907,0.8673499527011391,3.1245388339063944,0.0001,1.675316314631979
3493,1.6974015646967395,0.7585873539742785,0.04193641713860069,0.8968777919516844,3.099755141120895,0.0001,1.6779509185293868
3494,1.6494100466219455,0.7583865975511486,0.04213971637083599,0.8488837317251893,3.3019776513562,0.0001,1.674560872149516
3495,1.6836365670509803,0.7589470064664225,0.042417628769942275,0.8822719337943843,3.0249293416315353,0.0001,1.6748896326786606
3496,1.657582030818622,0.7591082129710587,0.042243882560343095,0.8562299363148865,3.263664820373179,0.0001,1.6749950508316922
3497,1.6685417990897298,0.7588880746408119,0.04223882039710426,0.867414905714215,3.1426651560027024,0.0001,1.6736602549620625
3498,1.663420923704066,0.7583071668056155,0.04230442758022409,0.8628093298320596,3.2580779092065217,0.0001,1.6725633910413205
3499,1.6526736665449084,0.758331511373694,0.04237519703336952,0.8519669561731887,3.075873762066901,0.0001,1.6698910007128611
3500,1.6843806771187464,0.7591517516855778,0.04232247049861699,0.8829064509145629,3.104170558902361,0.0001,1.6693764935763322
3501,1.6927990647406896,0.759200100724644,0.042409820440574786,0.891189144595581,3.091816771344771,0.0001,1.6717915378888772
3502,1.6695018880991133,0.7585218675721731,0.04235406192756328,0.8686259566498334,3.210742380991427,0.0001,1.6719348228485544
3503,1.6547583742992873,0.7586753153172274,0.042020356679301235,0.8540627045847823,3.0415904715385205,0.0001,1.6676705038088087
3504,1.6776585609143937,0.7583631481408589,0.04232313521735325,0.8769722802764746,3.360960635645636,0.0001,1.6704953552380537
3505,1.6718095374155721,0.7589343904723502,0.04224980554522655,0.8706253428790439,3.229622958639814,0.0001,1.6693126522745128
3506,1.6598154378952894,0.7586972712261439,0.04216195434392345,0.8589562105645877,3.0625921171045207,0.0001,1.6695359929821798
3507,1.6895361438726073,0.7583362860321757,0.0424878232135734,0.8887120350953531,3.2219954013340857,0.0001,1.6716354274604677
3508,1.6591262789575372,0.7589839771843343,0.04228304897795826,0.8578592533997541,3.0614134960677513,0.0001,1.6712059629858147
3509,1.6678660233896112,0.7590140308618062,0.04222321123428809,0.8666287795253265,3.21037140579301,0.0001,1.6727251986702847
3510,1.6889495447005993,0.7588017811397993,0.042161542310192424,0.8879862215906442,3.076158974765522,0.0001,1.6731820854284698
3511,1.6678517694163757,0.7592694951602944,0.041993206944958915,0.8665890675529263,3.173803944616724,0.0001,1.670687355896039
3512,1.6768318593622946,0.7588029098800907,0.04230799152691514,0.8757209564137894,3.059606541001047,0.0001,1.6714203530223568
3513,1.658713257457857,0.7590912558727767,0.04233796311198577,0.8572840363119727,3.0654322910018674,0.0001,1.6718158413382138
3514,1.6891802718624866,0.758748371871925,0.042330831107938505,0.8881010680967606,3.0727769811061525,0.0001,1.672968012433023
3515,1.6676928882182975,0.7590723271060426,0.04223516915922958,0.8663853935549757,3.2444565639534537,0.0001,1.6725563475132954
3516,1.6678015543771323,0.758801342024039,0.04254051758841617,0.8664596917723545,3.4915038772819007,0.0001,1.67335495916148
3517,1.6569713911468553,0.7589878432649144,0.0423966771932451,0.8555868708095976,3.1936735432239867,0.0001,1.6700984838889046
3518,1.6808302548787657,0.7583236411425454,0.04236022333102584,0.8801463877302396,3.1510734475892166,0.0001,1.6722688814810276
3519,1.6772916984364663,0.7589342667896898,0.04233925700429487,0.8760181756399225,3.2187550048557303,0.0001,1.6732114489857133
3520,1.6839886630524485,0.7588556100582254,0.042397751527674055,0.8827353017310221,2.9758232428142555,0.0001,1.672715360820898
3521,1.66582317357131,0.758920818627727,0.04213628759248745,0.864766068749024,3.395228488691922,0.0001,1.6725125012363915
3522,1.6611960350137212,0.7581984734438496,0.042191953978238675,0.8608056069644542,3.250771999117327,0.0001,1.670948918801534
3523,1.6655416169466402,0.7584910406060441,0.04272823159641475,0.8643223431573437,3.140737205199731,0.0001,1.6716317547504123
3524,1.6725948382826412,0.7588963086658269,0.04237140143860668,0.8713271288960628,3.198999524116516,0.0001,1.6699732113924277
3525,1.675291404279202,0.758949711042292,0.04221788139420639,0.8741238101198514,3.097388932235826,0.0001,1.6707330629985182
3526,1.6586465144012328,0.7586320884087506,0.042299709503839274,0.857714716246839,3.162924216678612,0.0001,1.669817559000928
3527,1.6938798183359915,0.7588319575327164,0.042368151111486715,0.89267970914773,3.0749605852982094,0.0001,1.6735084017198418
3528,1.679807505670474,0.7590592213383069,0.04210703827546528,0.8786412459811381,3.04671018457316,0.0001,1.6734061267990128
3529,1.6691732804383517,0.7593817244195068,0.042213070706953626,0.8675784823346815,3.1655453840085506,0.0001,1.6725942849992013
3530,1.6585674670356767,0.7583007767766291,0.042474420752535,0.8577922737531923,3.235462217978967,0.0001,1.670052165397524
3531,1.6896307381364928,0.7589464609569758,0.04265462578431104,0.8880296520299409,3.1424317993450357,0.0001,1.6724329218540426
3532,1.6715888217786747,0.7588945854508127,0.04243063346367579,0.8702636061814325,3.1391159948906115,0.0001,1.6734722005305378
3533,1.6565441188173893,0.7589515766797637,0.04225194865259631,0.8553405910669911,3.228405301759499,0.0001,1.6725724507176127
3534,1.694082530105815,0.7587686901643842,0.04234829393893662,0.892965543357765,3.0372476065134664,0.0001,1.67472121989993
3535,1.6806090662735713,0.7584477800868346,0.04216328910108028,0.8799979935795008,3.1219604980147633,0.0001,1.6752529860993672
3536,1.6866001519421776,0.7585119665515351,0.04224014306406946,0.8858480408152992,3.127184671755978,0.0001,1.6780483498534615
3537,1.6842914588794746,0.7583438624716675,0.042404138292308755,0.8835434626493203,3.191842891623476,0.0001,1.6770895139078097
3538,1.6618684574991889,0.7583971657085612,0.04182902456055307,0.8616422709326957,3.0436153508586767,0.0001,1.6752956090906814
3539,1.6720256376218119,0.7593815412531034,0.04208171512727563,0.8705623830096233,3.11698465028109,0.0001,1.6755808448090275
3540,1.6820554755038712,0.7589762523981911,0.0421867247285514,0.8808924973796879,3.078956697340186,0.0001,1.677929645655847
3541,1.7227776050567627,0.759279080264225,0.04228339886810427,0.92121512618135,3.2369657532438545,0.0001,1.6812443323478738
3542,1.6600131370716598,0.7597455483904717,0.042194423520782655,0.8580731643320384,3.1506069175611886,0.0001,1.680086763877172
3543,1.6871861135983806,0.7594416990241463,0.042528554585594194,0.8852158629960752,3.3027504085285426,0.0001,1.6831509633552713
3544,1.6697915624411546,0.7587183126329651,0.04212506813645121,0.8689481818228658,3.0607743451851617,0.0001,1.680721866588805
3545,1.6681793519497885,0.7595706822664211,0.04198666590947892,0.8666220046806529,3.1157101511229848,0.0001,1.6794788951564272
3546,1.695773018301138,0.7584245654680666,0.04218604888683884,0.8951624002511676,3.050048952653974,0.0001,1.680396181792323
3547,1.6558287715573339,0.7584594617508972,0.042013823381543886,0.855355489266088,3.228703265983241,0.0001,1.6775499130601088
3548,1.655582313242597,0.759272787803085,0.042383179945104266,0.8539263457513242,3.1293304590376105,0.0001,1.67692129863445
3549,1.6382249180250188,0.7591695587243318,0.04223470973194734,0.8368206465764172,3.1190359319199414,0.0001,1.6735412266747702
3550,1.6919188235884506,0.759044291281555,0.041995815524706735,0.8908787208777412,3.2544378958657596,0.0001,1.6745275614832285
3551,1.688031830362084,0.7587286762243353,0.04191782266566526,0.8873853313662943,3.199588956745836,0.0001,1.6710529840137602
3552,1.66872221763429,0.7587355359572668,0.04212198973185634,0.8678646902525401,3.241611334421572,0.0001,1.6719238920700235
3553,1.697689212964466,0.7582596313155447,0.04217078767973801,0.8972587896016017,3.093295058904265,0.0001,1.6729742020066323
3554,1.6973243112738186,0.7586262561003044,0.042131156756960116,0.8965668960438539,3.1395380963660156,0.0001,1.6757274768898984
3555,1.6593767514577018,0.7588112015753199,0.04256747460510378,0.8579980772646034,3.336535058205316,0.0001,1.6748472168406898
3556,1.6858569022124485,0.7591047503401736,0.041988407864290124,0.8847637454436952,3.0894814086492355,0.0001,1.673855605231821
3557,1.6846100274496099,0.7584428287906531,0.04247426672349353,0.883692929683665,3.1441464312903538,0.0001,1.6767337308210486
3558,1.6735442585442177,0.7586384682819761,0.04232340265239228,0.8725823873529328,3.059130983952335,0.0001,1.6785299253512105
3559,1.6720232280466185,0.7584204375139356,0.04195285979922838,0.8716499349650215,3.1012132934334313,0.0001,1.6819097563533707
3560,1.670328659411618,0.7588525760246339,0.04220642061794505,0.8692696641896366,3.29762697558374,0.0001,1.6797507399356875
3561,1.7109959892036948,0.7584759695776577,0.042592049854038694,0.9099279688652341,3.013818528057354,0.0001,1.6820471558198484
3562,1.7009225036744897,0.7590355528537448,0.04182783029142306,0.9000591214889808,3.114848892297029,0.0001,1.6852671844238685
3563,1.6779003013945497,0.7591987196620531,0.04177700554381519,0.8769245746622947,3.270491832410104,0.0001,1.6832882932668767
3564,1.6751437216211285,0.7588483073406722,0.04204268121816082,0.8742527317172615,3.0561710600920673,0.0001,1.6810702343016075
3565,1.6903673290722752,0.7589507349606218,0.04231833468586146,0.8890982559196364,3.032195334985822,0.0001,1.6841692920630649
3566,1.6704682340244734,0.7584518571412587,0.04251555158448751,0.8695008241199335,3.1977780994488794,0.0001,1.6826304252442674
3567,1.661272538119349,0.7583968597058108,0.04212110956590509,0.8607545725200287,3.2295481832225716,0.0001,1.6802966763112415
3568,1.6635505308002294,0.7584945569173801,0.04227921711262051,0.8627767546544453,3.156038547142524,0.0001,1.6792973035368426
3569,1.6906972277237,0.7592976374993702,0.042280487308154,0.8891191025383574,3.229699672840188,0.0001,1.6811647035045507
3570,1.6830395226788086,0.7583197863058434,0.04212720253888298,0.8825925340607732,3.03992176612057,0.0001,1.6824357898312698
3571,1.6498316091166065,0.7581398397623647,0.04235541312738074,0.8493363574056548,3.159594614655686,0.0001,1.676319351822561
3572,1.6392208468357883,0.7584643558604722,0.0423140975573,0.8384423896398312,3.0985315989770945,0.0001,1.670149186138691
3573,1.6681329021589268,0.7584156146155894,0.04211936833650539,0.8675979222747182,3.1126736448454326,0.0001,1.6691724462151285
3574,1.6659390740172133,0.7581639477253928,0.04211499265434776,0.8656601338188257,3.110400478689956,0.0001,1.668251981454737
3575,1.682998437910486,0.7588983713734222,0.04251391481434356,0.8815861550475231,3.057450269830638,0.0001,1.667515092338558
3576,1.6817005281516069,0.7586238778387073,0.04240928242704689,0.8806673713920082,3.1595142233444276,0.0001,1.6686383217512712
3577,1.6444459833189633,0.7582631550018976,0.041920010264940244,0.844262820515502,3.152052935915593,0.0001,1.666955666271233
3578,1.6704113454412495,0.7594946541844226,0.04224874547722374,0.8686679484696708,3.208149592484712,0.0001,1.6676417477353351
3579,1.6663071006596935,0.7583229162146548,0.04183340532059118,0.8661507800160992,3.193011056095301,0.0001,1.6652027350289345
3580,1.7047219864011536,0.757987731247838,0.04203393130466856,0.9047003235161667,3.0212695920201393,0.0001,1.6673709814011688
3581,1.6555863406063336,0.7591637918238224,0.041951246725860036,0.8544712984900446,3.40653999412761,0.0001,1.6679464545501415
3582,1.6940685772992534,0.7591465797433988,0.04234234870810054,0.8925796509635376,3.0852204251724613,0.0001,1.6734312275964882
3583,1.6993384407209817,0.7591574836454333,0.042190142383923636,0.8979908123831538,3.0807427687770694,0.0001,1.6765517814526933
3584,1.6592948024461525,0.7587602859094709,0.042201878332946655,0.8583326402741803,3.1515961619468054,0.0001,1.6758873542955874
3585,1.6639376144863771,0.7583904806788988,0.04247812446184139,0.8630690071089514,3.2254945709545764,0.0001,1.6739812719531766
3586,1.6698634845731708,0.7585402852865069,0.04232377744833306,0.868999420243937,3.050287851939095,0.0001,1.6727975675953328
3587,1.6792225073607407,0.758328359460734,0.04203351443486088,0.8788606338127389,3.131171566961261,0.0001,1.6762752199995106
3588,1.6669254090191143,0.7586354763222515,0.041985114737891766,0.8663048173695742,3.3023432829317168,0.0001,1.6759266263572972
3589,1.6809129447772586,0.7589921150923259,0.042430108749358694,0.8794907205426427,3.065687222122904,0.0001,1.6773872107690537
3590,1.677070106381577,0.7582224515582195,0.04211692297434468,0.8767307313011758,3.1560707307490565,0.0001,1.674622022767096
3591,1.68473680229748,0.7594297089392951,0.04236590161043055,0.8829411890576867,3.02817247992355,0.0001,1.6775370689362106
3592,1.6698164400657824,0.7588640105651794,0.04218558510708761,0.8687668408722471,3.165781285893361,0.0001,1.6751118552128634
3593,1.6803751251760408,0.7587635870153957,0.04180910379359495,0.8798024339816755,3.1678169503898697,0.0001,1.6732155236583695
3594,1.6766133714641083,0.7589923681400369,0.04217529562859216,0.8754457036301524,3.2476591626238873,0.0001,1.674947380560165
3595,1.650113278784568,0.7573933395846136,0.04179711999564335,0.8509228212294182,3.1759944883369773,0.0001,1.673564946989984
3596,1.690059513397681,0.7591277181981302,0.04221536735975718,0.8887164267667892,3.2868556192873943,0.0001,1.675584549872435
3597,1.6674076723762266,0.7586832077943287,0.04209522591643111,0.8666292374111092,3.114096958545352,0.0001,1.6744030663739835
3598,1.661722849759804,0.758923864872412,0.0421696531361547,0.8606293296354538,3.112235231525274,0.0001,1.6738828104480525
3599,1.6740183571531129,0.7580296902579178,0.04221116263290931,0.8737775024034189,3.1287593244297267,0.0001,1.6731933516856379
3600,1.6741063961150922,0.7586585597624401,0.042138280781480894,0.873309552442834,3.0065370389462482,0.0001,1.6728969806589895
3601,1.6741429775288332,0.7582796277671024,0.04201536657360456,0.8738479843518071,3.2490370667730337,0.0001,1.671837598182125
3602,1.659324716361009,0.7583236943393885,0.042294759295775,0.8587062638895265,3.0880111037596727,0.0001,1.6707884258116477
3603,1.6772645849726988,0.7585438817558133,0.042024909603668274,0.8766957962277211,3.1550017916890236,0.0001,1.6704773717913135
3604,1.6755375596137365,0.758430993097549,0.04154016014044957,0.8755664106375305,3.2859288736966272,0.0001,1.670369790606276
3605,1.665176730489634,0.759330867632891,0.04184006967602589,0.8640057968380002,3.2581431672249073,0.0001,1.6718761357767828
3606,1.6748279057458255,0.7588094885160667,0.04199502506797744,0.8740233944589177,3.4757397150654823,0.0001,1.6703529750115973
3607,1.6842821564442245,0.7588363641657645,0.041918109686814746,0.883527682380067,3.194893280100871,0.0001,1.6720404234183974
3608,1.6841974210062085,0.7580751745260753,0.04238946974640202,0.8837327758571922,3.0308796701760126,0.0001,1.6742878805430377
3609,1.6747155181051026,0.7585772781294693,0.04211250836176998,0.8740257328984462,3.176131345195654,0.0001,1.6743575966382367
3610,1.6705496942295748,0.7578427288643487,0.042290396429220514,0.870416571172691,3.2532121426677123,0.0001,1.6740019264496848
3611,1.6745124714369706,0.7582743109844278,0.042152702687478213,0.8740854551505607,3.248766729362596,0.0001,1.6740388758404987
3612,1.6715273402525495,0.7581221784104198,0.041903470882779445,0.8715016944655056,3.113245860074645,0.0001,1.6752591382296527
3613,1.680526697974176,0.7583905780049415,0.0418802874567059,0.8802558351289217,3.1824910348133915,0.0001,1.6755853495298
3614,1.677555185060714,0.7580191316517565,0.04178802140102425,0.877748031086056,3.301348603521351,0.0001,1.675787112074498
3615,1.6811148274017396,0.7586128433626032,0.041693622635537664,0.8808083607537509,3.105722466540385,0.0001,1.6773809217657085
3616,1.6780666249518945,0.7586656247868258,0.04198973657635114,0.8774112576503555,3.0492682466642367,0.0001,1.6777047936863156
3617,1.6774576503413203,0.7584080454302125,0.042064843023040956,0.8769847595909305,3.1541361482341683,0.0001,1.677022343076025
3618,1.664377597234312,0.7593139886372472,0.042475689255441665,0.8625879197043289,3.2631883311706913,0.0001,1.6750403606988358
3619,1.682100339182492,0.7588418875698144,0.04167356138055271,0.8815848885848363,3.092108501140293,0.0001,1.6757788428065745
3620,1.6846538933247146,0.7580763026618571,0.04181173872996054,0.8847658522653773,3.331884506024405,0.0001,1.677189262716088
3621,1.6696285274159353,0.7586705390870209,0.04201115918691453,0.8689468306532738,3.086501075578268,0.0001,1.6767008683139846
3622,1.6727707402943115,0.7586063249357815,0.04217614871251414,0.8719882632154239,3.2371738428518206,0.0001,1.6768252083181607
3623,1.7032922490615148,0.758953606139332,0.04245182249173673,0.9018868210500685,3.048342395264043,0.0001,1.6791017634268948
3624,1.7013234756055757,0.7586761635650727,0.042146576829179064,0.9005007344991361,3.0548514067280363,0.0001,1.681478592481381
3625,1.6771149682466688,0.7586766191234937,0.04227042512526135,0.8761679244815215,3.198011785201562,0.0001,1.6810786065658738
3626,1.6850501141731928,0.758262450385529,0.04237529810737161,0.8844123647130769,3.110779312271134,0.0001,1.6817769554880038
3627,1.6794345781479114,0.7585593041251687,0.042007308219073995,0.8788679619952583,3.169153927064087,0.0001,1.6819746482686628
3628,1.6867809590654972,0.7583682294066005,0.04216606718531487,0.8862466628514003,3.167094381537447,0.0001,1.6842149844517817
3629,1.658488775847166,0.758044167174287,0.042082462542922694,0.8583621477696886,3.1503795298311337,0.0001,1.6818538281182487
3630,1.6824783035997928,0.7586053128658395,0.04189530323291647,0.8819776892692274,3.113761888556258,0.0001,1.6816362691457567
3631,1.6843235005471575,0.7585272600394475,0.042028603157213684,0.8837676362472664,3.028933535483014,0.0001,1.6831057664588787
3632,1.686891245914521,0.7596295628296192,0.04199941284032671,0.8852622688390904,3.2264748083892267,0.0001,1.6845178170208996
3633,1.6884453815330598,0.7582885865991063,0.0420449382151358,0.888111857746484,3.1138479651592323,0.0001,1.6830331302680546
3634,1.675848162440209,0.7583027741971896,0.04191585897673941,0.8756295295080839,3.391991572254328,0.0001,1.6804855989515175
3635,1.6788214177920902,0.7583886835928138,0.042412885787762686,0.8780198476936585,3.329206152571626,0.0001,1.68065624390606
3636,1.656067587057427,0.7594770849597382,0.04247199400926942,0.8541185051263225,3.170706024759923,0.0001,1.6777579911944833
3637,1.705446884791701,0.7584140900424238,0.04208599336248866,0.9049468012961123,3.023620605952358,0.0001,1.6803592218588619
3638,1.6612043294896943,0.7584047023713226,0.04216378552434894,0.860635843331988,3.3313729446267986,0.0001,1.677801558901282
3639,1.6671826069301814,0.7585375542331178,0.041829467545174685,0.8668155841242228,3.0778372427996468,0.0001,1.6786709420095836
3640,1.6583931262304528,0.7578790743984509,0.04230911639834514,0.8582049365897813,3.1304927394549695,0.0001,1.6762624242726492
3641,1.687718484029325,0.7584558592364947,0.04199169325296584,0.8872709341997065,3.2840506184173646,0.0001,1.676601922620866
3642,1.688891757332529,0.7579412378113846,0.042479906072481165,0.8884706134788889,3.0900625299972164,0.0001,1.6768019737626674
3643,1.6707369796402798,0.7587086737276816,0.04208015645976966,0.8699481500119999,3.2223774675907033,0.0001,1.675031133573389
3644,1.6670295152412709,0.7585373361260606,0.0424249339055338,0.8660672441215592,3.193867427098582,0.0001,1.6741492688534951
3645,1.6624504879086786,0.7584163368836377,0.042125019775684655,0.8619091306448466,3.0175032799432535,0.0001,1.672512175865154
3646,1.6660698741734874,0.7589567136812887,0.04215804171610556,0.8649551182169218,3.324754770580702,0.0001,1.6735124045767598
3647,1.6741064390352725,0.7583710022920527,0.04197452082837087,0.8737609170180789,3.1392896879033674,0.0001,1.6703783600011175
3648,1.6919004190524258,0.7583035210083271,0.042158811619509066,0.8914380877847362,3.0589739722605893,0.0001,1.6734479689573902
3649,1.660163538451127,0.7584732386451706,0.04219213992538607,0.8594981535332198,3.0020480240576166,0.0001,1.672746062109485
3650,1.653557099628642,0.7589206794696212,0.042153956440351074,0.8524824639906989,3.297504249982853,0.0001,1.6722624594493039
3651,1.6948321083254554,0.75899628173507,0.04177511681407751,0.8940607135318235,3.3130521873431564,0.0001,1.672973821878917
3652,1.6840411578182275,0.7589012802735303,0.04209486006723214,0.8830450173490066,3.652047971199299,0.0001,1.6724887619274866
3653,1.647480259923374,0.7584832866825391,0.04202101801278383,0.8469759573740602,3.2047506682045803,0.0001,1.6701630899557962
3654,1.6682716193353913,0.7582730793566056,0.042371105712519216,0.8676274305334197,3.131468949646785,0.0001,1.6702873003652083
3655,1.6965404349940303,0.757994025159801,0.04236511840781624,0.8961812857440229,3.0775020127364154,0.0001,1.6736962950737433
3656,1.6743780621166886,0.7578320747456735,0.04214246132794548,0.8744035293905416,3.0810142192105494,0.0001,1.6745271138680635
3657,1.6501275530693256,0.7593664680484826,0.042322777347680765,0.8484383113606706,3.3958093544532515,0.0001,1.6721292252714686
3658,1.688209419801801,0.7580739841258066,0.04225566058323301,0.8878797730072033,3.144788481642702,0.0001,1.671760125346406
3659,1.6600154077305513,0.7586227227417983,0.04202226692958004,0.8593704149610614,3.0284240417499815,0.0001,1.6717453122743489
3660,1.685700339066813,0.7586271640736965,0.042107576047189336,0.8849655962105213,3.0852993726730347,0.0001,1.674959636218166
3661,1.6766096088755686,0.7572852645152481,0.04175252943445171,0.8775718128554236,3.0647947814836947,0.0001,1.673137386273177
3662,1.668619731376911,0.757768619737567,0.04190796964308795,0.8689431391852864,3.1862584335567017,0.0001,1.6715952436290453
3663,1.6720489419498017,0.7578818255215581,0.04209487796071577,0.8720722352787399,3.059813192359816,0.0001,1.674052111831688
3664,1.6940354027806142,0.7586924410736827,0.04233970143973948,0.8930032574713351,3.176217778459282,0.0001,1.6766284901762105
3665,1.688920240856813,0.757916083684074,0.04179806714125627,0.8892060891549437,3.0212838993111197,0.0001,1.6758664707624888
3666,1.6927711403877692,0.758923697181454,0.042349387134064526,0.8914980582711541,3.245974767522444,0.0001,1.677705778589597
3667,1.6738801969717771,0.758565351639026,0.04182833034174921,0.8734865119080031,3.177663231959933,0.0001,1.680081042979842
3668,1.6827745044690843,0.7583876125227366,0.04151491896375923,0.8828719707307903,3.1420583913582574,0.0001,1.6795375514465705
3669,1.6705445706481623,0.7579827679823669,0.042254859487135074,0.8703069444481306,3.133069994241664,0.0001,1.6805904677383314
3670,1.6750060369470299,0.7582946243199084,0.04195095873749522,0.8747604529224109,3.014985952851255,0.0001,1.6795210375263534
3671,1.657263561629862,0.7575497011867547,0.041539168744735254,0.8581746898395053,3.1236732629926887,0.0001,1.6775864328017824
3672,1.6929676721352351,0.7584278305452203,0.04149825674525139,0.8930415841798028,3.1121399262372185,0.0001,1.680021226877615
3673,1.6891696518381518,0.7583959436319905,0.041621146530940616,0.8891525610253729,3.11290583504141,0.0001,1.6817332978664499
3674,1.678258620338556,0.75845915405552,0.04207856442333477,0.8777208997892559,3.138222410761077,0.0001,1.6801556196222438
3675,1.6774373828276659,0.7584441422690726,0.0419650334131887,0.8770282083241983,3.206717657752743,0.0001,1.6790073338193294
3676,1.6633785154224652,0.7584585083183846,0.04213469942491388,0.8627853059109761,3.256840815892326,0.0001,1.6760680713227991
3677,1.6640754790625272,0.7582328348566021,0.041886873225894954,0.8639557719075747,3.068241410758384,0.0001,1.675087599531874
3678,1.6610077595372228,0.7586909206111823,0.04189777350087195,0.8604190608082267,3.236925293417538,0.0001,1.6729109250386878
3679,1.6652091572299206,0.758964684261028,0.041913006900532006,0.8643314682899333,3.5245172230273667,0.0001,1.6723773836968636
3680,1.6902906238186433,0.7593398703522904,0.04201634636273491,0.8889344092496269,3.2688411198571536,0.0001,1.6739058423840252
3681,1.6928542706110414,0.7582168863221066,0.04190682059127467,0.8927305638185621,3.064188367938415,0.0001,1.677464913282143
3682,1.6799105722570515,0.7585990279006184,0.04168067162225503,0.8796308739205282,3.149450422784136,0.0001,1.6761592032943244
3683,1.711560056127351,0.7580692341313159,0.04146608982318313,0.9120247315381168,3.01034449152724,0.0001,1.6783982437232445
3684,1.668064147294414,0.7581982120539064,0.041952011067775394,0.8679139218453703,3.111290791455437,0.0001,1.67737879641883
3685,1.679621312124976,0.759394370880862,0.04187933740944698,0.8783476017944469,3.451029600768254,0.0001,1.6775971893485615
3686,1.6550706262278991,0.7587087056457875,0.042004286154772155,0.8543576298632921,3.267018797189662,0.0001,1.6767664004291045
3687,1.6756842172653632,0.758657187888395,0.041904576409902826,0.8751224533826657,3.122508764025164,0.0001,1.6779272742493885
3688,1.6823976079784106,0.7585410819092339,0.04186704579521628,0.8819894766015649,3.1348633969289534,0.0001,1.680066259093507
3689,1.6736023791179695,0.7582407393029931,0.04207463220940642,0.8732870025125768,3.1407895975615867,0.0001,1.6809055812823117
3690,1.720020213426973,0.7588088661130011,0.04218801910446817,0.9190233314738554,3.1095072884588646,0.0001,1.683878540243145
3691,1.6756218959545266,0.7581817083378108,0.04171368921020693,0.8757264960942597,3.0773445950560347,0.0001,1.6821553027774936
3692,1.6731887526250997,0.7587516928057642,0.04181150708188875,0.8726255528432361,3.4159337540910886,0.0001,1.6814831208142984
3693,1.6706899700735451,0.7585171978565549,0.04188131101232997,0.8702914627461598,3.3823174671033818,0.0001,1.6773961122089176
3694,1.687566034692296,0.7591563208108016,0.041658078681141075,0.8867516361675688,3.3126703319394806,0.0001,1.679346300948706
3695,1.6963800211223579,0.7582629229911201,0.04145914304087177,0.8966579569643458,3.4367001873968097,0.0001,1.6810221718484442
3696,1.6626514174633529,0.7578032348025401,0.04128848853507825,0.8635596942315237,3.1151356849418934,0.0001,1.6817802509719892
3697,1.650512261516424,0.7583930984471923,0.04196359032791478,0.8501555706104207,3.226394206225026,0.0001,1.6792630553970955
3698,1.6991533517353916,0.7578781530049461,0.042165821512620785,0.8991093764924133,3.027753157257792,0.0001,1.6809386297727937
3699,1.6883891706050773,0.7588093540731357,0.042112719214712144,0.8874670951183258,3.340678403633845,0.0001,1.6824173089215044
3700,1.6729168575143718,0.7581219152069478,0.042192904509105254,0.8726020389771123,3.131404833909706,0.0001,1.6777069733302443
3701,1.6723082252980246,0.7575255049653276,0.04211293321110414,0.8726697884666267,3.102915646338318,0.0001,1.6773756062645941
3702,1.6418110174533078,0.7580028691349842,0.041742443554783445,0.8420657054587262,3.4775494847287995,0.0001,1.674237832747415
3703,1.6621634836854606,0.7584971459110175,0.04160345422810521,0.8620628816119073,3.142873662480476,0.0001,1.6733851841086065
3704,1.6848442909925512,0.7584533250114255,0.041901171570133726,0.8844897933077619,3.214947045937513,0.0001,1.673113009738632
3705,1.6955880895105868,0.7586924766188461,0.04206370340157716,0.8948319086136247,3.207790492272522,0.0001,1.6730338165774548
3706,1.6984271852046433,0.7582758194776384,0.04202302208294975,0.8981283475280292,3.111693627210466,0.0001,1.676611393351584
3707,1.677371099198324,0.7582309359711034,0.04170999420583853,0.877430168386647,3.0262288140476836,0.0001,1.6792972771197738
3708,1.682286713476355,0.7583904505743216,0.04155016622485302,0.8823460991707825,3.2887929344273967,0.0001,1.6776106132938704
3709,1.6583144838863164,0.7586928500848658,0.04196289103123044,0.8576587458985573,3.284083913112509,0.0001,1.6746031446219942
3710,1.6713712888847259,0.7583583386626254,0.04162916547144644,0.8713837845995267,3.2338002098017724,0.0001,1.6744485877590296
3711,1.6744040499836146,0.758269081009329,0.04186302169583148,0.8742719482456695,3.285511511576345,0.0001,1.674658170227589
3712,1.6727808218215108,0.7584692462220879,0.04207159781310911,0.8722399766679709,3.2015278888280685,0.0001,1.6777551506644088
3713,1.6838738341602302,0.7586359054031527,0.04196603423925249,0.8832718954245894,3.1435006167777413,0.0001,1.6799261857118861
3714,1.6575285087492597,0.7587129343112149,0.041739963614674656,0.8570756087453685,3.18324596475636,0.0001,1.6771946074875568
3715,1.6376503242924054,0.7581867239538119,0.04228732479513296,0.8371762762839847,3.030305528253861,0.0001,1.6714008309657384
3716,1.6798578743760533,0.7581341608784503,0.041534072728959835,0.8801896409046578,3.0854836767633835,0.0001,1.6695438998828795
3717,1.6481102645759893,0.7583172009392636,0.04152797685433595,0.8482650833820232,3.0481827140579845,0.0001,1.666617816420646
3718,1.6642222503619553,0.7588023445427297,0.041425161622842474,0.8639947467957743,3.4006426394832063,0.0001,1.6648113701092058
3719,1.6527275472093548,0.7584192544886839,0.041654847456523904,0.8526534435110692,3.280121833025563,0.0001,1.6642526764415098
3720,1.668993333653069,0.7586118549894367,0.04199733526179563,0.8683841414069549,3.4017345849689073,0.0001,1.6640148809183444
3721,1.6802727669537914,0.7579939772826421,0.04178002688270553,0.8804987629395711,3.2898606144148728,0.0001,1.6646017526153618
3722,1.6728234589704394,0.7583774479359207,0.042032206276125646,0.8724138087254871,3.0424071656762948,0.0001,1.6646060163302547
3723,1.6762575300421725,0.757990881830877,0.042063302732626276,0.8762033458716003,3.0504345603695264,0.0001,1.663844385918449
3724,1.6585447330020262,0.7584454345896569,0.042096618222900145,0.858002682637733,3.140030227858445,0.0001,1.6639460083437256
3725,1.6952587963359593,0.7593060451395371,0.04188080201526201,0.8940719449798186,3.4416664558298447,0.0001,1.6697068555480812
3726,1.6996204183261245,0.7578857202558924,0.041509896214545136,0.9002248023392946,3.1168195214764824,0.0001,1.671683109943088
3727,1.6724108372933966,0.7585127223094144,0.04189693081451478,0.8720011820990222,3.1307481706263327,0.0001,1.6741131672148288
3728,1.6651773846899036,0.7587651714350099,0.04217522526367683,0.8642369862079137,3.168968107347314,0.0001,1.6742086806476237
3729,1.6786038775231242,0.758753926952277,0.04201634321928508,0.8778336022887946,3.0900115558148396,0.0001,1.6767963136790005
3730,1.656168666379205,0.758750124345203,0.04217847462358146,0.8552400673499697,3.1489791773395654,0.0001,1.6755138469516144
3731,1.6895425527622927,0.7587250675439351,0.04231039239717062,0.8885070951409925,3.073488901643192,0.0001,1.6764408255324645
3732,1.6738915476063927,0.7578048587570809,0.04227380143217818,0.8738128874171336,3.207562037945761,0.0001,1.6765476343960597
3733,1.6560391709964126,0.7590610058505927,0.042168512789279404,0.8548096533388685,3.0591439796993263,0.0001,1.6745257984914836
3734,1.6835611165174365,0.7582085004442846,0.04173971141327709,0.8836129052190461,3.183672914156807,0.0001,1.6770274368430251
3735,1.677343017672912,0.7578386730886618,0.04207909445733618,0.877425254192241,3.064918173254141,0.0001,1.6752358589767202
3736,1.6742210199576604,0.7583462926001868,0.041943078592389396,0.87393164802456,3.0962488068528398,0.0001,1.6726959191398738
3737,1.6768113836555403,0.7581393248411028,0.04217529949745349,0.8764967580626267,3.0892819149257202,0.0001,1.673135973776088
3738,1.704294741395521,0.7586306134053709,0.04152741103336729,0.9041367142213769,3.2375285054800718,0.0001,1.6770477094466496
3739,1.660199249612874,0.7581171011344414,0.04175597393004938,0.8603261721454576,3.1126040462064455,0.0001,1.6752072466556247
3740,1.6922021986988447,0.7578374880080775,0.04171234405548529,0.8926523664992673,3.1310057393435775,0.0001,1.6788105998875884
3741,1.6708245340273782,0.7577536399901276,0.04173631793828814,0.8713345815848869,3.1628561061004112,0.0001,1.6769387980140973
3742,1.6781903563358238,0.7579728462875011,0.04154401957142426,0.8786734908547169,3.176574103005276,0.0001,1.6773686788870403
3743,1.6666634682467694,0.7580373028470827,0.0416902593860278,0.8669359039583264,3.223578546642048,0.0001,1.678431108612076
3744,1.6888835807359244,0.7579420457988917,0.041357643222228506,0.8895838920775099,3.074501389180429,0.0001,1.6789633550339247
3745,1.683169559097677,0.7584336079641965,0.04174296923631587,0.882992981232204,3.108191085393724,0.0001,1.679546009176401
3746,1.6620939573458193,0.7585538582192474,0.04179696113052523,0.8617431376182283,3.3140166886679783,0.0001,1.6783333029152174
3747,1.7158895220766204,0.7583171056685535,0.04197758230669745,0.9155948327261101,3.1496301173680212,0.0001,1.682241116757325
3748,1.6838663870857888,0.7586275456401446,0.04197135198914255,0.8832674925999515,3.3270560940670917,0.0001,1.680198281326352
3749,1.6880521641299884,0.7587536516586133,0.04205071466689661,0.8872477989077084,3.1425124247224048,0.0001,1.6829835727780633
3750,1.6609545186857182,0.7579603684843191,0.04191604178043698,0.861078110975015,3.3431541307944554,0.0001,1.6798588047767506
3751,1.683468034494721,0.757546249437042,0.041882985745675665,0.8840387995122473,3.1698399733820017,0.0001,1.681123154823485
3752,1.6682257474556899,0.7581783206661139,0.04171657852420459,0.8683308504567185,3.031224827979206,0.0001,1.6801266939354718
3753,1.6727777660255743,0.7582408718114935,0.04163705625592091,0.8728998395449975,3.1472204193382187,0.0001,1.6807381237133523
3754,1.6797141979238808,0.7585429554053301,0.041682681979320596,0.879488564090724,3.053651347121651,0.0001,1.6798211854321476
3755,1.663391263683234,0.7588495590382125,0.04162983816970918,0.8629118660370428,3.167743502475669,0.0001,1.6778433558907033
3756,1.6823530114930252,0.7579060807431204,0.041942863870585906,0.882504067393152,3.1653002070123235,0.0001,1.679869261305424
3757,1.681600501160109,0.7584928373294234,0.041949254987689595,0.8811584108832158,3.2380335359979595,0.0001,1.6764403592137729
3758,1.6737834342111197,0.7581494033457541,0.04166256462584644,0.8739714651967401,3.108753035566628,0.0001,1.675432063926306
3759,1.6767197304516728,0.7586507450252711,0.041706627571075,0.8763623589585567,3.2952822848217482,0.0001,1.6742988205584743
3760,1.6480322372599017,0.7577819850817171,0.04170161715385638,0.8485486344651566,3.17180173827475,0.0001,1.6730065924158928
3761,1.6916854154265677,0.7582093767413745,0.041316774747434545,0.8921592642324571,3.1085022835412324,0.0001,1.6738283305090775
3762,1.6623797769720607,0.7580456205362238,0.04175972575831848,0.8625744269748972,3.062657091970618,0.0001,1.6732437334607144
3763,1.6877176211523477,0.7579373954275801,0.041822138954611385,0.8879580873444405,3.25021797962653,0.0001,1.674737718973392
3764,1.6668870258041135,0.7583660756598621,0.041810730891585594,0.8667102207639397,3.119862772388342,0.0001,1.6734550017614154
3765,1.6749815689380947,0.7574153268071265,0.04165101728381298,0.8759152224744551,3.101426767529145,0.0001,1.6746140322869014
3766,1.6987651783602717,0.7585292350931535,0.041456511731563665,0.8987794315506672,3.148597684158031,0.0001,1.6762552489736258
3767,1.6683133300129347,0.7586876815279405,0.04183888749708752,0.8677867595673091,3.155511629750714,0.0001,1.6749265318589086
3768,1.6513377923752666,0.7584940895105714,0.04191259535040865,0.8509311069400025,3.1455358020190536,0.0001,1.672681967675323
3769,1.6989239850827695,0.7583638314784903,0.041671989897443605,0.89888816122079,3.2004595436382486,0.0001,1.6749023931384328
3770,1.681435549839515,0.7578071094671562,0.041930226718678194,0.8816982146057831,3.0837794726083536,0.0001,1.678242724396394
3771,1.6723424302636973,0.7581028822227617,0.041762839224469106,0.8724767086955645,3.1614282094924495,0.0001,1.6763084258801073
3772,1.6815509269010223,0.7581783620145693,0.0416026023532024,0.8817699617322754,3.1794775228713155,0.0001,1.6782255408730034
3773,1.6473150422558582,0.7582130490161826,0.04184693472864178,0.8472550585639284,3.126580879364246,0.0001,1.6741852829833543
3774,1.677081991402663,0.7586581167778186,0.04174971193619239,0.876674162099255,3.3105850710588345,0.0001,1.675204779543209
3775,1.672182797055699,0.7584237933884286,0.04159934815722111,0.8721596571648943,3.3305692730762413,0.0001,1.6749249023549697
3776,1.6539354219156153,0.7578293239852719,0.04146893440347173,0.8546371608821423,3.1211357726044877,0.0001,1.6704419267105042
3777,1.6828652113736522,0.7585324956969364,0.04160424565204984,0.8827284651885894,3.137351855061359,0.0001,1.6718971148465758
3778,1.6562530987161168,0.7572626386888128,0.041839010575238395,0.8571514454925278,3.0778805348742564,0.0001,1.6723886454806611
3779,1.6544847841436916,0.7583113820509301,0.04176270067087293,0.8544107022153073,3.325989307544778,0.0001,1.6679447253867532
3780,1.6626567616907626,0.7578487224559514,0.04164191699656705,0.8631661239308711,3.2678041155875093,0.0001,1.6660668465718778
3781,1.7047243807427057,0.7583367804001118,0.041589831000167506,0.904797770460769,3.199003938487287,0.0001,1.6693050416197788
3782,1.6893448984405333,0.7585086002794773,0.041973875695745066,0.8888624213620808,3.169001285734815,0.0001,1.67008443877373
3783,1.69927779849596,0.75804494650804,0.0416991357629246,0.8995337154882493,3.4427565682006898,0.0001,1.67528071439774
3784,1.6434140360137754,0.7579191584616114,0.041582968849197606,0.8439119083969334,3.1383653538222247,0.0001,1.6719139188588514
3785,1.6686792334968614,0.7580999339086288,0.041820196060815155,0.8687591053258333,3.1132189187752064,0.0001,1.6715635625029672
3786,1.6929943399545386,0.7581066322375021,0.04144531742312604,0.8934423934600295,3.120155855318112,0.0001,1.6754694543068598
3787,1.6650799817535988,0.7580058682279219,0.041996985129845794,0.8650771302584763,3.258532962015628,0.0001,1.6736909313448547
3788,1.6684863017248575,0.7582207699334645,0.041969756567454,0.8682957773548352,3.2704438817428527,0.0001,1.6749142516457287
3789,1.6852132443482204,0.7577415016795269,0.04186978930150278,0.8856019546366608,3.1107500842328486,0.0001,1.6779870976661815
3790,1.6725956444566197,0.7587453813630234,0.042080828432620905,0.8717694323487263,3.2049906299757427,0.0001,1.6789809859427671
3791,1.6790853035135638,0.7581000375215712,0.041793432003586095,0.8791918364064447,3.2433479265073735,0.0001,1.676417078219853
3792,1.6799624129434627,0.7585246657261259,0.041900984655771,0.8795367622593112,3.1907731212418655,0.0001,1.675478829670146
3793,1.6854012473117992,0.7571752674681178,0.041932333313669204,0.8862936424193469,3.0309178800176655,0.0001,1.6740911745517297
3794,1.6910088241221213,0.7582884463528833,0.04173491668507729,0.8909854585508878,3.288636037592472,0.0001,1.6788506533625642
3795,1.6717799648068257,0.7586487450657703,0.041534376192769944,0.871596838863336,3.2937618523050274,0.0001,1.679160726493561
3796,1.6617757552293928,0.7586955055745571,0.041887869457685925,0.8611923780662535,3.4634976416040386,0.0001,1.676038868021046
3797,1.6713032084111026,0.7584178762068371,0.041756725939969264,0.8711286077000064,3.08290082228353,0.0001,1.6766611906867965
3798,1.6842253545476746,0.7584094204477074,0.041248874054960985,0.884567058382605,3.1549822597426287,0.0001,1.6782350959690784
3799,1.6633988707109106,0.7583245372675496,0.04170588402428927,0.8633684453386322,3.3808067971746047,0.0001,1.6760536586053472
3800,1.6576086901747915,0.7584625472887051,0.04184277908797197,0.8573033629971392,3.095493294162634,0.0001,1.6745549631771646
3801,1.663601212641772,0.7577364701044729,0.04197389745809002,0.8638908474065711,3.1131534235472613,0.0001,1.6730065540899854
3802,1.6665390975335066,0.7576159005474609,0.041911779020669254,0.8670114143685443,3.0734430558783044,0.0001,1.6716642225489895
3803,1.7018173647700652,0.757998333862297,0.042198821207089066,0.9016202079324886,3.129693630259129,0.0001,1.6733058342948166
3804,1.67911238409201,0.7577440436423187,0.04178886553820442,0.8795794755159962,3.2377236622100427,0.0001,1.6721161902918051
3805,1.6609166808592621,0.758415787142624,0.0417581743449275,0.8607427197797545,3.0944613208635343,0.0001,1.6710298618970487
3806,1.6909495494186757,0.7585599382557202,0.04165694824822292,0.8907326632774384,3.1696182907715773,0.0001,1.673947241315977
3807,1.6636235447974523,0.7574513143506544,0.04173337518564344,0.8644388559865661,3.174344568175186,0.0001,1.673179274954612
3808,1.6729393803323742,0.7581902324065234,0.041716665815388215,0.8730324791937039,3.1276890061206313,0.0001,1.672050677533082
3809,1.658636699462759,0.7583929169734158,0.041638972067687866,0.85860481039143,3.080193579559636,0.0001,1.671574460408267
3810,1.6905333989773996,0.7585069332838542,0.04185984028280386,0.8901666260454766,3.3335976992369183,0.0001,1.6748669312885276
3811,1.67860329683122,0.7585202733595038,0.04160061569291244,0.8784824048015941,3.060368207115189,0.0001,1.6763671397074724
3812,1.6805626116466328,0.7585706643110357,0.04187669352633958,0.8801152503862222,3.0714715598321107,0.0001,1.677769491118785
3813,1.6801673396363945,0.7582193290244251,0.04167521362614197,0.8802727999479244,3.0970911343731213,0.0001,1.675604488605418
3814,1.670290441227733,0.7586205327244849,0.0417544875618894,0.8699154169704864,3.2313635119560042,0.0001,1.6747222943189903
3815,1.667452837221521,0.7584036953792611,0.041745857099490524,0.867303286964342,3.2557808953898433,0.0001,1.6753759099552163
3816,1.6754201991562911,0.7588617923777196,0.041712460363128846,0.8748459512288502,3.2688940021135746,0.0001,1.673822974928978
3817,1.6618521548429803,0.7582243321875288,0.04204525280192222,0.8615825713534686,3.219312486735609,0.0001,1.6736458359335304
3818,1.6473082565148993,0.7585732878826211,0.0419391260669391,0.8467958415225602,3.2588956486622656,0.0001,1.6710827235517833
3819,1.6894950487067202,0.7584650215464238,0.04179932959906712,0.8892306979239349,3.1817207128474485,0.0001,1.6741685584761794
3820,1.6686798348629934,0.7581508903184236,0.04177738928649778,0.8687515565124293,3.151004325061976,0.0001,1.6719832020647385
3821,1.6718666640546693,0.7579631882797149,0.041637822048659255,0.8722656531973495,3.187876181234936,0.0001,1.6713095387870838
3822,1.666252414909386,0.7580329864068641,0.04176417035456845,0.8664552546493542,3.1698218093198887,0.0001,1.6698785191133587
3823,1.6580584670660703,0.7576402203306465,0.041574991740754845,0.8588432514280625,3.2867374807052148,0.0001,1.6676676318563264
3824,1.6724090449224862,0.7579811572061349,0.041503522023709744,0.8729243636826473,3.214857644290034,0.0001,1.6678794922258018
3825,1.6527240227975903,0.7576521649563772,0.04162225109084866,0.8534496070828448,3.0514148212591485,0.0001,1.6664066107834086
3826,1.6725556654572244,0.7591277422576115,0.04137682237683155,0.8720511022509353,3.5195788814861926,0.0001,1.666120157413502
3827,1.6810182274959633,0.7574232056223112,0.04152465592049682,0.8820703608752748,3.262043533170441,0.0001,1.6680367646788
3828,1.6691592997034472,0.7586682020529772,0.04159337439353277,0.8688977240541341,3.183520521643679,0.0001,1.6702218689976551
3829,1.6952641889241356,0.7586336329307324,0.04180338126408885,0.8948271757569807,3.0394773393808947,0.0001,1.6707987830193969
3830,1.6719170077335521,0.7585806340039623,0.0417363324465181,0.871600041207508,3.2079946312894685,0.0001,1.6711225003064523
3831,1.6662727601629725,0.7586953040310626,0.04194263681678695,0.8656348161716731,3.195031332195893,0.0001,1.6705631099172826
3832,1.6269114422507993,0.7578821021451427,0.041754206585835736,0.8272751301647925,3.202001434794304,0.0001,1.666629012651424
3833,1.6978470556150826,0.758118690752838,0.041660570227833836,0.8980677982916938,3.1284868124774214,0.0001,1.6706078715063257
3834,1.6961270811349818,0.7582032374629626,0.04153265043881554,0.896391195711693,3.3572264692120815,0.0001,1.672979675127575
3835,1.647790806893161,0.7585488642446894,0.041708165443451364,0.8475337774921624,3.34000327354996,0.0001,1.6724863535371324
3836,1.6665457007125715,0.7582452281493445,0.04153592542992644,0.8667645486143492,3.2100387412684444,0.0001,1.6718853570626666
3837,1.6677221482955902,0.758105935479758,0.041533414780730894,0.8680827988360765,3.136073651952144,0.0001,1.6705557491426295
3838,1.6774731101902696,0.7587206160562759,0.041846403969228875,0.8769060893033388,3.3592045684373404,0.0001,1.6713871301913117
3839,1.6674338736350347,0.7579623516384535,0.041786057953902236,0.8676854665891757,3.0906907791540057,0.0001,1.6686040986624016
3840,1.669004580674742,0.7579416667713839,0.04175560928986958,0.8693073068350614,3.106756063794026,0.0001,1.6683128559565208
3841,1.662696095557532,0.7579597316939255,0.04195932926077388,0.8627770359932047,3.0092699358477795,0.0001,1.6679551894959765
3842,1.6763689469614087,0.7573528391352532,0.04155927134817561,0.8774568358281322,3.0751891801129974,0.0001,1.6729009399670374
3843,1.6663981053456816,0.75869779461054,0.041759366437823006,0.8659409463677639,3.526740620150769,0.0001,1.6697560449400974
3844,1.6881259538339068,0.7581985986982349,0.04176475551984373,0.8881626004319162,3.0967762663688427,0.0001,1.66895593220999
3845,1.679907568448939,0.757835470155093,0.04162034712746951,0.8804517518313371,3.140634474357775,0.0001,1.6721676083655677
3846,1.6612546185209107,0.7576942645753857,0.04138325701862513,0.8621770991031344,3.122249519607358,0.0001,1.6716385001464016
3847,1.6845603755714926,0.7577371052022396,0.041531541526438495,0.8852917270746241,3.1392127415713142,0.0001,1.673322322873992
3848,1.6459994082760376,0.7580187401713513,0.04155707286772815,0.8464235990302558,3.177428135040082,0.0001,1.6701749526825687
3849,1.689753786666398,0.7590682644389464,0.04143595574593689,0.8892495621063767,3.366481829366626,0.0001,1.6724069439857048
3850,1.6697249485077772,0.7585839070606425,0.04092430222106996,0.8702167428682348,3.306885381499362,0.0001,1.6724789807690084
3851,1.7003911675594399,0.7580482177511916,0.04129950439228731,0.9010434421364966,3.0458865073824994,0.0001,1.6762484879691997
3852,1.6587102034754493,0.7580514922586948,0.04169337962268574,0.8589653303094859,3.1007543161481195,0.0001,1.6744826136206032
3853,1.6439000863816142,0.7581132379555073,0.041629954235548904,0.8441568890975648,3.1047838116272466,0.0001,1.6722328117241965
3854,1.6607967878693741,0.7581858445132722,0.04171395253458081,0.8608969875571694,3.0900619283892805,0.0001,1.669499895127743
3855,1.6760187884131503,0.7580024701586602,0.04158800199597651,0.8764283113619861,3.1122717603466814,0.0001,1.6691110171241643
3856,1.680663857087644,0.757969260699367,0.04173464417215777,0.8809599489139858,3.106478604535302,0.0001,1.6710519409808378
3857,1.6881044989425318,0.7583066428167099,0.04204548614262084,0.8877523678523048,3.1260499042623184,0.0001,1.6714063533179417
3858,1.6786815307686827,0.7585047807461349,0.04141994615597367,0.8787568024308638,3.2842812003760504,0.0001,1.6746745655672062
3859,1.681460218908337,0.7588950631342843,0.04159366504173975,0.880971492409827,3.2852631437367408,0.0001,1.6738452087914002
3860,1.6616877182018444,0.758470564657486,0.04169431371089169,0.861522839289408,3.40201819910239,0.0001,1.6730414857608067
3861,1.659251177407665,0.7576923659316909,0.04170963681977371,0.8598491768022096,3.137281364166229,0.0001,1.6689274867456292
3862,1.6617116816870823,0.7581361728072408,0.04171012381269289,0.8618653850973741,3.106491462454109,0.0001,1.6692276345667927
3863,1.688932758799431,0.7583590442462094,0.04194582258228356,0.8886278913362031,3.095827689277231,0.0001,1.6737309018085742
3864,1.6650409859285877,0.758526504644274,0.04180429431536135,0.8647101832814439,3.1765355060356866,0.0001,1.6741553216144958
3865,1.674556170225627,0.7581086838221212,0.04195365436662283,0.8744938311754569,3.106297128824385,0.0001,1.6740090597957433
3866,1.6482442989794284,0.7589712797023703,0.04151227774049399,0.8477607418463753,3.269068862313431,0.0001,1.6707671039849217
3867,1.6417180502874131,0.7582946038874845,0.04190366311682649,0.8415197846885869,3.1857546795212475,0.0001,1.6661284591194097
3868,1.678980302496324,0.7583700921424262,0.04167547719231967,0.8789347343177026,3.1772809248666976,0.0001,1.666158336292174
3869,1.6587744200447267,0.7582221954879605,0.04205896332104356,0.8584932602987329,3.3226015386426666,0.0001,1.663889756405813
3870,1.6508873257385548,0.7588023290672844,0.0419510080654771,0.8501339870340684,3.4195857908856313,0.0001,1.6628097171594838
3871,1.6496575201500743,0.7587692929813393,0.04181889394717574,0.8490693347328333,3.3569972570721083,0.0001,1.6618503514337248
3872,1.6675234463587252,0.7573866551594608,0.041500616025247634,0.8686361769875455,3.1140615577388244,0.0001,1.662431527900889
3873,1.659395654230524,0.7580714819397453,0.041863213446270864,0.8594609566493825,3.1186718041224606,0.0001,1.6594778174439988
3874,1.660162497485627,0.7579448235204206,0.04198979098221351,0.8602278798093177,3.4735030796658437,0.0001,1.6589899685997025
3875,1.6814878929942907,0.7582300414178241,0.04205943508032128,0.8811984139874306,3.2183939755325626,0.0001,1.6596831408765689
3876,1.6813217749702036,0.7584304333216761,0.04152094278084095,0.881370395814913,3.2441472617897977,0.0001,1.6629908884756464
3877,1.682974168301596,0.7579819532243524,0.041509391569946166,0.8834828224796311,3.135611758512609,0.0001,1.6671165002770647
3878,1.6550079637318547,0.7584629629494936,0.04164876584832615,0.8548962336494521,3.0617069987689747,0.0001,1.6647192664006176
3879,1.6851946901356232,0.7586892398327407,0.041757857823710415,0.8847475951843523,3.2027760642537237,0.0001,1.6673612934097073
3880,1.6746683341978046,0.7580882898450623,0.041553108493890045,0.8750269370527587,3.198154862705641,0.0001,1.6697393942556324
3881,1.6809105231118735,0.7579261711354671,0.04178057311756374,0.8812037778689581,3.151784243254826,0.0001,1.6728646945518122
3882,1.6441610898014014,0.7587082938538604,0.041691870766769314,0.8437609261782126,3.2404375015842986,0.0001,1.6705284588960798
3883,1.6608829349581657,0.7580595616152997,0.041661064958475665,0.8611623105530686,3.0594689954850542,0.0001,1.6706771869688442
3884,1.6708460465889674,0.7582853596060561,0.04143124589088239,0.8711294385379759,3.316895371760123,0.0001,1.671745541879178
3885,1.6606127173615275,0.7582557854255847,0.041263930696019295,0.8610930013306001,3.1656158316207947,0.0001,1.6696580243159016
3886,1.690236769027207,0.758336687426538,0.0414880296521448,0.8904120514951419,3.130174230852185,0.0001,1.670549523721602
3887,1.6678025635454283,0.7593321335968575,0.04150835060444613,0.8669620806438202,3.224307387402285,0.0001,1.6690323632459854
3888,1.6795393923716904,0.757969097239976,0.041723882208973107,0.8798464101117717,3.144023128261914,0.0001,1.6714855061099692
3889,1.6563217870845757,0.7579245486317493,0.04164897670126832,0.8567482582982969,3.386097858450234,0.0001,1.6685982158048642
3890,1.6683198969214248,0.7582843321815708,0.041966385822025325,0.8680691763033248,3.1311714936947,0.0001,1.6679633720772262
3891,1.6727352586044018,0.7584235186992746,0.041654275348655595,0.8726574616699383,3.437860162456427,0.0001,1.6671458456264792
3892,1.661947151710247,0.7584314939941886,0.041675283749253465,0.8618403744428564,3.083850901460551,0.0001,1.6689244518173638
3893,1.6730950914822051,0.75925604059053,0.04121288977578494,0.8726261618639707,3.485300392214715,0.0001,1.6701456674697677
3894,1.6782998518818049,0.7586051310293573,0.04140978846056708,0.8782849313150978,3.295757738862028,0.0001,1.670891047999051
3895,1.6835300867987937,0.7584713867905174,0.041566426565390814,0.8834922714631166,3.1415530300527266,0.0001,1.673182784942778
3896,1.658429364524555,0.7577430289125345,0.041560962524181934,0.8591253734958825,3.2534492743668157,0.0001,1.6700020444925125
3897,1.6778743639437228,0.7586820571707905,0.04125499169192982,0.8779373144462674,3.3677081520126992,0.0001,1.671009224532342
3898,1.6744136190075902,0.757820870039671,0.0414369485924742,0.87515580194717,3.185438339657039,0.0001,1.670496647195932
3899,1.6850425223791574,0.7579214010712583,0.04170246274185954,0.8854186588682944,3.2260161913916257,0.0001,1.67336872072539
3900,1.6728508125454127,0.7578533932596868,0.04169762473077368,0.8732997921218011,3.27307333883359,0.0001,1.6738218122877888
3901,1.677232718250089,0.7588266100409549,0.04163919791246766,0.8767669159186056,3.063400650846547,0.0001,1.6742715582523577
3902,1.6589734777959317,0.7582296818555248,0.04162210407411834,0.8591216933851189,3.4067733769000905,0.0001,1.673974190860926
3903,1.6921151245341581,0.7584921880861325,0.04208270628118612,0.89154022972857,3.1970117266231326,0.0001,1.6758761941661215
3904,1.6556552287047581,0.75863660046827,0.041962443452336,0.8550561836658095,3.322357479747362,0.0001,1.673611731848417
3905,1.6869911767889956,0.7580489899517314,0.041583014308318164,0.8873591740251071,3.1404080059658925,0.0001,1.673957840847437
3906,1.6705829577320246,0.757522395730744,0.04154207159974754,0.8715184917767923,3.1356609924328014,0.0001,1.6751732001681838
3907,1.644499691335473,0.7580069853616292,0.04187732439253925,0.8446153794806337,3.1726295241961373,0.0001,1.671835732907359
3908,1.6650604921228744,0.7585918105398182,0.0417369923291777,0.8647316904024468,3.224872645935229,0.0001,1.6709004202188873
3909,1.6758815654634704,0.7587045734600895,0.04186203465258616,0.8753149551141093,3.145086172869916,0.0001,1.669984324527319
3910,1.646148039651449,0.7590246281565808,0.04170106801735218,0.8454223433188324,3.1687004798324305,0.0001,1.6673140472379224
3911,1.6804187413886884,0.757733475605808,0.041662233596399395,0.881023033206591,3.0678012472620844,0.0001,1.667632649551782
3912,1.6626926768140424,0.7583130054009614,0.04128885970396154,0.8630908142480599,3.380793879772055,0.0001,1.6680045694535934
3913,1.664802035622858,0.7582936809222548,0.04126776401218004,0.8652405905977466,3.0994482964095913,0.0001,1.6652732605624636
3914,1.675235141847003,0.758092429889385,0.04140917935671236,0.8757335353060861,3.392278659416261,0.0001,1.667231251876688
3915,1.6517187901007477,0.757885285734405,0.04096942958677033,0.8528640763815228,3.3096292514588237,0.0001,1.6637040132078629
3916,1.654176619425265,0.7577487003005301,0.04159362466049968,0.8548342910336433,3.129788370693431,0.0001,1.6620633793771873
3917,1.6393105848323986,0.7577715581377428,0.041632781889569204,0.8399062435658418,3.2439786200591083,0.0001,1.6615444687268794
3918,1.646050097613499,0.7575579936073953,0.041859433568757154,0.8466326678379554,3.164802648474672,0.0001,1.6596434292759423
3919,1.6620266844969975,0.7584050957861586,0.04136797743443302,0.8622536113368571,3.0937866144199644,0.0001,1.6582579411792948
3920,1.6656252029701373,0.7584024321960388,0.04117674638968694,0.8660460243806334,3.0610311853474585,0.0001,1.6602056575111637
3921,1.687181882635817,0.7578637239657358,0.04158812507412738,0.8877300317975377,3.038919927624128,0.0001,1.6608819716358763
3922,1.6773165223806432,0.7581036275830763,0.041377466542242024,0.8778354305826868,3.3459807407058033,0.0001,1.6623443561925366
3923,1.6798204036078153,0.7581238198957385,0.04163766729420629,0.8800589202187246,3.100403138396706,0.0001,1.6638461929910324
3924,1.6756262339152863,0.7578004185132999,0.04150964860742039,0.8763161664091912,3.272370426940144,0.0001,1.6638853021978606
3925,1.6888725021306206,0.7581350567616507,0.04148079222162645,0.889256652482383,3.2428990675034437,0.0001,1.6676006734008477
3926,1.6637659031769325,0.7582061671582003,0.04114276231181549,0.8644169778326946,3.220668679076808,0.0001,1.6685596017760151
3927,1.6785131183889284,0.758457933671576,0.04147346725812065,0.8785817149202916,3.3071549175718977,0.0001,1.6724798551316677
3928,1.6747768977109123,0.7579836610848232,0.04171797228149662,0.8750752629466642,3.1930882727640397,0.0001,1.6753525351414091
3929,1.678731614629347,0.7587062075703913,0.041592902392451225,0.8784325059510874,3.4812684368651974,0.0001,1.6770230281546439
3930,1.685500190054911,0.7578865446860602,0.041780611322569314,0.8858330374315351,3.168236298928638,0.0001,1.6790105268631215
3931,1.6557060653007538,0.7580424292092391,0.041846324415767897,0.8558173115548449,3.2683741163772213,0.0001,1.6758629451296152
3932,1.6582601286818484,0.7586334231659074,0.04204310098961449,0.8575836050401595,3.1480013236070983,0.0001,1.6739573057597354
3933,1.6596812920202832,0.7582275557953252,0.04182967428745169,0.8596240602902177,3.4476898935213534,0.0001,1.6719433946009823
3934,1.6903253900110118,0.7588536855415206,0.041539168744735254,0.8899325357549814,3.347972142527118,0.0001,1.6734133102105548
3935,1.7019449935481707,0.7576456746997021,0.041584744172937727,0.9027145720912525,3.207001872043339,0.0001,1.6747205593523098
3936,1.680052447149768,0.7578789920642458,0.04184707594208011,0.8803263748665369,3.213541060383857,0.0001,1.6763492137495937
3937,1.6587485382087817,0.7581653026731696,0.041591731094685336,0.858991505347691,3.0812615724412713,0.0001,1.6743727557315786
3938,1.6667573501565636,0.7579953000705092,0.04156313513161928,0.8671989111460247,3.230180237646277,0.0001,1.6735708009761439
3939,1.6693221589372802,0.7573109022502241,0.04182858375216594,0.8701826709551211,3.1626653572125076,0.0001,1.672629855406937
3940,1.6758641901654598,0.757543443061759,0.04131434969679579,0.8770064017291485,3.1207726400715825,0.0001,1.6716662554179922
3941,1.6732514490945827,0.7575161162061091,0.041900981512321175,0.873834351753971,3.147570559267582,0.0001,1.673420793797375
3942,1.6756029844767666,0.75787395154245,0.041281411904108695,0.8764476207506221,3.1772117914582845,0.0001,1.6751550793768668
3943,1.6520386560693474,0.7567584242588608,0.04142373739826752,0.8538564915861367,3.282161693060374,0.0001,1.674390815781773
3944,1.6553599916655442,0.7581946795417136,0.04135309876099561,0.8558122167783141,3.315303286964463,0.0001,1.6708942759472265
3945,1.6741780456132869,0.7580362894472196,0.04167288408801715,0.8744688690252769,3.161047819661804,0.0001,1.6681175811537379
3946,1.6646501855966285,0.7588061128136594,0.041150892240280554,0.864693179711488,3.263992389849185,0.0001,1.6665773549984242
3947,1.6882710044572609,0.7578278309675066,0.04173362835425634,0.8887095442589592,3.3622096801142662,0.0001,1.6695296016232717
3948,1.660011332489656,0.7579645420184725,0.04125371230785068,0.860793074370035,3.0979128309485877,0.0001,1.6688549998565811
3949,1.6870385265737229,0.7578460108677707,0.04139767989183778,0.8877948356025359,3.578274694465962,0.0001,1.6706266366202258
3950,1.6556572266089264,0.7579466173421538,0.04136343805108061,0.8563471697346434,3.0649872152607047,0.0001,1.668605940264572
3951,1.6647194146384574,0.7584042574522704,0.042073329128551676,0.8642418305965757,3.2752595823144817,0.0001,1.6677527368189597
3952,1.6819693544089915,0.7579932043566907,0.04154151956159735,0.8824346327840616,3.191201079206099,0.0001,1.6683893738121824
3953,1.6449881239546724,0.7578765357000107,0.040914025316373816,0.8461975586840517,3.1708108208484145,0.0001,1.6676843206007146
3954,1.6684765188253918,0.7571935780633535,0.041113928171974165,0.8701690105649569,3.0867124411445603,0.0001,1.6689959733166997
3955,1.6664106156714789,0.7577540564972295,0.04162865284732099,0.867027907339482,3.18576952700199,0.0001,1.6682192303225185
3956,1.6781349703216166,0.7582078903732145,0.04185014128926801,0.8780769397472513,3.379108123798641,0.0001,1.6695677087950176
3957,1.675493378305532,0.7574805808357487,0.04185829829976235,0.8761544983085947,3.321152562301976,0.0001,1.6682899461798446
3958,1.6838727190818554,0.7575014430659296,0.04159308785599095,0.8847781815254422,3.0933441240453816,0.0001,1.6706760848390645
3959,1.6740135925294903,0.7586264292318488,0.04174745663184423,0.8736397052754253,3.329759171719967,0.0001,1.6693735914346413
3960,1.6419770838522767,0.7577059231471822,0.041762715662710566,0.8425084480649317,3.5753712550138124,0.0001,1.6680055771589763
3961,1.687961338983346,0.7590266099807941,0.04170594229901296,0.887228787005794,3.502790328697065,0.0001,1.6703297695934651
3962,1.6749941381431255,0.7582384162935717,0.04128492724822936,0.8754707917601293,3.4443146768980046,0.0001,1.6696322479668786
3963,1.6847686128006987,0.7575379091392425,0.041404041267070035,0.885826669603163,3.183890063912583,0.0001,1.673610296851481
3964,1.6730465961518202,0.7576123027482332,0.041639349281666974,0.8737949460412378,3.117641066440946,0.0001,1.6740673045841241
3965,1.6606413613226545,0.7577135872405635,0.041873173104338426,0.8610545988921945,3.077523343219718,0.0001,1.6734903791492417
3966,1.670886820034855,0.7571380039257646,0.04162486136322331,0.8721239562873666,3.097357171302393,0.0001,1.6727655641205654
3967,1.6522384532566727,0.758222985702886,0.041814143227273504,0.852201325731998,3.309906410638991,0.0001,1.6704400716156793
3968,1.680876492607666,0.7587746457927851,0.04151469263537177,0.8805871506733537,3.4632181949596132,0.0001,1.6701404489682605
3969,1.6702792279376946,0.7573359857708155,0.04152856443764955,0.871414679028925,3.237884150073688,0.0001,1.6697670125090809
3970,1.675003029270056,0.7576812996583826,0.04165262648832,0.8756690992091539,3.1916941515572415,0.0001,1.6730696070508588
3971,1.6985583327121232,0.7573029362647576,0.0418608481211788,0.8993945421753017,3.097981125297701,0.0001,1.6741293064237368
3972,1.6765883104312733,0.7582240207441922,0.041868800082022956,0.8764954878670932,3.3112379827557423,0.0001,1.6742887236525514
3973,1.6680789970722933,0.758463617270665,0.041594606384060685,0.8680207734629058,3.170588771179772,0.0001,1.672619762079711
3974,1.6939511803294292,0.7579164158016383,0.04162213744304727,0.8944126245760289,3.356872249084844,0.0001,1.6747102204974715
3975,1.6623421949740598,0.7583223175083648,0.04121420663945815,0.8628056698590215,3.5454412079727917,0.0001,1.6748803038626126
3976,1.6696613233906743,0.7572960100357721,0.041057643735626405,0.8713076691658936,3.1883729016805034,0.0001,1.674757754198194
3977,1.6667887610789487,0.7584386760516293,0.04159442164593246,0.8667556601925989,3.1757620483576403,0.0001,1.6762127849804216
3978,1.6730774324273967,0.7575930019663023,0.041681765784598264,0.8738026663540102,3.0824885776995647,0.0001,1.6754328789623951
3979,1.6634329945513975,0.7581955993634933,0.04184080379246215,0.8633965908740524,3.2419225995487424,0.0001,1.6747482556237654
3980,1.6276650213566561,0.7579976790575178,0.04212493998041985,0.8275424034446176,3.3247370296752963,0.0001,1.6700144548324254
3981,1.674353004952715,0.7572018898283008,0.041952837553275765,0.8751982812888723,3.141346465017926,0.0001,1.6675939220564842
3982,1.6607708247873412,0.7575750186525542,0.04176380740701548,0.8614320002994963,3.0603186254810852,0.0001,1.6660121734920914
3983,1.6732209234160293,0.7577818265793048,0.041293812330064135,0.8741452845217732,3.1384750273358266,0.0001,1.6665263661264649
3984,1.6623617436049192,0.7576088651440448,0.0414504949267931,0.8633023833678412,3.200588678007919,0.0001,1.6633674224540136
3985,1.692145503800491,0.7581199050916861,0.041411649382864,0.8926139483209435,3.2582648685447584,0.0001,1.6663477533366566
3986,1.710539935689427,0.7581371197110499,0.04181456130610035,0.9105882538864144,3.327414166612993,0.0001,1.6704356145665322
3987,1.6574348507498147,0.7580528150465619,0.041696964848114075,0.8576850712934082,3.1967921036977556,0.0001,1.6695002235336187
3988,1.6812625755886519,0.758281090317585,0.04192829349703528,0.8810531917740317,3.2392005913156043,0.0001,1.6703187378497444
3989,1.6775451408922069,0.758471649147676,0.04197405946665797,0.8770994319605053,3.1164034650968975,0.0001,1.6717299524838254
3990,1.6527062577118012,0.7578084673165791,0.04162793638256452,0.8532698535290499,3.250534308125958,0.0001,1.6742340761193397
3991,1.6754542266379506,0.7574185594825668,0.04152426516550308,0.8765114023525865,3.2785222356266233,0.0001,1.6743441982878633
3992,1.6363726731004387,0.7583919961844207,0.04132984593722206,0.836650829082147,3.6198582523492964,0.0001,1.6719043831191729
3993,1.6656814663695516,0.7577275666455469,0.041432633361274764,0.8665212687656555,3.3589757385892267,0.0001,1.6711504374145254
3994,1.6678822109471954,0.757929149916883,0.041795662643943306,0.8681573937618708,3.1671133590276535,0.0001,1.6717024841487529
3995,1.6680839733951716,0.7574224699341501,0.04174539235252396,0.8689161061212934,3.207278108258276,0.0001,1.6692963311082205
3996,1.6750191256675953,0.7576914023434173,0.04197658123882982,0.8753511386547562,3.1273355578312283,0.0001,1.6657442501060378
3997,1.6790807845626352,0.7576046370831271,0.04176458819159146,0.8797115611618963,3.2751934823351507,0.0001,1.6679088434873202
3998,1.6527406885222538,0.7579543542184888,0.04179694299523777,0.8529893893892093,3.086821762108174,0.0001,1.66505665478068
3999,1.6543508835786738,0.7578196264425591,0.04198656846253432,0.8545446878574925,3.2172144131534726,0.0001,1.6627372290493265
4000,1.686937470102407,0.758073493384928,0.04157528311437332,0.887288691895366,3.231722230601746,0.0001,1.6661603502883875
4001,1.6813481421064411,0.758305951620454,0.04133388768828665,0.8817083028808206,3.0635650738257665,0.0001,1.6667497418352362
4002,1.6744869818068422,0.7583067995055935,0.04160506971951189,0.8745751119470015,3.158780966762597,0.0001,1.670561172705877
4003,1.6755934451946621,0.7577862370812143,0.04148256488552442,0.8763246470061083,3.2428881795604623,0.0001,1.671552370588388
4004,1.6908654010803656,0.757711244282326,0.041443655021775806,0.8917105000534116,3.2303322563306796,0.0001,1.6738506896017047
4005,1.6805724014375079,0.757571345047825,0.04135458923982075,0.8816464667418182,3.1675683762915963,0.0001,1.6750995324059386
4006,1.6444225044086063,0.757599027234207,0.04146707759183996,0.8453564016681172,3.193458143402548,0.0001,1.6720398702800394
4007,1.6580210216872349,0.7578192929950738,0.041492318284922634,0.8587094093644595,3.1390417661918346,0.0001,1.6699338939924993
4008,1.6757970831940672,0.757690108692912,0.04158269561086658,0.8765242756183805,3.225654290123837,0.0001,1.6722395334596807
4009,1.6769583713693987,0.7576822657855964,0.04164020526723494,0.8776358984577003,3.212188181238774,0.0001,1.6745002822387534
4010,1.6441082875820492,0.757910826626946,0.040917680906717484,0.8452797809702629,3.1222811357002955,0.0001,1.6702173639867173
4011,1.649840905385859,0.7581113796930526,0.04115442837953084,0.8505750987112038,3.0999641984278,0.0001,1.6670666403146595
4012,1.657328200025926,0.7573624971430394,0.0412766570735413,0.8586890435424345,3.2109820663808084,0.0001,1.6653507621365677
4013,1.7003697453115822,0.7576931118965149,0.04086571363599982,0.9018109181922299,3.1411217920195016,0.0001,1.66782839214826
4014,1.6752984647093148,0.7585497262753531,0.04118997813721941,0.8755587614226413,3.240512294653221,0.0001,1.6662716985111548
4015,1.642061507726054,0.7574683269429159,0.041584138454336665,0.8430090424950418,3.2007699206199414,0.0001,1.662420609140009
4016,1.6781089481185465,0.7576931863720954,0.04183279331509047,0.8785829723455602,3.145223486979641,0.0001,1.6657892535110033
4017,1.6799987407049832,0.7578114833357852,0.04126627595139323,0.8809209801029966,3.2478417977841825,0.0001,1.6679870254127782
4018,1.67421979727658,0.7577995858618018,0.0413010993303682,0.8751191095454698,3.1360736758907235,0.0001,1.6678292968210293
4019,1.6553159544724239,0.7582354543175224,0.0414986886068967,0.8555818126512348,3.2572558419457796,0.0001,1.6656650551313317
4020,1.667224464987161,0.758139865272669,0.041283711216754414,0.8678008893742765,3.3953748438469535,0.0001,1.667976672871843
4021,1.6616762997412537,0.7575421977720203,0.041610944343628796,0.8625231565903819,3.256355654395376,0.0001,1.6691602123073825
4022,1.6790809442740666,0.7575445846176534,0.041812955486846985,0.8797234066329428,3.176328153687607,0.0001,1.6713354867321968
4023,1.656480511835574,0.7574471179660387,0.04166103231495824,0.8573723610256313,3.2454821439592156,0.0001,1.666946563384596
4024,1.6514722723022677,0.7572986512590374,0.04136258907782379,0.8528110320409703,3.1134788815921994,0.0001,1.6645639441438909
4025,1.6805289804814554,0.7575616365030378,0.04167745418045632,0.8812898889818733,3.337943424801314,0.0001,1.6684106914194312
4026,1.6621651522528085,0.758220451115111,0.04175340766597229,0.8621912935321762,3.1997309202596576,0.0001,1.6668163118328576
4027,1.6876668660442438,0.7581627692944137,0.04138625925501268,0.8881178387038364,3.2189757903739356,0.0001,1.6675831243667834
4028,1.6479882246098703,0.7582305669784546,0.041717688887404625,0.8480399694070825,3.2628576898187944,0.0001,1.6649599671001127
4029,1.6816846476848903,0.7584484120411515,0.041419242265016504,0.8818169913838407,3.0891568948482644,0.0001,1.6675968364213591
4030,1.662719898485025,0.7574444534087036,0.041449345391372155,0.863826101558929,3.2253801150447696,0.0001,1.6671463797711457
4031,1.6737982196691796,0.7578493565865028,0.041495327050013665,0.8744535353979281,3.2794020427409825,0.0001,1.6683585717639382
4032,1.644876127552551,0.757417280944801,0.041136755904609724,0.8463220908693803,3.223336576690055,0.0001,1.6649380900917865
4033,1.6709624867410253,0.7575790628216571,0.041265241998204354,0.8721181832133031,3.1725300405378514,0.0001,1.6663862875823316
4034,1.6716851228149137,0.7575162535506862,0.04118990100179676,0.8729789685646854,3.0951132138408948,0.0001,1.6684075726335963
4035,1.6534106022929564,0.7581724373370591,0.04099554512611993,0.8542426192781626,3.181041921369928,0.0001,1.6656957348147465
4036,1.6627131875823526,0.7581653124662249,0.04136533330952178,0.8631825395245822,3.3176905557543463,0.0001,1.665750538347701
4037,1.643929628523078,0.7575404349011775,0.04146468034864197,0.8449245141497974,3.0829864503403948,0.0001,1.661376814595584
4038,1.6857906049211902,0.7581005132706122,0.04174600314900551,0.8859440930958452,3.2285898002601296,0.0001,1.6651570526267165
4039,1.646185633135132,0.7583691138041189,0.041093611813945656,0.8467229056884261,3.44145529894026,0.0001,1.66160715117174
4040,1.6866964414927346,0.7580227996949975,0.041240572929382324,0.8874330683545215,3.169457992723941,0.0001,1.6640048054725114
4041,1.675897545311562,0.7584629316358973,0.04153956602843248,0.8758950473449777,3.2832856345128336,0.0001,1.6642147380367498
4042,1.665473796533039,0.7574246656338535,0.041049290622223705,0.8669998413726355,3.1227574916688714,0.0001,1.6662745049347982
4043,1.6816241704909844,0.7579039763243638,0.04144163668518376,0.8822785533783281,3.106762171275234,0.0001,1.6673406733097942
4044,1.6719582028853242,0.757554821866521,0.04126500091978309,0.8731383791015791,3.052531118325239,0.0001,1.6673679813168352
4045,1.6557946847128335,0.7575980915742762,0.04098532431991299,0.857211269891649,3.1159045788144,0.0001,1.6676063895588231
4046,1.659353419564075,0.75885923542309,0.04123713181903831,0.8592570484530854,3.4813699659421045,0.0001,1.6672704127569955
4047,1.6855911878494898,0.7574812766262774,0.04140664960501402,0.8867032632050359,3.224862482920138,0.0001,1.6714365686896364
4048,1.6437895149294792,0.7576316766758235,0.041114491091296834,0.8450433447140951,3.2459079532545916,0.0001,1.6672364596904654
4049,1.6638383212486096,0.7573971839028488,0.04137431196943983,0.8650668250740663,3.110487527344338,0.0001,1.6690017285018128
4050,1.677474293820031,0.7578798760990584,0.04149616901095934,0.8780982486949006,3.3698313069391927,0.0001,1.6680795137345428
4051,1.6816536283638124,0.7581547379010106,0.04159857704479844,0.8819003142794296,3.127373349835858,0.0001,1.6686551220397678
4052,1.6668263615749428,0.7579121243881164,0.04138413017226523,0.8675301070674558,3.2355575392260754,0.0001,1.668790378543958
4053,1.659473010420074,0.7575819463323628,0.04155579348364902,0.8603352690776753,3.126118608952536,0.0001,1.6665752625368673
4054,1.6808625974713185,0.7576863395756689,0.0415341293110567,0.8816421289548549,3.077844000491361,0.0001,1.6674657019954666
4055,1.68830433542298,0.7577833370069461,0.04153286080815004,0.8889881397690057,3.121425100078931,0.0001,1.6707166670664813
4056,1.6557562134812376,0.7578763936402589,0.041272301944709454,0.856607521855807,3.179459684518965,0.0001,1.6703569464581975
4057,1.6670318121358783,0.7575670120440439,0.04125107688787743,0.8682137240502704,3.155507639262062,0.0001,1.6685010088868364
4058,1.6732718963893867,0.7575117692986076,0.040700284752836095,0.8750598459234404,3.2646897823283445,0.0001,1.671449247032827
4059,1.6545480081082358,0.7575419761588076,0.041471929869351956,0.8555341046945802,3.2424457339195887,0.0001,1.6705202157187897
4060,1.6791065777774756,0.7578953777800709,0.04151434492146026,0.8796968535420014,3.1705240236092775,0.0001,1.6706834441145344
4061,1.6810566352540532,0.7577598836068933,0.041335118469795394,0.8819616317265416,3.179099609353721,0.0001,1.670623744803558
4062,1.6654656020429506,0.7570579093078087,0.041257211692918384,0.8671504805132777,3.360836588828607,0.0001,1.6704876688503592
4063,1.6773647626079846,0.7569866853843596,0.04150454993180281,0.8788735316291784,3.1884029970691365,0.0001,1.6722768440691502
4064,1.674992687199227,0.7585034978559003,0.04158910873211905,0.8749000787674535,3.5619998797925443,0.0001,1.671689853041941
4065,1.657958098163953,0.7577906567716696,0.04154546120587517,0.8586219791436293,3.117391959407025,0.0001,1.6686552293160382
4066,1.6603413961721967,0.7577940021276958,0.04142634307636934,0.8611210472655103,3.1866523793938195,0.0001,1.669113747585134
4067,1.6410861112041357,0.7583035544981579,0.04138434295963806,0.8413982163759565,3.122241831938103,0.0001,1.6665191774919599
4068,1.659793614736677,0.7582272807434655,0.04136198505184955,0.860204348880911,3.3321484298299824,0.0001,1.6651713493266889
4069,1.6510882748793394,0.7575313187757805,0.041789492293738933,0.8517674657442507,3.213899351036815,0.0001,1.6648253760037992
4070,1.6656445812501965,0.7574176229763224,0.041493078274368995,0.866733874317115,3.146904585569432,0.0001,1.6634791763510712
4071,1.6586778421430994,0.7580554412779895,0.041623078301760534,0.8589993211578646,3.275587758476304,0.0001,1.6612412970399764
4072,1.6627123256725906,0.7568681404508394,0.04175925738429443,0.8640849262506193,3.0613690501052515,0.0001,1.66096596940294
4073,1.654706649436912,0.7583578889074964,0.041123690518114195,0.8552250664295822,3.2061892027303607,0.0001,1.6587001580858327
4074,1.650558858203114,0.7573201426627911,0.04167957141481597,0.85155914888602,3.2205964764523456,0.0001,1.6562567751862214
4075,1.6716921034497616,0.7575306457148121,0.041399821064776875,0.8727616328768749,3.1756901462953424,0.0001,1.6576301757148024
4076,1.646472474140763,0.7577387200891367,0.041502116176226074,0.8472316381020913,3.2310403819983677,0.0001,1.656243283511659
4077,1.65606294454474,0.7582975645336127,0.041597108328318255,0.8561682731034064,3.4070448415999963,0.0001,1.6577409668457197
4078,1.6562016765921401,0.7581449180055584,0.041495998781061076,0.8565607616190495,3.263847090893295,0.0001,1.6573817730312659
4079,1.6521577112089547,0.7574178603067843,0.0418237363107306,0.852916114183396,3.2077915475044483,0.0001,1.657488716664227
4080,1.6694138582047777,0.7574264078304686,0.04146020020722859,0.8705272481041917,3.2389084681052465,0.0001,1.6578656443596853
4081,1.656850398433136,0.757824459980274,0.04135910250835922,0.8576668354457823,3.0433083175403834,0.0001,1.6576828999886888
4082,1.6510265349858189,0.7575037877167939,0.041299195608792874,0.8522235529599277,3.086388482283385,0.0001,1.6565143209200115
4083,1.6608744304755638,0.7570370114115624,0.0413014787205818,0.8625359428219089,3.133222792501624,0.0001,1.6571310990238772
4084,1.638891173061928,0.7591296567394574,0.04130633075628996,0.8384551872890329,3.6144970396711185,0.0001,1.6559643305097584
4085,1.6732524193324616,0.757610527545395,0.04155142892446769,0.8740904622429766,3.3165233575306363,0.0001,1.6561203620980283
4086,1.6889686468406817,0.7581938136421884,0.04124046847012657,0.8895343651666361,3.1190948873214257,0.0001,1.6603699793680202
4087,1.6546713031571487,0.7576949406589021,0.04097427581918651,0.8560020859687614,3.3054526391425916,0.0001,1.660230815229261
4088,1.6642682846129304,0.7582914662409506,0.04130133146204765,0.8646754864263244,3.2951952124705906,0.0001,1.6610374760313402
4089,1.648800624311575,0.7580577225762497,0.0408770839776277,0.8498658186701291,3.238712589107227,0.0001,1.660701767341602
4090,1.6926538119693315,0.7576402146482565,0.04148000394113165,0.8935335921558115,3.169340502417837,0.0001,1.6630257627180576
4091,1.6661989957275545,0.7581119307639874,0.04103224200119111,0.8670548229170377,3.2148965877645157,0.0001,1.6639606224474992
4092,1.6593596211069737,0.7583595532432773,0.041410381847172675,0.8595896834322454,3.3582696290818963,0.0001,1.6647939310596147
4093,1.6694957584928547,0.7574872555887482,0.041499603350796034,0.870508899931129,3.139682757443395,0.0001,1.6656560638613438
4094,1.6674533674973262,0.7580591229831471,0.04128994201791698,0.8681043044306928,3.229967537081024,0.0001,1.6685122833048838
4095,1.6697308881771251,0.757225751876831,0.04189272318602092,0.8706124112554061,3.216886338307456,0.0001,1.66816013018935
4096,1.6514492403662955,0.7576292064078681,0.04172662015377145,0.8520934162302506,3.1741640703189686,0.0001,1.6644081895419116
4097,1.66636870465946,0.757727031291861,0.04161277286421213,0.8670288966949765,3.171491561506631,0.0001,1.6655779296921422
4098,1.6528212130674242,0.7582964463117882,0.04170355496977212,0.852821212707741,3.2814155548629604,0.0001,1.664433222537592
4099,1.6324169747002468,0.7580251387843737,0.04167958229598844,0.832712253340299,3.1466171930092584,0.0001,1.662794857576459
4100,1.6540102721711443,0.7577177531578961,0.041994315857335957,0.8542982013726089,3.3526487938047183,0.0001,1.6589305035966404
4101,1.6364732402816988,0.7570916056391191,0.041967516496747306,0.8374141190525968,3.1729250952873462,0.0001,1.6559579280520549
4102,1.6406963725119044,0.7574998292671498,0.04130810221116876,0.8418884417967791,3.446937940183566,0.0001,1.654091603192548
4103,1.6741417454174035,0.7579961180928755,0.04151995356136113,0.8746256753651173,3.177733094165098,0.0001,1.6545562018850029
4104,1.6442553330870235,0.7577194743175777,0.04151721102228997,0.8450186503616598,3.0764216709330405,0.0001,1.6522363984439725
4105,1.6477476624397913,0.7574127404733314,0.04151786631067674,0.8488170546583423,3.0609406936483015,0.0001,1.650038075870239
4106,1.6771670629480064,0.7574086519332252,0.04129386576871118,0.8784645450647173,3.2694890535385563,0.0001,1.6526098581284103
4107,1.6561277866605328,0.7577038632203309,0.04148147991172682,0.8569424423496815,2.9749792877123755,0.0001,1.6515857663285174
4108,1.6696768357110556,0.7584461947000051,0.041651739310057605,0.8695789065748514,3.53390922314255,0.0001,1.6532713285928806
4109,1.6676283791872841,0.7579743408769913,0.04141236923287413,0.868241669697041,3.205800742213189,0.0001,1.6567924690415843
4110,1.660837685360628,0.758205433162666,0.041477064331936785,0.8611551886821132,3.2749800720756483,0.0001,1.657475210360533
4111,1.6493241355336945,0.7571797338267127,0.04175600633176297,0.8503883960401795,3.1511994699435593,0.0001,1.6587602998857325
4112,1.6765815336370564,0.7573366596780974,0.0420618850367548,0.8771829856427398,3.1974427709714877,0.0001,1.6623488159982476
4113,1.686437341552719,0.757682008989926,0.041366311164221466,0.8873890217537208,3.2820378009977977,0.0001,1.6635783756117792
4114,1.6583990367624388,0.7576735109151256,0.04140021423780894,0.8593253148889687,3.1812789940688964,0.0001,1.6649927459793208
4115,1.6463826287832513,0.757569678052202,0.04152753096806834,0.8472854206395197,3.1373564149980373,0.0001,1.6648562426136668
4116,1.665053602043562,0.7575218552991778,0.04172335749465602,0.8658083874059739,3.1722233798392647,0.0001,1.6636448965232227
4117,1.6905407975701725,0.7577429974780363,0.04114852860781532,0.8916492699730468,3.0205972003646604,0.0001,1.6670861976141862
4118,1.6487030872950448,0.7574493290202855,0.041179614183143476,0.8500741452250713,3.2369060891153363,0.0001,1.6649888227725849
4119,1.6678473927670028,0.7569185063756746,0.04164330083990194,0.8692855889517928,3.1094622670032432,0.0001,1.665010724130557
4120,1.6591722835875429,0.7587575960836352,0.041343948903963965,0.8590707353733736,3.497792557335287,0.0001,1.6648441839532484
4121,1.6568833351377057,0.7576371144813167,0.041523612295154624,0.8577226066988332,3.069852865250067,0.0001,1.6656001039136494
4122,1.6787945047837,0.7576576063889278,0.041165635019963946,0.8799712618484217,3.1045183468058433,0.0001,1.6658214010283139
4123,1.6678931690132883,0.7573558346011334,0.04147973916593478,0.8690575969237343,3.0575929887396325,0.0001,1.6639669837743711
4124,1.6412633160548569,0.7570077074468741,0.041557032728291914,0.8426985775874304,3.178937798581307,0.0001,1.6622534117036125
4125,1.6691488195626296,0.7572553317396926,0.04120787548970499,0.8706856112451147,3.1360939518675117,0.0001,1.6645300307815507
4126,1.6424565150819976,0.7575161495750381,0.041382692890283304,0.843557670017285,3.098947257831179,0.0001,1.6622703220853943
4127,1.661210756998275,0.758126392809421,0.041287433303152085,0.8617969279236048,3.196249561909488,0.0001,1.6593373180282043
4128,1.6573156883702076,0.7579305770431038,0.041569462896118785,0.8578156483856466,3.2014342872898185,0.0001,1.6601985781357207
4129,1.665419250545347,0.7581292575803297,0.04145681761341211,0.8658331734322873,3.269935334913629,0.0001,1.6599557639135551
4130,1.6474154042665663,0.7576097055332656,0.04126038174116587,0.8485453173397279,3.2113325008272398,0.0001,1.6587800759814573
4131,1.6791109648244134,0.7575595241047548,0.041402426742878695,0.8801490165157202,3.195709386171724,0.0001,1.6610028389501281
4132,1.64219363852882,0.7581689050666701,0.04122808593765476,0.8427966469653237,3.360486401263889,0.0001,1.6573427523246402
4133,1.6849569223715375,0.7567761819696329,0.041344862680647965,0.8868358786431336,3.098879027801885,0.0001,1.6590491276604653
4134,1.6620587359577357,0.7573582066967328,0.04089242739803167,0.8638081019536477,3.198052796582421,0.0001,1.661128669650753
4135,1.6543508354597112,0.7575018216098298,0.04117927710860061,0.8556697393255591,3.271440593030825,0.0001,1.6596488712404613
4136,1.6839363543547192,0.7577886062751678,0.041279154423526046,0.88486859379204,3.0963466580934504,0.0001,1.6637968551677331
4137,1.6548260140854254,0.7584324253016504,0.041491388549185666,0.8549022012849246,3.7604075273684026,0.0001,1.6631583808764483
4138,1.6417629543472738,0.7578850833445969,0.041655535146624276,0.8422223363169913,3.469943542267681,0.0001,1.6616031074741549
4139,1.6532992443738554,0.7576819202479195,0.04165219486847852,0.8539651293934721,3.097189151491161,0.0001,1.660391106857006
4140,1.6849248912223211,0.7581573215749636,0.041165137387676125,0.8856024333629114,3.1536889917710247,0.0001,1.6641420555525812
4141,1.6450275689303029,0.7580792208714128,0.041376368269233625,0.8455719798047693,3.389307033459507,0.0001,1.6607337159631705
4142,1.6548883803717747,0.7573087198497316,0.04138200858543659,0.8561976529340474,3.1221490481804155,0.0001,1.6620031901474654
4143,1.6438111852680695,0.7573195507270085,0.041419764077687604,0.8450718696699544,3.16443911237117,0.0001,1.6578886164371187
4144,1.6745647370936179,0.75728855534451,0.04156134384882619,0.8757148373108848,3.3244244723484435,0.0001,1.659139216550707
4145,1.6757239863790314,0.7569268085893704,0.04187876264173651,0.8769184131832684,3.2222039066028403,0.0001,1.661276531642639
4146,1.6808889908432718,0.7572975776500199,0.041492103563119144,0.882099308753594,3.1963040623171577,0.0001,1.6609717952914942
4147,1.6589660937113888,0.7577587756617316,0.041230536135892115,0.8599767792463665,3.1754641989907193,0.0001,1.6613858032540907
4148,1.6770196901615444,0.7580741451671592,0.04114222236385694,0.877803316963251,3.0778702686089288,0.0001,1.6649114768355175
4149,1.6451346058149126,0.7574607119357126,0.04177159518305718,0.8459022965350209,3.232516347273852,0.0001,1.6640950129796235
4150,1.6654428030849713,0.7574989023121569,0.04140475821543417,0.8665391400033272,3.3426431410211097,0.0001,1.6621468041658887
4151,1.6666390502912278,0.757942385049669,0.04134359079248765,0.8673530728622334,3.2174186469575212,0.0001,1.664307952301981
4152,1.6644252454049688,0.7580657860086607,0.04168192150626657,0.8646775420007067,3.2393629712942404,0.0001,1.6652616388053005
4153,1.6256244367566601,0.7571831482177332,0.04160547232289343,0.8268358181202388,3.2715615711154125,0.0001,1.6634429639541595
4154,1.6586954210399372,0.7577663277999382,0.04112852756198473,0.8598005653757594,3.1389594522983018,0.0001,1.6618560323487916
4155,1.6819866551105198,0.7576616653080644,0.041081450773784646,0.8832435387868668,3.309124996405828,0.0001,1.6624822992219404
4156,1.6531824565078859,0.7576982134737784,0.04103421463685877,0.854450026810411,3.474941286063823,0.0001,1.6597116457884016
4157,1.6673009833264303,0.7577168658587319,0.04130962726794198,0.8682744923306527,3.034197244392689,0.0001,1.6605451347499058
4158,1.6697902166819234,0.7572876479756276,0.0411979414628437,0.8713046244627081,3.231508490280012,0.0001,1.659822187401944
4159,1.6448521828071099,0.7584231655447768,0.04139153807448567,0.8450374783339776,3.418837567613768,0.0001,1.6597939451011634
4160,1.6702179827748158,0.757598153959665,0.0412254659931268,0.8713943632300679,3.179622944179945,0.0001,1.660271463070148
4161,1.6717099002118527,0.7584735473077631,0.04117078858505156,0.8720655658832065,3.43589670493685,0.0001,1.6607785480622101
4162,1.6386742983580118,0.7574215580918968,0.04087147243608084,0.840381263900722,3.107177057807876,0.0001,1.6582034533575147
4163,1.6479330941823143,0.7573440657667891,0.04116851442000445,0.8494205141768736,3.2528134199958787,0.0001,1.66043431910008
4164,1.653361420965098,0.7573101375456031,0.041308453793941595,0.854742832194719,3.149207700338615,0.0001,1.6599009190925962
4165,1.6747279641110806,0.7574148814044666,0.04120052102613159,0.8761125630708544,3.1572577634157564,0.0001,1.6591750499926523
4166,1.6634761073284652,0.7575385519747319,0.04119579158496663,0.8647417653933863,3.3328705368370843,0.0001,1.6602044150747102
4167,1.6689939540008019,0.7578150891145393,0.04135690475332326,0.8698219640093571,3.1428196662337977,0.0001,1.6603737121421474
4168,1.653823984684857,0.7578264456733487,0.04103051213657155,0.8549670251671972,3.194665859485495,0.0001,1.658777088942441
4169,1.6601737093248425,0.7577367160189707,0.041358167694741765,0.8610788280745065,3.313930191084531,0.0001,1.660309241594214
4170,1.66460905186303,0.7577685255549742,0.04130574704183768,0.8655347750044255,3.2835803675119584,0.0001,1.6597483485030355
4171,1.6815699433216458,0.7575482325911763,0.04133425402109328,0.8826874548505093,3.332021617986126,0.0001,1.6607343528140146
4172,1.6641205649588704,0.7573219652591806,0.04100336336944456,0.8657952340784469,3.2450860496950438,0.0001,1.6632789794741005
4173,1.664876454742153,0.7577536950004995,0.04095701126733126,0.8661657502122874,3.2391701083154274,0.0001,1.6649733155300843
4174,1.6660065092373089,0.7573599809323557,0.04109176177282121,0.8675547648848433,3.2261401966183954,0.0001,1.6662378243573055
4175,1.671064939992181,0.7575090580731328,0.04139197187056164,0.8721639125572015,3.1591970296708856,0.0001,1.6658715219454154
4176,1.6444047190112951,0.7572383202355484,0.04137233957557601,0.8457940571070564,3.1591563481104545,0.0001,1.6639643831136985
4177,1.666890145194458,0.7577595541491712,0.04168137672223136,0.8674492144137319,3.225542728605909,0.0001,1.6637540022330644
4178,1.6824052946804504,0.7576725308841914,0.040929885955176055,0.8838028779846538,3.1760296381511264,0.0001,1.6666121332326234
4179,1.6921404672684583,0.7572064200231077,0.04116895377756858,0.8937650926668068,3.260650491617756,0.0001,1.6698088090269851
4180,1.6499443328646568,0.7580343309570762,0.04058426896650458,0.8513257344107901,3.369115244786106,0.0001,1.6683423371271477
4181,1.6650061711336488,0.7575216918397869,0.040979694159470996,0.8665047874466401,3.393933141690964,0.0001,1.6666859599083481
4182,1.67158959494643,0.7575600466428374,0.041192014125491255,0.8728375307021712,3.2610441047328,0.0001,1.6674328629071042
4183,1.6420142565972906,0.7574472504745391,0.04148730980213467,0.8430796925575448,3.4234334559276185,0.0001,1.6651466430926178
4184,1.6691730044192765,0.7580147165555741,0.04094495105936851,0.8702133333435165,3.3860818345938446,0.0001,1.6654632926108146
4185,1.6492803496956583,0.757816293902136,0.04188909878837167,0.8495749565517685,3.385622834095365,0.0001,1.6632848335811623
4186,1.6669678542967017,0.7574900149331857,0.041465443239734334,0.8680123981791142,3.1557994299921495,0.0001,1.6655411471097028
4187,1.6791452173045391,0.7576731541335704,0.04095676656185251,0.8805152960801705,3.2660945105020707,0.0001,1.6667666543207111
4188,1.6660690573601404,0.7575206112184583,0.04082413377432988,0.8677243121708866,3.2005741257696556,0.0001,1.6651330305886802
4189,1.64301183390569,0.7573373153291899,0.040999070384197735,0.8446754478522658,3.433687898256716,0.0001,1.6602201672524033
4190,1.6308270749649219,0.7577356979039329,0.04161280623314105,0.8314785731627661,3.1576524764964353,0.0001,1.6583084414624298
4191,1.6806876829865012,0.757618651912372,0.04076451679755901,0.8823045145939378,3.1199083350009413,0.0001,1.659876592647715
4192,1.6549979734856024,0.7573098519752766,0.041231252842452416,0.8564568673681777,3.1907362248786324,0.0001,1.6582174305016324
4193,1.6549688077118043,0.7575229706193564,0.04121407074570414,0.8562317668908025,3.3214393892829848,0.0001,1.6595128856130839
4194,1.6444333828003364,0.757758438103581,0.041273043315260695,0.8454019029003249,3.142649203478444,0.0001,1.6570389234511897
4195,1.6643987490245826,0.7582779971629563,0.04131103190640649,0.8648097228870915,3.083195076269262,0.0001,1.658550763384082
4196,1.6864424729927558,0.7571037976301708,0.04125953010806689,0.8880791460554933,3.2529000007598445,0.0001,1.6604982252536877
4197,1.6777568114940342,0.7572991660593973,0.041134201972528116,0.87932344385504,3.225493757042875,0.0001,1.660359384672637
4198,1.6474870448180192,0.7602367891984827,0.04120224436204767,0.8460480107587685,3.5203521413687033,0.0001,1.6585011834184247
4199,1.649978691980273,0.7573046163177877,0.04121067461087302,0.8514634013085288,3.222609983738247,0.0001,1.659197869225883
4200,1.6434430308322636,0.7579870550434198,0.041162462311874294,0.8442935140059153,3.3590835078976458,0.0001,1.6604594648126174
4201,1.6579228050810328,0.7580539058236515,0.0413234565127452,0.8585454408404309,3.2282223696640973,0.0001,1.6581829770220704
4202,1.658445046107619,0.7572133105860279,0.04085992001616689,0.8603718119992687,3.1569469037936133,0.0001,1.658527684284272
4203,1.6597150645198009,0.7571173254664965,0.040933599820243416,0.8616641361802877,3.2111943183999516,0.0001,1.659002309965072
4204,1.6502873791158803,0.7585179634074894,0.04128346772029482,0.8504859494842574,3.4794427417596503,0.0001,1.6595877095966263
4205,1.6433337955881084,0.756963707370642,0.04139749732994404,0.8449725922174435,3.243594343473655,0.0001,1.6574812142529787
4206,1.6550856712623736,0.7576342692965184,0.041081343654686735,0.8563700583791757,3.391419528464033,0.0001,1.6543455340799404
4207,1.658644674999477,0.7573346597185967,0.040788738529290436,0.8605212788295915,3.1432277106851885,0.0001,1.6524343204304848
4208,1.650631152592131,0.7573905482011682,0.04088164197987523,0.8523589647989003,3.0914824756115493,0.0001,1.6527487312078961
4209,1.6706910658076133,0.7579738652488522,0.04105305623331128,0.8716641427839503,3.5915822637008605,0.0001,1.6548199685906302
4210,1.6471517389492862,0.7577169273978073,0.041454493153167786,0.847980317310194,3.1779436900697906,0.0001,1.6551908394023322
4211,1.666596751425861,0.7574403069565794,0.0414956365589196,0.8676608070035977,3.140785171584232,0.0001,1.656058234036815
4212,1.6620793014946138,0.7582232508407887,0.041199078908073006,0.8626569723804872,3.350605851012843,0.0001,1.6564216595755146
4213,1.6517634680740247,0.7577184063909503,0.04141068748721728,0.8526343763418662,3.0726770527706186,0.0001,1.655626499930937
4214,1.670264077597651,0.7574978752503773,0.04141970967182523,0.8713464894866605,3.478275412720067,0.0001,1.657624169779114
4215,1.670286989961628,0.7578452925894855,0.04096932222586858,0.8714723722975225,3.495249364487298,0.0001,1.6603194892164659
4216,1.6564764017749267,0.7577533023110752,0.04134656836488426,0.8573765317639279,3.0981063615477833,0.0001,1.6604585622677213
4217,1.6471453757605252,0.7575517270192655,0.040868280625488404,0.8487253685238153,3.262572770428222,0.0001,1.659308632343826
4218,1.673709972997708,0.7579350724181587,0.04093695750826513,0.8748379444729907,3.177331575515546,0.0001,1.661616514384384
4219,1.641302379947647,0.757282426463663,0.040972378142707,0.8430475734295153,3.059737883523318,0.0001,1.658677645798387
4220,1.652640711946855,0.7572726753614012,0.04128698814229598,0.8540810513750293,3.1617735958002644,0.0001,1.6592265430981439
4221,1.6509783891828742,0.7580814019419843,0.04127076141249094,0.8516262280726409,3.51376137578705,0.0001,1.6576647068738453
4222,1.659532514232651,0.757701360308858,0.041634487573805494,0.8601966678385923,3.5868304467346315,0.0001,1.6574100281476494
4223,1.660190844632549,0.757929736895687,0.04144560782952918,0.8608154959175698,3.1503438378927915,0.0001,1.6582527658035016
4224,1.6639250976318762,0.7576409821336216,0.041109418530493186,0.8651746952600218,3.2159027412503534,0.0001,1.657618867806924
4225,1.6753682473610187,0.7580011179916274,0.04142762439487914,0.8759395054581199,3.0273039870523295,0.0001,1.658126993546863
4226,1.6283847780305039,0.7572073068386642,0.0413898369845222,0.8297876338672807,3.1406063392728143,0.0001,1.655317831172421
4227,1.6409935800105515,0.7572357245923056,0.041342108293188996,0.8424157454777683,3.3944784685757776,0.0001,1.6547026515974235
4228,1.6316346799384267,0.7573437960346137,0.04155850483002576,0.8327323778647681,3.3750738807430616,0.0001,1.6504951222914954
4229,1.6476572020542308,0.7571726843986744,0.04138506426047118,0.8490994525638845,3.3075273926794893,0.0001,1.6511306045021539
4230,1.6537283285394402,0.757879919986454,0.04126227579058788,0.8545861321125504,3.3780063772781865,0.0001,1.6512393661614122
4231,1.6637343603505566,0.7571922867099847,0.041340275178332844,0.8652017937772898,3.0817795974971314,0.0001,1.6525149632781804
4232,1.6659765780334783,0.7575914267352338,0.0415626761879447,0.8668224730096289,3.153668904401226,0.0001,1.6531593696582632
4233,1.6344961844399784,0.7570778513535041,0.04149026899743999,0.8359280689402236,3.0736115409201106,0.0001,1.6505899036390062
4234,1.6612991116351579,0.7567674957714506,0.04124309711959251,0.863288518445638,3.1896580651130444,0.0001,1.6503273050393343
4235,1.6715313743867932,0.7573381638188391,0.04134897842368538,0.8728442350836966,3.1311762178161806,0.0001,1.6499436177419118
4236,1.6861755641188632,0.7581946720457947,0.0412437495063333,0.8867371410252356,3.237279884230051,0.0001,1.6557226963507479
4237,1.6702242481539264,0.7574239734703823,0.04102268107764378,0.8717775919888373,3.170787380384867,0.0001,1.6586457631650848
4238,1.6800378770180213,0.7571575297061618,0.04109760641326285,0.8817827424552087,3.0957043272486566,0.0001,1.6634860828730447
4239,1.6446051020893073,0.7577031283784832,0.041264299688668085,0.8456376742941855,3.1825741466595727,0.0001,1.663180872876552
4240,1.6590209654088437,0.7578072540658483,0.04138266991891919,0.8598310409253558,3.153996770086927,0.0001,1.6637101365634925
4241,1.669169929641739,0.7568220740399545,0.04117125840989862,0.8711765981591014,3.550202332935759,0.0001,1.6642536934926109
4242,1.6542280762480917,0.7577391594467008,0.04114185337120815,0.8553470678166553,3.153922603289931,0.0001,1.6630788433140722
4243,1.6424894100754062,0.7575011932825704,0.04146340120636667,0.8435248127150488,3.144113002635886,0.0001,1.663878165877615
4244,1.6464568757382174,0.7573121972306505,0.04106326470752275,0.8480814180391676,3.227651262380047,0.0001,1.662393942287921
4245,1.658956821138912,0.7576104691497695,0.04097430386843111,0.8603720507352154,3.504131082830758,0.0001,1.6611364869631327
4246,1.661877249486548,0.7578569702637848,0.04086020220123972,0.8631600773917855,3.4548774200810866,0.0001,1.6587066554999013
4247,1.6619331509056245,0.7579603039226958,0.040746437850395036,0.863226407523027,3.354297704435507,0.0001,1.6578775457750712
4248,1.6533788104086329,0.7574243740184312,0.04107439735598303,0.8548800367219694,3.2181713257068068,0.0001,1.6552116391141325
4249,1.640688284657306,0.7580531947994813,0.041082272665012194,0.8415528195050619,3.2779236265418494,0.0001,1.6548199573709321
4250,1.649618884733676,0.7568299835642259,0.041065130949503995,0.851723766562663,3.3988624886131675,0.0001,1.6538797493034152
4251,1.6591778863032498,0.7573733125448711,0.040995642089456864,0.860808933285985,3.113827150201701,0.0001,1.6528805449695667
4252,1.6511096835861825,0.7571451668807024,0.04107264524541085,0.8528918679388009,3.158086165936917,0.0001,1.6525687057033753
4253,1.6442350655733693,0.7574586874331228,0.041205108528446714,0.845571270866157,3.124470365942129,0.0001,1.652743271253172
4254,1.6771532335823012,0.7572324479085678,0.04110386236202403,0.878816920258936,3.178995770566604,0.0001,1.6558129070375802
4255,1.64183846811252,0.7571918460224994,0.04128839302256431,0.8433582294755001,3.189707771517926,0.0001,1.6541010717349411
4256,1.662486581724991,0.757481783205307,0.04087827824675771,0.8641265183384955,3.1698582394853325,0.0001,1.6541620049587853
4257,1.6510411694373852,0.7573490857352592,0.04090640051611539,0.8527856860876567,3.1706519651606406,0.0001,1.6530728068119616
4258,1.6624397786587295,0.7569840508106997,0.04093880198790142,0.8645169266913291,3.123745622789642,0.0001,1.6539789036369712
4259,1.6270166886989292,0.757487458099458,0.0409713654682554,0.8285578642962368,3.342250058181871,0.0001,1.6526117440411334
4260,1.6589061723035925,0.7575262249362397,0.041212467828096774,0.8601674798112854,3.2928576447659044,0.0001,1.653540472798125
4261,1.6569699451599353,0.7578837857043283,0.041084583100634224,0.8580015787654547,3.2776994794667615,0.0001,1.6533196786837934
4262,1.656120292434344,0.7577020887429042,0.04086848374070792,0.8575497158854051,3.1417127083571397,0.0001,1.65382073956861
4263,1.671759694875133,0.7576873059446865,0.041119894197939856,0.8729524934630365,3.4641068279138687,0.0001,1.656573202498786
4264,1.6458247948369922,0.7571722631763976,0.04090688388197707,0.8477456481262104,3.310244619483638,0.0001,1.6534403586242554
4265,1.662177810078944,0.7567588910611599,0.04085873445197487,0.8645601872558768,3.1528443114994507,0.0001,1.6554742928208974
4266,1.6541193111914891,0.7570078265352617,0.040943186374997026,0.8561682993466786,3.1930144004841123,0.0001,1.6546375657675476
4267,1.6574898732119594,0.7585362747281367,0.04137008040236653,0.857583519078897,3.721081071886523,0.0001,1.6552824361450047
4268,1.6481152377554176,0.7573548971276738,0.04115228237051509,0.8496080570935478,3.1591512929595265,0.0001,1.6538499820546737
4269,1.6645974005453485,0.7572680114490749,0.04150835495691512,0.8658210329001138,3.1499795367219625,0.0001,1.6576080532393156
4270,1.6739696706767981,0.7571529528432154,0.040768391703978994,0.876048328872566,3.469731253010748,0.0001,1.6591144030766363
4271,1.628657879016946,0.7572236833659437,0.04140716827423529,0.8300270277696981,3.135734703671376,0.0001,1.656283196462337
4272,1.640189271185993,0.7580310362589529,0.04110349748004039,0.8410547343640008,3.277447916431311,0.0001,1.6546900943375018
4273,1.6650862231941301,0.7570284768243832,0.041550148089565565,0.8665075961643978,3.2050025025439313,0.0001,1.6540227471694018
4274,1.6647149371568861,0.7575321666609202,0.041154808253352104,0.8660279616229917,3.25798448418507,0.0001,1.6559117614013914
4275,1.6532213898266064,0.7584989618578015,0.040990923771268215,0.8537315105448872,3.4647178961829286,0.0001,1.6550161193761574
4276,1.6937882420257429,0.7569303496855994,0.04140924029127821,0.8954486517390542,3.164806280610044,0.0001,1.6589830124595828
4277,1.6373937888029382,0.7568996644165162,0.04068072016292363,0.8398134038003414,3.1347396697765917,0.0001,1.6569734040186805
4278,1.6373868687399502,0.757423953642468,0.04078889763621239,0.8391740185418308,3.524124966190021,0.0001,1.6559005671171338
4279,1.6448749366686746,0.7573013269393487,0.040854241494958345,0.8467193676147451,3.1145620882873843,0.0001,1.6539283207294662
4280,1.6707020158941799,0.7573637754390012,0.04091756774252375,0.8724206703550675,3.1823159509449894,0.0001,1.6536015552512047
4281,1.6256248480649798,0.7579087766140518,0.04116350110113984,0.8265525714227926,3.1917742471424124,0.0001,1.653298252156008
4282,1.653128280480058,0.757283800030335,0.04129893349343816,0.8545455477723727,3.3342776317867258,0.0001,1.6545921530854149
4283,1.6435086395871084,0.7567395852013485,0.04076998035516023,0.8459990761577176,3.2207674008112166,0.0001,1.6524343947247122
4284,1.657585500945426,0.7569271783074307,0.040938607577619884,0.8597197135037631,3.3598936651106053,0.0001,1.6517214511035665
4285,1.6545523912863123,0.7582108151114737,0.0413424884088141,0.8549990879322645,3.5107826258057755,0.0001,1.6518545512495368
4286,1.6632471748346247,0.7572281558905364,0.04120732538598546,0.8648116916538977,3.081839687925807,0.0001,1.6488004445304252
4287,1.6444997027002533,0.7572594039580401,0.041227016439302454,0.8460132823029106,3.1595781403187564,0.0001,1.6495110359201568
4288,1.6534884829550196,0.7572964590654896,0.0411699983701261,0.855022026501732,3.552023612461516,0.0001,1.6511211973416635
4289,1.6369847943042886,0.758405401547105,0.04117233903122722,0.8374070538317456,3.4582740958273774,0.0001,1.6503321831052251
4290,1.6346634661450106,0.7576168180721043,0.04096471199399317,0.8360819360638003,3.3310794779543462,0.0001,1.6467283281303082
4291,1.6575524156524009,0.7571790283640306,0.040936863446574184,0.8594365257082194,3.277657211673187,0.0001,1.6499210848890502
4292,1.6528762186033006,0.7574293473187614,0.04103714191405817,0.854409729657623,3.281701630559461,0.0001,1.6498958787013744
4293,1.652619868456471,0.7573121381096134,0.04061655364703939,0.8546911791329693,3.2953809685929554,0.0001,1.6508070015883107
4294,1.6592814229564783,0.757535751040035,0.04107766847823261,0.8606680053197467,3.3060979342605714,0.0001,1.6509765937894159
4295,1.6615133538207467,0.7577250145269939,0.04097554674013149,0.8628127932941454,3.143429368311203,0.0001,1.6516726900428593
4296,1.6318500160445548,0.7575146962131013,0.04100454627379443,0.8333307752956242,3.155720189908939,0.0001,1.6485329741638524
4297,1.661561752913206,0.7569828524309046,0.041122539531870256,0.8634563582603636,3.153790331757335,0.0001,1.6502391791851476
4298,1.6631663822499057,0.7570186935622116,0.041117743111043624,0.8650299451081555,3.251340896797954,0.0001,1.6512069691146365
4299,1.6730147180644301,0.7573011258794619,0.04105622942500859,0.8746573609237618,3.1878757573528174,0.0001,1.6548099614906504
4300,1.610369132450096,0.7575066410020206,0.04103749518945783,0.8118249940294886,3.2332161643200426,0.0001,1.652380528121159
4301,1.6515316491678327,0.7577127157795501,0.04122104606086777,0.8525978878563606,3.404924103986419,0.0001,1.6517784514727023
4302,1.6221391866947044,0.7578253831873075,0.04108022144309889,0.8232335762005548,3.121294081090188,0.0001,1.6487047482818427
4303,1.6378819996880227,0.7575751320585518,0.04111861505566456,0.8391882513950127,3.3147240998053404,0.0001,1.6472309614049976
4304,1.6546251825822051,0.7574692959717756,0.04083532034504486,0.8563205670210218,3.2765783139223017,0.0001,1.6467653373675706
4305,1.6598511323725718,0.7573541749805273,0.041009421522670536,0.86148753987425,3.4150920119778863,0.0001,1.646599115222753
4306,1.6367931980148531,0.7575111756701982,0.04123218693065837,0.8380498346583597,3.2602540387585,0.0001,1.6470934334197829
4307,1.6713552276696444,0.7580297273748061,0.04089747336041371,0.8724280274860394,3.5266697365662147,0.0001,1.6480727808954267
4308,1.673007564056234,0.7576686720577264,0.0410302379310252,0.8743086509391453,3.3048352699492574,0.0001,1.6490568990760592
4309,1.6505296848124955,0.7580063257207735,0.04118011423346962,0.8513432459992641,3.2994443731907657,0.0001,1.6468083957508661
4310,1.6583883576170668,0.7579767184131769,0.04145510612588384,0.8589565339923267,3.383718696133844,0.0001,1.6516103182675628
4311,1.65222485179108,0.7574599194236508,0.04111322766627066,0.8536517042024382,3.2832347348060376,0.0001,1.6516796385298878
4312,1.6799587178181925,0.7572251871439797,0.04135492703977511,0.8813786088483329,3.309817600685491,0.0001,1.6574615916422366
4313,1.6474978330169199,0.756807669664735,0.04125809355149646,0.8494320696646737,3.161874865179855,0.0001,1.6584231749751264
4314,1.6594651875824764,0.7572224586295307,0.04112970853190393,0.8611130191969097,3.384984993547745,0.0001,1.6589071754751532
4315,1.6335700278833478,0.7578054777748928,0.04112122411902004,0.8346433274855962,3.337312976922273,0.0001,1.6562790650262311
4316,1.6531346297650986,0.7576323825012115,0.04105434480593606,0.8544479033496026,3.3062809807291864,0.0001,1.6579132082012555
4317,1.6480227878079212,0.7580683993035833,0.04130776537842973,0.8486466236095158,3.264926675608869,0.0001,1.655579964215083
4318,1.6513538706375184,0.7578338063029199,0.04109216824506408,0.8524278992934353,3.45069946623719,0.0001,1.6534145948732117
4319,1.6507034602803585,0.7574809825928168,0.04138921675769117,0.8518332621842079,3.184625437970577,0.0001,1.6534319724199977
4320,1.6604860712741982,0.7582715819863712,0.04124518001780791,0.860969312965084,3.1947038347774295,0.0001,1.6536417437857112
4321,1.6665121804144514,0.7573467482176078,0.04115259333024402,0.8680128398338147,3.389861664230393,0.0001,1.6550704766480482
4322,1.6599124546708732,0.7583420003403515,0.041197344207376786,0.8603731108485564,3.4287435771485613,0.0001,1.6530658503333164
4323,1.6763757949668543,0.7582391440022064,0.04117066744133135,0.8769659834477529,3.5471427837201595,0.0001,1.6559536465283098
4324,1.6519492475304594,0.7576745025526438,0.04094650996867832,0.8533282384699546,3.1878231802528334,0.0001,1.6552020525231081
4325,1.6448561730539581,0.7579109789633606,0.04129790099107228,0.845647289396904,3.4247964364278145,0.0001,1.6563306670401694
4326,1.64155519673597,0.7572401784980031,0.040867438906346566,0.8434475830191289,3.43770584010691,0.0001,1.655172723737256
4327,1.6487533479143108,0.7574891214680236,0.04105575331326189,0.8502084732388144,3.1928419549373293,0.0001,1.655245779747895
4328,1.6055509428707146,0.7572263682348007,0.041114270324397524,0.8072103043568546,3.2483596770323313,0.0001,1.6506654869712147
4329,1.6625076321994556,0.7574150292675104,0.041516584750363114,0.8635760213250321,3.2735546201044357,0.0001,1.6518459041631246
4330,1.637265520211891,0.7575528093332209,0.040914436141085676,0.8387982733320997,3.2168899697174167,0.0001,1.6495238490568938
4331,1.6261977755273815,0.7575461052010557,0.040812760772859835,0.827838908042192,3.5381756658244568,0.0001,1.6454924085681868
4332,1.6465342736389283,0.7580307158688745,0.04101079206679462,0.8474927666175801,3.434532036162293,0.0001,1.6441545904649923
4333,1.650929385097225,0.757495163299491,0.041111709138200926,0.8523225130978027,3.167489337872782,0.0001,1.6416099494780294
4334,1.681918611511981,0.7579783370480334,0.04079163413018774,0.8831486398954904,3.299826923055049,0.0001,1.6446068858761815
4335,1.6335642199970888,0.7565342387369631,0.04123185372497683,0.8357981283739058,3.363499339163666,0.0001,1.643477690570495
4336,1.6372363755959285,0.7568983676225612,0.04088611631799663,0.839451893461343,3.1873966827837497,0.0001,1.6430458084564905
4337,1.6587217870880575,0.7571680209699557,0.040805784248677035,0.8607479831388949,3.1236863005717432,0.0001,1.6440426523738654
4338,1.6544339370292291,0.7565986671263983,0.04090543112454985,0.8569298421484219,3.1698045994157,0.0001,1.6489309517897166
4339,1.648524136983357,0.7568872586708765,0.04071372130821491,0.8509231516694684,3.373877636075745,0.0001,1.6475326022681067
4340,1.650621069372305,0.7582730013748695,0.04093549096801943,0.8514125801879784,3.300441930308545,0.0001,1.648868157184148
4341,1.6549093688235563,0.7570972575619062,0.04100545811604776,0.8568066524655292,3.2590308689926024,0.0001,1.6517393165137655
4342,1.6321313342506456,0.7578583192873678,0.04084023379892655,0.8334327816479589,3.235935227624301,0.0001,1.6502990225749372
4343,1.6509219534982291,0.7576348114207115,0.04108762547645801,0.8521995138505409,3.234256519265397,0.0001,1.6502982794150376
4344,1.6508139784147484,0.7581818854591184,0.04088519528719765,0.8517468955564269,3.4317032645246806,0.0001,1.6471878161053144
4345,1.644235256961103,0.7577189873246586,0.040956427069271314,0.8455598475392644,3.2056374242774854,0.0001,1.6482549198017158
4346,1.6187347438465993,0.7576491858122557,0.04088606021950743,0.820199495910631,3.2619275318923395,0.0001,1.646404756626783
4347,1.6614524055929745,0.7571478575528514,0.04110517753307041,0.8631993706506237,3.1274604565231603,0.0001,1.6466778184772746
4348,1.644542130084357,0.7579186794482187,0.04085694413639711,0.8457665101267987,3.3040838635717398,0.0001,1.6456886377827875
4349,1.6574324260618818,0.7575547521061152,0.04102459422956858,0.8588530832474662,3.0884370412110798,0.0001,1.6465794666906397
4350,1.676918142828448,0.7578557340416898,0.04111351492922398,0.8779488970236532,3.1730284845611387,0.0001,1.6492091740362542
4351,1.6284773867222164,0.7571413992142823,0.04095035368240387,0.8303856343318071,3.1323178646288827,0.0001,1.6465659758261204
4352,1.6510238229140306,0.7573356355179638,0.04114848677575225,0.8525396989125751,3.282558666281478,0.0001,1.648455224692459
4353,1.6363501952579491,0.7580036974340133,0.041056241273396396,0.837290252825249,3.304011761295868,0.0001,1.646998048868431
4354,1.6488285142074492,0.7575899413342891,0.041094297569615364,0.8501442749257262,3.205526557461969,0.0001,1.646799502447701
4355,1.6444524134873861,0.7578532871078042,0.041265592371958024,0.8453335375978439,3.2787624795828583,0.0001,1.6468212181003294
4356,1.6602718439595452,0.7575843293091347,0.04101012178657021,0.8616773927202693,3.420188813615764,0.0001,1.650974928111624
4357,1.6469290750989083,0.7579197106206634,0.041322937843523935,0.8476864287731735,3.3379829014532465,0.0001,1.649522595062217
4358,1.627766544872075,0.7583044446989682,0.041395435468662097,0.8280666641301606,3.3880719807278554,0.0001,1.6478450365409891
4359,1.65563146204784,0.7572572804367809,0.040979170170565404,0.8573950119543269,3.178427814953709,0.0001,1.647664940139585
4360,1.650195975816274,0.7573890647346543,0.04126309236213112,0.851543818912176,3.332678434573129,0.0001,1.6449927234383672
4361,1.6375849254232875,0.7575474938804673,0.041214621816639,0.8388228099075341,3.2189916761603365,0.0001,1.6459034773084746
4362,1.657217443593859,0.7580214200832297,0.04115768330092363,0.8580383356758837,3.8131114002657225,0.0001,1.6465228393764573
4363,1.6295186038191372,0.7584478053553351,0.04095688528753439,0.8301139107884549,3.806217041025297,0.0001,1.645839680232576
4364,1.6432357532015678,0.7572811064565399,0.04104000293700739,0.8449146452815126,3.1929003783703815,0.0001,1.645280404131988
4365,1.6169390470454466,0.7577509888529053,0.04109430337290735,0.8180937596708234,3.460355540801739,0.0001,1.6425290674877941
4366,1.6239823381025458,0.758276968045844,0.04088939203451903,0.8248159754756861,3.324244844502416,0.0001,1.6389001169020943
4367,1.6518584394309874,0.757653611064199,0.04059870924959318,0.8536061220037284,3.2008183348251404,0.0001,1.639393053335302
4368,1.6528834114210118,0.7575246634879895,0.040671109185982914,0.8546876366236993,3.154157510393773,0.0001,1.6419047399901956
4369,1.6532579783735604,0.7577573687261306,0.04098033735766614,0.8545202717985996,3.202649007220781,0.0001,1.641667391622768
4370,1.6205095602822837,0.7578947623893165,0.04119457893874534,0.8214202204654957,3.183633504000929,0.0001,1.6386987500693688
4371,1.6184255521872948,0.7564066990635699,0.041016670317969024,0.8210021823070354,3.3372245715065856,0.0001,1.636782812745769
4372,1.6740597849201722,0.7578941609022826,0.04098608914543601,0.8751795347666643,3.2688118700565236,0.0001,1.6384670468784008
4373,1.6443115412342622,0.7573430954080083,0.04088767426009111,0.8460807683131455,3.3308214186171248,0.0001,1.6399463406199133
4374,1.635028314638815,0.7576580920519258,0.040985367360995215,0.8363848541113293,3.2257907431701134,0.0001,1.6391255967636382
4375,1.6433900161882442,0.7580718505696883,0.04041392348600933,0.8449042413164588,3.6056121807794783,0.0001,1.6417706936779175
4376,1.6542903193353882,0.7575415543320213,0.040627518000032066,0.8561212410791409,3.423658550873731,0.0001,1.6448014918012022
4377,1.615607942577308,0.7573874945814663,0.041203067945902054,0.8170173783724255,3.2907531602387494,0.0001,1.6411764421158341
4378,1.6450608447647481,0.7570192790901927,0.04107434802800115,0.8469672166944517,3.3664908665430717,0.0001,1.6403941854502075
4379,1.6589076199831392,0.7588976804189701,0.040850766048470086,0.85915917374239,3.3337499510202155,0.0001,1.6409591496111655
4380,1.6317922368978148,0.7569331997064741,0.041299224383448976,0.8335598126265389,3.1696195716064794,0.0001,1.642087417272719
4381,1.6492716839299,0.7585710896439775,0.040791106997832324,0.849909485406554,3.6195424712937454,0.0001,1.6451720304469792
4382,1.6399692321162196,0.7572822320533814,0.04122733828020386,0.8414596577361981,3.125105288642899,0.0001,1.6417629751665839
4383,1.6341712281379932,0.7582162494108111,0.04082722402731255,0.835127752704988,3.551204102518109,0.0001,1.640748943856957
4384,1.6634003873045498,0.7574770301882684,0.041063374728266655,0.864859983884176,3.267460876739533,0.0001,1.6435861511235306
4385,1.6528063057402327,0.7565850125848642,0.04096759091042602,0.8552537023356188,3.2228786176406827,0.0001,1.6445277800787295
4386,1.6504868010236573,0.756521235131347,0.04061014415284441,0.853355422555554,3.419667437158782,0.0001,1.6441474282475563
4387,1.632128172907336,0.7575859786530779,0.04091184714744831,0.8336303452177174,3.3322372905622872,0.0001,1.6457994512805592
4388,1.6451757503087816,0.7581749808715759,0.04117104368809513,0.845829725492194,3.4140464565575,0.0001,1.6458109418349622
4389,1.6524196479915363,0.7579997797283149,0.0409024997366853,0.853517366093385,3.4096680226722547,0.0001,1.6451621446358022
4390,1.6608948573379438,0.7583155156874511,0.04091971350973567,0.8616596295160164,3.402414965339413,0.0001,1.648072406679815
4391,1.6362316175600093,0.7565905695996469,0.04078829240121899,0.838852753851404,3.2173693047092122,0.0001,1.646768400042826
4392,1.6270806892164822,0.7576735677390263,0.04120290642094177,0.8282042152680925,3.1808277453176874,0.0001,1.6454795457528522
4393,1.6210914748677376,0.757327894168258,0.04125813417454037,0.822505447114336,3.192805291914795,0.0001,1.6441715704258268
4394,1.6366583927407952,0.7572761134491973,0.04122107072485871,0.8381612042671648,3.200614673370764,0.0001,1.6414973709694514
4395,1.6442889044057525,0.757255062249321,0.040874226339932145,0.8461596139122942,3.351472493842939,0.0001,1.6406456308360031
4396,1.6369708844179072,0.7567005608434851,0.040749203844437976,0.8395211162238285,3.115414462756917,0.0001,1.639294039175428
4397,1.6579698373773277,0.757372320786451,0.041150780285105985,0.8594467368498293,3.2833711714096534,0.0001,1.6418782056224273
4398,1.6568805051865492,0.7582234624191423,0.04079379609825645,0.8578632421051029,3.4529841458821635,0.0001,1.6430486811102039
4399,1.651876280322278,0.7575925711927742,0.04061018090702699,0.8536735293710449,3.3449166626282203,0.0001,1.6429943443432784
4400,1.624059482471938,0.757587059999818,0.04094362428173816,0.8255287988704552,3.201982523800152,0.0001,1.639310806856678
4401,1.6450407609011048,0.757753361673916,0.041188369899927725,0.8460990297957559,3.1440307704720487,0.0001,1.6401917211907873
4402,1.6419967340407458,0.7575954404370538,0.04062514517902119,0.843776142704499,3.1365740734471754,0.0001,1.6416833256732137
4403,1.626447318412711,0.7570625089003155,0.04086407130436771,0.8285207369083323,3.337576047160321,0.0001,1.642218910027711
4404,1.6683926541229774,0.7575603034385078,0.0412951185543687,0.8695372365127955,3.2732444099673876,0.0001,1.6453923361659293
4405,1.640021487375302,0.7571709234622622,0.04104701911701875,0.8418035436701219,3.526928115809907,0.0001,1.644965594462884
4406,1.6550909722068972,0.7570217462146983,0.0407491811148777,0.8573200454364925,3.2071542768884624,0.0001,1.6467776032417831
4407,1.6612750516701906,0.7566541530055884,0.04080526823929793,0.8638156339616853,3.3985580123704056,0.0001,1.6471081246710693
4408,1.6431067370739718,0.7571191837289513,0.04100100215501766,0.8449865530488699,3.3242913119449575,0.0001,1.6457307478598118
4409,1.6446421042417174,0.7574479931750113,0.04095208572325793,0.8462420311467401,3.268271564953709,0.0001,1.6450073302517556
4410,1.6636358174300823,0.7576459067104796,0.04064929485321045,0.8653406152996644,3.267814075003773,0.0001,1.64896496374757
4411,1.6387079110251963,0.7570934613626337,0.041236174275860585,0.8403782762934664,3.1905380789696807,0.0001,1.648331678759979
4412,1.6365590402610888,0.7578229647862742,0.04132988801108896,0.837406183609977,3.4259684661339067,0.0001,1.6477879093820136
4413,1.6421472842504723,0.7581321520931097,0.0410080741917144,0.8430070557894136,3.3211351352579452,0.0001,1.6493579059657897
4414,1.6265658701167387,0.7570163223129257,0.04099577798321088,0.82855376605753,3.3285384980950345,0.0001,1.6451752275651657
4415,1.626200611765438,0.7575329641299605,0.040972485261804914,0.8276951576736103,3.140565111477525,0.0001,1.6437931400041794
4416,1.628082458919734,0.7570671829684027,0.041014350693801355,0.8300009224918986,3.2879491135266443,0.0001,1.641092288675463
4417,1.6038169102784827,0.7569207935981286,0.04094522453950337,0.8059508926395712,3.217282765051898,0.0001,1.6353464745362924
4418,1.615623536022875,0.7575484086243667,0.04113962128002793,0.8169355030732633,3.272433613425094,0.0001,1.6325981544311823
4419,1.6496319872370597,0.7579794269788096,0.04146126898016939,0.850191288542675,3.2485169808231067,0.0001,1.6330971427307168
4420,1.657464864650556,0.7565242863330106,0.04096219505789797,0.8599783824888978,3.2089967120733514,0.0001,1.632480047452764
4421,1.620498961657588,0.7576789831776648,0.04093428751034379,0.8218856922239367,3.1979061720579196,0.0001,1.6306591525160035
4422,1.6325749937467595,0.7592529043948191,0.04114515447713299,0.8321769346783418,3.60066751558447,0.0001,1.6302607478645705
4423,1.616067801358492,0.7581445409124812,0.0408675793943734,0.8170556810818628,3.243342227191035,0.0001,1.6276527995753725
4424,1.62936784662533,0.756895134947121,0.04062940793878892,0.8318433027419793,3.3176134800572425,0.0001,1.6279329972262313
4425,1.6504857767426218,0.7572513956569029,0.040664095424009866,0.8525702860697529,3.142705540386223,0.0001,1.63036151372395
4426,1.6194331025738744,0.7577253721548626,0.04101418892703724,0.8206935397993479,3.34238766148898,0.0001,1.6294965780893638
4427,1.6287952198459943,0.757741157471771,0.04056760674799673,0.8304864567143438,3.20236928830524,0.0001,1.6319944090461154
4428,1.6267702034230649,0.7570274022481505,0.041009946478791456,0.8287328533057509,3.5012064785309303,0.0001,1.633109075786134
4429,1.6559170081939465,0.7580375537185592,0.040889231476774084,0.8569902236937993,3.3070024179396715,0.0001,1.6337375778818228
4430,1.6371108642939864,0.7571570402952044,0.04081931220590464,0.8391345115964117,3.342800421356913,0.0001,1.6317021778461658
4431,1.6465990637668972,0.7574359479588862,0.040920274011020004,0.848242839507411,3.285982263499293,0.0001,1.6343121880570965
4432,1.654601632944227,0.757774579718437,0.04083536459514626,0.8559916900814668,3.3215827501811557,0.0001,1.6365148519768435
4433,1.616012983099684,0.7570646619216423,0.04052677357656235,0.8184215445411496,3.2906348683529405,0.0001,1.6365093701509625
4434,1.6580629819063337,0.7575495066555712,0.04103962209597079,0.859473853260581,3.1685416212430106,0.0001,1.639378883679063
4435,1.6369931795776012,0.7581509786977245,0.04122272732291696,0.8376194712824923,3.489341506851614,0.0001,1.6380296239625607
4436,1.628287451625112,0.7582801943134826,0.040898023947740905,0.8291092310667522,3.370702329562112,0.0001,1.6389150588676848
4437,1.6600822338467922,0.7570206994459063,0.04133992552999067,0.8617216093696155,3.2613577305907895,0.0001,1.6420437602677644
4438,1.6325575114505528,0.757667358216601,0.040723821454309306,0.8341663301625794,3.4285030766384597,0.0001,1.642622491070513
4439,1.628800516438049,0.7564225634503317,0.041053659533874014,0.8313242931515885,3.20655468873997,0.0001,1.6399108418949235
4440,1.6366050476718383,0.7578559603700773,0.04109477513218506,0.8376543108094294,3.8499558612734504,0.0001,1.6398602602327088
4441,1.6402906400678607,0.7580971011767281,0.04087952426190792,0.8413140126418995,3.271473602155643,0.0001,1.6392294178628053
4442,1.6359739978221561,0.7573180139427494,0.0407717375436129,0.8378842414090406,3.3349339906390734,0.0001,1.637366654350598
4443,1.6359058890574845,0.7585440044712585,0.04045770835683022,0.8369041686805823,3.443398411810761,0.0001,1.639355944946378
4444,1.6457833836334956,0.7569182322910301,0.04069937508681725,0.848165777600682,3.1165419855659438,0.0001,1.6381279851190942
4445,1.6166138241547359,0.7576437163304606,0.04077341735483909,0.8181966936884497,3.6560787670994386,0.0001,1.6360900495768078
4446,1.6396961570027875,0.7583541662165891,0.04027843040094898,0.8410635592971322,3.494614615643484,0.0001,1.6372309201145754
4447,1.6323960985663455,0.7578668526655279,0.040816152797025794,0.8337130926806351,3.1316766144054173,0.0001,1.6344623065865307
4448,1.6371639774730675,0.7569048317644224,0.041255539135807186,0.839003606145903,3.2529864656997742,0.0001,1.6349229531887821
4449,1.6615123741525182,0.7576924827229421,0.040791031071428833,0.8630288610986715,3.4748126304657414,0.0001,1.638194138960229
4450,1.6481001502843706,0.7569830867388185,0.040833623607550384,0.8502834386760879,3.4094036445172757,0.0001,1.6393436492214821
4451,1.6336630264837408,0.7573028495780837,0.040917759976570794,0.8354424186217132,3.1653613231728577,0.0001,1.6386808878630703
4452,1.6430752104484527,0.756812018869373,0.040740416209547804,0.8455227777120066,3.338746960458117,0.0001,1.6393910091256998
4453,1.6204045593859457,0.7581401406872345,0.04071573093986898,0.8215486884691411,3.6556601841116048,0.0001,1.637840876158546
4454,1.6421419845149676,0.7573805624282868,0.04094202281495379,0.843819399861124,3.1314192219631667,0.0001,1.6374767362466933
4455,1.6421418130760503,0.7573126334447647,0.041014463132583584,0.8438147111752393,3.2832197715012588,0.0001,1.6400295351388248
4456,1.6500089227790522,0.7567233368301005,0.040907751232325186,0.8523778320416717,3.2386967509561813,0.0001,1.6410608117164511
4457,1.6273978579842294,0.7572577872576143,0.04105342425874474,0.8290866457424589,3.273021969060143,0.0001,1.6405609876582397
4458,1.6494072982795824,0.7577255905037236,0.040895554405196925,0.8507861521314172,3.2106254306332818,0.0001,1.6417853197388912
4459,1.6403308796108858,0.7575297844095598,0.0409019078009027,0.8418991870981685,3.371541631391034,0.0001,1.6396671702847279
4460,1.6151537858932061,0.7577977762019175,0.04073040214561787,0.8166256083617588,3.1835259709348542,0.0001,1.6363725338456114
4461,1.6312801160870412,0.7574578296340262,0.04096273960012935,0.8328595447068766,3.2610726980360236,0.0001,1.6361342428059413
4462,1.6359451388974218,0.7583427518666637,0.04109171510468149,0.8365106706943884,3.424158849048808,0.0001,1.6354212356508384
4463,1.6124518096567892,0.7577310923872322,0.04106327341246073,0.813657443728638,3.19277746633874,0.0001,1.6346259606779223
4464,1.6414886630814651,0.7569239576012803,0.04053430044626851,0.8440304039760246,3.1508498825359537,0.0001,1.6345606285345724
4465,1.6492334979059247,0.7571967184906315,0.040992913333204165,0.8510438650544226,3.136498472995255,0.0001,1.6352697970175598
4466,1.6710397630144085,0.7573712630155846,0.04118252163242859,0.8724859767946703,3.1737430489812857,0.0001,1.6373728810410957
4467,1.6599641115863715,0.7571561838260287,0.040929923676573964,0.8618780039779796,3.359580417917418,0.0001,1.6406295064013097
4468,1.6458690416740356,0.7577638193269772,0.0412004613005849,0.8469047624519582,3.2326970163271826,0.0001,1.6402756807407548
4469,1.6260697024347333,0.7572216491912006,0.04106895386809993,0.8277790973352128,3.1889467870487884,0.0001,1.6388495630231397
4470,1.6588251928045106,0.7572742380186703,0.04087238983982233,0.8606785644019593,3.4413662430722622,0.0001,1.6432167037142702
4471,1.662428014418658,0.7577308654543352,0.04100253543312119,0.8636946123675208,3.177462435155563,0.0001,1.6463314935474318
4472,1.6404777650417228,0.7574600105836957,0.04105076030591922,0.8419669943561298,3.5426309285250928,0.0001,1.6467847561618618
4473,1.6540865169093768,0.7574965084542126,0.040856684680884554,0.8557333217189471,3.315895915515041,0.0001,1.6509482268871207
4474,1.634550376668663,0.7568003797627849,0.040699350422826304,0.8370506463772627,3.125048685025492,0.0001,1.6502543982458406
4475,1.6444581426664975,0.757067830277263,0.04077822852569952,0.8466120852539071,3.194733605907123,0.0001,1.6497768627218978
4476,1.6502871346522054,0.7571165325917288,0.0409402728806161,0.8522303275779102,3.312293662502606,0.0001,1.6477015998856774
4477,1.6223234282787624,0.757670160360317,0.0408298749227311,0.8238233951870616,3.3534569863615364,0.0001,1.6439375315549167
4478,1.627217779657662,0.7574841511902413,0.040786910250510934,0.8289467208314135,3.3243142801656203,0.0001,1.6420724053532791
4479,1.6629425160299691,0.7573699229387434,0.040676479407304685,0.8648961142506488,3.2488081767157655,0.0001,1.6457596867128028
4480,1.6299983988427245,0.7574595428141813,0.04078084967924663,0.8317580059412527,3.569790148589964,0.0001,1.6428770073166237
4481,1.645297733088294,0.757544372797496,0.04098212066093274,0.846771234899578,3.237417491889629,0.0001,1.6411639791835877
4482,1.629476902571943,0.7574234367867754,0.04074356425364651,0.8313099025591876,3.3169307619272814,0.0001,1.6400638929366096
4483,1.6331293002587062,0.7571609109700572,0.04092042441300398,0.8350479626238467,3.3383484242170383,0.0001,1.6379681712715428
4484,1.6585061756882657,0.7570674497989321,0.04094710408069541,0.8604916252090046,3.1315517519840603,0.0001,1.6403637511735032
4485,1.6279603838920593,0.7568635974404294,0.04089688964596143,0.8301998989516775,3.2906896514292905,0.0001,1.6387139752960593
4486,1.639278130163769,0.7575620680019773,0.04131892389990011,0.8403971391686561,3.168002792352595,0.0001,1.6376130748472157
4487,1.6115212116473587,0.7575511862249935,0.041318627932008814,0.8126513968253958,3.27405331947257,0.0001,1.6365328531840748
4488,1.6247708090178623,0.7569227229509102,0.04109975435670926,0.8267483307279148,3.1534516659034435,0.0001,1.636288156120095
4489,1.6466237036983575,0.757428266576531,0.04072741707730245,0.8484680232786503,3.60733958528685,0.0001,1.6346562748869342
4490,1.650833924450207,0.7573186195404487,0.04063062131042171,0.8528846799722791,3.2125200016261597,0.0001,1.6367398274476823
4491,1.6612192736919704,0.7572546376417907,0.041096541509183376,0.8628680965207653,3.235777271688589,0.0001,1.6383319815080497
4492,1.642954290759491,0.7574310036750159,0.04062049601672871,0.8449027908183862,3.4199725200873603,0.0001,1.6396797203268048
4493,1.6604986368521715,0.7584699603897079,0.04097679976759286,0.8610518740501414,3.565845046033724,0.0001,1.6424166539861513
4494,1.6623335333189664,0.7572661072438919,0.040812053980256675,0.8642553721552688,3.337117240346711,0.0001,1.6427993897492215
4495,1.6139597762187161,0.7565415952558692,0.04078298432348224,0.8166351965486882,3.282274061235888,0.0001,1.641399328981887
4496,1.6474128088651274,0.7574770089095311,0.041163691400756215,0.8487721069377769,3.3395296047473777,0.0001,1.6422127968520228
4497,1.6695194639734032,0.7570702005593337,0.04126317070657293,0.8711860954277898,3.193629072597496,0.0001,1.6480126220846274
4498,1.647040070433162,0.7579151229974465,0.041054711380546526,0.8480702360098309,3.5265650778223003,0.0001,1.6502395482261574
4499,1.6421784522809073,0.757382829339219,0.041125424735202754,0.8436701990376864,3.2114175446860447,0.0001,1.6497950230844123
4500,1.6377855361596083,0.7566533660550147,0.04107520764062661,0.8400569627435527,3.19943743182486,0.0001,1.6484901842553523
4501,1.6332971903421816,0.7569000966408673,0.04110853135223079,0.8352885617747994,3.3221587208656946,0.0001,1.6456979759203734
4502,1.617818227766977,0.757276936549444,0.041072039768613615,0.8194692523405711,3.503850927217495,0.0001,1.6431843696211221
4503,1.621616305129765,0.7572298722141413,0.04079736101216283,0.8235890669313696,3.2026474442008057,0.0001,1.6392961364488816
4504,1.6302488337423933,0.7569899220495631,0.041033443766239935,0.8322254658561449,3.2046565980505024,0.0001,1.636087666491224
4505,1.6675906083404897,0.757257861491391,0.04076671793784863,0.8695660283974169,3.3111498781440223,0.0001,1.6414507497034017
4506,1.6520630255432207,0.7569787895220047,0.04088238891191463,0.854201846346108,3.217081587648295,0.0001,1.6419157713712107
4507,1.6680024625321672,0.7567852294227414,0.040495614492869036,0.8707216227423347,3.3202621881183214,0.0001,1.6417640712270873
4508,1.6291853347849894,0.7571830698732914,0.04095141786107185,0.83105084508597,3.0838174766749447,0.0001,1.6399785976622698
4509,1.6371226854788605,0.7573000476761715,0.040930552608342975,0.8388920813254845,3.24415849865571,0.0001,1.6394730209820652
4510,1.6639185954059112,0.7577833806525379,0.041171950210664145,0.864963260900539,3.3958188493643524,0.0001,1.6420863269066956
4511,1.6200691989904485,0.7570766839245996,0.04118852562159602,0.8218039913786835,3.438548411365455,0.0001,1.6407635277715222
4512,1.6336474748702368,0.7563957414810846,0.041351760618585115,0.835899976488301,3.257167442333384,0.0001,1.642346452481848
4513,1.6616288358251172,0.7575039157519234,0.04141151614895215,0.86271340286635,3.239218737000626,0.0001,1.6463477055513835
4514,1.6310078535553891,0.7570755126268337,0.041479316009227454,0.8324530200379132,3.300024108277373,0.0001,1.646423607532683
4515,1.6349605456085283,0.7565795727240386,0.0411615197605342,0.8372194524438821,3.2051112148872978,0.0001,1.643160601259487
4516,1.6309936276313983,0.7568839289111975,0.04113991120282341,0.8329697880916614,3.323368693462008,0.0001,1.6410536614683047
4517,1.656281452996252,0.7576155614175855,0.04101413693921319,0.8576517495880202,3.133244839933291,0.0001,1.6398815605147132
4518,1.620781910467825,0.7575524994616093,0.041011567048078616,0.8222178466935428,3.2139069867182455,0.0001,1.6390412180829965
4519,1.657942283226075,0.7566273151981903,0.040607611015892414,0.8607073598078492,3.1681453971301807,0.0001,1.6411231778577182
4520,1.6499816888969763,0.7579908361299527,0.04101173026566573,0.8509791213981278,3.3687076597619976,0.0001,1.6397294872068247
4521,1.6287258708694643,0.7574957873951833,0.04096598630019182,0.8302641003931028,3.480317674108741,0.0001,1.6405951543947261
4522,1.6289124317149846,0.7570574989667045,0.04058771926539423,0.8312672151301744,3.216960376706617,0.0001,1.640121650079201
4523,1.6499990372338595,0.7583929534857945,0.04052488895748982,0.8510811952817392,3.5139384156066553,0.0001,1.6389586702200751
4524,1.642152895792019,0.7568401655609177,0.04059509766754708,0.8447176330396056,3.3128241820461124,0.0001,1.640073174443738
4525,1.6513620919678322,0.7574544960054858,0.04089961163170681,0.8530079803257636,3.3410311025731705,0.0001,1.6417133290796688
4526,1.643607078169229,0.7571305361770955,0.04091779044385372,0.8455587495231726,3.231337282768853,0.0001,1.6429746741334514
4527,1.606922660226996,0.7572300626346596,0.040712871851350425,0.8089797234438496,3.0788781647749897,0.0001,1.638038794856526
4528,1.6278572931250985,0.7572246891489861,0.04100562254265404,0.8296269835794673,3.3881341199604056,0.0001,1.6387463331222534
4529,1.655943546285494,0.7573336653003344,0.04054927632484668,0.8580606027485512,3.6109212097725085,0.0001,1.6385464594281953
4530,1.630492760733707,0.7570379678666229,0.04093923650938889,0.8325155582014494,3.1880808788187363,0.0001,1.6365975666118682
4531,1.6446513318386813,0.7566768720474011,0.04063904648136658,0.8473354128716442,3.3325603059049067,0.0001,1.6381901127087903
4532,1.662052474931094,0.7575964552877399,0.04078776140000225,0.8636682548505419,3.518628787317334,0.0001,1.6415041170304008
4533,1.662064688200883,0.7568765694906455,0.041063920479517194,0.8641241950117067,3.2720412468088083,0.0001,1.6427106821271031
4534,1.6320838276561327,0.7567673959064677,0.04088780701039529,0.8344286251473136,3.2644004976531797,0.0001,1.6417037753135149
4535,1.6253945022277367,0.7565606241293902,0.04067828132946641,0.8281556009702218,3.139480614517088,0.0001,1.639107016339505
4536,1.6128310494684062,0.7573267877948212,0.04080940139221129,0.8146948559137919,3.460641019000968,0.0001,1.6360294134694229
4537,1.6587119320101478,0.7578869457177168,0.041257009786718035,0.8595679758709778,3.2948161409544414,0.0001,1.6412083406477382
4538,1.6510982400988952,0.7573655546316027,0.04095139029543492,0.8527812984059838,3.256289978539968,0.0001,1.643532435345118
4539,1.625361840091419,0.7576705110967764,0.040524390116182835,0.8271669410395815,3.36907982076641,0.0001,1.6404742647257102
4540,1.6371764765549868,0.7572493651092174,0.04080082243402879,0.8391262893971154,3.2258546756198876,0.0001,1.6411426363078383
4541,1.641782264801358,0.757565859486075,0.040727941549815704,0.8434884650047121,3.372016521302972,0.0001,1.640855729604106
4542,1.641137315583761,0.7573175193330095,0.041296764029450636,0.842523033777913,3.2356867562926563,0.0001,1.6387642136693727
4543,1.6621609090791514,0.7575223385441375,0.04094853193232786,0.8636900379679507,3.2125935469873053,0.0001,1.6387738357571995
4544,1.6473825561831013,0.7581535152199302,0.041148211361186744,0.8480808287707836,3.4498325523449975,0.0001,1.6403037086098962
4545,1.6392791515431588,0.7571268096173269,0.04113879793797739,0.8410135441389819,3.268289492773478,0.0001,1.6416921735414385
4546,1.641942640105319,0.7570917352459735,0.04071715758248227,0.8441337460829569,3.163336288372837,0.0001,1.6446033326051297
4547,1.6226830765393394,0.7585899137096521,0.040692871047323664,0.8234002920695057,3.4404716373215343,0.0001,1.6410004470580488
4548,1.625873925961539,0.75706720424714,0.04071956739947955,0.8280871546625124,3.317006836556518,0.0001,1.6384780156443135
4549,1.6297903265237326,0.7577317387288772,0.04084289170665625,0.8312156920908793,3.6386925349612746,0.0001,1.6389208642875448
4550,1.650763935056226,0.7568872163552058,0.04041602693755051,0.8534606863682217,3.223689303195017,0.0001,1.6402796101376687
4551,1.6318435764457826,0.7570235321778072,0.04064563031612497,0.8341744095011487,3.2847301212817612,0.0001,1.6392857413021111
4552,1.642418235721743,0.7573595535440812,0.04086671639649428,0.844191961625164,3.4829890092052747,0.0001,1.6394138333159092
4553,1.6253008269393179,0.758057784236227,0.04071514915984736,0.8265278965809041,3.294887697720866,0.0001,1.635727825101926
4554,1.6369828246911688,0.7574875213311604,0.04093718166041809,0.8385581189339592,3.3146879438454433,0.0001,1.6346878519527326
4555,1.6531849328209371,0.7573912981557556,0.0407116700863016,0.8550819655612081,3.4902521192906595,0.0001,1.6360784300805105
4556,1.6281158804409885,0.7573917308637144,0.04055605892235561,0.8301680841866661,3.1732648574798152,0.0001,1.6346957541140774
4557,1.6440235519022293,0.757264260708923,0.04079056076297412,0.8459687279669557,3.1603760579053093,0.0001,1.6368298016503662
4558,1.6268936124824849,0.7576210908667311,0.04061028971875173,0.8286622317458746,3.533468890867175,0.0001,1.636931770302461
4559,1.6435239776878279,0.7575602837314954,0.04103505079451246,0.8449286393685225,3.4211419847383944,0.0001,1.6383051354188705
4560,1.638468422222331,0.7579345636628946,0.04063188618627088,0.8399019713530554,3.602168209170715,0.0001,1.6370755841354812
4561,1.6324599168847105,0.7572711122205243,0.041063792081682,0.8341250128356427,3.4604445840959377,0.0001,1.6371372181793737
4562,1.6496291997224757,0.7576520862492296,0.04086773801768769,0.8511093726294762,3.1291871728568244,0.0001,1.6378583145794472
4563,1.656021573117974,0.7564577278936127,0.04056017829245051,0.85900366610071,3.2648591001425507,0.0001,1.6409303891973128
4564,1.6683355794717043,0.7569266788616141,0.04066590895275557,0.8707429883023062,3.332528898488677,0.0001,1.6440656646753662
4565,1.6395528780761162,0.7575038834711117,0.04097192161707075,0.841077076161609,3.4845024560092672,0.0001,1.6427024592008845
4566,1.6572480456824235,0.7574586951708455,0.0408404792298168,0.8589488721431874,3.2591006238368654,0.0001,1.6456156757250278
4567,1.6713289234024031,0.7573597613744755,0.04083471559365913,0.8731344474392658,3.301087721366186,0.0001,1.6483462128750452
4568,1.635077081756708,0.7573187105795917,0.040534053564555264,0.8372243152171918,3.242583589186291,0.0001,1.6491645598024676
4569,1.6399016053874884,0.7572965687235277,0.040728337140886105,0.8418766993039399,3.480244893089511,0.0001,1.6488023225724338
4570,1.6490696648071552,0.7571440232694754,0.04049595035839274,0.85142969025741,3.29605095188226,0.0001,1.6498624468309155
4571,1.6368136607851025,0.7569745110449878,0.04087741935954375,0.8389617335995845,3.1373457250923944,0.0001,1.6502978212209551
4572,1.6383636500724188,0.7569761498704644,0.0408512518323701,0.8405362462613573,3.241976626746311,0.0001,1.6491712662559492
4573,1.6536225049055615,0.7572185693357828,0.041010394057685896,0.8553935414818673,3.3289453330436536,0.0001,1.6489313594347081
4574,1.656678051421415,0.7571777099286325,0.04070077706543959,0.858799563346782,3.303836580464129,0.0001,1.647765606629679
4575,1.6474093501031035,0.7571243470870941,0.04044170166851299,0.8498432989747964,3.142991604717943,0.0001,1.6485512538323779
4576,1.6539363493542159,0.7569033990767132,0.040842798370376805,0.856190146904809,3.336315582780277,0.0001,1.6482200841995571
4577,1.6444828166922982,0.7573232545572168,0.0407257633808902,0.8464337960490107,3.2381724010374677,0.0001,1.6455354735285468
4578,1.6590584694251085,0.7567885271434126,0.04102451975398808,0.8612454188704249,3.29949853386405,0.0001,1.6479336122953867
4579,1.6412660407004442,0.7569344904553335,0.040904289326851556,0.84342726047999,3.1804800265701014,0.0001,1.648070055826682
4580,1.619703542630039,0.7566543856208755,0.04118275690755786,0.8218664043785109,3.2646460291338255,0.0001,1.6451334436089706
4581,1.6162565345696456,0.7576021983705717,0.04119882114518728,0.8174555134821615,3.4059454831341944,0.0001,1.6430777309874252
4582,1.6372356817398304,0.7566634353711204,0.04094018220417882,0.839632062895061,3.307564411153658,0.0001,1.6429649341541661
4583,1.619800994289816,0.757433526535305,0.04123051509895866,0.8211369527764543,3.3487327357576535,0.0001,1.6395827830925918
4584,1.6260421069350253,0.757635148978862,0.04083040326410568,0.8275765520699973,3.387151935763098,0.0001,1.6365191886439525
4585,1.6064198720769514,0.7567642794177691,0.04082421526222152,0.8088313744121947,3.3899385452754114,0.0001,1.6324202408413373
4586,1.652206100387457,0.7574380858674736,0.04096264046055792,0.8538053746488224,3.1700203271231353,0.0001,1.6322472159446615
4587,1.6609923630408776,0.7572695664895234,0.040822365946508565,0.862900431980105,3.4315679097514122,0.0001,1.6338981705795192
4588,1.6374931340285295,0.7571598724225955,0.040512228108806496,0.8398210338296078,3.2632971206494807,0.0001,1.6317416370398614
4589,1.6367145956892513,0.7571540346735631,0.04096610067340472,0.8385944563147383,3.129934183966074,0.0001,1.6312864925387422
4590,1.6298028590954825,0.7573177243826598,0.04083750069020486,0.8316476349596078,3.253002476015149,0.0001,1.6322964241852866
4591,1.6356523020030518,0.7572840911621496,0.04091371798370237,0.8374544939302044,3.2867323813041858,0.0001,1.634236000928627
4592,1.6488175571085715,0.7574456667803364,0.04081943407503635,0.8505524521803155,3.179772934130191,0.0001,1.6353941884655014
4593,1.6732964232775551,0.7577473113793147,0.04062825743615264,0.8749208572579446,3.286568178366454,0.0001,1.6407437313642752
4594,1.6468527973544524,0.7578250198770489,0.04072973815229312,0.8482980385090226,3.0905387536990956,0.0001,1.642824800406218
4595,1.6442985007535613,0.7574213266856288,0.040577929353617266,0.8462992455152905,3.3132405815453363,0.0001,1.646612663273879
4596,1.6515229964594813,0.7572551080711473,0.04065590214294062,0.8536119874695252,3.3596614579883597,0.0001,1.6465443528810813
4597,1.6329316703591337,0.7575363487791096,0.04070130202156051,0.8346940185836919,3.2724642697986193,0.0001,1.643738283612907
4598,1.6441448614998715,0.7565135799847075,0.04098774501808275,0.8466435365424195,3.3549221974115584,0.0001,1.6444034563600411
4599,1.6358251074748398,0.7572485748942919,0.04083349109905003,0.8377430414210468,3.1932644063028794,0.0001,1.6443145075385999
4600,1.628422891996937,0.7575805037306965,0.04078241850251359,0.8300599713505644,3.7038678092840476,0.0001,1.6441765108287456
4601,1.6397254943364048,0.757365043941908,0.04062377342587794,0.8417366779962853,3.3738471719362675,0.0001,1.6445838300620808
4602,1.6454355023937342,0.7571857936725656,0.04065824111141491,0.8475914637408923,3.400256850414779,0.0001,1.644245624590597
4603,1.6239816464226822,0.7577451355075255,0.040541318802514374,0.8256951925811371,3.426074416593896,0.0001,1.6393141469051098
4604,1.645971254088574,0.7573315663221641,0.04065684517788839,0.8479828430570163,3.5094094687494737,0.0001,1.6392259925785218
4605,1.6415610561264455,0.7581270649031742,0.040834564466263656,0.8425994269610297,3.482976737902566,0.0001,1.6389522481158103
4606,1.643435487398995,0.7566254431529171,0.040254676559633946,0.8465553684723063,3.123255557752768,0.0001,1.6381434972097615
4607,1.6262471842717448,0.7568276800200131,0.040968112964900945,0.828451391131925,3.179571881255562,0.0001,1.6374750486010228
4608,1.6473859800044712,0.7569258776446143,0.040295001943019534,0.8501650998878915,3.286892795175858,0.0001,1.637799160451483
4609,1.6325270034236792,0.7572257452272256,0.04085526239074026,0.8344459997123564,3.218323699117432,0.0001,1.6374693500463668
4610,1.6457662508647293,0.7565308341389979,0.040434986776077236,0.8488004308564184,3.2474700751701184,0.0001,1.6392036859331458
4611,1.6366471451146123,0.7570991552383857,0.0406800452884264,0.8388679427893844,3.3287517506984377,0.0001,1.638895851010967
4612,1.6661197905849976,0.7568306192665023,0.04078810016717195,0.8685010695342602,3.3181708712606834,0.0001,1.640964279830093
4613,1.6524694456773645,0.7573444615996634,0.04084648346078807,0.854278497140983,3.38825342597149,0.0001,1.6438130597555614
4614,1.6487146727211819,0.7569655682929389,0.04084513008473611,0.8509039738296738,3.2256718675698517,0.0001,1.6440874016188225
4615,1.6524931896047224,0.7563112528038799,0.04096676345771031,0.8552151756553814,3.290965541139336,0.0001,1.64518061496665
4616,1.6371390991230281,0.7571196210311828,0.04043254890983535,0.8395869256758545,3.380274708566027,0.0001,1.6445509761390533
4617,1.6340668202655553,0.7569223335258376,0.04066938077218634,0.83647510209867,3.3840172343998844,0.0001,1.645332939738434
4618,1.6510313700952588,0.7570767216459975,0.04054209015674088,0.8534125571137268,3.2193881531999753,0.0001,1.645697478747513
4619,1.6515565566552337,0.7567822899344485,0.04080210254351943,0.8539721634820799,3.2083203541096035,0.0001,1.6476004340706685
4620,1.6252212170171447,0.7571513556079981,0.040910609595432246,0.8271592514887905,3.553940441255395,0.0001,1.6455459306859097
4621,1.6452817957976769,0.757081956336271,0.041206643982784744,0.846993194269602,3.144270366394012,0.0001,1.6464093957542165
4622,1.6660847665088414,0.7571241841113108,0.04083527464412047,0.8681253037787596,3.294460115519789,0.0001,1.6464058933466006
4623,1.6113283182012623,0.7573741531758956,0.04100711157065618,0.8129470561750036,3.3971844367516693,0.0001,1.6422917805989907
4624,1.6244379635031276,0.7564006739165672,0.04118298130151466,0.8268543098869963,3.2185224913680286,0.0001,1.639864109677185
4625,1.6450161891583255,0.7572752702792325,0.04112701918967597,0.8466139021527936,3.402680579837389,0.0001,1.6391164096325455
4626,1.628158095642229,0.7569353561130547,0.040893625294219166,0.8303291132375145,3.2257713976544733,0.0001,1.6382183092844655
4627,1.6317877019878333,0.7565919953959467,0.04077888985918211,0.8344168167402609,3.5065354976886183,0.0001,1.6379903974566932
4628,1.647748621433792,0.7572650552763175,0.04070972429085939,0.849773839595926,3.4978873724869732,0.0001,1.6376621225905468
4629,1.6422325705176193,0.7558224060956169,0.040392698187373476,0.846017471856568,3.3526804539059527,0.0001,1.6367297239767855
4630,1.6376405127391853,0.75742245288698,0.04061482620045815,0.8396032324729537,3.349754650017311,0.0001,1.637971653548989
4631,1.658782610545052,0.7569720942156793,0.04119404358505961,0.8606164684069568,3.207744178859022,0.0001,1.6393217350237268
4632,1.6501736002568057,0.7573057443326675,0.04088866565580542,0.8519791920591924,3.201344539621055,0.0001,1.6377306183985234
4633,1.6301064791108726,0.7572761703939999,0.04060916726536006,0.832221142584968,3.3383243719897937,0.0001,1.6396084344894841
4634,1.661107114072262,0.7571729098807484,0.04065962954902262,0.8632745760782011,3.2530836311847153,0.0001,1.6432753495463976
4635,1.6226422667019749,0.7569640486767519,0.040903030496098204,0.8247751887532567,3.170790699867883,0.0001,1.6410379573007625
4636,1.6304312517628468,0.7569567449919834,0.04068511857464154,0.8327893868889698,3.3769577064572194,0.0001,1.6412652729128248
4637,1.630797619751936,0.7577718458843038,0.04067753415562318,0.8323482402182859,3.712841278399222,0.0001,1.6411662646892347
4638,1.632155798995229,0.7574576662955371,0.04068460691773142,0.8340135242102354,3.161750996088643,0.0001,1.6396069824453785
4639,1.6309482000662396,0.7576582388268523,0.04126512472334547,0.8320248390398692,3.4713720474958905,0.0001,1.6384785454002404
4640,1.6650449778680627,0.7570828907871827,0.040823033566890814,0.8671390529094797,3.3699287870109202,0.0001,1.6412189919131284
4641,1.6491193725419577,0.7575374616812499,0.04053434276193924,0.8510475704941377,3.30923017865504,0.0001,1.6402526681128187
4642,1.6290601504018292,0.7567763205232292,0.040872554750036275,0.8314112725830117,3.3462636545753868,0.0001,1.638141323127321
4643,1.6467464736702475,0.7565512416570713,0.04078717841096147,0.8494080552646162,3.169544749521097,0.0001,1.6398053225832583
4644,1.6358933239631188,0.7574196154399044,0.04088957919068559,0.8375841266122358,3.3474580288900566,0.0001,1.6372839435723443
4645,1.6549549235775312,0.7571117708697522,0.04099356813798328,0.8568495825295758,3.1827116155237505,0.0001,1.6405152092599
4646,1.6311709918308452,0.7570485725364143,0.04108219383696272,0.8330402265455853,3.2388684701242503,0.0001,1.6405891832666994
4647,1.6435380442630931,0.7569422110099097,0.040719034947439815,0.8458767969833789,3.25033784879874,0.0001,1.6418632257178154
4648,1.6343179069474552,0.7577711780221177,0.040443918284247905,0.8361028101725946,3.6963842333451247,0.0001,1.642079436513038
4649,1.6095856680831369,0.7570995893971674,0.04068451769211713,0.8118015597168258,3.350995607840362,0.0001,1.639943183314728
4650,1.6373408551632027,0.7575603659447985,0.04106007531496864,0.838720416261023,3.4340521435708595,0.0001,1.6371727710442419
4651,1.6373869786397923,0.7573381808660093,0.04116524233053954,0.8388835552467777,3.488852530415595,0.0001,1.635999531654025
4652,1.6331438842941732,0.7558510152369919,0.04067710809726986,0.836615758436084,3.255225172632848,0.0001,1.6364079050432596
4653,1.6205979785135745,0.7577423654028175,0.040883468566027904,0.821972142640524,3.594216250502797,0.0001,1.6337930555275921
4654,1.6505560820533103,0.7588685480141011,0.041059112693910424,0.8506284203327452,3.536741048278963,0.0001,1.6352593313366115
4655,1.6350698064838898,0.7571193535961438,0.040469733986844884,0.8374807208504444,3.3360966204629707,0.0001,1.6332708196272474
4656,1.6520208123973126,0.7574742171633799,0.04107905353058666,0.853467538862151,3.3533701691134223,0.0001,1.6353558016838943
4657,1.652113621060795,0.7572143659388559,0.04093736954199615,0.8539618826480715,3.3657048747215503,0.0001,1.6362133593636643
4658,1.6296178722720118,0.7572755964726028,0.040584580651645004,0.831757696681707,3.265648804378316,0.0001,1.63574335589612
4659,1.6345684887429521,0.7569368387332552,0.04046502098834055,0.8371666222659618,3.2198110296566638,0.0001,1.6382416379621012
4660,1.6525056263012528,0.7570409215004401,0.04076691307354167,0.8546977926642609,3.2179015205066053,0.0001,1.6397581150759066
4661,1.6288709802511498,0.7576985756959199,0.04057678368705765,0.8305956191150944,3.4261559649364943,0.0001,1.6389065152370421
4662,1.636402143305262,0.7570778611465593,0.04057140065013274,0.8387528791585389,3.57257903323454,0.0001,1.639232341138151
4663,1.6490341842053629,0.7571226434581904,0.04068284610222126,0.8512286936323976,3.313077583757907,0.0001,1.6420759617073297
4664,1.66252674014283,0.7570986736860527,0.04073354752987442,0.8646945234002739,3.3250155828545593,0.0001,1.643273027516282
4665,1.6050476015944026,0.7571813391623584,0.04049075641206505,0.8073755056534953,3.247976213391364,0.0001,1.6402708070273335
4666,1.6841977611032992,0.7570771070813068,0.04048849723885557,0.8866321591407242,3.2872163642492547,0.0001,1.643488501897932
4667,1.6378018827032124,0.7571211645859492,0.04073104292577469,0.8399496806925257,3.2652456799095106,0.0001,1.6420573280621735
4668,1.648350745862686,0.7571616413385341,0.04066068598996795,0.8505284218740995,3.317622956591252,0.0001,1.643930615421241
4669,1.6432410427813113,0.7559115555416982,0.040640715169616454,0.8466887714881564,3.1965378711479913,0.0001,1.644797870825077
4670,1.6435731478927103,0.7567545581782807,0.040651304968472184,0.8461672849273101,3.183571831207972,0.0001,1.6439046229842227
4671,1.6183126832360428,0.7571262055913527,0.04069323085142681,0.8204932398036213,3.2295423509141252,0.0001,1.6428487932827118
4672,1.6292082169234874,0.7573020065290207,0.04100154887348353,0.8309046639465778,3.4178570138997046,0.0001,1.6421294006445344
4673,1.6406831539426807,0.7570700390343734,0.04047850904793575,0.8431346050367273,3.3068671066910937,0.0001,1.6412942976182663
4674,1.631220231796133,0.7575321988208299,0.04095016580082582,0.8327378677940998,3.21747876156658,0.0001,1.6381636467835965
4675,1.650712887849092,0.7570623025207442,0.040973911420810534,0.8526766716708518,3.330556427247626,0.0001,1.6427301754090653
4676,1.6553318938183736,0.757058633268484,0.041085779062391053,0.8571874799459991,3.3870732556975636,0.0001,1.639843588680573
4677,1.6587326108321214,0.7574028433215546,0.04044319698341478,0.8608865737839475,3.185394965127322,0.0001,1.6419366614934638
4678,1.6450210976552286,0.7571797118225639,0.040485510719717156,0.8473558717276939,3.3825144603334625,0.0001,1.641603696672718
4679,1.6398448368598675,0.7567618212400054,0.0408159675752899,0.8422670496616353,3.2704454261439326,0.0001,1.6412640760805737
4680,1.6263922119237346,0.7575524306684188,0.04083457099496714,0.8280052121192156,3.6031777101888136,0.0001,1.6395459824836762
4681,1.6440029184184741,0.756815708554057,0.04092850767332932,0.8462587008762795,3.144643018502009,0.0001,1.6421150060019194
4682,1.6426114369841183,0.7570133918922765,0.04076649862177232,0.8448315455935306,3.4970694860144995,0.0001,1.6434553280079824
4683,1.6424748139497474,0.7577347089262569,0.04065835475921631,0.8440817511257004,3.368805865245223,0.0001,1.643634494008689
4684,1.6635694903969522,0.7566397318250025,0.0409690618031407,0.8659607020582679,3.164397897391484,0.0001,1.6468694198687708
4685,1.6413822851122997,0.7574227568343977,0.04088272550284983,0.8430768003116756,3.189986362660391,0.0001,1.6459363595950918
4686,1.6385250717824662,0.7574425640744563,0.040655891019964314,0.8404266171565404,3.366431544325173,0.0001,1.6442556773915011
4687,1.629485343581039,0.7572694532044277,0.04058850972212352,0.8316273806091496,3.6206126711189626,0.0001,1.641330950666393
4688,1.658380909696312,0.7573507049746252,0.0406871893826653,0.8603430154599234,3.226086126863352,0.0001,1.642666931870501
4689,1.631008186398365,0.7574012691786033,0.040644329169700885,0.832962586584125,3.3707780262519575,0.0001,1.6417832668243508
4690,1.6324604550191404,0.7566973031413483,0.041002533982298195,0.8347606165806856,3.2534538352707094,0.0001,1.6423900911338911
4691,1.6269188098926815,0.7569568024203936,0.040947321945948724,0.8290146842644254,3.171661547424827,0.0001,1.6406816802813122
4692,1.661076343325524,0.7578246982779513,0.040388843592475444,0.8628627994299902,3.3205051963759726,0.0001,1.6425281709154524
4693,1.6282277459063346,0.7568814413542679,0.040182680919252596,0.8311636244035637,3.509920033431682,0.0001,1.6411034641111115
4694,1.6469156584923457,0.7566296822159092,0.04044561139468489,0.8498403645643839,3.568387813548771,0.0001,1.639438080920651
4695,1.641497569804743,0.7569797515385533,0.040746344997723255,0.843771476306127,3.232860404385998,0.0001,1.6394496093898951
4696,1.623581839744266,0.7572697373239312,0.040714447928732356,0.8255976531767942,3.4658438095456447,0.0001,1.637955286186075
4697,1.659986645890056,0.7567137675643208,0.04092291184903158,0.8623499695597023,3.30561970358688,0.0001,1.6410054164169767
4698,1.662858013328142,0.7575170403803579,0.04075467296352735,0.8645862995157619,3.1155926356692825,0.0001,1.64145312678016
4699,1.6249266090306016,0.7570319800783123,0.04105570809594516,0.8268389180000365,3.2674083982955127,0.0001,1.6408449690433833
4700,1.6540807338080106,0.7572127741442249,0.04063570765404382,0.8562322540953,3.663449966399713,0.0001,1.6430069969222707
4701,1.655912559849737,0.7562742741064415,0.04059781844427329,0.8590404688102962,3.2550941761318617,0.0001,1.645906371917976
4702,1.6167275606981397,0.7571518748817289,0.040641818520505336,0.8189338641373429,3.3145148362397663,0.0001,1.641471493655238
4703,1.6425486503218056,0.757129974466792,0.040402888284493656,0.8450157908046463,3.2031199820868625,0.0001,1.6429035840967845
4704,1.6036488924016816,0.7570366089290828,0.04075785872902396,0.8058544272220642,3.360169794448249,0.0001,1.6385769074877181
4705,1.6315082720278726,0.7573108623525917,0.04089403176646204,0.8333033768962653,3.402054734452501,0.0001,1.6375779777100312
4706,1.6500831216150558,0.7569580357408426,0.0407195478133691,0.8524055385142263,3.350377424493523,0.0001,1.6402281058971102
4707,1.644235876825228,0.7576439965811027,0.04059900110681932,0.8459928787519313,3.186499695265269,0.0001,1.6386530289906276
4708,1.6376028312389073,0.7569607304027549,0.04084232685290292,0.8397997727742301,3.140627624055193,0.0001,1.636127510781704
4709,1.6563910058497415,0.7576124024923143,0.04083010173472623,0.857948503277546,3.5651171529027077,0.0001,1.6392739504636178
4710,1.6602598255836456,0.756833269920117,0.04069189440164315,0.8627346600982045,3.216216688223833,0.0001,1.6398918596411813
4711,1.6567579698852786,0.7572454625162585,0.04114710897751319,0.8583653995098497,3.461518983811926,0.0001,1.6399764006447355
4712,1.6497791266828232,0.7573607132352632,0.04084652239120514,0.8515718898019975,3.385904145047341,0.0001,1.643281557243204
4713,1.630916225740924,0.7567418089502965,0.04082010749871059,0.8333543076144029,3.3312235666820533,0.0001,1.642118314785116
4714,1.63488358633997,0.7572452840650299,0.041200438571024615,0.8364378604773455,3.6015927252372912,0.0001,1.6452417841789448
4715,1.656210388179725,0.7574696204725192,0.04115076311703386,0.857590006146784,3.344984499726286,0.0001,1.6477119957941302
4716,1.64620553685492,0.7576797744807076,0.04065100271368124,0.8478747557614444,3.7466482881600185,0.0001,1.6473242373181165
4717,1.6625830094664382,0.7567858845902263,0.04054258706361721,0.8652545397696945,3.3202643263896143,0.0001,1.6491589505822375
4718,1.633102143028445,0.7569177005644019,0.04062762173387632,0.8355568224227936,3.369662230203408,0.0001,1.6487088817611908
4719,1.6260317859011295,0.7571399562499103,0.04050061378711135,0.8283912113907371,3.3481178607708544,0.0001,1.6456729597663298
4720,1.629793156958497,0.7568782158120408,0.04051629476566586,0.8323986462598882,3.2509110140752115,0.0001,1.642626292903815
4721,1.6465231400232527,0.7566995717449072,0.040152092492604596,0.8496714753248025,3.387167761823952,0.0001,1.6416028099176123
4722,1.6360885217997414,0.7566580965842968,0.040157271447094654,0.839273153118502,3.23187829587329,0.0001,1.6402337494293042
4723,1.6354917752089897,0.757208099713432,0.04094419155352981,0.8373394813728623,3.5149878062776327,0.0001,1.6406913043761109
4724,1.6493975853823262,0.7580198274422852,0.04058434054043907,0.8507934142259265,3.3673031421994097,0.0001,1.6421427042803465
4725,1.6642135858052158,0.7575312491362767,0.04063593615866578,0.8660463962484809,3.210363907939764,0.0001,1.6429430240428957
4726,1.6315683016428841,0.7574275398351116,0.04069850024055032,0.8334422626931213,3.5284071515104594,0.0001,1.6414793005216919
4727,1.6475441183811752,0.757078097388904,0.04063365449769985,0.8498323663661131,3.3175552237106385,0.0001,1.6399754114131657
4728,1.6485751461063873,0.7572297267691359,0.04062818102614149,0.8507172362557773,3.4066080343408953,0.0001,1.6415227117209596
4729,1.6350972789054468,0.7571614181535965,0.04091712620872513,0.8370187319059522,3.359762329117038,0.0001,1.6424292610213918
4730,1.6277638764458786,0.756638680099232,0.04061791693704849,0.8305072795985073,3.3186568031446444,0.0001,1.6422263329701294
4731,1.643612682093955,0.7571809851615472,0.04079998482555212,0.8456317132856492,3.3422110499039626,0.0001,1.6419352871772002
4732,1.6460051282666035,0.7574225012477465,0.04101503572405956,0.8475675943475708,3.5129374686409447,0.0001,1.6429269478238866
4733,1.6630533213064105,0.756853445306511,0.04058357910016971,0.8656163003227653,3.282191883719717,0.0001,1.6456831024336283
4734,1.641726904781063,0.7564486743954084,0.0406581465661163,0.8446200808725541,3.350571911185073,0.0001,1.644916034373502
4735,1.6431673869158143,0.7566994953348961,0.04066524544303848,0.8458026408937591,3.6079605334187135,0.0001,1.6428114144845616
4736,1.6520972189023093,0.7570839525478124,0.040763192437966986,0.8542500736142752,3.4138121486435558,0.0001,1.6448643062105046
4737,1.6468666614190077,0.7571592810913225,0.04092467484077624,0.8487827016029348,3.263696550355722,0.0001,1.6447965605142876
4738,1.6549741184493834,0.7573766948968838,0.040795806697125854,0.8568016163330396,3.5902100223556737,0.0001,1.6454364577485872
4739,1.6568959157075167,0.7565726483085818,0.04062167239237509,0.8597015972961398,3.294082052567426,0.0001,1.647616321428794
4740,1.6496337758600108,0.7572324430724912,0.040476208042663206,0.8519251217449776,3.3862954893170216,0.0001,1.6498033113702075
4741,1.667892475519896,0.7578561941943835,0.04035462980096287,0.8696816479730558,3.523364866239304,0.0001,1.6522312907128014
4742,1.6401398346341889,0.7563783260436377,0.040792110241934444,0.8429693940717115,3.3039423350630135,0.0001,1.65164476134956
4743,1.652147533564732,0.7562445163968611,0.04068994280290894,0.8552130738360161,3.419499870487933,0.0001,1.6505541825753922
4744,1.6332011292962467,0.7564897134628064,0.040710297365943025,0.8360011177345295,3.2424003940083193,0.0001,1.6497016050269107
4745,1.6663719847284515,0.7571153166811558,0.0405563725419267,0.8687002932535708,3.318510308710605,0.0001,1.6520220648081743
4746,1.631898717996315,0.7564834501390283,0.04033347873610367,0.8350817868542719,3.236685037612915,0.0001,1.6500022147175748
4747,1.6116973033541355,0.7570934458871884,0.04077241846320595,0.8138314403790006,3.3869003226742542,0.0001,1.6464852789110875
4748,1.6405795948016957,0.757153874357622,0.04130109280166471,0.8421246245594102,3.1786690256416676,0.0001,1.645045826546319
4749,1.662501351103096,0.757637076276311,0.04088758044020399,0.8639766936989512,3.302930434867286,0.0001,1.6456063700858767
4750,1.631344086500017,0.7569522899981687,0.040561647008930696,0.833830148601266,3.5385637575907833,0.0001,1.6437774011498774
4751,1.6582312140213307,0.7574502730224486,0.04052349205674796,0.8602574467356742,3.186947394578017,0.0001,1.6428112750000206
4752,1.6387473459659676,0.7568638923202035,0.04050789111526211,0.8413755612383629,3.140938543161079,0.0001,1.642672026133199
4753,1.6605638669422143,0.7567912820144792,0.040665841731290064,0.8631067417531783,3.453449953400339,0.0001,1.643513659470947
4754,1.6908035988014563,0.7575216936533156,0.04067948744698422,0.8926024164467989,3.4468437841891277,0.0001,1.6492739064214679
4755,1.6421155198108837,0.7570720311352496,0.041199196908343394,0.8438442944875837,3.2788333585731397,0.0001,1.6468482599297112
4756,1.6431751063822733,0.7567895879368269,0.040467789884029486,0.8459177275186378,3.3837104496559314,0.0001,1.647975898768307
4757,1.6595391513851545,0.7565028970913761,0.04030285234625393,0.8627334032774455,3.282854060372281,0.0001,1.652760083571409
4758,1.6466527987445343,0.7566183900978212,0.04025565973401795,0.8497787490487099,3.30898299903947,0.0001,1.6533674039656927
4759,1.654469745275215,0.7565736536080165,0.04059461768693905,0.857301479080809,3.5344688628798324,0.0001,1.6525642433829049
4760,1.6559891435969432,0.7573987141584044,0.04046660794689496,0.8581238200408208,3.6042302048955923,0.0001,1.6550287490925975
4761,1.6405394959885016,0.7566637217877603,0.040787352509721056,0.8430884182075337,3.23028191664156,0.0001,1.6532595772893146
4762,1.6474353766586427,0.757316606281737,0.040985754488931464,0.8491330167947386,3.30040442943573,0.0001,1.654128380358582
4763,1.6353557059053958,0.7570386192861484,0.04054796768250379,0.8377691203271158,3.353251339455889,0.0001,1.6516075642549002
4764,1.6340918572389087,0.7572175905138677,0.04046683064822493,0.836407434867797,3.359756116692967,0.0001,1.6459363900986452
4765,1.6378085691836979,0.7572251235495716,0.0401799485359424,0.8404034972341984,3.2173881230924968,0.0001,1.6455056950359268
4766,1.642682548589687,0.7576128679646923,0.04011831370618716,0.8449513668205748,3.245025670794396,0.0001,1.6454564392566682
4767,1.6352404349957712,0.7571605755881412,0.040365213554722786,0.8377146459889219,3.286269483895137,0.0001,1.6430265676177296
4768,1.65178560811656,0.7571550084175976,0.040309783411316163,0.8543208163310954,3.32934032734219,0.0001,1.6435398485549322
4769,1.6270626692694534,0.7573443564149961,0.04057393838135756,0.8291443742010705,3.5350068191002153,0.0001,1.6407991409543563
4770,1.6511275918198405,0.7578972790836079,0.04059936792323362,0.8526309477902088,3.3626865919898536,0.0001,1.6403129857766459
4771,1.648063099650292,0.7567318501385424,0.040291795866000964,0.8510394533132685,3.219092344173795,0.0001,1.6410653461428246
4772,1.612093502077563,0.7569696542941049,0.040588283151932227,0.8145355628104408,3.21847349296477,0.0001,1.6375311586847168
4773,1.647313589498431,0.7580104649187827,0.04065603174979498,0.8486470922857946,3.890572461830433,0.0001,1.6387269470440207
4774,1.6546514267611938,0.7564429060440759,0.04060851512042311,0.8576000035564749,3.3801953799826134,0.0001,1.640782903996249
4775,1.634865925108927,0.7571877446667902,0.04067794304590438,0.8370002343434592,3.27290654617681,0.0001,1.640488639588772
4776,1.6329244617032714,0.7568621197772074,0.04057443504643005,0.835487905776404,3.417406683035845,0.0001,1.6395128309001303
4777,1.6384064239614151,0.7565576629996541,0.0405590149742111,0.8412897458515352,3.2389592568240833,0.0001,1.6398294297966949
4778,1.635167422932979,0.7569994411410473,0.04045680618673019,0.837711176088809,3.416751222001128,0.0001,1.6381676112783368
4779,1.6732199675654784,0.7578000656006061,0.04086944515274698,0.8745504567063362,3.3526972031738405,0.0001,1.642783341107939
4780,1.6377700939623385,0.7558035024764813,0.04051632233130279,0.841450264446936,3.3064173822712464,0.0001,1.6414475913221889
4781,1.6528077358890014,0.7571793927624066,0.04052854696587181,0.8550997995006385,3.185139736587571,0.0001,1.6419220549460598
4782,1.611824466901667,0.7563257673207451,0.040855518460999156,0.8146431823364982,3.3502031600983098,0.0001,1.6418951514284703
4783,1.6393874159449253,0.7570918144367288,0.04056584158001759,0.8417297558024012,3.600532048856027,0.0001,1.6411025340731193
4784,1.6354711165776359,0.7570378033191147,0.040480996483963354,0.8379523135253188,3.404663691897905,0.0001,1.6391845030547638
4785,1.6255025695593797,0.7577825523535088,0.04072587799590693,0.8269941392704149,3.5622788401694616,0.0001,1.638248167499809
4786,1.651684865385717,0.7563921641142808,0.040542926798002234,0.854749769894274,3.2435398829636175,0.0001,1.640124207868054
4787,1.6508927830092563,0.7574298589756716,0.04076617895710541,0.8526967432478378,3.6228972027799906,0.0001,1.6413728437728377
4788,1.6369206805016399,0.7570931922349678,0.04052582570553793,0.8393016622815486,3.5124873077651793,0.0001,1.6415481695297038
4789,1.6320297686613598,0.7564834025036733,0.04080667747203525,0.8347396884060656,3.4423683173274413,0.0001,1.637429149639292
4790,1.6365236163622952,0.7575988455186268,0.04064607620239258,0.8382786957369494,3.5032634558590625,0.0001,1.6373045018792876
4791,1.66696726683429,0.7573005966917739,0.04062398210258561,0.8690426864228674,3.298858641127302,0.0001,1.6387204549738166
4792,1.6588083333949772,0.7573618500759829,0.04060322711240447,0.8608432571511361,3.3808438475668794,0.0001,1.6434188416231474
4793,1.624104645020096,0.7571088966684941,0.040187592438703616,0.8268081596381887,3.414202115598605,0.0001,1.6418905645306647
4794,1.6520953365803732,0.7569853612665715,0.04084333783472769,0.8542666348494574,3.5096024801958405,0.0001,1.6435529865309384
4795,1.6368327709047112,0.756526859367595,0.04035192087262446,0.83995399181306,3.4096108875700235,0.0001,1.6446860066654714
4796,1.6424294375260993,0.7573796037969918,0.040281805257042815,0.8447680261295901,3.316958084551364,0.0001,1.64376046387951
4797,1.637790050516264,0.7568071118232929,0.04028723399489211,0.8406957028845503,3.2175749999756262,0.0001,1.6424501906302105
4798,1.6472737234214256,0.7571825055031457,0.040244284314509576,0.8498469341024908,3.420115748960638,0.0001,1.643485494922189
4799,1.6349750546848072,0.7571430361053281,0.040407143064734904,0.8374248758925628,3.5543967376616132,0.0001,1.6437800235245337
4800,1.6726556963175838,0.7567391760692636,0.04049627074847115,0.8754202490162414,3.352302904061323,0.0001,1.6473932315200628
4801,1.6351061857496265,0.7564864452422028,0.04079382680734321,0.8378259089546803,3.37331589844841,0.0001,1.6442071234115965
4802,1.6463823696904443,0.7578038007444107,0.04081114141259184,0.8477674273672017,3.3236316118472486,0.0001,1.642964527041143
4803,1.6500840792791356,0.7574797990839574,0.040632359154567754,0.8519719225065462,3.5429967003468326,0.0001,1.645562470467047
4804,1.6275928594761397,0.7570808757149423,0.04081752817722653,0.8296944551154759,3.4154751895649196,0.0001,1.6431122227566235
4805,1.61839216282595,0.7565491976892731,0.040890873566602357,0.8209520941297949,3.565664232381701,0.0001,1.6412681619487475
4806,1.6446310368802919,0.7571675918890545,0.04101264960383789,0.846450796743768,3.3214604431427035,0.0001,1.641488321884167
4807,1.6369474131243709,0.7568582769097953,0.040819056861057246,0.8392700805171992,3.1572755729934507,0.0001,1.6414040581449776
4808,1.642127894122025,0.757206342887685,0.04057367433157218,0.8443478736686416,3.437273521935964,0.0001,1.6408894752150378
4809,1.6210332127178417,0.7575008630994368,0.04070316318566127,0.8228291827225661,3.470792010154492,0.0001,1.639495291018341
4810,1.6730884230161052,0.7573027198503274,0.040673045551075655,0.8751126577507168,3.59530102481223,0.0001,1.6395385636881934
4811,1.624567330246281,0.7574442871685686,0.04047568139391545,0.8266473637542425,3.242625666680249,0.0001,1.6384846781378588
4812,1.6310836262925401,0.7563388868712992,0.04090310327905187,0.8338416353412139,3.5002033567815474,0.0001,1.6369548037980681
4813,1.6504601409420765,0.756492012896354,0.04077317289116417,0.8531949520262211,3.18721028031974,0.0001,1.6369924099643622
4814,1.6501137124597423,0.7567445750652414,0.04077882819920476,0.8525903067168068,3.399913063397514,0.0001,1.6392444952627225
4815,1.6227194452866096,0.7566349416910756,0.04053324207089252,0.8255512595599853,3.209563205498469,0.0001,1.6396772235087884
4816,1.621321073772941,0.7566578385796073,0.0409508919377356,0.8237123455376218,3.489082449589975,0.0001,1.6373462271980532
4817,1.6306673620825607,0.7567644330841049,0.04068177515304596,0.8332211547295051,3.3020882454169933,0.0001,1.6367182220938723
4818,1.644531303438647,0.7572551373294111,0.04041787988032095,0.8468582853523762,3.356867929017568,0.0001,1.6369585630255343
4819,1.649666476080432,0.7565800660038575,0.04040510852728606,0.8526813028414278,3.4499600040017953,0.0001,1.6398218893617937
4820,1.6556799176014945,0.7563587820070511,0.04021058290531863,0.8591105505506722,3.526155909466695,0.0001,1.6380810388203322
4821,1.641883846228795,0.757058271771754,0.040373053802196204,0.8444525219318711,3.396769298743041,0.0001,1.6398126904185837
4822,1.6428179680454804,0.7566875754940582,0.04033229462273464,0.8457980977775601,3.322018232355253,0.0001,1.6409861245938777
4823,1.6358473610442743,0.7579697761042364,0.04067324552284535,0.8372043377925731,3.4432888500105294,0.0001,1.639524846604098
4824,1.6386833674525634,0.7572031357225492,0.04094751829066093,0.8405327119734176,3.633729746810805,0.0001,1.6383818121033797
4825,1.6275966522901586,0.7564769170830747,0.040643567487627694,0.8304761687017841,3.3391382822400417,0.0001,1.6388695328037346
4826,1.6343776936705166,0.756461021020011,0.04041494583261424,0.8375017265156365,3.2911905043023597,0.0001,1.6401751947934922
4827,1.6329669852043986,0.7567634769917502,0.04063547116989538,0.8355680375641428,3.213988947094575,0.0001,1.6404051571056761
4828,1.6597513618140385,0.7570178829148624,0.040613052085737185,0.8621204246372045,3.405321856057668,0.0001,1.6419271629432148
4829,1.641157490970155,0.7563140790070771,0.04062702738005539,0.8442163835100179,3.350137615542383,0.0001,1.6410762644321875
4830,1.648587450778025,0.7574742970795467,0.04101728619233106,0.8500958711180919,3.6954594770744897,0.0001,1.6403670177498406
4831,1.6391586695191342,0.7570279210382737,0.04078733727607959,0.8413434118244034,3.2907714069977736,0.0001,1.6400945000788745
4832,1.647550051159114,0.7566271854704341,0.040547699522053254,0.85037516243378,3.201064174847477,0.0001,1.6405677083902375
4833,1.6530171442950714,0.7575465664418667,0.04044584110832601,0.8550247361705946,3.630631892241039,0.0001,1.6422846867153176
4834,1.6116866674916497,0.7570649879941108,0.04086300422405374,0.8137586790063318,3.337200107971021,0.0001,1.639585016719226
4835,1.6360616694841132,0.7565513164953576,0.0405258786605773,0.8389844680941734,3.459085096935713,0.0001,1.6404315184386218
4836,1.636829954736373,0.7572770766747651,0.040551336009894134,0.8390015425353214,3.3608935667583473,0.0001,1.6406767445452073
4837,1.6275267563533589,0.757491612289305,0.04023849359632264,0.8297966508908882,3.3966486282329287,0.0001,1.6401327216601032
4838,1.6350355311533016,0.7568918435133495,0.04033033262643563,0.8378133566910306,3.678145804705049,0.0001,1.6376611385940296
4839,1.635832357962765,0.7569287565610472,0.0407183815934837,0.8381852205676493,3.4415118943363368,0.0001,1.6371286252932904
4840,1.6600341187529342,0.7574639940600366,0.040568956013383534,0.8620011669566617,3.290771083947853,0.0001,1.6382732920907812
4841,1.6633341635216563,0.7567085674519954,0.04102228669559255,0.8656033100994799,3.285765168874791,0.0001,1.6406908414910337
4842,1.6233640652882884,0.757148432320562,0.040627304245443904,0.8255883306264877,3.4388093048854,0.0001,1.6382722429039511
4843,1.6359307098582114,0.7567712636796746,0.04098559804185167,0.8381738457488723,3.47706359709494,0.0001,1.6365635994602652
4844,1.6392801434224809,0.7568703250275665,0.040915713348930315,0.8414941042147833,3.365668261510605,0.0001,1.6393229470533484
4845,1.62386861280302,0.7571183030793923,0.04066460877354682,0.8260857023328966,3.450686952647041,0.0001,1.6381036413852388
4846,1.6536415249532426,0.756532295843167,0.040743529917502255,0.8563657018901973,3.285416202419428,0.0001,1.6397847984069258
4847,1.6461462270899188,0.756994820511607,0.040619714990348894,0.8485316903789435,3.495358884455466,0.0001,1.6416467454805819
4848,1.6293974414800292,0.7560175607702553,0.04060006044941065,0.832779824261461,3.4025321722514246,0.0001,1.6410829365132547
4849,1.638339045927926,0.756924945611741,0.04073862395953939,0.8406754808904675,3.321927901697449,0.0001,1.641333605309771
4850,1.6577262710364304,0.7574392802575055,0.04056959848616718,0.8597173928972673,3.300024891963595,0.0001,1.6411028205381204
4851,1.6402818860437034,0.7567569499808925,0.04091052448048311,0.8426144138114569,3.3914328537896488,0.0001,1.638797592790325
4852,1.6371597494121497,0.7570600894111649,0.040977807122360134,0.8391218540593075,3.3361412061880857,0.0001,1.6401771612027112
4853,1.6554368498601004,0.7572535034609131,0.04084653109614312,0.8573368132628244,3.1555747306371074,0.0001,1.6421277752029
4854,1.6359702571168633,0.7567372562677334,0.040601909765123595,0.838631089482056,3.4164955574890663,0.0001,1.6417967865723384
4855,1.6318156865499083,0.758138257398083,0.040695381212911545,0.8329820493066166,3.8082736534714456,0.0001,1.6425914939470274
4856,1.6586345818656938,0.7573096827125936,0.04067680318263675,0.8606480988116584,3.3483329549522476,0.0001,1.6430907996382722
4857,1.6174021110573356,0.7569569982814982,0.04041588572411218,0.8200292286310066,3.3307712902645554,0.0001,1.640216388035014
4858,1.6589505176756978,0.7578740475385716,0.04039501563530665,0.860681451041002,3.8851978382280827,0.0001,1.643171695654581
4859,1.639053607204623,0.7571645658349894,0.04052304544506886,0.8413659961663685,3.1684702436532257,0.0001,1.6432431517822508
4860,1.623886376800692,0.757247967362162,0.04067322859657706,0.8259651793306788,3.4780074171797497,0.0001,1.6398591623586767
4861,1.6690869532057044,0.7573737793471702,0.04079706117541021,0.8709161126680113,3.2666378691036853,0.0001,1.6427396690748768
4862,1.6533123442173971,0.7574389134410913,0.0402123084174692,0.855661125064017,3.654110671056937,0.0001,1.6443549285554018
4863,1.6428074089557114,0.7572975488753638,0.040601156304380714,0.8449087004209387,3.5783272577831275,0.0001,1.6430919844649625
4864,1.626936930067399,0.7567831507560931,0.0405604203380871,0.8295933627740727,3.4414409399032593,0.0001,1.6421886517600162
4865,1.662617464336372,0.7567931746130783,0.0406284895678321,0.8651957974276122,3.406882335883367,0.0001,1.6452688295386628
4866,1.6485117928976945,0.7571697531317118,0.04071564243966619,0.8506264007342393,3.6598306778236527,0.0001,1.6442565506418625
4867,1.6402724276449812,0.7571962963011395,0.04088424233829274,0.8421918906679502,3.2166821286837903,0.0001,1.6465435823006274
4868,1.6555265710513443,0.7575179452103001,0.04067532745384541,0.8573333006541095,3.440981558805547,0.0001,1.6462011876381915
4869,1.6145861877872785,0.7575804036239098,0.04061228871103716,0.816393493971283,3.2907014405751567,0.0001,1.6437544456964577
4870,1.6407024274007787,0.7563151077614837,0.04075883537470448,0.8436284866372905,3.3213572410250776,0.0001,1.6454360507564658
4871,1.6256804249833128,0.7573443867613772,0.040662689576526204,0.8276733465674079,3.3224892947543223,0.0001,1.641095397934227
4872,1.640965710547101,0.7586238078364977,0.040804115318623324,0.8415377874373181,3.98475588601211,0.0001,1.6398607345671974
4873,1.6600742591563877,0.7572388101301135,0.04064745375882781,0.8621879923053494,3.2206109805716463,0.0001,1.641587419587265
4874,1.6632408682279607,0.7581741622447,0.04023751453260379,0.86482919204761,3.66975584765235,0.0001,1.645217813403321
4875,1.6416302762215327,0.7568900490871066,0.04041976063053216,0.8443204642520957,3.1824179123671494,0.0001,1.643119094591837
4876,1.6530140932143098,0.7575235118972361,0.040369126182540675,0.8551214569858436,3.630082903478982,0.0001,1.6435693246234986
4877,1.6335641535010348,0.756244536708383,0.04072899097844988,0.8365906248092047,3.5111818712574956,0.0001,1.642898497209104
4878,1.6519117963483319,0.7568789351784433,0.04075970514309092,0.8542731527473332,3.3698114901478826,0.0001,1.642537019738803
4879,1.6467710471056538,0.7568647941275978,0.040612817052411744,0.849293434610836,3.3618457762271348,0.0001,1.6457555056706403
4880,1.6183453190157429,0.7573410155323408,0.040734424310572004,0.8202698789763644,3.3365043046266507,0.0001,1.6435197948321367
4881,1.6438797760686816,0.7570962990515131,0.04050489323134355,0.8462785859998414,3.2816021002330356,0.0001,1.6453397299406738
4882,1.6504702975493657,0.7571022515364642,0.04066692211081484,0.8527011253377971,3.6234857363826602,0.0001,1.6462901886409003
4883,1.668885186767965,0.757051995269667,0.0409071955671175,0.870925995840504,3.2772762122550794,0.0001,1.6471712814020578
4884,1.6486356546138894,0.7570881133872646,0.040660430886924386,0.8508871079670005,3.2834709273390548,0.0001,1.6457107600406509
4885,1.6161847860527812,0.7568731242696364,0.04064348769236288,0.8186681688202141,3.514488427682532,0.0001,1.6431662110237757
4886,1.655761756471398,0.7566053265248545,0.04056736712039847,0.8585890629772724,3.203904656077495,0.0001,1.6434409773494845
4887,1.6324860378646464,0.7562469709475674,0.04050565225357458,0.8357334123814807,3.605281885932474,0.0001,1.6433331657858457
4888,1.6254852516897793,0.7568338147041522,0.04066619935915872,0.8279852344641276,3.4015693459017524,0.0001,1.64069051131999
4889,1.661403743055239,0.7572966331642491,0.04035392034851755,0.8637531864292481,3.3973220959154635,0.0001,1.6421537809149491
4890,1.6491680399157695,0.7569542995089208,0.040398530737623485,0.8518152110595973,3.2566584237448826,0.0001,1.6452360530049515
4891,1.6399094495038231,0.7565943631390771,0.04005334367616665,0.843261745091505,3.2875161978584275,0.0001,1.6448390203484657
4892,1.622718715885348,0.7567841741908152,0.04038178050252052,0.8255527602701351,3.483308771560932,0.0001,1.642063862182064
4893,1.6393755090405926,0.7575175266478656,0.04071618190401708,0.8411418036019342,3.6434131273149717,0.0001,1.6391128944093267
4894,1.6617371084482142,0.7573661284320978,0.04030693544577391,0.8640640430892941,3.3215129646278054,0.0001,1.6404230397927588
4895,1.6472354879485667,0.7568218264328297,0.040581267697332356,0.8498323939544192,3.463613316205162,0.0001,1.6435281099823378
4896,1.6360597942953903,0.7571371161429925,0.04057174836404425,0.8383509350324742,3.441625878728669,0.0001,1.641557913764737
4897,1.658387797841194,0.7568542241566564,0.04046740952660056,0.8610661642939518,3.250360807830857,0.0001,1.6441480897623915
4898,1.6499612204443368,0.7570375523267363,0.04003064603399312,0.8528930201642896,3.599380807992653,0.0001,1.6465956866378473
4899,1.6366625892463127,0.7561277819695386,0.0405895606015807,0.8399452496675158,3.2723930319714496,0.0001,1.6441215712569548
4900,1.6269347836956776,0.7571151133241325,0.0402331383668385,0.8295865320953829,3.4153426111832594,0.0001,1.6418982456349458
4901,1.6477675255365352,0.7567206707010404,0.04021024631438342,0.8508366059897274,3.5581424458757134,0.0001,1.6426840532382165
4902,1.65125804027244,0.7570946564780772,0.04020105801054237,0.8539623280129496,3.4057149473600408,0.0001,1.6455379856769259
4903,1.6534980689052636,0.7571114185615678,0.04016907485938701,0.8562175707313521,3.3759572452754085,0.0001,1.646950241663393
4904,1.6280255725127446,0.7565474282897269,0.0403336767734427,0.8311444602899147,3.4342206513422258,0.0001,1.6435790880698462
4905,1.613511126012396,0.7568283013349615,0.04039744237857223,0.8162853853062974,3.4575716112013035,0.0001,1.640206651876229
4906,1.6349758861272863,0.7575287600076223,0.04063825675004878,0.836808868160596,3.4849208421687807,0.0001,1.6400982610594188
4907,1.6429415345191956,0.7573465685573602,0.040209811792895955,0.8453851522118397,3.8411084106437574,0.0001,1.6385536347272187
4908,1.6588989747707066,0.7567849935431026,0.04052471219888807,0.861589270298186,3.4276249788353943,0.0001,1.6394474101598557
4909,1.6511542945797981,0.7578574947362982,0.040645781685324275,0.8526510120526288,3.6850665626371124,0.0001,1.640896580693204
4910,1.6285725529730684,0.7567910624565991,0.04028164421569019,0.8314998465123573,3.3222448533253544,0.0001,1.6410603576209433
4911,1.6374323653401033,0.7572679574059182,0.0407636390496461,0.8394007724813709,3.536087999479282,0.0001,1.6400268416013002
4912,1.6297372424820131,0.7570918799655675,0.04043017487980531,0.8322151866996506,3.590051223975408,0.0001,1.6378747618222576
4913,1.6487754689752452,0.7574717653934177,0.04059796062492695,0.8507057455789607,3.2930363095072654,0.0001,1.637402501829256
4914,1.631534758131596,0.7572355212352823,0.04041700672668085,0.8338822307288042,3.513223920342405,0.0001,1.637753420391141
4915,1.6492838365069267,0.7566873612558624,0.04070307831251597,0.8518933960166712,3.348324917151043,0.0001,1.641330691440594
4916,1.619243056367909,0.7572910062681589,0.04097341257950355,0.8209786397078156,3.2401870544735365,0.0001,1.639757408464656
4917,1.6498258344783745,0.7572492842258353,0.040546625913035796,0.8520299248079983,3.2904115695256975,0.0001,1.6404458384605742
4918,1.6260448185232057,0.7566140998933185,0.04085023722348784,0.828580480824559,3.4810656222078427,0.0001,1.637160422835824
4919,1.6246922319607608,0.7570138272600774,0.040609826422608165,0.8270685763889829,3.3723358498625533,0.0001,1.6345142165739202
4920,1.646916304350383,0.7571306499457988,0.04061183919771206,0.8491738134235688,3.1944563096241825,0.0001,1.6363485917116516
4921,1.6173541382650334,0.7571173675403634,0.04040980629214892,0.8198269653317289,3.2704645288885246,0.0001,1.6343407690041445
4922,1.6280323980304339,0.7571772514685656,0.04052235316069566,0.8303327973380413,3.3970811896585307,0.0001,1.6341702845589867
4923,1.6359659391049197,0.7571031555200929,0.04040111634600719,0.8384616641407081,3.6440165756198506,0.0001,1.6328893315719544
4924,1.6255169977522768,0.7572841797832544,0.04024201450193146,0.8279908028247995,3.4054306046716096,0.0001,1.6322875555340226
4925,1.62018384386995,0.7573036811414645,0.040287903549705024,0.8225922604482507,3.647168888765223,0.0001,1.6293775562703245
4926,1.6668735059473143,0.7572501775700954,0.04053996276662026,0.869083368194877,3.4282101646639997,0.0001,1.634140601228265
4927,1.6302820763288115,0.7571422909868175,0.04054771064502956,0.8325920759362091,3.367359188700786,0.0001,1.632186225413309
4928,1.6178211205871305,0.7566847893093952,0.04029579409237566,0.8208405339663459,3.4384448702388553,0.0001,1.6313638556197012
4929,1.6388187287545348,0.7568801469783513,0.0403330301899939,0.8416055509212292,3.27107728132128,0.0001,1.6327765052990788
4930,1.6268234431864523,0.756964631303087,0.0403329719152702,0.8295258414680347,3.4242037181680147,0.0001,1.6307672191826856
4931,1.6175788645812028,0.7564912531487115,0.04059704854086978,0.8204905639872953,3.2055061714644366,0.0001,1.6307896918143026
4932,1.632552881511665,0.7566879045890746,0.04092657977137072,0.8349383987985083,3.459674282925124,0.0001,1.631241740162426
4933,1.6239156469128437,0.7574206823993165,0.04034441165459809,0.8261505530553948,3.4553982548974833,0.0001,1.6300367109432183
4934,1.6457242836333192,0.7573119920600984,0.04044140231536803,0.8479708881432882,3.4707369066880633,0.0001,1.6320574395313223
4935,1.6593284791913525,0.7576353002271594,0.04024574190801346,0.8614474363080991,3.6241456942432553,0.0001,1.6359719030634625
4936,1.6471515866128716,0.756607754718943,0.04037050639881807,0.8501733235077853,3.4587506537021535,0.0001,1.6339997111300186
4937,1.643610655173327,0.7567209334209047,0.040604711546133786,0.8462850107276778,3.334868411988806,0.0001,1.6353325690144698
4938,1.6416323847509542,0.7562756977265069,0.0404603321702195,0.8448963539776889,3.349711206573502,0.0001,1.6377136954308527
4939,1.6481399621973174,0.7577408785510499,0.04000558596837352,0.8503934928418173,3.5855732909564315,0.0001,1.6386458187751305
4940,1.6260332943943403,0.756693026719664,0.04034767914979018,0.828992584659803,3.336260233641154,0.0001,1.6385668038959196
4941,1.649534458562762,0.7570151166790156,0.0408861987731036,0.8516331398462911,3.2836762872235528,0.0001,1.6417623632940752
4942,1.6241640825784232,0.7562287709775851,0.040762861166716104,0.8271724517187047,3.463497580427669,0.0001,1.6409234834007513
4943,1.6317832336948077,0.7566530312776082,0.04079400985284461,0.8343361896173708,3.383206532161086,0.0001,1.6417102420789473
4944,1.6536708744979534,0.7573071212845932,0.04051173724702599,0.8558520173718189,3.4784242289545086,0.0001,1.642504901165411
4945,1.6316840431027673,0.757292024020491,0.040286581366347496,0.8341054398997197,3.3130517119568212,0.0001,1.6397404575565524
4946,1.6543723360520106,0.7581886429090287,0.0406893107276901,0.8554943841834822,3.626369484056082,0.0001,1.6404625325004663
4947,1.64696177785827,0.7569210349183537,0.04057459100990218,0.8494661511592643,3.194775305219886,0.0001,1.6407976447689605
4948,1.6455263291121012,0.757517098171474,0.04045354231859559,0.8475556910022881,3.426351205572395,0.0001,1.6411870392050751
4949,1.6346641769273769,0.7567737368492761,0.04005740477153786,0.8378330306971774,3.381531361392255,0.0001,1.6398394606780813
4950,1.649090674779478,0.7573433555889323,0.040550890607234186,0.8511964272231649,3.4115468718217303,0.0001,1.6421451987165951
4951,1.664341064906749,0.7568799534143831,0.0405262026777132,0.8669349074545062,3.439815240747788,0.0001,1.6436258593509936
4952,1.6527134070048226,0.7568809363469633,0.04049782772335029,0.8553346449293906,3.3581550017331727,0.0001,1.6464807917936337
4953,1.6415614324941112,0.7575360895654009,0.04041908285438894,0.8436062561525656,3.4695167756709315,0.0001,1.647458611673564
4954,1.6649260843743174,0.7567882112267051,0.040596016280307734,0.8675418523183701,3.393310445800998,0.0001,1.6485841326612003
4955,1.6326055101158652,0.7561885518669841,0.040754589783008874,0.835662369255513,3.6196655143830645,0.0001,1.64867627936251
4956,1.6402411158621675,0.7562772097258732,0.04026916447807761,0.8436947408119031,3.5708694743336333,0.0001,1.647263157343526
4957,1.6200454553048944,0.7570861726697028,0.04046804401985772,0.82249123820729,3.351028228144617,0.0001,1.6445715250881883
4958,1.657261977089346,0.7568250419401977,0.040430817110785125,0.8600061184124035,3.423602721028589,0.0001,1.6457450898859125
4959,1.6703080909730939,0.7573075184473885,0.04061347959491351,0.8723870892130579,3.3767552250055464,0.0001,1.6493094812904843
4960,1.6482206913085302,0.7569964098881998,0.040645090851774084,0.8505791917624629,3.246639850898882,0.0001,1.6492224829433897
4961,1.633388869781765,0.7565380999814666,0.04084446367337302,0.8360063101015758,3.379095305535663,0.0001,1.6461272634308912
4962,1.6827371559326838,0.7566091482344313,0.040469653707972404,0.88565834941112,3.29930875170787,0.0001,1.6491296383236775
4963,1.6230149388796902,0.7567017962192667,0.04033408783995839,0.825979055349411,3.5613163412221787,0.0001,1.6472749889622353
4964,1.6199779410149455,0.7571033307069697,0.0403499187368892,0.8225246948127694,3.593898882246888,0.0001,1.6427801746262982
4965,1.6468080758564854,0.7574379360699992,0.04036146100104218,0.8490086809390094,3.5640865624797273,0.0001,1.64420043120036
4966,1.6375305222207586,0.7569915424979483,0.040386732645015445,0.8401522475462898,3.4924917235577566,0.0001,1.6439293718362193
4967,1.6362395215227927,0.7565540378765934,0.04073188875558168,0.8389535940291916,3.314334508855251,0.0001,1.6455487784580094
4968,1.6307140174066803,0.7571503958885858,0.04057076760769857,0.832992848824959,3.353989718168309,0.0001,1.6428939824897426
4969,1.63125691198674,0.7574998995111631,0.040513427455816986,0.8332435914993468,3.515568864273009,0.0001,1.638988864591107
4970,1.6442466148498334,0.7568150356139904,0.04022994849067672,0.8472016308660681,3.409879320533474,0.0001,1.6385914569452376
4971,1.671646925667962,0.7569645811287917,0.0402177245815192,0.8744646216956162,3.5047995045509106,0.0001,1.6424172625338571
4972,1.6244297962159704,0.7573414793120921,0.0406751052361231,0.8264132087661094,3.121180832265115,0.0001,1.6365865265621857
4973,1.6584174591919472,0.7571222484716296,0.04054995240836308,0.8607452530527212,3.303822543993441,0.0001,1.6401267785934117
4974,1.6252648293609309,0.7571165169953816,0.04052000427826423,0.8276283099537084,3.7391169627346326,0.0001,1.6406554674280103
4975,1.656663766255485,0.7563008813538851,0.04026151960810106,0.8601013684973997,3.2969398097140794,0.0001,1.6416410364679102
4976,1.6378298527570574,0.7573763017238516,0.04057648868638168,0.8398770633896031,3.6684214587627513,0.0001,1.64167096952154
4977,1.6632760150195618,0.7569184684124728,0.040674027516440496,0.8656835184408008,3.3104677517080403,0.0001,1.644374618871217
4978,1.63144137324958,0.757167216730408,0.04031036470773012,0.8339637920608023,3.5435882949442217,0.0001,1.644447354455507
4979,1.6494441574050254,0.7566204729960366,0.04021686255085541,0.852606821952588,3.215398633214088,0.0001,1.6462660789973351
4980,1.6500437505104963,0.7567303955675864,0.040291240200793284,0.8530221158529029,3.436418460058634,0.0001,1.6468457925634017
4981,1.6235478428507915,0.7565043757218135,0.04035430384939631,0.8266891625163884,3.6724561503644404,0.0001,1.6420358842816847
4982,1.635715529111046,0.7565857556480423,0.04048446080747531,0.8386453125497391,3.288599628222158,0.0001,1.6431644575711921
4983,1.6446791092957735,0.7565555786506157,0.04056044887093937,0.8475630786156557,3.288780423013482,0.0001,1.6417906225815748
4984,1.619742931990788,0.7565766936867039,0.040674435923114025,0.8224918090456881,3.477340659795378,0.0001,1.6412384328445604
4985,1.6357279613342053,0.7569849186446556,0.0405389725799251,0.8382040714546585,3.2889173231550455,0.0001,1.6391448523524326
4986,1.635440661022194,0.7566559902311096,0.04045494889149076,0.8383297207963636,3.302360845627698,0.0001,1.6389059331789462
4987,1.6314625331402792,0.7578423254146537,0.04051979729418339,0.8331004083761095,4.009857899277012,0.0001,1.6357245849910178
4988,1.618606034688969,0.7574119263198265,0.04047456861267709,0.8207195436706649,3.381674618556582,0.0001,1.634441051134957
4989,1.645670541522469,0.7571271501980253,0.04036556102683046,0.8481778298442311,3.5020252797473033,0.0001,1.6340636895467013
4990,1.6404555806281842,0.7569389181253151,0.04030593461971012,0.8432107305732267,3.3741147612461453,0.0001,1.6331048725584698
4991,1.6534315929209726,0.756796036482341,0.04008377202867736,0.8565517888304307,3.440078283178395,0.0001,1.6360932475654884
4992,1.6379539319757999,0.7569355351687929,0.04062267466926188,0.840395720581133,3.420819471138728,0.0001,1.6363170878519635
4993,1.6516623667480979,0.7573579862925393,0.04041266199541382,0.8538917218000603,3.5223568728681025,0.0001,1.637015413597196
4994,1.6262258958623086,0.7567437917417251,0.04049455708470838,0.8289875441115598,3.2499029331710227,0.0001,1.637663709984348
4995,1.6642531058609364,0.7560628975380749,0.04078556557939696,0.8674046464309731,3.188231541225441,0.0001,1.640516224437021
4996,1.6262714045526532,0.7567932703673961,0.040385825880642594,0.8290923122490396,3.5331525033676114,0.0001,1.639599298790067
4997,1.6602883517863058,0.7574195965792054,0.04052499607658773,0.8623437543851125,3.8334171126386942,0.0001,1.6424818806546697
4998,1.642188247028761,0.7565718839666664,0.04079111159210515,0.8448252470117311,3.3711935828230204,0.0001,1.6448401018886485
4999,1.671372234458614,0.7578102639190566,0.040264466229607075,0.8732975070982506,3.4823117159443018,0.0001,1.6474102711822636
