step,train/total_loss,train/recon_loss_weighted,train/mmd_loss,train/triplet_loss_weighted,train/grad_norm,train/lr,train/smooth_total_loss
0,1.6514549596314498,1.1063645057697566,0.019429464611030255,0.5256609916687012,0.28246958834888003,0.0001,1.6514549596314498
1,1.5278237782433841,1.0115222680641236,0.01960987590147564,0.4966916373003327,0.2381892889798534,0.0001,1.589639368937417
2,1.4856552572327744,0.991298558987662,0.017282389965792455,0.47707430864202566,0.2686446337954993,0.0001,1.5549779983692027
3,1.485897219205241,0.9842533567130687,0.016716159623244714,0.4849277023853201,0.25320808852420135,0.0001,1.5377078035782124
4,1.4778485053934867,0.9761546422211684,0.016590934012531026,0.4851029282530229,0.25075121675797457,0.0001,1.5257359439412672
5,1.4620840706641485,0.9643556192728859,0.016509465465197458,0.4812189870746334,0.23398480410205907,0.0001,1.5151272983950808
6,1.4389409324943898,0.9540820879820152,0.01646609746418425,0.46839275037299305,0.23176221742954023,0.0001,1.504243531837839
7,1.417605513249643,0.9459260231824724,0.016243475445869245,0.4554360145003994,0.21385341034881,0.0001,1.4934137795143148
8,1.3925016661444736,0.9395448130236195,0.016048144858942553,0.4369087085037154,0.21065648719215005,0.0001,1.4822013224732213
9,1.3742112373483593,0.9336602623757677,0.015848279966543945,0.4247026936156755,0.20274090336193662,0.0001,1.471402313960735
10,1.3639953690174869,0.9262425424361084,0.0156858808854047,0.42206694720724774,0.19958904173988357,0.0001,1.4426563548993385
11,1.349131334625925,0.9188841236774142,0.015574961114848603,0.41467224856419205,0.19992936865009112,0.0001,1.4247871105375927
12,1.3389362411131482,0.9138918203466079,0.015466077574368181,0.4095783410763886,0.1977563836360558,0.0001,1.4101152089256304
13,1.3289778559009637,0.9091721527716693,0.015368863970464431,0.40443683680124265,0.20033764996344855,0.0001,1.3944232725952024
14,1.319852115174578,0.9034720759604572,0.015324877435247023,0.4010551635319514,0.19184520391796472,0.0001,1.3786236335733117
15,1.3155904747167901,0.8980676829210401,0.015234672757239661,0.4022881175272363,0.18917903793752797,0.0001,1.3639742739785758
16,1.304910356568033,0.8934427551758942,0.015155907576756352,0.39631169357357837,0.18813477092352648,0.0001,1.3505712163859402
17,1.2997692417179596,0.8897018976675811,0.015090602406623639,0.39497674164375474,0.18473462919132222,0.0001,1.3387875892327716
18,1.2907813485205537,0.8862844341666897,0.01501948233792071,0.389477431683463,0.18243258482725577,0.0001,1.3286155574703797
19,1.2885150938440288,0.8834912871250516,0.0149694204814052,0.3900543897437276,0.1827441018384562,0.0001,1.3200459431199465
20,1.2769355793270087,0.8794263427204341,0.014906190713569068,0.3826030473740541,0.18331605404554951,0.0001,1.3113399641508992
21,1.274490874630926,0.8774146758035037,0.014875362175715138,0.3822008342941199,0.18534560117711885,0.0001,1.303875918151399
22,1.2721922808680042,0.8744372032718775,0.014808627703126982,0.38294645128337174,0.1854237884615546,0.0001,1.2972015221268847
23,1.268869077941709,0.87272204141346,0.014784363897528657,0.3813626729632004,0.1839885382665582,0.0001,1.291190644330959
24,1.2631718744854414,0.8704924394828069,0.014767819195683539,0.3779116158371765,0.17978437849401702,0.0001,1.2855226202620456
25,1.2616867165536474,0.8690565026556019,0.01473695559627386,0.37789325833199716,0.18329385299288478,0.0001,1.280132244445731
26,1.2617261061562002,0.8665657929668078,0.014684008536425855,0.38047630332304544,0.18290019574864158,0.0001,1.2758138194045479
27,1.2567312364404148,0.8654265805141921,0.014690857146381122,0.37661379521323507,0.18147174045292408,0.0001,1.2715100188767932
28,1.2537163870813397,0.8632880161548483,0.014650058794698656,0.37577831237359655,0.17491533193155429,0.0001,1.267803522732872
29,1.2506668316181484,0.862018397444402,0.01463635867314213,0.37401207788841717,0.17578234110956986,0.0001,1.2640186965102838
30,1.249415125856535,0.8605687470755278,0.014623028269645892,0.3742233527480468,0.1749643273122654,0.0001,1.2612666511632364
31,1.2448788670932545,0.8590691980677251,0.014602346787829911,0.37120732208657214,0.17314471549243038,0.0001,1.2583054504094693
32,1.245131721361172,0.8573049005823735,0.014560250674977022,0.3732665681996162,0.17146808948768322,0.0001,1.2555993944587862
33,1.2389987184841782,0.8558196549966901,0.014550258856999706,0.36862880683694843,0.17410778506653304,0.0001,1.252612358513033
34,1.2336747984857153,0.853995238308007,0.014530558373333233,0.36514900177414955,0.17198776196816873,0.0001,1.2496626509130606
35,1.2373987293630295,0.853278438895034,0.014506963155332491,0.36961332906574074,0.17468512996759183,0.0001,1.2472338521939987
36,1.2345561949766675,0.8512743198847432,0.014510317699904374,0.3687715588428428,0.16892824107384344,0.0001,1.2445168610760453
37,1.2333058853903842,0.8494537481188049,0.014493994732173896,0.3693581401213671,0.1711640165132635,0.0001,1.2421743259710425
38,1.2310338806187164,0.8480169733204175,0.014486040836899082,0.3685308664311744,0.1705136957293108,0.0001,1.2399060753247801
39,1.2281720493192847,0.8472713934480539,0.014461789846903895,0.3664388659336504,0.1689824839302057,0.0001,1.2376565970948936
40,1.2253108242220618,0.8455768772844853,0.01444181056341825,0.3652921373111481,0.16971074975649195,0.0001,1.2352461669314463
41,1.2212630776314417,0.8449670182763925,0.014423846956682496,0.36187221137070025,0.1711194679352623,0.0001,1.232884587985265
42,1.2183351311190376,0.8429533006211565,0.014436975453978379,0.36094485223293304,0.169741464963912,0.0001,1.2302049289610515
43,1.2181456524266674,0.8424800870142892,0.01441317204287763,0.36125239137461895,0.16759146975153116,0.0001,1.2281196223553006
44,1.2182874938295531,0.8400524014391715,0.014408772180336727,0.3638263217817697,0.16673707993772885,0.0001,1.2265808918896843
45,1.2139230918207227,0.8393976944697072,0.014403195942149442,0.36012220273878703,0.16713781450812765,0.0001,1.2242333281354538
46,1.205529740809427,0.8381480540755313,0.01438604987417225,0.3529956400938498,0.16561599539755323,0.0001,1.2213306827187296
47,1.2103319015754406,0.8366216430799472,0.014391888469518077,0.35931836957259305,0.1644250249554371,0.0001,1.2190332843372351
48,1.208833819954197,0.8350967854321849,0.014357988539380428,0.3593790474032292,0.16237315181907244,0.0001,1.2168132782707832
49,1.2031423542610773,0.8344927084373412,0.014350184320678092,0.35429946228892034,0.1598240537285563,0.0001,1.2143103087649627
50,1.20458469381197,0.8330488647457068,0.014361758744740825,0.35717406766168003,0.1633268174607662,0.0001,1.2122376957239533
51,1.1989526833288568,0.8322958831371207,0.014355915555122174,0.3523008858758586,0.161559038514056,0.0001,1.210006656293695
52,1.2016405391886558,0.8314705368955043,0.014338252752354372,0.3558317494803461,0.15976700733810603,0.0001,1.2083371971006567
53,1.1965750395405366,0.8306863897954233,0.014335881623970325,0.3515527670934766,0.16287740685695568,0.0001,1.2061801358120436
54,1.2017662002880722,0.8303473798546781,0.014324696987686002,0.35709412465472734,0.16142715669367425,0.0001,1.2045280064578956
55,1.1937919296550945,0.8288217957073003,0.014323538263719416,0.35064659755805444,0.1621390284770159,0.0001,1.2025148902413327
56,1.192550306871503,0.8278089400237278,0.014310106060809586,0.35043126018245613,0.16174171029251921,0.0001,1.2012169468475404
57,1.194612576801927,0.8277435505849594,0.014288466310404377,0.3525805608435528,0.15971648596363183,0.0001,1.199645014370189
58,1.191311945779812,0.8266747865909012,0.014296468566445744,0.3503406899272791,0.16036448039824774,0.0001,1.1978928269527505
59,1.1877991340706846,0.8259244809044302,0.014277607142078949,0.34759704511741113,0.16094159910693373,0.0001,1.1963585049337113
60,1.184266861505489,0.8253580869815896,0.014270177719317392,0.3446385962000725,0.1597039570642775,0.0001,1.1943267217030633
61,1.1861237930719557,0.8246542497048756,0.01426186136009727,0.3472076839111881,0.15857108238079484,0.0001,1.1930438326773731
62,1.185916846712511,0.8242401172374857,0.014279029432223245,0.34739769835017514,0.15942286996219995,0.0001,1.1914714634297585
63,1.1849324132559507,0.8234886369888971,0.014247662639037591,0.3471961162878582,0.1591646712552945,0.0001,1.1903072008012998
64,1.179168715680105,0.8216726770265591,0.01422981074567257,0.34326622751494207,0.15569361533523815,0.0001,1.1880474523405031
65,1.179675937666129,0.821683685871457,0.01422748749444741,0.343764762819176,0.15754210675403507,0.0001,1.1866358531416066
66,1.1791053328504426,0.8212700220198951,0.014235189671932321,0.34360012025185094,0.16024202514915872,0.0001,1.1852913557395006
67,1.1794525590436211,0.8209563359527511,0.01422904592014955,0.34426717913537674,0.15942413820819004,0.0001,1.1837753539636702
68,1.1751988456408828,0.8201000082323565,0.014223422288411046,0.3408754154828209,0.15840334204945555,0.0001,1.1821640439497771
69,1.1798546539117067,0.8197631514338403,0.014203388840866863,0.34588811082603,0.1575367313037054,0.0001,1.1813695959338795
70,1.175336111389841,0.8183252776370329,0.014193416125392334,0.3428174136074271,0.15877158543884634,0.0001,1.1804765209223147
71,1.1729634664121553,0.8182874743885249,0.01419116178825951,0.3404848314443902,0.15603494298083304,0.0001,1.1791604882563345
72,1.1726599617371936,0.8178643805501911,0.014201404356811399,0.34059417637680894,0.1571942435891101,0.0001,1.177834799758803
73,1.1725124795344974,0.8173249438858419,0.01417673794783153,0.34101079748924557,0.15671667426401412,0.0001,1.1765928063866573
74,1.1754636533603706,0.8167878015771599,0.014202798597711095,0.34447305460609723,0.1577590533039149,0.0001,1.1762223001546839
75,1.1671592461409965,0.8166124210154551,0.01417129857061359,0.33637552827778017,0.1579126752988562,0.0001,1.1749706310021708
76,1.166319574594014,0.8151484382080016,0.014168686847415948,0.33700245077784113,0.1550560893744049,0.0001,1.173692055176528
77,1.1715709355491655,0.8149675404082447,0.014174200942018211,0.3424291935339419,0.15626408888166865,0.0001,1.1729038928270825
78,1.1661733362302336,0.8147210848742518,0.014165842992538855,0.3372864083029919,0.15632091028876527,0.0001,1.1720013418860176
79,1.1687668216155944,0.8136773798576958,0.014177274994144092,0.3409121691515673,0.15650460485210282,0.0001,1.1708925586564063
80,1.164283443174304,0.8139016346563915,0.014158878800351528,0.33622292581847424,0.15572089266644046,0.0001,1.1697872918348524
81,1.1640718899682376,0.8129499299531051,0.014135431324492603,0.3369865255471901,0.15744162426456718,0.0001,1.1688981341904605
82,1.1668702435300027,0.8123776309388646,0.01412630105357141,0.34036631029832193,0.16016377954466107,0.0001,1.1683191623697415
83,1.1652308477591307,0.8115390298574497,0.014129790524681973,0.33956202752812636,0.15703179796073305,0.0001,1.167590999192205
84,1.1626182506824363,0.811815411154687,0.014128851358595533,0.33667398626494843,0.15874854717063613,0.0001,1.1663064589244116
85,1.163126542892224,0.8112397750057507,0.014136609634569645,0.3377501587355113,0.154700898933725,0.0001,1.1659031885995343
86,1.1603995730862415,0.8104612668919515,0.014128359287795865,0.33580994735987624,0.1582040360261654,0.0001,1.165311188448757
87,1.1566188710214642,0.8105198675672133,0.014124641312063344,0.33197436090294297,0.15596902192122555,0.0001,1.163815981995987
88,1.1569804610877201,0.8099329829457808,0.014103227406437933,0.3329442520200844,0.15926011727318076,0.0001,1.1628966944817356
89,1.1540676461755626,0.8090405689049928,0.014114221501302041,0.33091285468115045,0.159844430537543,0.0001,1.1614267769377324
90,1.1579335990832254,0.8094741738350348,0.014098028624033589,0.33436139438747153,0.1572382953509114,0.0001,1.1607917925286244
91,1.1546045061782697,0.8082164488506124,0.014077338679083463,0.33231071997849504,0.15555675327777863,0.0001,1.1598450541496277
92,1.159925575914054,0.8078715253553332,0.01409087413222988,0.3379631792979115,0.15677488750908486,0.0001,1.1591505873880328
93,1.1534214650883394,0.8075381727779612,0.014097765541463546,0.33178552713162035,0.1566371531291859,0.0001,1.1579696491209537
94,1.1550185839979934,0.8068655593883677,0.01407611636070886,0.33407690707012316,0.15803629646557582,0.0001,1.1572096824525093
95,1.1535616255918817,0.8063703278499007,0.014074547537441912,0.33311674775627514,0.15723930973310257,0.0001,1.1562531907224751
96,1.1560143876752795,0.8064768951514671,0.014081736607193704,0.33545575437511926,0.15629703769154288,0.0001,1.155814672181379
97,1.1548106022345368,0.806343919002502,0.014068575224576567,0.334398108883997,0.1570538926197114,0.0001,1.1556338453026862
98,1.153930191094203,0.8057836566203507,0.014059845380802426,0.3340866893953049,0.15719822984619508,0.0001,1.1553288183033346
99,1.1518478724825938,0.8049534393614253,0.014064190837480959,0.33283024267661887,0.15612852911920141,0.0001,1.1551068409340377
100,1.151867211953138,0.8050253382802735,0.014034139940753186,0.3328077335809839,0.15590757391515658,0.0001,1.1545002022210291
101,1.151195653190961,0.8043052873311614,0.014042602107684462,0.33284776148520423,0.1566677658571191,0.0001,1.1541593169222981
102,1.1530400538783045,0.8035264084111846,0.014040350914001465,0.33547329473447124,0.1554518355166211,0.0001,1.153470764718723
103,1.1530059769477612,0.8038518613782423,0.01404394581158311,0.3351101691534263,0.15751975616081249,0.0001,1.1534292159046653
104,1.1494401613548852,0.8031244609225352,0.014032168755908524,0.3322835320693726,0.15514568653539518,0.0001,1.1528713736403546
105,1.145361923180052,0.8030353213904112,0.014024133130938237,0.32830246627088977,0.159096645399112,0.0001,1.1520514033991716
106,1.1484165932779138,0.8026440282622409,0.014028340517628265,0.33174422362150574,0.15679111564437467,0.0001,1.151291623959435
107,1.1478979333660908,0.802887181118584,0.01402197914239601,0.3309887720472189,0.15785023985661067,0.0001,1.1506003570725902
108,1.1434817811054825,0.8020273734783304,0.014019728915928344,0.3274346794064098,0.1562930850300779,0.0001,1.149555516073718
109,1.1431021771372936,0.8018917877824021,0.014001024180445177,0.3272093653255737,0.156984627518886,0.0001,1.1486809465391883
110,1.1433502435684204,0.8018698035824371,0.014008495677073636,0.3274719391705782,0.15584523870059974,0.0001,1.1478292497007165
111,1.143571346575058,0.8010972300601054,0.014010952404014478,0.3284631621765075,0.15842442846201496,0.0001,1.1470668190391262
112,1.1432677373199385,0.8010064269176119,0.014013393413706193,0.3282479168677185,0.15948130587837517,0.0001,1.1460895873832897
113,1.1397101065449975,0.8004569853778785,0.014011355007396024,0.32524176374168473,0.1584727168083191,0.0001,1.1447600003430132
114,1.1406796090984925,0.8008768291308962,0.014006453401902142,0.32579632676215975,0.15793001967620174,0.0001,1.1438839451173741
115,1.1418593263529377,0.7998513352072989,0.013986835131538809,0.32802115598387455,0.15592277219280992,0.0001,1.1435336854346627
116,1.1385259769751142,0.7995831754821793,0.013989362223394987,0.32495343960202006,0.1581878881092971,0.0001,1.1425446238043824
117,1.1427143611482384,0.7993363757404304,0.013981112602032705,0.32939687026683506,0.157089500516109,0.0001,1.1420262665825973
118,1.1384020811645785,0.7985969731096806,0.013998142362366342,0.3258069654809534,0.15701620552771958,0.0001,1.141518296588507
119,1.138003040399803,0.798425057959605,0.01399420531236134,0.3255837778834736,0.1574247129881116,0.0001,1.1410083829147577
120,1.1391284545585059,0.7989142331583746,0.013992757632814604,0.32622146313258166,0.15708315118573016,0.0001,1.1405862040137662
121,1.1392050021560391,0.7983759906422536,0.013978938060164694,0.3268500719725723,0.15705280658802204,0.0001,1.1401495695718646
122,1.13884627927873,0.7992074248998692,0.013976697989458003,0.32566215895856854,0.15734712203726564,0.0001,1.1397074237677436
123,1.140783939593704,0.797427728621036,0.013976738128894241,0.3293794703955099,0.1579620114265059,0.0001,1.1398148070726144
124,1.1397058966193674,0.7972268814005667,0.01398175168956269,0.3284972651916392,0.1579601145963398,0.0001,1.1397174358247018
125,1.1348136116960228,0.7965404087824948,0.014000926733500575,0.324272277600625,0.1594311291650391,0.0001,1.1390128643590105
126,1.1373994200514974,0.7971443786582405,0.013968382839257045,0.3262866555012264,0.15670728749967733,0.0001,1.1389002086666489
127,1.134117418080266,0.796486602472727,0.013970158162997171,0.3236606570516107,0.15735997811231844,0.0001,1.1380405143598513
128,1.1314815271940484,0.7969960772241589,0.013950752921810498,0.32053469774326493,0.15908110158378164,0.0001,1.1373484589627982
129,1.1295884795653168,0.7957572614203602,0.013969083586764384,0.31986213452796664,0.1562783147603213,0.0001,1.1365070028793496
130,1.1358322304112431,0.7950533715513125,0.013945982373993972,0.32683288086863127,0.1567858374747495,0.0001,1.1361773804646236
131,1.1302747548714613,0.7952462625793705,0.013952749254253766,0.3210757441864052,0.15744592640813418,0.0001,1.1352843557361656
132,1.1277611800913394,0.7953071231532532,0.013946795076675879,0.31850726210321423,0.15815389237950347,0.0001,1.1341758458174267
133,1.1312445814420922,0.7953307360229337,0.01394814869453167,0.3219656958178623,0.15777440287520386,0.0001,1.1332219100022654
134,1.128889251190557,0.7949685519655626,0.0139580512868947,0.31996264663840407,0.15868606874775934,0.0001,1.1321402454593845
135,1.1329367152333985,0.7953795975652235,0.013951443997164527,0.3236056728549226,0.16006930228360527,0.0001,1.131952555813122
136,1.1250438983977205,0.7943917587852865,0.013951401439689962,0.3167007390492828,0.1613738104308111,0.0001,1.1307170036477445
137,1.1289907935666748,0.7942293399971349,0.01393434242109256,0.3208271099092027,0.16037815579536238,0.0001,1.1302043411963854
138,1.1296205951040705,0.7939159390167098,0.013930429309667003,0.3217742247828122,0.15862692357560443,0.0001,1.1300182479873873
139,1.1283323449247025,0.7933124190169948,0.013934241105286635,0.3210856850139993,0.1594626366427172,0.0001,1.1298926345233258
140,1.1239578588497325,0.7938274790742577,0.013915451013050506,0.31621492625370956,0.15784090837467515,0.0001,1.1287051973671751
141,1.1280341237843883,0.7926054731102067,0.013933603226775813,0.32149504904935616,0.15813040777164347,0.0001,1.1284811342584675
142,1.1272015668315771,0.792876634709008,0.013925026928435474,0.32039990696988047,0.15663654048895015,0.0001,1.1284251729324914
143,1.1256520491826365,0.7934881122310553,0.01391643273661151,0.31824750276414665,0.16078719422674567,0.0001,1.127865919706546
144,1.1288769979022337,0.7927490542916691,0.013914657171067553,0.32221328568386015,0.15847360447018916,0.0001,1.1278646943777135
145,1.1250456045655643,0.7923628991322391,0.01392496260861596,0.31875774061824924,0.15879180184121547,0.0001,1.12707558331093
146,1.1248324116877078,0.7922876368429791,0.013903212837466846,0.31864156391146703,0.16069501042970538,0.0001,1.1270544346399287
147,1.1193520760439473,0.7921131549452188,0.013923222588235418,0.31331569968928674,0.15976512750977193,0.0001,1.126090562887656
148,1.120325333690063,0.7916638673439954,0.013918015826304593,0.31474344849465585,0.15867584626403833,0.0001,1.1251610367462554
149,1.1196480530028894,0.7910935731253325,0.013896540744309493,0.3146579403422667,0.15835656914822227,0.0001,1.124292607554074
150,1.1196982457961804,0.790638833331288,0.01389487350688261,0.31516453898823527,0.15740622708509708,0.0001,1.1238666462487188
151,1.1247906822703673,0.7906777087379905,0.01387746556535454,0.3202355081786007,0.1574781444868258,0.0001,1.1235423020973168
152,1.1214319558220993,0.7909355560132505,0.013886569721461793,0.316609826611457,0.1595258949434056,0.0001,1.1229653409963691
153,1.1196732774951152,0.791493095563343,0.013889985926011029,0.3142901981819958,0.16187540997900296,0.0001,1.1223674638276167
154,1.1189215651148472,0.7897198658444093,0.013878269321294634,0.3153234288610261,0.16099175845573205,0.0001,1.1213719205488781
155,1.1167514528512472,0.7902146715663267,0.013886620500266672,0.3126501611775849,0.16063212183196451,0.0001,1.1205425053774465
156,1.1186378415651301,0.7904843451043413,0.01387782125879253,0.31427567589718236,0.15980061831266354,0.0001,1.1199230483651887
157,1.1169089562510863,0.7902345924541868,0.013871917134608024,0.31280244895942794,0.16144048318297094,0.0001,1.1196787363859024
158,1.1170893897874843,0.7898167984722594,0.013884924971791359,0.31338766776403115,0.16030804175150565,0.0001,1.1193551419956445
159,1.1154712559485291,0.7894048060896914,0.013880322719442433,0.3121861281066105,0.16208455696490426,0.0001,1.1189374622902086
160,1.1199495566302333,0.7894793022235074,0.013873411965902147,0.3165968430151079,0.1599662168514414,0.0001,1.1189625933736138
161,1.117940168230819,0.788896582914898,0.01387778982429427,0.3151657965495185,0.15982162727243276,0.0001,1.118277541969659
162,1.1185598744581968,0.7887051184085513,0.013853004447828684,0.31600175145068954,0.16067737516234903,0.0001,1.1179903338332688
163,1.1179156529492345,0.7887767913617179,0.013863222110585799,0.3152756383283627,0.15874902923680223,0.0001,1.1178145713786807
164,1.113409496828702,0.7887017151405071,0.013857715995510016,0.31085006798982134,0.15923892638625287,0.0001,1.1172633645500663
165,1.1181395282368147,0.7886866925937892,0.013852584434571179,0.3156002497878568,0.15831017664975616,0.0001,1.117402172088623
166,1.117608787926409,0.7878986487040414,0.013852565573872223,0.31585757506909284,0.16169305990542648,0.0001,1.117299266724751
167,1.1155445775202273,0.7879554032070399,0.013840913772583008,0.31374825948271257,0.16025389977267984,0.0001,1.117162828851665
168,1.117383547535291,0.7879169520451621,0.013847905530407269,0.31561868793461434,0.16185405214164125,0.0001,1.1171922446264455
169,1.1168548973772154,0.7884876636172405,0.013838189610603131,0.3145290416708824,0.16148149580307472,0.0001,1.1173306087693142
170,1.1149119355132082,0.7866483804662135,0.013846832888605144,0.3144167217956837,0.1595934508840646,0.0001,1.1168268466576117
171,1.1145271348179475,0.7870790437317281,0.01383277997525662,0.313615310687806,0.16154768147163895,0.0001,1.1164855433163245
172,1.1128453943598826,0.7880006132696512,0.013851111365622004,0.3109936673367967,0.1586719411925902,0.0001,1.1159140953064934
173,1.110526007522676,0.7858962801116959,0.013843240892669492,0.3107864852790658,0.16115226558812007,0.0001,1.1151751307638373
174,1.1144605577596545,0.7867764508990197,0.013824717268257064,0.3138593903480147,0.1613876995522884,0.0001,1.1152802368569328
175,1.1154442149050094,0.7870278807005583,0.01383211428930503,0.31458422039875394,0.16021407587533065,0.0001,1.1150107055237521
176,1.1145081250469293,0.7867660680842448,0.013815963002295813,0.31392609516940784,0.16089923172040596,0.0001,1.1147006392358043
177,1.108907560668659,0.7862808313863031,0.013827432967102794,0.30879929489465563,0.1636666082163128,0.0001,1.1140369375506471
178,1.112545770152829,0.7864207907090565,0.013824211172835096,0.3123007693590547,0.16123333534048248,0.0001,1.113553159812401
179,1.1103840920069155,0.7860410889312172,0.013821517478138147,0.31052148532553087,0.16149565828378495,0.0001,1.1129060792753713
180,1.1093126769965367,0.7851145400478681,0.01384142204423947,0.3103567155089388,0.1616642670838151,0.0001,1.112346153423704
181,1.1093128824088927,0.7858048056008607,0.013822924292837147,0.30968515058076407,0.16199775788230297,0.0001,1.1118247281827984
182,1.1082614564750548,0.7852039002259895,0.013810723838651397,0.3092468339821388,0.1619944586805833,0.0001,1.1113663343943159
183,1.11013528057818,0.7855012493007807,0.013811059462371269,0.3108229707873617,0.16464173381214936,0.0001,1.111327261699866
184,1.1111728575602022,0.7852809576669039,0.01380234654486542,0.3120895535600113,0.1613979714244423,0.0001,1.110998491679921
185,1.1036345719323923,0.7850205059225612,0.013802396598258802,0.30481167043923846,0.16344283264258813,0.0001,1.1098175273826592
186,1.108821822953756,0.784851250493744,0.013802936788021188,0.3101676355359762,0.15947258153563823,0.0001,1.1092488971733419
187,1.1030214883492877,0.7849380055982733,0.013786820804371554,0.3042966642437794,0.16160483043225252,0.0001,1.1086602899414046
188,1.1091635867983527,0.7847376578236207,0.013806469783821648,0.310619458163244,0.1635059787009599,0.0001,1.1083220716059572
189,1.1056203886896796,0.7843987188523004,0.013786360168070146,0.30743531124103385,0.16237964145612524,0.0001,1.1078457012742335
190,1.1090912509399786,0.7843324963993281,0.01377878106873611,0.31097997345680156,0.16244397549672737,0.0001,1.1078235586685778
191,1.1079328774680473,0.7842680810673,0.013785229009740493,0.30987956551702706,0.16132993557873895,0.0001,1.107685558174493
192,1.1055716779120794,0.7836223993049916,0.013779354627427416,0.3081699275764926,0.16336528586627988,0.0001,1.1074165803181955
193,1.1080735989564814,0.7835965698195761,0.013786669676976079,0.310690356225803,0.16071227937936783,0.0001,1.1072104121560258
194,1.1037228551162426,0.7842361706990982,0.013773526187842564,0.3057131568389297,0.1625357403384019,0.0001,1.1064654119116297
195,1.1030351586080709,0.7836225384630973,0.013770652832897875,0.3056419665564388,0.16697644619138924,0.0001,1.1064054705791977
196,1.1036536695991037,0.7836098784607274,0.013761024687885029,0.3062827666016186,0.1615079318382919,0.0001,1.1058886552437321
197,1.1042088505946115,0.7832647229546708,0.013787197051135328,0.3071569305888054,0.1644112541818232,0.0001,1.1060073914682649
198,1.1056376741575662,0.7831629924551711,0.013773469122138032,0.3087012130034139,0.16385565129907814,0.0001,1.1056548002041864
199,1.1089487751647376,0.7835428072763021,0.013767037623794278,0.3116389326524541,0.16497627604926576,0.0001,1.1059876388516918
200,1.1012288392436431,0.7830436313128133,0.013773204105137328,0.30441200473245694,0.16310218508538563,0.0001,1.1052013976820583
201,1.1017587832940277,0.7826406445512907,0.013765173558047529,0.3053529662123558,0.16410084522157364,0.0001,1.1045839882646562
202,1.1025200342309887,0.7820558300124705,0.013769230542753579,0.30669497488478376,0.16376941542294157,0.0001,1.104278823896547
203,1.103101504260096,0.7825854277997665,0.01376725959971275,0.3067488164979111,0.16359983170008321,0.0001,1.1037816144269086
204,1.1004257535837727,0.7823051399198072,0.01376388063295376,0.30435673387732515,0.16421442645135323,0.0001,1.1034519042736617
205,1.1019403337223292,0.7820710533772715,0.013744343608678234,0.30612493533089485,0.16697879085736633,0.0001,1.1033424217850876
206,1.1030695963099326,0.781917524748835,0.013753089411505338,0.3073989845374051,0.16475625151794773,0.0001,1.1032840144561704
207,1.1007102602152021,0.7824355199419218,0.013761982956474258,0.3045127548685422,0.16451882285351202,0.0001,1.1029341554182295
208,1.1030659923447073,0.7816068642521485,0.01374549169327618,0.3077136376083018,0.16256433086088173,0.0001,1.1026769872369435
209,1.1002338008754877,0.7819558308284132,0.013742376776302563,0.3045355913967922,0.16527125813656357,0.0001,1.1018054898080185
210,1.0975277705560107,0.7812943305011695,0.013742008509065269,0.3024914318178053,0.16347451255662446,0.0001,1.1014353829392556
211,1.099550831027737,0.781263731193349,0.013749627747835542,0.3045374738396302,0.16423411640144023,0.0001,1.1012145877126265
212,1.0993301863602645,0.7814938932596791,0.013737953216986046,0.30409833991382473,0.16511346850143727,0.0001,1.100895602925554
213,1.099849678319076,0.7809784885110527,0.013739690819328262,0.3051315008022239,0.16415799524007899,0.0001,1.100570420331452
214,1.097081972184094,0.7805483349680176,0.013746557322767153,0.30278707789842785,0.16522493276888653,0.0001,1.1002360421914843
215,1.0961277952784214,0.7812216875519279,0.013736890730944898,0.3011692154993876,0.16610512199375257,0.0001,1.0996547883470933
216,1.09778889838387,0.7810889299936276,0.013732702688561492,0.30296726860332684,0.1666120551904365,0.0001,1.099126718554487
217,1.098421842766582,0.7805152572918131,0.01373657009906266,0.30417001670562716,0.16494768755189304,0.0001,1.098897876809625
218,1.0941678847792666,0.780482503270039,0.013734546926393953,0.29995083458283367,0.16717806366285495,0.0001,1.098008066053081
219,1.0915699134492003,0.780082611113968,0.013745252307481746,0.29774204842580015,0.16459683393851737,0.0001,1.0971416773104523
220,1.0972629156847755,0.7804562640480289,0.013736153471058813,0.30307050043259864,0.16397965796155814,0.0001,1.0971151918233286
221,1.0958926836085368,0.7801757263847103,0.013721606310676126,0.30199535169901276,0.1648816883291966,0.0001,1.0967493770814085
222,1.1008108004353352,0.780538073055159,0.013731273144302213,0.30654145317798215,0.16635081811258323,0.0001,1.0968974384889156
223,1.0966364669993247,0.780719576573517,0.013719411215482329,0.302197480570472,0.16436211438377296,0.0001,1.0965761173569406
224,1.0977206654529301,0.7798669912510421,0.013715065516999962,0.30413860947075044,0.16618240349614355,0.0001,1.0966399866838243
225,1.0972087513844333,0.7798546922617945,0.013725428503860566,0.3036286304071999,0.16488151982215066,0.0001,1.0967480822944258
226,1.0920257078706614,0.7801111028595822,0.013711917472901257,0.29820268648028614,0.16786099921979963,0.0001,1.0961717632431047
227,1.0913401895314152,0.7794149410410295,0.013735779642333365,0.29818946614287206,0.16590648788286272,0.0001,1.0954635979195877
228,1.0952728148889832,0.7795626658938719,0.013709494114889335,0.3020006510415861,0.1684740590910157,0.0001,1.0955740909305596
229,1.096175052331379,0.778812749148866,0.01370629795182791,0.30365600589564556,0.16856440637283346,0.0001,1.0960346048187772
230,1.0922718379366954,0.7794051831682604,0.013696963840275701,0.2991696924092078,0.1725029592188812,0.0001,1.0955354970439692
231,1.0937494171318611,0.7791240980610644,0.01369493655694184,0.3009303835717466,0.16740309906477377,0.0001,1.0953211703963017
232,1.0925654568246606,0.7795880369192205,0.013696782971008795,0.29928063741803895,0.16788303208278593,0.0001,1.0944966360352342
233,1.0920867692626273,0.7788096345945981,0.01369861245880746,0.2995785207886241,0.16679483254649818,0.0001,1.0940416662615646
234,1.0954624709444645,0.7792356450707627,0.013698953644015485,0.30252787286442145,0.16576709858241961,0.0001,1.0938158468107182
235,1.0913418183220327,0.7789158163399532,0.013693724877935878,0.29873227825271187,0.16542474845420516,0.0001,1.093229153504478
236,1.0946581299599962,0.7782392773860367,0.013686087020270481,0.30273276827398227,0.1650081720603649,0.0001,1.0934923957134113
237,1.0949043637598745,0.7790076654049253,0.013677878263755938,0.3022188199702915,0.1657057643148285,0.0001,1.0938488131362574
238,1.0944815492049675,0.7784407094090754,0.013687847593976808,0.30235299217168987,0.16766546343209535,0.0001,1.093769686567856
239,1.09108500173561,0.7779541022879115,0.013679857428127079,0.2994510388912342,0.16641105587535648,0.0001,1.093260681508279
240,1.0880343739933223,0.7780024235195369,0.013681973695271398,0.2963499775643765,0.16805570918696405,0.0001,1.0928369351139415
241,1.0912567896968695,0.7778359142568484,0.013691293298593641,0.2997295813857905,0.16696073332495429,0.0001,1.0925876723704424
242,1.0881093207285806,0.7779866655264617,0.013687890151451373,0.2964347642950306,0.16938332234023792,0.0001,1.0921420587608344
243,1.0884824924730143,0.7788118886899271,0.013683320542619871,0.295987282847536,0.16743734763070003,0.0001,1.0917816310818733
244,1.0911960338240463,0.7782085100245524,0.013670393226112845,0.2993171318730766,0.16789973575553835,0.0001,1.0913549873698314
245,1.0908084844237167,0.7774412923362144,0.013669271014525005,0.299697922312222,0.16625614497531016,0.0001,1.0913016539799998
246,1.0857246931619624,0.7775699821495381,0.013675281532395925,0.29447942875461697,0.16845957652248186,0.0001,1.0904083103001962
247,1.089610005005378,0.7783119515279727,0.013669066690286323,0.29762898953763756,0.16957660634486235,0.0001,1.089878874424747
248,1.0869733997097364,0.7772152886912982,0.013653444711867017,0.2961046657625125,0.16738561793224807,0.0001,1.0891280594752235
249,1.0879446725090909,0.777068798247022,0.013654029151730798,0.29722184574507315,0.1671405915495832,0.0001,1.0888140265525716
250,1.0904782450706916,0.7776089261076271,0.013650182778163081,0.29921913694053826,0.16868999331403697,0.0001,1.0890584136603088
251,1.0883830404910306,0.7778876029695507,0.01365159999042689,0.2968438369869944,0.16765014132065414,0.0001,1.088771038739725
252,1.0896516850947366,0.7771036349252078,0.013653886003861804,0.29889416325890267,0.1688206774800351,0.0001,1.0889252751763405
253,1.087047568199359,0.7770459651947021,0.01365283512440463,0.2963487669734877,0.1696190111354205,0.0001,1.0887817827489747
254,1.0875373944549482,0.7773722486370234,0.013657645328049728,0.29650750127573766,0.16925581367818626,0.0001,1.0884159188120652
255,1.08763849167021,0.7766966991443904,0.013651793433493098,0.29728999848781684,0.16613079841734188,0.0001,1.0880989195367143
256,1.0870150153583735,0.776728161570992,0.01363963602038958,0.2966472142003854,0.16884772047309798,0.0001,1.0882279517563556
257,1.0838052713846822,0.7765143630954363,0.013644990766266055,0.29364591669177914,0.17153871422123473,0.0001,1.087647478394286
258,1.0825506002617655,0.7764781627645357,0.013671307244600679,0.292401132066158,0.16927557556491352,0.0001,1.0872051984494888
259,1.0878332110979494,0.7761852785975164,0.01363899910909409,0.29800893508396575,0.169342205109751,0.0001,1.0871940523083745
260,1.0858159093054023,0.7765483948086628,0.013640262050512596,0.2956272523857759,0.17070436897795294,0.0001,1.0867278187318459
261,1.085503452810748,0.776557318458209,0.013636428976155681,0.2953097062226967,0.17108471535947212,0.0001,1.0864398599638174
262,1.0844967099280676,0.7760839492505752,0.0136280819078488,0.29478467928347674,0.16916444630156183,0.0001,1.0859243624471506
263,1.0862738840720232,0.7758991899645111,0.013636166377193304,0.29673853063196487,0.16937569569622526,0.0001,1.085846994034417
264,1.0846209604648258,0.7760784500269087,0.013627576296034498,0.29491493290263787,0.17084807973604416,0.0001,1.0855553506354048
265,1.0855635456574615,0.7758971212118199,0.01362183418041794,0.29604458902597913,0.1697137742841703,0.0001,1.0853478560341299
266,1.0867798217169895,0.7757902780120803,0.013638367759286753,0.29735117416231915,0.16818677034025017,0.0001,1.0853243366699914
267,1.086987822582949,0.7762156996959122,0.013615411145208332,0.2971567124974655,0.1704120295042924,0.0001,1.0856425917898183
268,1.0825756203088508,0.7752973197923471,0.013626466658245961,0.29365183267946415,0.16936712934206755,0.0001,1.0856450937945268
269,1.0836306082549492,0.7758506934251069,0.013624812961833713,0.2941551022307142,0.1734302848365921,0.0001,1.0852248335102268
270,1.0838460762650681,0.7757621091954848,0.013616481852579795,0.2944674867887284,0.17025634220236455,0.0001,1.0850278502061932
271,1.0835701645508742,0.7750756253335346,0.01362973318622272,0.29486480382465685,0.1693103232441761,0.0001,1.084834521380206
272,1.081829430849025,0.7753016822961958,0.013608699154418574,0.2929190510759247,0.16952375750270868,0.0001,1.0845677934723015
273,1.0805339056386425,0.7757837346794639,0.013628219010621974,0.2911219542759185,0.1685541002249863,0.0001,1.0839937956289636
274,1.0853062058075447,0.7744381595818557,0.013611138229679626,0.2972569071194705,0.17039395545365602,0.0001,1.0840623201632353
275,1.0826502806274692,0.7754564851099289,0.013622451505602979,0.293571344555996,0.17253913361632076,0.0001,1.0837709936602362
276,1.0826415467939319,0.7752986806643178,0.013618505750659997,0.29372436053008144,0.17171743926242689,0.0001,1.0833571661679302
277,1.082998901666057,0.7752881433368938,0.013629246676911205,0.29408151192428134,0.17242286313498964,0.0001,1.0829582740762411
278,1.0815050207818981,0.7746753825619062,0.01361320686146889,0.29321643114694473,0.17052185502182882,0.0001,1.082851214123546
279,1.0823750557570622,0.7753054510507332,0.013610740704178568,0.29345886654109066,0.1709286232628155,0.0001,1.0827256588737573
280,1.0814932203921537,0.7746042088127523,0.013602451668791548,0.2932865608173742,0.1709768960127724,0.0001,1.082490373286466
281,1.0817360841720147,0.7752352034102589,0.01359171509500933,0.29290916657351096,0.17206659299485824,0.0001,1.08230696524858
282,1.082249509998074,0.7745740928707935,0.013605074514965499,0.29407034370043217,0.1701626496400843,0.0001,1.0823489731634848
283,1.0804768309873694,0.7744150674367289,0.0135980566423273,0.29246370736169525,0.16951827901372077,0.0001,1.0823432656983574
284,1.0785430022959293,0.7747159203699587,0.013601974106221847,0.29022510476697533,0.17175843365656676,0.0001,1.0816669453471959
285,1.083308384578078,0.7743110722025316,0.013608990769840883,0.29538832320765596,0.17082056768888393,0.0001,1.081732755742257
286,1.0779075290078324,0.7740858110162839,0.01360039222554793,0.29022132558464764,0.17195744927345377,0.0001,1.0812593539636468
287,1.0811912476653742,0.7747826174838548,0.013590205755485241,0.2928184257861809,0.17118293249462005,0.0001,1.0810785885635787
288,1.079710271730868,0.7737382217546506,0.013595705100053706,0.2923763440600757,0.17180589182986208,0.0001,1.0808991136584756
289,1.0788625539195464,0.7747491958416983,0.013597950006837051,0.29051540586455116,0.1714690627178846,0.0001,1.0805478634747239
290,1.0819595209483444,0.7742580719458404,0.013586126524826577,0.29411532474458824,0.17176876520892911,0.0001,1.0805944935303429
291,1.0795091713417857,0.7742686235396905,0.013571688659776296,0.29166885983750496,0.17579306468639605,0.0001,1.08037180224732
292,1.0827942202831138,0.773872637603636,0.013577134565697722,0.29534444775107427,0.17199970863411926,0.0001,1.080426273275824
293,1.078722541279048,0.7734876009078345,0.013579142504724962,0.29165579827453253,0.1705110559719813,0.0001,1.080250844304992
294,1.0768484184272875,0.7733551607170647,0.013595534386547778,0.2898977249256254,0.17261404222213714,0.0001,1.080081385918128
295,1.07821962231313,0.7741676853104489,0.01356989133188739,0.29048204736342054,0.17250244994978392,0.0001,1.079572509691633
296,1.0783538569301427,0.7737895898354706,0.013577867231310986,0.29098639965178275,0.17263520350320827,0.0001,1.079617142483864
297,1.0826386687238125,0.7736707054093692,0.01358938313884619,0.29537858056852834,0.17224250331853513,0.0001,1.0797618845897081
298,1.080482873786052,0.7733583618371047,0.013574436276727952,0.2935500766092092,0.17232109180086766,0.0001,1.0798391447952265
299,1.0794844639470562,0.7733881132597855,0.01358069633615428,0.29251565314209726,0.17333390785883696,0.0001,1.079901335797977
300,1.0774529097529986,0.7736767208842187,0.013578504142606475,0.29019768427279125,0.17243005401827016,0.0001,1.0794506746784427
301,1.0758421670108973,0.7734533616060175,0.01355722637253891,0.28883157743039045,0.1734213490364034,0.0001,1.079083974245354
302,1.075364153356146,0.7737280383071358,0.0135773543653817,0.288058760592952,0.17510038112530119,0.0001,1.0783409675526572
303,1.0796942504134188,0.7735958003852721,0.013564987066551348,0.2925334636567814,0.17393914016216813,0.0001,1.0784381384660944
304,1.07936122862369,0.7729656374720483,0.013561060172307323,0.2928345301027956,0.17328697887322966,0.0001,1.0786894194857344
305,1.077034725620587,0.7727255144177295,0.013571247609585342,0.2907379649534187,0.17209636409432602,0.0001,1.07857092981648
306,1.0776557756727656,0.7730490159069549,0.01355905295869158,0.29104770529584517,0.17232089391465602,0.0001,1.0785011216907425
307,1.0812932477761477,0.7730784717244502,0.01356339986619311,0.2946513773945234,0.17354905254700603,0.0001,1.078366579595976
308,1.0755852543074509,0.7732494995753615,0.013557160601896398,0.2887785922562133,0.1745170034755316,0.0001,1.0778768176481157
309,1.0756207509891982,0.7732298324606239,0.013559140975286705,0.28883177764396395,0.17251650710981226,0.0001,1.0774904463523298
310,1.0765425920728253,0.7725435800049416,0.013559007015963355,0.2904400060191358,0.1739649528422172,0.0001,1.0773994145843127
311,1.0785556608474762,0.7726591933087935,0.013555762250331546,0.2923407019030975,0.17469672662249444,0.0001,1.0776707639679706
312,1.0758263119335831,0.7726336785310663,0.013548524819813201,0.28964410625534176,0.1713595279090061,0.0001,1.077716979825714
313,1.0762075338112171,0.7730582416903901,0.013553377822736698,0.28959591366335535,0.17497395893320833,0.0001,1.0773683081654941
314,1.0709233772440325,0.7722322524923824,0.013557868361714888,0.2851332575385034,0.17417533703254154,0.0001,1.0765245230275284
315,1.0787809417407364,0.7725518625116251,0.013561299074494089,0.2926677812729598,0.1727842872029144,0.0001,1.0766991446395433
316,1.0759670798483534,0.7728749698606031,0.013541922849767348,0.28955018654858605,0.1740818707079723,0.0001,1.0765302750571022
317,1.0735461555920074,0.7724975404342822,0.013557132310847965,0.2874914820610147,0.17371977433471603,0.0001,1.0757555658386881
318,1.0734298454095095,0.7723430930721832,0.013541400553488587,0.28754534906354445,0.17314350039794527,0.0001,1.075540024948894
319,1.072480506031315,0.7716790952740528,0.013529404665345352,0.287272005789662,0.17335009112440306,0.0001,1.0752260004531056
320,1.073964606917654,0.7715883077279065,0.01353991152548645,0.2888363869388495,0.17374945817322568,0.0001,1.0749682019375884
321,1.0737661123275757,0.7716163499601956,0.01353895494952405,0.2886108087175516,0.17451751957558714,0.0001,1.0744892470855985
322,1.0720326471280375,0.7719022960498415,0.013538673973470382,0.286591679401862,0.17518503501497465,0.0001,1.0741098806050438
323,1.0763043558138137,0.7725286459584265,0.013535623859923945,0.2902400861768162,0.17361553460661827,0.0001,1.0741195628053035
324,1.0712595225347707,0.7724445204705785,0.013534330209418678,0.285280671310715,0.1743868150225034,0.0001,1.0741531773343773
325,1.0715769305674105,0.7719398999310894,0.01353706887962852,0.28609996009429134,0.17469413738705325,0.0001,1.0734327762170446
326,1.0751614467851047,0.7719483584709632,0.013545276668927733,0.28966780892492067,0.1785056981395998,0.0001,1.0733522129107198
327,1.07320559290795,0.7714495281660533,0.013549212993521235,0.2882068515972482,0.17376850572609273,0.0001,1.0733181566423142
328,1.0741486753701681,0.7714194112568792,0.013517099268296185,0.2892121667189724,0.1740943498410753,0.0001,1.07339003963838
329,1.0700781643995165,0.771388582960829,0.013519472331110895,0.28517010744517524,0.17429589868559073,0.0001,1.0731498054752
330,1.0719316359949402,0.7718041588761986,0.0135247298718466,0.2866027468237384,0.17441823313855254,0.0001,1.0729465083829288
331,1.0719226613247854,0.771797837035893,0.013529274574883328,0.2865955489885976,0.17288054867400118,0.0001,1.0727621632826496
332,1.0703145409452504,0.7709852227332867,0.01352906009488367,0.2858002570289627,0.1731822443842646,0.0001,1.072590352664371
333,1.0739022133074716,0.7714109787109173,0.013515690519166524,0.28897554456099533,0.17528067825411203,0.0001,1.072350138413737
334,1.073462370443054,0.7707405668243191,0.013519836971290698,0.2892019680680416,0.17565359287039503,0.0001,1.0725704232045652
335,1.071267242968445,0.7708509701018885,0.013521262404884818,0.28689500985716226,0.17521923330081646,0.0001,1.0725394544446687
336,1.0715301270175415,0.7704296566651753,0.01352600466165291,0.28757446794251157,0.17286748643095545,0.0001,1.0721763224679122
337,1.0759586277162811,0.7710024216354014,0.013500797821106823,0.2914554082295474,0.17429366955650746,0.0001,1.0724516259487453
338,1.0747734545210554,0.7714197297125269,0.013529201066518169,0.2898245230770498,0.17564412945424326,0.0001,1.0725141038638342
339,1.0723608504927908,0.7708607161262698,0.013511336357550011,0.28798879725333404,0.1738758219243547,0.0001,1.0727423724731615
340,1.0725861994538297,0.7708145445307176,0.013508550777396613,0.2882631030273728,0.17385630741806107,0.0001,1.0728078288190506
341,1.070015887943291,0.7709101563051313,0.013510920454957664,0.28559481287582894,0.1756098184575899,0.0001,1.0726171514809013
342,1.0721296842151433,0.7704126520524402,0.013497756896106031,0.2882192726672058,0.17449308747452122,0.0001,1.0727986658078903
343,1.0737067642366669,0.7708112377424027,0.013512711254143087,0.28938281551215034,0.17687622670832318,0.0001,1.07277912090081
344,1.0727222344212792,0.7704965645111115,0.013506438137309788,0.28871922931703786,0.17331188457732752,0.0001,1.0727051072986324
345,1.0695251737840277,0.7705924267942958,0.013500243364918304,0.28543250206820137,0.1725511099032408,0.0001,1.0725309003801908
346,1.0686543438787635,0.770337447917002,0.013513221943837877,0.28480367450153127,0.17425265702708015,0.0001,1.072243322066313
347,1.0708343490625734,0.7705648843705292,0.01349320131189683,0.2867762631987945,0.17488819656942728,0.0001,1.0717308942009423
348,1.0728839638267038,0.7705023882355216,0.013506330776408042,0.28887524617492066,0.17635448258861325,0.0001,1.0715419451315067
349,1.0701173439954406,0.7704607126195339,0.013499017661290044,0.28615761178018595,0.17603440891052113,0.0001,1.0713175944817719
350,1.073461910653066,0.7704387333765474,0.013514305225008641,0.28950887190038244,0.1744470303730839,0.0001,1.0714051656016954
351,1.073266257862532,0.7705929085884327,0.013505597627187114,0.2891677516469124,0.17436674944527492,0.0001,1.0717302025936195
352,1.0691729592986814,0.7701617603853315,0.013504017439140027,0.2855071803256416,0.17545565261560328,0.0001,1.0714345301019734
353,1.0714776586083805,0.7701517144032957,0.013509518234531488,0.28781642461040685,0.17558565327772988,0.0001,1.0712116195391448
354,1.0710833262478363,0.769709851630561,0.013489679439072677,0.2878837949666242,0.17612731051735173,0.0001,1.0710477287218003
355,1.0720626729980685,0.7698811493345497,0.013509075008106039,0.2886724483229326,0.17389191121890626,0.0001,1.0713014786432047
356,1.0705326507831443,0.7701675541260663,0.013492381838707605,0.286872715936713,0.17662402464579374,0.0001,1.0714893093336426
357,1.0696778165641228,0.7697999562017817,0.01349053735907131,0.2863873223383093,0.1748240259126524,0.0001,1.0713736560837979
358,1.072086499743239,0.7701511906561939,0.013500516119641658,0.28843479233266855,0.17442346166282832,0.0001,1.0712939096754512
359,1.0683429336692933,0.7695316072651629,0.01350148696203019,0.2853098382633066,0.17644890242125877,0.0001,1.0711164686428365
360,1.0689051251624226,0.7696690957154512,0.01349468284398015,0.2857413486885492,0.1739308371021588,0.0001,1.0706607900937724
361,1.0710089262310438,0.7694723820106011,0.01348258298018883,0.28805396157273416,0.17634708166847848,0.0001,1.0704350569306236
362,1.073339733100566,0.7701994560311338,0.013480806689233373,0.2896594689747141,0.17630355289814195,0.0001,1.070851734310812
363,1.0699759807596343,0.7693761645175864,0.01348796625891757,0.28711185052718885,0.17549789440015268,0.0001,1.0707015665259374
364,1.068287532300543,0.7693300966558785,0.013497533711168394,0.28545990025598184,0.17519111474919272,0.0001,1.0704219871312077
365,1.0689904819153868,0.7698289076164818,0.013468746481270626,0.2856928290568791,0.1729057569351448,0.0001,1.0701147680229397
366,1.070708641295017,0.7692732170193964,0.013486350525707068,0.28794907489848187,0.1758984266865326,0.0001,1.070132367074127
367,1.067883043574513,0.7693845969426463,0.013489074929490776,0.2850093704329059,0.17777419912404027,0.0001,1.069952889775166
368,1.070189627140579,0.7699121679302161,0.013476901315530464,0.2868005565044604,0.17565560029558913,0.0001,1.0697632025149
369,1.067757548352526,0.7695187522480019,0.013479762822087347,0.2847590334033386,0.1736888783940437,0.0001,1.0697046639832233
370,1.0702726722489022,0.7690433133204617,0.01348082820977449,0.28774853117204824,0.1778136450971116,0.0001,1.0698414186918712
371,1.0691503433862033,0.7692577623692294,0.013479725100689437,0.2864128556140296,0.17672846141378973,0.0001,1.0696555604073872
372,1.066066678832559,0.7687656898769355,0.013477213484278557,0.2838237755620214,0.17704569153925953,0.0001,1.0689282549805865
373,1.0689183821784556,0.7690187458092494,0.013464811607500118,0.28643482358291233,0.17557168398316927,0.0001,1.0688224951224687
374,1.0631113135790486,0.7688803504736863,0.013470038439149063,0.2807609262530509,0.1752649493077222,0.0001,1.068304873250319
375,1.0685447770006515,0.769107009769695,0.013477984354897396,0.2859597832085395,0.17660585698684864,0.0001,1.0682603027588455
376,1.0662679287773116,0.769195984633409,0.013472594547465171,0.2835993538582301,0.17548453626477936,0.0001,1.067816231507075
377,1.0681616419710929,0.7687699939851587,0.013453247339198362,0.28593839879542526,0.17706610818542767,0.0001,1.0678440913467329
378,1.0632656876745863,0.7690005880340359,0.013460955319975258,0.2808041453029031,0.1781924937608034,0.0001,1.0671516974001336
379,1.0670302118539328,0.7685031940438927,0.013462081400424424,0.2850649371350271,0.17571606470411738,0.0001,1.0670789637502742
380,1.0689914747619242,0.7684809815811096,0.013462238572915718,0.287048255242634,0.1770255980034629,0.0001,1.0669508440015767
381,1.0684051748221592,0.7687234986142745,0.013457261766429847,0.28622441418453837,0.17659236726485208,0.0001,1.0668763271451722
382,1.0688975845098978,0.7685641350175497,0.013467362637935739,0.28686608730779456,0.17741105788619715,0.0001,1.067159417712906
383,1.0658146347283834,0.7688007922975335,0.013453677508216843,0.283560166313005,0.1769002012258611,0.0001,1.066849042967899
384,1.0652319132435395,0.7685103175848057,0.013451869540959295,0.2832697273872445,0.17652698628921779,0.0001,1.067061102934348
385,1.062757235753367,0.7689186719078079,0.01345410912805832,0.2803844561683237,0.17771138534947292,0.0001,1.0664823488096196
386,1.0670507035197399,0.7694184204627728,0.013450229869169347,0.2841820517067493,0.17814212801732107,0.0001,1.0665606262838623
387,1.0623434227088402,0.7681945295169436,0.013455500225508189,0.2806933910017323,0.17419339130060185,0.0001,1.0659788043576373
388,1.065914627504639,0.7680209397544242,0.013443346197658329,0.284450340706243,0.17723041790977695,0.0001,1.0662436983406425
389,1.064749099420002,0.7685549827424798,0.013453223884226585,0.2827408923399134,0.17677210318207984,0.0001,1.0660155870972492
390,1.065088372685121,0.7679347345118107,0.013451055629258224,0.28370258323923814,0.17649606447553537,0.0001,1.065625276889569
391,1.0600973735232866,0.767922050933567,0.013456354760253163,0.27871896965810783,0.17833022579822772,0.0001,1.0647944967596816
392,1.0642292112656104,0.7680692943549785,0.013453851848780262,0.28270606409463633,0.17624817607248047,0.0001,1.0643276594352529
393,1.0665548960045435,0.7685880734760911,0.013443693427962174,0.28452312979567607,0.1773025994973057,0.0001,1.064401685562869
394,1.0657684125958302,0.7685313236882673,0.013452591325400083,0.2837844993956916,0.1776519512368506,0.0001,1.064455335498098
395,1.0629691704049797,0.7683581969800876,0.013445895293663288,0.28116507840325816,0.17843595881612015,0.0001,1.0644765289632592
396,1.0635000310127924,0.7679616025446878,0.013452499439943635,0.28208592806094557,0.17589628974516058,0.0001,1.0641214617125647
397,1.0668284045513454,0.7678390135629666,0.013444480983045473,0.28554491095743606,0.17543221901323927,0.0001,1.064569959896815
398,1.0646439725438672,0.7677489268852296,0.013445318349718322,0.28344972529892504,0.1780329994691071,0.0001,1.0644428944007378
399,1.0647352908494265,0.7678886856317036,0.013441834923703579,0.28340476811778476,0.1753691814492247,0.0001,1.0644415135436804
400,1.0636113745445654,0.7673956120715422,0.01345637724800961,0.2827593879755322,0.1763142158426571,0.0001,1.064293813729625
401,1.0628647242066342,0.7680283213000269,0.013444688450733981,0.28139171617872577,0.17529960711152268,0.0001,1.0645705487979595
402,1.0644035534007554,0.7680188037802675,0.01343089596011334,0.2829538523304535,0.1765275784970297,0.0001,1.064587983011474
403,1.0631575213242739,0.7683010127916781,0.013431406891611961,0.2814250996914403,0.17610836908614175,0.0001,1.0642482455434472
404,1.063719466902905,0.7677083293516302,0.013430900312582329,0.28258023726891796,0.17724219040140418,0.0001,1.0640433509741547
405,1.0633348521547916,0.7673080380983334,0.013436551026350102,0.2825902633021376,0.1767566079542071,0.0001,1.064079919149136
406,1.062619969399899,0.7677863079442455,0.013433567408857674,0.2814000968275399,0.1763005098875831,0.0001,1.0639919129878463
407,1.0595184754406464,0.7675958023109978,0.013433682023874403,0.2784889912417888,0.1773454975827954,0.0001,1.0632609200767764
408,1.0644049571929064,0.7674046779017419,0.01343143566626806,0.28356884205317157,0.17619563817494296,0.0001,1.0632370185416802
409,1.0654498410031472,0.7679213591328016,0.013439830128126164,0.2840886509261315,0.176082325332305,0.0001,1.0633084735570524
410,1.0604936348739067,0.7666352983662371,0.013440620101247792,0.2804177144417656,0.17733313046531793,0.0001,1.0629966995899864
411,1.0649564089688035,0.7671127620381709,0.013436596727274494,0.2844070487223097,0.17806938650279208,0.0001,1.0632058680662038
412,1.060567828269324,0.7668126086434293,0.013425549435567178,0.28032967106686646,0.1794068157733333,0.0001,1.0628222955530604
413,1.0599901535931755,0.7672623821494545,0.01343600769313789,0.27929176181615245,0.1768885175669169,0.0001,1.0625055587799506
414,1.0621040699206308,0.7660153921670895,0.013435762262247639,0.28265291677587656,0.17751825121788659,0.0001,1.0623440190817228
415,1.0638203838534095,0.7673239579790746,0.01342420742429536,0.2830722184802649,0.1778749822663487,0.0001,1.062392572251585
416,1.063188799133649,0.7668379249002096,0.013433328506670908,0.2829175479332284,0.1764221619399034,0.0001,1.0624494552249597
417,1.06287141008261,0.7671777969925205,0.013417315773257861,0.2822762963496164,0.17785482531749694,0.0001,1.0627847486891562
418,1.063965664915816,0.7673556162667806,0.013415823360002065,0.28319422544016076,0.178516131476263,0.0001,1.0627408194614472
419,1.0618381531678638,0.7667531122058691,0.013418492632511905,0.28166654702978733,0.17575644376795385,0.0001,1.062379650677919
420,1.058324933172965,0.7665917241065545,0.013413041890513825,0.27832016749326405,0.17757945850824003,0.0001,1.0621627805078249
421,1.0644765524061408,0.7670222133942115,0.013421708865291449,0.28403262872604035,0.17654593669739505,0.0001,1.0621147948515586
422,1.0617422181017258,0.7661752299411302,0.013416243373259569,0.2821507444850813,0.17716746461439808,0.0001,1.0622322338347987
423,1.05734998290002,0.7666783393275666,0.013424621150653212,0.2772470227240549,0.1783192249328563,0.0001,1.061968216765483
424,1.0627385051448737,0.767456606967454,0.013423455656179308,0.281858442249211,0.17779541154662204,0.0001,1.0620316602879072
425,1.0621705932984729,0.7672659650777465,0.01341500823928183,0.2814896197396408,0.1767246607109209,0.0001,1.0618666812324138
426,1.0622754313399294,0.7665771438190468,0.013412892213941346,0.2822853949442355,0.1767970677805237,0.0001,1.0617753444530416
427,1.0622051931298044,0.7669374165380218,0.013424587539920459,0.28184318908208766,0.17633946267151204,0.0001,1.061708722757761
428,1.0630624174588108,0.7669875493639623,0.013422869281884865,0.2826520001126593,0.17824219916824394,0.0001,1.0616183980120606
429,1.0602339093873756,0.7667213235858972,0.01340088036674515,0.2801117062810468,0.17826827317778526,0.0001,1.061457973634012
430,1.061608911769627,0.7666507927931346,0.013411821748373716,0.2815462942055708,0.17796810149662876,0.0001,1.061786371493678
431,1.0643856942532754,0.7668595390194086,0.013422713318412735,0.28410344288266937,0.1778713572339644,0.0001,1.0617772856783914
432,1.0590916284441223,0.7669985369301229,0.013402049971884211,0.27869104181414445,0.177910295298085,0.0001,1.061512226712631
433,1.0626996434000877,0.766699150295335,0.013400292783431543,0.28260019968658623,0.1770294305337612,0.0001,1.062047192762638
434,1.062157811910579,0.766569239130852,0.013408624134489296,0.28217994894749254,0.17595246458392114,0.0001,1.0619891234392083
435,1.0627559115146767,0.7666571267236318,0.013401629716822874,0.2826971519005468,0.1773280538240746,0.0001,1.062047655260829
436,1.059761054738298,0.7662676183495511,0.01340821282616977,0.2800852241368613,0.1784462533724961,0.0001,1.0617962176006657
437,1.0589286452858249,0.7662817967590889,0.013390850343762256,0.27925600117529625,0.17840665800999433,0.0001,1.0614685628162677
438,1.057987445629151,0.76652793105669,0.013424910589841027,0.2780346055392319,0.17879175039624104,0.0001,1.0609610656333017
439,1.0569991269895078,0.7664772148790031,0.013401279343069204,0.2771206324651807,0.17833350254241642,0.0001,1.060637587393515
440,1.055955945357348,0.7656926633620117,0.01340102931790613,0.2768622551256938,0.17762743323497307,0.0001,1.0600722907522873
441,1.0581347050096153,0.7659978942745356,0.013397095653154787,0.2787397182858256,0.1790263370495539,0.0001,1.0594471918279214
442,1.0604706789852398,0.7657321889792205,0.013400491304378238,0.2813379980064551,0.17700794695840646,0.0001,1.0595850968820328
443,1.0602302894630973,0.7668527506186077,0.013390608539929497,0.27998692631479694,0.177665099954992,0.0001,1.0593381614883337
444,1.0569460957819259,0.7665121371557456,0.013404150279975565,0.2770298068651563,0.17833700449664985,0.0001,1.0588169898754685
445,1.060453309490521,0.7659552579719203,0.013407084811289945,0.281090965770321,0.17750975417075243,0.0001,1.0585867296730531
446,1.0604955249335655,0.7660445660413158,0.013396680234170105,0.2810542782953738,0.17744137824307107,0.0001,1.0586601766925796
447,1.0574446335041983,0.7661628052138896,0.013397875954123104,0.27788395372655766,0.1795336588098843,0.0001,1.0585117755144169
448,1.056294120712164,0.7653995209484991,0.013396414008150236,0.27749818814332783,0.17855147449167458,0.0001,1.0583424430227182
449,1.0611409052873964,0.7657033146999429,0.013392016321843826,0.28204557272411024,0.17927465867440068,0.0001,1.058756620852507
450,1.0614527130223674,0.7661788262895348,0.013408550384320303,0.2818653380109137,0.17767260648295072,0.0001,1.0593062976190093
451,1.059274471193008,0.7652876976779218,0.013394152900510095,0.28059262001006646,0.17773306267014866,0.0001,1.0594202742373482
452,1.0562659269897738,0.7653676744165092,0.013402132185187349,0.2774961168516964,0.17768895771150414,0.0001,1.0589997990378017
453,1.0597082352299718,0.7663251549670469,0.013364093540648176,0.2800189875685903,0.17814226914008296,0.0001,1.0589475936144892
454,1.0610594236826558,0.7657461437202129,0.013380027687815575,0.2819332507029025,0.17980068864614437,0.0001,1.0593589264045622
455,1.0583798729381988,0.7657209849986295,0.013390178129107182,0.27926870971978557,0.17814596858759682,0.0001,1.0591515827493299
456,1.0565220075253299,0.7652464932167022,0.013385996857231094,0.2778895186301903,0.17982084468823176,0.0001,1.0587542310085063
457,1.0578703425718854,0.7656762100620154,0.01338269913655991,0.27881143434430355,0.18012315693781777,0.0001,1.0587968019152751
458,1.059845421667273,0.7660092326980575,0.013377346808721763,0.2804588406794453,0.1796492093656416,0.0001,1.059151932010786
459,1.0566683944775657,0.7651272556361031,0.013386889355177812,0.2781542495769613,0.177772500633468,0.0001,1.0587046809298029
460,1.0553419006040081,0.7659588670150261,0.013373010298785041,0.2760100260104901,0.17825624386026215,7e-05,1.0580935996879668
461,1.05619773480278,0.7651112474969628,0.013370718723861972,0.27771576912601387,0.17615593558755413,7e-05,1.0577859260489442
462,1.0557552613544658,0.7656644528342551,0.013371100773917734,0.2767197079880968,0.17710659654459654,7e-05,1.0577348594854135
463,1.0568313001377345,0.7646463695936222,0.013368224759130885,0.27881670521069735,0.17649348037842563,7e-05,1.0574471659761897
464,1.0556630290304188,0.7647632662713165,0.013377908277221432,0.27752185680924274,0.17734760774439295,7e-05,1.0569075265109658
465,1.0568896096811817,0.7653235397764442,0.013373347856935575,0.2781927224709586,0.17692585126260715,7e-05,1.0567585001852644
466,1.0538125543516983,0.7650700727776146,0.013359609046765804,0.2753828714694261,0.17776275472998862,7e-05,1.0564875548679011
467,1.0589842046733802,0.764895398887611,0.01337409551438647,0.28071470876010873,0.1779408984747668,7e-05,1.0565989410780507
468,1.0565717540696475,0.7647468805554914,0.013359435915221549,0.278465438324346,0.17760134314547688,7e-05,1.0562715743182882
469,1.058017073731877,0.7651146766380171,0.013374022731432808,0.27952837569234823,0.17826445893390183,7e-05,1.0564064422437194
470,1.0588364828430856,0.7651456795164344,0.013369840734145221,0.2803209614741633,0.17970731113914543,7e-05,1.056755900467627
471,1.0590869836342987,0.7652961047135792,0.013378337479024581,0.2804125411998911,0.1799885097127899,7e-05,1.0570448253507787
472,1.0580658276714612,0.7644854364482191,0.013375658776165264,0.2802047335654195,0.17737697862829205,7e-05,1.0572758819824783
473,1.0546267357849446,0.7643077166762362,0.013398369233941936,0.27692064854484544,0.17674588195934257,7e-05,1.0570554255471993
474,1.057283104795955,0.7654125837960543,0.013359981908275921,0.2785105377617037,0.17880026733174043,7e-05,1.057217433123753
475,1.0541491857890426,0.7643995735998328,0.013362966251179848,0.2763866453335203,0.17829109773674554,7e-05,1.0569433907345391
476,1.0575653271065764,0.7649061506950348,0.013365381387861457,0.27929379593044457,0.17806334319027636,7e-05,1.057318668010027
477,1.0532096560296373,0.7648552459103583,0.013359455984939667,0.2749949522603598,0.17737615942713214,7e-05,1.0567412131456524
478,1.0569994211438702,0.7646863877652383,0.013367250047881028,0.27894578544653453,0.17912760739635986,7e-05,1.056783979853075
479,1.0571710623302033,0.7651554017231382,0.013360955652310446,0.2786547062242249,0.17872440464356365,7e-05,1.0566993787129078
480,1.0553706395940412,0.7645641683806754,0.013353727893945412,0.27745274198949943,0.177166432414287,4.899999999999999e-05,1.0563527943880031
481,1.0565250246326532,0.7642231673062694,0.013364239106555497,0.27893761622494667,0.17996940089287672,4.899999999999999e-05,1.0560965984878385
482,1.0513464615020984,0.7642127644217764,0.013373385094725819,0.2737603082074113,0.17801166493558981,4.899999999999999e-05,1.0554246618709022
483,1.0556645363146102,0.7642251985793665,0.013361406858262377,0.2780779298493151,0.17802051404910446,4.899999999999999e-05,1.055528441923869
484,1.0591895638324669,0.7639103959830247,0.013349200842588475,0.2819299679740689,0.17895207383327988,4.899999999999999e-05,1.05571908782752
485,1.052025082387015,0.764091443580256,0.013365390576407102,0.27456824578208805,0.17860694719255574,4.899999999999999e-05,1.0555066774873174
486,1.053217574017043,0.7646504189615075,0.01336414286863006,0.27520301126502833,0.17848583560202716,4.899999999999999e-05,1.0550719021783639
487,1.0589148787891163,0.763602010134993,0.013360083707689513,0.2819527848557575,0.1782263087875703,4.899999999999999e-05,1.055642424454312
488,1.0552972553951503,0.763483330274934,0.013339988600167977,0.27847393594576425,0.17777282969825892,4.899999999999999e-05,1.0554722078794396
489,1.0529158397088427,0.7639156491712914,0.01337214294843693,0.27562804786114375,0.17880066800069133,4.899999999999999e-05,1.0550466856173037
490,1.0560972153777766,0.7642089544396855,0.013354171845782359,0.27853408525367296,0.18008663612616232,4.899999999999999e-05,1.0551193431956774
491,1.0553535567577663,0.7639588972376036,0.013352127877984038,0.2780425309167672,0.17766736230187677,4.899999999999999e-05,1.0550021964081886
492,1.0572497716540012,0.7637876708657456,0.013353154577057937,0.2801089491430693,0.17848365093462365,4.899999999999999e-05,1.0555925274233788
493,1.0534908017086935,0.7638966102629114,0.013351892119247095,0.2762422982081922,0.1797273580672533,4.899999999999999e-05,1.0553751539627874
494,1.053868727800087,0.7641204497635243,0.013357226069993953,0.2763910509389022,0.17956203043944455,4.899999999999999e-05,1.0548430703595493
495,1.0534438811257694,0.7637735073271437,0.013349274350953634,0.27632109814797645,0.1806638567853893,4.899999999999999e-05,1.0549849502334248
496,1.0548455745404923,0.7639910560592434,0.013359679653484972,0.27749484052039064,0.18153513695961562,4.899999999999999e-05,1.0551477502857696
497,1.0560513496640729,0.7637768632016366,0.013347520064146958,0.278926966247162,0.17900052071222186,4.899999999999999e-05,1.0548613973732652
498,1.053773231849709,0.764408491325185,0.013362371897358923,0.27600236923167476,0.17925745321335707,4.899999999999999e-05,1.0547089950187212
499,1.0560257865255793,0.7635452602262671,0.01335055736209026,0.279129968121134,0.18085833032885623,4.899999999999999e-05,1.0550199897003947
500,1.0553019549735418,0.7635697630549542,0.013351470413362763,0.27838072186793084,0.18215143097220762,4.899999999999999e-05,1.0549404636599713
501,1.0532901233882015,0.7637609765689223,0.013351562057015378,0.27617758476226373,0.17907588141564182,4.899999999999999e-05,1.054734120323015
502,1.0560335733344057,0.7630312029294987,0.01335669144171972,0.27964567908408916,0.1785679270964849,4.899999999999999e-05,1.0546125004910551
503,1.0560324557170906,0.7637551420842417,0.013352014955594137,0.27892529828432366,0.17937636324043932,4.899999999999999e-05,1.0548666658918948
504,1.0585327414421717,0.7644832498161594,0.01334171919019904,0.2807077725869405,0.17977196504088008,4.899999999999999e-05,1.0553330672561034
505,1.05305972906929,0.7644462133276051,0.013331025415695221,0.275282488391559,0.1795785447344577,4.899999999999999e-05,1.0552946520504554
506,1.0528514682642103,0.7639541674337329,0.013344590127105403,0.2755527108847249,0.17978497904406116,4.899999999999999e-05,1.0550952414228272
507,1.0519219781999414,0.7636656814366277,0.013345302481196714,0.2749109935567055,0.17962614593472007,4.899999999999999e-05,1.0546823042764142
508,1.0550964307833395,0.7641121765662884,0.01335277542864817,0.2776314767028449,0.1785121627801814,4.899999999999999e-05,1.0548146241697771
509,1.0533680889234098,0.7637117598168023,0.013344526532697387,0.27631180465946814,0.18014264635696373,4.899999999999999e-05,1.05454885440956
510,1.057976455403148,0.7642848340541306,0.013339236832051925,0.2803523847285439,0.18001007193484123,4.899999999999999e-05,1.054816304452521
511,1.0558945235567692,0.7629626577089089,0.013338246403552939,0.27959361896069973,0.18032808801344394,4.899999999999999e-05,1.0550767444693778
512,1.057878342893496,0.7633833139228047,0.013356945335744119,0.2811380843301332,0.18045410471562198,4.899999999999999e-05,1.0552612214252868
513,1.059800979210929,0.7636314663151941,0.013345850650485583,0.28282366103623025,0.18073105890659,4.899999999999999e-05,1.0556380737746704
514,1.0572242248372663,0.7635967765328366,0.013360890607079434,0.28026656038741793,0.18062400252654634,4.899999999999999e-05,1.0555072221141801
515,1.0538853414160243,0.7633823661726822,0.013342557040479555,0.2771604178099313,0.18121366456725294,4.899999999999999e-05,1.0555897833488532
516,1.05257052545857,0.7635589487412396,0.01332882983689376,0.27568274842193596,0.18000558012639292,4.899999999999999e-05,1.0555616890682893
517,1.0553453860853554,0.7637598034576277,0.01334127136950077,0.278244311379129,0.18131644506967093,4.899999999999999e-05,1.0559040298568307
518,1.0559747544311848,0.7640683637671248,0.013345173116146188,0.2785612154925813,0.18149409036607336,4.899999999999999e-05,1.0559918622216151
519,1.051629600128344,0.7633176837683208,0.013353999923257268,0.2749579194290885,0.18193034443845613,4.899999999999999e-05,1.0558180133421087
520,1.053819241920301,0.763333998393819,0.01333739670488462,0.2771478480306165,0.18184908580707487,4.899999999999999e-05,1.0554022919938242
521,1.0526404197027428,0.7633499914202196,0.01333647857573163,0.2759539470771747,0.17790277822143408,3.4299999999999993e-05,1.0550768816084213
522,1.0512520180029028,0.7624941991744129,0.013326477327404834,0.2754313402618404,0.18058350283282282,3.4299999999999993e-05,1.0544142491193618
523,1.0534640245940574,0.7633066984992966,0.013332756247530119,0.2768245714794066,0.1794641904729375,3.4299999999999993e-05,1.0537805536576748
524,1.0529258083136521,0.7634777830532066,0.01334239188846178,0.2761056353668654,0.1821964293657887,3.4299999999999993e-05,1.0533507120053134
525,1.054629025425437,0.7635781525598336,0.013346854378195369,0.27770401785267296,0.18083347383183834,3.4299999999999993e-05,1.0534250804062546
526,1.0541057603596191,0.7628984909512209,0.013332022131093859,0.27787524806316677,0.18202666110126775,3.4299999999999993e-05,1.0535786038963595
527,1.054050841026809,0.763520799471447,0.01333999851412512,0.2771900432225899,0.18112300448195204,3.4299999999999993e-05,1.053449149390505
528,1.0519889674128673,0.7633342863821838,0.013343230464153793,0.27531144891924114,0.18121187065484315,3.4299999999999993e-05,1.0530505706886735
529,1.0546012239088636,0.7632029853292701,0.01332776203116829,0.2780704772436111,0.18172172026266675,3.4299999999999993e-05,1.0533477330667251
530,1.0535379708659576,0.7633110869970573,0.013332884403561483,0.2768940012184166,0.18179342984911395,3.4299999999999993e-05,1.0533196059612906
531,1.0533356503347355,0.7627030213270903,0.013330088425843276,0.27730254103518404,0.18143617187987476,3.4299999999999993e-05,1.0533891290244901
532,1.054037529242208,0.7632865655494752,0.013336263128516641,0.2774147016523334,0.1821535762255864,3.4299999999999993e-05,1.0536676801484206
533,1.0532438357268095,0.7635284489356964,0.013325745145399236,0.27638964509141856,0.18129008397852914,3.4299999999999993e-05,1.0536456612616958
534,1.0497173818081436,0.762650946574569,0.013327488551033438,0.2737389452014927,0.18185397795199382,3.4299999999999993e-05,1.0533248186111448
535,1.05326207595713,0.7628782870319746,0.013337878619923312,0.2770459081894486,0.1807315458390582,3.4299999999999993e-05,1.0531881236643144
536,1.0567923305484392,0.7629693886812996,0.013330310643565582,0.2804926325534952,0.18280254987504854,3.4299999999999993e-05,1.0534567806831965
537,1.0512010510746412,0.7628534279053399,0.01332363153809708,0.2750239923566157,0.18340527760450545,3.4299999999999993e-05,1.0531718016879796
538,1.050946293931462,0.7638955668793731,0.0133260696461428,0.2737246578291028,0.18064586990503462,3.4299999999999993e-05,1.053067534339839
539,1.0513878182997327,0.7625657619859335,0.013326628696604143,0.2754954278741115,0.18192557890806915,3.4299999999999993e-05,1.0527461937789258
540,1.051224121336521,0.762853761836433,0.013325756026571711,0.2750446023853991,0.18269374017541357,3.4299999999999993e-05,1.0525148088259821
541,1.0519198342462581,0.7635302157963023,0.013333601835533282,0.27505601591923656,0.1827710170835317,3.4299999999999993e-05,1.0523732272171347
542,1.052890013608681,0.7627888758332444,0.013330422115132485,0.27677071478376525,0.1815866768420589,3.4299999999999993e-05,1.0522584756537818
543,1.0471205804459223,0.7628363922208125,0.013312961702172704,0.27097122567662363,0.18369449656947873,3.4299999999999993e-05,1.0516461501256933
544,1.054214557817935,0.7628239833317229,0.013335081191382108,0.2780554929018988,0.18129652167309612,3.4299999999999993e-05,1.0520958677266723
545,1.0511703671354793,0.7624767782963797,0.013325891194914223,0.27536770169439956,0.1831950935824164,3.4299999999999993e-05,1.0518866968445075
546,1.04904171491975,0.7628352692838131,0.013339883173696894,0.2728665633085533,0.18282779510195307,3.4299999999999993e-05,1.051111635281638
547,1.056868096273279,0.7626739225329541,0.013326106642129213,0.28086806706797035,0.18295179467655825,3.4299999999999993e-05,1.051678339801502
548,1.0511113266190457,0.7627327497784071,0.013322877835550367,0.27505570166493043,0.18222338109301747,3.4299999999999993e-05,1.0516948430702602
549,1.0542816933221797,0.7632084253109976,0.013326515774214244,0.277746752811252,0.1836532082930056,3.4299999999999993e-05,1.051984230572505
550,1.0473965950476471,0.7626648261145694,0.013321343106623838,0.27141042401292503,0.18326146265918777,3.4299999999999993e-05,1.0516014779436178
551,1.0507394978530993,0.7626755032046088,0.013317211646337297,0.2747467837577901,0.1829772564690205,3.4299999999999993e-05,1.051483444304302
552,1.049696779396181,0.7624401392124246,0.013338430899877336,0.27391821055334914,0.1823418589864251,3.4299999999999993e-05,1.0511641208830518
553,1.0563373786924335,0.7622917995733374,0.013331627749042627,0.2807139502819363,0.1839845403877765,3.4299999999999993e-05,1.052085800707703
554,1.0527289003194225,0.7626965060437185,0.01331584980715119,0.2767165440756216,0.181619706429526,3.4299999999999993e-05,1.0519372349578517
555,1.054621145643037,0.7628302120775529,0.013336235562879705,0.2784546974585458,0.18374574160237342,3.4299999999999993e-05,1.0522823128086074
556,1.0487787704196954,0.7628414826750997,0.01333304181785661,0.2726042456849352,0.18371996652282033,3.4299999999999993e-05,1.0522560183586018
557,1.0542868571639303,0.7624315105635544,0.013328999583184356,0.2785263458988488,0.18384295076313173,3.4299999999999993e-05,1.0519978944476671
558,1.0553934112281877,0.7634510151271162,0.013322191596272993,0.27862020161070883,0.18418500728104226,2.4009999999999995e-05,1.0524261029085813
559,1.0509009937969231,0.7631605990518179,0.01330820276094015,0.2744321937674683,0.18530703718352753,2.4009999999999995e-05,1.0520880329560556
560,1.0511170029640198,0.7621547614826876,0.013317351408952632,0.27564488934696807,0.18356814690342296,2.4009999999999995e-05,1.0524600737476928
561,1.0497322578217387,0.7625120456271917,0.013321567984188305,0.2738986427595359,0.18307580794330544,2.4009999999999995e-05,1.0523593497445571
562,1.053239818518834,0.7625052066893897,0.013322887024096012,0.27741172692113186,0.1846508550897815,2.4009999999999995e-05,1.0527136536568222
563,1.0509829683187768,0.7621647150956593,0.013320348325655863,0.27549790532061824,0.183480171173146,2.4009999999999995e-05,1.0521782126194568
564,1.050943173694804,0.7621445785187805,0.013318216341262415,0.27548037702123246,0.18490178822624756,2.4009999999999995e-05,1.0519996399569949
565,1.0556220900698077,0.7627041806555664,0.013327764207402785,0.27959014626473006,0.18187180539294623,2.4009999999999995e-05,1.0520997343996719
566,1.054040017282745,0.7627551590695101,0.013338651424972812,0.27794620817863436,0.18265067624272005,2.4009999999999995e-05,1.052625859085977
567,1.0534684098274665,0.7622047160992033,0.013327730838473864,0.2779359614691918,0.18307989732972507,2.4009999999999995e-05,1.0525440143523306
568,1.0485371197696631,0.7626437356215703,0.013320664846872944,0.2725727178957351,0.18240359830566158,2.4009999999999995e-05,1.051858385206478
569,1.0542506268493543,0.7623778390594235,0.013317547270057168,0.2785552426356573,0.18539532756104188,1.6806999999999997e-05,1.0521933485117212
570,1.048891719287114,0.7622181697017523,0.013301027715810656,0.273372519904895,0.18316387247604,1.6806999999999997e-05,1.0519708201440305
571,1.0551337338606195,0.7622140103131231,0.013305124839952946,0.2796146010651308,0.18229833245277405,1.6806999999999997e-05,1.0525109677479185
572,1.0518473426662158,0.7621946016866827,0.013318749760517484,0.27633399257916225,0.18339152334911588,1.6806999999999997e-05,1.0523717201626568
573,1.0500190896388242,0.7626585440509943,0.013324140293361207,0.2740364068661935,0.1837729048475049,1.6806999999999997e-05,1.0522753322946614
574,1.0541471763991923,0.762743842529235,0.013319501286829703,0.27808383149501037,0.18401095289245822,1.6806999999999997e-05,1.0525957325651
575,1.0517363486618831,0.7621001887756719,0.013336901490635128,0.27629925627979257,0.18502513015487856,1.6806999999999997e-05,1.0522071584243078
576,1.053734032063165,0.7619073517907705,0.013316854502076309,0.2785098248333283,0.1834200964919452,1.6806999999999997e-05,1.0521765599023498
577,1.054641232771032,0.7625150598328689,0.013317688725299332,0.278808485361432,0.1825938469921116,1.6806999999999997e-05,1.0522938421967063
578,1.047054927561878,0.7626963159859059,0.013308497761616116,0.27105010997572004,0.1843553828661147,1.6806999999999997e-05,1.0521456229759276
579,1.0511046805198003,0.7626414395732763,0.013315248199215283,0.2751479929588871,0.18326474968003936,1.6806999999999997e-05,1.0518310283429724
580,1.0522699221877974,0.7622881575240082,0.013314547209904111,0.27666721799794364,0.18515601152701502,1.1764899999999996e-05,1.0521688486330407
581,1.049377708720387,0.7625317785125717,0.013312517992139589,0.27353341191342107,0.18158563442573586,1.1764899999999996e-05,1.0515932461190174
582,1.0520400861939359,0.7623382526285508,0.013303431245908293,0.27639840434458385,0.1830761763918956,1.1764899999999996e-05,1.0516125204717894
583,1.049203078838681,0.7620245010325681,0.013312309073628082,0.2738662693974454,0.18244784949517395,1.1764899999999996e-05,1.0515309193917752
584,1.0494762760630485,0.7620985978273542,0.013320581666354475,0.27405709672046724,0.18218322040826748,1.1764899999999996e-05,1.051063829358161
585,1.0519563922050275,0.7622678672807938,0.013310535926122453,0.2763779868218768,0.18455017244719105,1.1764899999999996e-05,1.0510858337124753
586,1.051103829370309,0.7627527335352636,0.013318655457022708,0.2750324368416417,0.18399293681429077,1.1764899999999996e-05,1.0508228134431898
587,1.051831852954493,0.7622984538939129,0.013319389089851303,0.2762140110588461,0.1840492958773464,1.1764899999999996e-05,1.0505418754615357
588,1.049389264162849,0.762343495056547,0.013314230205079363,0.273731540563624,0.1841993434373554,1.1764899999999996e-05,1.0507753091216328
589,1.0523813209717463,0.7620356299330691,0.013324193006596749,0.2770215012964322,0.18467448669925907,1.1764899999999996e-05,1.0509029731668273
590,1.0484191350956233,0.7625295120852472,0.013312375569682093,0.27257724809054185,0.18650346139018967,1.1764899999999996e-05,1.05051789445761
591,1.0518663168920706,0.7626730983445901,0.013339772185737656,0.27585344663377226,0.18272226483657442,1.1764899999999996e-05,1.0507667552747784
592,1.051272506767064,0.762324962001785,0.013312554988126,0.27563498690573246,0.1839571474592294,1.1764899999999996e-05,1.0506899973320913
593,1.0518298815278446,0.7618178597086583,0.01331655055465853,0.27669547356166413,0.18323412857964846,1.1764899999999996e-05,1.0509526776010074
594,1.0490429475147873,0.7620183242745622,0.013329706617591348,0.2736949169248887,0.18433014268686515,1.1764899999999996e-05,1.0509093447461813
595,1.047517063651559,0.7622534788646272,0.013322749195911338,0.27194083726853435,0.18546843066297727,1.1764899999999996e-05,1.0504654118908345
596,1.0573839657688722,0.7624465362537222,0.013314391004628149,0.2816230391452569,0.1842303985454006,1.1764899999999996e-05,1.051093425530691
597,1.0495953848831068,0.762214493316279,0.01331992154189104,0.27406096854388834,0.1841364527691692,1.1764899999999996e-05,1.0508697787235524
598,1.0490088800145936,0.7623626312909697,0.013306051432240082,0.2733401979563444,0.18337093964672477,1.1764899999999996e-05,1.0508317403087266
599,1.0492763869902666,0.7623557201747236,0.013312338331891847,0.273608328030269,0.1849961607257928,8.235429999999996e-06,1.0505212469105787
600,1.0501346445470505,0.7623602906298685,0.013328195585440428,0.2744461601452702,0.1837584421371108,8.235429999999996e-06,1.0506927978557212
601,1.0498074254447984,0.7624486630393332,0.01331023342952767,0.27404852945954516,0.18450824641310903,8.235429999999996e-06,1.0504869087109943
602,1.0511414399011623,0.7623983718318823,0.01332096323280257,0.2754221035065564,0.18362859347891855,8.235429999999996e-06,1.050473802024404
603,1.042425678056829,0.7623403367357854,0.013314189098427794,0.2667711507415675,0.18528177016405256,8.235429999999996e-06,1.0495333816773027
604,1.0508630072611098,0.7622794469036389,0.013312515090493596,0.27527104420908566,0.18396019409684575,8.235429999999996e-06,1.049715387651935
605,1.0484235005011182,0.7623268079322444,0.013307443013297617,0.2727892491475322,0.1841448488632032,8.235429999999996e-06,1.0498060313368909
606,1.0530791364867111,0.7620268118308959,0.013333920291181026,0.2777184049993693,0.18393251490278612,8.235429999999996e-06,1.0493755484086744
607,1.051820625881636,0.7627298119827409,0.013320888999025914,0.27576992518701127,0.18461934514872685,8.235429999999996e-06,1.0495980725085274
608,1.0533375916568068,0.7621793508771467,0.013304555633730628,0.27785368393691023,0.1839104032419758,8.235429999999996e-06,1.0500309436727489
609,1.0520722974870074,0.7620913947329802,0.013335231835169917,0.2766456718256217,0.18262915125845897,8.235429999999996e-06,1.050310534722423
610,1.0508529536622533,0.762346085984615,0.013307580357874625,0.2751992867152541,0.18374465076483287,8.235429999999996e-06,1.0503823656339435
611,1.0524921422072404,0.7623795464362866,0.013318002344870423,0.27679459502803383,0.18305192225845057,8.235429999999996e-06,1.0506508373101875
612,1.051208386193908,0.7615369745732321,0.013306477490593405,0.2763649361551896,0.18301384117733877,8.235429999999996e-06,1.050657531939462
613,1.048565785251331,0.7617970229887817,0.013306964241708751,0.27346179935076176,0.1845034947864424,8.235429999999996e-06,1.0512715426589123
614,1.0477641537997109,0.7620390883323871,0.013312504451124953,0.27241256234611994,0.18354330579117395,8.235429999999996e-06,1.0509616573127722
615,1.0505015841604004,0.7615786173038985,0.013295215960690264,0.2756277496867925,0.18268118668763197,8.235429999999996e-06,1.0511694656787007
616,1.0490417092373598,0.7622393183485732,0.013314133967153925,0.2734882560148684,0.18293921301863014,8.235429999999996e-06,1.0507657229537655
617,1.0534816101405007,0.7619447787925148,0.013307408918957198,0.2782294229730873,0.18406488784186498,8.235429999999996e-06,1.0509318213796521
618,1.0518811771884167,0.7617259140430551,0.013312164716739926,0.27684309870065105,0.18257315574746585,5.764800999999997e-06,1.0507861799328129
619,1.0503305448238072,0.7620710228809721,0.013314242537074833,0.27494527586937917,0.18479080776292944,5.764800999999997e-06,1.0506120046664928
620,1.0515929019233519,0.7626364228691581,0.013313970265959145,0.2756425091207148,0.1832770892318799,5.764800999999997e-06,1.0506859994926026
621,1.0468824643634154,0.7615267392587952,0.0133028511585135,0.2720528728428767,0.1840550723291072,5.764800999999997e-06,1.0501250317082202
622,1.0528845661310346,0.7615015794490946,0.013313972683997474,0.27806901668801026,0.1837812542129482,5.764800999999997e-06,1.0502926497019327
623,1.0483372835310187,0.7615410791932932,0.013307219586556146,0.27348898583928666,0.1823048071735529,5.764800999999997e-06,1.0502697995299015
624,1.051608650123372,0.7621683109604562,0.013332232742232194,0.2761081070554184,0.18411445681149288,5.764800999999997e-06,1.0506542491622677
625,1.0509469695313707,0.7621974484432058,0.013316755120701046,0.27543276404814593,0.18439499897840783,5.764800999999997e-06,1.0506987876993645
626,1.0470060640851575,0.7618881456750402,0.013313251141360517,0.27180466690605115,0.18333786399562751,5.764800999999997e-06,1.0504952231841445
627,1.0444251358146357,0.7619265398921155,0.013308134814063144,0.2691904603528203,0.18591835151821315,5.764800999999997e-06,1.049589575751558
628,1.0507668058480502,0.7623294591903687,0.013299537236985522,0.27513780763739265,0.1834163494393018,5.764800999999997e-06,1.0494781386175216
629,1.051098320837195,0.7624972052796617,0.013317897643810837,0.2752832174905657,0.1854042754514222,4.035360699999998e-06,1.04955491621886
630,1.0509083300043072,0.7620185316213488,0.013308576589665597,0.275581221370136,0.18370686423101484,4.035360699999998e-06,1.0494864590269557
631,1.0490045856994257,0.7620621820492387,0.013318808518848846,0.2736235964121429,0.18191818279378555,4.035360699999998e-06,1.0496986711605565
632,1.0488130247133498,0.7617819685239579,0.0133155789868585,0.27371547593306333,0.1854313182480195,4.035360699999998e-06,1.0492915170187882
633,1.0545144891158562,0.7620003101308254,0.01330725416450423,0.2792069231278998,0.18417955309333955,4.035360699999998e-06,1.049909237577272
634,1.0478693731658115,0.7623008261104143,0.013314227545237202,0.27225431828602814,0.18409297716545042,4.035360699999998e-06,1.049535309881516
635,1.0518701896222562,0.7623048323163154,0.013309026102990697,0.27625633277467493,0.18513563719651763,4.035360699999998e-06,1.0496276318906046
636,1.0496536363936342,0.7622054387299575,0.013300515091685203,0.274147681090943,0.18332648987581474,4.035360699999998e-06,1.0498923891214522
637,1.0521793231277388,0.7621968029478743,0.013304316006132362,0.27667820311584046,0.18381747905671234,4.035360699999998e-06,1.0506678078527625
638,1.0538304913600125,0.7618909618433785,0.013307094332170777,0.2786324349728849,0.18485662202080655,4.035360699999998e-06,1.0509741764039586
639,1.0500777549966112,0.7618730840770033,0.013324635991218366,0.27488003074216066,0.18506290202933925,4.035360699999998e-06,1.0508721198199003
640,1.0548936904806636,0.7623954969052127,0.013322589847185548,0.27917560575337247,0.18437699662260787,2.8247524899999986e-06,1.0512706558675362
641,1.0476390695233373,0.7615732341460717,0.013305105495646324,0.2727607283703454,0.18360219270172273,2.8247524899999986e-06,1.051134104249927
642,1.0481777937126933,0.7620327811212133,0.013295406018502813,0.2728496076006435,0.1846077613547656,2.8247524899999986e-06,1.0510705811498613
643,1.0547080697684452,0.7615074306182397,0.013314678992992966,0.27988596124532983,0.1845607438689555,2.8247524899999986e-06,1.0510899392151203
644,1.0486410830857547,0.7617273630525229,0.013309266939608128,0.2736044503733304,0.18331301538745964,2.8247524899999986e-06,1.0511671102071147
645,1.0469522103818387,0.7619223927145797,0.013309263554354469,0.2717205522993757,0.18252362673592132,2.8247524899999986e-06,1.050675312283073
646,1.050678484459194,0.7617685250771699,0.013304697088972792,0.2756052606986575,0.18439436741702214,2.8247524899999986e-06,1.0507777970896288
647,1.0480260962646826,0.7616848475309221,0.013318056025321295,0.2730231905019791,0.1859250500586647,2.8247524899999986e-06,1.050362474403323
648,1.051999743884282,0.7614135883642742,0.013316829838085367,0.2772693291578525,0.18399373860557472,2.8247524899999986e-06,1.0501793996557505
649,1.0518728948026352,0.762233402255099,0.013315979655809383,0.27632351286150136,0.1854414699890067,2.8247524899999986e-06,1.050358913636353
650,1.0471161718784432,0.7622572867913856,0.013315729872450142,0.27154315217694697,0.18490551792946597,2.8247524899999986e-06,1.0495811617761306
651,1.0499416408384064,0.7621117924579984,0.013300292873962897,0.27452955574824894,0.18272892783186256,1.977326742999999e-06,1.0498114189076377
652,1.0512798189149668,0.7621001925236313,0.01330078542837023,0.275878841552362,0.18417892201556155,1.977326742999999e-06,1.050121621427865
653,1.0499132814803906,0.7615655446632881,0.013316765518265853,0.27503097166154256,0.18370626588743066,1.977326742999999e-06,1.0496421425990596
654,1.0529822926008676,0.762005936543308,0.013304547170596481,0.27767180666539054,0.18411989769998477,1.977326742999999e-06,1.050076263550571
655,1.0511745766984038,0.7623331165942411,0.013311261821228399,0.2755301968925623,0.18393448920085512,1.977326742999999e-06,1.0504985001822273
656,1.0504206624524346,0.7619809525249938,0.01330389454205186,0.27513581680598653,0.18396070693254954,1.977326742999999e-06,1.0504727179815514
657,1.0527621661190087,0.7617176260957853,0.013317811561646374,0.2777267281593222,0.18520552246372307,1.977326742999999e-06,1.050946324966984
658,1.047761721494957,0.7619991458453707,0.01332420267875006,0.27243837505639446,0.18503774856698924,1.977326742999999e-06,1.0505225227280515
659,1.0535808530830708,0.7617950950868231,0.013312687738430185,0.27847307012180283,0.18235193676566497,1.977326742999999e-06,1.0506933185560952
660,1.0511685597727314,0.7620305437103488,0.013299163650063908,0.2758388513544268,0.18544876342733782,1.977326742999999e-06,1.0510985573455238
661,1.0519973327373635,0.7613645481289522,0.013313067128643786,0.2773197189003652,0.18242314276540497,1.977326742999999e-06,1.0513041265354195
662,1.0502403717011999,0.7620163556286578,0.0133125269388814,0.27491149182372837,0.18545954938955286,1.3841287200999992e-06,1.0512001818140428
663,1.0510781226003387,0.7620416795022589,0.013307180897942904,0.275729262834872,0.18615150687418894,1.3841287200999992e-06,1.0513166659260376
664,1.0542608038890675,0.7623547530802945,0.013301188998967107,0.2786048629281487,0.18487366021404886,1.3841287200999992e-06,1.0514445170548576
665,1.0470775821629692,0.7619751777658598,0.013307373373793781,0.2717950291039978,0.18567951416509873,1.3841287200999992e-06,1.0510348176013142
666,1.0533416616989197,0.7616361175299174,0.013312421996017983,0.27839312126621996,0.18425057894922414,1.3841287200999992e-06,1.0513269175259627
667,1.0462446889819286,0.7617037904431806,0.013307474205992043,0.271233422942384,0.18586172236027632,1.3841287200999992e-06,1.0506751698122545
668,1.0476652609890904,0.7619446600668329,0.013329503744175662,0.2723910967398125,0.18663106625994128,1.3841287200999992e-06,1.0506655237616678
669,1.048789582798979,0.7623351092996269,0.01330958080098305,0.273144893000624,0.1851890838230841,1.3841287200999992e-06,1.050186396733259
670,1.0492431718485835,0.762366887401132,0.013324290937149017,0.27355199452285595,0.1848516165605665,1.3841287200999992e-06,1.0499938579408439
671,1.0505720479735012,0.7620235188253994,0.01331706559682231,0.2752314631885737,0.18705146960747895,1.3841287200999992e-06,1.0498513294644578
672,1.0482425472073815,0.762077809710048,0.01331548613418672,0.2728492515973943,0.18396487411935236,1.3841287200999992e-06,1.049651547015076
673,1.0496982571803049,0.761273892003189,0.013313435879488746,0.2751109316552145,0.1843249990055092,9.688901040699995e-07,1.0495135604730725
674,1.0475877444835995,0.7618253904472259,0.013319248843628301,0.27244310525319637,0.18497200382771406,9.688901040699995e-07,1.048846254532526
675,1.0497699703938095,0.761426826882314,0.013312915275836813,0.27503022690573764,0.1832135177952281,9.688901040699995e-07,1.0491154933556097
676,1.0490613602721426,0.7618065810106831,0.013308301900511582,0.273946478630418,0.183861660425368,9.688901040699995e-07,1.048687463212932
677,1.050231997067256,0.7617143733506271,0.013310619832052421,0.27520700391480213,0.18189544634209684,9.688901040699995e-07,1.0490861940214649
678,1.0512991720474274,0.7623502005186332,0.013313842351731615,0.27563513035585624,0.18404476051398272,9.688901040699995e-07,1.0494495851272982
679,1.0469316653982863,0.7615437551154084,0.013313710810446595,0.2720742004094211,0.18284078259738898,9.688901040699995e-07,1.0492637933872293
680,1.0485079544794729,0.7616749230553123,0.013313980421720122,0.2735190507606367,0.18533259152640677,9.688901040699995e-07,1.049190271650318
681,1.0492814179608112,0.7616731914980658,0.013309659387228697,0.2742985651713114,0.18643436225746998,9.688901040699995e-07,1.0490612086490492
682,1.0504818405147498,0.7617988897143706,0.013304908667326457,0.2753780412867393,0.18461693303459314,9.688901040699995e-07,1.0492851379797863
683,1.0468515681204882,0.7614730034348447,0.013298608710267723,0.2720799557184593,0.18413313243983967,9.688901040699995e-07,1.0490004690738044
684,1.0498350119977646,0.7614333586083465,0.013288461896033606,0.27511319073774754,0.18455641273915405,9.688901040699995e-07,1.0492251958252208
685,1.0490034975821783,0.7618828796711703,0.013312108860054558,0.2738085113178644,0.1856412229866817,9.688901040699995e-07,1.0491485485440577
686,1.0518833896934865,0.7625240537264284,0.013310090765266342,0.27604924551915927,0.18587305585704517,9.688901040699995e-07,1.0494307514861922
687,1.051401376966047,0.7618840659607738,0.013312328176130872,0.27620498237576013,0.18372794199908724,9.688901040699995e-07,1.0495476894760714
688,1.0465943573938181,0.7619065479139285,0.01330917698858234,0.2713786352418257,0.18514420539442955,6.782230728489996e-07,1.0490772080107102
689,1.047901286798365,0.7619161353149956,0.013310164031827667,0.2726749876328946,0.18400432447511816,6.782230728489996e-07,1.049174170150718
690,1.0484396276077441,0.7622176454710429,0.013314963596104125,0.2729070196589398,0.18571215206058223,6.782230728489996e-07,1.0491673374635453
691,1.050632408255254,0.7616759641417141,0.013312399750065368,0.27564404478663124,0.18415236113400296,6.782230728489996e-07,1.0493024364929897
692,1.0480741372456657,0.7621353885223126,0.013311818695455245,0.2726269325668381,0.1843220731791328,6.782230728489996e-07,1.049061666166081
693,1.0501803208074512,0.7620228874755921,0.013309600387093503,0.2748478319170993,0.1827753138771889,6.782230728489996e-07,1.0493945414347774
694,1.0453789276477048,0.7621692928049192,0.01331277478780998,0.26989686298684706,0.18629084252440664,6.782230728489996e-07,1.0489489329997714
695,1.053667747345706,0.7614824160117407,0.013312693299918339,0.278872638487429,0.18411017210802733,6.782230728489996e-07,1.0494153579761243
696,1.0538827099858143,0.7614504399937984,0.013300168828596692,0.2791321010122918,0.18345361316300793,6.782230728489996e-07,1.049615290005357
697,1.0487775979129104,0.7616320039631145,0.013304079038376257,0.27384151191909706,0.1851790549788949,6.782230728489996e-07,1.0493529121000433
698,1.0461886105624465,0.7617981655118915,0.013323019774400197,0.2710674271501344,0.18507555804194592,6.782230728489996e-07,1.049312337416906
699,1.0477532291025466,0.7618310012633612,0.013313953581494686,0.2726082709782264,0.18489321286489707,4.747561509942997e-07,1.0492975316473243
700,1.0463302593685793,0.7613019267395592,0.01330698697126903,0.27172134780376,0.18448141981936372,4.747561509942997e-07,1.0490865948234078
701,1.0526630599165059,0.7617029058038584,0.01330657251949968,0.27765358307419635,0.1838132517514316,4.747561509942997e-07,1.0492896599895332
702,1.0506087339674,0.7616608663940043,0.013310328216630111,0.2756375377245897,0.1843357873857626,4.747561509942997e-07,1.0495431196617067
703,1.0532493252783228,0.7619666948037989,0.013315873503926802,0.2779667565172149,0.18384942853668398,4.747561509942997e-07,1.0498500201087935
704,1.0499929028882458,0.7610396368024799,0.013305875157246,0.2756473901728829,0.1825945529988523,4.747561509942997e-07,1.0503114176328476
705,1.0482863534778417,0.7619933985309717,0.013324614228873417,0.27296834020416344,0.18489104379384078,4.747561509942997e-07,1.0497732782460614
706,1.0496910254321765,0.762441718916864,0.01330114644149254,0.273948160134271,0.18406806662527592,4.747561509942997e-07,1.0493541097906975
707,1.0496411451703396,0.7616529000458321,0.01331364213815809,0.274674603409506,0.18405843838958663,4.747561509942997e-07,1.0494404645164406
708,1.049115758396791,0.762272716293954,0.013322507633882411,0.2735205331692589,0.1852884437080329,4.747561509942997e-07,1.0497331792998748
709,1.0442938616019475,0.7622196965720542,0.013323444865538188,0.26875072045149717,0.18841308582022515,4.747561509942997e-07,1.0493872425498147
710,1.0515433598241748,0.7618674085783427,0.013313480613197806,0.27636246909113493,0.18321715866576344,3.3232930569600976e-07,1.0499085525953744
711,1.0521922464544826,0.7616797565930272,0.01330434647341529,0.27720814450638287,0.18390577194294147,3.3232930569600976e-07,1.0498614712491723
712,1.0489651768734682,0.7622540105912555,0.013314330311866126,0.2733968372095913,0.18589346555135314,3.3232930569600976e-07,1.0496971155397792
713,1.0495759298303307,0.7619764457851588,0.013317713389290274,0.27428177141151855,0.18350656904869583,3.3232930569600976e-07,1.0493297759949798
714,1.050591573149389,0.7619561997920457,0.013306470720086089,0.275328901609591,0.18634214562044665,3.3232930569600976e-07,1.0493896430210943
715,1.050221412104477,0.7615280324256928,0.013309987031422088,0.27538339288916597,0.18520634852606674,3.3232930569600976e-07,1.0495831488837575
716,1.0525381150400421,0.7622361229109232,0.01331686683407178,0.27698512450918467,0.1865331301764107,3.3232930569600976e-07,1.0498678578445442
717,1.0527946174023843,0.761736560061302,0.013325871125196105,0.2777321850068671,0.18456711781798704,3.3232930569600976e-07,1.0501832050677486
718,1.0491520420291118,0.7610069126434791,0.013300668395315175,0.274844459116338,0.18356929973342115,3.3232930569600976e-07,1.0501868334309807
719,1.0512355778812152,0.7626057557353625,0.01330829996608092,0.27532152263315407,0.18438012459698847,3.3232930569600976e-07,1.0508810050589077
720,1.045375516521036,0.7620107827757242,0.01331932839708928,0.2700454039729633,0.18511856318608258,3.3232930569600976e-07,1.0502642207285935
721,1.0499957168803495,0.7622420283650287,0.013302353284421847,0.2744513341881199,0.1858607128897255,2.326305139872068e-07,1.0500445677711805
722,1.052980179598075,0.7624433328365458,0.013303265126675186,0.2772335838110887,0.1836353608730115,2.326305139872068e-07,1.0504460680436412
723,1.0463923157833168,0.7618233430941739,0.013326040387879037,0.27124293021570595,0.18495292432651558,2.326305139872068e-07,1.0501277066389396
724,1.0500492202099148,0.7619441845595958,0.013313398399894668,0.27479163703884607,0.18592704022511025,2.326305139872068e-07,1.0500734713449922
725,1.0490107492791227,0.7611762224781585,0.013308508400984758,0.2745260148031475,0.18479831631599528,2.326305139872068e-07,1.049952405062457
726,1.0465963776648408,0.7617876887563276,0.013310516581815831,0.27149817196399156,0.18449198694911012,2.326305139872068e-07,1.0493582313249368
727,1.053446991811176,0.761806795127977,0.013312184544654212,0.2783280107028344,0.1851353548603174,2.326305139872068e-07,1.049423468765816
728,1.0529620252081153,0.7618144008257326,0.013324385240643794,0.27782323850700386,0.1862588769644801,2.326305139872068e-07,1.0498044670837163
729,1.0441522178736953,0.7616356860309779,0.013300483657186946,0.26921604576749203,0.18310030874688532,2.326305139872068e-07,1.049096131082964
730,1.0495511934191413,0.7619430576328332,0.013311714719807159,0.2742964203713148,0.18566614256427447,2.326305139872068e-07,1.0495136987727747
731,1.0483948808412764,0.762216222576389,0.013314076901449394,0.2728645812727617,0.1851985330634862,2.326305139872068e-07,1.0493536151688674
732,1.052508695130416,0.762193435829503,0.013307330574515384,0.2770079300563186,0.18519920917722807,1.6284135979104476e-07,1.0493064667221017
733,1.0535585233454288,0.7617538012790873,0.013308668475122045,0.27849605141498496,0.1847018188745932,1.6284135979104476e-07,1.0500230874783125
734,1.0459587010602196,0.761628793533627,0.013309466185966321,0.2710204424287436,0.18412898891958698,1.6284135979104476e-07,1.0496140355633432
735,1.0506228738092265,0.7620126794849883,0.01329621074165824,0.27531398394528556,0.18471484886705272,1.6284135979104476e-07,1.0497752480163538
736,1.0497360316541566,0.7621765331370836,0.013309203828807776,0.27425029290496217,0.18405017368571028,1.6284135979104476e-07,1.050089213415285
737,1.0453071746574696,0.761576502729381,0.013293003939228174,0.2704376688653992,0.18276954407503349,1.6284135979104476e-07,1.0492752316999145
738,1.0489536597569138,0.7616026239511208,0.013320071702071183,0.27403096575101055,0.18571578455865986,1.6284135979104476e-07,1.0488743951547943
739,1.0530510172399015,0.7617439865824175,0.013314430176849055,0.2779926009642425,0.18375819991012132,1.6284135979104476e-07,1.049764275091415
740,1.0504254002358318,0.7614991907899327,0.013320299481281644,0.2756059089974022,0.18443722741840818,1.6284135979104476e-07,1.049851695773084
741,1.04822445641183,0.7619890918838084,0.013305469168610796,0.2729298962661751,0.18421849841157514,1.6284135979104476e-07,1.0498346533301395
742,1.0509444685543285,0.762101439264193,0.01331057775818552,0.2755324518644302,0.18513630599569356,1.6284135979104476e-07,1.0496782306725305
743,1.0508448013669338,0.7614758684475572,0.013328698779216403,0.2760402305433281,0.18427123815486204,1.1398895185373132e-07,1.049406858474681
744,1.0522707987266913,0.7615424769403485,0.013313686871867151,0.2774146358816909,0.18471906722559164,1.1398895185373132e-07,1.0500380682413284
745,1.0487937147428734,0.7615507974102338,0.013318240763449524,0.27392467481611227,0.18477147270530522,1.1398895185373132e-07,1.0498551523346928
746,1.0522117989542035,0.7612539347238522,0.013313619166793978,0.2776442452449102,0.18492109224230474,1.1398895185373132e-07,1.0501027290646976
747,1.0533204756934067,0.7617025982293831,0.013299443900706077,0.2783184324449748,0.18573284708341284,1.1398895185373132e-07,1.0509040591682914
748,1.0528371261534777,0.7617298741853261,0.013305068983267576,0.27780218319646244,0.18282542155553072,1.1398895185373132e-07,1.0512924058079478
749,1.0479665502573365,0.7622022004930291,0.013305472312060621,0.2724588771197665,0.1869304928830381,1.1398895185373132e-07,1.0507839591096912
750,1.051173415556399,0.7621888981387774,0.0133308938744102,0.2756536252660635,0.18481008726612308,1.1398895185373132e-07,1.050858760641748
751,1.049084049572084,0.7622865477149917,0.013314004602103397,0.2734834962877734,0.18495231035635873,1.1398895185373132e-07,1.0509447199577733
752,1.0494302230722763,0.7626152424251332,0.013309215193587916,0.2735057684156522,0.1867837853895965,1.1398895185373132e-07,1.0507932954095682
753,1.0503005483329417,0.7620949262779576,0.013333212289558704,0.2748724070149068,0.1848010375158782,1.1398895185373132e-07,1.0507388701061688
754,1.0505297913029035,0.7621478421451112,0.013322954245561519,0.275058994428623,0.1839630501325909,1e-07,1.0505647693637903
755,1.0502874010958487,0.7614485561001373,0.013313205198632293,0.27552564097587284,0.183517611474101,1e-07,1.0507141379990876
756,1.0499237514654474,0.7623529689307145,0.013308655417715077,0.2742621268449884,0.18385761785821547,1e-07,1.0504853332502122
757,1.0527711636396258,0.7620118338969851,0.01330761058335372,0.27745171940109065,0.1831634838066043,1e-07,1.050430402044834
758,1.047992107834342,0.7617758905428177,0.01331306471060546,0.27290315442467317,0.18397412344843572,1e-07,1.0499459002129206
759,1.0493746480883739,0.7617898865113636,0.013321323520513384,0.27426343772401673,0.18302189007129438,1e-07,1.050086709996024
760,1.047280355955476,0.7617642171000854,0.013302070373937517,0.27221407005317794,0.18571323718550722,1e-07,1.049697404035932
761,1.0508469028840441,0.7617404121172597,0.013287782185459717,0.2758187076443349,0.18500581374637495,1e-07,1.049873689367128
762,1.0533888138090137,0.7615707976097509,0.013305657291992682,0.2785123580005058,0.1849677414004266,1e-07,1.0502695484408016
763,1.0503066546051303,0.7614061774395059,0.013306420183085041,0.27559405519923624,0.1855113904991208,1e-07,1.0502701590680206
764,1.05123739008004,0.7619945670479935,0.013310036843011635,0.275932785826329,0.18446529467739392,1e-07,1.050340918945734
765,1.0484489017519458,0.7619391845399419,0.013312148757686963,0.2731975670941703,0.1844484232078943,1e-07,1.050157069011344
766,1.0483049906291535,0.7612592246663015,0.01330811522795269,0.2737376524577518,0.18464176045470015,1e-07,1.0499951929277145
767,1.050765017466903,0.761852911954961,0.013312056630426682,0.27560004845835856,0.18446348604517582,1e-07,1.049794578310442
768,1.0544063337676182,0.7623000680553985,0.013299017116941255,0.27880724820234715,0.18451372901276208,1e-07,1.0504360009037699
769,1.048381960174375,0.7616074000604254,0.013329410649700049,0.27344514896552896,0.18645493405102231,1e-07,1.05033673211237
770,1.0485484433222494,0.7619434113918405,0.013296842575073242,0.27330818835789483,0.1840021076478049,1e-07,1.0504635408490473
771,1.0500197156689473,0.7617731130630927,0.01331027115092558,0.27493632962628745,0.1849879618832354,1e-07,1.0503808221275377
772,1.051217171048054,0.7620163969771132,0.013310163790023834,0.2758906097217457,0.18473047676966592,1e-07,1.0501636578514415
773,1.051837711740459,0.761519083628548,0.01329965354462908,0.27701897329781167,0.1840320623368327,1e-07,1.0503167635649746
774,1.0456215864988176,0.7624491363703358,0.013320867962092463,0.2698515867304367,0.18290946724811383,1e-07,1.0497551832068521
775,1.0487644239564937,0.7617762284636739,0.01332608173633444,0.27366211375648547,0.18312949972873285,1e-07,1.0497867354273072
776,1.046845708367307,0.7614583165118467,0.013326030473921894,0.2720613599307155,0.18512375365648018,1e-07,1.0496408072011223
777,1.052735366637518,0.7620124010478749,0.013307710690140482,0.27741525553423785,0.1835492833028217,1e-07,1.0498378421181838
778,1.0492797967870144,0.7613556898873428,0.013317832114972158,0.2746062746033465,0.1845701518515786,1e-07,1.0493251884201236
779,1.0506642931131513,0.761779685291267,0.013315495322732365,0.27556911440335713,0.1858844021391917,1e-07,1.0495534217140012
780,1.0490019504003545,0.7616462907007693,0.013293928838888481,0.2740617330067056,0.18414144831545212,1e-07,1.0495987724218117
781,1.0523147031695075,0.7615112416884479,0.01331985746387536,0.2774836015386949,0.18501272885238423,1e-07,1.0498282711718676
782,1.053067480212051,0.7622564627239236,0.01331170601486918,0.277499310566494,0.18380959519387258,1e-07,1.0500133020882672
783,1.0467632308934813,0.7621200584011194,0.013311977560573368,0.2713311959292294,0.18545306436188563,1e-07,1.0495058540035695
784,1.0495022389032778,0.7618786789340857,0.013312791714078273,0.2743107674088004,0.18749655314681496,1e-07,1.0498939192440155
785,1.0514175033472615,0.7625620311945979,0.01330358962741875,0.2755518821927645,0.18606119743467103,1e-07,1.0501592271830924
786,1.050255736883949,0.7615368666078207,0.013319070392399724,0.27539979912809137,0.18667261770966087,1e-07,1.0505002300347566
787,1.0523194717828932,0.7620262957006149,0.013289172799301922,0.27700400470357395,0.1841766084062642,1e-07,1.0504586405492942
788,1.0522037694952309,0.7616822717155937,0.013309732411986191,0.27721176467246506,0.18672912895800375,1e-07,1.0507510378201157
789,1.050449931839175,0.7617141672128596,0.0133039620053212,0.27543180151776414,0.1847005634290935,1e-07,1.0507296016927181
790,1.0497859973936488,0.7615402009617727,0.01329299837774002,0.2749528005930763,0.18368966928843794,1e-07,1.0508080063920475
791,1.0540288123349388,0.7621345568380298,0.013303830222232346,0.278590422765962,0.1874119366762846,1e-07,1.0509794173085907
792,1.0495454822544152,0.7622343410584796,0.013318025316234534,0.2739931179954846,0.18467862550433703,1e-07,1.050627217512827
793,1.0517165049094457,0.7619784331708602,0.013301923115403368,0.27643615199332305,0.18501712693162187,1e-07,1.0511225449144237
794,1.051613535407107,0.7625050369430991,0.013310546807294927,0.2757979516416002,0.18334152049273555,1e-07,1.0513336745648065
795,1.0528611174461566,0.7617960656874079,0.013304002870168937,0.2777610527272157,0.18237450471030772,1e-07,1.051478035974696
796,1.0487385331738068,0.7619316355451851,0.013324033174263294,0.2734828630035354,0.185676439871169,1e-07,1.0513263156036818
797,1.0530698304244035,0.7621732059163447,0.013312098704293581,0.2775845268767697,0.18505017595407203,1e-07,1.051401351467833
798,1.0466078888572012,0.7622705288155809,0.013320352919928684,0.271017009479279,0.18476286693712277,1e-07,1.05084176340403
799,1.0523519305621876,0.7618779292213023,0.013333575237111678,0.2771404266176069,0.18391469232813581,1e-07,1.0510319632763312
800,1.0500983088060034,0.7620977448643342,0.013315880999845616,0.2746846815514516,0.18502509603031267,1e-07,1.0510631944175666
801,1.0527145283459167,0.7618420891781124,0.01330623254331082,0.27756620695697365,0.18585477464097508,1e-07,1.0509317660186643
802,1.0547293359319287,0.7625069555356101,0.013302444928074463,0.2789199339871958,0.1850746594686779,1e-07,1.0514501513864158
803,1.0507697708466475,0.7617711826221938,0.013315428101266857,0.2756831618762645,0.18502218063172657,1e-07,1.051355477980136
804,1.0503445021037399,0.7620108501180916,0.013317582089809085,0.27501606868681994,0.185109758806277,1e-07,1.0512285746497991
805,1.0494114424103897,0.7615268489168333,0.013306185149759599,0.2745784104898058,0.18463602776943308,1e-07,1.0508836071462224
806,1.050216152145703,0.7624171659138816,0.013312237257889754,0.2744867503340781,0.1851944352139324,1e-07,1.0510313690434123
807,1.0500666298440697,0.7624112192322227,0.013310301376404675,0.27434511059558897,0.18370641036522073,1e-07,1.0507310489853787
808,1.0497378160455406,0.7621166386904146,0.013291190894090138,0.27432998896975064,0.1835693884149768,1e-07,1.0510440417042126
809,1.052285222929825,0.7620095191088941,0.013308615278278839,0.2769670896005437,0.18365653959418407,1e-07,1.0510373709409764
810,1.0484702201450573,0.7618764738040328,0.013312931234889774,0.2732808141086938,0.18415335809120542,1e-07,1.050874562074882
811,1.049538321475712,0.7617639292326225,0.01332947110065824,0.2744449207192744,0.18498823451705684,1e-07,1.0505569413878615
812,1.0511919157258396,0.761856011880097,0.01331449086961108,0.2760214142153761,0.1833696189141902,1e-07,1.0502031993672523
813,1.0504246782095872,0.7617953471673188,0.013288877315018289,0.27534045405973046,0.18480211859058898,1e-07,1.0501686901035465
814,1.050788294229256,0.762040691854504,0.013301860730014515,0.2754457411309043,0.18469462406200038,1e-07,1.0502130693160983
815,1.0521266025171803,0.7624744402951208,0.013329624646092041,0.27632253815025154,0.1846148963511353,1e-07,1.050484585326777
816,1.0512115900946921,0.7622648116057591,0.013316811702797911,0.2756299705643199,0.1842512172206662,1e-07,1.0505841291216758
817,1.0490697952361425,0.7619160325483666,0.013318056992536626,0.2738357031260736,0.18576283985654432,1e-07,1.0504844456608833
818,1.0510580747654665,0.761765205231448,0.013325614571329546,0.2759672554160712,0.1855424155630398,1e-07,1.0506164715328756
819,1.0487846109494718,0.7625559015883393,0.013313604174956346,0.27291510547331815,0.1836409818751333,1e-07,1.0502664103348407
820,1.0523212363463628,0.762139651765688,0.013306117686490258,0.27687546550381253,0.1846058664288047,1e-07,1.0506515119549709
821,1.045472194892156,0.7614162216080129,0.013322771200060118,0.2707332013435586,0.18398215305853566,1e-07,1.0502448992966156
822,1.0481748063472416,0.7613721017179818,0.013300690399463955,0.27350201422979575,0.18492348833693453,1e-07,1.0499431883587556
823,1.0510803305111358,0.762605656837595,0.013299110936828366,0.2751755646409176,0.18520963856946623,1e-07,1.0500087535889107
824,1.0499708022597354,0.7618665918858974,0.013295893253225825,0.2748083133122017,0.18562610480654795,1e-07,1.0499270043919586
825,1.049677709899616,0.7626047384666381,0.013309865162290376,0.2737631058173054,0.18452355256549727,1e-07,1.049682115130202
826,1.0502165872717,0.76190562627862,0.013312036802512394,0.2749989227397447,0.18440340435166389,1e-07,1.0495826148479028
827,1.0511473572036558,0.761949419612575,0.013311757277281724,0.2758861804347009,0.18474907647160924,1e-07,1.0497903710446543
828,1.046599195284002,0.7623252083998906,0.013298646915273299,0.2709753411022935,0.18563824462842266,1e-07,1.0493444830965077
829,1.0493134549133192,0.7617759322539788,0.013311157845580311,0.2742263635291773,0.18498229530109112,1e-07,1.0493973674928925
830,1.050722149395314,0.7613501844976786,0.013309796490001871,0.2760621678333495,0.18623694840962216,1e-07,1.0492374587977875
831,1.0527719434569864,0.7618458061866296,0.013309876768874348,0.2776162598667474,0.18841392294509415,1e-07,1.0499674336542708
832,1.0523201059134446,0.7621063702488526,0.013312506627359449,0.27690122973241865,0.18475844319645338,1e-07,1.050381963610891
833,1.048315366915225,0.7612821800713607,0.013320459797222765,0.27371272662348484,0.18446819904368017,1e-07,1.0501054672513
834,1.0451852023964239,0.7617700982529058,0.013308430056542944,0.27010667416253875,0.184278100245381,1e-07,1.0496269072649687
835,1.048677452921142,0.7617428092395558,0.013284044623616743,0.27365059709331324,0.18512170521531096,1e-07,1.0495268815671213
836,1.0538678768923992,0.7623164403511109,0.013309868305740201,0.27824157083493944,0.18357791139557203,1e-07,1.0498920105291911
837,1.0490367566112573,0.7617630838864232,0.013308018506419586,0.27396565385570876,0.1853108943475913,1e-07,1.0496809504699514
838,1.0486301201835848,0.7614731066850813,0.01331207839277163,0.27384493498483004,0.18593949161122345,1e-07,1.04988404295991
839,1.0502996917428642,0.7613964905361617,0.01332294481521204,0.2755802583259211,0.1844323907372434,1e-07,1.0499826666428642
840,1.0477132432117424,0.7616602967041743,0.013305144426063398,0.2727478024442104,0.1832956551115121,1e-07,1.049681776024507
841,1.0487849325485694,0.7623041601016604,0.013306748069082264,0.27317402434760124,0.1849045841435148,1e-07,1.0492830749336652
842,1.0505526418860012,0.7613638415781528,0.013322650056339907,0.2758661503724104,0.18567169295967714,1e-07,1.049106328530921
843,1.04622019739712,0.7622347737664383,0.013309230669033213,0.2706761909667667,0.18526961788928048,1e-07,1.0488968115791106
844,1.0490686213994365,0.7615402924845233,0.013309326423350986,0.27421900554433554,0.18717964830795117,1e-07,1.0492851534794119
845,1.0501483996789789,0.7623386989984261,0.013324558613991882,0.27448514378941324,0.1844875354916764,1e-07,1.0494322481551954
846,1.0509235457522874,0.7614821560726205,0.013305107430076986,0.2761362819473352,0.18449181989288718,1e-07,1.049137815041184
847,1.0507328830674503,0.7621379688110119,0.01329511125963068,0.27529980115305336,0.18312340663485305,1e-07,1.0493074276868033
848,1.051694931292389,0.761571586978363,0.013305834776005929,0.27681751021809314,0.18312859592645694,1e-07,1.049613908797684
849,1.0492912796883265,0.7615712981436847,0.01329931187581339,0.2744206706813818,0.18264256333119971,1e-07,1.0495130675922302
850,1.0493942183606766,0.7621783197047018,0.013307799190343273,0.2739080988913472,0.18672683964999162,1e-07,1.0496811651071236
851,1.050793996568142,0.7623050096794267,0.013309898289415464,0.27517908693689846,0.18486789672901857,1e-07,1.0498820715090809
852,1.0527413420938334,0.7622114192641531,0.01330785601424397,0.2772220659086719,0.18402716816680667,1e-07,1.050100941529864
853,1.0483017921689557,0.7616891605858871,0.013311596719536772,0.27330104062148575,0.18303145489392852,1e-07,1.0503091010070478
854,1.0515467222273713,0.7625505908507605,0.013313561375677949,0.27568256773402194,0.18884903999540434,1e-07,1.050556911089841
855,1.0513436495653272,0.7620054904152366,0.013303319532537557,0.27603483886191615,0.185472184486128,1e-07,1.050676436078476
856,1.0519695949361,0.7618306969532377,0.013305270405860267,0.2768336283326391,0.18454556046223786,1e-07,1.0507810409968572
857,1.0542318255132401,0.7617664483449522,0.013295617113248814,0.27916975691158924,0.18462049589316695,1e-07,1.0511309352414362
858,1.0538906213236146,0.7622134220043979,0.013306114059432767,0.27837108586429343,0.18526406259735023,1e-07,1.0513505042445586
859,1.0521200133627375,0.762274898089937,0.013314552045980766,0.2765305632872707,0.18496544831422956,1e-07,1.0516333776119997
860,1.0498998935275823,0.7621278356586944,0.01331096851317926,0.27446108964285065,0.18508331716423343,1e-07,1.0516839451286903
861,1.0507732274324366,0.7615148244958378,0.01332005816105655,0.2759383448359932,0.1861700910100105,1e-07,1.0516818682151199
862,1.049656178114622,0.7622034751619335,0.013296441906122359,0.2741562606536351,0.18567921741134497,1e-07,1.0513733518171988
863,1.0536453598169477,0.7618882041915677,0.013324133764657723,0.27843302231410455,0.18240867679065914,1e-07,1.051907708581998
864,1.0518300750918128,0.7613566776559996,0.013315056448775904,0.2771583413195175,0.18575443130961297,1e-07,1.0519360438684422
865,1.0523108110950152,0.7623171838978967,0.013306943930186799,0.27668668181610884,0.1842183040315191,1e-07,1.052032760021411
866,1.0516124507960152,0.7618739374027291,0.01330884063945097,0.2764296732978937,0.1842566089625291,1e-07,1.0519970456074024
867,1.0498482230710693,0.761991696473793,0.01329748190440706,0.27455904614369236,0.1844083643225579,1e-07,1.0515586853631853
868,1.0500337775290376,0.7618524898863709,0.013309417341592104,0.27487186818529097,0.18603985389396094,1e-07,1.0511730009837277
869,1.0529727674642877,0.7617743803569802,0.013306319109082948,0.27789206597311744,0.18618626738416738,1e-07,1.0512582763938827
870,1.0484431496014701,0.7612648464845112,0.013298838665712678,0.27387946566026544,0.18375641857151084,1e-07,1.0511126020012713
871,1.0526323352333982,0.7617826467837088,0.013305312721531,0.27754437701274126,0.18418678326974292,1e-07,1.0512985127813674
872,1.0496763736916361,0.7626586545553459,0.013306807552825123,0.27371091114519575,0.18604160784828735,1e-07,1.051300532339069
873,1.0502331788834887,0.7614921700156485,0.013305159176097196,0.2754358493894883,0.18530965256400814,1e-07,1.050959314245723
