step,train/total_loss,train/recon_loss_weighted,train/mmd_loss,train/triplet_loss_weighted,train/grad_norm,train/lr,train/smooth_total_loss
0,0.8513579412742898,0.2665646379744565,0.017770674493577745,0.5670226282543607,0.06377949593243776,0.0001,0.8513579412742898
1,0.7909083013181333,0.2518433647023307,0.017095574626216182,0.5219693603339018,0.08995133665976701,0.0001,0.8211331212962115
2,0.740863749274501,0.2346724542202773,0.01719743675655789,0.48899385774577103,0.09103579543254993,0.0001,0.7943766639556413
3,0.717907084359063,0.2237282825840844,0.016749536549603497,0.4774292663291649,0.08814608443666387,0.0001,0.7752592690564968
4,0.706565346982744,0.2180009898212221,0.01647111663111934,0.47209324880882547,0.08483153967945664,0.0001,0.7615204846417463
5,0.7001973213972869,0.21468833530390705,0.016318365379616066,0.4691906207137638,0.08403210728256791,0.0001,0.7512999574343363
6,0.6966024526843319,0.21384906823988314,0.01618906745204219,0.4665643076101939,0.08319524344470766,0.0001,0.7434860281843357
7,0.6948224438561333,0.21325382535104398,0.016098967304936162,0.46546965064825835,0.08211766128186826,0.0001,0.7374030801433105
8,0.6935018212706955,0.21343732597651305,0.016062877796314382,0.4640016191535526,0.08233379407061471,0.0001,0.7325251624907977
9,0.6934975496044865,0.21378260188632542,0.01599432803966381,0.4637206185747076,0.0826134568563214,0.0001,0.7286224012021665
10,0.6900100840462579,0.21244802187990258,0.01593425097288909,0.46162781450483537,0.08234549148215188,0.0001,0.7124876154793632
11,0.6900572180747986,0.2128183278772566,0.015898585319519043,0.4613403026704435,0.0832560686049638,0.0001,0.7024025071550299
12,0.6894278371775592,0.21283361591674663,0.01584140459696452,0.4607528194233223,0.08316231905310242,0.0001,0.6972589159453356
13,0.6886892451180352,0.21288194921281603,0.01583809322781033,0.4599692026774089,0.08347648547755347,0.0001,0.6943371320212329
14,0.6882747742864821,0.21319693051002644,0.015796184539794922,0.459281654269607,0.0832824941586565,0.0001,0.6925080747516067
15,0.6868468302267569,0.2123193222063559,0.0157445404264662,0.4587829675939348,0.08314250409603119,0.0001,0.6911730256345536
16,0.6864467263221741,0.2122116982936859,0.01574605041080051,0.4584889754101082,0.08348156097862455,0.0001,0.6901574529983379
17,0.6849931986243637,0.21214833193355137,0.015685337561148184,0.45715952692208467,0.08313519618025532,0.0001,0.6891745284751609
18,0.6848688059382968,0.21167588841032098,0.01567736819938377,0.4575155520880664,0.08360515038172404,0.0001,0.6883112269419212
19,0.6843592502452709,0.21159815512321614,0.015645097803186486,0.45711600559729115,0.08335302080269213,0.0001,0.6873973970059994
20,0.684018298431679,0.21172254449791378,0.01563089865225333,0.4566648569371965,0.08348591211769316,0.0001,0.6867982184445417
21,0.6836341928552698,0.21095398785891356,0.015611953205532499,0.45706825234271864,0.08302343636751175,0.0001,0.6861559159225888
22,0.6823642805770591,0.21057034808176536,0.015528352172286422,0.45626558308248166,0.08288266013065974,0.0001,0.6854495602625388
23,0.6823326547940572,0.21075768216892524,0.015547474225362143,0.4560274967440852,0.08262268233078497,0.0001,0.684813901230141
24,0.6805309211766278,0.20959287329956336,0.01545923286014133,0.4554788150169231,0.08237411357738354,0.0001,0.6840395159191555
25,0.6801686485608419,0.20952246641671216,0.015422834290398492,0.45522335171699524,0.08038730257087284,0.0001,0.683371697752564
26,0.679455629101506,0.20911516745885214,0.015366231953656231,0.4549742341041565,0.08072380942327005,0.0001,0.6826725880304971
27,0.6797057059076097,0.20889446360093575,0.01534386917396828,0.45546737644407487,0.08122039503521389,0.0001,0.6821438387588218
28,0.678770367746,0.2087754976970178,0.01536634674778691,0.45462852826824895,0.08063169679156056,0.0001,0.6815339949395922
29,0.6770311329099867,0.20810010918864497,0.015200235225536205,0.45373078408064665,0.08142029604426136,0.0001,0.6808011832060638
30,0.676481392648485,0.20657342837916481,0.015245989516929345,0.4546619719929165,0.07983711637832501,0.0001,0.6800474926277443
31,0.6754420730802748,0.20606689155101776,0.015215772169607657,0.4541594088077545,0.07927515274948543,0.0001,0.6792282806502448
32,0.6734644284954777,0.20570477181010777,0.015100854414480704,0.45265880778983786,0.07962491225313258,0.0001,0.6783382954420867
33,0.6736736275531627,0.20548221248167534,0.015038362255802861,0.4531530594384229,0.0776362971023277,0.0001,0.6774723927179972
34,0.673622950359627,0.20428940101906104,0.015002851132993345,0.4543307026227315,0.07723559604750739,0.0001,0.6767815956362971
35,0.6718676951196458,0.2042243497239219,0.014971410786664044,0.4526719362647445,0.07529942277404997,0.0001,0.6759515002921777
36,0.6721309467598244,0.20373586979177263,0.01490873760647244,0.4534863421210536,0.07471155927137092,0.0001,0.6752190320580094
37,0.6696754274544893,0.20289983738351752,0.01491576212423819,0.45185982408346953,0.07444515162044102,0.0001,0.6742160042126973
38,0.6671921323846888,0.20245175891452366,0.014833516544765897,0.4499068558216095,0.07340265562136968,0.0001,0.6730581806765662
39,0.6657058662838407,0.2015281992929953,0.014737138041743526,0.44944052894910175,0.06920334682972343,0.0001,0.6719256540139517
40,0.6594075096978081,0.20045538743336996,0.014512291661015263,0.4444398317072127,0.06571320264979645,0.0001,0.6702182657188838
41,0.6514988387072528,0.2007660722291028,0.01420659930617721,0.4365261693795522,0.061504124077381914,0.0001,0.6678239422815818
42,0.6379314881783945,0.19956390062967935,0.013697129708749277,0.4246704600475453,0.05855887962712182,0.0001,0.6642706482498735
43,0.6233680976761712,0.2001083658801185,0.01299570224903248,0.41026403065080996,0.05269188516669803,0.0001,0.6592400952621743
44,0.6090508125446461,0.19982300367620257,0.012312160597907173,0.3969156499262209,0.048949450668361455,0.0001,0.6527828814806762
45,0.602739292162436,0.20036934592105723,0.011821746826171875,0.39054819720762746,0.04731089980513961,0.0001,0.6458700411849552
46,0.5958148528028417,0.1993798734965148,0.01138850936183223,0.38504646884070504,0.04582724099357923,0.0001,0.6382384317892569
47,0.5908427370919122,0.1992001743228347,0.011019666989644369,0.3806228913642742,0.043020405151225904,0.0001,0.6303551627529992
48,0.5863572248706111,0.19890760713153416,0.010782202084859213,0.37666741675800747,0.043190801723135844,0.0001,0.6222716720015915
49,0.583413753244612,0.19832048813501993,0.01054602199130588,0.3745472453258656,0.04524086802094071,0.0001,0.6140424606976687
50,0.5789826159124021,0.19843768576780954,0.010253420582524053,0.37029151232154284,0.04300061033831702,0.0001,0.605999971319128
51,0.5802411569489373,0.19741961194409263,0.010203277623211895,0.3726182756600557,0.04425824833688913,0.0001,0.5988742031432964
52,0.5795213182767233,0.1971399066624818,0.010206672880384658,0.3721747398376465,0.042786531426288466,0.0001,0.5930331861531293
53,0.576267072448024,0.19725631784509728,0.0098545683754815,0.36915619174639386,0.043386458660717366,0.0001,0.5883230836303146
54,0.576367579124592,0.19677597946590847,0.009723610348171659,0.3698679882067221,0.04488203122659966,0.0001,0.5850547602883093
55,0.5726054112116495,0.19668217720808806,0.009631872177124023,0.3662913607226478,0.04421365233483138,0.0001,0.5820413721932305
56,0.5712464628396211,0.1959781696399053,0.009584042761060927,0.36568425209433947,0.04253583153088888,0.0001,0.5795845331969085
57,0.5700478046028702,0.19654576314820182,0.009552580338937265,0.36394946553089,0.046853912235410126,0.0001,0.5775050399480043
58,0.5706471315136662,0.19570444524288177,0.009457402759128146,0.36548528516734086,0.04365297613872422,0.0001,0.5759340306123097
59,0.568570699956682,0.195921179872972,0.009360940368087203,0.36328858468267655,0.04453749554576697,0.0001,0.5744497252835167
60,0.5670544527195118,0.1954629476423617,0.009215999532628942,0.3623755055445212,0.04287468655793755,0.0001,0.5732569089642278
61,0.5674258889975371,0.1954988533699954,0.00919726601353398,0.3627297657507437,0.04848353909673514,0.0001,0.5719753821690878
62,0.5641794646227801,0.1950281008526131,0.00908535498159903,0.3600660032696194,0.047347178751671756,0.0001,0.5704411968036934
63,0.5653571309866728,0.19499288113028915,0.00903430249955919,0.3613299506681937,0.04475496943902086,0.0001,0.5693502026575583
64,0.5653364857037863,0.19487243945951815,0.009009038960492169,0.3614550001091427,0.04653351284839489,0.0001,0.5682470933154777
65,0.5642653505007426,0.19457005074730627,0.008909247539661548,0.3607860494543005,0.046774167153570384,0.0001,0.567413087244387
66,0.5608194558708756,0.19435219908202137,0.008846110767788358,0.35762114657296074,0.04617677960130903,0.0001,0.5663703865475125
67,0.5593389272689819,0.19395463775705407,0.008812180271855107,0.35657210813628304,0.04965452339362215,0.0001,0.5652994988141236
68,0.56122327292407,0.1944018828648108,0.008809985937895599,0.35801140246567903,0.04550215367365767,0.0001,0.564357112955164
69,0.5596195591820611,0.19398944742149776,0.008682162673385055,0.3569479496390731,0.049037577101477874,0.0001,0.5634619988777019
70,0.5609609992415817,0.19380649482762372,0.008803513314988878,0.3583509822686513,0.04502025619149208,0.0001,0.5628526535299089
71,0.5603199336263869,0.19440032486562375,0.00863592712967484,0.357283682734878,0.049181146892132585,0.0001,0.5621420579927939
72,0.5592359171973335,0.1934267536357597,0.008479392087018048,0.3573297747859248,0.04467769077530614,0.0001,0.5616477032502492
73,0.5574212162582962,0.1934401050761894,0.008463930200647425,0.3555171776700903,0.0445326866099128,0.0001,0.5608541117774115
74,0.5576509943714848,0.19336756622349774,0.008418520291646322,0.35586491337528936,0.044871697685232866,0.0001,0.5600855626441814
75,0.5569255661081385,0.1932325412829717,0.008408987963641132,0.35528404182857937,0.04587396772371398,0.0001,0.559351584204921
76,0.5553938680224948,0.19300307443848363,0.008317245377434624,0.35407353772057426,0.05315558653738764,0.0001,0.558809025420083
77,0.5588079845463788,0.19300372843389157,0.008288604241830332,0.35751564855928775,0.045809133185280695,0.0001,0.5587559311478227
78,0.5582054147013912,0.19296159622845827,0.008347427403485333,0.3568963916213424,0.04947923606744519,0.0001,0.5584541453255547
79,0.5538796981175741,0.19283502576527772,0.008201872860943829,0.3528427945242988,0.04544478696253565,0.0001,0.557880159219106
80,0.5534421514581751,0.19236654098387118,0.008116337988111708,0.35295926972671793,0.04556497931480408,0.0001,0.5571282744407654
81,0.5555629134178162,0.19249769934901484,0.008153495965180573,0.3549117225187796,0.04968938548807745,0.0001,0.5566525724199083
82,0.5565031987649424,0.1920459038681454,0.008208318992897316,0.3562489770076893,0.04942223898790501,0.0001,0.5563793005766692
83,0.5539856199864988,0.19241397358753062,0.008080963735227232,0.3534906804561615,0.04620903785581942,0.0001,0.5560357409494895
84,0.5527121490902371,0.19240286946296692,0.008097851717913593,0.35221142570177716,0.043843069562205565,0.0001,0.5555418564213646
85,0.5519389333548369,0.19227060510052574,0.00798313264493589,0.3516851950574804,0.050495392470448104,0.0001,0.5550431931460345
86,0.5551808962115535,0.19217221218126793,0.008063749030784325,0.35494493334381666,0.04507205207590704,0.0001,0.5550218959649404
87,0.5531537025063126,0.19141131970617506,0.008039946909304018,0.35370242926809525,0.050774940737971556,0.0001,0.5544564677609338
88,0.5480572360533255,0.19150269031524658,0.007898171742757162,0.34865637841048064,0.04770339846059128,0.0001,0.5534416498961272
89,0.5503128369649252,0.19146226125734825,0.00785676638285319,0.350993812084198,0.04963416647579935,0.0001,0.5530849637808622
90,0.5494192507531908,0.19147838045049598,0.007720655865139431,0.3502202155413451,0.04640590330516851,0.0001,0.552682673710364
91,0.5484667729448389,0.1913605100578732,0.007732470830281575,0.34937378764152527,0.049419907921994174,0.0001,0.5519730596630661
92,0.5465729192451194,0.19088976250754464,0.007757257532190393,0.347925896997805,0.05105484718525851,0.0001,0.5509800317110839
93,0.5466413917364897,0.19065057237943014,0.007760891207942256,0.3482299292529071,0.04798078454203076,0.0001,0.550245608886083
94,0.5496262775527107,0.1905153719363389,0.00789705029240361,0.35121385256449383,0.050860290588052186,0.0001,0.5499370217323303
95,0.5458993337772511,0.19020227315249266,0.007764282049956145,0.3479327791266971,0.04743570220415239,0.0001,0.5493330617745716
96,0.5475145004413746,0.19075702351552468,0.007737071425826462,0.34902040715570803,0.051387200200999225,0.0001,0.5485664221975538
97,0.5433534714910719,0.19037919187987293,0.007717922881797508,0.34525635838508606,0.054981462519477914,0.0001,0.5475863990960297
98,0.5449474144864965,0.19034945247349916,0.00779475106133355,0.3468032015694512,0.04672403316254969,0.0001,0.5472754169393468
99,0.5469097384700069,0.1907317395563479,0.007795687075014468,0.34838231515001367,0.05090905367224305,0.0001,0.546935107089855
100,0.5430975004478737,0.1899260950309259,0.007785276130393699,0.34538612321571066,0.0478246032639786,0.0001,0.5463029320593235
101,0.5474090819005613,0.19063268215567977,0.0077888259181269895,0.34898757051538537,0.04856583062145445,0.0001,0.5461971629548956
102,0.5422740622803017,0.1902428506701081,0.00781271634278474,0.34421849802688315,0.048632836866158026,0.0001,0.5457672772584138
103,0.5433831590193289,0.1896127098136478,0.007840717280352558,0.3459297241988005,0.04607723377369068,0.0001,0.5454414539866976
104,0.5436449801480329,0.1899960140387217,0.007838628910205982,0.3458103427180537,0.044167749445747445,0.0001,0.5448433242462299
105,0.5429177593301844,0.18992424783883272,0.008009619183010526,0.34498389341213087,0.046584794090853796,0.0001,0.5445451668015233
106,0.5392035422501741,0.1897087257217478,0.008180512322319878,0.34131430255042183,0.050368748053356456,0.0001,0.5437140709824033
107,0.5413128932317098,0.18937018072163617,0.008414626121520996,0.34352808307718347,0.04859737458604353,0.0001,0.543510013156467
108,0.5393832568769101,0.18963930121174566,0.008308035356027109,0.341435918101558,0.047761650687014615,0.0001,0.5429535973955083
109,0.5328008245538782,0.18962784111499786,0.008268338662606699,0.3349046469838531,0.054757410315451796,0.0001,0.5415427060038954
110,0.5383803336708634,0.18952660262584686,0.008515781826443143,0.34033795087425794,0.04730829996643243,0.0001,0.5410709893261945
111,0.5347009036276076,0.18950174748897552,0.00866501419632523,0.3365341402866222,0.05324517797540735,0.0001,0.539800171498899
112,0.5354249830599185,0.19027722599329772,0.008894531815140336,0.3362532280109547,0.051251651926173106,0.0001,0.5391152635768608
113,0.5323410784756696,0.18956335606398406,0.009169048733181424,0.33360866815955553,0.05784543631253419,0.0001,0.5380110555224948
114,0.5316105197977137,0.18998102623003502,0.009217416798626935,0.3324120784247363,0.05825398669198707,0.0001,0.5368076094874629
115,0.5288930402861701,0.18993832060584315,0.009093893898857964,0.3298608230219947,0.060968609595740283,0.0001,0.5354051375830615
116,0.52520560114472,0.18938884911713777,0.009190148777431913,0.326626596627412,0.0543144922013636,0.0001,0.534005343472516
117,0.524922439345607,0.18959777498686756,0.009385687333566171,0.32593897536948874,0.05922673987569632,0.0001,0.5323662980839059
118,0.5238879654142592,0.1894007717017774,0.0093569314038312,0.32513026396433514,0.06070263780377529,0.0001,0.5308167689376407
119,0.5218007851530004,0.1888132608599133,0.009221867278770165,0.323765660877581,0.06144732430025383,0.0001,0.5297167649975528
120,0.5226068397363027,0.18969107998741996,0.009278266518204301,0.32363749543825787,0.06774772703647614,0.0001,0.5281394156040968
121,0.521416065869508,0.1894140276643965,0.009368344589515968,0.3226336869928572,0.06031957668838678,0.0001,0.526810931828287
122,0.5216499026174899,0.18967254239099998,0.009547370451468008,0.32242998591175787,0.064682860341337,0.0001,0.5254334237840441
123,0.51979970269733,0.1894550163436819,0.009499408580638745,0.32084527722111456,0.06419950585674357,0.0001,0.5241792862062102
124,0.517729867387701,0.18899316092332205,0.009443870297184697,0.31929283892666854,0.06442533281666261,0.0001,0.5227912209652088
125,0.5201354622840881,0.1893043225562131,0.009459517620227955,0.3213716248671214,0.06343725723800836,0.0001,0.5219154631650007
126,0.5177458127339681,0.18939034309652117,0.009429101590757017,0.31892636639100536,0.06563861737096752,0.0001,0.5211694843239253
127,0.5134917939150775,0.1894194914235009,0.009348480789749711,0.3147238217018269,0.06999620257152452,0.0001,0.5200264197808726
128,0.5130757634286527,0.18851266194272925,0.009387011881227847,0.3151760862933265,0.07022340223193169,0.0001,0.5189451995823118
129,0.5131735338105096,0.18960505613574274,0.009279860390557183,0.31428862059557877,0.06878844289867966,0.0001,0.5180824744480627
130,0.5095341084180055,0.18873238618727084,0.009315901332431369,0.31148582365777755,0.07631811278837698,0.0001,0.5167752013162331
131,0.5094300265665408,0.18918382238458703,0.009147776497734917,0.3110984265804291,0.06362396727005641,0.0001,0.5155765973859363
132,0.5067122435128247,0.18832898526280015,0.009092745957551178,0.30929051284436826,0.07815809685874868,0.0001,0.5140828314754697
133,0.511100114495666,0.18883720261079293,0.009177887881243671,0.3130850240036293,0.07772744419398131,0.0001,0.5132128726553034
134,0.5091921642974571,0.1882369010536759,0.009121652002687808,0.3118336090335139,0.07873207910193337,0.0001,0.512359102346279
135,0.5063235064347585,0.18859413707697834,0.009096724015695078,0.30863264865345424,0.07354751215488822,0.0001,0.5109779067613459
136,0.5084004689145971,0.18792869868101897,0.009011621828432436,0.31146014840514574,0.06869210854724601,0.0001,0.5100433723794089
137,0.5082998043960996,0.18810790170122077,0.009141008059183756,0.311050890772431,0.0751441817868639,0.0001,0.5095241734275111
138,0.508328836273264,0.18824693891737196,0.00909229561134621,0.3109895995369664,0.07166351033029733,0.0001,0.5090494807119723
139,0.5037022133668264,0.18858293361134,0.008898651158368145,0.30622062859711824,0.06670092777521522,0.0001,0.5081023486676038
140,0.5043612839999022,0.1887386993125633,0.008975686850371185,0.3066468934218089,0.0809499767643434,0.0001,0.5075850662257936
141,0.4999007792384536,0.18793424743193168,0.008928638917428476,0.3030378962004626,0.07754285937106167,0.0001,0.5066321414929849
142,0.5036346901346136,0.18806548085477617,0.008856738055193866,0.30671246846516925,0.07287259344701413,0.0001,0.5063243861551638
143,0.5006886036307724,0.18796450120431404,0.008780956268310547,0.30394314836572717,0.06709705569125989,0.0001,0.5052832350686745
144,0.5023219938631411,0.1880968439358252,0.008732234990155255,0.3054929154890555,0.07022831685565135,0.0001,0.5045962180252429
145,0.4996002228171737,0.1879740881699103,0.008754822942945693,0.302871314463792,0.07766530717964526,0.0001,0.5039238896634843
146,0.503894708774708,0.18803735022191648,0.008685204717848036,0.3071721538349434,0.07775166768718648,0.0001,0.5034733136494954
147,0.5019300270963598,0.18820189436276755,0.008670705336111563,0.30505742518990125,0.07561730386482345,0.0001,0.5028363359195215
148,0.5023854970932007,0.18808344227296334,0.00865751725656015,0.3056445386674669,0.07608519784278339,0.0001,0.5022420020015151
149,0.49972459232365646,0.18753518881621184,0.008619268735249838,0.30357013477219474,0.08067407762562787,0.0001,0.5018442398971982
150,0.49537410449098657,0.18766728264314156,0.00857824307900888,0.2991285776650464,0.07976137087852866,0.0001,0.5009455219463066
151,0.5001935649801184,0.18839908142884573,0.008530877254627369,0.30326360243338124,0.08434804556546388,0.0001,0.500974800520473
152,0.4991012292879599,0.18733313955642558,0.008559681751109936,0.30320840853231923,0.07922023548572152,0.0001,0.5005214544358078
153,0.5001121163368225,0.18762249803101574,0.008659036071212203,0.30383057837133054,0.08863904879049019,0.0001,0.5004638057064127
154,0.4993414878845215,0.18809316997174863,0.008488465238500524,0.30275985488185175,0.07224196333576131,0.0001,0.5001657551085508
155,0.4943892823325263,0.18756103460435514,0.008458049209029586,0.29837019907103646,0.08004053516520394,0.0001,0.49964466106008604
156,0.4955503995771761,0.18802778036506088,0.00836740599738227,0.29915521100715353,0.07484715445726006,0.0001,0.4988102301403329
157,0.4948856267664168,0.1876539996376744,0.008309982441089771,0.29892164358386286,0.0765049899065936,0.0001,0.4981057901073386
158,0.5015311450869949,0.18748775400497295,0.008324495068302861,0.3057188899428756,0.11830192500794376,0.0001,0.49802035490671787
159,0.49374859200583565,0.18737859858406913,0.008410162395901151,0.2979598310258653,0.07714904720584552,0.0001,0.49742275487493587
160,0.4945974614885118,0.18734561072455513,0.008313836874785248,0.29893801388917146,0.08048173205720054,0.0001,0.49734509057468845
161,0.49532258069073715,0.18759982287883759,0.008276497876202618,0.29944626048759176,0.07529921995268928,0.0001,0.4968579921457503
162,0.49345540006955463,0.18806344436274636,0.008280475934346518,0.2971114770129875,0.08631100836727354,0.0001,0.4962934092239097
163,0.49405274678159644,0.1877802163362503,0.0082644400773225,0.29800808981612875,0.07804590187690875,0.0001,0.4956874722683871
164,0.49126236858191313,0.18701831334167057,0.008280171288384331,0.29596388671133256,0.0834670936067899,0.0001,0.4948795603381263
165,0.49445122480392456,0.1872845165155552,0.008233207243460196,0.29893350159680404,0.08048341919978459,0.0001,0.4948857545852661
166,0.494817265757808,0.18670003557646717,0.008183779539885345,0.29993345119335035,0.08356865426456486,0.0001,0.4948124412033293
167,0.49474410326392565,0.18621107328821113,0.008116942864877207,0.30041608545515275,0.0866427876883083,0.0001,0.49479828885308014
168,0.4933850213333412,0.18713870037485053,0.00813519071649622,0.2981111341052585,0.08550004329946306,0.0001,0.4939836764777148
169,0.491631003441634,0.18726630784847118,0.008126665044713903,0.2962380294446592,0.09322137468390995,0.0001,0.4937719176212946
170,0.49215214561533044,0.18728199821931343,0.008170843124389648,0.29669930316783766,0.09916973224392643,0.0001,0.4935273860339765
171,0.4919567483442801,0.18702694442537096,0.008066186198481807,0.2968636188242171,0.08371776728718369,0.0001,0.4931908027993308
172,0.4931621827461101,0.1871374547481537,0.008070473317746763,0.2979542546802097,0.10097773110976925,0.0001,0.4931614810669863
173,0.49072646211694787,0.18727465084305517,0.008023941958392108,0.29542786876360577,0.10801068031125599,0.0001,0.49282885260052145
174,0.49129197001457214,0.18707654100877266,0.007997874860410337,0.29621754752265084,0.08560454541886295,0.0001,0.49283181274378746
175,0.48786332872178817,0.18654241109335865,0.00795839892493354,0.293362514840232,0.08704407430357403,0.0001,0.4921730231355738
176,0.49357209713370714,0.18736253844367134,0.007918671325401024,0.29829088736463477,0.08724786161824509,0.0001,0.4920485062731637
177,0.48798767173731766,0.18719720398938214,0.007836589106807002,0.29295387864112854,0.09179218844683082,0.0001,0.4913728631205029
178,0.48954856395721436,0.1868599228284977,0.007889610749703867,0.2947990298271179,0.0830315725394973,0.0001,0.49098921738289014
179,0.489349157721908,0.18660493912520232,0.007854488160875108,0.29488973043583055,0.0922703985814695,0.0001,0.49076103281091765
180,0.490852995051278,0.18708333317880277,0.00783268169120506,0.2959369796293753,0.08093814110314404,0.0001,0.4906311177545124
181,0.48824038328947844,0.18617158521104743,0.007839300014354565,0.29422949420081246,0.09290016511524166,0.0001,0.4902594812490322
182,0.4891779599366365,0.18610945012834337,0.007853123876783583,0.29521538593150953,0.09603640685478847,0.0001,0.48986105896808485
183,0.48940268490049577,0.18630892976566596,0.007872978846232096,0.2952207746329131,0.10327907072173224,0.0001,0.48972868124643953
184,0.48715530501471627,0.18651422361532846,0.00784207714928521,0.2927990036982077,0.09381762547073541,0.0001,0.48931501474645406
185,0.48557159194239863,0.18613279141761638,0.007915827963087294,0.29152297642495895,0.0904458639798341,0.0001,0.48908584106851505
186,0.4863136852229083,0.18670553079357854,0.007781792570043493,0.291826362963076,0.07634795857248483,0.0001,0.4883599998774352
187,0.4867440406922941,0.18613023614441906,0.007770847391199182,0.2928429588123604,0.08772217730681102,0.0001,0.48823563677293286
188,0.48405530165742944,0.18636255242206431,0.007686548762851291,0.29000620047251385,0.09361929073929787,0.0001,0.48768631054295436
189,0.4898760892726757,0.18654143810272217,0.007702191670735677,0.29563245398026927,0.08662587721590642,0.0001,0.48773900369803125
190,0.48303264489880315,0.1862643951619113,0.007708037341082537,0.2890602140514939,0.08559028831896959,0.0001,0.48695696868278365
191,0.4837264385488298,0.1864575914762638,0.007744237228676125,0.28952461039578475,0.10226081656637015,0.0001,0.4865055742087188
192,0.48558559351497227,0.18633594115575156,0.007823595294245967,0.29142605872065935,0.08829653387268384,0.0001,0.4861463375665524
193,0.48533122848581384,0.18596490444960417,0.007762418852912055,0.29160390739087705,0.08856193417752231,0.0001,0.48573919192508414
194,0.4894453805905801,0.18623807695176867,0.007673396004570855,0.29553390984182004,0.08776290728538125,0.0001,0.48596819948267056
195,0.4872946474287245,0.1863095964546557,0.00764053397708469,0.29334451423750985,0.09894487385948499,0.0001,0.48614050503130307
196,0.4822532931963603,0.18670785703040935,0.007567856046888564,0.2879775806709572,0.11256832891592274,0.0001,0.4857344658286483
197,0.48524408097620364,0.1860081167132766,0.007644154407359936,0.2915918070960928,0.08551824644759849,0.0001,0.4855844698570392
198,0.48475536704063416,0.18651995228396523,0.007645196384853787,0.29059021671613056,0.17516901688995185,0.0001,0.48565447639535975
199,0.48888754182391697,0.18632636798752678,0.007634436642682111,0.29492673829749777,0.10573798680195103,0.0001,0.4855556216504839
200,0.48069422995602645,0.18570444926067634,0.0075699664928294995,0.28741981199494115,0.0821911947870696,0.0001,0.4853217801562062
201,0.48229805959595573,0.18592938504837178,0.0075158896269621675,0.28885278547251664,0.08592639697922601,0.0001,0.4851789422609188
202,0.4833187427785661,0.18599719968107012,0.007554403057804814,0.2897671372802169,0.09561628227432568,0.0001,0.48495225718727825
203,0.48114225930637783,0.18555646086180652,0.007527497079637315,0.28805829860545973,0.09639158375837185,0.0001,0.4845333602693345
204,0.4836037258307139,0.1859011677680192,0.00753695876510055,0.2901656009532787,0.09607948418016787,0.0001,0.48394919479334797
205,0.4826405335355688,0.18567934411543388,0.00751122721919307,0.289449965512311,0.09038509732043301,0.0001,0.4834837834040324
206,0.4815062063711661,0.18535640559814595,0.007490573105988679,0.2886592282189263,0.10487146040907612,0.0001,0.48340907472151295
207,0.4807252850797441,0.18612587175987386,0.007505880461798774,0.2870935289948075,0.10090065844081066,0.0001,0.4829571951318671
208,0.48250153219258346,0.18601980363881146,0.007539241402237503,0.28894248935911393,0.1031978886436533,0.0001,0.48273181164706197
209,0.4848618937863244,0.1854264631315514,0.007485032081604004,0.2919503991250639,0.08569888867161891,0.0001,0.4823292468433027
210,0.480468800774327,0.1853986531496048,0.0074152858168990525,0.2876548612559283,0.09013126197236555,0.0001,0.48230670392513275
211,0.48004701181694315,0.18544495381690837,0.0074483465265344695,0.28715371312918486,0.093628514971998,0.0001,0.4820815991472315
212,0.4806666429396029,0.1859573617025658,0.007385885273968732,0.2873233943073838,0.10551513745277016,0.0001,0.48181638916333513
213,0.4823168063605273,0.18582861677364068,0.007494299500076859,0.2889938939500738,0.09708384189892698,0.0001,0.48193384386875016
214,0.48141836237024377,0.18634558551841313,0.0073819248764603225,0.28769084921589605,0.08365867369704777,0.0001,0.4817153075227031
215,0.4826953046851688,0.18561752747606347,0.007374216009069372,0.2897035634076154,0.10915348002756084,0.0001,0.48172078463766316
216,0.48200620545281303,0.18514298785615851,0.007374233669704861,0.28948898558263425,0.10034448087767318,0.0001,0.4817707845458278
217,0.48246211144659257,0.18535269024195494,0.007416919425681785,0.2896924979156918,0.09365109450839183,0.0001,0.4819444671825126
218,0.4804146444356,0.1853052090715479,0.007415175437927246,0.28769425992612485,0.09311763804267954,0.0001,0.48173577840681425
219,0.4800792082592293,0.18550698128011492,0.007343764658327456,0.2872284628726818,0.08018313279306447,0.0001,0.4812575098541047
220,0.47995760374599034,0.18538832830058205,0.0072992995933250145,0.28726997198881926,0.09506301071356844,0.0001,0.4812063901512712
221,0.4806116344752135,0.18494535154766506,0.007319662306043837,0.28834662172529435,0.09391272040428938,0.0001,0.48126285241709815
222,0.4772033592065175,0.18515745743557258,0.0072742170757717555,0.28477168414327836,0.09525467207034428,0.0001,0.48091652404378954
223,0.48141782813602024,0.18578173220157623,0.007307661904229058,0.2883284367896892,0.0928293698363834,0.0001,0.4808266262213389
224,0.4810558491282993,0.18541535679940824,0.007316695319281684,0.2883237975615042,0.10275220015534649,0.0001,0.48079037489714455
225,0.48070987065633136,0.18549097964057215,0.007357124929074888,0.2878617655347895,0.09418579190969467,0.0001,0.4805918314942607
226,0.47957424433143053,0.1856472701938064,0.007306672908641674,0.2866202979176133,0.10100855016046101,0.0001,0.4803486353821224
227,0.4809650977452596,0.1855810135602951,0.007272446597063983,0.2881116337246365,0.09398017340788135,0.0001,0.4801989340119891
228,0.47654476320302047,0.18558326418753024,0.007310553833290383,0.28365094518219985,0.08965338821764346,0.0001,0.4798119458887312
229,0.48023890565942834,0.18565150488305976,0.007338197142989548,0.2872491986663253,0.09859394999565901,0.0001,0.4798279156287511
230,0.4772598953158767,0.18557522031995985,0.007243182924058702,0.2844414865529096,0.08873704544923923,0.0001,0.47955814478573977
231,0.47737514862307795,0.18522295135038871,0.007229182455274794,0.2849230137136247,0.10694665668739213,0.0001,0.4792344962005262
232,0.4794965949323442,0.1854727660064344,0.00726651703869855,0.28675730692015755,0.09318038545272968,0.0001,0.4794638197731089
233,0.4766858860298439,0.18480703069104087,0.0071997951578210906,0.2846790607328768,0.10115034685090736,0.0001,0.4789906255624913
234,0.47709430367858324,0.184811199704806,0.007176633234377261,0.2851064723950845,0.0931880744519057,0.0001,0.47859447101751956
235,0.48060676565876714,0.18557438419924843,0.007227133821558069,0.2878052470860658,0.10046103596687317,0.0001,0.4785841605177632
236,0.4799020963686484,0.18464371341246147,0.00718816562935158,0.28807021732683535,0.0896144643149994,0.0001,0.478616945721485
237,0.4803719233583521,0.18497183643005513,0.007203640761198821,0.2881964445114136,0.10139386866379667,0.0001,0.4785576282827943
238,0.47806642673633715,0.1852240142998872,0.007166465123494466,0.2856759473129555,0.09095015349211516,0.0001,0.4787097946361259
239,0.47719473308987087,0.18504075595626124,0.007162601859481247,0.28499137251465406,0.09953351994907414,0.0001,0.4784053773791701
240,0.47796440566027604,0.18452832544291461,0.007176165227536802,0.28625991719740407,0.093413554959827,0.0001,0.47847582841361014
241,0.47689186974808023,0.18489310586894,0.007166284101980704,0.2848324786733698,0.11520540300342771,0.0001,0.47842750052611027
242,0.4787166350417667,0.18511067386026736,0.007181772479304561,0.28642419201356395,0.10290817612851108,0.0001,0.4783495045370526
243,0.4788670396363294,0.1850430021683375,0.007179529578597458,0.28664450844128925,0.09476250106537784,0.0001,0.47856761989770114
244,0.47773622583459924,0.185261826272364,0.007225804858737522,0.28524859304781314,0.12809331715106964,0.0001,0.4786318121133027
245,0.47823271376115306,0.18461786265726443,0.00707697868347168,0.28653787242041695,0.08229515632545506,0.0001,0.4783944069235414
246,0.47448615453861376,0.1846443447801802,0.007052699724833171,0.28278911113739014,0.09052213281393051,0.0001,0.4778528127405378
247,0.47681908033512255,0.1850211371978124,0.0070691461916323065,0.2847287952899933,0.08536970380831647,0.0001,0.47749752843821486
248,0.47839667178966383,0.18452347925415746,0.007111809871814869,0.28676138211179664,0.08708740412085145,0.0001,0.4775305529435475
249,0.4761873009028258,0.18476052030369086,0.0070922109815809466,0.2843345723770283,0.10247290106835188,0.0001,0.47742980972484306
250,0.47475434453399096,0.18457895848486158,0.007068461842007107,0.2831069219995428,0.10548269086413914,0.0001,0.4771088036122145
251,0.4787403411335415,0.1844996683023594,0.007145095754552771,0.28709557597283963,0.10047290639744864,0.0001,0.47729365075076063
252,0.47993921681686685,0.18467225741457055,0.007136808501349555,0.28813014758957756,0.08772271388658771,0.0001,0.4774159089282707
253,0.471406031537939,0.18448995660852502,0.007049790135136357,0.27986628424238275,0.10584764306743939,0.0001,0.4766698081184317
254,0.47263924611939323,0.18451947746453462,0.007048836460819951,0.28107093109024894,0.09581024834403286,0.0001,0.4761601101469111
255,0.47632558588628415,0.18441885323436172,0.007006005004600242,0.2849007248878479,0.10378537409835392,0.0001,0.47596939735942423
256,0.47922741152622084,0.1844891662950869,0.007048337547867386,0.2876899076832665,0.09660316327655757,0.0001,0.47644352305818494
257,0.47333042599536757,0.18409120815771599,0.007061971558464898,0.2821772484867661,0.09555192719455119,0.0001,0.4760946576242094
258,0.4716560222484447,0.1847397100042414,0.006980043870431406,0.27993626671808736,0.0992234812842475,0.0001,0.4754205926700875
259,0.47667128068429454,0.1849026569613704,0.006982224958914297,0.2847863965564304,0.08535187263731603,0.0001,0.47546899064823445
260,0.4734963940249549,0.18401607595108174,0.007015625635782878,0.2824646940937749,0.09740521096520954,0.0001,0.47534319559733074
261,0.4778011275662316,0.18449727804572494,0.007019118026450828,0.28628473149405587,0.09678555514525485,0.0001,0.4752492742405997
262,0.4791625440120697,0.18482005651350375,0.007048575966446488,0.2872939109802246,0.0955199185344908,0.0001,0.47517160696012006
263,0.4737948653874574,0.18418184253904554,0.006985434779414424,0.28262759027657686,0.10783563816437015,0.0001,0.4754104903450719
264,0.47258656444372954,0.18391201231214735,0.00702382900096752,0.2816507231306147,0.0952447302363537,0.0001,0.47540522217750547
265,0.47661816853064076,0.18430925684946556,0.007028067553484881,0.2852808435757955,0.1002170386965628,0.0001,0.47543448044194125
266,0.47677632283281396,0.1846814414969197,0.007092771706757722,0.28500210686966226,0.11997279276450475,0.0001,0.47518937157260044
267,0.4770200660935155,0.18393917271384486,0.007028924094306098,0.2860519654221005,0.08445275906059477,0.0001,0.4755583355824152
268,0.47657395954485293,0.18436681120483964,0.0069766177071465384,0.2852305328404462,0.0857603741740739,0.0001,0.47605012931205604
269,0.47290035751130843,0.1837582246020988,0.006968365775214301,0.2821737660302056,0.09960613482528263,0.0001,0.4756730369947575
270,0.47832172998675593,0.18479436415213127,0.006927437252468533,0.28659992747836643,0.10011187333751607,0.0001,0.4761555705909376
271,0.47430856470708493,0.1841922617620892,0.006980458895365397,0.2831358446015252,0.0938926533692413,0.0001,0.47580631430502296
272,0.47114977682078324,0.18363986799010523,0.006967398855421279,0.280542512734731,0.09670279064664135,0.0001,0.4750050375858943
273,0.47565974239949826,0.18392293044814356,0.006976251248960142,0.2847605612542894,0.09579298038173605,0.0001,0.4751915252870984
274,0.47673643849514147,0.18422537766121053,0.007048430266203704,0.28546263222341184,0.10891318404012257,0.0001,0.4756065126922396
275,0.4731981776378773,0.18319409864920158,0.006983337578950105,0.2830207403059359,0.09785499796271324,0.0001,0.4752645136029631
276,0.47632905068220915,0.18328714646674968,0.007007378119009512,0.28603452664834483,0.08899167345629798,0.0001,0.4752197863879027
277,0.4743393902425413,0.18415653871165383,0.006946334132441768,0.28323652015792,0.09817309650006117,0.0001,0.4749517188028053
278,0.4768680919099737,0.1838774460333365,0.0069212207087764035,0.28606942627165055,0.10242971405386925,0.0001,0.47498113203931736
279,0.4717333868697838,0.18387240226621981,0.006925468091611509,0.2809355170638473,0.09919171173263479,0.0001,0.47486443497516484
280,0.4764126009411282,0.1838930508604756,0.006954299079047309,0.2855652460345515,0.11145477369427681,0.0001,0.4746735220706021
281,0.47079642503349867,0.18400628478438766,0.006985487761320891,0.27980465359157985,0.11194607808634087,0.0001,0.47432230810324355
282,0.474519869795552,0.1839522647636908,0.006955910612035681,0.2836116949717204,0.10107327887305508,0.0001,0.4746593174007204
283,0.47311030162705314,0.18399664097362095,0.0069070083123666266,0.28220664902969644,0.15274645319139515,0.0001,0.47440437332347585
284,0.4732938254321063,0.18362367263546697,0.006978224824976038,0.28269192907545304,0.10964419968702176,0.0001,0.4740601120171724
285,0.47474797787489714,0.18379070858160654,0.006951883987144187,0.284005386961831,0.11953070235473139,0.0001,0.47421509204087436
286,0.47464274145938734,0.18361135599789796,0.006927048718487775,0.2841043406062656,0.11882813523213069,0.0001,0.47404646111859217
287,0.46824725137816536,0.18362535425910242,0.00685700222297951,0.2777648932403988,0.11273143757824544,0.0001,0.4734372472321546
288,0.47842208654792223,0.18368338765921416,0.006899387748153122,0.2878393122443446,0.0899141716460387,0.0001,0.47359264669594936
289,0.4754137595494588,0.18378752580395452,0.006922222949840405,0.28470401300324333,0.09933501137075601,0.0001,0.4739606839639169
290,0.4726766292695646,0.18344688249958885,0.006889502207438151,0.2823402462182222,0.10521965294524475,0.0001,0.4735870867967605
291,0.474661389986674,0.18389280637105307,0.00688942273457845,0.2838791619848322,0.0916503753375124,0.0001,0.47397358329207806
292,0.473494949164214,0.18372960609418373,0.006875029316654912,0.2828903143052702,0.08929524156782362,0.0001,0.47387109122894433
293,0.47505473869818227,0.18364304083364982,0.00684494000894052,0.2845667567518022,0.1075552035537031,0.0001,0.4740655349360571
294,0.47539130957038317,0.1834839908061204,0.006817936897277832,0.28508937800372086,0.10589471445591361,0.0001,0.4742752833498849
295,0.4729466327914485,0.18325728122834806,0.0069198475943671334,0.2827695056244179,0.1137097330281028,0.0001,0.47409514884154
296,0.47230046214880766,0.18364879654513466,0.006876168427643953,0.28177549883171366,0.09441452004291394,0.0001,0.4738609209104821
297,0.4729266740657665,0.18359645538859898,0.0068675147162543405,0.28246270727228234,0.09597365696121145,0.0001,0.4743288631792423
298,0.47399260379649977,0.1835577686627706,0.006832891040378147,0.28360194630093044,0.09472950106417691,0.0001,0.4738859149041
299,0.4700557799250991,0.18368958543848107,0.006828983624776204,0.2795372036872087,0.10586929831791807,7e-05,0.47335011694166396
300,0.4736975740503382,0.18339476099720708,0.006822122467888726,0.2834806916890321,0.091822341222454,7e-05,0.47345221141974136
301,0.4724659798321901,0.1828258826776787,0.0067984748769689485,0.2828416195180681,0.09760985978775555,7e-05,0.47323267040429295
302,0.47167250403651484,0.1831339923319993,0.006814011821040401,0.28172449822779055,0.09256476343229965,7e-05,0.47305042589152296
303,0.47142955550441035,0.18357532719771066,0.006807879165366844,0.2810463519008071,0.10084372482917926,7e-05,0.4726879075721458
304,0.46943215639502917,0.18319784656718927,0.00683115146778248,0.279403160015742,0.10022865718713513,7e-05,0.4720919922546104
305,0.47105065429652176,0.18331396248605517,0.006818837589687771,0.28091785311698914,0.11174002579516834,7e-05,0.47190239440511766
306,0.470092236995697,0.1825709072528062,0.0068320830663045245,0.2806892461246914,0.10708066834895699,7e-05,0.4716815718898067
307,0.4713531589066541,0.1829011031874904,0.006802333725823296,0.28164972088955065,0.10972250294354227,7e-05,0.47152422037389546
308,0.474061890884682,0.18313041439762823,0.006789304591991284,0.28414217079127274,0.11577639632202961,7e-05,0.4715311490827137
309,0.47064358216744884,0.18327027724848854,0.006756941477457683,0.28061636068202833,0.08630733233359125,7e-05,0.4715899293069487
310,0.4691788896366402,0.18313946381763177,0.006762517823113335,0.2792769063402105,0.09758843329769594,7e-05,0.4711380608655788
311,0.47342337171236676,0.1832734462287691,0.006733183507566099,0.2834167469430853,0.09362892089066682,7e-05,0.4712338000535965
312,0.46897686300454317,0.18222208983368343,0.00674375781306514,0.280011017565374,0.0918847178971326,7e-05,0.4709642359503993
313,0.46931581254358645,0.18288137901712348,0.00675346674742522,0.27968096512335316,0.10756493028667238,7e-05,0.47075286165431696
314,0.4714713427755568,0.18295898150514672,0.006757625827082881,0.28175473433953746,0.09920750075468311,7e-05,0.4709567802923697
315,0.47233637505107456,0.1835809416241116,0.006735015798498083,0.28202041431709574,0.10082149119288833,7e-05,0.471085352367825
316,0.4682125515407986,0.18251246158723478,0.006795878763552065,0.27890421063811693,0.10903003618673042,7e-05,0.47089738382233515
317,0.46629340008453085,0.18321215388951478,0.006740221270808467,0.27634102216473333,0.11266376492049959,7e-05,0.4703914079401228
318,0.4686904626863974,0.18295119592437037,0.006844388114081489,0.2788948791998404,0.12979030885078288,7e-05,0.4698542651202944
319,0.47173851176544473,0.18258516987164816,0.006730097311514395,0.2824232445822822,0.11345184373634833,7e-05,0.4699637580800939
320,0.4736922637180046,0.1831300617368133,0.006724260471485279,0.283837937646442,0.11519503041549965,7e-05,0.4704150954882304
321,0.47164794913044683,0.18355535357086747,0.006730644791214554,0.28136194966457506,0.09718911694707694,7e-05,0.4702375532300384
322,0.47005023448555555,0.18283177857045774,0.006743316297177915,0.28047514072170965,0.10944890092920374,7e-05,0.4703448903781397
323,0.4695000780953301,0.1824085028083236,0.006743197087888364,0.2803483765434336,0.08785302274756962,7e-05,0.470363316933314
324,0.4670735939785286,0.1829801963435279,0.0067037829646357785,0.2773896135665752,0.0927567464058046,7e-05,0.46992354205361114
325,0.4722734435840889,0.1831347539469048,0.006752314390959563,0.2823863757981194,0.10059932674522754,7e-05,0.46991724890691267
326,0.46756543384657967,0.18263674996517323,0.0066946303402936015,0.27823405409300767,0.0973699193585802,7e-05,0.4698525371374907
327,0.4702311356862386,0.1821737007962333,0.006705566688820168,0.2813518665455006,0.0999141038843879,7e-05,0.4702463106976615
328,0.4697558107199492,0.1833650607753683,0.0067095403318051935,0.27968121182035516,0.11149464354470924,7e-05,0.4703528455010166
329,0.4682870761111931,0.18223240474859873,0.0067030323876274955,0.2793516367673874,0.09017427941715275,7e-05,0.47000770193559155
330,0.4690082757561295,0.18285781365853768,0.00667119026184082,0.27947926962817154,0.08991500073009068,4.899999999999999e-05,0.46953930313940406
331,0.4698876208729214,0.18228490540274866,0.006665892071194119,0.2809368239508735,0.09449251810157741,4.899999999999999e-05,0.46936327031365144
332,0.47061963434572573,0.1825169700163382,0.006712878191912615,0.2813897839298955,0.09600478245152368,4.899999999999999e-05,0.4694202102996684
333,0.46806497816686277,0.18283381616627728,0.006676744531702112,0.2785544174688834,0.12392035016307125,4.899999999999999e-05,0.4692767003068218
334,0.46980955644890116,0.18262732636045526,0.006727130324752243,0.2804551003155885,0.08629248856946274,4.899999999999999e-05,0.469550296553859
335,0.4705951158647184,0.1829929114491851,0.006707632983172381,0.28089457198425577,0.09642225586705738,4.899999999999999e-05,0.4693824637819219
336,0.47181841289555587,0.18199752491933327,0.006739664960790564,0.283081226878696,0.10846411602364646,4.899999999999999e-05,0.46980776168681954
337,0.4694151492030532,0.1824815571308136,0.006674188154715079,0.2802594072288937,0.09149593804721479,4.899999999999999e-05,0.469726163038501
338,0.46768331638088934,0.18214919059364884,0.006656174306516294,0.27887795589588305,0.0852723407248656,4.899999999999999e-05,0.4695189136045951
339,0.47003659495600947,0.18204573072769023,0.006697659139279966,0.28129320232956495,0.09625945833546144,4.899999999999999e-05,0.46969386548907666
340,0.46814663984157423,0.18275126980410683,0.006686894981949417,0.2787084733998334,0.10531580724098065,4.899999999999999e-05,0.46960770189762113
341,0.4661459613729406,0.18283726661293595,0.006685945722791884,0.27662274793342306,0.11211551836243382,4.899999999999999e-05,0.469233535947623
342,0.4700862643895326,0.18315154755557025,0.0066382575918126985,0.28029646034593936,0.10764314620583146,4.899999999999999e-05,0.4691801989520038
343,0.46843877876246415,0.18211988608042398,0.006677530429981373,0.2796413611482691,0.09922182973888186,4.899999999999999e-05,0.4692175790115639
344,0.46991714504030013,0.1825189248279289,0.006699659206249096,0.2806985632137016,0.13520348389391545,4.899999999999999e-05,0.4692283378707038
345,0.4719477218610269,0.1821388210411425,0.0067031339362815575,0.28310576522791825,0.11241685654278155,4.899999999999999e-05,0.4693635984703347
346,0.47217374598538436,0.1825235883394877,0.006755435908282244,0.2828947195300349,0.11259541053462911,4.899999999999999e-05,0.4693991317793175
347,0.4689821556762413,0.18243130765579366,0.006736115173057273,0.27981473229549547,0.09705208531684345,4.899999999999999e-05,0.46935583242663625
348,0.4710332155227661,0.18236653948271717,0.006665331346017343,0.28200134524592646,0.09613541320518211,4.899999999999999e-05,0.469690822340824
349,0.47029830129058275,0.18224596535718,0.006668408711751302,0.2813839316368103,0.10964234518232169,4.899999999999999e-05,0.4697169929742812
350,0.463541637968134,0.1822938041554557,0.006663569697627315,0.27458426466694585,0.10541642953952153,4.899999999999999e-05,0.46925649278693726
351,0.46911876179553846,0.18242501495061098,0.006643710313019929,0.280050034876223,0.09964024399717648,4.899999999999999e-05,0.4695537728291971
352,0.4681001504262288,0.1833255026075575,0.006686616826940466,0.27808802878415145,0.11116877281003529,4.899999999999999e-05,0.46935516143286665
353,0.47022141571398135,0.18231573590525874,0.006717505278410735,0.28118817453031186,0.10423809717650767,3.4299999999999993e-05,0.4695334251280183
354,0.46724706336303995,0.18192328954184497,0.0066777511879249855,0.2786460220813751,0.09220152665619497,3.4299999999999993e-05,0.46926641696029237
355,0.46680798574730203,0.1820067768847501,0.006603863504197862,0.2781973437026695,0.09551194627527837,3.4299999999999993e-05,0.4687524433489199
356,0.46617996251141586,0.1815495678672084,0.006677517184504756,0.2779528763559129,0.09901360049843788,3.4299999999999993e-05,0.46815306500152304
357,0.4657023383511437,0.18191662044436843,0.006618243676644785,0.27716747257444596,0.11613880870518861,3.4299999999999993e-05,0.4678250832690133
358,0.46792439619700116,0.18185900538055985,0.0066614724971629955,0.27940392052685775,0.10235972812882176,3.4299999999999993e-05,0.46751420133643684
359,0.470176738721353,0.18203261053120648,0.006652567121717665,0.2814915621722186,0.1319505192891315,3.4299999999999993e-05,0.4675020450795138
360,0.4700218549481145,0.18205521835221183,0.006645820758960865,0.281320814733152,0.2512810491025448,3.4299999999999993e-05,0.46815006677751186
361,0.46870098842514885,0.18146842662934903,0.006638579898410373,0.28059398024170484,0.08372304464379947,3.4299999999999993e-05,0.4681082894404729
362,0.4656609053964968,0.18244983200673703,0.0065911125253748015,0.2766199619681747,0.0986831867032581,3.4299999999999993e-05,0.4678643649374997
363,0.4676159178769147,0.18185129099422032,0.006643847182944969,0.2791207796997494,0.0931042617669812,3.4299999999999993e-05,0.467603815153793
364,0.46739255719714695,0.18244088579107215,0.006625692049662272,0.2783259771488331,0.09316740847296184,3.4299999999999993e-05,0.46761836453720373
365,0.46717153434400205,0.18222595420148638,0.006611470822934751,0.27833410876768605,0.10559901070815546,3.4299999999999993e-05,0.4676547193968738
366,0.46597140034039813,0.181795049044821,0.006673393426118074,0.2775029584213539,0.11580160674121645,3.4299999999999993e-05,0.46763386317977196
367,0.47051934953089114,0.18156111405955422,0.006626305756745515,0.28233192916269656,0.10215394323070844,3.4299999999999993e-05,0.46811556429774664
368,0.4646434894314519,0.18190897780436058,0.006655282444424099,0.2760792335978261,0.11038684030925786,3.4299999999999993e-05,0.4677874736211917
369,0.4659586935131638,0.18265804648399353,0.006685901571203161,0.2766147432503877,0.10446084207958645,3.4299999999999993e-05,0.4673656691003728
370,0.46835675062956633,0.18204130673850025,0.00668805616873282,0.279627384962859,0.11498978513258475,3.4299999999999993e-05,0.4671991586685181
371,0.4695655118536066,0.18154728412628174,0.006659322314792209,0.28135890541253267,0.10437273703239582,3.4299999999999993e-05,0.46728561101136384
372,0.4664790387506838,0.18194060579494195,0.006655869660554109,0.2778825655027672,0.0925767711467213,3.4299999999999993e-05,0.4673674243467826
373,0.4707020300405997,0.18220429950290257,0.006615108913845486,0.2818826249352208,0.10420432438453038,3.4299999999999993e-05,0.46767603556315107
374,0.46794332287929674,0.18211517620969703,0.006602256386368363,0.27922589028323136,0.11374534901093554,3.4299999999999993e-05,0.467731112131366
375,0.46808443908338193,0.18234858689484773,0.006610088878207737,0.27912575999895733,0.10348214912745687,3.4299999999999993e-05,0.46782240260530406
376,0.4671201705932617,0.18172408088489814,0.0066433968367399995,0.2787526923197287,0.14922297773537813,3.4299999999999993e-05,0.4679372796305904
377,0.46748478765840884,0.18229788486604337,0.006616539425320095,0.2785703633670454,0.09998998128705555,3.4299999999999993e-05,0.46763382344334214
378,0.4650862647427453,0.18194450824349015,0.0066267649332682295,0.27651499377356636,0.09161227596578775,3.4299999999999993e-05,0.46767810097447143
379,0.4649357387313136,0.1820322424173355,0.006629873205114294,0.27627362255696897,0.1215286063099349,3.4299999999999993e-05,0.46757580549628647
380,0.46733271965274104,0.181844065034831,0.006647238024958858,0.27884141824863573,0.10531324810451931,3.4299999999999993e-05,0.46747340239860397
381,0.46553228409202013,0.18171187076303694,0.0066310785434864185,0.2771893353373916,0.1308926029337777,3.4299999999999993e-05,0.4670700796224453
382,0.46628117230203414,0.18206829660468632,0.006671631777728045,0.2775412400563558,0.09281661637403348,3.4299999999999993e-05,0.4670502929775803
383,0.4651207791434394,0.182396294342147,0.006627224109790943,0.2760972634509758,0.09402724962543559,3.4299999999999993e-05,0.4664921678878643
384,0.4669709393271693,0.18219107775776475,0.006628182199266221,0.2781516793701384,0.10206259718095814,3.4299999999999993e-05,0.4663949295326516
385,0.46735917859607273,0.18177283527674498,0.0065771473778618705,0.27900919042251726,0.0949206167349109,3.4299999999999993e-05,0.4663224034839207
386,0.4666286497204392,0.18222777545452118,0.006613656326576516,0.27778722290639524,0.09157161055891602,3.4299999999999993e-05,0.46627325139663844
387,0.4672954336360649,0.18153992571212627,0.00662294140568486,0.27913256817393833,0.12857094710623776,3.4299999999999993e-05,0.466254315994404
388,0.4687123994032542,0.1815592348575592,0.006646531599539297,0.2805066296347865,0.09095018826149127,3.4299999999999993e-05,0.46661692946045485
389,0.4670887655682034,0.18183416348916512,0.006613020543698911,0.27864158043154963,0.13277144054019893,3.4299999999999993e-05,0.46683223214414377
390,0.46501224681183145,0.1819883209687692,0.006626619233025445,0.2763973077138265,0.09171621611824742,3.4299999999999993e-05,0.46660018486005284
391,0.4659239142029374,0.1816772018317823,0.006607514840585214,0.2776391958748853,0.09594184201624659,3.4299999999999993e-05,0.4666393478711446
392,0.4656830076818113,0.18179100641497858,0.006592141257392036,0.2772998611132304,0.11051512606166027,3.4299999999999993e-05,0.46657953140912234
393,0.469450373340536,0.18223852195121623,0.006625051851625796,0.2805868011933786,0.09644249288572206,3.4299999999999993e-05,0.46701249082883206
394,0.46766432126363117,0.18221615917152828,0.006636500358581543,0.27881166338920593,0.09684401212467088,3.4299999999999993e-05,0.4670818290224782
395,0.4643455511993832,0.18126011667428193,0.00663353337181939,0.27645190170517675,0.10966210522585446,3.4299999999999993e-05,0.4667804662828091
396,0.46762560804684955,0.182030803627438,0.006611660674766258,0.278983144848435,0.0937128725151221,3.4299999999999993e-05,0.46688016211545025
397,0.467194233779554,0.1817755737790355,0.006633524541501646,0.2787851360109117,0.1187655052377118,2.4009999999999995e-05,0.46687004212979916
398,0.4659861149611296,0.1820771892865499,0.006631979235896358,0.2772769475424731,0.08863210402153156,2.4009999999999995e-05,0.46659741368558666
399,0.4690854516294267,0.1815157930056254,0.006599832464147497,0.2809698228482847,0.10441292063505561,2.4009999999999995e-05,0.466797082291709
400,0.4660730262597402,0.1820272731560248,0.006585929128858779,0.2774598267343309,0.10449694083244712,2.4009999999999995e-05,0.4669031602364999
401,0.46447152782369544,0.18186479144626194,0.006597827982019495,0.276008908395414,0.07886949609275218,2.4009999999999995e-05,0.4667579215985757
402,0.4663849671681722,0.18150384337813766,0.006584392653571235,0.27829673224025303,0.10744481795915851,2.4009999999999995e-05,0.4668281175472117
403,0.4647486949408496,0.18132896997310496,0.00660976215645119,0.276809960603714,0.1266721776790089,2.4009999999999995e-05,0.46635794970724315
404,0.4675908320479923,0.1817407806714376,0.006596737437778049,0.27925331283498694,0.09768327877477363,2.4009999999999995e-05,0.46635060078567936
405,0.4693317214647929,0.18177838678713198,0.006591898423654062,0.2809614329426377,0.11536767499314414,2.4009999999999995e-05,0.4668492178122203
406,0.46529879724537887,0.18181313629503604,0.006606883472866482,0.276878778581266,0.11045585710693288,2.4009999999999995e-05,0.46661653673207315
407,0.4656334475234703,0.18128198826754535,0.0066077665046409325,0.2777436949588634,0.12189882152058461,2.4009999999999995e-05,0.46646045810646475
408,0.4696786138746474,0.18190377398773475,0.0066284824300695344,0.2811463585606328,0.10175845427093683,1.6806999999999997e-05,0.46682970799781653
409,0.47074697856549863,0.1818865112684391,0.006555720611854836,0.28230474502952013,0.18697303367985618,1.6806999999999997e-05,0.46699586069142385
410,0.4649210958569138,0.18154790445610328,0.0065866487997549555,0.2767865403934761,0.10081852848331134,1.6806999999999997e-05,0.4668806676511411
411,0.4665035715809575,0.18167542307465165,0.006588790151807997,0.27823936056207726,0.1066179216183998,1.6806999999999997e-05,0.4670838720268673
412,0.4635443488756816,0.18144486292644782,0.006572604179382324,0.2755268845293257,0.09239010512828827,1.6806999999999997e-05,0.4667998101976183
413,0.46610354714923435,0.18150426226633568,0.006553027364942763,0.27804626138121996,0.10683830165200764,1.6806999999999997e-05,0.46693529541845685
414,0.46645710313761674,0.18195436232619816,0.0065761539671156145,0.2779265851886184,0.16350008229966517,1.6806999999999997e-05,0.46682192252741916
415,0.46447710416935106,0.18184751989664855,0.00658271489319978,0.27604686717192334,0.09756761844511386,1.6806999999999997e-05,0.46633646079787494
416,0.46695776449309456,0.18180300736868824,0.006568153699239095,0.2785866050808518,0.09648879907197422,1.6806999999999997e-05,0.4665023575226465
417,0.46587742699517143,0.18169533378548092,0.0066117048263549805,0.27757038452007154,0.10166656819206697,1.6806999999999997e-05,0.46652675546981676
418,0.4689314663410187,0.1816929010329423,0.006607660540827998,0.2806309042153535,0.09120638144237024,1.6806999999999997e-05,0.4664520407164538
419,0.4655461443795098,0.18167144777598204,0.006596516679834436,0.2772781815793779,0.09643822273722401,1.1764899999999996e-05,0.4659319572978549
420,0.46472275919384426,0.18203268282943302,0.006558895111083984,0.276131178493853,0.11892022923738868,1.1764899999999996e-05,0.4659121236315479
421,0.46542252213866625,0.18183722098668417,0.006561928325229221,0.27702336730780425,0.09426566654885257,1.1764899999999996e-05,0.4658040186873188
422,0.46662076976564193,0.18101895848910013,0.0065723392698499895,0.27902946759153296,0.10006302650328036,1.1764899999999996e-05,0.4661116607763149
423,0.46531245002040156,0.18103784764254535,0.006614481961285627,0.27766012041657057,0.09743642227517234,1.1764899999999996e-05,0.46603255106343167
424,0.46557585508735094,0.1813488343247661,0.0065836553220395685,0.2776433659924401,0.10276179484747074,1.1764899999999996e-05,0.46594442625840504
425,0.46397783138133863,0.18166902992460462,0.006584114498562283,0.27572468751006657,0.09598668940641263,1.1764899999999996e-05,0.4658944989796038
426,0.4676080511675941,0.1810395618279775,0.006587085900483308,0.27998140343913325,0.09773872709936565,1.1764899999999996e-05,0.46595952764705373
427,0.4662755959563785,0.18139524481914662,0.006577399041917589,0.27830295430289376,0.10761059392933492,1.1764899999999996e-05,0.4659993445431745
428,0.46707194050153095,0.1815821451169473,0.0065684230239303025,0.2789213712568636,0.12752103998705192,1.1764899999999996e-05,0.46581339195922566
429,0.4643152422375149,0.18145014842351279,0.006584118913721155,0.2762809771078604,0.10737333184591046,1.1764899999999996e-05,0.4656903017450261
430,0.46793796839537444,0.1820051791491332,0.006608587724191171,0.27932420152205006,0.11801207548490276,1.1764899999999996e-05,0.4660118226651792
431,0.46619498288189926,0.18175309454953228,0.00655202070871989,0.2778898665198573,0.08465300086471769,1.1764899999999996e-05,0.46608906873950257
432,0.46561921746642504,0.18152722716331482,0.006602640505190249,0.2774893475903405,0.08121939610551905,1.1764899999999996e-05,0.4659889135095808
433,0.4656728638543023,0.1812879040285393,0.006579849455091689,0.27780511092256616,0.09343498255367633,1.1764899999999996e-05,0.4660249548929709
434,0.46641190736382093,0.18147287324622827,0.006562021043565538,0.2783770130740272,0.10847577245699035,1.1764899999999996e-05,0.46610856012061797
435,0.46490847291769805,0.18092313243283165,0.006602843602498372,0.2773824963304732,0.0989936103147489,1.1764899999999996e-05,0.4662016242742538
436,0.46495511575981424,0.181467123053692,0.006566807075783059,0.2769211850784443,0.10002425230211681,1.1764899999999996e-05,0.46593633073347585
437,0.46827250167175577,0.18162760304080117,0.006566383220531323,0.28007851706610787,0.10327112619523648,1.1764899999999996e-05,0.4661360213050135
438,0.4609760895923332,0.1817333527185299,0.006556457943386502,0.27268627617094254,0.10872796481406247,1.1764899999999996e-05,0.46552643621409373
439,0.46587357035389654,0.18109121863488797,0.006560634683679651,0.2782217142758546,0.10841056400979007,1.1764899999999996e-05,0.46568226902573195
440,0.46482778478551795,0.18126924170388115,0.006566286087036133,0.27699225699460067,0.10806458043279471,1.1764899999999996e-05,0.4653712506647463
441,0.46659683408560576,0.18202703915260457,0.0065285541393138745,0.27804123913800277,0.09934782609343529,1.1764899999999996e-05,0.465411435785117
442,0.4655655865316038,0.1819358346638856,0.006541340439407913,0.27708841142831026,0.16768459479014078,1.1764899999999996e-05,0.4654060726916348
443,0.46650011009640163,0.18173701343712984,0.0065683965329770685,0.2781947001262947,0.12562994534770647,1.1764899999999996e-05,0.46548879731584475
444,0.46599392206580553,0.18127147798184995,0.0065863971356992365,0.27813604915583573,0.1306854427136757,1.1764899999999996e-05,0.46544699878604323
445,0.4644487191129614,0.182011263789954,0.006565138145729348,0.2758723188329626,0.08981739136355894,1.1764899999999996e-05,0.46540102340556955
446,0.4641537544903932,0.18129578122386225,0.006567155873333967,0.27629081739319694,0.10329776740184536,1.1764899999999996e-05,0.46532088727862747
447,0.4642443182291808,0.1818711111942927,0.00655674934387207,0.2758164582429109,0.10577952585838458,1.1764899999999996e-05,0.46491806893437
448,0.4648872867778496,0.18095041314760843,0.006580547050193504,0.27735633099520646,0.10751248220050777,1.1764899999999996e-05,0.4653091886529216
449,0.465591914123959,0.1817598635399783,0.006547000673082139,0.27728504715142427,0.09891630088289578,1.1764899999999996e-05,0.4652810230299278
450,0.4647884788336577,0.18156772465617568,0.006541260966548213,0.2766794932109338,0.09949008458190495,1.1764899999999996e-05,0.46527709243474186
451,0.4633330327493173,0.18155503107441795,0.006542554608097783,0.275235445411117,0.09982697306959717,1.1764899999999996e-05,0.464950712301113
452,0.4642026369218473,0.18162703017393747,0.006529260564733435,0.2760463467350713,0.10652385748646877,1.1764899999999996e-05,0.46481441734013734
453,0.46429660695570485,0.18168519216555137,0.006590384024160879,0.27602102800651834,0.11703096826871236,1.1764899999999996e-05,0.46459406702606765
454,0.4686493244436052,0.18139835033151838,0.006563270533526385,0.280687705234245,0.11521064048563992,1.1764899999999996e-05,0.4648596072638476
455,0.46566527198862145,0.18183000606519203,0.006583310939647534,0.27725195443188705,0.10198492267065579,1.1764899999999996e-05,0.46498126255141364
456,0.46660945040208324,0.18144346884003393,0.006573058940746166,0.2785929220694083,0.08898964496674361,1.1764899999999996e-05,0.4652268321425826
457,0.4676905925627108,0.1816569980647829,0.006579275484438296,0.2794543151502256,0.10867348409913204,1.1764899999999996e-05,0.4655714595759356
458,0.46768110107492517,0.18161457777023315,0.0065495747107046625,0.27951694859398735,0.10037547460308781,1.1764899999999996e-05,0.46585084100564317
459,0.4664872774371394,0.18189841012159982,0.006579584545559353,0.27800928001050595,0.10693295920888583,1.1764899999999996e-05,0.4659403773369613
460,0.46536729402012295,0.1819532033469942,0.00653772442429154,0.27687636569694235,0.10919999110477942,1.1764899999999996e-05,0.4659982588556078
461,0.4654587087807832,0.18124135224907487,0.006578392452663845,0.27763896187146503,0.11476133391261101,1.1764899999999996e-05,0.4662108264587544
462,0.4636960139981023,0.18125086360507542,0.006583116672657154,0.27586203316847485,0.10495684475258545,1.1764899999999996e-05,0.4661601641663798
463,0.464537701121083,0.18127400290083,0.006558484501308865,0.2767052109594698,0.1087862693325237,1.1764899999999996e-05,0.46618427358291764
464,0.46646025997621043,0.18151150533446558,0.006542113092210557,0.2784066409976394,0.09779961062250314,1.1764899999999996e-05,0.46596536713617825
465,0.4660105087138988,0.18188395654713665,0.00653484132554796,0.2775917141525834,0.09971053153276443,8.235429999999996e-06,0.46599989080870596
466,0.4678726350819623,0.18097767896122402,0.006564926218103479,0.2803300276950554,0.10493297323032662,8.235429999999996e-06,0.4661262092766938
467,0.46467224536118684,0.18129943697540848,0.00652956521069562,0.27684323875992384,0.0964470173197764,8.235429999999996e-06,0.46582437455654147
468,0.46562484348261796,0.18141264882352617,0.006556700777124475,0.27765549774523135,0.10006204785572158,8.235429999999996e-06,0.46561874879731074
469,0.4665814958236836,0.18117726732183387,0.006559839955082646,0.2788443896505568,0.08819082158583182,8.235429999999996e-06,0.4656281706359652
470,0.4686297255533713,0.1817825519376331,0.00658909038261131,0.2802580804736526,0.09983135194138244,8.235429999999996e-06,0.46595441378929003
471,0.4673177048012062,0.18111166633941508,0.0065565550768816915,0.27964948393680433,0.10744524540172683,8.235429999999996e-06,0.46614031339133233
472,0.4683724895671562,0.18094684293976537,0.0065775712331136065,0.2808480715310132,0.10553411477141911,8.235429999999996e-06,0.46660796094823764
473,0.4626305953220085,0.1814192721137294,0.006573778611642343,0.2746375412852676,0.1064711414553501,8.235429999999996e-06,0.4664172503683302
474,0.4638579278080552,0.1807351509730021,0.0065620431193599,0.276560738130852,0.10869691051818707,8.235429999999996e-06,0.4661570171515147
475,0.46364894950831376,0.18139938679006365,0.006549521728798195,0.27570004264513653,0.1525860208052176,8.235429999999996e-06,0.46592086123095616
476,0.46536277841638635,0.18173004852400887,0.006552073690626357,0.2770806584093306,0.11053387475786386,5.764800999999997e-06,0.4656698755643986
477,0.4650829279864276,0.18116000460253823,0.006546170623214157,0.2773767544163598,0.10969032554162873,5.764800999999997e-06,0.46571094382692274
478,0.4604618979824914,0.18083259297741783,0.006551685156645598,0.2730776170889537,0.12183507117960188,5.764800999999997e-06,0.46519464927691007
479,0.4626191964855901,0.18163721042650718,0.0065688689549763995,0.2744131187597911,0.0968242865745668,5.764800999999997e-06,0.4647984193431006
480,0.46759842170609367,0.1812702660207395,0.006604883405897353,0.2797232711756671,0.14080474277337393,5.764800999999997e-06,0.4646952889583729
481,0.4634415485240795,0.18090851108233133,0.006584361747459129,0.2759486734867096,0.1058476403079651,5.764800999999997e-06,0.4643076733306602
482,0.46450229154692757,0.18153729648501785,0.006573094262017144,0.2763919052150514,0.12161627480829204,5.764800999999997e-06,0.46392065352863743
483,0.46285498252621404,0.18122142994845356,0.00657200813293457,0.2750615444448259,0.10762988624197466,5.764800999999997e-06,0.4639430922490579
484,0.46552157402038574,0.1815929920585067,0.006555791254396792,0.2773727884999028,0.114627318939677,5.764800999999997e-06,0.4641094568702909
485,0.4623552781564218,0.18123098545604283,0.006565857816625525,0.27455843377996375,0.11209517551792993,5.764800999999997e-06,0.46398008973510174
486,0.4659896857208676,0.1804524803603137,0.006564414059674299,0.27897279019708987,0.10939242470043677,5.764800999999997e-06,0.46404278046554986
487,0.4665248625808292,0.18150073952145046,0.006567734259146231,0.2784563899040222,0.1147141393136095,5.764800999999997e-06,0.46418697392499003
488,0.4675166430296721,0.1815662384033203,0.006599002414279514,0.279351403315862,0.1120358791064333,5.764800999999997e-06,0.46489244842970817
489,0.4646009361302411,0.1807954614913022,0.006574242203323929,0.27723123409129957,0.10006371016303699,5.764800999999997e-06,0.4650906223941732
490,0.46528679573977433,0.1815883097825227,0.0065710632889359084,0.2771274259796849,0.10788214096316585,5.764800999999997e-06,0.46485945979754134
491,0.46377496807663526,0.1808917831491541,0.006560360943829572,0.2763228250874413,0.09540068413372393,5.764800999999997e-06,0.4648928017527969
492,0.46774322125646806,0.18134129875236088,0.006558992244579174,0.279842934122792,0.1665522984608456,5.764800999999997e-06,0.46521689472375094
493,0.4644728755509412,0.18165965157526512,0.006605567755522551,0.27620765622015353,0.10425757878908405,5.764800999999997e-06,0.4653786840262236
494,0.4676022706208406,0.18157255152861276,0.006590269230030201,0.27943944931030273,0.13251530075514759,4.035360699999998e-06,0.4655867536862691
495,0.46591642278212086,0.18139015524475663,0.006598114967346191,0.27792815312191294,0.13484345445478405,4.035360699999998e-06,0.46594286814883895
496,0.46065172442683466,0.18163019749853346,0.006543631906862612,0.2724778939176489,0.1077620083535159,4.035360699999998e-06,0.46540907201943565
497,0.4647588939578445,0.18147603339619106,0.006594516612865307,0.276688348363947,0.10145658696139301,4.035360699999998e-06,0.4652324751571372
498,0.46626109326327286,0.18187326303234808,0.006582308698583532,0.27780552042855156,0.11166039716314387,4.035360699999998e-06,0.4651069201804973
499,0.4663231505288018,0.18120775399384675,0.006583465470208062,0.27853193051285213,0.10486957748179082,4.035360699999998e-06,0.46527914162035333
500,0.4640297536496763,0.18161887923876444,0.006557954682244195,0.2758529219362471,0.1098132631568997,4.035360699999998e-06,0.46515343741134363
501,0.4640580007323512,0.18104129864109886,0.006520708401997884,0.27649599534493907,0.10956828516942484,4.035360699999998e-06,0.4651817406769152
502,0.46528423494762844,0.1811542284709436,0.006545075663813838,0.27758493136476586,0.11190749953190486,4.035360699999998e-06,0.4649358420460312
503,0.46500170010107533,0.1808575866398988,0.006557124632376211,0.27758698882880034,0.10740092217370316,4.035360699999998e-06,0.46498872450104456
504,0.4652770636258302,0.18115132715966967,0.006579686094213415,0.27754605147573685,0.0996628073906457,4.035360699999998e-06,0.4647562038015437
505,0.4653837062694408,0.18089225833062772,0.006576061248779297,0.2779153866900338,0.10301615159820628,2.8247524899999986e-06,0.4647029321502757
506,0.46901919334023084,0.18166188730133903,0.006575209123116953,0.2807820936044057,0.11549140692309097,2.8247524899999986e-06,0.46553967904161525
507,0.46438306680432073,0.18182023918187176,0.0065436672281335906,0.2760191570829462,0.11034934057129754,2.8247524899999986e-06,0.46550209632626294
508,0.46661077053458605,0.18135714254997395,0.006565495773598,0.2786881349704884,0.08842171356081963,2.8247524899999986e-06,0.4655370640533942
509,0.4664547288859332,0.1818321540399834,0.006591571701897515,0.27803100479973686,0.11252458531547475,2.8247524899999986e-06,0.46555022188910733
510,0.46539351564866527,0.181248531849296,0.006532863334373191,0.2776121210168909,0.15685462565333755,2.8247524899999986e-06,0.46568659808900625
511,0.4653861610977738,0.18102961778640747,0.006557371881273057,0.27779917143009325,0.11680855684810215,2.8247524899999986e-06,0.46581941412554856
512,0.46655972577907423,0.18148523789864998,0.006559681009363245,0.27851481018243013,0.11015600821486225,2.8247524899999986e-06,0.4659469632086931
513,0.46322529625009606,0.18181931917314176,0.006572431988186306,0.27483354453687314,0.1004666897157828,2.8247524899999986e-06,0.4657693228235951
514,0.46387371531239263,0.18098011171376263,0.006538369037486889,0.2763552323535637,0.10109341406711826,2.8247524899999986e-06,0.4656289879922514
515,0.4653376903798845,0.18123407717104312,0.00655835646170157,0.27754525785092954,0.10130268335342407,2.8247524899999986e-06,0.4656243864032958
516,0.4659923259858732,0.18111877033004053,0.006539194672195999,0.2783343593279521,0.10859726203812493,1.977326742999999e-06,0.46532169966785997
517,0.4640339337013386,0.18154281267413386,0.006520319868017126,0.275970799503503,0.09220437898680016,1.977326742999999e-06,0.4652867863575617
518,0.46894245125629286,0.18159277571572197,0.006550837446142126,0.28079883257548016,0.10296233633050213,1.977326742999999e-06,0.4655199544297325
519,0.4666024457525324,0.18098398987893705,0.006549813129283764,0.27906864550378585,0.10290587127760605,1.977326742999999e-06,0.4655347261163924
520,0.4661265269473747,0.18186125269642583,0.0065602461496988935,0.2777050292050397,0.10254290175658685,1.977326742999999e-06,0.4656080272462633
521,0.4682510550375338,0.18162931391486414,0.006514116569801613,0.28010762400097317,0.09996228333976534,1.977326742999999e-06,0.46589451664023934
522,0.4645283542297505,0.18164711031648847,0.006556449113068757,0.2763247953520881,0.09570787584892025,1.977326742999999e-06,0.465691379485307
523,0.46687286761071944,0.1817856392374745,0.006574719040482132,0.2785125098846577,0.10537645883030361,1.977326742999999e-06,0.46605613662136935
524,0.46627573724146243,0.18089272799315276,0.006567177949128328,0.2788158290916019,0.13764468539092276,1.977326742999999e-06,0.4662963388142762
525,0.4659401906861199,0.18131645796475587,0.006561336693940339,0.27806239437173913,0.09644932837949859,1.977326742999999e-06,0.46635658884489983
526,0.46371187766393024,0.1809079012385121,0.00654739362222177,0.2762565822513015,0.11450385743821109,1.977326742999999e-06,0.4661285440127054
527,0.47030097908443874,0.18154835314662368,0.006535971606219256,0.28221665929864953,0.11710491610897912,1.3841287200999992e-06,0.46675524855101547
528,0.46851337618298,0.1812276288315102,0.006512708134121365,0.2807730436325073,0.10265284017832191,1.3841287200999992e-06,0.4667123410436842
529,0.46320021704391195,0.18077997311397834,0.006497524402759693,0.27592272007906876,0.10795358789187891,1.3841287200999992e-06,0.46637211817282215
530,0.4681163915881404,0.18090758279517846,0.006546718102914316,0.28066208958625793,0.10068744421005249,1.3841287200999992e-06,0.46657110463689877
531,0.4660153653886583,0.18129663831657833,0.006551239225599501,0.27816748839837535,0.11080955976137409,1.3841287200999992e-06,0.4663475356720112
532,0.4636201703989947,0.1811467116629636,0.0065298257050690825,0.27594363027148777,0.0975594523328322,1.3841287200999992e-06,0.46625671728893564
533,0.46190118458535934,0.18113780794320283,0.006546890294110334,0.2742164841404668,0.10294756238107328,1.3841287200999992e-06,0.4657595489863996
534,0.464806052269759,0.18135449566223003,0.006569491492377387,0.27688206677083615,0.12478235929652497,1.3841287200999992e-06,0.46561258048922927
535,0.4680532967602765,0.1806414188058288,0.006529269395051179,0.280882606903712,0.0946873408500795,1.3841287200999992e-06,0.4658238910966449
536,0.46140028149993334,0.18105808893839517,0.006518677428916648,0.2738235101655678,0.10458241761834533,1.3841287200999992e-06,0.46559273148024516
537,0.4675308167934418,0.18155110434249597,0.006563376497339319,0.27941633153844764,0.11127573003371556,1.3841287200999992e-06,0.4653157152511455
538,0.46347520528016267,0.18162406539475476,0.006551261301393862,0.27529987582453974,0.104109864268038,9.688901040699995e-07,0.4648118981608637
539,0.46553947859340244,0.18092864917384255,0.006534117239492911,0.27807671383575155,0.13448011944139446,9.688901040699995e-07,0.4650458243158129
540,0.4654854690587079,0.1814595372588546,0.006571226649814182,0.2774547051500391,0.09885977663927609,9.688901040699995e-07,0.4647827320628696
541,0.4659877331168563,0.18111238490652154,0.006542978463349519,0.2783323697469853,0.09759777315236905,9.688901040699995e-07,0.4647799688356894
542,0.4665263460742103,0.1813480660871223,0.006557274747777868,0.27862100799878436,0.11226529407280463,9.688901040699995e-07,0.4650705864032109
543,0.4640140809394695,0.18127303101398326,0.006539362448233145,0.2762016885810428,0.08593457592306314,9.688901040699995e-07,0.465281876038622
544,0.46495076020558673,0.1814050911753266,0.006533048771045826,0.2770126230186886,0.11798109955809734,9.688901040699995e-07,0.46529634683220467
545,0.46483851803673637,0.18157299249260514,0.0065569789321334275,0.27670854661199784,0.13648025194803873,9.688901040699995e-07,0.4649748689598507
546,0.46513838679702196,0.18105166984928978,0.0065839820437961155,0.277502731040672,0.10012398963725125,9.688901040699995e-07,0.46534867948955955
547,0.4624373096006888,0.1808789504898919,0.006523026360405816,0.2750353327503911,0.11360889507664575,9.688901040699995e-07,0.4648393287702842
548,0.4655865364604526,0.1815000479971921,0.006567235346193667,0.2775192536689617,0.1089531016294603,9.688901040699995e-07,0.4650504618883133
549,0.46690664578367164,0.18173211757783536,0.006592132427074291,0.27858239743444657,0.10780545462060857,6.782230728489996e-07,0.46518717860734027
550,0.46628313704773233,0.18137849039501613,0.006540249895166468,0.2783644000689189,0.1075109025394475,6.782230728489996e-07,0.46526694540624264
551,0.46507411312173913,0.1817442653355775,0.006536987092759874,0.27679285738203263,0.11275522700614399,6.782230728489996e-07,0.46517558340673093
552,0.46515546021638093,0.18115165277763648,0.006563425064086914,0.2774403801670781,0.10168511655043673,6.782230728489996e-07,0.46503849482094795
553,0.4651365644401974,0.1809854170790425,0.006533406398914478,0.277617738754661,0.10464555590792939,6.782230728489996e-07,0.4651507431710208
554,0.46335180158968325,0.18114082515239716,0.006575571166144477,0.27563540471924675,0.11162556362924753,6.782230728489996e-07,0.4649908473094304
555,0.464195250361054,0.18119801525716428,0.006547676192389594,0.27644956001528986,0.11170103111200863,6.782230728489996e-07,0.4649265205418621
556,0.465934744587651,0.1819289238364608,0.0065409474902682835,0.27746487215713217,0.10739919957187441,6.782230728489996e-07,0.46500615632092507
557,0.46690602545385007,0.18133748405509525,0.006576621973956072,0.2789919199766936,0.10707210763185113,6.782230728489996e-07,0.46545302790624127
558,0.4679020742575328,0.18157907327016196,0.006562444898817275,0.2797605571923433,0.08944136842533394,6.782230728489996e-07,0.4656845816859493
559,0.4669764052938532,0.18093408975336286,0.006555491023593479,0.27948682727637114,0.11800516824479457,6.782230728489996e-07,0.46569155763696746
560,0.4659479150065669,0.1817274292310079,0.006513418974699797,0.27770706790464894,0.13039134911916875,4.747561509942997e-07,0.4656580354328509
561,0.45879418320126003,0.1810666024684906,0.006520673080726906,0.27120690434067335,0.12079065831171142,4.747561509942997e-07,0.4650300424408029
562,0.46642764740520054,0.18083750980871696,0.006534479282520435,0.27905565941775284,0.09475715375608867,4.747561509942997e-07,0.4651572611596849
563,0.46397066005954035,0.18150467894695424,0.006513083422625506,0.27595289382669663,0.08523058877499015,4.747561509942997e-07,0.46504067072161925
564,0.46393508381313747,0.18112027589921598,0.006559252738952637,0.276255554623074,0.10998444134990375,4.747561509942997e-07,0.46509899894396456
565,0.4627534570517363,0.18105059641378898,0.006554727201108579,0.27514813454062853,0.1004722357072212,4.747561509942997e-07,0.4649548196130328
566,0.4641416514361346,0.18111869472044487,0.006590357533207646,0.2764326002862718,0.11506426361975847,4.747561509942997e-07,0.4647755102978812
567,0.465024921629164,0.18124418402159656,0.006552206145392524,0.2772285287027006,0.13601116670502555,4.747561509942997e-07,0.46458739991541265
568,0.4657201932536231,0.180727767723578,0.006553857414810745,0.27843856701144465,0.11095651101183009,4.747561509942997e-07,0.46436921181502167
569,0.46553882404609964,0.1809111105071174,0.006540285216437446,0.27808742721875507,0.10390382122110438,4.747561509942997e-07,0.46422545369024626
570,0.46276883505008837,0.18120012680689493,0.00655339382312916,0.2750153182833283,0.1251517709482599,4.747561509942997e-07,0.4639075456945984
571,0.4655172515798498,0.18126016855239868,0.006557380711590803,0.2776997012120706,0.10699040856626299,3.3232930569600976e-07,0.4645798525324574
572,0.4625412038079015,0.18096652571801786,0.006567866713912399,0.2750068097202866,0.10770225856039259,3.3232930569600976e-07,0.4641912081727275
573,0.46699180757557907,0.18119808258833708,0.006494146806222421,0.2792995770772298,0.1060562531153361,3.3232930569600976e-07,0.46449332292433143
574,0.4649558089397572,0.1805433233579,0.006581452157762315,0.27783103563167433,0.08877620570085666,3.3232930569600976e-07,0.4645953954369933
575,0.4646006734282882,0.18128942284319136,0.00655263000064426,0.27675862003255775,0.12523305278133462,3.3232930569600976e-07,0.46478011707464856
576,0.4672241751794462,0.18137719840915115,0.006562400747228552,0.27928457878254076,0.12082587113534962,3.3232930569600976e-07,0.4650883694489797
577,0.4664754392924132,0.1817813328018895,0.006542179319593642,0.2781519282747198,0.10256481170654297,3.3232930569600976e-07,0.4652334212153046
578,0.4636355252177627,0.1817652334769567,0.006516571398134585,0.2753537208945663,0.09306173978580369,3.3232930569600976e-07,0.46502495441171854
579,0.46671150238425646,0.1813736629706842,0.006552877249541106,0.2787849616121363,0.09895171059502496,3.3232930569600976e-07,0.46514222224553425
580,0.4642665673185278,0.18200068396550637,0.006511856008459021,0.27575402789645725,0.10585146811273363,3.3232930569600976e-07,0.46529199547237815
581,0.4647706393842344,0.1814465798713543,0.00652828922978154,0.27679577469825745,0.10116971573895878,3.3232930569600976e-07,0.46521733425281664
582,0.4639217191272312,0.1816852307981915,0.006531768374972873,0.27570472271354113,0.10731319448462238,2.326305139872068e-07,0.46535538578474966
583,0.4623730171609808,0.18148602545261383,0.006544912302935565,0.2743420788535365,0.10340197936252311,2.326305139872068e-07,0.46489350674328983
584,0.46489558506894996,0.18114217012016862,0.00651754273308648,0.27723586669674627,0.11223373230960634,2.326305139872068e-07,0.4648874843562091
585,0.4701291289594438,0.18158938928886695,0.006589801223189743,0.2819499362398077,0.1120653889245457,2.326305139872068e-07,0.46544032990932466
586,0.46285492181777954,0.1815378561064049,0.006557411617702908,0.27475965906072547,0.08795648744260823,2.326305139872068e-07,0.46500340457315803
587,0.4624052102918978,0.18061276111337873,0.006553380577652542,0.27523906694518196,0.12249877041688671,2.326305139872068e-07,0.4645963816731065
588,0.46902197378653065,0.18189717166953617,0.0065450094364307545,0.28057978992108945,0.1067485914186195,2.326305139872068e-07,0.4651350265299833
589,0.46769788088621916,0.18147282081621666,0.006552669737074111,0.279672391988613,0.09287595569535538,2.326305139872068e-07,0.4652336643801795
590,0.467000647827431,0.1814664817518658,0.0065737830268012155,0.2789603824968691,0.10928964449299707,2.326305139872068e-07,0.46550707243106987
591,0.4671850910893193,0.18090902931160396,0.0065541134940253366,0.2797219466280054,0.0985309102193073,2.326305139872068e-07,0.46574851760157826
592,0.4648900594976213,0.18112556029249122,0.006557857548749006,0.2772066427601708,0.1009201603355231,2.326305139872068e-07,0.46584535163861734
593,0.4660391045941247,0.18145553050217805,0.006590132360105161,0.27799344393942094,0.11004408269568726,1.6284135979104476e-07,0.4662119603819318
594,0.4632322148040489,0.18105203961884533,0.006539199087354872,0.27564097223458467,0.10598288586846104,1.6284135979104476e-07,0.46604562335544164
595,0.46606516396557846,0.18204777715382753,0.006582154168023003,0.27743523319562274,0.10744866425240482,1.6284135979104476e-07,0.4656392268560551
596,0.46582877856713756,0.18161556124687195,0.006552329769840947,0.27766088975800407,0.09414842835179081,1.6284135979104476e-07,0.46593661253099083
597,0.4639532952396958,0.18106918699211544,0.006515635384453667,0.27636847065554726,0.09485380365340798,1.6284135979104476e-07,0.4660914210257706
598,0.4658135032212293,0.1804206156068378,0.006580132025259512,0.2788127572448165,0.12651233995954195,1.6284135979104476e-07,0.4657705739692405
599,0.46380818993956957,0.1809223774406645,0.0065356360541449655,0.2763501758928652,0.09863123090730773,1.6284135979104476e-07,0.46538160487457547
600,0.4662267510537748,0.1812197036213345,0.006524222868460196,0.2784828245639801,0.10204349582393964,1.6284135979104476e-07,0.4653042151972099
601,0.46614542603492737,0.18140128972353758,0.006581394760696976,0.2781627376874288,0.1015939019896366,1.6284135979104476e-07,0.46520024869177073
602,0.46546353675701,0.1809114593046683,0.006535662545098199,0.27801641711482294,0.10371997621324328,1.6284135979104476e-07,0.4652575964177096
603,0.46245126481409426,0.18075136398827588,0.0065469565214934175,0.27515294596000955,0.09399496198252395,1.6284135979104476e-07,0.46489881243970654
604,0.4661776191658444,0.18127615749835968,0.006575125235098379,0.27832634029565034,0.11925136146170122,1.1398895185373132e-07,0.46519335287588603
605,0.46323160109696565,0.18128621743785012,0.006547406867698387,0.2753979762395223,0.09589261285684726,1.1398895185373132e-07,0.4649099965890248
606,0.4652934692524098,0.18111665546894073,0.006529432755929453,0.277647379371855,0.1096098569256288,1.1398895185373132e-07,0.4648564656575521
607,0.46392630758108916,0.18128263232884584,0.006545181627626772,0.27609849252082685,0.10531722864619007,1.1398895185373132e-07,0.4648537668916915
608,0.4662188170132814,0.18088661244621984,0.006574122994034378,0.27875808212492204,0.09314713447734162,1.1398895185373132e-07,0.4648942982708967
609,0.46778897334028174,0.18150239023897383,0.006560387434782805,0.27972619069947136,0.14269012516295468,1.1398895185373132e-07,0.46529237661096784
610,0.46828710812109486,0.18132055026513558,0.006546952106334545,0.28041960464583504,0.12353502848634014,1.1398895185373132e-07,0.46549841231769984
611,0.46275573196234526,0.1807657645808326,0.006538355792010272,0.2754516104857127,0.09421794420039212,1.1398895185373132e-07,0.46515944291044165
612,0.46562830165580466,0.18123465058980165,0.0065128450040464044,0.27788080661385145,0.09178190912913393,1.1398895185373132e-07,0.4651759194003212
613,0.46379054696471606,0.1806005675483633,0.006541932070696795,0.2766480484494456,0.10240341667775754,1.1398895185373132e-07,0.4653098476153833
614,0.46356212761667037,0.1809101954654411,0.006571001476711697,0.2760809306745176,0.10414222752054532,1.1398895185373132e-07,0.4650482984604659
615,0.4637564409662176,0.18109470219523818,0.006531238555908203,0.2761304974555969,0.11524601956760441,1e-07,0.46510078244739106
616,0.4662076543878626,0.1809969726536009,0.006578789816962348,0.2786318979881428,0.10264415997597906,1e-07,0.4651922009609364
617,0.46832126599771007,0.1815815567970276,0.006539477242363824,0.2802002319583186,0.11457377327261148,1e-07,0.4656316968025985
618,0.4651782777574327,0.18099756318110008,0.006549680674517596,0.27763103555749963,0.0971546564941053,1e-07,0.46552764287701365
619,0.46497795316908097,0.18140497969256508,0.006532086266411675,0.27704088776199903,0.10339285378102903,1e-07,0.46524654085989353
620,0.46611740854051376,0.1817572839834072,0.0065597958034939235,0.27780033040929725,0.10610128925354392,1e-07,0.4650295709018354
621,0.46671686349091707,0.18114740705048596,0.006524571666011104,0.27904487980736625,0.12158496084588545,1e-07,0.46542568405469253
622,0.4612395873776189,0.18124625969816138,0.0065285541393138745,0.2734647724363539,0.11268720113568836,1e-07,0.464986812626874
623,0.46476769888842545,0.18154080322495214,0.0065622903682567455,0.27666460695090117,0.09778094305484383,1e-07,0.4650845278192449
624,0.4659047413755346,0.1814541286892361,0.006550391515096028,0.2779002222749922,0.10724157343308131,1e-07,0.46531878919513137
625,0.4600384676897967,0.1810345086786482,0.0065083856935854315,0.2724955716618785,0.09705024640317317,1e-07,0.46494699186748933
626,0.4671802311031907,0.18147537940078312,0.006544709205627441,0.27916013918541094,0.09097097193201382,1e-07,0.4650442495390221
627,0.4646667142709096,0.18124469342055144,0.0065569833472923,0.2768650363992762,0.11361219251045475,1e-07,0.464678794366342
628,0.4661716300028342,0.18139312775046737,0.006556872968320493,0.27822162707646686,0.10330180823802948,1e-07,0.4647781295908821
629,0.46646029750506085,0.1812547947521563,0.006524788008795844,0.2786807152960036,0.09345294852499608,1e-07,0.46492636402448023
630,0.4655207892258962,0.18132119487833093,0.006557857548749006,0.27764173569502654,0.1328253935056704,1e-07,0.46486670209301845
631,0.46755645120585404,0.1806231234912519,0.006602432992723253,0.28033089858514293,0.0999227658742004,1e-07,0.4649506608645121
632,0.46116120947731865,0.18162000400048714,0.006517145368787978,0.27302405679667435,0.1082537047289036,1e-07,0.4649428230744821
633,0.46516498261027867,0.18116951540664392,0.0065733106048018845,0.2774221554950432,0.10237726307025662,1e-07,0.46498255144666745
634,0.4662017954720391,0.18141240654168306,0.006534806004276982,0.2782545840298688,0.10273484595947796,1e-07,0.4650122568563179
635,0.4634918415987933,0.18106078660046612,0.0065291016190140334,0.275901950067944,0.09480636387511536,1e-07,0.46535759424721757
636,0.46948081586096024,0.18179485588162034,0.006553795602586534,0.2811321638248585,0.11117090271027,1e-07,0.4655876527229945
637,0.4655420989901931,0.18100463792129798,0.006536876713788068,0.2780005799399482,0.09244795778283367,1e-07,0.4656751911949228
638,0.466404977771971,0.18147003650665283,0.006534046596950955,0.27840089797973633,0.10638135699210344,1e-07,0.4656985259718365
639,0.46707560066823606,0.18145931153385728,0.006543658397815845,0.2790726312884578,0.10204093406597774,1e-07,0.4657600562881541
640,0.46511891815397477,0.18175625856275912,0.006539834870232476,0.2768228269285626,0.1040089333222972,1e-07,0.46571986918096187
641,0.46532965147936783,0.18188980332127325,0.006516244676378038,0.2769236034817166,0.1054575561925217,1e-07,0.46549718920831323
642,0.46285896058435794,0.18158627108291345,0.006534647058557581,0.2747380424428869,0.09571494562206445,1e-07,0.4656669643190171
643,0.46619121233622235,0.18162539877273418,0.006521428072894061,0.2780443882500684,0.0935651069438016,1e-07,0.46576958729161155
644,0.46503074411992673,0.18096678841997077,0.006533357832166884,0.2775305962121045,0.10022620898154047,1e-07,0.46565248215640037
645,0.4639704194333818,0.1810283682964466,0.006546643045213487,0.2763954091955114,0.09354612134672978,1e-07,0.4657003399398592
646,0.4657823410299089,0.1814572110220238,0.006560709741380479,0.2777644197146098,0.10927289613971004,1e-07,0.465330492456754
647,0.46381376849280465,0.18157053380100815,0.006517573639198586,0.2757256582931236,0.09346368908882141,1e-07,0.46515765940701514
648,0.4673962339206978,0.18132089133615847,0.006537300569039804,0.27953804311928926,0.10717243646030072,1e-07,0.4652567850218879
649,0.4662782373251738,0.18214164398334645,0.006530951570581507,0.27760564121935105,0.08948830128819854,1e-07,0.4651770486875816
650,0.46221437829512135,0.1815302962506259,0.0065447356965806745,0.2741393452441251,0.09421051735127414,1e-07,0.46488659470169635
651,0.46138523794986586,0.1817780766222212,0.006530002311423973,0.27307715901622065,0.16961193277879996,1e-07,0.46449215334874616
652,0.4654142955938975,0.18158949801215418,0.006540616353352864,0.27728417957270585,0.09971027186623325,1e-07,0.4647476868497001
653,0.4645631832105142,0.18065170447031656,0.00654651059044732,0.2773649681497503,0.10470101333878658,1e-07,0.4645848839371293
654,0.4693192387068713,0.18140992356671226,0.006530368769610369,0.2813789447148641,0.1073551985124747,1e-07,0.4650137333958237
655,0.4674302107757992,0.1813923512344007,0.006580467577333804,0.2794573925159596,0.09043987371303418,1e-07,0.4653597125300655
656,0.4644535603346648,0.18072364838035018,0.006565336827878599,0.2771645784378052,0.13893176173722302,1e-07,0.465226834460541
657,0.46440990213994626,0.18101542029115888,0.006549808714124892,0.2768446703751882,0.11279671018322308,1e-07,0.46528644782525524
658,0.4658098309128373,0.18164310852686563,0.006521220560427065,0.277645504033124,0.11445783202846845,1e-07,0.4651278075244692
659,0.4613540161539007,0.18099876520810304,0.006559407269513166,0.27379584036491533,0.1036797610146028,1e-07,0.46463538540734184
660,0.4634162121348911,0.18095114054503264,0.006529313546639902,0.2759357613545877,0.10063379961583349,1e-07,0.46475556879131885
661,0.4670855888613948,0.18164298269483778,0.006540912168997305,0.27890169289377,0.08249243955921244,1e-07,0.46532560388247174
662,0.4645080091776671,0.18140472526903506,0.006557914945814345,0.27654536730713314,0.11183686209497629,1e-07,0.46523497524084867
663,0.46527313303064416,0.18063053599110357,0.006589487746909812,0.2780531115002102,0.1065545315267863,1e-07,0.46530597022286163
664,0.46438174887939737,0.1811644032045647,0.006548793227584274,0.27666855189535355,0.09451696828559593,1e-07,0.4648122212401143
665,0.46217254245722733,0.18095034250506647,0.00655786637906675,0.274664334124989,0.10795588984533593,1e-07,0.4642864544082571
666,0.46628180808491176,0.18095202854386083,0.006530421751516836,0.27879935944521866,0.10116385889274103,1e-07,0.46446927918328174
667,0.46684077933982565,0.18103117357801507,0.006538991574887876,0.279270616946397,0.11036427719173608,1e-07,0.4647123669032697
668,0.46204351054297554,0.18153532180521223,0.006547468679922598,0.27396072171352526,0.10082301442269925,1e-07,0.46433573486628354
669,0.46387926627088477,0.18119234122611858,0.006540859187090838,0.2761460653057805,0.1065098470835774,1e-07,0.46458825987798197
670,0.4652514479778431,0.1811026809392152,0.0065389032717104315,0.2776098637669175,0.10622592739484928,1e-07,0.4647717834622771
671,0.46573847753030284,0.18061309114650445,0.006561098275361238,0.27856429086791146,0.09152748532317302,1e-07,0.464637072329168
672,0.4681001780209718,0.18143986386281472,0.00652228902887415,0.28013802457738807,0.09920593889223205,1e-07,0.4649962892134985
673,0.4623709475552594,0.181028519515638,0.006517264578077529,0.27482516235775417,0.08784199850978675,1e-07,0.4647060706659599
674,0.46719550644909896,0.18119473976117592,0.006560956990277326,0.27943980583438166,0.10893597067506225,1e-07,0.4649874464229301
675,0.46493534909354317,0.18126597448631568,0.006549270064742477,0.2771201056462747,0.10499445983657131,1e-07,0.46526372708656166
676,0.46248161020102324,0.18082591946478244,0.006540338198343913,0.2751153514341072,0.09781405495272742,1e-07,0.46488370729817285
677,0.4661454768092544,0.1816689090596305,0.006544956454524287,0.27793161295078417,0.11877892166376114,1e-07,0.4648141770451157
678,0.46653792372456304,0.18107704983817208,0.006541402251632126,0.2789194683233897,0.10659107938408852,1e-07,0.46526361836327457
679,0.4648061008365066,0.18121319622905166,0.006538068806683576,0.2770548341450868,0.10176593258425042,1e-07,0.46535630181983667
680,0.4661089535112734,0.18125759727425045,0.006510191493564182,0.2783411686067228,0.08356188348046055,1e-07,0.46544205237317976
681,0.4623523266227157,0.18126556608412,0.006542007128397624,0.27454475396209294,0.08877247861689991,1e-07,0.465103437282421
682,0.4646681657543889,0.18126409086916181,0.006550069208498354,0.27685400953999273,0.10867462031267307,1e-07,0.46476023605576267
683,0.46245288296982096,0.18142963007644372,0.006571994887457954,0.27445125690212957,0.09713391504353946,1e-07,0.4647684295972188
684,0.46379694563371165,0.18095358599115302,0.006571509219982006,0.2762718509744715,0.09853221503672777,1e-07,0.4644285735156801
685,0.46505501755961665,0.18101091848479378,0.006585977695606373,0.27745812027542677,0.11402499041071644,1e-07,0.4644405403622874
686,0.46423553537439416,0.18126232425371805,0.006551005222179272,0.2764222036909174,0.10390131327289122,1e-07,0.46461593287962455
687,0.4625403031154915,0.1810493447162487,0.006543534773367422,0.27494742583345483,0.11051580751383747,1e-07,0.46425541551024824
688,0.46981373539677374,0.18158358556252938,0.0065636855584603766,0.28166647089852226,0.16190288684986257,1e-07,0.46458299667746933
689,0.46276189000518236,0.18100069849579423,0.006551345189412435,0.2752098474237654,0.11733127868285885,1e-07,0.4643785755943369
690,0.466455426481035,0.18135127204435844,0.006541923240379051,0.27856222898871813,0.08729028963932285,1e-07,0.46441322289131304
691,0.46484312304744013,0.1817776417290723,0.006556736098395454,0.2765087408048135,0.09208191903652968,1e-07,0.46466230253378554
692,0.46323500518445615,0.18052668372790018,0.006531768374972873,0.2761765552891625,0.15402117399153886,1e-07,0.46451898647679224
693,0.46320223918667547,0.1814213008792312,0.006530704321684661,0.2752502339857596,0.11273404307387493,1e-07,0.4645939220984777
694,0.464513103167216,0.18121645130493022,0.006547464264763726,0.27674918594183745,0.10255935526004543,1e-07,0.4646655378518282
695,0.46469283545458756,0.18144389545475995,0.00651395320892334,0.2767349867909043,0.09898651639620464,1e-07,0.46462931964132526
696,0.46436490063314084,0.18142990657576807,0.006569054391649034,0.2763659413214083,0.10731437622948929,1e-07,0.4646422561671999
697,0.4679934603196603,0.18148550832713092,0.006555221698902271,0.2799527280860477,0.09437203890195599,1e-07,0.4651875718876168
698,0.4645697032963788,0.1809189126447395,0.006526633545204445,0.27712415655454,0.09280266930107717,1e-07,0.46466316867757723
699,0.46608107619815403,0.18107464302469184,0.006528311305575901,0.2784781246273606,0.1374389900377503,1e-07,0.4649950872968745
700,0.4670416933518869,0.18122648144209827,0.006591006561561867,0.27922420258875247,0.11679278010571445,1e-07,0.46505371398395967
701,0.4641644071649622,0.18168156180116865,0.0065357420179579,0.2759470994825716,0.08768484534488784,1e-07,0.46498584239571183
702,0.4625024442319517,0.181422072980139,0.006541415497108742,0.27453895741038853,0.11207686240474383,1e-07,0.46491258630046134
703,0.4640249400227158,0.18130365897108008,0.006584189556263111,0.2761370937029521,0.09488359576574078,1e-07,0.46499485638406546
704,0.46352413296699524,0.18078564824881377,0.006545914543999566,0.2761925690703922,0.10273664651645555,1e-07,0.4648959593640433
705,0.4649838584440726,0.18126604071369878,0.006517039404975044,0.2772007805329782,0.11893359143976812,1e-07,0.4649250616629918
706,0.4674635485366539,0.1817186270599012,0.0065498219596015084,0.279195100069046,0.09869766469906878,1e-07,0.4652349264533432
707,0.4676541266617952,0.1811420034479212,0.006547689437866211,0.2799644348797975,0.10333401337265968,1e-07,0.46520099308755664
708,0.4668761039221728,0.18147013971099146,0.006538735495673286,0.2788672281636132,0.10428981648551093,1e-07,0.46543163315013614
709,0.4642375409603119,0.18179840125419475,0.006569632777461299,0.2758695085843404,0.12148417739404573,1e-07,0.4652472796263519
710,0.46537778223002396,0.18108973293392747,0.006567857883594654,0.277720190860607,0.09961160713875736,1e-07,0.46508088851416557
711,0.46505548225508797,0.1810060844377235,0.006536492594966182,0.2775129057742931,0.09770426995776317,1e-07,0.4651699960231781
712,0.4665413200855255,0.18124875757429335,0.006547733589454934,0.27874482781798754,0.10973922687548178,1e-07,0.4655738836085355
713,0.46639668389602945,0.18093642702809087,0.006583902570936415,0.27887635429700214,0.10916766413935909,1e-07,0.46581105799586686
714,0.463942203256819,0.18099063910819865,0.006549680674517596,0.27640188292220785,0.09567256892720859,1e-07,0.4658528650248492
715,0.4632504560329296,0.18060337282993175,0.006536863468311451,0.2761102186308967,0.11464578672139733,1e-07,0.465679524783735
716,0.4658085063651756,0.1816183207211671,0.006563425064086914,0.27762675616476273,0.11334962908316541,1e-07,0.46551402056658703
717,0.4638421623795121,0.18090758941791676,0.006534753022370515,0.27639981938732994,0.10310977531803979,1e-07,0.4651328241383588
718,0.46659967082518117,0.18201013295738785,0.0065480514808937355,0.2780414819717407,0.11204565951117763,1e-07,0.4651051808286596
719,0.4658298635924304,0.18163694110181597,0.006549813129283764,0.2776431143283844,0.10706519611455777,1e-07,0.46526441309187144
720,0.46416624497484277,0.18193782976380102,0.006532514536822283,0.27569589681095547,0.11900740682526871,1e-07,0.4651432593663533
721,0.4657763893957491,0.18127267835316835,0.006543327260900427,0.2779603821259958,0.10179493493503994,1e-07,0.4652153500804195
722,0.4661469117358879,0.18123048378361595,0.006566387635690195,0.2783500408684766,0.09410809049451793,1e-07,0.4651759092454557
723,0.46386232530629196,0.18160405423906115,0.006531476974487305,0.2757267951965332,0.13862959571458675,1e-07,0.46492247338648196
724,0.4628786422588207,0.1816744511878049,0.0065094585771913885,0.27469473194192956,0.10735643337722178,1e-07,0.46481611728668215
725,0.4642486020370766,0.18132881820201874,0.006536951771488896,0.27638283371925354,0.1081525121849996,1e-07,0.4649159318870969
726,0.46626538700527614,0.18107796708742777,0.006553543938530816,0.2786338770831073,0.09145062430589287,1e-07,0.4649616199511068
727,0.462818615966373,0.18090376644222825,0.006526412787260833,0.2753884361849891,0.11203175107086147,1e-07,0.46485926530979305
728,0.46576619258633367,0.18141310524057458,0.006560705326221607,0.2777923776043786,0.10757574494238253,1e-07,0.46477591748590824
729,0.4620406009532787,0.18132392455030372,0.006554449046099627,0.2741622257011908,0.10886757337936649,1e-07,0.464396991221993
730,0.4617968687304744,0.18113486855118363,0.00655931896633572,0.27410267955727047,0.09868324658385029,1e-07,0.4641600535975562
731,0.46356064743465847,0.18078930731172915,0.006567915280659993,0.2762034237384796,0.09579459688177815,1e-07,0.46393847940144717
732,0.4660491391464516,0.18102213905917275,0.006541481724491826,0.2784855167071025,0.13054272063352443,1e-07,0.4639287021425035
733,0.466748919751909,0.18185416471075128,0.006567857883594654,0.27832689770945795,0.097770807367784,1e-07,0.4642173615870653
734,0.4658525398483983,0.18173407514890036,0.006544082253067581,0.27757438244643035,0.12878606468439102,1e-07,0.46451475134602294
