step,train/total_loss,train/recon_loss_weighted,train/mmd_loss,train/triplet_loss_weighted,train/grad_norm,train/lr,train/smooth_total_loss
0,0.8997186869382858,0.25415948033332825,0.07806149870157242,0.5674977041780949,0.05995867075398564,0.0001,0.8997186869382858
1,0.8734043054282665,0.24103294219821692,0.0774836391210556,0.5548877194523811,0.06984921940602362,0.0001,0.8865614961832762
2,0.8381990045309067,0.22464087139815092,0.0799536257982254,0.5336044952273369,0.0799014144577086,0.0001,0.8704406656324863
3,0.8015610240399837,0.20903279911726713,0.08179065585136414,0.5107375718653202,0.0805521011352539,0.0001,0.8532207552343607
4,0.7754250802099705,0.20015235804021358,0.07881535589694977,0.49645736441016197,0.07860962860286236,0.0001,0.8376616202294827
5,0.7550177648663521,0.19699692633002996,0.07115806639194489,0.48686275631189346,0.07603610912337899,0.0001,0.8238876443356276
6,0.7390928976237774,0.19594061467796564,0.06439953297376633,0.4787527434527874,0.07415212970227003,0.0001,0.8117741090910775
7,0.7257017828524113,0.19547979347407818,0.05918283760547638,0.471039155498147,0.07382416445761919,0.0001,0.8010150683112442
8,0.7182868644595146,0.19473381899297237,0.05602964013814926,0.4675234090536833,0.07286875694990158,0.0001,0.7918230456610521
9,0.71992052718997,0.19357040524482727,0.054228268563747406,0.4721218552440405,0.0702999928034842,0.0001,0.7846327938139439
10,0.7191513553261757,0.19242242258042097,0.051431745290756226,0.4752971790730953,0.07012090273201466,0.0001,0.7665760606527329
11,0.7177573330700397,0.19107022043317556,0.048443153500556946,0.47824395820498466,0.07032127492129803,0.0001,0.7510113634169102
12,0.7137000672519207,0.19036773405969143,0.046644434332847595,0.47668789327144623,0.07005406729876995,0.0001,0.7385614696890116
13,0.7089544609189034,0.1890945164486766,0.043781839311122894,0.4760781079530716,0.07060598488897085,0.0001,0.7293008133769036
14,0.7011259458959103,0.18863914720714092,0.04346608370542526,0.4690207149833441,0.07062669890001416,0.0001,0.7218708999454975
15,0.6857444159686565,0.18852341175079346,0.04474335163831711,0.4524776544421911,0.0766216441988945,0.0001,0.714943565055728
16,0.6792848445475101,0.1865888200700283,0.04947569966316223,0.4432203285396099,0.07679124502465129,0.0001,0.7089627597481012
17,0.6679615005850792,0.18502397276461124,0.052805282175540924,0.4301322419196367,0.08622791478410363,0.0001,0.7031887315213681
18,0.6568777672946453,0.18493393436074257,0.05478879064321518,0.41715504601597786,0.08335203351452947,0.0001,0.6970478218048811
19,0.6469802558422089,0.1841690931469202,0.05535705387592316,0.4074541125446558,0.07713098591193557,0.0001,0.689753794670105
20,0.643805980682373,0.18352083768695593,0.0567949116230011,0.40349023789167404,0.07994834752753377,0.0001,0.6822192572057247
21,0.6457321457564831,0.18313204776495695,0.057525262236595154,0.40507484041154385,0.07621688116341829,0.0001,0.675016738474369
22,0.6428975462913513,0.18297945894300938,0.057077087461948395,0.4028410017490387,0.08289267588406801,0.0001,0.6679364863783122
23,0.6403994783759117,0.18265107460319996,0.05682805925607681,0.40092033706605434,0.08038596156984568,0.0001,0.661080988124013
24,0.6458832398056984,0.18253908306360245,0.05635397881269455,0.40699017234146595,0.08469337737187743,0.0001,0.6555567175149918
25,0.6454388424754143,0.1823148261755705,0.056395791471004486,0.4067282322794199,0.09000003943219781,0.0001,0.6515261601656676
26,0.6470124535262585,0.18235944863408804,0.055945903062820435,0.4087070971727371,0.09246822725981474,0.0001,0.6482989210635424
27,0.6494227759540081,0.18221212923526764,0.05568971484899521,0.41152092814445496,0.08811859413981438,0.0001,0.6464450486004353
28,0.6513668224215508,0.18231477588415146,0.05440843105316162,0.4146436210721731,0.09162078937515616,0.0001,0.6458939541131258
29,0.6537362225353718,0.18221606500446796,0.05491939187049866,0.4166007675230503,0.10171705530956388,0.0001,0.646569550782442
30,0.6570238098502159,0.182208520360291,0.05470658093690872,0.4201087113469839,0.10208090720698237,0.0001,0.6478913336992264
31,0.6589702852070332,0.182108573615551,0.05326910316944122,0.4235926102846861,0.09200301952660084,0.0001,0.6492151476442813
32,0.6560165770351887,0.18213754892349243,0.053398437798023224,0.4204805940389633,0.09226412419229746,0.0001,0.6505270507186651
33,0.6581867337226868,0.18198563624173403,0.052933573722839355,0.4232675228267908,0.0968980360776186,0.0001,0.6523057762533426
34,0.6601784490048885,0.1819325564429164,0.05277144908905029,0.42547444626688957,0.10484441509470344,0.0001,0.6537352971732616
35,0.655382439494133,0.1819652235135436,0.05124667286872864,0.4221705496311188,0.11257497686892748,0.0001,0.6547296568751335
36,0.6641430333256721,0.18235481344163418,0.05249027907848358,0.42929793894290924,0.10078285075724125,0.0001,0.6564427148550749
37,0.6599652767181396,0.18207657244056463,0.051147691905498505,0.42674101144075394,0.10037968261167407,0.0001,0.657496964931488
38,0.6614427827298641,0.18193181417882442,0.05122718960046768,0.42828377708792686,0.09808609122410417,0.0001,0.6585045609623194
39,0.6654029153287411,0.18208863772451878,0.05034925788640976,0.43296501599252224,0.09681516466662288,0.0001,0.6596712302416563
40,0.6632289923727512,0.18195895850658417,0.04900195449590683,0.432268088683486,0.10279288934543729,0.0001,0.6602917484939098
41,0.667528573423624,0.18213031347841024,0.05027175694704056,0.4351265113800764,0.10459829680621624,0.0001,0.661147577315569
42,0.6668045111000538,0.18202116061002016,0.049398429691791534,0.4353849273175001,0.10003243060782552,0.0001,0.6622263707220555
43,0.6676148436963558,0.18188156932592392,0.048758551478385925,0.4369747266173363,0.10920481337234378,0.0001,0.6631691817194223
44,0.6636375002563,0.18200195487588644,0.04775237292051315,0.4338831752538681,0.12032236903905869,0.0001,0.6635150868445635
45,0.6686608456075191,0.18185176979750395,0.04794412851333618,0.4388649370521307,0.10384042607620358,0.0001,0.6648429274559021
46,0.6645861826837063,0.18197230529040098,0.046960748732089996,0.4356531258672476,0.10979972593486309,0.0001,0.6648872423917055
47,0.6644349172711372,0.18185158632695675,0.04626563936471939,0.43631770089268684,0.11167825618758798,0.0001,0.6653342064470052
48,0.6647441424429417,0.18192112911492586,0.046397097408771515,0.4364259075373411,0.10955951875075698,0.0001,0.6656643424183131
49,0.6637749075889587,0.1816279785707593,0.04647921025753021,0.43566772527992725,0.11033526668325067,0.0001,0.6655015416443348
50,0.6706778928637505,0.18156279437243938,0.04568540304899216,0.44342969730496407,0.10528453812003136,0.0001,0.6662464316934347
51,0.6667296960949898,0.18161445390433073,0.0454540029168129,0.439661243930459,0.11125599220395088,0.0001,0.6661665439605713
52,0.666681781411171,0.18150444701313972,0.04442010074853897,0.44075723737478256,0.10904882941395044,0.0001,0.666154270991683
53,0.6667212396860123,0.18155742064118385,0.0438203290104866,0.44134349934756756,0.11403426015749574,0.0001,0.6660649105906487
54,0.6628642417490482,0.18155294191092253,0.04297289997339249,0.43833839520812035,0.1155133955180645,0.0001,0.6659875847399235
55,0.6630429215729237,0.18138654064387083,0.043791159987449646,0.43786521814763546,0.11329365242272615,0.0001,0.6654257923364639
56,0.6658445298671722,0.18127922993153334,0.043338410556316376,0.4412268865853548,0.11928243469446898,0.0001,0.6655516270548105
57,0.6605878062546253,0.18138563819229603,0.04234979301691055,0.4368523806333542,0.11537816748023033,0.0001,0.6651669159531594
58,0.665070928633213,0.18106965720653534,0.04256320744752884,0.44143807142972946,0.11557892197743058,0.0001,0.6651995945721865
59,0.6640584021806717,0.18116182833909988,0.04214133322238922,0.44075524248182774,0.10794103192165494,0.0001,0.6652279440313578
60,0.6601007431745529,0.18121682293713093,0.04195202887058258,0.4369318913668394,0.1119021624326706,0.0001,0.6641702290624381
61,0.6620842553675175,0.1809909427538514,0.04106439650058746,0.44002891331911087,0.1264725960791111,0.0001,0.6637056849896907
62,0.6602016277611256,0.18116008955985308,0.0405876561999321,0.4384538847953081,0.11407200060784817,0.0001,0.6630576696246863
63,0.6578109264373779,0.18095905054360628,0.04062063992023468,0.4362312350422144,0.11436403589323163,0.0001,0.6621666382998228
64,0.6560389474034309,0.18086182232946157,0.03960966318845749,0.4355674684047699,0.12103213183581829,0.0001,0.6614841088652611
65,0.6564662531018257,0.1811516722664237,0.03920959681272507,0.43610497936606407,0.11306593520566821,0.0001,0.6608264420181513
66,0.6610368564724922,0.18073611333966255,0.038782231509685516,0.44151851534843445,0.11707830708473921,0.0001,0.6603456746786833
67,0.6538303419947624,0.18066469114273787,0.03883371502161026,0.43433193303644657,0.11420781398192048,0.0001,0.659669928252697
68,0.6516607329249382,0.18075189925730228,0.038586266338825226,0.43232256546616554,0.11625305330380797,0.0001,0.6583289086818696
69,0.6505000628530979,0.18081053532660007,0.038334622979164124,0.4313548970967531,0.1238471856340766,0.0001,0.6569730747491122
70,0.6506392806768417,0.1805490031838417,0.038360513746738434,0.43172976560890675,0.12552942195907235,0.0001,0.656026928499341
71,0.6541911028325558,0.180578937754035,0.037659771740436554,0.43595239147543907,0.11937424540519714,0.0001,0.6552376132458448
72,0.6506924591958523,0.1804256159812212,0.0372282937169075,0.4330385494977236,0.11688561178743839,0.0001,0.6542866963893175
73,0.651478711515665,0.18063257820904255,0.03757454454898834,0.433271586894989,0.11224602675065398,0.0001,0.6536534748971462
74,0.6519212126731873,0.18075400590896606,0.036774858832359314,0.4343923553824425,0.11876959912478924,0.0001,0.6532417014241219
75,0.6451313011348248,0.18035645876079798,0.03639255464076996,0.42838229052722454,0.12152131972834468,0.0001,0.6521082062274217
76,0.6439549513161182,0.18040069472044706,0.036083921790122986,0.4274703413248062,0.1303108441643417,0.0001,0.6504000157117844
77,0.646567840129137,0.18033631704747677,0.03601377457380295,0.430217744782567,0.13007692946121097,0.0001,0.6496737655252218
78,0.64173723757267,0.1802702723070979,0.0350809320807457,0.42638602666556835,0.11686015827581286,0.0001,0.648681415989995
79,0.6415643021464348,0.18024189490824938,0.03496725112199783,0.42635516077280045,0.12304197950288653,0.0001,0.6477878399193286
80,0.6422607339918613,0.1802171589806676,0.03532353788614273,0.4267200492322445,0.12568218726664782,0.0001,0.6469499852508307
81,0.6407895721495152,0.1801264276728034,0.03474985808134079,0.4259132891893387,0.12412654468789697,0.0001,0.6456098321825265
82,0.6402365602552891,0.1800255011767149,0.03411652147769928,0.4260945338755846,0.12105993973091245,0.0001,0.6445642422884703
83,0.6356137543916702,0.1798127507790923,0.034735776484012604,0.4210652317851782,0.12143329065293074,0.0001,0.6429777465760708
84,0.6364063061773777,0.17971242312341928,0.03392349183559418,0.4227703884243965,0.12446668045595288,0.0001,0.6414262559264898
85,0.6371533907949924,0.1799201974645257,0.034168682992458344,0.4230645149946213,0.12285882653668523,0.0001,0.6406284648925066
86,0.6314379088580608,0.17986823432147503,0.033367887139320374,0.41820179112255573,0.12403360521420836,0.0001,0.6393767606467009
87,0.6318303719162941,0.17963350005447865,0.03344129025936127,0.4187555853277445,0.12328761210665107,0.0001,0.6379030138254166
88,0.632641326636076,0.17961851507425308,0.033246636390686035,0.41977618262171745,0.12376299826428294,0.0001,0.6369934227317572
89,0.627929225564003,0.17948537971824408,0.03345341980457306,0.414990421384573,0.12873554741963744,0.0001,0.635629915073514
90,0.6314626932144165,0.1793328346684575,0.033089205622673035,0.4190406557172537,0.1260587521828711,0.0001,0.6345501109957695
91,0.6262388750910759,0.17928563710302114,0.03243023902177811,0.4145229998975992,0.12927209958434105,0.0001,0.6330950412899256
92,0.6329211629927158,0.179368088953197,0.03273477405309677,0.42081830464303493,0.13106628227978945,0.0001,0.6323635015636683
93,0.6265633963048458,0.17932808492332697,0.03238748013973236,0.41484782844781876,0.1288898945786059,0.0001,0.6314584657549858
94,0.6254038996994495,0.17923957761377096,0.031947098672389984,0.4142172262072563,0.1303994250483811,0.0001,0.630358225107193
95,0.6256720311939716,0.17897733766585588,0.0317879244685173,0.41490676812827587,0.13019215781241655,0.0001,0.6292100891470909
96,0.6202520951628685,0.17912586778402328,0.031143277883529663,0.40998295322060585,0.13623876497149467,0.0001,0.6280915077775717
97,0.6239231340587139,0.17888472322374582,0.031219907104969025,0.4138184990733862,0.13766701752319932,0.0001,0.6273007839918137
98,0.6243774481117725,0.17889613658189774,0.03116249293088913,0.4143188167363405,0.13003860972821712,0.0001,0.6264743961393833
99,0.6205508708953857,0.17911078967154026,0.031038500368595123,0.4104015789926052,0.1264476841315627,0.0001,0.6257365606725216
100,0.6200869306921959,0.1788009088486433,0.0307135209441185,0.4105725083500147,0.13455440942198038,0.0001,0.6245989844202995
101,0.620050236582756,0.17884863913059235,0.03053928166627884,0.41066231764853,0.13761215703561902,0.0001,0.6239801205694675
102,0.6176807545125484,0.17883838340640068,0.030120842158794403,0.4087215308099985,0.15077098831534386,0.0001,0.6224560797214508
103,0.6196683533489704,0.17868970520794392,0.030056312680244446,0.4109223335981369,0.15129226492717862,0.0001,0.6217665754258632
104,0.61529241502285,0.1784991566091776,0.029827117919921875,0.40696614049375057,0.14294111961498857,0.0001,0.6207554269582033
105,0.6122804507613182,0.17854287382215261,0.029604315757751465,0.40413325652480125,0.14011843083426356,0.0001,0.619416268914938
106,0.6182481162250042,0.17835042718797922,0.029683798551559448,0.4102138876914978,0.13809621380642056,0.0001,0.6192158710211515
107,0.6123065389692783,0.17837823368608952,0.02937489002943039,0.40455341525375843,0.13928082818165421,0.0001,0.618054211512208
108,0.6139739491045475,0.1782293189316988,0.028859302401542664,0.40688532777130604,0.1412250129505992,0.0001,0.6170138616114855
109,0.6156454049050808,0.17825972568243742,0.02837337553501129,0.4090123027563095,0.14960857527330518,0.0001,0.6165233150124549
110,0.6119970418512821,0.17814317718148232,0.028217732906341553,0.4056361261755228,0.15026847692206502,0.0001,0.6157143261283636
111,0.608354564756155,0.17795971129089594,0.028271600604057312,0.40212325006723404,0.13935339450836182,0.0001,0.6145447589457035
112,0.6109013110399246,0.17781696375459433,0.028395138680934906,0.40468921326100826,0.13959560822695494,0.0001,0.6138668145984412
113,0.6107359603047371,0.17777074966579676,0.028097480535507202,0.40486774034798145,0.14703757362440228,0.0001,0.6129735752940177
114,0.612872451543808,0.17779509536921978,0.0281197652220726,0.40695759281516075,0.1544685009866953,0.0001,0.6127315789461136
115,0.6087062247097492,0.1776713840663433,0.02780020982027054,0.4032346308231354,0.15833211410790682,0.0001,0.6123741563409567
116,0.6070667766034603,0.17762783262878656,0.02737537771463394,0.40206356160342693,0.16464341524988413,0.0001,0.6112560223788023
117,0.6067679785192013,0.1775715034455061,0.027062349021434784,0.40213413164019585,0.147748370654881,0.0001,0.6107021663337946
118,0.6056611984968185,0.17766582034528255,0.027372494339942932,0.40062288381159306,0.14994730381295085,0.0001,0.6098708912730217
119,0.6060312353074551,0.17752248886972666,0.027192257344722748,0.4013164881616831,0.15068667754530907,0.0001,0.6089094743132591
120,0.6060889363288879,0.1773900594562292,0.027571894228458405,0.4011269863694906,0.17286365944892168,0.0001,0.6083186637610197
121,0.6032464131712914,0.17732783500105143,0.026819050312042236,0.39909952878952026,0.15777182951569557,0.0001,0.6078078486025333
122,0.5993260517716408,0.17731597926467657,0.02717944234609604,0.3948306292295456,0.15972820110619068,0.0001,0.606650322675705
123,0.5972866602241993,0.17734050378203392,0.02666936069726944,0.39327679947018623,0.16508364491164684,0.0001,0.6053053926676512
124,0.6019656397402287,0.1771434424445033,0.026877008378505707,0.39794519171118736,0.15502469893544912,0.0001,0.6042147114872932
125,0.6050253994762897,0.17703897040337324,0.02657294273376465,0.40141348354518414,0.1719198189675808,0.0001,0.6038466289639473
126,0.6031876467168331,0.17725566402077675,0.025951549410820007,0.3999804314225912,0.1698763556778431,0.0001,0.6034587159752846
127,0.5983786657452583,0.17668612860143185,0.026130594313144684,0.3955619465559721,0.15456482768058777,0.0001,0.6026197846978902
128,0.5979562290012836,0.1769117582589388,0.02592288702726364,0.39512158930301666,0.16610589902848005,0.0001,0.6018492877483368
129,0.5929953679442406,0.17686111200600863,0.026885025203227997,0.38924923352897167,0.18381476122885942,0.0001,0.6005457010120153
130,0.597295481711626,0.17678248323500156,0.026116564869880676,0.39439643919467926,0.16868462320417166,0.0001,0.5996663555502891
131,0.5997151136398315,0.17674698401242495,0.026177048683166504,0.39679107815027237,0.1871692230924964,0.0001,0.5993132255971432
132,0.5959808193147182,0.1767814951017499,0.025752566754817963,0.39344676211476326,0.18316302075982094,0.0001,0.5989787023514509
133,0.5974011160433292,0.17651761416345835,0.025653332471847534,0.39523017033934593,0.1701869321987033,0.0001,0.5989901479333639
134,0.5977280028164387,0.17646342422813177,0.025539852678775787,0.39572472125291824,0.16992631927132607,0.0001,0.598566384240985
135,0.5989648327231407,0.17653975263237953,0.02549373358488083,0.3969313483685255,0.17000668309628963,0.0001,0.59796032756567
136,0.5999173112213612,0.17645677831023932,0.025456853210926056,0.39800367318093777,0.1670281756669283,0.0001,0.5976332940161229
137,0.5974065139889717,0.17645386699587107,0.025124281644821167,0.39582836255431175,0.17021484673023224,0.0001,0.5975360788404942
138,0.5931789614260197,0.17633758019655943,0.02514084428548813,0.3917005378752947,0.172526553273201,0.0001,0.5970583520829678
139,0.5971826463937759,0.17627831362187862,0.02527763694524765,0.39562669582664967,0.18385896645486355,0.0001,0.5974770799279213
140,0.5924290902912617,0.17625410668551922,0.025045812129974365,0.3911291714757681,0.1724115489050746,0.0001,0.5969904407858848
141,0.5962806083261967,0.17615016922354698,0.025190941989421844,0.3949395027011633,0.19398908969014883,0.0001,0.5966469902545214
142,0.5944986157119274,0.17600269708782434,0.025066763162612915,0.3934291508048773,0.20252447482198477,0.0001,0.5964987698942423
143,0.5934147946536541,0.17591140512377024,0.02487323433160782,0.3926301598548889,0.17629381828010082,0.0001,0.5961001377552748
144,0.5888694785535336,0.17588026076555252,0.024258695542812347,0.38873051665723324,0.17982818838208914,0.0001,0.5952142853289842
145,0.5917957238852978,0.1756782978773117,0.024694867432117462,0.39142256043851376,0.18086767382919788,0.0001,0.5944973744452
146,0.5974654257297516,0.17563835624605417,0.02454633265733719,0.3972807377576828,0.20657494571059942,0.0001,0.594252185896039
147,0.5950376652181149,0.17562806606292725,0.024443425238132477,0.3949661757797003,0.21609793789684772,0.0001,0.5940153010189533
148,0.5891859829425812,0.17561502195894718,0.02467481791973114,0.388896144926548,0.18947299476712942,0.0001,0.5936160031706095
149,0.5924177430570126,0.17552307434380054,0.024354703724384308,0.392539968714118,0.1891485769301653,0.0001,0.5931395128369331
150,0.5940405689179897,0.17534561827778816,0.024617597460746765,0.3940773531794548,0.18575372733175755,0.0001,0.593300660699606
151,0.5925825573503971,0.1756924269720912,0.024238646030426025,0.3926514871418476,0.1878689732402563,0.0001,0.592930855602026
152,0.5839731991291046,0.17540805600583553,0.02396424114704132,0.38460090570151806,0.19815869070589542,0.0001,0.5918783139437437
153,0.5910883508622646,0.17530848365277052,0.024106748402118683,0.39167311787605286,0.1933310478925705,0.0001,0.5916456695646047
154,0.5904942862689495,0.17530108615756035,0.024085111916065216,0.39110808819532394,0.21641454193741083,0.0001,0.5918081503361463
155,0.5938408374786377,0.17546319123357534,0.023974351584911346,0.3944032993167639,0.22160062659531832,0.0001,0.5920126616954804
156,0.5934355370700359,0.17514627426862717,0.023883789777755737,0.3944054786115885,0.20440220832824707,0.0001,0.5916096728295088
157,0.5919548310339451,0.17512506525963545,0.023962199687957764,0.39286756329238415,0.19784764479845762,0.0001,0.5913013894110918
158,0.5893995761871338,0.17508830782026052,0.023661144077777863,0.3906501308083534,0.2142484411597252,0.0001,0.591322748735547
159,0.5923958830535412,0.17499636858701706,0.023456759750843048,0.3939427528530359,0.20441911276429892,0.0001,0.5913205627352
160,0.5924747250974178,0.1750637525692582,0.023846596479415894,0.39356437884271145,0.2028777338564396,0.0001,0.5911639783531427
161,0.5860687792301178,0.17493906151503325,0.023444227874279022,0.3876854944974184,0.20564224012196064,0.0001,0.5905126005411148
162,0.5884006284177303,0.17479356843978167,0.02314399927854538,0.39046306908130646,0.2114259572699666,0.0001,0.5909553434699774
163,0.5907471925020218,0.17483705841004848,0.022997580468654633,0.3929125498980284,0.20841496717184782,0.0001,0.590921227633953
164,0.5883230157196522,0.1747016916051507,0.02309373766183853,0.39052758924663067,0.21819407772272825,0.0001,0.5907041005790233
165,0.5871089994907379,0.17456231266260147,0.023006126284599304,0.389540558680892,0.23611417785286903,0.0001,0.5900309167802333
166,0.5890059508383274,0.17454754188656807,0.022868894040584564,0.3915895093232393,0.21273106429725885,0.0001,0.5895879581570626
167,0.5876053869724274,0.17447255179286003,0.023071102797985077,0.39006173238158226,0.19994286634027958,0.0001,0.5891530137509108
168,0.5853845290839672,0.1745552672073245,0.022679850459098816,0.3881494142115116,0.22072626743465662,0.0001,0.5887515090405941
169,0.58510797098279,0.17461187951266766,0.022817447781562805,0.38767863996326923,0.21194718685001135,0.0001,0.588022717833519
170,0.5890045799314976,0.17455760948359966,0.023363567888736725,0.39108340814709663,0.210352074354887,0.0001,0.587675703316927
171,0.5856590606272221,0.1743098869919777,0.022635087370872498,0.3887140955775976,0.20956096798181534,0.0001,0.5876347314566374
172,0.5878548733890057,0.17439274489879608,0.022826991975307465,0.3906351402401924,0.22267568204551935,0.0001,0.5875801559537649
173,0.5886604227125645,0.17418172117322683,0.02295698970556259,0.39152171835303307,0.21827507857233286,0.0001,0.5873714789748192
174,0.5849257782101631,0.17397373169660568,0.022731080651283264,0.3882209546864033,0.2363335471600294,0.0001,0.5870317552238703
175,0.5870100781321526,0.17415850050747395,0.0225723534822464,0.39027921855449677,0.23924370016902685,0.0001,0.5870218630880117
176,0.5921454317867756,0.17407624330371618,0.022525109350681305,0.3955440856516361,0.20968618150800467,0.0001,0.5873358111828566
177,0.5894911326467991,0.17396481707692146,0.02234109491109848,0.39318522065877914,0.23291576374322176,0.0001,0.5875243857502938
178,0.5908156260848045,0.17369197495281696,0.02207249402999878,0.39505116641521454,0.21772245597094297,0.0001,0.5880674954503775
179,0.5837148167192936,0.17387371696531773,0.022283107042312622,0.3875579945743084,0.2241378417238593,0.0001,0.5879281800240278
180,0.5867003463208675,0.17356796003878117,0.02214617282152176,0.39098621904850006,0.2427290454506874,0.0001,0.5876977566629649
181,0.5875392630696297,0.17364906892180443,0.022401653230190277,0.39148854836821556,0.24726111069321632,0.0001,0.5878857769072056
182,0.5815574638545513,0.1735794646665454,0.022137105464935303,0.3858408872038126,0.22997420467436314,0.0001,0.5872560359537602
183,0.5837249867618084,0.17356669902801514,0.022053152322769165,0.38810512237250805,0.25530125945806503,0.0001,0.5867624923586845
184,0.5819833837449551,0.17320842295885086,0.02265065908432007,0.38612430542707443,0.23420351650565863,0.0001,0.5864682529121638
185,0.5820919685065746,0.17350707575678825,0.0218522846698761,0.3867326136678457,0.21639649383723736,0.0001,0.585976441949606
186,0.58542525395751,0.17330586165189743,0.021867230534553528,0.39025216177105904,0.23165635764598846,0.0001,0.5853044241666794
187,0.5795910507440567,0.17325560934841633,0.021972618997097015,0.3843628242611885,0.2364210318773985,0.0001,0.5843144159764051
188,0.5863049700856209,0.17308075074106455,0.021913662552833557,0.39131056144833565,0.24824099522083998,0.0001,0.5838633503764867
189,0.5823096632957458,0.17327123787254095,0.02203884720802307,0.3869995754212141,0.24508058466017246,0.0001,0.583722835034132
190,0.5838968269526958,0.17277950886636972,0.0215538889169693,0.38956343196332455,0.2640975695103407,0.0001,0.5834424830973148
191,0.5844441130757332,0.17292095068842173,0.021295003592967987,0.39022815600037575,0.2504745339974761,0.0001,0.5831329680979251
192,0.5838637128472328,0.17289882991462946,0.02186737209558487,0.38909751549363136,0.23699008207768202,0.0001,0.5833635929971933
193,0.5864584855735302,0.17284131050109863,0.021652482450008392,0.39196469634771347,0.22448999341577291,0.0001,0.5836369428783655
194,0.5841515399515629,0.1727449670433998,0.021542921662330627,0.389863645657897,0.2531764581799507,0.0001,0.5838537584990263
195,0.5816267691552639,0.17264983616769314,0.021306127309799194,0.3876708000898361,0.25770061928778887,0.0001,0.5838072385638953
196,0.580672912299633,0.17270198930054903,0.021218568086624146,0.3867523614317179,0.2554720835760236,0.0001,0.5833320043981075
197,0.5831459388136864,0.1724160173907876,0.021846994757652283,0.3888829257339239,0.2524019153788686,0.0001,0.5836874932050705
198,0.580426000058651,0.17240165080875158,0.021342068910598755,0.38668228313326836,0.2559226118028164,0.0001,0.5830995962023735
199,0.5822349637746811,0.1722511313855648,0.021073944866657257,0.38890989124774933,0.2667739950120449,0.0001,0.5830921262502671
200,0.580898329615593,0.1721303118392825,0.021267905831336975,0.3875001110136509,0.23835856933146715,0.0001,0.5827922765165567
201,0.5823992192745209,0.17215764708817005,0.02100028097629547,0.38924129866063595,0.2549430951476097,0.0001,0.5825877871364356
202,0.5844979844987392,0.1720909560099244,0.021327286958694458,0.3910797405987978,0.23688917327672243,0.0001,0.5826512143015862
203,0.5819386318325996,0.17203191947191954,0.021160639822483063,0.38874607905745506,0.28633311949670315,0.0001,0.5821992289274931
204,0.5829024650156498,0.17195423785597086,0.02100316435098648,0.38994506374001503,0.26696654222905636,0.0001,0.5820743214339018
205,0.5787672773003578,0.17197167500853539,0.020864807069301605,0.38593079522252083,0.2599904667586088,0.0001,0.5817883722484112
206,0.5797970592975616,0.1718365838751197,0.020933806896209717,0.38702666759490967,0.2810411397367716,0.0001,0.581700786948204
207,0.5811818279325962,0.17177722975611687,0.02085939794778824,0.38854520581662655,0.2598936064168811,0.0001,0.5815043758600951
208,0.5791700556874275,0.17156668286770582,0.021262243390083313,0.3863411247730255,0.2660790355876088,0.0001,0.5813787814229727
209,0.5832903906702995,0.17167041916400194,0.020866602659225464,0.39075337164103985,0.2765940139070153,0.0001,0.5814843241125345
210,0.5767293497920036,0.17162118572741747,0.020835652947425842,0.3842725120484829,0.2779176561161876,0.0001,0.5810674261301756
211,0.5808768607676029,0.17138555366545916,0.02119128406047821,0.3883000276982784,0.29062462598085403,0.0001,0.5809151902794838
212,0.5791538693010807,0.17139973118901253,0.020855233073234558,0.3868989050388336,0.29816413670778275,0.0001,0.5803807787597179
213,0.5801730751991272,0.1713256137445569,0.020743422210216522,0.3881040345877409,0.26402891986072063,0.0001,0.5802042230963707
214,0.5763873271644115,0.1713051926344633,0.020810365676879883,0.3842717707157135,0.2853129180148244,0.0001,0.5795527093112469
215,0.5761842839419842,0.17123582679778337,0.020504146814346313,0.38444431126117706,0.30616528633981943,0.0001,0.5792944099754095
216,0.5773054398596287,0.1712442059069872,0.021067887544631958,0.3849933445453644,0.2964660497382283,0.0001,0.5790452480316162
217,0.5820749253034592,0.17116829752922058,0.02048516273498535,0.39042146876454353,0.3198524098843336,0.0001,0.5791345577687025
218,0.5779411457479,0.17094080336391926,0.020219869911670685,0.3867804706096649,0.294388722628355,0.0001,0.5790116667747498
219,0.5774977095425129,0.17107844538986683,0.02073816955089569,0.3856810946017504,0.28015804197639227,0.0001,0.578432398661971
220,0.5691981539130211,0.1708418419584632,0.02081916481256485,0.3775371387600899,0.2610236285254359,0.0001,0.5776792790740728
221,0.5752829425036907,0.17086953110992908,0.020468346774578094,0.3839450627565384,0.2817402621731162,0.0001,0.5771198872476816
222,0.5779856964945793,0.1707552019506693,0.020280130207538605,0.38695036992430687,0.2898706803098321,0.0001,0.5770030699670314
223,0.5776088275015354,0.17075055371969938,0.0207684189081192,0.3860898520797491,0.2881118031218648,0.0001,0.5767466451972723
224,0.5747006125748158,0.17075287643820047,0.020343713462352753,0.3836040310561657,0.27374570816755295,0.0001,0.5765779737383128
225,0.5765870660543442,0.17048537358641624,0.02031555026769638,0.3857861440628767,0.2701435433700681,0.0001,0.5766182519495487
226,0.5786906741559505,0.17062842100858688,0.02018093317747116,0.3878813162446022,0.2763217482715845,0.0001,0.5767567753791809
227,0.580309771001339,0.17054266575723886,0.020383179187774658,0.38938392512500286,0.2971500623971224,0.0001,0.5765802599489689
228,0.5790021307766438,0.1705835685133934,0.020291894674301147,0.38812666572630405,0.29550662264227867,0.0001,0.5766863584518432
229,0.5715431086719036,0.17058552987873554,0.02003910392522812,0.3809184692800045,0.3028382854536176,0.0001,0.5760908983647823
230,0.5748899504542351,0.1703794440254569,0.020288489758968353,0.3842220138758421,0.30632833670824766,0.0001,0.5766600780189037
231,0.5760663114488125,0.17034855764359236,0.02039112150669098,0.3853266276419163,0.26859158277511597,0.0001,0.5767384149134159
232,0.5767673067748547,0.1702714031562209,0.020251289010047913,0.3862446192651987,0.3037119098007679,0.0001,0.5766165759414434
233,0.5777321197092533,0.17031322978436947,0.019946426153182983,0.38747246004641056,0.27647917438298464,0.0001,0.5766289051622152
234,0.5729561224579811,0.1702759526669979,0.02008996158838272,0.3825902119278908,0.28738776966929436,0.0001,0.5764544561505318
235,0.5794616863131523,0.17023573350161314,0.019932091236114502,0.3892938643693924,0.268544876947999,0.0001,0.5767419181764126
236,0.5721564739942551,0.17019258253276348,0.01987548917531967,0.38208839297294617,0.2911910433322191,0.0001,0.576088498160243
237,0.574879877269268,0.17012024018913507,0.020156942307949066,0.38460269570350647,0.26654426380991936,0.0001,0.5755455087870359
238,0.5771102532744408,0.17023586202412844,0.019973210990428925,0.3869011867791414,0.26897576078772545,0.0001,0.5753563210368157
239,0.5720162428915501,0.17004122212529182,0.020047292113304138,0.38192773051559925,0.32526039239019156,0.0001,0.5754036344587803
240,0.5757461301982403,0.1699538854882121,0.019874460995197296,0.38591778464615345,0.32862280681729317,0.0001,0.5754892524331808
241,0.5735806524753571,0.16994208749383688,0.019851647317409515,0.3837869167327881,0.31313395127654076,0.0001,0.5752406865358353
242,0.5776709467172623,0.1699406998232007,0.02008134126663208,0.38764890655875206,0.3077652892097831,0.0001,0.575331050530076
243,0.576933179050684,0.16988743003457785,0.019675105810165405,0.3873706478625536,0.3349545747041702,0.0001,0.5752511564642191
244,0.5733738206326962,0.16993041429668665,0.019708074629306793,0.383735328912735,0.3047289717942476,0.0001,0.5752929262816906
245,0.5773352235555649,0.16949315462261438,0.019767217338085175,0.38807485066354275,0.2784575903788209,0.0001,0.5750802800059318
246,0.5734560862183571,0.16982398182153702,0.019800692796707153,0.38383140973746777,0.30051913298666477,0.0001,0.5752102412283421
247,0.5709052756428719,0.16969873290508986,0.019639156758785248,0.38156738318502903,0.31311170756816864,0.0001,0.5748127810657024
248,0.567107155919075,0.16958629060536623,0.020115047693252563,0.3774058185517788,0.3109089592471719,0.0001,0.5738124713301659
249,0.5680593252182007,0.1695266906172037,0.019610054790973663,0.378922576084733,0.3116941750049591,0.0001,0.5734167795628309
250,0.5736286081373692,0.16941211931407452,0.019678346812725067,0.3845381420105696,0.29401831049472094,0.0001,0.5732050273567438
251,0.5728518553078175,0.1693113138899207,0.01981288194656372,0.3837276641279459,0.30525497160851955,0.0001,0.5731321476399899
252,0.5714957788586617,0.16951046604663134,0.01954071968793869,0.3824445828795433,0.32148836459964514,0.0001,0.5725146308541298
253,0.5656593255698681,0.16942380461841822,0.019539251923561096,0.3766962643712759,0.3348179655149579,0.0001,0.5713872455060482
254,0.5714301913976669,0.16938462108373642,0.019888073205947876,0.3821574915200472,0.306283812969923,0.0001,0.5711928825825453
255,0.5723580606281757,0.1692644665017724,0.019756950438022614,0.38333664648234844,0.3552999906241894,0.0001,0.5706951662898063
256,0.5688301175832748,0.16898959502577782,0.019669167697429657,0.3801713641732931,0.367655205540359,0.0001,0.5702325694262982
257,0.570364635437727,0.16915719583630562,0.019525185227394104,0.38168225437402725,0.3066038955003023,0.0001,0.5701785054057836
258,0.5703899525105953,0.16924657300114632,0.019781894981861115,0.3813614882528782,0.3025822024792433,0.0001,0.5705067850649357
259,0.5647932551801205,0.1691138306632638,0.020130857825279236,0.37554856576025486,0.4420369463041425,0.0001,0.5701801780611276
260,0.567288413643837,0.16914056055247784,0.01956120878458023,0.3785866368561983,0.3883080407977104,0.0001,0.5695461586117745
261,0.5679665058851242,0.1691685663536191,0.019401326775550842,0.3793966192752123,0.37339948676526546,0.0001,0.5690576236695051
262,0.5683944746851921,0.16901082452386618,0.0198318213224411,0.3795518223196268,0.3834774624556303,0.0001,0.5687474932521581
263,0.5738689489662647,0.1689730565994978,0.019707828760147095,0.38518807478249073,0.3888315334916115,0.0001,0.5695684555917978
264,0.5693329684436321,0.1688667656853795,0.019258610904216766,0.38120759278535843,0.34847123734652996,0.0001,0.5693587332963943
265,0.5681176669895649,0.16875754855573177,0.019854366779327393,0.37950574420392513,0.35450259037315845,0.0001,0.5689346939325333
266,0.5726483501493931,0.168705802410841,0.019565723836421967,0.3843768276274204,0.30893087573349476,0.0001,0.5693165171891451
267,0.5660214014351368,0.16869842633605003,0.019691981375217438,0.3776309918612242,0.341783263720572,0.0001,0.568882193788886
268,0.5709374137222767,0.16885762196034193,0.019334085285663605,0.382745711132884,0.32375519443303347,0.0001,0.5689369399100542
269,0.5702858529984951,0.16878757160156965,0.019378766417503357,0.3821195140480995,0.3865721244364977,0.0001,0.5694861996918916
270,0.567009262740612,0.16850111354142427,0.019339323043823242,0.3791688233613968,0.37537502497434616,0.0001,0.5694582846015692
271,0.5686413459479809,0.1686014924198389,0.019441455602645874,0.38059839978814125,0.35251407139003277,0.0001,0.5695257686078549
272,0.5657903924584389,0.16836440283805132,0.01939837634563446,0.3780276197940111,0.3120349543169141,0.0001,0.5692653603851795
273,0.5681398212909698,0.16847893130034208,0.01889146864414215,0.38076942414045334,0.34134421683847904,0.0001,0.56869244761765
274,0.5659710839390755,0.16870376653969288,0.019277386367321014,0.3779899291694164,0.40006869845092297,0.0001,0.5683562591671943
275,0.5699283331632614,0.16848448663949966,0.01912379264831543,0.382320050150156,0.3261169735342264,0.0001,0.5685373257845641
276,0.5670578218996525,0.16842936351895332,0.01941675692796707,0.37921169959008694,0.38107406720519066,0.0001,0.5679782729595899
277,0.5686172507703304,0.16831758711487055,0.019223272800445557,0.38107639364898205,0.35116712003946304,0.0001,0.5682378578931093
278,0.5666264742612839,0.1682086568325758,0.019440725445747375,0.3789770882576704,0.38287738524377346,0.0001,0.56780676394701
279,0.5666664727032185,0.16819799412041903,0.019510358572006226,0.37895811907947063,0.4388426598161459,0.0001,0.5674448259174824
280,0.5690014883875847,0.16849033627659082,0.019284293055534363,0.3812268562614918,0.3852797020226717,0.0001,0.5676440484821796
281,0.5681068375706673,0.1682533659040928,0.018771089613437653,0.3810823820531368,0.34552718326449394,0.0001,0.5675905976444483
282,0.5628914013504982,0.1683965865522623,0.018932349979877472,0.3755624648183584,0.3195859529078007,0.0001,0.5673006985336542
283,0.5641615465283394,0.16809530649334192,0.019154101610183716,0.3769121393561363,0.31799556501209736,0.0001,0.5669028710573911
284,0.5618816614151001,0.16802519466727972,0.018982000648975372,0.374874459579587,0.3001363333314657,0.0001,0.5664939288049936
285,0.5646122582256794,0.16799135878682137,0.019201047718524933,0.3774198517203331,0.361082810908556,0.0001,0.5659623213112355
286,0.5691139101982117,0.16797893401235342,0.0190921351313591,0.3820428438484669,0.3633893635123968,0.0001,0.5661679301410913
287,0.5643723867833614,0.16796058788895607,0.018764205276966095,0.37764759361743927,0.45871011540293694,0.0001,0.5657434437423945
288,0.5661754421889782,0.16797622572630644,0.019008859992027283,0.37919035740196705,0.34931458067148924,0.0001,0.5656983405351639
289,0.5658697299659252,0.16792503651231527,0.019148796796798706,0.37879589572548866,0.38035013526678085,0.0001,0.5656186662614345
290,0.5639444962143898,0.16792293824255466,0.0188603475689888,0.37716120295226574,0.41289394348859787,0.0001,0.5651129670441151
291,0.5650545842945576,0.1679000873118639,0.019018717110157013,0.3781357854604721,0.46182970702648163,0.0001,0.564807741716504
292,0.5623799413442612,0.1677851900458336,0.01902826875448227,0.3755664825439453,0.4114073198288679,0.0001,0.5647565957158804
293,0.5646655634045601,0.167652347125113,0.0191640704870224,0.3778491448611021,0.34925330244004726,0.0001,0.5648069974035025
294,0.5636674501001835,0.1676761582493782,0.018782176077365875,0.3772091083228588,0.3863879591226578,0.0001,0.5649855762720108
295,0.5623299479484558,0.16767588909715414,0.018935762345790863,0.37571830302476883,0.3964701499789953,0.0001,0.5647573452442884
296,0.5674982853233814,0.16745994985103607,0.019022509455680847,0.3810158185660839,0.3257764670997858,0.0001,0.5645957827568054
297,0.5612881928682327,0.16743524186313152,0.019230805337429047,0.374622143805027,0.38548846542835236,0.0001,0.5642873633652925
298,0.5611969865858555,0.16755219642072916,0.018866389989852905,0.3747784048318863,0.38118291459977627,0.0001,0.5637895178049803
299,0.5613654218614101,0.16754739824682474,0.018901191651821136,0.3749168310314417,0.37854865193367004,0.0001,0.5633390869945287
300,0.5602461956441402,0.1673970641568303,0.018855229020118713,0.3739939033985138,0.38804759457707405,0.0001,0.5629692569375038
301,0.5609904006123543,0.16751096583902836,0.018853023648262024,0.37462641671299934,0.5016621947288513,0.0001,0.5625628385692835
302,0.5633871145546436,0.16728666238486767,0.018602430820465088,0.3774980250746012,0.4698083885014057,0.0001,0.5626635558903217
303,0.5649538338184357,0.16724142618477345,0.018654271960258484,0.3790581412613392,0.4270290285348892,0.0001,0.5626923829317093
304,0.5600321181118488,0.16715935803949833,0.018752530217170715,0.37412023171782494,0.4544106125831604,0.0001,0.5623288497328758
305,0.563202541321516,0.167300826869905,0.018718592822551727,0.37718311324715614,0.3822151180356741,0.0001,0.5624161090701818
306,0.5645863376557827,0.16722166258841753,0.018912814557552338,0.3784518614411354,0.37809443287551403,0.0001,0.5621249143034219
307,0.5614370256662369,0.16690674517303705,0.018754810094833374,0.3757754750549793,0.4565175399184227,0.0001,0.5621397975832224
308,0.5555944629013538,0.16699244175106287,0.019037023186683655,0.36956500075757504,0.3992459289729595,0.0001,0.5615795452147723
309,0.561667911708355,0.16700533498078585,0.019076742231845856,0.3755858298391104,0.3659811597317457,0.0001,0.5616097941994667
310,0.5630579143762589,0.1669885665178299,0.018946655094623566,0.3771226927638054,0.3850718569010496,0.0001,0.5618909660726785
311,0.5589833296835423,0.16687247343361378,0.018569111824035645,0.3735417518764734,0.3563102362677455,0.0001,0.5616902589797974
312,0.5628384165465832,0.1669515511021018,0.01883920282125473,0.37704766541719437,0.4514894727617502,0.0001,0.5616353891789914
313,0.5625807717442513,0.16678817756474018,0.018954627215862274,0.37683796137571335,0.44696127250790596,0.0001,0.5613980829715729
314,0.5615757741034031,0.16674676816910505,0.01853644847869873,0.37629255279898643,0.3857947215437889,0.0001,0.5615524485707283
315,0.5556369535624981,0.1667092703282833,0.0188932865858078,0.370034396648407,0.4611116349697113,0.0001,0.5607958897948265
316,0.5574919208884239,0.16690487414598465,0.018787339329719543,0.37179970368742943,0.5388070940971375,0.0001,0.5600864481180906
317,0.5598647370934486,0.16664451267570257,0.01898464560508728,0.3742355816066265,0.42583757266402245,0.0001,0.5599292192608119
318,0.5596078149974346,0.16675817873328924,0.01866471767425537,0.3741849232465029,0.39424707740545273,0.0001,0.5603305544704199
319,0.5575494430959225,0.16652403585612774,0.018740184605121613,0.3722852226346731,0.4459954183548689,0.0001,0.5599187076091766
320,0.5572661086916924,0.1665668860077858,0.018603548407554626,0.3720956724137068,0.39033518731594086,0.0001,0.55933952704072
321,0.5615955628454685,0.1664498010650277,0.018764734268188477,0.3763810284435749,0.4484647661447525,0.0001,0.5596007503569126
322,0.557040348649025,0.16643645707517862,0.018645428121089935,0.37195846252143383,0.47958594746887684,0.0001,0.5590209435671568
323,0.5613092556595802,0.16644824855029583,0.01865745335817337,0.37620355002582073,0.37129630986601114,0.0001,0.5588937919586897
324,0.5574106313288212,0.16635034512728453,0.01873425394296646,0.37232602573931217,0.46727935038506985,0.0001,0.5584772776812315
325,0.5552024394273758,0.1663163648918271,0.018495731055736542,0.370390348136425,0.4383343644440174,0.0001,0.5584338262677193
326,0.5573568418622017,0.16616767831146717,0.018636278808116913,0.372552877292037,0.41941896453499794,0.0001,0.5584203183650971
327,0.5560359731316566,0.16613230295479298,0.018465451896190643,0.37143821083009243,0.374582820571959,0.0001,0.5580374419689178
328,0.5547694079577923,0.1661591622978449,0.01889064908027649,0.3697195928543806,0.44954285956919193,0.0001,0.5575536012649536
329,0.5517350062727928,0.1662928219884634,0.018568307161331177,0.36687387712299824,0.47675627283751965,0.0001,0.5569721575826406
330,0.5536350421607494,0.16601974796503782,0.018383562564849854,0.36923172511160374,0.39373786374926567,0.0001,0.5566090509295464
331,0.5518089346587658,0.16599498968571424,0.018696293234825134,0.36711764708161354,0.3914799001067877,0.0001,0.5556303881108761
332,0.5540083646774292,0.1659241821616888,0.018484346568584442,0.36959983594715595,0.3993350677192211,0.0001,0.5553271897137165
333,0.5537332631647587,0.16598603036254644,0.018673062324523926,0.3690741751343012,0.44262691400945187,0.0001,0.5545695904642344
334,0.5571613758802414,0.1659033354371786,0.018445514142513275,0.3728125263005495,0.45349293388426304,0.0001,0.5545446649193764
335,0.5544008947908878,0.16591561399400234,0.018497399985790253,0.36998788081109524,0.4519663006067276,0.0001,0.5544645104557275
336,0.5598894022405148,0.16587310936301947,0.01816082000732422,0.37585548125207424,0.5356441643089056,0.0001,0.5547177664935589
337,0.5550398156046867,0.16559297777712345,0.01839549094438553,0.3710513412952423,0.44145370461046696,0.0001,0.5546181507408618
338,0.5544918850064278,0.16595657262951136,0.018617041409015656,0.3699182718992233,0.4767007399350405,0.0001,0.5545903984457254
339,0.556966170668602,0.16564610041677952,0.018416188657283783,0.37290387973189354,0.397698100656271,0.0001,0.5551135148853064
340,0.5544232167303562,0.1657674415037036,0.018302924931049347,0.37035285867750645,0.4407218974083662,0.0001,0.5551923323422671
341,0.5543226227164268,0.16563829500228167,0.018426083028316498,0.3702582437545061,0.48210958763957024,0.0001,0.5554437011480331
342,0.5593330450356007,0.16555191203951836,0.01823394000530243,0.3755471911281347,0.4427502918988466,0.0001,0.5559761691838503
343,0.5549763143062592,0.16567879356443882,0.018166273832321167,0.37113124690949917,0.39862943440675735,0.0001,0.5561004742980004
344,0.553251601755619,0.16546204965561628,0.018286868929862976,0.36950268037617207,0.43182198144495487,0.0001,0.5557094968855381
345,0.5580817461013794,0.16552036814391613,0.018373027443885803,0.3741883486509323,0.41566752828657627,0.0001,0.5560775820165873
346,0.5543764159083366,0.16535682883113623,0.01851022243499756,0.37050936557352543,0.5428973734378815,0.0001,0.5555262833833694
347,0.555923193693161,0.16546250972896814,0.018216878175735474,0.37224380671977997,0.5856693424284458,0.0001,0.5556146211922168
348,0.5595753490924835,0.16531894635409117,0.018112659454345703,0.3761437423527241,0.44185351580381393,0.0001,0.5561229676008225
349,0.5497755818068981,0.1652761995792389,0.018129155039787292,0.3663702215999365,0.46722973696887493,0.0001,0.5554039087146521
350,0.5548421442508698,0.16544197220355272,0.01836363971233368,0.3710365295410156,0.47535557486116886,0.0001,0.5554458014667034
351,0.5557570122182369,0.1651630299165845,0.01850135624408722,0.3720926232635975,0.40081349201500416,0.0001,0.5555892404168844
352,0.5568345487117767,0.16520936135202646,0.01832669973373413,0.3732984885573387,0.4647390004247427,0.0001,0.555339390784502
353,0.5505853481590748,0.1651821406558156,0.01823394000530243,0.3671692702919245,0.41466135904192924,0.0001,0.5549002941697836
354,0.5566316321492195,0.1652865121141076,0.018156006932258606,0.3731891103088856,0.4204589333385229,0.0001,0.5552382972091436
355,0.5520551800727844,0.1651477785781026,0.01834670454263687,0.36856069415807724,0.4918901305645704,0.0001,0.5546356406062841
356,0.5545562170445919,0.16496250964701176,0.018149614334106445,0.37144408747553825,0.4811427593231201,0.0001,0.5546536207199096
357,0.5493533909320831,0.16521989088505507,0.017848588526248932,0.3662849087268114,0.4851502254605293,0.0001,0.5539966404438019
358,0.5502495355904102,0.1648776438087225,0.018352627754211426,0.3670192677527666,0.4875145126134157,0.0001,0.5530640590935946
359,0.5568585358560085,0.16480270773172379,0.01856663078069687,0.373489199206233,0.46798508055508137,0.0001,0.5537723544985056
360,0.555329468101263,0.16499067097902298,0.018717646598815918,0.37162114679813385,0.4915572553873062,0.0001,0.5538210868835449
361,0.5514384917914867,0.1648943591862917,0.018321216106414795,0.36822291649878025,0.5610376521945,0.0001,0.5533892348408699
362,0.5543551333248615,0.16477869171649218,0.018058106303215027,0.3715183399617672,0.5004746206104755,0.0001,0.5531412933021784
363,0.5508042052388191,0.1647968627512455,0.018099911510944366,0.36790743097662926,0.5304199010133743,0.0001,0.5531631790101528
364,0.5516897179186344,0.1647233236581087,0.01802903413772583,0.3689373582601547,0.5654915943741798,0.0001,0.5526689875870943
365,0.5518423691391945,0.1648610709235072,0.01805262267589569,0.368928674608469,0.4916149638593197,0.0001,0.5526477064937353
366,0.5570642240345478,0.16469926480203867,0.01809591054916382,0.37426904775202274,0.4923205431550741,0.0001,0.5528985071927309
367,0.5511409379541874,0.16458110231906176,0.017844565212726593,0.36871526949107647,0.4735025577247143,0.0001,0.5530772618949413
368,0.5506050549447536,0.16458696406334639,0.018209286034107208,0.3678088039159775,0.568849628791213,0.0001,0.5531128138303757
369,0.5479467175900936,0.16441244073212147,0.018226690590381622,0.3653075769543648,0.5013909414410591,0.0001,0.5522216320037842
370,0.5493651144206524,0.1644566571339965,0.017899200320243835,0.3670092523097992,0.5125584974884987,0.0001,0.5516251966357231
371,0.5523170307278633,0.16426246613264084,0.017841659486293793,0.3702129051089287,0.4215686470270157,0.0001,0.5517130505293608
372,0.5549285747110844,0.1640966199338436,0.017738595604896545,0.3730933703482151,0.4224642664194107,0.0001,0.551770394667983
373,0.548068068921566,0.16429932974278927,0.017867229878902435,0.3659015092998743,0.4173010867089033,0.0001,0.5514967810362578
374,0.5530572161078453,0.16427284944802523,0.01796942949295044,0.37081493251025677,0.5052528604865074,0.0001,0.5516335308551789
375,0.5499381795525551,0.16432121954858303,0.018046125769615173,0.36757082864642143,0.4522391166538,0.0001,0.5514431118965148
376,0.548438910394907,0.16410686913877726,0.017931923270225525,0.3664001189172268,0.4733706284314394,0.0001,0.5505805805325508
377,0.55288902297616,0.1642401283606887,0.018093019723892212,0.3705558776855469,0.5487974751740694,0.0001,0.5507553890347481
378,0.5487945936620235,0.16407674364745617,0.017822980880737305,0.36689486913383007,0.4659031257033348,0.0001,0.5505743429064751
379,0.5516048930585384,0.1640761448070407,0.017894402146339417,0.3696343395859003,0.5235874075442553,0.0001,0.5509401604533195
380,0.5485378243029118,0.16399311739951372,0.017989933490753174,0.36655477806925774,0.4815454911440611,0.0001,0.5508574314415455
381,0.5491004846990108,0.16401665192097425,0.017992280423641205,0.36709154583513737,0.42702045664191246,0.0001,0.5505357768386603
382,0.5488679446280003,0.16394484974443913,0.0179126039147377,0.367010485380888,0.542562959715724,0.0001,0.5499297138303518
383,0.5479156710207462,0.16402545105665922,0.018075771629810333,0.3658144511282444,0.5021618995815516,0.0001,0.5499144740402698
384,0.5493211634457111,0.16399996634572744,0.01791328191757202,0.36740791611373425,0.5108656771481037,0.0001,0.5495408687740564
385,0.5462864339351654,0.16396946366876364,0.017830148339271545,0.3644868265837431,0.5274355541914701,0.0001,0.5491756942123175
386,0.5528667829930782,0.16382580529898405,0.017953194677829742,0.371087783947587,0.5014983378350735,0.0001,0.5496184814721345
387,0.5483721494674683,0.16366795916110277,0.017724186182022095,0.3669800106436014,0.6035246290266514,0.0001,0.5491667941212655
388,0.5491008944809437,0.1636123824864626,0.01766671985387802,0.3678217865526676,0.5257350988686085,0.0001,0.5491974242031574
389,0.5488455295562744,0.16354454681277275,0.017938219010829926,0.3673627693206072,0.5193159952759743,0.0001,0.548921487852931
390,0.5470771603286266,0.16347802244126797,0.01786831021308899,0.3657308295369148,0.4878070205450058,0.0001,0.5487754214555025
391,0.5500957258045673,0.1635869313031435,0.017998777329921722,0.36851001903414726,0.42379558831453323,0.0001,0.5488749455660582
392,0.5469130463898182,0.16351368278265,0.01785040646791458,0.3655489645898342,0.4732408430427313,0.0001,0.54867945574224
393,0.5513458475470543,0.16336243227124214,0.017844751477241516,0.37013866007328033,0.5122009981423616,0.0001,0.5490224733948708
394,0.550381250679493,0.16351098380982876,0.018065743148326874,0.36880452558398247,0.5710206422954798,0.0001,0.5491284821182489
395,0.546832263469696,0.1635636854916811,0.017832927405834198,0.36543565057218075,0.6654259189963341,0.0001,0.549183065071702
396,0.5484306141734123,0.16335404757410288,0.01790264993906021,0.36717391572892666,0.4684080705046654,0.0001,0.5487394481897354
397,0.5462855733931065,0.1633007936179638,0.01787947118282318,0.3651053085923195,0.554736539721489,0.0001,0.5485307905822993
398,0.5495962537825108,0.16323882900178432,0.017775192856788635,0.3685822170227766,0.4934355393052101,0.0001,0.5485803265124559
399,0.543472446501255,0.16326725762337446,0.01776384562253952,0.3624413497745991,0.48388778790831566,0.0001,0.548043018206954
400,0.545799020677805,0.16339629143476486,0.017765969038009644,0.3646367620676756,0.571497855708003,0.0001,0.5479152042418718
401,0.5482213497161865,0.1632239492610097,0.017874814569950104,0.3671225793659687,0.6194478925317526,0.0001,0.5477277666330338
402,0.5458205454051495,0.16313895769417286,0.01788002997636795,0.36480155400931835,0.6407396644353867,0.0001,0.5476185165345668
403,0.5516433902084827,0.16320314444601536,0.017935030162334442,0.37050521560013294,0.5366460978984833,0.0001,0.5476482708007098
404,0.5470509603619576,0.16306631173938513,0.017786897718906403,0.3661977481096983,0.545798696577549,0.0001,0.5473152417689562
405,0.5445297174155712,0.16307982243597507,0.017789624631404877,0.3636602647602558,0.495492834597826,0.0001,0.5470849871635437
406,0.5471085421741009,0.16304089780896902,0.017823748290538788,0.36624388583004475,0.5223444700241089,0.0001,0.5469527799636126
407,0.5493796691298485,0.16296494286507368,0.017922110855579376,0.368492616340518,0.5211391486227512,0.0001,0.5472621895372868
408,0.5461914055049419,0.16282206121832132,0.01757010817527771,0.3657992333173752,0.523078540340066,0.0001,0.5469217047095298
409,0.5449616797268391,0.16256270464509726,0.018241368234157562,0.3641576077789068,0.5319801848381758,0.0001,0.5470706280320883
410,0.5487657524645329,0.16291615646332502,0.01783771812915802,0.3680118899792433,0.5210528690367937,0.0001,0.547367301210761
411,0.5484596006572247,0.1628168821334839,0.017573945224285126,0.36806877329945564,0.559437332674861,0.0001,0.5473911263048649
412,0.5454222448170185,0.16291035432368517,0.017639808356761932,0.36487208120524883,0.5357991382479668,0.0001,0.5473512962460518
413,0.5482828840613365,0.1625949116423726,0.017575666308403015,0.36811230331659317,0.5144100803881884,0.0001,0.5470152456313372
414,0.5463021770119667,0.16261260956525803,0.01760496199131012,0.36608460173010826,0.6573040802031755,0.0001,0.5469403672963381
415,0.5445012524724007,0.16249451134353876,0.01769678294658661,0.36430995911359787,0.5316080655902624,0.0001,0.5469375208020211
416,0.5422568321228027,0.16251532547175884,0.017561547458171844,0.36217995546758175,0.4924113526940346,0.0001,0.5464523497968912
417,0.5444456301629543,0.16241570841521025,0.017673321068286896,0.3643565997481346,0.5656322780996561,0.0001,0.5459589459002018
418,0.5456759855151176,0.16276129614561796,0.017617136240005493,0.3652975521981716,0.5645165387541056,0.0001,0.5459074039012194
419,0.5470073893666267,0.16267365030944347,0.01750427484512329,0.36682947538793087,0.6861403007060289,0.0001,0.5461119748651981
420,0.5433089695870876,0.16228329297155142,0.01734258234500885,0.36368309147655964,0.6078122928738594,0.0001,0.5455662965774536
421,0.5436486937105656,0.16234365664422512,0.017595678567886353,0.36370935663580894,0.7103353887796402,0.0001,0.5450852058827877
422,0.5437297336757183,0.16211238410323858,0.017804458737373352,0.36381289176642895,0.5902905836701393,0.0001,0.5449159547686577
423,0.5437861010432243,0.1623020889237523,0.017414972186088562,0.36406904458999634,0.6465084813535213,0.0001,0.5444662764668464
424,0.5476332530379295,0.1622318560257554,0.017519094049930573,0.36788230389356613,0.5292625855654478,0.0001,0.5445993840694427
425,0.543148335069418,0.16224305517971516,0.0175381600856781,0.3633671198040247,0.6158416625112295,0.0001,0.5444640923291445
426,0.5453704632818699,0.1623604604974389,0.01771944761276245,0.3652905561029911,0.7701042853295803,0.0001,0.5447754554450512
427,0.5417097620666027,0.1621887506917119,0.017657652497291565,0.36186336539685726,0.7160680312663317,0.0001,0.544501868635416
428,0.5441990345716476,0.16247929818928242,0.017251119017601013,0.3644686136394739,1.0638424791395664,0.0001,0.5443541735410691
429,0.54574204236269,0.1621895469725132,0.01770826429128647,0.36584422923624516,0.7769634630531073,0.0001,0.5442276388406754
430,0.5467904582619667,0.16224963776767254,0.017343923449516296,0.3671968951821327,0.5289780404418707,0.0001,0.5445757877081633
431,0.543681588023901,0.16197094600647688,0.017512217164039612,0.36419842205941677,0.5413703881204128,0.0001,0.5445790771394968
432,0.5443922020494938,0.16192194167524576,0.017454616725444794,0.36501564271748066,0.5979350879788399,0.0001,0.5446453239768744
433,0.5418176278471947,0.1619801837950945,0.01753242313861847,0.362305024638772,0.6046507973223925,0.0001,0.5444484766572714
434,0.5413011647760868,0.16194504871964455,0.017530396580696106,0.36182571202516556,0.640296483412385,0.0001,0.5438152678310871
435,0.5460594482719898,0.16184968780726194,0.01754220575094223,0.3666675481945276,0.5251523982733488,0.0001,0.5441063791513443
436,0.5469254404306412,0.16178215015679598,0.0176180899143219,0.3675251994282007,0.6002815086394548,0.0001,0.5442618768662214
437,0.5460026003420353,0.1618689289316535,0.01762416958808899,0.3665095027536154,0.6140134893357754,0.0001,0.5446911606937647
438,0.5444367751479149,0.16178186610341072,0.017420373857021332,0.36523453518748283,0.5155949834734201,0.0001,0.5447149347513914
439,0.5415134206414223,0.1617517750710249,0.017488792538642883,0.3622728530317545,0.5151314996182919,0.0001,0.5442920725792646
440,0.5393336899578571,0.16177550330758095,0.017462559044361115,0.3600956294685602,0.5623119100928307,0.0001,0.5435463957488537
441,0.54104945063591,0.1617594277486205,0.01713430881500244,0.36215571500360966,0.705353831872344,0.0001,0.5432831820100545
442,0.5401216372847557,0.16175192315131426,0.017529159784317017,0.36084055714309216,0.7075489349663258,0.0001,0.5428561255335808
443,0.5429692938923836,0.16186472307890654,0.0173349529504776,0.3637696150690317,0.5976660419255495,0.0001,0.5429712921380997
444,0.5403680689632893,0.16161272395402193,0.01734168827533722,0.36141364835202694,0.7100497260689735,0.0001,0.54287798255682
445,0.5440950021147728,0.16162774711847305,0.0175514817237854,0.36491577699780464,0.6734863854944706,0.0001,0.5426815379410982
446,0.5412819273769855,0.16153017058968544,0.017415761947631836,0.36233598552644253,0.6301263496279716,0.0001,0.5421171866357326
447,0.5399732105433941,0.16157932486385107,0.01717659831047058,0.3612172957509756,0.5632363483309746,0.0001,0.5415142476558685
448,0.5444229617714882,0.1614413233473897,0.01718302071094513,0.3657986130565405,0.5517597403377295,0.0001,0.5415128663182258
449,0.543295294046402,0.1613446520641446,0.01743696630001068,0.3645136673003435,0.5455038044601679,0.0001,0.5416910536587238
450,0.5429569333791733,0.1615022337064147,0.017217189073562622,0.3642375022172928,0.62101817317307,0.0001,0.5420533780008554
451,0.5399179346859455,0.1613393947482109,0.017462946474552155,0.3611155916005373,0.5748406928032637,0.0001,0.541940226405859
452,0.5464892573654652,0.16128677316009998,0.017227061092853546,0.3679754249751568,0.5695674624294043,0.0001,0.54257698841393
453,0.543624859303236,0.16136685479432344,0.017367303371429443,0.36489069648087025,0.5542878210544586,0.0001,0.5426425449550152
454,0.5422988869249821,0.1612966563552618,0.01767612248659134,0.3633261136710644,0.5795667991042137,0.0001,0.5428356267511845
455,0.5399269722402096,0.16115249879658222,0.01741882413625717,0.3613556493073702,0.599629083648324,0.0001,0.5424188237637282
456,0.5444338954985142,0.16107459645718336,0.017351359128952026,0.36600793711841106,0.6576086282730103,0.0001,0.542734020575881
457,0.5423289053142071,0.16114238929003477,0.01735375076532364,0.36383276991546154,0.6241183746606112,0.0001,0.5429695900529623
458,0.5425351597368717,0.1610059216618538,0.01736612617969513,0.36416310630738735,0.6481298785656691,0.0001,0.5427808098495006
459,0.5391378737986088,0.16132493037730455,0.017392665147781372,0.360420286655426,0.8875190913677216,0.0001,0.5423650678247214
460,0.5367471724748611,0.16112032532691956,0.017782315611839294,0.3578445240855217,0.8530084937810898,0.0001,0.5417440917342902
461,0.5404789112508297,0.16102225240319967,0.01744530349969864,0.36201135627925396,0.6050487942993641,0.0001,0.5418001893907786
462,0.5423195548355579,0.16098063439130783,0.017464667558670044,0.36387425288558006,0.6962552554905415,0.0001,0.5413832191377879
463,0.5402802154421806,0.16099869552999735,0.017581552267074585,0.3616999741643667,0.8633454106748104,0.0001,0.5410487547516822
464,0.5377354845404625,0.16106309369206429,0.01707462966442108,0.359597759321332,0.7108055949211121,0.0001,0.5405924145132304
465,0.5416619628667831,0.16072191670536995,0.01748533546924591,0.363454706966877,0.6451994068920612,0.0001,0.5407659135758877
466,0.5387527644634247,0.16074366588145494,0.017263956367969513,0.3607451394200325,0.5804564282298088,0.0001,0.5401978004723788
467,0.5391272120177746,0.16072013694792986,0.017273172736167908,0.3611338920891285,0.562703488394618,0.0001,0.5398776311427355
468,0.5360787138342857,0.16086915135383606,0.017237544059753418,0.35797201469540596,0.7122454680502415,0.0001,0.5392319865524768
469,0.539659608155489,0.1607782682403922,0.017059266567230225,0.36182207241654396,0.6034583710134029,0.0001,0.5392841599881649
470,0.538690060377121,0.16086572408676147,0.017046302556991577,0.36077803187072277,0.5315373875200748,0.0001,0.5394784487783909
471,0.5418070703744888,0.1607427764683962,0.01720527559518814,0.3638590145856142,0.6873464770615101,0.0001,0.5396112646907568
472,0.540192324668169,0.16070391051471233,0.0170581191778183,0.3624302912503481,0.7145714666694403,0.0001,0.5393985416740179
473,0.5370842143893242,0.16070245206356049,0.017342522740364075,0.3590392377227545,0.647864505648613,0.0001,0.5390789415687323
474,0.5400413796305656,0.16057500801980495,0.016771800816059113,0.36269456520676613,0.5993271060287952,0.0001,0.5393095310777426
475,0.5383554548025131,0.1606506472453475,0.016973823308944702,0.3607309851795435,0.5673636142164469,0.0001,0.5389788802713156
476,0.5363670699298382,0.16059959307312965,0.017428651452064514,0.358338825404644,0.707444628700614,0.0001,0.5387403108179569
477,0.5376141518354416,0.16041242890059948,0.017342939972877502,0.35985878854990005,0.7586110457777977,0.0001,0.5385890047997236
478,0.5380813665688038,0.16054004337638617,0.01716495305299759,0.36037637293338776,0.8000286929309368,0.0001,0.5387892700731755
479,0.5380183532834053,0.16083123441785574,0.017483152449131012,0.3597039692103863,1.2248767092823982,0.0001,0.5386251445859671
480,0.5343194864690304,0.16048211231827736,0.01709888130426407,0.35673848539590836,0.7062999811023474,0.0001,0.538188087195158
481,0.5392992794513702,0.16019297391176224,0.01715730130672455,0.36194900423288345,0.6122420113533735,0.0001,0.5379373081028461
482,0.5419232025742531,0.16031903494149446,0.01721804589033127,0.3643861189484596,0.5899321865290403,0.0001,0.5381103958934546
483,0.5396612957119942,0.16042746510356665,0.016992531716823578,0.3622412960976362,0.7017306387424469,0.0001,0.5383681040257215
484,0.5377495102584362,0.1603060718625784,0.017583593726158142,0.3598598428070545,0.6650936864316463,0.0001,0.5381389170885086
485,0.5377616472542286,0.16017837449908257,0.017170429229736328,0.36041283793747425,0.7024990860372782,0.0001,0.5380795363336801
486,0.5390734598040581,0.16023960337042809,0.017184071242809296,0.36164978332817554,0.6028154250234365,0.0001,0.5383501753211022
487,0.5382385663688183,0.16000559460371733,0.017183564603328705,0.3610494136810303,0.8448906987905502,0.0001,0.5384126167744399
488,0.5387027785181999,0.16020803432911634,0.017217233777046204,0.36127751134335995,0.7203014269471169,0.0001,0.5384747579693794
489,0.5376652106642723,0.16022017784416676,0.01708173006772995,0.3603633027523756,0.6678892970085144,0.0001,0.5384394437074661
490,0.5385510548949242,0.1602312047034502,0.01730581372976303,0.3610140345990658,0.6944056712090969,0.0001,0.5388626005500555
491,0.5405317135155201,0.16011178493499756,0.01695999503135681,0.3634599335491657,0.6831363923847675,0.0001,0.5389858439564705
492,0.5396235398948193,0.16002174280583858,0.01712806522846222,0.3624737299978733,0.6996159143745899,0.0001,0.5387558776885271
493,0.5371524095535278,0.16022459417581558,0.016957469284534454,0.35997034795582294,0.7456383928656578,0.0001,0.5385049890726805
494,0.5359570384025574,0.16042152885347605,0.017414532601833344,0.3581209722906351,1.26393161714077,0.0001,0.5383257418870926
495,0.5368463806807995,0.16013778187334538,0.0173434317111969,0.35936517268419266,1.0595708079636097,0.0001,0.5382342152297497
496,0.5375042445957661,0.16044576838612556,0.017217233777046204,0.35984124056994915,1.374195907264948,0.0001,0.5380772937089204
497,0.536861777305603,0.16024344973266125,0.017037995159626007,0.3595803268253803,1.1909848265349865,0.0001,0.537939614802599
498,0.5342077538371086,0.15989498421549797,0.016925163567066193,0.35738761350512505,0.8967868387699127,0.0001,0.5374901123344898
499,0.5358591116964817,0.1598549447953701,0.017023101449012756,0.35898106172680855,0.6471565440297127,0.0001,0.5373095024377108
500,0.5371794141829014,0.15994860138744116,0.01714067906141281,0.3600901309400797,0.5577806998044252,0.0001,0.5371723383665085
501,0.5410825721919537,0.15959765762090683,0.0171673446893692,0.3643175698816776,0.5667938869446516,0.0001,0.5372274242341518
502,0.5409567840397358,0.1597005631774664,0.016861259937286377,0.3643949627876282,0.698366042226553,0.0001,0.5373607486486435
503,0.5376845486462116,0.1597001738846302,0.017050549387931824,0.36093381978571415,0.6329142227768898,0.0001,0.5374139625579119
504,0.5378826558589935,0.15964478719979525,0.01682012528181076,0.3614177443087101,0.6634761299937963,0.0001,0.5376065243035555
505,0.5339861735701561,0.15947705786675215,0.016996808350086212,0.3575123008340597,0.6604551300406456,0.0001,0.5373205035924912
506,0.5403635762631893,0.15954140853136778,0.017132945358753204,0.36368922144174576,0.6999524421989918,0.0001,0.5376064367592335
507,0.5347909554839134,0.1594494115561247,0.01703812927007675,0.3583034109324217,0.7231645435094833,0.0001,0.5373993545770646
508,0.5372475236654282,0.15974063519388437,0.016705043613910675,0.36080184765160084,0.7291556783020496,0.0001,0.5377033315598965
509,0.534302432090044,0.15955168567597866,0.01709267497062683,0.35765806771814823,0.6622667107731104,0.0001,0.5375476635992527
510,0.5347995944321156,0.1597938211634755,0.01704290509223938,0.3579628746956587,1.0905735492706299,0.0001,0.5373096816241741
511,0.5371369086205959,0.1595390299335122,0.016945376992225647,0.3606525082141161,0.8385417480021715,0.0001,0.5369151152670384
512,0.5382343493402004,0.15946518070995808,0.016971156001091003,0.36179801262915134,0.6467531993985176,0.0001,0.5366428717970848
513,0.5368888527154922,0.15944896917790174,0.0173063725233078,0.3601335119456053,0.6313337795436382,0.0001,0.5365633022040128
514,0.536374855786562,0.15953469276428223,0.017074882984161377,0.35976528376340866,0.7325303219258785,0.0001,0.5364125221967697
515,0.5331271886825562,0.15953053813427687,0.017011843621730804,0.35658480413258076,0.7391398269683123,0.0001,0.5363266237080098
516,0.5353604517877102,0.15930881444364786,0.016867555677890778,0.35918407514691353,0.7530980668962002,0.0001,0.5358263112604618
517,0.5342029519379139,0.1593480296432972,0.016901895403862,0.3579530157148838,0.8123024664819241,0.0001,0.5357675109058618
518,0.5322024822235107,0.15933425910770893,0.01687769591808319,0.3559905234724283,0.7622362487018108,0.0001,0.5352630067616702
519,0.5314009934663773,0.15937957633286715,0.016587495803833008,0.3554339185357094,0.6162759363651276,0.0001,0.5349728628993035
520,0.5333522781729698,0.15902517922222614,0.01714511215686798,0.3571819867938757,0.6267630271613598,0.0001,0.5348281312733889
521,0.5344515964388847,0.15913232788443565,0.01693914085626602,0.35838012769818306,0.7117931675165892,0.0001,0.5345596000552177
522,0.5371678024530411,0.15908071026206017,0.01707160472869873,0.36101548559963703,0.7270330190658569,0.0001,0.5344529453665018
523,0.5386193320155144,0.15910747088491917,0.01666218787431717,0.36284967325627804,0.6328529790043831,0.0001,0.5346259932965041
524,0.5288880318403244,0.1589869325980544,0.01703837513923645,0.3528627324849367,0.7239928208291531,0.0001,0.5338773109018803
525,0.5365897789597511,0.15914545021951199,0.01688893884420395,0.3605553898960352,0.7377350386232138,0.0001,0.5342235699295997
526,0.5338853895664215,0.15912436787039042,0.016842707991600037,0.35791832208633423,0.7239854112267494,0.0001,0.5340760637074708
527,0.5322756208479404,0.1589039107784629,0.016925320029258728,0.3564463872462511,0.796135202050209,0.0001,0.5338833305984736
528,0.542794443666935,0.15904125664383173,0.017169252038002014,0.36658393032848835,0.6492375954985619,0.0001,0.534942526742816
529,0.5354376807808876,0.15899165254086256,0.017012685537338257,0.3594333380460739,0.7952619232237339,0.0001,0.535346195474267
530,0.5385965928435326,0.15888815559446812,0.01701851189136505,0.3626899216324091,0.6168015785515308,0.0001,0.5358706269413233
531,0.5354952998459339,0.15885152015835047,0.017209336161613464,0.35943444073200226,0.6403546780347824,0.0001,0.5359749972820282
532,0.5310833491384983,0.15884618554264307,0.016808681190013885,0.3554284833371639,0.7965049333870411,0.0001,0.5353665519505739
533,0.5355234332382679,0.1591506525874138,0.016861088573932648,0.35951169207692146,0.9273297395557165,0.0001,0.5350569620728493
534,0.5343814566731453,0.15883556380867958,0.01691143959760666,0.35863444954156876,0.747665960341692,0.0001,0.5356063045561313
535,0.5361490100622177,0.15898955892771482,0.01680583506822586,0.36035361886024475,0.680397542193532,0.0001,0.5355622276663781
536,0.5330204553902149,0.15866917371749878,0.016796864569187164,0.357554417103529,0.680716410279274,0.0001,0.5354757342487574
537,0.5339983440935612,0.1587968673557043,0.01702919602394104,0.3581722881644964,0.7947197332978249,0.0001,0.5356480065733195
538,0.5331276208162308,0.15878986194729805,0.01669781655073166,0.35763993859291077,0.7664116732776165,0.0001,0.534681324288249
539,0.5358811318874359,0.15878986287862062,0.017041854560375214,0.36004941537976265,0.7120699100196362,0.0001,0.5347256693989039
540,0.5373825132846832,0.1587786814197898,0.016911454498767853,0.361692376434803,0.713878558948636,0.0001,0.5346042614430189
541,0.5326448269188404,0.1586048463359475,0.016751989722251892,0.3572879917919636,0.7594615705311298,0.0001,0.5343192141503096
542,0.5270579196512699,0.15864076279103756,0.01665063202381134,0.35176651552319527,0.7654094640165567,0.0001,0.5339166712015867
543,0.5293730609118938,0.15857126470655203,0.01682552695274353,0.35397627018392086,0.678408794105053,0.0001,0.5333016339689494
544,0.5275000892579556,0.1585052590817213,0.016762875020503998,0.35223195143043995,0.75131930783391,0.0001,0.5326134972274303
545,0.5336795039474964,0.15851683169603348,0.016950957477092743,0.35821171291172504,0.7445642128586769,0.0001,0.5323665466159582
546,0.5293291620910168,0.15855119656771421,0.016953811049461365,0.35382415540516376,0.7369608283042908,0.0001,0.5319974172860384
547,0.5320098139345646,0.15848627500236034,0.016802839934825897,0.35672070644795895,0.7149649411439896,0.0001,0.5317985642701387
548,0.5321820564568043,0.1583218751475215,0.016737014055252075,0.35712316632270813,0.7981802113354206,0.0001,0.5317040078341961
549,0.5362213179469109,0.15856541506946087,0.016934305429458618,0.36072159744799137,0.9233226962387562,0.0001,0.5317380264401436
550,0.5319021716713905,0.1585961850360036,0.0166114941239357,0.3566944897174835,1.3784471787512302,0.0001,0.5311899922788144
551,0.5316744595766068,0.158706184476614,0.016721442341804504,0.35624682903289795,1.367327906191349,0.0001,0.5310929555445909
552,0.5282354764640331,0.15867518167942762,0.016643360257148743,0.3529169335961342,1.316641978919506,0.0001,0.5312107112258673
553,0.5334975644946098,0.15829997695982456,0.016445040702819824,0.3587525524199009,0.9507043585181236,0.0001,0.5316231615841389
554,0.5296684727072716,0.15833522379398346,0.016664884984493256,0.35466836765408516,0.7679745331406593,0.0001,0.5318399999290705
555,0.5338233448565006,0.15853106137365103,0.016567163169384003,0.35872512497007847,0.7238223142921925,0.0001,0.5318543840199709
556,0.5372607186436653,0.1583358934149146,0.016595564782619476,0.36232926324009895,0.7820059023797512,0.0001,0.5326475396752357
557,0.532994955778122,0.15823025722056627,0.01662524789571762,0.35813944414258003,0.8312867395579815,0.0001,0.5327460538595915
558,0.533225242048502,0.15822415333241224,0.01648247241973877,0.3585186190903187,0.7104699090123177,0.0001,0.5328503724187612
559,0.5305161215364933,0.15814183466136456,0.0163474902510643,0.3560267947614193,0.712046641856432,0.0001,0.5322798527777195
560,0.5327683575451374,0.15820461977273226,0.0167752206325531,0.35778851993381977,0.7744923233985901,0.0001,0.5323664713650942
561,0.5302893295884132,0.15812918450683355,0.01677718758583069,0.35538295842707157,0.7489205859601498,0.0001,0.5322279583662748
562,0.5290552228689194,0.1581163825467229,0.016789324581623077,0.3541495203971863,0.791162122040987,0.0001,0.5323099330067634
563,0.53221520408988,0.1583623392507434,0.01646578311920166,0.35738708451390266,1.1429980508983135,0.0001,0.5321816969662905
564,0.5280977711081505,0.15819262992590666,0.01661401242017746,0.3532911241054535,0.9076628647744656,0.0001,0.5320246268063784
565,0.5276804529130459,0.15804605092853308,0.016500674188137054,0.3531337287276983,0.8154384270310402,0.0001,0.5314103376120329
566,0.531618058681488,0.15796757023781538,0.016487129032611847,0.3571633566170931,0.7258242722600698,0.0001,0.5308460716158152
567,0.5280509553849697,0.15809018816798925,0.016640670597553253,0.3533200938254595,0.7959978096187115,0.0001,0.5303516715765
568,0.5294842608273029,0.15795765351504087,0.01662517338991165,0.35490143299102783,0.8321423679590225,0.0001,0.52997757345438
569,0.5283734016120434,0.1578306332230568,0.01657755672931671,0.353965213522315,0.8350732252001762,0.0001,0.5297633014619351
570,0.5277557373046875,0.15789541695266962,0.016598202288150787,0.35326211899518967,0.7970147132873535,0.0001,0.5292620394378901
571,0.5317005142569542,0.15787233039736748,0.016585692763328552,0.3572424929589033,0.8522341642528772,0.0001,0.5294031579047441
572,0.5299547538161278,0.15785473212599754,0.016530171036720276,0.35556985437870026,0.7834604941308498,0.0001,0.5294931109994649
573,0.5293615236878395,0.15790432132780552,0.016548581421375275,0.3549086134880781,0.8198705315589905,0.0001,0.529207742959261
574,0.5332720056176186,0.15786800347268581,0.01662694662809372,0.3587770536541939,0.7209842838346958,0.0001,0.5297251664102077
575,0.5263668745756149,0.15777589194476604,0.016409821808338165,0.35218115895986557,0.7714004889130592,0.0001,0.5295938085764647
576,0.5237598344683647,0.1576988073065877,0.01648665964603424,0.34957436844706535,0.8266877792775631,0.0001,0.5288079861551523
577,0.5313328430056572,0.1579344654455781,0.01654926687479019,0.3568491078913212,0.8333693705499172,0.0001,0.5291361749172211
578,0.5291651785373688,0.15782698523253202,0.016766123473644257,0.3545720651745796,0.8319241218268871,0.0001,0.5291042666882276
579,0.5278555527329445,0.15747374761849642,0.016518935561180115,0.3538628648966551,0.8004093952476978,0.0001,0.5290524818003177
580,0.5310580469667912,0.15764644276350737,0.01640382409095764,0.357007784768939,0.736392468214035,0.0001,0.5293827127665282
581,0.5292260199785233,0.15772755350917578,0.01667865365743637,0.3548198062926531,0.9051018916070461,0.0001,0.529135263338685
582,0.5318643450737,0.15762201696634293,0.01633477210998535,0.3579075466841459,0.94931935146451,0.0001,0.5293262224644423
583,0.5247777961194515,0.1575663136318326,0.01623295247554779,0.3509785309433937,0.9350686930119991,0.0001,0.5288678497076035
584,0.5313974060118198,0.15761739667505026,0.016319915652275085,0.357460081577301,1.0535670518875122,0.0001,0.5286803897470236
585,0.5253580175340176,0.15752726327627897,0.01624271273612976,0.3515880387276411,0.9105915948748589,0.0001,0.5285795040428638
586,0.5265819728374481,0.15755770355463028,0.016399256885051727,0.35262501798570156,0.8630241900682449,0.0001,0.5288617178797722
587,0.5253149382770061,0.15768841467797756,0.01644662767648697,0.3511798959225416,0.8472326509654522,0.0001,0.5282599274069071
588,0.528797559440136,0.15732682682573795,0.016473032534122467,0.35499770008027554,0.7831618636846542,0.0001,0.5282231654971838
589,0.5308743640780449,0.1574205793440342,0.016453996300697327,0.35699978843331337,0.7850107587873936,0.0001,0.5285250466316939
590,0.5295102670788765,0.15746410377323627,0.016227230429649353,0.35581892915070057,0.7477841936051846,0.0001,0.5283702686429024
591,0.526925053447485,0.15727665927261114,0.01618807762861252,0.353460306301713,0.70305011048913,0.0001,0.5281401719897986
592,0.5298125073313713,0.1574926134198904,0.016310930252075195,0.35600897297263145,0.9037691541016102,0.0001,0.5279349882155657
593,0.532515212893486,0.1574202897027135,0.01625114679336548,0.3588437791913748,0.8294047489762306,0.0001,0.5287087298929691
594,0.5292396657168865,0.15769703313708305,0.01628602296113968,0.3552566021680832,1.0983777269721031,0.0001,0.5284929558634758
595,0.5280683636665344,0.15778429340571165,0.01648598164319992,0.3537980876863003,1.4694962203502655,0.0001,0.5287639904767275
596,0.5279877968132496,0.1574993720278144,0.01645154505968094,0.35403687693178654,1.447790987789631,0.0001,0.5289045728743076
597,0.5282943062484264,0.15756122581660748,0.01610463857650757,0.35462844371795654,1.3821252807974815,0.0001,0.5292025096714497
598,0.5322072878479958,0.1574369529262185,0.016182921826839447,0.3585874140262604,1.2968466617166996,0.0001,0.5295434825122356
599,0.5287263803184032,0.15746111795306206,0.016127154231071472,0.3551381006836891,1.3559857569634914,0.0001,0.5293286841362714
600,0.529698483645916,0.15741167310625315,0.01619463413953781,0.35609217174351215,0.98442642390728,0.0001,0.5293475057929754
601,0.5288279913365841,0.1572476951405406,0.016323842108249664,0.35525645315647125,0.8069462068378925,0.0001,0.5295377995818853
602,0.5343826971948147,0.15707138925790787,0.016254112124443054,0.36105719208717346,0.7387425377964973,0.0001,0.5299948185682297
603,0.5257132388651371,0.15719451289623976,0.016109265387058258,0.3524094633758068,0.7176600955426693,0.0001,0.5293146211653947
604,0.5292400047183037,0.15737691428512335,0.0162152498960495,0.35564783960580826,0.8335872143507004,0.0001,0.5293146550655365
605,0.5241133272647858,0.1570879966020584,0.016078457236289978,0.3509468734264374,0.7802292220294476,0.0001,0.5289191514253616
606,0.5295967161655426,0.1570576848462224,0.016221731901168823,0.3563172947615385,0.8718021623790264,0.0001,0.5290800433605909
607,0.5271772313863039,0.15709226671606302,0.016102910041809082,0.3539820536971092,0.9122717119753361,0.0001,0.5289683358743786
608,0.5260480083525181,0.15712262969464064,0.016063213348388672,0.3528621606528759,0.8843602165579796,0.0001,0.528352407924831
609,0.528317142277956,0.15713676158338785,0.01607295125722885,0.3551074303686619,0.8699897639453411,0.0001,0.5283114841207862
610,0.525757696479559,0.1570919444784522,0.016238778829574585,0.352426977828145,0.8160541355609894,0.0001,0.5279174054041504
611,0.5321678668260574,0.15711005590856075,0.01603059470653534,0.35902721248567104,1.0322220921516418,0.0001,0.5282513929530979
612,0.5262283980846405,0.1571999555453658,0.01626931130886078,0.35275913029909134,1.0194645151495934,0.0001,0.5274359630420804
613,0.5292893052101135,0.15704065933823586,0.01613295078277588,0.3561156950891018,0.7846664600074291,0.0001,0.5277935696765781
614,0.5251418501138687,0.15705485083162785,0.016176722943782806,0.35191027633845806,0.9230285361409187,0.0001,0.5273837542161346
615,0.5214067809283733,0.15702216979116201,0.016233190894126892,0.34815142303705215,0.9237240143120289,0.0001,0.5271130995824933
616,0.5275778695940971,0.15699490532279015,0.01605338603258133,0.3545295726507902,0.9745202772319317,0.0001,0.5269112149253488
617,0.523762509226799,0.1568497819826007,0.01597244292497635,0.3509402796626091,0.7958069257438183,0.0001,0.5265697427093983
618,0.5299655310809612,0.15690710674971342,0.016047708690166473,0.3570107091218233,0.9861248321831226,0.0001,0.5269614949822425
619,0.5280608385801315,0.1568120615556836,0.01583680510520935,0.35541196539998055,0.956860389560461,0.0001,0.5269358646124601
620,0.5256440527737141,0.15699770022183657,0.016054242849349976,0.3525921106338501,0.8058709055185318,0.0001,0.5269245002418756
621,0.5262221097946167,0.15680143423378468,0.016161330044269562,0.35325934551656246,0.8346178568899632,0.0001,0.5263299245387316
622,0.5319754369556904,0.15690139681100845,0.016079552471637726,0.3589944802224636,1.0341301709413528,0.0001,0.5269046284258365
623,0.5284754037857056,0.1567599270492792,0.016052544116973877,0.3556629288941622,0.9216431863605976,0.0001,0.5268232382833957
624,0.5244823135435581,0.15676144696772099,0.0159861221909523,0.35173474624753,0.8097195327281952,0.0001,0.5267572846263647
625,0.5268168598413467,0.1568065993487835,0.016164705157279968,0.35384555719792843,0.8841593265533447,0.0001,0.527298292517662
626,0.5247274786233902,0.1566882347688079,0.01618199795484543,0.3518572524189949,0.8939508348703384,0.0001,0.5270132534205914
627,0.5294271931052208,0.15676828753203154,0.016087912023067474,0.3565709926187992,0.837476097047329,0.0001,0.5275797218084335
628,0.5236328169703484,0.15670950338244438,0.01600513607263565,0.3509181775152683,0.8876701816916466,0.0001,0.5269464503973722
629,0.5291393250226974,0.15675553120672703,0.016231313347816467,0.35615248791873455,0.8284534104168415,0.0001,0.5270542990416288
630,0.5239458419382572,0.15672527626156807,0.016017302870750427,0.35120326094329357,0.8740644454956055,0.0001,0.5268844779580831
631,0.5284671224653721,0.15675816591829062,0.016254499554634094,0.3554544560611248,1.0298546478152275,0.0001,0.5271089792251586
632,0.5223835855722427,0.1566457012668252,0.015883401036262512,0.3498544804751873,1.064396671950817,0.0001,0.526149794086814
633,0.530334897339344,0.1566196046769619,0.01604311168193817,0.35767218098044395,0.9588498212397099,0.0001,0.5263357434421778
634,0.5271631963551044,0.15673111379146576,0.015995919704437256,0.35443615913391113,0.786164402961731,0.0001,0.5266038317233324
635,0.5265665799379349,0.15664617903530598,0.015729740262031555,0.35419066064059734,0.850082028657198,0.0001,0.5265788037329913
636,0.5228543877601624,0.1565857594832778,0.01596808433532715,0.35030054487288,1.2195110730826855,0.0001,0.5263914946466685
637,0.52476367354393,0.15657257474958897,0.0161079540848732,0.35208315029740334,0.9839640408754349,0.0001,0.5259251426905394
638,0.530219629406929,0.15644958056509495,0.015967413783073425,0.3578026369214058,0.873058058321476,0.0001,0.5265838239341974
639,0.5249929092824459,0.15654130838811398,0.016084425151348114,0.3523671682924032,0.8904330506920815,0.0001,0.5261691823601723
640,0.52670668810606,0.1564850676804781,0.01605956256389618,0.3541620597243309,0.9645850360393524,0.0001,0.5264452669769526
641,0.5263213887810707,0.15677249990403652,0.015934661030769348,0.35361422970891,1.2249178104102612,0.0001,0.5262306936085224
642,0.521188598126173,0.15673727169632912,0.016012631356716156,0.34843869879841805,1.493378534913063,0.0001,0.5261111948639154
643,0.526043564081192,0.1564546637237072,0.01569516956806183,0.3538937345147133,1.4694733545184135,0.0001,0.5256820615381003
644,0.5219265185296535,0.1565480027347803,0.01591668277978897,0.34946183674037457,1.1873694770038128,0.0001,0.5251583937555552
645,0.5242309309542179,0.156233299523592,0.015948794782161713,0.35204882733523846,0.9029533602297306,0.0001,0.5249248288571835
646,0.5202564112842083,0.15633693989366293,0.01596720516681671,0.3479522690176964,0.8025904856622219,0.0001,0.5246650312095881
647,0.5232837237417698,0.15634329244494438,0.015978403389453888,0.35096202604472637,0.8899559155106544,0.0001,0.5245170362293721
648,0.5218091998249292,0.15626896638423204,0.015897177159786224,0.349643062800169,0.924823772162199,0.0001,0.5236759932711721
649,0.5269571803510189,0.15630360785871744,0.015851937234401703,0.35480163991451263,0.922673474997282,0.0001,0.5238724203780294
650,0.529087733477354,0.15640290919691324,0.016223758459091187,0.3564610555768013,0.819234699010849,0.0001,0.5241105249151587
651,0.5292802825570107,0.1565011441707611,0.015879370272159576,0.3568997513502836,0.9832718186080456,0.0001,0.5244064142927527
652,0.5215119868516922,0.1563295954838395,0.016100101172924042,0.3490822855383158,0.9456320181488991,0.0001,0.5244387531653046
653,0.5222771354019642,0.15625398512929678,0.016149744391441345,0.3498734124004841,1.0018671117722988,0.0001,0.5240621102973819
654,0.5262020006775856,0.15642995666712523,0.015907369554042816,0.353864673525095,0.9282997213304043,0.0001,0.5244896585121751
655,0.5248338170349598,0.15600999724119902,0.01595228910446167,0.3528715316206217,0.8588264584541321,0.0001,0.5245499471202493
656,0.5229440033435822,0.15642048884183168,0.016070030629634857,0.3504534848034382,1.5102940276265144,0.0001,0.5248187063261867
657,0.5223313942551613,0.1564773954451084,0.015861593186855316,0.3499924074858427,1.5519431084394455,0.0001,0.5247234733775258
658,0.5261034443974495,0.15660068951547146,0.01592889428138733,0.35357385873794556,1.546092502772808,0.0001,0.5251528978347778
659,0.5205296594649553,0.1563355289399624,0.015890702605247498,0.3483034297823906,1.4046042039990425,0.0001,0.5245101457461715
660,0.5299328528344631,0.15617897547781467,0.01593109965324402,0.3578227758407593,1.317321427166462,0.0001,0.5245946576818824
661,0.5210012085735798,0.15618739929050207,0.015770718455314636,0.34904308430850506,0.9312974810600281,0.0001,0.5237667502835393
662,0.5267608463764191,0.15605540573596954,0.01578664779663086,0.3549187909811735,0.8967539258301258,0.0001,0.5242916362360119
663,0.5238637924194336,0.1559678940102458,0.01608305424451828,0.3518128450959921,1.0052228979766369,0.0001,0.5244503019377589
664,0.52591273188591,0.15607278235256672,0.015961796045303345,0.35387815721333027,0.8949767611920834,0.0001,0.5244213750585913
665,0.5229645445942879,0.15600083488970995,0.01579548418521881,0.35116822086274624,0.9400589354336262,0.0001,0.5242344478145242
666,0.5193675085902214,0.15609648078680038,0.015999779105186462,0.3472712431102991,0.8463817685842514,0.0001,0.5238767983391881
667,0.5255784876644611,0.15606470499187708,0.01579422503709793,0.35371955670416355,0.8809553124010563,0.0001,0.5242015076801181
668,0.5244815275073051,0.15596231073141098,0.015900112688541412,0.3526191059499979,0.9123712368309498,0.0001,0.5240393159911036
669,0.5209881812334061,0.1559352483600378,0.0157918781042099,0.34926106594502926,0.992337241768837,0.0001,0.5240851681679487
670,0.5241381525993347,0.1561180055141449,0.015749044716358185,0.3522711005061865,1.1232385747134686,0.0001,0.5235056981444359
671,0.5226015523076057,0.15584450773894787,0.015713460743427277,0.35104358568787575,0.9908276312053204,0.0001,0.5236657325178384
672,0.5237928293645382,0.15590203646570444,0.01580607146024704,0.3520847223699093,0.9647058770060539,0.0001,0.5233689308166504
673,0.5188386738300323,0.15604696981608868,0.01590641587972641,0.3468852825462818,0.9378478899598122,0.0001,0.5228664189577102
674,0.5244432240724564,0.15570237021893263,0.015895970165729523,0.35284487530589104,0.9249130487442017,0.0001,0.5227194681763649
675,0.5239098444581032,0.15595540311187506,0.015945419669151306,0.35200901702046394,0.9400491453707218,0.0001,0.5228139981627464
676,0.5256287604570389,0.1558377854526043,0.015890926122665405,0.35390005446970463,1.0000301729887724,0.0001,0.5234401233494281
677,0.5271344818174839,0.15596738643944263,0.01597786694765091,0.3551892340183258,1.2750014886260033,0.0001,0.5235957227647304
678,0.5259126424789429,0.1559679750353098,0.015771903097629547,0.3541727550327778,1.2821881175041199,0.0001,0.5237388342618943
679,0.5202461369335651,0.1560571100562811,0.015690036118030548,0.34849898517131805,1.4071619845926762,0.0001,0.5236646298319101
680,0.5209607928991318,0.15591962356120348,0.015780240297317505,0.34926092997193336,1.5698185488581657,0.0001,0.5233468938618898
681,0.5251505672931671,0.1559855928644538,0.015894725918769836,0.35327024571597576,1.5084806419909,0.0001,0.5236017953604459
682,0.5251819342374802,0.1558563457801938,0.01574135571718216,0.3535842299461365,1.5395491495728493,0.0001,0.5237407058477401
683,0.524502333253622,0.156001640483737,0.015726186335086823,0.3527745008468628,1.4007835909724236,0.0001,0.5243070717900992
684,0.5194723047316074,0.15591937396675348,0.015693947672843933,0.3478589802980423,1.3363080695271492,0.0001,0.5238099798560143
685,0.5258460640907288,0.15604201331734657,0.015756607055664062,0.354047441855073,1.5291326865553856,0.0001,0.5240036018192769
686,0.5268914476037025,0.15574738942086697,0.015497252345085144,0.3556468039751053,1.4778421968221664,0.0001,0.5241298705339432
687,0.522588487714529,0.1559167569503188,0.015688374638557434,0.35098335333168507,1.4098551608622074,0.0001,0.5236752711236476
688,0.5240816883742809,0.155872012488544,0.01569385826587677,0.3525158241391182,1.4445517621934414,0.0001,0.5234921757131815
689,0.5203665252774954,0.15581831615418196,0.015877820551395416,0.34867038391530514,1.310233186930418,0.0001,0.5235042145475746
690,0.5221352800726891,0.15545173827558756,0.015925981104373932,0.35075755789875984,0.8461331129074097,0.0001,0.5236216632649302
691,0.5236484631896019,0.15553757641464472,0.015847913920879364,0.3522629737854004,0.8833691403269768,0.0001,0.5234714528545737
692,0.5255913734436035,0.15576341655105352,0.015742428600788116,0.354085523635149,0.9635472558438778,0.0001,0.523512396775186
693,0.5248938836157322,0.1558660762384534,0.015531614422798157,0.3534961920231581,1.0222932435572147,0.0001,0.5235515518113971
694,0.5226746182888746,0.15578529238700867,0.015795454382896423,0.35109386779367924,0.903122253715992,0.0001,0.5238717831671238
695,0.5222573317587376,0.1558036645874381,0.015896819531917572,0.3505568504333496,1.085337944328785,0.0001,0.5235129099339246
696,0.5204359441995621,0.15577037818729877,0.015618890523910522,0.3490466754883528,1.5432440973818302,0.0001,0.5228673595935106
697,0.5218157134950161,0.15560521371662617,0.015668578445911407,0.35054192692041397,1.0113869868218899,0.0001,0.5227900821715593
698,0.5220864191651344,0.1555664725601673,0.01579708606004715,0.3507228661328554,1.2586436681449413,0.0001,0.5225905552506447
699,0.5238529555499554,0.15568532049655914,0.015696145594120026,0.35247148014605045,1.2920033857226372,0.0001,0.5229391982778907
700,0.5216983631253242,0.15558518283069134,0.015838265419006348,0.3502749167382717,1.3664169535040855,0.0001,0.5228955065831542
701,0.5220568142831326,0.15559019427746534,0.015807650983333588,0.35065896064043045,1.3479377552866936,0.0001,0.5227363416925073
702,0.5207350961863995,0.15534658823162317,0.01549830287694931,0.34989019855856895,1.1100093312561512,0.0001,0.5222507139667869
703,0.5251961387693882,0.15552066639065742,0.015664711594581604,0.35401076078414917,0.9661576151847839,0.0001,0.5222809394821525
704,0.5197366159409285,0.15568792819976807,0.015711486339569092,0.3483372051268816,1.2990443632006645,0.0001,0.5219871392473578
705,0.5209076814353466,0.1554746674373746,0.015647217631340027,0.34978579357266426,1.0779012851417065,0.0001,0.5218521742150187
706,0.5271000452339649,0.15564073342829943,0.01579686999320984,0.3556624408811331,1.2038712166249752,0.0001,0.522518584318459
707,0.5271496810019016,0.15558937471359968,0.015773624181747437,0.35578668117523193,1.306303545832634,0.0001,0.5230519810691476
708,0.52427763864398,0.15550827514380217,0.015737153589725494,0.35303220711648464,1.0057719685137272,0.0001,0.5232711030170322
709,0.5262775383889675,0.15546758752316236,0.01568082720041275,0.3551291208714247,0.8925076425075531,0.0001,0.5235135613009334
710,0.5226233601570129,0.1553659290075302,0.01545008271932602,0.3518073447048664,1.2060463763773441,0.0001,0.5236060610041022
711,0.5212227925658226,0.1550471056252718,0.015563242137432098,0.35061243921518326,1.1131305433809757,0.0001,0.5235226588323713
712,0.5213362462818623,0.1553027741611004,0.015618063509464264,0.3504154123365879,0.870831448584795,0.0001,0.5235827738419175
713,0.5217496156692505,0.15536888409405947,0.01553259789943695,0.3508481364697218,0.961201686412096,0.0001,0.5232381215319037
714,0.5218879021704197,0.1553642237558961,0.015709377825260162,0.35081429965794086,0.9211070090532303,0.0001,0.5234532501548529
715,0.5216132514178753,0.15529868751764297,0.015788383781909943,0.3505261745303869,1.0038570128381252,0.0001,0.5235238071531058
716,0.5166914835572243,0.1552370758727193,0.015601761639118195,0.34585264325141907,0.912528969347477,0.0001,0.5224829509854316
717,0.5229103080928326,0.15526814479380846,0.015873096883296967,0.3517690598964691,0.9467471539974213,0.0001,0.5220590136945248
718,0.524080153554678,0.15532628819346428,0.01574704796075821,0.35300681181252,0.9609397202730179,0.0001,0.5220392651855945
719,0.5234365910291672,0.15521538816392422,0.01564246416091919,0.35257873125374317,1.0549378283321857,0.0001,0.5217551704496145
720,0.5223478451371193,0.15514417458325624,0.015570878982543945,0.3516327943652868,1.0469494834542274,0.0001,0.5217276189476252
721,0.5205569490790367,0.155618860386312,0.01590089499950409,0.3490372020751238,1.6075740233063698,0.0001,0.5216610345989465
722,0.5273502767086029,0.15539163816720247,0.01562250405550003,0.3563361316919327,1.5425151363015175,0.0001,0.5222624376416206
723,0.5234875045716763,0.15518271271139383,0.015574619174003601,0.3527301698923111,1.485532820224762,0.0001,0.5224362265318632
724,0.5180556438863277,0.15506879519671202,0.015540286898612976,0.34744655527174473,0.8874369971454144,0.0001,0.5220530007034541
725,0.5221049077808857,0.15504414029419422,0.01570778340101242,0.3513529784977436,1.0100260488688946,0.0001,0.522102166339755
726,0.5203436687588692,0.1551729217171669,0.015757068991661072,0.34941367618739605,1.2063091844320297,0.0001,0.5224673848599195
727,0.5185559689998627,0.15509273577481508,0.015597768127918243,0.3478654623031616,1.1099016144871712,0.0001,0.5220319509506226
728,0.5185509473085403,0.15500395465642214,0.01571601629257202,0.34783097729086876,0.9719466753304005,0.0001,0.5214790303260088
729,0.5244460366666317,0.15499821305274963,0.015689074993133545,0.3537587486207485,0.9742404818534851,0.0001,0.5215799748897553
730,0.5163961164653301,0.1550692841410637,0.015519879758358002,0.34580695629119873,1.0578568018972874,0.0001,0.5209848020225764
731,0.5234173983335495,0.1551549592986703,0.015689030289649963,0.35257341526448727,1.105090007185936,0.0001,0.5212708469480276
732,0.5186976417899132,0.15486028138548136,0.01576683670282364,0.34807052090764046,1.0238941237330437,0.0001,0.5204055834561586
733,0.5234107337892056,0.15487371943891048,0.015899457037448883,0.35263755917549133,1.0359692350029945,0.0001,0.5203979063779116
734,0.5219247899949551,0.15515872929245234,0.015787534415721893,0.3509785272181034,1.0405396930873394,0.0001,0.5207848209887743
735,0.5223822332918644,0.15507785230875015,0.015542760491371155,0.35176161490380764,0.9987161345779896,0.0001,0.5208125535398722
736,0.518043752759695,0.154983127489686,0.015401922166347504,0.34765870682895184,1.1789210848510265,0.0001,0.5205825619399548
737,0.5197897721081972,0.1548750465735793,0.015873529016971588,0.34904119931161404,1.064683709293604,0.0001,0.5207059422507883
738,0.5248317047953606,0.15504344552755356,0.015483304858207703,0.35430495254695415,1.3769329860806465,0.0001,0.5213340179994702
739,0.5179367251694202,0.15495344251394272,0.01530545949935913,0.34767782501876354,1.273621805012226,0.0001,0.5206830868497491
740,0.5209962911903858,0.15530442725867033,0.01571095734834671,0.3499809019267559,1.5058319419622421,0.0001,0.5211431043222546
741,0.5193807259202003,0.1550029395148158,0.0156078040599823,0.3487699758261442,1.3615296855568886,0.0001,0.5207394370809197
742,0.5219112746417522,0.15503128431737423,0.015480481088161469,0.35139950923621655,1.0717141665518284,0.0001,0.5210608003661037
743,0.5217637121677399,0.15472049359232187,0.015550464391708374,0.35149274952709675,1.056514710187912,0.0001,0.5208960982039571
744,0.5174105502665043,0.15492058917880058,0.015517592430114746,0.34697236120700836,1.2631773576140404,0.0001,0.520444674231112
745,0.5193199049681425,0.15499072056263685,0.015697479248046875,0.3486317079514265,1.0498938784003258,0.0001,0.5201384413987398
746,0.5193873755633831,0.1546968948096037,0.015514858067035675,0.34917562268674374,1.154070608317852,0.0001,0.5202728036791087
747,0.5218671634793282,0.1547779217362404,0.015605628490447998,0.35148361325263977,1.0900881178677082,0.0001,0.5204805428162217
748,0.5192567445337772,0.15487315505743027,0.015763483941555023,0.3486201111227274,0.9971261285245419,0.0001,0.5199230467900634
749,0.5180361792445183,0.15484839212149382,0.015629015862941742,0.34755877032876015,1.4146521240472794,0.0001,0.5199329921975732
750,0.522274274379015,0.1548937475308776,0.015579916536808014,0.3518006131052971,1.3059846572577953,0.0001,0.5200607905164361
751,0.522722689434886,0.15489475894719362,0.015498079359531403,0.35232985205948353,1.194603182375431,0.0001,0.5203949868679046
752,0.5210054703056812,0.154673189856112,0.015521630644798279,0.3508106507360935,1.0875284075737,0.0001,0.5203044064342975
753,0.5198269635438919,0.15459617972373962,0.015505149960517883,0.34972563199698925,1.000740922987461,0.0001,0.5201107315719128
754,0.5200469717383385,0.15450826566666365,0.015659116208553314,0.34987959265708923,1.1508594565093517,0.0001,0.5203743737190962
755,0.5259365234524012,0.15483269933611155,0.015450544655323029,0.3556532822549343,1.4307734780013561,0.0001,0.5210360355675221
756,0.5201602205634117,0.15466692578047514,0.015585176646709442,0.34990811720490456,1.487772911787033,0.0001,0.5211133200675249
757,0.520779725164175,0.15472649782896042,0.015470467507839203,0.35058276169002056,1.5586786344647408,0.0001,0.5210045762360096
758,0.5201036185026169,0.15467082802206278,0.015591837465763092,0.3498409502208233,1.6172044277191162,0.0001,0.5210892636328935
759,0.5191563814878464,0.15458522364497185,0.015602260828018188,0.3489688951522112,1.489179227501154,0.0001,0.5212012838572264
760,0.5222317390143871,0.15451739635318518,0.01546669751405716,0.3522476404905319,1.060073371976614,0.0001,0.5211970303207636
761,0.5191896576434374,0.154280673712492,0.01530078798532486,0.3496081978082657,0.9743518345057964,0.0001,0.5208437271416188
762,0.5191363506019115,0.15450447611510754,0.015362679958343506,0.3492691908031702,1.122641459107399,0.0001,0.5206568151712417
763,0.519613329321146,0.15455966722220182,0.015497438609600067,0.34955622628331184,1.1122435852885246,0.0001,0.5206354517489672
764,0.5235291793942451,0.15495046880096197,0.015317246317863464,0.353261461481452,1.4830659255385399,0.0001,0.5209836725145578
765,0.5173686146736145,0.15469149686396122,0.015397265553474426,0.34727985598146915,1.665582314133644,0.0001,0.5201268816366792
766,0.5255630314350128,0.154673564247787,0.015327028930187225,0.3555624410510063,1.6298430301249027,0.0001,0.5206671627238393
767,0.5201688576489687,0.15457852464169264,0.015324383974075317,0.3502659499645233,1.655102014541626,0.0001,0.5206060759723187
768,0.5188611298799515,0.1545540513470769,0.015356242656707764,0.3489508368074894,1.6498349606990814,0.0001,0.5204818271100521
769,0.5220418684184551,0.15456519275903702,0.015320584177970886,0.3521560952067375,1.6759235262870789,0.0001,0.520770375803113
770,0.5137786976993084,0.15460877306759357,0.015514962375164032,0.3436549585312605,1.640589401125908,0.0001,0.5199250716716051
771,0.519512839615345,0.15448132902383804,0.01521231234073639,0.34981920197606087,1.6515543460845947,0.0001,0.5199573898687959
772,0.5200129859149456,0.15488649532198906,0.015534982085227966,0.34959150291979313,1.4260280951857567,0.0001,0.5200450534000993
773,0.5188388898968697,0.15454889927059412,0.015499159693717957,0.348790830001235,1.3384736962616444,0.0001,0.5199676094576716
774,0.5185947716236115,0.15468277037143707,0.0153440460562706,0.3485679514706135,1.320355549454689,0.0001,0.5194741686806083
775,0.5175535827875137,0.15445235464721918,0.015506289899349213,0.3475949391722679,1.188329204916954,0.0001,0.5194926654919982
776,0.5160678140819073,0.1546770567074418,0.015575207769870758,0.34581555239856243,1.2268343940377235,0.0001,0.5185431437566876
777,0.5184404626488686,0.15455274563282728,0.01562238484621048,0.3482653293758631,1.3943044543266296,0.0001,0.5183703042566776
778,0.5209239162504673,0.15440103877335787,0.01557420939207077,0.35094867274165154,1.2021740339696407,0.0001,0.5185765828937292
779,0.519496513530612,0.15441967267543077,0.015491567552089691,0.34958527237176895,1.5562226474285126,0.0001,0.5183220474049449
780,0.5174059234559536,0.15448429249227047,0.015507154166698456,0.3474144730716944,1.2621746398508549,0.0001,0.5186847699806094
781,0.5203257892280817,0.15436279866844416,0.015353173017501831,0.3506098110228777,1.2861075773835182,0.0001,0.518766064941883
782,0.5226068198680878,0.15442890115082264,0.015451952815055847,0.352725962176919,1.140806756913662,0.0001,0.5190254483371973
783,0.5189789310097694,0.15457192435860634,0.015256330370903015,0.3491506800055504,1.4417322725057602,0.0001,0.5190394524484873
784,0.5194011013954878,0.15439402405172586,0.01529046893119812,0.3497166112065315,1.4774390757083893,0.0001,0.5191200854256749
785,0.519475381821394,0.15448426082730293,0.015405341982841492,0.34958577901124954,1.7051315233111382,0.0001,0.5193122653290629
786,0.5170966535806656,0.1543735209852457,0.01540357619524002,0.34731954894959927,1.7110424190759659,0.0001,0.5194151492789387
787,0.5216761827468872,0.15449852589517832,0.015375882387161255,0.3518017679452896,1.6295509338378906,0.0001,0.5197387212887407
788,0.5188874565064907,0.15443671308457851,0.015294559299945831,0.34915619157254696,1.6203720644116402,0.0001,0.519535075314343
789,0.5198075883090496,0.1540590925142169,0.015286177396774292,0.35046231746673584,1.6072308719158173,0.0001,0.5195661827921867
790,0.5190530382096767,0.1542248371988535,0.015521101653575897,0.3493070974946022,1.530908115208149,0.0001,0.519730894267559
791,0.5161135531961918,0.15426037460565567,0.015293918550014496,0.3465592563152313,1.5992486849427223,0.0001,0.5193096706643701
792,0.5222031623125076,0.15412999596446753,0.015172615647315979,0.3529005516320467,1.54511359333992,0.0001,0.5192693049088121
793,0.5176680237054825,0.1541837826371193,0.015465348958969116,0.34801889583468437,1.4733248502016068,0.0001,0.5191382141783834
794,0.5205765031278133,0.15421633515506983,0.01540517807006836,0.3509549889713526,1.3226536586880684,0.0001,0.5192557543516159
795,0.5195369776338339,0.15428965352475643,0.015446595847606659,0.3498007282614708,1.308721598237753,0.0001,0.5192619139328599
796,0.5162891950458288,0.154307184740901,0.015167072415351868,0.34681493416428566,1.3942801430821419,0.0001,0.5191811680793762
797,0.5185407362878323,0.15411442890763283,0.015365533530712128,0.34906076826155186,1.182054553180933,0.0001,0.5188676234334707
798,0.5152251739054918,0.1542842909693718,0.015295565128326416,0.34564531221985817,1.1852367743849754,0.0001,0.5185013951733708
799,0.5149309448897839,0.15421124920248985,0.015417292714118958,0.34530240297317505,1.1841890886425972,0.0001,0.5180137308314443
800,0.5186105892062187,0.15419396944344044,0.015345633029937744,0.34907098673284054,1.2641569413244724,0.0001,0.5179694859310985
801,0.5207608863711357,0.15421168878674507,0.015335999429225922,0.351213201880455,1.2043215446174145,0.0001,0.5184342192485929
802,0.5161205977201462,0.15416855923831463,0.015690267086029053,0.34626176580786705,1.3048308044672012,0.0001,0.5178259627893567
803,0.520413264632225,0.15415583830326796,0.015606559813022614,0.35065086372196674,1.4064099974930286,0.0001,0.5181004868820309
804,0.5194531828165054,0.15416947286576033,0.015331819653511047,0.34995189122855663,1.494294434785843,0.0001,0.5179881548509002
805,0.5151605475693941,0.15410757809877396,0.015284828841686249,0.3457681331783533,1.4655190482735634,0.0001,0.5175505118444562
806,0.5165830813348293,0.15430385246872902,0.015498988330364227,0.3467802368104458,1.6399821788072586,0.0001,0.5175799004733562
807,0.5190899521112442,0.1540608098730445,0.015312694013118744,0.3497164510190487,1.1805654391646385,0.0001,0.5176348220556974
808,0.5184440314769745,0.15395484771579504,0.01531057059764862,0.34917860105633736,1.3382082842290401,0.0001,0.5179567078128458
809,0.5207533650100231,0.1542580584064126,0.015497393906116486,0.35099791549146175,1.5423830151557922,0.0001,0.5185389498248696
810,0.5180219188332558,0.15395389404147863,0.015334688127040863,0.34873333759605885,1.0685726925730705,0.0001,0.5184800827875733
811,0.5177589431405067,0.1538160750642419,0.015349216759204865,0.34859365969896317,1.0509388521313667,0.0001,0.5181798884645105
812,0.5160413049161434,0.1539938785135746,0.015376627445220947,0.34667080640792847,1.1371468268334866,0.0001,0.5181719591841102
813,0.5158022604882717,0.15377490129321814,0.01525905728340149,0.3467683009803295,1.242076713591814,0.0001,0.5177108587697148
814,0.518277645111084,0.15390501264482737,0.015159010887145996,0.34921362437307835,1.400883711874485,0.0001,0.5175933049991727
815,0.5162560194730759,0.15397593844681978,0.015375740826129913,0.34690433740615845,1.1764464899897575,0.0001,0.5177028521895408
816,0.519117321819067,0.15390869230031967,0.015451312065124512,0.3497573249042034,1.1623069532215595,0.0001,0.5179562762379646
817,0.5181779824197292,0.15377962496131659,0.015197232365608215,0.3492011297494173,1.2459192872047424,0.0001,0.5178650792688131
818,0.51564303599298,0.15396077651530504,0.01534811407327652,0.3463341426104307,1.2948587089776993,0.0001,0.5175849797204137
819,0.5181858502328396,0.15387481078505516,0.015379741787910461,0.34893130511045456,1.3492863476276398,0.0001,0.5173282282426953
820,0.5173207651823759,0.15384963154792786,0.015218101441860199,0.34825302846729755,1.42258370667696,0.0001,0.5172581128776074
821,0.519329097121954,0.15395029727369547,0.015496991574764252,0.3498818092048168,1.1899505853652954,0.0001,0.5174151282757521
822,0.5166710205376148,0.1540173264220357,0.01533547043800354,0.3473182190209627,1.6788480952382088,0.0001,0.5174780998378992
823,0.5160618592053652,0.153864162042737,0.015546798706054688,0.3466508984565735,1.7196578159928322,0.0001,0.5175040597096086
824,0.5176707804203033,0.15391854103654623,0.015348047018051147,0.3484041914343834,1.7392220944166183,0.0001,0.5174433732405305
825,0.517026524990797,0.15392654482275248,0.015129432082176208,0.3479705508798361,1.6185231283307076,0.0001,0.5175204237923026
826,0.5173819176852703,0.15378133486956358,0.015229962766170502,0.3483706209808588,1.3911117315292358,0.0001,0.517346883378923
827,0.5172997340559959,0.15387846902012825,0.015472181141376495,0.34794908203184605,1.6695998758077621,0.0001,0.5172590585425496
828,0.5164219904690981,0.15376192051917315,0.015191927552223206,0.3474681470543146,1.4863039776682854,0.0001,0.5173369539901614
829,0.5141376592218876,0.15380343608558178,0.015226289629936218,0.34510793909430504,1.4492603316903114,0.0001,0.5169321348890662
830,0.5137085318565369,0.1534583903849125,0.015095740556716919,0.34515440836548805,1.0968629457056522,0.0001,0.5165709115564823
831,0.5195804536342621,0.15354568790644407,0.015119239687919617,0.3509155213832855,1.0691424645483494,0.0001,0.5165960472077131
832,0.5136032737791538,0.15388550329953432,0.01554187387228012,0.34417589753866196,1.5337744355201721,0.0001,0.5162892725318671
833,0.5150335431098938,0.1539250761270523,0.015399530529975891,0.3457089327275753,1.7272688299417496,0.0001,0.5161864409223199
834,0.5218011178076267,0.15357276238501072,0.01536472886800766,0.35286362655460835,1.1891348138451576,0.0001,0.5165994746610523
835,0.5147263277322054,0.15374951343983412,0.015120431780815125,0.3458563834428787,1.5581346824765205,0.0001,0.516369454935193
836,0.5147107206285,0.1537965713068843,0.015228651463985443,0.34568549506366253,1.1544217243790627,0.0001,0.516102335229516
837,0.5152217000722885,0.1535565722733736,0.015180297195911407,0.3464848268777132,1.2225340530276299,0.0001,0.5158945318311453
838,0.5173890180885792,0.1537110824137926,0.015283375978469849,0.34839455410838127,1.3192530609667301,0.0001,0.5159912345930934
839,0.5166650228202343,0.15363807417452335,0.015251211822032928,0.3477757330983877,1.5353534519672394,0.0001,0.5162439709529281
840,0.5183045510202646,0.1536220982670784,0.015213221311569214,0.34946922585368156,1.4923193976283073,0.0001,0.5167035728693008
841,0.5142322462052107,0.15360092464834452,0.0150836780667305,0.34554763697087765,1.2723532803356647,0.0001,0.5161687521263957
842,0.5147059541195631,0.15366014372557402,0.015188992023468018,0.3458568211644888,1.6832529455423355,0.0001,0.5162790201604366
843,0.5160091053694487,0.15365108754485846,0.015251979231834412,0.34710603952407837,1.7541106641292572,0.0001,0.5163765763863921
844,0.5201012305915356,0.1536559471860528,0.015169434249401093,0.3512758519500494,1.7217535302042961,0.0001,0.516206587664783
845,0.5172311905771494,0.1535125384107232,0.01490703970193863,0.3488116171211004,1.710253156721592,0.0001,0.5164570739492774
846,0.5191867463290691,0.1536841606721282,0.015079498291015625,0.3504230808466673,1.7130637019872665,0.0001,0.5169046765193344
847,0.5138561837375164,0.15338946040719748,0.015182219445705414,0.34528451040387154,1.591640405356884,0.0001,0.5167681248858571
848,0.5170974433422089,0.15338259283453226,0.015235535800457,0.3484793081879616,1.247588936239481,0.0001,0.51673896741122
849,0.5163794048130512,0.1533910520374775,0.01545831561088562,0.34753004275262356,1.248516969382763,0.0001,0.5167104056105017
850,0.5160705465823412,0.15351866371929646,0.015181176364421844,0.34737070836126804,1.4024064242839813,0.0001,0.5164870051667094
851,0.5151554308831692,0.15343077760189772,0.01515999436378479,0.34656465984880924,1.3159040920436382,0.0001,0.5165793236345053
852,0.5185555350035429,0.15364489890635014,0.01505991816520691,0.3498507160693407,1.316049974411726,0.0001,0.5169642817229032
853,0.517952723428607,0.15356046613305807,0.015131875872612,0.3492603749036789,1.6072049662470818,0.0001,0.5171586435288191
854,0.5164526514708996,0.15354019775986671,0.015342094004154205,0.3475703578442335,1.6976900473237038,0.0001,0.5167937856167555
855,0.5138091873377562,0.15344847925007343,0.015127427875995636,0.34523328579962254,1.6274992153048515,0.0001,0.5164515852928162
856,0.5195650570094585,0.1533933375030756,0.015288643538951874,0.35088307969272137,1.4586252495646477,0.0001,0.5164894163608551
857,0.514374827966094,0.15354933217167854,0.015318751335144043,0.34550674818456173,1.7099303752183914,0.0001,0.5165412807837129
858,0.5124804098159075,0.15342683624476194,0.01510544866323471,0.3439481295645237,1.5779030174016953,0.0001,0.5160795774310827
859,0.5154515355825424,0.1533778728917241,0.01509237289428711,0.3469812907278538,1.5999411046504974,0.0001,0.5159867905080319
860,0.5163871180266142,0.15339544415473938,0.01510079950094223,0.3478908780962229,1.4146754816174507,0.0001,0.5160184476524592
861,0.5140455886721611,0.15328089985996485,0.015242904424667358,0.34552178531885147,1.1901677772402763,0.0001,0.5159074634313583
862,0.5158498398959637,0.1533120395615697,0.015036657452583313,0.34750113636255264,1.232248194515705,0.0001,0.5156368939206004
863,0.5157869197428226,0.15353495813906193,0.01524854451417923,0.34700341895222664,1.3463168106973171,0.0001,0.515420313552022
864,0.5196019988507032,0.15329586621373892,0.015455029904842377,0.3508510999381542,1.469334416091442,0.0001,0.5157352482900024
865,0.5148379653692245,0.1531356032937765,0.015416905283927917,0.34628545492887497,1.3142604902386665,0.0001,0.5158381260931492
866,0.5165754109621048,0.15317452512681484,0.015100710093975067,0.34830017015337944,1.3615996316075325,0.0001,0.5155391614884138
867,0.5161582939326763,0.1531374929472804,0.015207231044769287,0.34781356900930405,1.4103579670190811,0.0001,0.515717508085072
868,0.5169619433581829,0.1533748097717762,0.015099845826625824,0.3484872914850712,1.4371162354946136,0.0001,0.5161656614392995
869,0.5119430534541607,0.1532350117340684,0.015186533331871033,0.34352150931954384,1.5966476574540138,0.0001,0.5158148132264614
870,0.5154111832380295,0.1533267255872488,0.015298217535018921,0.34678623639047146,1.6093663424253464,0.0001,0.515717219747603
871,0.5163076017051935,0.15331171825528145,0.015262477099895477,0.3477334100753069,1.6718455292284489,0.0001,0.5159434210509062
872,0.5147272292524576,0.15321629215031862,0.015036210417747498,0.3464747220277786,1.7454409673810005,0.0001,0.5158311599865556
873,0.5117577686905861,0.1530316388234496,0.015246808528900146,0.3434793222695589,1.7508601322770119,0.0001,0.5154282448813319
874,0.517862206324935,0.15323743224143982,0.015043921768665314,0.3495808523148298,1.366951860487461,0.0001,0.5152542656287551
875,0.5131162162870169,0.1531799240037799,0.015246592462062836,0.344689691439271,1.188131257891655,0.0001,0.5150820907205343
876,0.5138310305774212,0.15308551583439112,0.015413545072078705,0.3453319612890482,1.2939972206950188,0.0001,0.514807652682066
877,0.5158503502607346,0.1532852929085493,0.014938697218894958,0.34762636199593544,1.5969531536102295,0.0001,0.5147768583148717
878,0.5109347812831402,0.15307432040572166,0.01505279541015625,0.34280765801668167,1.2962843552231789,0.0001,0.5141741421073676
879,0.5158097855746746,0.15303679089993238,0.015146948397159576,0.34762604907155037,1.3574338369071484,0.0001,0.5145608153194189
880,0.5144421737641096,0.15329980850219727,0.015226982533931732,0.34591538086533546,1.6004184074699879,0.0001,0.5144639143720269
881,0.5198311284184456,0.15293928608298302,0.015223540365695953,0.35166829638183117,1.376176480203867,0.0001,0.5148162670433521
882,0.5158418919891119,0.15307466313242912,0.014989718794822693,0.3477775137871504,1.5987521559000015,0.0001,0.5149277333170176
883,0.5162839330732822,0.153027038089931,0.01493101567029953,0.3483258783817291,1.30503099411726,0.0001,0.5153803497552871
884,0.5119174681603909,0.15297774877399206,0.015252180397510529,0.3436875380575657,1.1458390466868877,0.0001,0.5147858759388327
885,0.5201849285513163,0.1527765253558755,0.015136867761611938,0.3522715289145708,1.229985523968935,0.0001,0.5154927471652627
886,0.5182140152901411,0.1531473994255066,0.014974519610404968,0.3500920943915844,1.3037622272968292,0.0001,0.5159310456365347
887,0.5087760332971811,0.15290283132344484,0.015126742422580719,0.340746458619833,1.2298160269856453,0.0001,0.5152236139401793
888,0.5112676788121462,0.1530347242951393,0.015083372592926025,0.3431495763361454,1.1895569413900375,0.0001,0.51525690369308
889,0.5108281709253788,0.15285781864076853,0.01501457393169403,0.3429557830095291,1.3469879925251007,0.0001,0.5147587422281503
890,0.5150877572596073,0.15272043272852898,0.015069261193275452,0.34729806147515774,1.3195555955171585,0.0001,0.5148233005777001
891,0.5112885572016239,0.15297806449234486,0.015003077685832977,0.3433074112981558,1.2625195235013962,0.0001,0.513969043456018
892,0.5186224356293678,0.15312641393393278,0.015124350786209106,0.3503716681152582,1.1931420154869556,0.0001,0.5142470978200435
893,0.5118504147976637,0.15301017835736275,0.014877542853355408,0.34396268613636494,1.2630107179284096,0.0001,0.5138037459924817
894,0.517467524856329,0.15287468396127224,0.015290826559066772,0.3493020012974739,1.9053859189152718,0.0001,0.5143587516620756
895,0.517377058044076,0.15299745462834835,0.015179388225078583,0.3492002170532942,1.814587064087391,0.0001,0.5140779646113515
896,0.51621975004673,0.152883168309927,0.015116430819034576,0.34822014532983303,1.592129796743393,0.0001,0.5138785380870103
897,0.5121482685208321,0.1530560366809368,0.015076741576194763,0.34401548840105534,1.8070226609706879,0.0001,0.5142157616093754
898,0.5141425058245659,0.15292080584913492,0.015375934541225433,0.3458457663655281,1.3968382738530636,0.0001,0.5145032443106174
899,0.5171618238091469,0.15293050836771727,0.015056706964969635,0.34917461313307285,1.6681468859314919,0.0001,0.5151366095989942
900,0.5131101664155722,0.15297602582722902,0.015028946101665497,0.3451051898300648,1.7821879535913467,0.0001,0.5149388505145908
901,0.5113371592015028,0.15301797352731228,0.014972187578678131,0.3433470018208027,1.743832103908062,0.0001,0.5149437107145787
902,0.5161332935094833,0.1528035281226039,0.015017397701740265,0.34831237234175205,1.7800675109028816,0.0001,0.5146947965025902
903,0.515082161873579,0.1528718899935484,0.015027403831481934,0.3471828643232584,1.9598171189427376,0.0001,0.5150179712101817
904,0.5159738212823868,0.15293088369071484,0.014934882521629333,0.34810804948210716,1.8688712865114212,0.0001,0.5148686008527875
905,0.517743319272995,0.15290508046746254,0.01507895439863205,0.3497592844069004,1.8961468935012817,0.0001,0.5149052269756794
906,0.5147580094635487,0.1526732174679637,0.01486273854970932,0.34722205251455307,1.6062494739890099,0.0001,0.5147590529173612
907,0.512700105085969,0.15281165298074484,0.01497100293636322,0.34491744451224804,1.7745511755347252,0.0001,0.5148142365738749
908,0.5177536159753799,0.15294213313609362,0.01494242250919342,0.34986905939877033,1.9054362997412682,0.0001,0.5151753475889563
909,0.5161384642124176,0.15263769682496786,0.014946170151233673,0.34855459816753864,1.6514670327305794,0.0001,0.5150730116292834
910,0.5147169809788465,0.152921037748456,0.014876984059810638,0.34691895358264446,1.654201179742813,0.0001,0.5152336930856108
911,0.5161301381886005,0.1527574360370636,0.014915801584720612,0.34845690056681633,1.6477080285549164,0.0001,0.5157129909843207
912,0.513333585113287,0.15273675974458456,0.015059322118759155,0.34553750790655613,1.4960351437330246,0.0001,0.515433020144701
913,0.5136780124157667,0.15266953315585852,0.015133477747440338,0.34587499871850014,1.45680683106184,0.0001,0.5152926051989197
914,0.5110467486083508,0.15248218178749084,0.014994204044342041,0.3435703534632921,1.559279676526785,0.0001,0.5147998979315161
915,0.516828965395689,0.15274424944072962,0.01499786227941513,0.34908685088157654,1.7305011451244354,0.0001,0.5147084625437855
916,0.5139218550175428,0.15272809471935034,0.014972299337387085,0.34622145630419254,1.411609310656786,0.0001,0.514624847099185
917,0.5155830513685942,0.1529007013887167,0.014899253845214844,0.34778309240937233,1.4955677688121796,0.0001,0.5149131417274475
918,0.5158860199153423,0.15288377087563276,0.015094436705112457,0.3479078132659197,1.566549114882946,0.0001,0.5147263821214437
919,0.511694448068738,0.15263598691672087,0.015168547630310059,0.3438899125903845,1.3829939365386963,0.0001,0.5142819805070757
920,0.5176719129085541,0.15274986810982227,0.01506805419921875,0.3498539961874485,1.4281906820833683,0.0001,0.5145774737000466
921,0.515848757699132,0.15263779554516077,0.014969907701015472,0.348241051658988,1.478839922696352,0.0001,0.5145493356510997
922,0.5120384488254786,0.15273147635161877,0.015149079263210297,0.34415789134800434,1.543721567839384,0.0001,0.5144198220223188
923,0.515454214066267,0.1526426188647747,0.015216059982776642,0.3475955296307802,1.4641253724694252,0.0001,0.5145974421873689
924,0.5162010714411736,0.1528382608667016,0.015013225376605988,0.34834958240389824,1.5743713602423668,0.0001,0.5151128744706511
925,0.5127874258905649,0.15274500381201506,0.015134915709495544,0.3449075035750866,1.6793609410524368,0.0001,0.5147087205201387
926,0.5129297841340303,0.15252842660993338,0.01509559154510498,0.3453057613223791,1.6819336079061031,0.0001,0.5146095134317875
927,0.5158730559051037,0.15258052572607994,0.015145577490329742,0.3481469638645649,1.6308480352163315,0.0001,0.5146385138854385
928,0.51284384354949,0.15250071231275797,0.015138186514377594,0.345204945653677,1.4844679832458496,0.0001,0.5143342962488532
929,0.5099474731832743,0.15264467801898718,0.015023045241832733,0.3422797527164221,1.757840946316719,0.0001,0.5141595987603068
930,0.5146278291940689,0.1526252506300807,0.015030734241008759,0.3469718433916569,1.9781916365027428,0.0001,0.5138551903888583
931,0.5085527915507555,0.152609352953732,0.014845088124275208,0.34109834395349026,1.950445182621479,0.0001,0.5131255937740207
932,0.5163204129785299,0.1526444535702467,0.014966540038585663,0.3487094175070524,1.853024236857891,0.0001,0.5135537901893258
933,0.513883288949728,0.15262016281485558,0.015082776546478271,0.34618034586310387,1.9026544839143753,0.0001,0.5133966976776719
934,0.5196188371628523,0.15263558458536863,0.015044920146465302,0.3519383389502764,1.8774732500314713,0.0001,0.5137384742498398
935,0.5121514871716499,0.15223333798348904,0.01495349407196045,0.3449646532535553,1.703991822898388,0.0001,0.5136748803779483
936,0.5146255902945995,0.1525714471936226,0.015038400888442993,0.34701573476195335,1.5934370085597038,0.0001,0.5138444609940052
937,0.5124085284769535,0.15257693268358707,0.01485537737607956,0.3449762184172869,1.6440233886241913,0.0001,0.5134980082511902
938,0.5124803241342306,0.15243687946349382,0.014915026724338531,0.3451284170150757,1.4398347437381744,0.0001,0.5134616563096642
939,0.5199748612940311,0.15247483644634485,0.01505204290151596,0.35244798101484776,1.5956738963723183,0.0001,0.5144643951207399
940,0.5147161521017551,0.15241080150008202,0.014867797493934631,0.3474375568330288,1.4475359693169594,0.0001,0.5144732274115086
941,0.5146480575203896,0.15244793612509966,0.014926180243492126,0.3472739364951849,1.4860711731016636,0.0001,0.5150827540084719
942,0.5130860209465027,0.1524286512285471,0.015093505382537842,0.3455638624727726,1.6060913652181625,0.0001,0.5147593148052693
943,0.5100788939744234,0.15238716453313828,0.015128754079341888,0.3425629734992981,1.465510681271553,0.0001,0.5143788753077387
944,0.512621846050024,0.15238108579069376,0.014803096652030945,0.34543765895068645,1.5270299687981606,0.0001,0.513679176196456
945,0.5098119862377644,0.15231073182076216,0.01509520411491394,0.3424060456454754,1.755480282008648,0.0001,0.5134452261030674
946,0.5149565190076828,0.15254125092178583,0.015109933912754059,0.3473053351044655,2.0124666318297386,0.0001,0.5134783189743757
947,0.5147880800068378,0.15240326896309853,0.01502467691898346,0.347360135987401,1.8649392127990723,0.0001,0.5137162741273642
948,0.5115575231611729,0.15219514537602663,0.015047170221805573,0.34431520476937294,1.7640207707881927,0.0001,0.5136239940300584
949,0.5140982363373041,0.15221596881747246,0.015082299709320068,0.3467999640852213,1.8226469680666924,0.0001,0.5130363315343857
950,0.5136031322181225,0.15234880335628986,0.01512540876865387,0.34612891636788845,1.7097997963428497,0.0001,0.5129250295460224
951,0.5133367422968149,0.15230636578053236,0.014882124960422516,0.34614824689924717,1.8366696909070015,0.0001,0.5127938980236649
952,0.510845247656107,0.1523898569867015,0.014957919716835022,0.34349745884537697,1.7015267685055733,0.0001,0.5125698206946254
953,0.5100502949208021,0.1524317441508174,0.014817319810390472,0.3428012281656265,1.643426552414894,0.0001,0.5125669607892632
954,0.5126369688659906,0.1522588850930333,0.01506652683019638,0.34531155973672867,1.5174265876412392,0.0001,0.51256847307086
955,0.5130572039633989,0.15223073679953814,0.014991715550422668,0.3458347525447607,1.2508257366716862,0.0001,0.5128929948434233
956,0.5096622575074434,0.1522429771721363,0.015135258436203003,0.3422840181738138,1.2336656637489796,0.0001,0.5123635686933994
957,0.5090779475867748,0.1525870319455862,0.015036545693874359,0.34145436622202396,1.7052831426262856,0.0001,0.5117925554513931
958,0.5152134299278259,0.1522873379290104,0.014848612248897552,0.3480774760246277,1.7273703664541245,0.0001,0.5121581461280584
959,0.5095465555787086,0.15246477909386158,0.014883823692798615,0.342197947204113,1.7277293726801872,0.0001,0.5117029780521989
960,0.5136752631515265,0.15222097001969814,0.014923878014087677,0.3465304169803858,1.6617718413472176,0.0001,0.5117101911455393
961,0.5117160268127918,0.1522761657834053,0.014840260148048401,0.34459959529340267,1.5508586913347244,0.0001,0.511548119597137
962,0.5124697722494602,0.15241812262684107,0.015083074569702148,0.3449685722589493,1.7235431298613548,0.0001,0.5117105720564723
963,0.5108601097017527,0.15235964953899384,0.014871813356876373,0.34362864308059216,1.633908100426197,0.0001,0.5117915535345674
964,0.5124568790197372,0.15219856705516577,0.014895804226398468,0.3453625123947859,1.3773909583687782,0.0001,0.5117735445499421
965,0.5094213671982288,0.15230264607816935,0.014997944235801697,0.34212077781558037,1.4395145252346992,0.0001,0.511409960873425
966,0.51434869132936,0.15233596041798592,0.01480758935213089,0.34720514342188835,1.622723065316677,0.0001,0.5118786042556167
967,0.5094060581177473,0.15206670854240656,0.014884360134601593,0.3424549847841263,1.463075127452612,0.0001,0.5119114153087139
968,0.5101125165820122,0.15208425745368004,0.015138909220695496,0.3428893517702818,1.4824379980564117,0.0001,0.5114013239741325
969,0.5088335555046797,0.15226315706968307,0.015091143548488617,0.341479254886508,1.3600531592965126,0.0001,0.5113300239667297
970,0.5069147888571024,0.1521721463650465,0.01502828299999237,0.3397143520414829,1.8365556634962559,0.0001,0.5106539765372873
971,0.5130906105041504,0.1521030878648162,0.015084594488143921,0.34590292535722256,1.8311160951852798,0.0001,0.5107914349064231
972,0.512939341366291,0.1521815648302436,0.014882951974868774,0.3458748310804367,1.8092908337712288,0.0001,0.5108383918181062
973,0.5105251651257277,0.15206635929644108,0.014954939484596252,0.34350386820733547,1.6784792691469193,0.0001,0.5108048973605037
974,0.5110966190695763,0.1520722722634673,0.01518239825963974,0.3438419494777918,1.5726725235581398,0.0001,0.5106688713654876
975,0.515103979036212,0.15215016063302755,0.015012867748737335,0.3479409534484148,1.7353283502161503,0.0001,0.5112371325492859
976,0.5111452918499708,0.15207194350659847,0.01488254964351654,0.34419080428779125,1.8735992088913918,0.0001,0.5109167926013469
977,0.5126636475324631,0.15204200334846973,0.014849498867988586,0.3457721509039402,1.9655564203858376,0.0001,0.5112425515428185
978,0.5130558274686337,0.15201532375067472,0.014969013631343842,0.3460714891552925,2.0015258714556694,0.0001,0.5115368826314807
979,0.5074330847710371,0.15214508306235075,0.014984942972660065,0.340303061529994,1.8906754925847054,0.0001,0.5113968355581164
980,0.513434523716569,0.1522507155314088,0.01480584591627121,0.3463779632002115,1.9019683003425598,0.0001,0.5120488090440631
981,0.5085578802973032,0.1520056501030922,0.014867350459098816,0.3416848834604025,1.9304611086845398,0.0001,0.5115955360233784
982,0.5098440386354923,0.15224729757755995,0.015051320195198059,0.34254541248083115,1.9183254390954971,0.0001,0.5112860057502985
983,0.513909786939621,0.15212938096374273,0.01505233347415924,0.3467280715703964,1.9070598110556602,0.0001,0.5116244679316878
984,0.5086629558354616,0.15185155626386404,0.01483377069234848,0.34197762608528137,1.4710268154740334,0.0001,0.5113811016082763
985,0.5134193133562803,0.15209383983165026,0.014856256544589996,0.3464692234992981,1.3844818472862244,0.0001,0.5112126350402832
986,0.5122976917773485,0.15187301766127348,0.015014536678791046,0.3454101402312517,1.2787306159734726,0.0001,0.511327875033021
987,0.5113254096359015,0.15187845472246408,0.014912441372871399,0.3445345126092434,1.2572625689208508,0.0001,0.5111940512433648
988,0.5095555260777473,0.15196039620786905,0.014871783554553986,0.34272334538400173,1.570755995810032,0.0001,0.5108440211042762
989,0.5140994414687157,0.1517570111900568,0.014962710440158844,0.3473797235637903,1.7115968391299248,0.0001,0.5115106567740441
990,0.5118261445313692,0.15201384294778109,0.014759771525859833,0.34505253471434116,1.6895413100719452,0.0001,0.5113498188555241
991,0.5102240741252899,0.15181033872067928,0.014866158366203308,0.343547573313117,1.6374675557017326,0.0001,0.5115164382383227
992,0.5135744269937277,0.15196713898330927,0.014928847551345825,0.3466784358024597,1.3063137382268906,0.0001,0.5118894770741462
993,0.5122492555528879,0.15204164944589138,0.014856532216072083,0.345351068302989,1.6683904454112053,0.0001,0.511723423935473
994,0.5133037474006414,0.15189978200942278,0.014813229441642761,0.3465907406061888,1.936598964035511,0.0001,0.5121875030919909
995,0.5096675101667643,0.15190614853054285,0.014858856797218323,0.34290250577032566,1.6945977360010147,0.0001,0.5118123227730393
996,0.5115786455571651,0.15201363619416952,0.014824993908405304,0.3447400163859129,1.9728883281350136,0.0001,0.511740418151021
997,0.50779789686203,0.15186785254627466,0.014964595437049866,0.3409654423594475,1.801480770111084,0.0001,0.5113876668736339
998,0.5102912671864033,0.1518788067623973,0.01484610140323639,0.34356635995209217,1.4597673416137695,0.0001,0.5114612409844994
999,0.5131281446665525,0.15175079740583897,0.014889620244503021,0.3464877251535654,1.4580307006835938,0.0001,0.5113641113042832
1000,0.5137323029339314,0.15186844486743212,0.014908760786056519,0.34695510007441044,1.6451602280139923,0.0001,0.5115547271445393
1001,0.5097625013440847,0.15195494703948498,0.014884643256664276,0.3429229110479355,1.7856782600283623,0.0001,0.5115085698664188
1002,0.5096020456403494,0.1518687019124627,0.014714524149894714,0.3430188223719597,1.454182229936123,0.0001,0.511111331731081
1003,0.5094487406313419,0.15191490855067968,0.01485789567232132,0.34267593547701836,1.6783759966492653,0.0001,0.5108312802389264
1004,0.5119578167796135,0.15168030001223087,0.014885075390338898,0.3453924432396889,1.5524090230464935,0.0001,0.5106966871768236
1005,0.5100703164935112,0.15173468459397554,0.014782518148422241,0.343553114682436,1.7523879408836365,0.0001,0.5107369678094983
1006,0.5155184417963028,0.15198465716093779,0.014819234609603882,0.348714554682374,1.7001468986272812,0.0001,0.511130947433412
1007,0.5107852220535278,0.15186891239136457,0.014733925461769104,0.344182388857007,1.8521266803145409,0.0001,0.5114296799525618
1008,0.5057509187608957,0.15179500076919794,0.01480623334646225,0.3391496781259775,1.6866810619831085,0.0001,0.5109756451100111
1009,0.5099037103354931,0.15176364593207836,0.014753222465515137,0.3433868493884802,1.556035965681076,0.0001,0.5106532016769052
1010,0.5122268665581942,0.151524992659688,0.01476830244064331,0.3459335658699274,1.3202330023050308,0.0001,0.5105026580393315
1011,0.5065677929669619,0.15178560093045235,0.015107214450836182,0.3396749719977379,1.541939228773117,0.0001,0.5101831872016191
1012,0.509693056344986,0.15174931567162275,0.014906570315361023,0.34303716756403446,1.782816469669342,0.0001,0.5101922882720829
1013,0.5134151820093393,0.151704341173172,0.014939889311790466,0.34677095897495747,1.958174780011177,0.0001,0.5105889324098826
1014,0.5120175871998072,0.1518000504001975,0.014702953398227692,0.3455145861953497,2.061358854174614,0.0001,0.5105949094519019
1015,0.508384020999074,0.1517086336389184,0.014844730496406555,0.34183065220713615,1.9953781366348267,0.0001,0.5104262799024581
1016,0.5100269317626953,0.1515722693875432,0.014797531068325043,0.34365712851285934,1.9536932185292244,0.0001,0.5098771288990974
1017,0.5119476057589054,0.15165797993540764,0.01477690041065216,0.3455127216875553,1.9725960493087769,0.0001,0.5099933672696352
1018,0.5094262193888426,0.1518072122707963,0.014679305255413055,0.3429397027939558,1.9580741673707962,0.0001,0.5103608973324298
1019,0.5091655664145947,0.15182142797857523,0.01456468552350998,0.3427794501185417,1.8529831543564796,0.0001,0.5102870829403401
1020,0.5129848346114159,0.15162663534283638,0.014707095921039581,0.3466511033475399,1.8482433333992958,0.0001,0.5103628797456622
1021,0.5100766289979219,0.15195431280881166,0.014748036861419678,0.3433742858469486,1.9583974778652191,0.0001,0.5107137633487582
1022,0.5123178474605083,0.15163776371628046,0.014677979052066803,0.34600210562348366,1.9777696058154106,0.0001,0.5109762424603105
1023,0.511980339884758,0.15164512768387794,0.01477561891078949,0.3455595951527357,1.9035177156329155,0.0001,0.5108327582478523
1024,0.5125118754804134,0.15172449313104153,0.014732979238033295,0.34605439752340317,1.8785449266433716,0.0001,0.5108821870759129
1025,0.5094154998660088,0.15152233373373747,0.014810137450695038,0.3430830277502537,1.7750581204891205,0.0001,0.5109853349626065
1026,0.513170387595892,0.15152870118618011,0.014913111925125122,0.3467285744845867,1.3774352855980396,0.0001,0.5112996805459261
1027,0.5130130611360073,0.15141026489436626,0.014777667820453644,0.3468251209706068,1.465586543083191,0.0001,0.5114062260836363
1028,0.5074127316474915,0.1515061343088746,0.014859333634376526,0.3410472646355629,1.53388362377882,0.0001,0.5112048773095011
1029,0.5108991898596287,0.15143869910389185,0.014848381280899048,0.34461210295557976,1.3874543011188507,0.0001,0.5113782396540045
1030,0.5070195458829403,0.1515562804415822,0.014815688133239746,0.34064758010208607,1.3560035787522793,0.0001,0.510781710781157
1031,0.5088496077805758,0.15141467936336994,0.014944896101951599,0.34249002672731876,1.4163020811975002,0.0001,0.5106590086594224
1032,0.5092417523264885,0.15168545302003622,0.014654800295829773,0.3429014980792999,1.6059099733829498,0.0001,0.5103513991460205
1033,0.5103814713656902,0.15157415438443422,0.015122607350349426,0.34368469938635826,1.7657221853733063,0.0001,0.5101915122941136
1034,0.5146014206111431,0.15163039322942495,0.014843650162220001,0.34812737815082073,1.869920328259468,0.0001,0.5104004668071866
1035,0.5081284195184708,0.15170861966907978,0.014910481870174408,0.3415093179792166,1.7036531865596771,0.0001,0.5102717587724328
1036,0.5106833577156067,0.15138178505003452,0.014851979911327362,0.3444496002048254,1.5312568247318268,0.0001,0.5100230557844043
1037,0.5128079112619162,0.15150270238518715,0.01490408182144165,0.34640113078057766,1.581766314804554,0.0001,0.5100025407969951
1038,0.511221507564187,0.15155361965298653,0.01482740044593811,0.34484048932790756,1.6048660799860954,0.0001,0.5103834183886647
1039,0.5124161168932915,0.15152028109878302,0.014899641275405884,0.34599618427455425,1.7417904809117317,0.0001,0.510535111092031
1040,0.5062980335205793,0.15155714936554432,0.01477937400341034,0.33996151201426983,1.891560971736908,0.0001,0.5104629598557949
1041,0.5088667552918196,0.15142070688307285,0.014791861176490784,0.34265418350696564,1.7347549125552177,0.0001,0.5104646746069192
1042,0.5117641817778349,0.15140696708112955,0.014670111238956451,0.34568710066378117,1.6288030818104744,0.0001,0.510716917552054
1043,0.5063625853508711,0.1515668574720621,0.014766491949558258,0.3400292322039604,1.8412391170859337,0.0001,0.510315028950572
1044,0.5106121897697449,0.1515205455943942,0.014857493340969086,0.34423414431512356,1.7146057188510895,0.0001,0.5099161058664322
1045,0.5055937804281712,0.15156545490026474,0.014714285731315613,0.33931403048336506,1.6976277530193329,0.0001,0.5096626419574022
1046,0.5085605550557375,0.15131335239857435,0.014628738164901733,0.3426184616982937,1.4813956543803215,0.0001,0.5094503616914153
1047,0.5089745540171862,0.15110284835100174,0.014910116791725159,0.34296158887445927,1.4795344397425652,0.0001,0.5090670259669423
1048,0.5112405531108379,0.1513867126777768,0.014670483767986298,0.34518335200846195,1.6787870451807976,0.0001,0.5090689305216074
1049,0.5085844807326794,0.15125510469079018,0.01467091590166092,0.34265846014022827,1.5831880271434784,0.0001,0.5086857669055462
1050,0.5122883394360542,0.1514101941138506,0.014677055180072784,0.34620109759271145,1.5253261625766754,0.0001,0.5092847974970937
1051,0.5141921024769545,0.15139550436288118,0.014630384743213654,0.3481662143021822,1.594452928751707,0.0001,0.5098173322156072
1052,0.5120485480874777,0.15145428571850061,0.014616146683692932,0.3459781166166067,1.5970365926623344,0.0001,0.5098457688465714
1053,0.5071450546383858,0.15133828483521938,0.014652319252490997,0.34115445241332054,2.0550746247172356,0.0001,0.5099240157753229
1054,0.5116701554507017,0.15134700015187263,0.014667950570583344,0.3456552028656006,2.107303887605667,0.0001,0.5100298123434186
1055,0.5082757789641619,0.1514514572918415,0.014775678515434265,0.3420486431568861,2.092418894171715,0.0001,0.5102980121970176
1056,0.5069272797554731,0.15139809157699347,0.014673270285129547,0.3408559262752533,1.5333637371659279,0.0001,0.5101346846669912
1057,0.5112914424389601,0.15154382307082415,0.014789223670959473,0.34495838917791843,2.0069371163845062,0.0001,0.5103663735091686
1058,0.5098763611167669,0.1515201749280095,0.014827929437160492,0.34352825954556465,1.886198751628399,0.0001,0.5102299543097615
1059,0.5084842573851347,0.15135515667498112,0.014697380363941193,0.3424317166209221,1.844900630414486,0.0001,0.510219931975007
1060,0.5087637603282928,0.1514830868691206,0.01459590345621109,0.3426847718656063,1.7994959875941277,0.0001,0.5098674740642309
1061,0.5102313254028559,0.15132325422018766,0.014675237238407135,0.34423283487558365,1.829153835773468,0.0001,0.509471396356821
1062,0.5119930449873209,0.15135089866816998,0.014539703726768494,0.34610245004296303,1.8732085227966309,0.0001,0.5094658460468053
1063,0.5047780685126781,0.15133420750498772,0.014820680022239685,0.33862318098545074,2.0022367760539055,0.0001,0.5092291474342346
1064,0.5077570602297783,0.15137909073382616,0.014695912599563599,0.3416820578277111,2.094554752111435,0.0001,0.5088378379121423
1065,0.5086099002510309,0.15130470972508192,0.01463397592306137,0.34267121367156506,2.1310905292630196,0.0001,0.5088712500408292
1066,0.5129347387701273,0.15136616863310337,0.014573372900485992,0.34699519723653793,1.9389529526233673,0.0001,0.5094719959422946
1067,0.5133623220026493,0.15114828571677208,0.014729596674442291,0.3474844377487898,1.869321070611477,0.0001,0.5096790838986636
1068,0.5146369896829128,0.15128998830914497,0.014594413340091705,0.34875258803367615,1.5885662548244,0.0001,0.5101551467552781
1069,0.5072912275791168,0.15123742911964655,0.014818139374256134,0.34123565815389156,1.5763582661747932,0.0001,0.5100358437746764
1070,0.5073678344488144,0.15144201088696718,0.01452617347240448,0.341399647295475,2.102692671120167,0.0001,0.5098962511867284
1071,0.5099080763757229,0.15138403605669737,0.01460198312997818,0.34392206370830536,1.9906669855117798,0.0001,0.5098639262840152
1072,0.5085953734815121,0.1512113120406866,0.014729343354701996,0.34265472181141376,1.9061905220150948,0.0001,0.5095241591334343
1073,0.508867846801877,0.15109928511083126,0.01465839147567749,0.3431101609021425,1.8786491975188255,0.0001,0.5099331369623542
1074,0.5117810219526291,0.1512085124850273,0.014697715640068054,0.3458747919648886,1.7577804923057556,0.0001,0.5103355331346393
1075,0.5079408194869757,0.151303481310606,0.01467067003250122,0.34196667186915874,1.8554420173168182,0.0001,0.5102686250582338
1076,0.5109894871711731,0.15135192777961493,0.014554895460605621,0.34508266299963,1.8718597441911697,0.0001,0.5100740998983383
1077,0.5152889117598534,0.15120159555226564,0.014635860919952393,0.34945145808160305,1.8870954737067223,0.0001,0.5102667588740587
1078,0.50878637842834,0.15137882716953754,0.014724522829055786,0.3426830302923918,1.8063344433903694,0.0001,0.5096816977486014
1079,0.5080553609877825,0.1512096244841814,0.014717020094394684,0.3421287164092064,1.9534459114074707,0.0001,0.509758111089468
1080,0.5079774651676416,0.151145969517529,0.014838948845863342,0.3419925533235073,1.7582944706082344,0.0001,0.5098190741613507
1081,0.5089766401797533,0.15110156126320362,0.014587633311748505,0.34328744001686573,1.7169306054711342,0.0001,0.5097259305417537
1082,0.5084409061819315,0.15116385743021965,0.014711633324623108,0.34256541542708874,1.652595803141594,0.0001,0.5097104838117957
1083,0.5102856308221817,0.15147138386964798,0.014484934508800507,0.3443293087184429,1.9226112365722656,0.0001,0.5098522622138262
1084,0.5056065581738949,0.15113140363246202,0.014651529490947723,0.33982361666858196,1.8008520752191544,0.0001,0.5092348158359528
1085,0.5115516670048237,0.15117928385734558,0.014753706753253937,0.3456186708062887,1.7414573654532433,0.0001,0.5095959005877375
1086,0.5103862248361111,0.1511275339871645,0.014790557324886322,0.3444681316614151,1.8209784924983978,0.0001,0.5095355743542314
1087,0.5110950265079737,0.15114551596343517,0.01461801677942276,0.34533149003982544,1.7818863913416862,0.0001,0.5091161858290434
1088,0.5044651683419943,0.15092057082802057,0.014708906412124634,0.33883569203317165,1.7389443665742874,0.0001,0.5086840648204088
1089,0.5092678219079971,0.15106880478560925,0.014670953154563904,0.3435280676931143,1.5692692250013351,0.0001,0.5088053109124303
1090,0.5103077664971352,0.15100132953375578,0.014663875102996826,0.3446425683796406,1.6772302240133286,0.0001,0.5090383410453796
1091,0.5048347245901823,0.15099777281284332,0.014740779995918274,0.339096175506711,1.5984797105193138,0.0001,0.5086241494864225
1092,0.5055668670684099,0.15122639946639538,0.014775902032852173,0.3395645674318075,1.818268433213234,0.0001,0.5083367455750704
1093,0.5064521841704845,0.15124098770320415,0.01476839929819107,0.3404427971690893,1.8105243742465973,0.0001,0.5079534009099007
1094,0.507682902738452,0.1511327475309372,0.01472485065460205,0.3418253045529127,2.1763313338160515,0.0001,0.5081610353663564
1095,0.5101280193775892,0.15106050949543715,0.014655008912086487,0.3444125037640333,1.5758178494870663,0.0001,0.5080186706036329
1096,0.5080180428922176,0.15100733283907175,0.014689438045024872,0.34232127480208874,1.3109037056565285,0.0001,0.5077818524092436
1097,0.5089711900800467,0.15098196733742952,0.014706037938594818,0.34328318387269974,1.5771797001361847,0.0001,0.5075694687664509
1098,0.5151798725128174,0.15110846422612667,0.014819465577602386,0.34925193525850773,1.6455745473504066,0.0001,0.5086409391835331
1099,0.5096989944577217,0.15100103057920933,0.014605022966861725,0.34409294091165066,1.640322394669056,0.0001,0.5086840564385057
1100,0.5041068736463785,0.15107684582471848,0.014737822115421295,0.3382922075688839,1.557695746421814,0.0001,0.5080639671534299
1101,0.5072220172733068,0.15113686677068472,0.014671973884105682,0.3414131738245487,1.8086513429880142,0.0001,0.5083026964217424
1102,0.5087709818035364,0.15124038979411125,0.01476944237947464,0.3427611514925957,2.168093465268612,0.0001,0.5086231078952551
1103,0.5070963408797979,0.1510774763301015,0.014854341745376587,0.34116452001035213,1.7974988743662834,0.0001,0.5086875235661864
1104,0.5056918449699879,0.15098071843385696,0.014719530940055847,0.33999159187078476,1.8458648398518562,0.0001,0.5084884177893401
1105,0.5086690988391638,0.15096967853605747,0.014730758965015411,0.3429686650633812,1.8927956968545914,0.0001,0.5083425257354974
1106,0.506520664319396,0.15108194295316935,0.014682084321975708,0.34075663425028324,1.7825386002659798,0.0001,0.5081927878782153
1107,0.5081675760447979,0.15100158471614122,0.014596834778785706,0.34256915748119354,2.179770030081272,0.0001,0.5081124264746905
1108,0.508092800155282,0.1508931526914239,0.014659851789474487,0.3425397966057062,2.047529935836792,0.0001,0.5074037192389369
1109,0.5090474355965853,0.15103203151375055,0.014731019735336304,0.3432843778282404,1.91543360799551,0.0001,0.5073385633528232
1110,0.5097644310444593,0.15096099395304918,0.014595888555049896,0.344207551330328,2.0729501768946648,0.0001,0.5079043190926313
1111,0.5060224533081055,0.15104114916175604,0.014678657054901123,0.3403026442974806,2.1636208072304726,0.0001,0.5077843626961112
1112,0.5063226446509361,0.15105152130126953,0.014577656984329224,0.3406934682279825,2.1188802793622017,0.0001,0.5075395289808512
1113,0.5095723308622837,0.15093283914029598,0.01452462375164032,0.34411486983299255,2.0806014984846115,0.0001,0.5077871279790998
1114,0.5057059172540903,0.15086021646857262,0.014593057334423065,0.3402526453137398,2.13522145152092,0.0001,0.50778853520751
1115,0.5103350505232811,0.1509029669687152,0.01453591138124466,0.3448961768299341,2.01565620303154,0.0001,0.5079551303759218
1116,0.5051763840019703,0.15103518404066563,0.014473184943199158,0.33966800570487976,1.972342699766159,0.0001,0.5078207023441792
1117,0.5104876980185509,0.1510474979877472,0.014603383839130402,0.34483681060373783,2.0161661729216576,0.0001,0.5080527145415544
1118,0.504157530143857,0.15093036089092493,0.0144554004073143,0.33877176977694035,2.0114583671092987,0.0001,0.507659187540412
1119,0.5032805539667606,0.15081398654729128,0.014687933027744293,0.3377786409109831,1.7592190951108932,0.0001,0.5070824993774294
1120,0.5074471924453974,0.1507085468620062,0.014668472111225128,0.34207017719745636,1.6058210507035255,0.0001,0.5068507755175233
1121,0.5071436893194914,0.15076687838882208,0.014684855937957764,0.34169195033609867,1.9162456691265106,0.0001,0.5069628991186619
1122,0.5084176920354366,0.15071261953562498,0.014590084552764893,0.34311498515307903,1.7232589572668076,0.0001,0.5071724038571119
1123,0.508570333942771,0.15090884920209646,0.01455206423997879,0.34310941956937313,1.7614332363009453,0.0001,0.5070722041651606
1124,0.5053753741085529,0.15107021108269691,0.01471741497516632,0.33958774618804455,1.8895266577601433,0.0001,0.5070391498506069
1125,0.507208701223135,0.15106984414160252,0.014625169336795807,0.3415136821568012,1.9377401620149612,0.0001,0.5067265149205923
1126,0.5080327671021223,0.15096821915358305,0.014577634632587433,0.3424869105219841,1.8643007650971413,0.0001,0.5070121532306076
1127,0.5072172340005636,0.1507466956973076,0.014598555862903595,0.3418719805777073,1.7596167363226414,0.0001,0.5066851068288087
1128,0.5076744556427002,0.1507308529689908,0.014558762311935425,0.3423848394304514,1.787458211183548,0.0001,0.5070367993786931
1129,0.5081938691437244,0.15105010755360126,0.014785714447498322,0.34235804714262486,1.740102343261242,0.0001,0.5075281308963895
1130,0.510389419272542,0.15094708185642958,0.014667347073554993,0.34477499313652515,1.9057416394352913,0.0001,0.507822353579104
1131,0.5038015190511942,0.15098206978291273,0.014655627310276031,0.33816382102668285,1.8307026028633118,0.0001,0.5074881365522742
1132,0.5027588475495577,0.15086821280419827,0.014451548457145691,0.3374390807002783,1.895230084657669,0.0001,0.5069222521036864
1133,0.5046729892492294,0.15088172629475594,0.01459658145904541,0.33919467963278294,1.857596531510353,0.0001,0.5065325176343322
1134,0.510720944032073,0.15077493619173765,0.014619581401348114,0.3453264255076647,1.8260406851768494,0.0001,0.5070670746266842
1135,0.5114160049706697,0.15092950407415628,0.0146007239818573,0.34588577412068844,1.926908679306507,0.0001,0.5074878050014376
1136,0.5077677369117737,0.15090295858681202,0.014545246958732605,0.34231954254209995,2.324868641793728,0.0001,0.5074613019824028
1137,0.5055805891752243,0.15085459407418966,0.014544591307640076,0.340181402862072,2.2104445546865463,0.0001,0.5072976374998689
1138,0.5068435799330473,0.15086375642567873,0.01448068767786026,0.3414991330355406,2.1116944402456284,0.0001,0.5072145499289036
1139,0.5079078432172537,0.15089560393244028,0.01458790898323059,0.34242432564496994,2.184464804828167,0.0001,0.5071859473362565
1140,0.5079514309763908,0.15066942479461432,0.014767587184906006,0.34251440316438675,2.118982620537281,0.0001,0.5069421485066414
1141,0.5047036875039339,0.1506907120347023,0.014724455773830414,0.33928852528333664,2.0984446182847023,0.0001,0.5070323653519153
1142,0.5016980990767479,0.1508883247151971,0.014632433652877808,0.3361773416399956,1.9949874728918076,0.0001,0.5069262905046343
1143,0.5088038332760334,0.15088002663105726,0.014601856470108032,0.34332195296883583,2.108022965490818,0.0001,0.5073393749073147
1144,0.5054939687252045,0.1508011193946004,0.014559835195541382,0.3401330132037401,1.6729652434587479,0.0001,0.5068166773766279
1145,0.5020038988441229,0.15086681582033634,0.014609448611736298,0.33652763441205025,1.7159291356801987,0.0001,0.5058754667639732
1146,0.5050157271325588,0.15077807568013668,0.01468195766210556,0.33955568820238113,1.6531136631965637,0.0001,0.5056002657860518
1147,0.5037597380578518,0.15076608676463366,0.014722920954227448,0.33827072381973267,1.925419181585312,0.0001,0.5054181806743145
1148,0.4996057227253914,0.15064185671508312,0.014640666544437408,0.3343231976032257,1.7412345111370087,0.0001,0.504694394953549
1149,0.501549020409584,0.15073831658810377,0.014699168503284454,0.33611153811216354,1.604356437921524,0.0001,0.5040585126727819
1150,0.5070797577500343,0.1505829319357872,0.014739744365215302,0.3417570721358061,1.7123264372348785,0.0001,0.5039713453501463
1151,0.5022420678287745,0.1507854089140892,0.014558613300323486,0.3368980474770069,1.9879106655716896,0.0001,0.5037251833826304
1152,0.500789737328887,0.15072229504585266,0.014640361070632935,0.33542707562446594,2.083761587738991,0.0001,0.5036343472078443
1153,0.506706889718771,0.15065635833889246,0.014521829783916473,0.3415286988019943,2.00132142752409,0.0001,0.503424652852118
1154,0.510191585868597,0.15077177062630653,0.014500021934509277,0.34491979144513607,2.027050144970417,0.0001,0.5038944145664572
1155,0.5050040166825056,0.15062064491212368,0.014641955494880676,0.33974141627550125,2.1828200668096542,0.0001,0.5041944263502955
1156,0.5056581497192383,0.1507666204124689,0.01441483199596405,0.3404766917228699,2.1762465313076973,0.0001,0.5042586686089635
1157,0.5052408017218113,0.15081346593797207,0.014602996408939362,0.33982433937489986,2.0167029052972794,0.0001,0.5044067749753595
1158,0.5019965823739767,0.15065672527998686,0.014581941068172455,0.33675791323184967,2.064443215727806,0.0001,0.504645860940218
1159,0.5078927930444479,0.15060784295201302,0.014666274189949036,0.3426186740398407,1.992745004594326,0.0001,0.5052802382037044
1160,0.5027939509600401,0.15067151561379433,0.014441698789596558,0.33768073841929436,1.9779126942157745,0.0001,0.504851657524705
1161,0.5052242949604988,0.15083941910415888,0.01460275799036026,0.3397821132093668,1.9314168691635132,0.0001,0.5051498802378773
1162,0.5086861029267311,0.1505132718011737,0.014558397233486176,0.3436144292354584,1.9153017103672028,0.0001,0.5059395167976618
1163,0.5066946875303984,0.1505357949063182,0.01448751986026764,0.3416713736951351,1.4348517879843712,0.0001,0.5059382965788245
1164,0.504484761506319,0.1506797419860959,0.014725729823112488,0.3390792906284332,1.840863585472107,0.0001,0.5053676141425967
1165,0.5073916260153055,0.150539081543684,0.014515809714794159,0.34233673848211765,1.610056109726429,0.0001,0.5056063750758767
1166,0.5025660749524832,0.15062599908560514,0.014476820826530457,0.33746324852108955,1.682676687836647,0.0001,0.5052971675992012
1167,0.5063024666160345,0.15055266860872507,0.014755457639694214,0.34099434316158295,2.006419338285923,0.0001,0.5054033340886235
1168,0.501715337857604,0.15053203608840704,0.014618158340454102,0.3365651424974203,2.1802191734313965,0.0001,0.5053752096369862
1169,0.5085083208978176,0.1508560562506318,0.014458060264587402,0.343194205313921,2.143300384283066,0.0001,0.5054367624223233
1170,0.49755184166133404,0.15040074940770864,0.014536529779434204,0.3326145578175783,1.9736940935254097,0.0001,0.5049125514924526
1171,0.502084132283926,0.15053373761475086,0.014639422297477722,0.3369109742343426,1.8108401969075203,0.0001,0.5045985352247954
1172,0.507427679374814,0.15053952299058437,0.014619432389736176,0.34226871468126774,1.8295039311051369,0.0001,0.5044726928696036
1173,0.5057970676571131,0.15044976398348808,0.014503449201583862,0.3408438488841057,1.7695339992642403,0.0001,0.5043829308822751
1174,0.5015097092837095,0.15063428040593863,0.014449410140514374,0.3364260159432888,2.179553635418415,0.0001,0.5040854256600141
1175,0.5063193794339895,0.1506481822580099,0.01467711478471756,0.34099408239126205,2.000154957175255,0.0001,0.5039782010018825
1176,0.5055374000221491,0.15067435149103403,0.014528371393680573,0.34033467806875706,2.147529825568199,0.0001,0.5042753335088491
1177,0.5033845286816359,0.1504552224650979,0.014635063707828522,0.33829424157738686,2.0804885551333427,0.0001,0.5039835397154093
1178,0.5026267170906067,0.15056592039763927,0.014484532177448273,0.3375762663781643,1.8006875589489937,0.0001,0.5040746776387095
1179,0.5053680799901485,0.15036839712411165,0.014509834349155426,0.3404898438602686,1.7871058210730553,0.0001,0.5037606535479426
1180,0.4995097629725933,0.1505414554849267,0.014454156160354614,0.33451415225863457,2.133957512676716,0.0001,0.5039564456790686
1181,0.5055845975875854,0.15060990769416094,0.014595240354537964,0.3403794504702091,2.1737813875079155,0.0001,0.5043064922094345
1182,0.5070052202790976,0.15054834447801113,0.014646835625171661,0.3418100383132696,2.238413766026497,0.0001,0.5042642462998629
1183,0.5066456869244576,0.15030856616795063,0.014713682234287262,0.34162343479692936,2.2173591405153275,0.0001,0.5043491082265973
1184,0.5079897381365299,0.15055814292281866,0.01448502391576767,0.34294657595455647,2.1887822300195694,0.0001,0.5049971111118794
1185,0.5009842179715633,0.15040727704763412,0.014473877847194672,0.3361030649393797,2.1087596267461777,0.0001,0.5044635949656368
1186,0.5005937684327364,0.15049262158572674,0.014582894742488861,0.3355182558298111,2.1278987377882004,0.0001,0.5039692318066955
1187,0.5042767859995365,0.15034034196287394,0.014638274908065796,0.3392981793731451,2.0308330580592155,0.0001,0.5040584575384855
1188,0.5050634816288948,0.1505188224837184,0.014394089579582214,0.3401505723595619,2.1255398020148277,0.0001,0.5043021339923144
1189,0.5068444553762674,0.1504890350624919,0.014604263007640839,0.341751154512167,2.0732937902212143,0.0001,0.5044497715309262
1190,0.5027261301875114,0.15048800222575665,0.014359161257743835,0.33787897042930126,2.078201472759247,0.0001,0.5047714082524181
1191,0.5064536053687334,0.15052052401006222,0.014451056718826294,0.3414820246398449,2.022031970322132,0.0001,0.5048583090305329
1192,0.5014433804899454,0.15045978128910065,0.01460856944322586,0.33637502416968346,2.1439902409911156,0.0001,0.5043021250516176
1193,0.5075052343308926,0.1504194177687168,0.014499165117740631,0.3425866514444351,2.1020905822515488,0.0001,0.5043880797922611
1194,0.5075193755328655,0.15045704413205385,0.014540724456310272,0.3425216097384691,2.050444044172764,0.0001,0.5043410435318947
1195,0.5028078425675631,0.1502506909891963,0.014658771455287933,0.33789838291704655,2.008089043200016,0.0001,0.5045234059914947
1196,0.5075061656534672,0.1504375385120511,0.014551185071468353,0.3425174355506897,1.992129348218441,0.0001,0.5052146457135678
1197,0.5067705996334553,0.15051373653113842,0.014538846909999847,0.341718016192317,1.8678386732935905,0.0001,0.5054640270769596
1198,0.5022190622985363,0.15029964037239552,0.014438003301620483,0.33748142048716545,1.963939480483532,0.0001,0.5051795851439238
1199,0.5030779018998146,0.15044451039284468,0.014446951448917389,0.33818643912672997,1.9190877005457878,0.0001,0.5048029297962785
1200,0.5019961185753345,0.15041192155331373,0.014686435461044312,0.33689776062965393,2.0208066403865814,0.0001,0.5047299286350608
1201,0.5032212678343058,0.15035386569797993,0.014444001019001007,0.33842340111732483,1.665790006518364,0.0001,0.504406694881618
1202,0.5059833470731974,0.15034841187298298,0.014453895390033722,0.34118103608489037,1.682195819914341,0.0001,0.5048606915399432
1203,0.5038915369659662,0.1503733890131116,0.014591827988624573,0.33892632089555264,1.8875401318073273,0.0001,0.5044993218034506
1204,0.5039095189422369,0.15025596972554922,0.014558449387550354,0.3390951007604599,1.965233139693737,0.0001,0.5041383361443877
1205,0.5048218909651041,0.15049858950078487,0.014479823410511017,0.33984347991645336,2.0564873591065407,0.0001,0.5043397409841418
1206,0.5052912533283234,0.1501462971791625,0.014529064297676086,0.3406158909201622,1.627194657921791,0.0001,0.5041182497516274
1207,0.5006959866732359,0.15020869858562946,0.014487065374851227,0.3360002189874649,1.4865161627531052,0.0001,0.5035107884556055
1208,0.5029808152467012,0.15022892877459526,0.014540784060955048,0.33821110241115093,1.5152863040566444,0.0001,0.503586963750422
1209,0.5023748055100441,0.15036051906645298,0.014469616115093231,0.33754467219114304,1.6605606079101562,0.0001,0.503516654111445
1210,0.5010345131158829,0.15055575221776962,0.014449946582317352,0.33602881617844105,1.9422430247068405,0.0001,0.5034204935654998
1211,0.5062578991055489,0.1503089014440775,0.0145135298371315,0.34143547527492046,2.20369029045105,0.0001,0.503724156692624
1212,0.5054527185857296,0.15035031829029322,0.014745227992534637,0.34035717137157917,2.1290886774659157,0.0001,0.5036710938438773
1213,0.5022527668625116,0.15045872144401073,0.014583989977836609,0.33721005357801914,2.03698268532753,0.0001,0.5035072168335318
1214,0.5070213135331869,0.1501549780368805,0.014347568154335022,0.3425187673419714,1.9602322429418564,0.0001,0.5038183962926268
1215,0.5027738902717829,0.15022293478250504,0.014686733484268188,0.33786422200500965,1.9418304115533829,0.0001,0.5036135962232947
1216,0.5119948368519545,0.1502855382859707,0.014683172106742859,0.34702612832188606,2.055688850581646,0.0001,0.5042839545756579
1217,0.5051353927701712,0.15022140182554722,0.014623075723648071,0.3402909208089113,1.8004313260316849,0.0001,0.5047278951853513
1218,0.5022511593997478,0.150218041613698,0.01456073671579361,0.33747238107025623,2.0638818591833115,0.0001,0.504654929600656
1219,0.5053763054311275,0.1503347046673298,0.01456468552350998,0.34047691337764263,2.1873460710048676,0.0001,0.5049550795927644
1220,0.5048802699893713,0.1503793653100729,0.014522448182106018,0.3399784564971924,2.22414830327034,0.0001,0.5053396552801133
1221,0.507419940084219,0.15022613666951656,0.014535687863826752,0.34265811182558537,1.8915322795510292,0.0001,0.5054558593779802
1222,0.5042212773114443,0.1500985799357295,0.01455014944076538,0.3395725432783365,1.5783065184950829,0.0001,0.5053327152505517
1223,0.5054584983736277,0.15033857058733702,0.014523357152938843,0.34059656225144863,1.7851789817214012,0.0001,0.5056532884016633
1224,0.5011911559849977,0.15010399464517832,0.014672718942165375,0.3364144451916218,1.9192790240049362,0.0001,0.5050702726468443
1225,0.5036864448338747,0.15024470910429955,0.014475300908088684,0.3389664310961962,1.7760888114571571,0.0001,0.5051615281030536
1226,0.4975946880877018,0.15007834788411856,0.014465242624282837,0.3330511059612036,1.7554205358028412,0.0001,0.5037215132266283
1227,0.5027352664619684,0.1500598369166255,0.014722861349582672,0.3379525691270828,1.6407865956425667,0.0001,0.503481500595808
1228,0.5016111731529236,0.15020783804357052,0.014525383710861206,0.33687794767320156,1.9469182640314102,0.0001,0.5034175019711256
1229,0.5059927310794592,0.1500755175948143,0.014601394534111023,0.34131581522524357,1.8165265396237373,0.0001,0.5034791445359588
1230,0.503766443580389,0.15002745762467384,0.014559179544448853,0.3391798082739115,1.8820695281028748,0.0001,0.5033677618950605
1231,0.5050512794405222,0.15033596195280552,0.01432047039270401,0.34039484709501266,1.7436627745628357,0.0001,0.5031308958306908
1232,0.5028013195842505,0.15013946779072285,0.014527350664138794,0.3381344936788082,1.8318132013082504,0.0001,0.5029889000579715
1233,0.5021638534963131,0.15008529741317034,0.014480635523796082,0.33759791776537895,1.8769237250089645,0.0001,0.5026594355702401
1234,0.506388958543539,0.15008824598044157,0.014395780861377716,0.3419049307703972,1.8435683697462082,0.0001,0.5031792158260942
1235,0.5050683952867985,0.14997441694140434,0.014555849134922028,0.3405381292104721,1.7189332246780396,0.0001,0.5033174108713865
1236,0.5065592098981142,0.15000993758440018,0.014336295425891876,0.34221298061311245,1.7335985079407692,0.0001,0.5042138630524278
1237,0.5048809181898832,0.1500574154779315,0.014344148337841034,0.3404793534427881,1.6136104613542557,0.0001,0.5044284282252193
1238,0.5005168486386538,0.1502785412594676,0.014506496489048004,0.3357318080961704,2.1051067486405373,0.0001,0.5043189957737922
1239,0.4988279491662979,0.15011367201805115,0.014399401843547821,0.3343148734420538,2.2964165210723877,0.0001,0.5036025175824761
1240,0.5061577074229717,0.15032464358955622,0.014379344880580902,0.3414537161588669,2.220320403575897,0.0001,0.5038416439667344
1241,0.5027003306895494,0.15000013820827007,0.014321289956569672,0.33837890625,2.0980300828814507,0.0001,0.5036065490916372
1242,0.504232270643115,0.15007561910897493,0.014387927949428558,0.3397687245160341,2.0345998108386993,0.0001,0.5037496441975235
1243,0.5033833719789982,0.1500380551442504,0.014528229832649231,0.33881708420813084,2.097498193383217,0.0001,0.5038715960457921
1244,0.5011356845498085,0.15002342499792576,0.01441723108291626,0.3366950210183859,2.161254182457924,0.0001,0.5033462686464191
1245,0.500640532001853,0.15006992779672146,0.014377444982528687,0.33619315549731255,2.122381716966629,0.0001,0.5029034823179245
1246,0.5036011748015881,0.1500465115532279,0.014343202114105225,0.3392114657908678,1.789912886917591,0.0001,0.5026076788082718
1247,0.5039713736623526,0.15024789609014988,0.014380604028701782,0.33934287540614605,1.7108735591173172,0.0001,0.5025167243555189
1248,0.5062930677086115,0.14998965989798307,0.014455355703830719,0.34184804931282997,1.6111707463860512,0.0001,0.5030943462625146
1249,0.5020903181284666,0.1498967418447137,0.014336250722408295,0.33785732835531235,1.6295882165431976,0.0001,0.5034205831587315
1250,0.5025671478360891,0.15001899935305119,0.014503978192806244,0.338044174015522,1.8529503270983696,0.0001,0.5030615272000432
1251,0.5032882783561945,0.14990608766674995,0.014448873698711395,0.338933315128088,1.9478228241205215,0.0001,0.5031203219667078
1252,0.5030694585293531,0.1501083504408598,0.014500930905342102,0.33846017345786095,1.7981855496764183,0.0001,0.5030040407553316
1253,0.5038341246545315,0.14995875302702188,0.014579787850379944,0.33929559402167797,1.756855085492134,0.0001,0.5030491160228848
1254,0.5030900724232197,0.14990653935819864,0.014514237642288208,0.3386692926287651,2.0270690321922302,0.0001,0.503244554810226
1255,0.5043411292135715,0.1500454181805253,0.014485768973827362,0.33980993926525116,2.1798712462186813,0.0001,0.5036146145313978
1256,0.5038374271243811,0.14997253380715847,0.014467313885688782,0.33939757756888866,2.143292509019375,0.0001,0.5036382397636772
1257,0.5016409605741501,0.14987207669764757,0.01437736302614212,0.3373915161937475,1.9306057766079903,0.0001,0.5034051984548569
1258,0.5014332104474306,0.1499528530985117,0.01440940797328949,0.3370709531009197,2.2257672920823097,0.0001,0.5029192127287387
1259,0.49923605285584927,0.14977956749498844,0.014333441853523254,0.335123036056757,2.1561249271035194,0.0001,0.502633786201477
1260,0.5068074390292168,0.1500628376379609,0.014392629265785217,0.34235197119414806,2.1428761780261993,0.0001,0.5030578153207899
1261,0.5039333570748568,0.15019454900175333,0.014387145638465881,0.33935166150331497,2.1005186587572098,0.0001,0.503122323192656
1262,0.5005763061344624,0.1499715056270361,0.014425300061702728,0.3361794985830784,2.1371569707989693,0.0001,0.5028730079531669
1263,0.49784140661358833,0.14985250309109688,0.01444534957408905,0.33354355208575726,2.3617932572960854,0.0001,0.5022737361490727
1264,0.5031343530863523,0.1501391287893057,0.014432363212108612,0.3385628592222929,2.2122385129332542,0.0001,0.502278164215386
1265,0.5014965925365686,0.1499409954994917,0.014453068375587463,0.3371025249361992,2.4237007051706314,0.0001,0.5019937105476856
1266,0.5002047158777714,0.15006111562252045,0.014369100332260132,0.33577450178563595,2.1863363832235336,0.0001,0.5016304394230247
1267,0.501945398747921,0.14991610124707222,0.014330580830574036,0.33769871294498444,2.0153045132756233,0.0001,0.5016608832404017
1268,0.5054963361471891,0.14987966418266296,0.014339111745357513,0.3412775620818138,1.9199533089995384,0.0001,0.5020671958103776
1269,0.5020742379128933,0.14978946652263403,0.014401338994503021,0.33788342773914337,2.128648042678833,0.0001,0.502351014316082
1270,0.49961981177330017,0.14998000115156174,0.01438061147928238,0.3352591972798109,2.1202264577150345,0.0001,0.5016322515904903
1271,0.5061327442526817,0.14999246504157782,0.014455333352088928,0.34168494306504726,2.0452637150883675,0.0001,0.5018521903082729
1272,0.5017074346542358,0.1499281395226717,0.014412343502044678,0.33736694790422916,1.9038802161812782,0.0001,0.5019653031602502
1273,0.4976506233215332,0.14982594642788172,0.014526352286338806,0.3332983162254095,1.497227594256401,0.0001,0.5019462248310447
1274,0.501823490485549,0.15008922014385462,0.014519430696964264,0.33721483685076237,1.7528160065412521,0.0001,0.5018151385709644
1275,0.5046470314264297,0.15004105772823095,0.014390483498573303,0.3402154929935932,1.9967398419976234,0.0001,0.5021301824599504
1276,0.5036799795925617,0.14991560578346252,0.014568328857421875,0.3391960449516773,1.9171981066465378,0.0001,0.5024777088314295
1277,0.49823449552059174,0.14983057230710983,0.014445535838603973,0.33395838364958763,1.8762874454259872,0.0001,0.5021066185086965
1278,0.4999946653842926,0.14971046056598425,0.014392025768756866,0.3358921818435192,1.6781674176454544,0.0001,0.5015564514324069
1279,0.49989021196961403,0.15001182723790407,0.014478996396064758,0.3353993836790323,2.177256800234318,0.0001,0.501338048838079
1280,0.5040631648153067,0.15002201683819294,0.014357797801494598,0.3396833445876837,2.1455623283982277,0.0001,0.5017823841422796
1281,0.49861690029501915,0.1498513799160719,0.014211460947990417,0.33455405943095684,1.901799626648426,0.0001,0.5010307997465133
1282,0.4977869503200054,0.1499402392655611,0.014275945723056793,0.3335707653313875,2.4007675126194954,0.0001,0.5006387513130903
1283,0.4972901251167059,0.14986575953662395,0.014349117875099182,0.3330752532929182,2.2972599864006042,0.0001,0.5006027014926075
1284,0.5002547614276409,0.14979446213692427,0.014489442110061646,0.3359708581119776,2.3319612368941307,0.0001,0.5004458285868167
1285,0.5003719907253981,0.14991177804768085,0.01424795389175415,0.33621225506067276,2.0937624350190163,0.0001,0.5000183245167136
1286,0.5000326205044985,0.14980024937540293,0.014237895607948303,0.3359944801777601,2.1593113392591476,0.0001,0.4996535886079073
1287,0.5029387250542641,0.14959678892046213,0.014329776167869568,0.33901216089725494,2.1589734107255936,0.0001,0.5001240115612745
1288,0.49891646578907967,0.14997799508273602,0.014392323791980743,0.33454614505171776,2.217616558074951,0.0001,0.5000161916017533
1289,0.5023207534104586,0.14988469425588846,0.014481037855148315,0.3379550166428089,2.2031386494636536,0.0001,0.5002592457458377
1290,0.5021933950483799,0.1499770861119032,0.014357343316078186,0.3378589656203985,2.128940612077713,0.0001,0.500072268769145
1291,0.5042274910956621,0.14987522643059492,0.0142073854804039,0.34014488011598587,2.3642620593309402,0.0001,0.5006333278492093
1292,0.5008651223033667,0.1498193284496665,0.014367491006851196,0.33667829632759094,2.126009300351143,0.0001,0.5009411450475454
1293,0.5008671917021275,0.1498853750526905,0.014515727758407593,0.3364660907536745,2.150999180972576,0.0001,0.5012988517060876
1294,0.5022164694964886,0.14972369652241468,0.014382816851139069,0.33810995891690254,2.0139157846570015,0.0001,0.5014950225129724
1295,0.500280262902379,0.1498273592442274,0.01438547670841217,0.3360674288123846,1.950915940105915,0.0001,0.5014858497306705
1296,0.5033542346209288,0.14972136821597815,0.01430261880159378,0.33933025784790516,1.8834938779473305,0.0001,0.5018180111423135
1297,0.5015621073544025,0.14989969972521067,0.014527760446071625,0.337134649977088,2.133227229118347,0.0001,0.5016803493723273
1298,0.5035499017685652,0.14981513377279043,0.014416314661502838,0.33931845612823963,2.120370350778103,0.0001,0.5021436929702758
1299,0.5008185748010874,0.14981430303305387,0.014452308416366577,0.33655196242034435,1.943664625287056,0.0001,0.5019934751093388
1300,0.4982458595186472,0.14968430157750845,0.014474935829639435,0.33408661745488644,2.098783701658249,0.0001,0.5015987215563655
1301,0.5069574657827616,0.14971974305808544,0.014238685369491577,0.34299902990460396,1.9124812111258507,0.0001,0.5018717190250754
1302,0.5035116318613291,0.1494595967233181,0.014409519731998444,0.3396425135433674,1.8911037966609001,0.0001,0.5021363699808716
1303,0.4986341316252947,0.1498731281608343,0.014271371066570282,0.33448963053524494,1.9650437161326408,0.0001,0.5019130639731884
1304,0.5002307035028934,0.14966312889009714,0.0143304243683815,0.3362371474504471,1.7773295044898987,0.0001,0.5017144873738288
1305,0.5010038986802101,0.14975340850651264,0.014273203909397125,0.33697728253901005,1.8120358511805534,0.0001,0.501786850951612
1306,0.5023357290774584,0.14984829537570477,0.014311954379081726,0.3381754830479622,1.6962276324629784,0.0001,0.5016850003972649
1307,0.4989312421530485,0.150050132535398,0.014269806444644928,0.334611302241683,2.2499146312475204,0.0001,0.5014219138771295
1308,0.5025739446282387,0.14960920251905918,0.014190904796123505,0.33877383917570114,2.2140886411070824,0.0001,0.5013243181630969
1309,0.49874773621559143,0.14963852521032095,0.014397643506526947,0.33471156284213066,2.0555741041898727,0.0001,0.5011172343045474
1310,0.5033243056386709,0.14966580923646688,0.01438133418560028,0.3392771687358618,1.8933880478143692,0.0001,0.5016250789165497
1311,0.503894193097949,0.14965659379959106,0.01440904289484024,0.3398285564035177,1.603913575410843,0.0001,0.5013187516480684
1312,0.49690023250877857,0.14976740907877684,0.014433391392230988,0.332699429243803,1.7310113087296486,0.0001,0.5006576117128134
1313,0.5004208479076624,0.14953162986785173,0.014360979199409485,0.3365282341837883,1.9041781276464462,0.0001,0.5008362833410501
1314,0.49965622276067734,0.14969634264707565,0.014263108372688293,0.33569676615297794,2.017451636493206,0.0001,0.5007788352668285
1315,0.5017121266573668,0.14975816756486893,0.014484964311122894,0.3374689929187298,2.06168781965971,0.0001,0.5008496580645442
1316,0.4988760333508253,0.14980660192668438,0.014295868575572968,0.33477356657385826,2.0417470186948776,0.0001,0.5005036884918809
1317,0.5025493446737528,0.1495899884030223,0.014406457543373108,0.3385528940707445,2.1118432208895683,0.0001,0.5008654987439514
1318,0.4982821047306061,0.14967193268239498,0.014252439141273499,0.3343577291816473,1.8997028842568398,0.0001,0.500436314754188
1319,0.5013197120279074,0.149855338037014,0.014451481401920319,0.33701289631426334,2.002397805452347,0.0001,0.5006935123354197
1320,0.4990602657198906,0.149772884324193,0.01429314911365509,0.33499423041939735,2.0235841497778893,0.0001,0.5002671083435416
1321,0.49981406331062317,0.1496467273682356,0.014343641698360443,0.33582369051873684,2.2314318865537643,0.0001,0.49985909536480905
1322,0.5001405030488968,0.14969058707356453,0.014494605362415314,0.3359553124755621,2.3515662625432014,0.0001,0.5001831224188209
1323,0.5013258308172226,0.14950017165392637,0.01448965072631836,0.337336003780365,1.8634922951459885,0.0001,0.5002736207097769
1324,0.502022210508585,0.1497670141980052,0.014397591352462769,0.3378576021641493,1.9592572525143623,0.0001,0.5005102194845676
1325,0.5013906378298998,0.1495315758511424,0.014452002942562103,0.3374070581048727,1.907095804810524,0.0001,0.5004780706018209
1326,0.49429844319820404,0.14956009574234486,0.014277875423431396,0.3304604720324278,2.1941579580307007,0.0001,0.5000203115865588
1327,0.5009950660169125,0.14947684202343225,0.01435193419456482,0.33716628700494766,2.147940970957279,0.0001,0.4998648837208748
1328,0.4978393651545048,0.1496165208518505,0.01456480473279953,0.33365804702043533,2.213626556098461,0.0001,0.49982060976326464
1329,0.4991875644773245,0.149633651599288,0.014272734522819519,0.3352811839431524,2.4953417256474495,0.0001,0.4996073950082064
1330,0.4991304110735655,0.14985695574432611,0.01442505419254303,0.3348483983427286,2.545920491218567,0.0001,0.49961440954357383
1331,0.5057246182113886,0.14949551224708557,0.014289334416389465,0.34193977154791355,2.358617700636387,0.0001,0.5002054650336504
1332,0.5013681072741747,0.14954882767051458,0.014327511191368103,0.33749176375567913,2.3357063308358192,0.0001,0.5003282254561782
1333,0.4980011638253927,0.14946640748530626,0.014399804174900055,0.334134953096509,2.304759554564953,0.0001,0.4999957587569952
1334,0.49580435641109943,0.1494949609041214,0.014359451830387115,0.3319499436765909,2.3879312872886658,0.0001,0.49937397334724665
1335,0.499155567958951,0.14940697513520718,0.014327079057693481,0.33542151004076004,2.0865859985351562,0.0001,0.49915046636015176
1336,0.49640731886029243,0.14960618875920773,0.014323711395263672,0.33247742243111134,2.1403693780303,0.0001,0.4993613539263606
1337,0.49700668081641197,0.14968963153660297,0.014464162290096283,0.3328528832644224,2.075780026614666,0.0001,0.49896251540631054
1338,0.49974904395639896,0.1494312807917595,0.01440843939781189,0.3359093200415373,1.6748637109994888,0.0001,0.4991534832865
1339,0.4919942319393158,0.1493785697966814,0.014238834381103516,0.3283768258988857,1.7718463465571404,0.0001,0.4984341500326991
1340,0.5014566704630852,0.14955563377588987,0.01443444937467575,0.3374665845185518,1.8536220788955688,0.0001,0.4986667759716511
1341,0.498750114813447,0.14945082180202007,0.014360226690769196,0.33493906632065773,1.766155980527401,0.0001,0.4979693256318569
1342,0.4984221085906029,0.1492792721837759,0.014392264187335968,0.3347505759447813,1.7971679344773293,0.0001,0.49767472576349975
1343,0.5039596986025572,0.14943902287632227,0.01418035477399826,0.3403403200209141,1.9858317747712135,0.0001,0.4982705792412162
1344,0.5000718962401152,0.14957523811608553,0.014292195439338684,0.33620445989072323,1.8401063904166222,0.0001,0.49869733322411774
1345,0.4989288207143545,0.14948812313377857,0.014503367245197296,0.3349373284727335,1.8161240369081497,0.0001,0.4986746584996581
1346,0.499795975163579,0.14965881686657667,0.014449134469032288,0.33568801544606686,2.1889251694083214,0.0001,0.4990135241299868
1347,0.49992111697793007,0.14961706660687923,0.014415815472602844,0.335888234898448,2.2989670634269714,0.0001,0.4993049677461386
1348,0.500696113333106,0.14947975426912308,0.014383427798748016,0.3368329331278801,2.243014618754387,0.0001,0.4993996746838093
1349,0.5027151554822922,0.14948187489062548,0.014342747628688812,0.33889052644371986,2.309450775384903,0.0001,0.5004717670381069
1350,0.5009148921817541,0.14943877328187227,0.014287933707237244,0.33718818984925747,1.8862463980913162,0.0001,0.5004175892099738
1351,0.4957845713943243,0.14937003701925278,0.01437336951494217,0.3320411704480648,1.809478648006916,0.0001,0.5001210348680616
1352,0.4978525713086128,0.14941096771508455,0.01424109935760498,0.33420050144195557,1.844468630850315,0.0001,0.5000640811398626
1353,0.5003176499158144,0.14923600107431412,0.014449723064899445,0.33663192577660084,1.809259369969368,0.0001,0.4996998762711883
1354,0.499310502782464,0.14954239502549171,0.014315076172351837,0.3354530278593302,1.9860473275184631,0.0001,0.49962373692542317
1355,0.5006414130330086,0.14955946803092957,0.014190837740898132,0.3368911072611809,1.8909288868308067,0.0001,0.49979499615728856
1356,0.49767470732331276,0.14950622618198395,0.014328941702842712,0.3338395394384861,1.8980331867933273,0.0001,0.4995828693732619
1357,0.4945511221885681,0.14948540925979614,0.014360614120960236,0.33070509508252144,2.0130647495388985,0.0001,0.49904586989432576
1358,0.49843069165945053,0.14955420047044754,0.014247231185436249,0.3346292544156313,2.209789991378784,0.0001,0.4988193277269602
1359,0.5004112329334021,0.14929575379937887,0.01434604823589325,0.33676943369209766,1.7411226704716682,0.0001,0.49858893547207117
1360,0.4935902450233698,0.14955265074968338,0.014432750642299652,0.3296048380434513,2.13759396225214,0.0001,0.49785647075623274
1361,0.50010646879673,0.14956308528780937,0.014336936175823212,0.33620644733309746,2.513101950287819,0.0001,0.4982886604964733
1362,0.4988740272819996,0.1495913341641426,0.014306649565696716,0.3349760454148054,2.3480983898043633,0.0001,0.498390806093812
1363,0.4951973296701908,0.14950919710099697,0.014261282980442047,0.33142685145139694,2.491766892373562,0.0001,0.49787877406924963
1364,0.4989834111183882,0.14937994815409184,0.014317989349365234,0.33528547547757626,2.395180754363537,0.0001,0.49784606490284206
1365,0.4981169141829014,0.1492550102993846,0.014208175241947174,0.33465372771024704,2.300710305571556,0.0001,0.49759361501783134
1366,0.502957547083497,0.14956366084516048,0.014331415295600891,0.33906247094273567,2.3600608706474304,0.0001,0.49812189899384973
1367,0.49698570370674133,0.14941172208637,0.014371439814567566,0.33320254273712635,2.260107271373272,0.0001,0.4983653571456671
1368,0.49709999933838844,0.1494120918214321,0.014432713389396667,0.33325519412755966,2.152279980480671,0.0001,0.4982322879135609
1369,0.49739923141896725,0.1495540738105774,0.014308065176010132,0.33353709615767,2.1864645183086395,0.0001,0.49793108776211736
1370,0.4959089271724224,0.14931240398436785,0.014352567493915558,0.33224395476281643,2.1465236991643906,0.0001,0.49816295597702265
1371,0.49861871264874935,0.14939362090080976,0.014338240027427673,0.3348868563771248,2.1315106004476547,0.0001,0.49801418036222456
1372,0.500009436160326,0.1495283581316471,0.01437147706747055,0.33610959723591805,2.1167922019958496,0.0001,0.4981277212500572
1373,0.49885112419724464,0.14947070088237524,0.014187797904014587,0.33519262820482254,2.0062889754772186,0.0001,0.4984931007027626
1374,0.5002518780529499,0.14942944794893265,0.014202110469341278,0.336620319634676,2.2069037705659866,0.0001,0.4986199473962188
1375,0.49901946634054184,0.14931215159595013,0.01409832388162613,0.3356089945882559,1.7526821941137314,0.0001,0.49871020261198284
1376,0.4947681352496147,0.14925235230475664,0.014304496347904205,0.33121128752827644,1.6893171295523643,0.0001,0.4978912614285946
1377,0.4930170103907585,0.14946709480136633,0.014584407210350037,0.32896551489830017,2.1507812961935997,0.0001,0.4974943920969963
1378,0.49851132556796074,0.14921119809150696,0.014369569718837738,0.3349305596202612,2.0835260823369026,0.0001,0.49763552471995354
1379,0.5032498799264431,0.14931144658476114,0.01443692296743393,0.33950151316821575,1.9721459299325943,0.0001,0.49822058957070114
1380,0.496120098978281,0.14913487900048494,0.014113061130046844,0.3328721560537815,1.9047184884548187,0.0001,0.498241706751287
1381,0.4973552543669939,0.1494628693908453,0.014331549406051636,0.3335608374327421,1.9644174873828888,0.0001,0.4981153609231114
1382,0.49457333981990814,0.14950896613299847,0.014240860939025879,0.3308235090225935,2.3473367020487785,0.0001,0.49757175128906966
1383,0.49709771759808064,0.14913461729884148,0.014277473092079163,0.3336856234818697,2.0753278359770775,0.0001,0.49739641062915324
1384,0.4977899994701147,0.14937523379921913,0.014530420303344727,0.333884347230196,2.096090614795685,0.0001,0.49715022277086973
1385,0.49927501380443573,0.14927345234900713,0.014360308647155762,0.33564125187695026,2.1740612238645554,0.0001,0.4971757775172591
1386,0.49723760411143303,0.14946363028138876,0.014357872307300568,0.333416098728776,2.2450332567095757,0.0001,0.49742272440344093
1387,0.49780153296887875,0.14949391596019268,0.014326341450214386,0.33398126997053623,2.509946122765541,0.0001,0.497901176661253
1388,0.5041288025677204,0.14937603194266558,0.014342568814754486,0.3404101990163326,2.3781234472990036,0.0001,0.49846292436122897
1389,0.49902114272117615,0.14919537212699652,0.01422484964132309,0.33560092002153397,2.4107640087604523,0.0001,0.4980400506407022
1390,0.4995822738856077,0.14924408122897148,0.014374040067195892,0.33596415631473064,2.3354528918862343,0.0001,0.49838626813143494
1391,0.49882757291197777,0.14927168749272823,0.014264211058616638,0.33529167994856834,2.315307103097439,0.0001,0.4985334999859333
1392,0.4950286578387022,0.14916817843914032,0.014489702880382538,0.33137077279388905,2.4099268466234207,0.0001,0.4985790317878127
1393,0.49855823442339897,0.14924660045653582,0.014287225902080536,0.33502440713346004,2.2641122341156006,0.0001,0.49872508347034455
1394,0.4991046469658613,0.14948473125696182,0.014272339642047882,0.33534757792949677,2.3942252695560455,0.0001,0.4988565482199192
1395,0.4972998294979334,0.14925809483975172,0.01411382108926773,0.33392791263759136,2.241854339838028,0.0001,0.49865902978926896
1396,0.4994559697806835,0.1494255941361189,0.014112986624240875,0.3359173834323883,2.3164059594273567,0.0001,0.498880866356194
1397,0.5006311349570751,0.14941366761922836,0.014146596193313599,0.33707086741924286,2.1846751272678375,0.0001,0.4991638265550137
1398,0.4981260150671005,0.14913317281752825,0.014309778809547424,0.33468305692076683,2.0128014758229256,0.0001,0.49856354780495166
1399,0.4956313278526068,0.14926247391849756,0.014221645891666412,0.3321472052484751,2.406584359705448,0.0001,0.49822456631809475
1400,0.4965208191424608,0.14934905339032412,0.014428004622459412,0.3327437601983547,2.2971837520599365,0.0001,0.49791842084378
1401,0.493877075612545,0.1491696136072278,0.014205113053321838,0.3305023517459631,2.2384738475084305,0.0001,0.4974233711138368
1402,0.49600061774253845,0.14928757399320602,0.014531821012496948,0.33218122087419033,2.291203834116459,0.0001,0.4975205671042204
1403,0.499453691765666,0.14911315217614174,0.014371149241924286,0.3359693866223097,2.263567194342613,0.0001,0.4976101128384471
1404,0.4931671544909477,0.149140952154994,0.014413401484489441,0.32961280085146427,2.1188966929912567,0.0001,0.49701636359095575
1405,0.5001884754747152,0.1492446567863226,0.014285892248153687,0.33665792644023895,2.040309302508831,0.0001,0.49730522818863393
1406,0.49457443319261074,0.14928827341645956,0.014286354184150696,0.33099979907274246,1.8860117346048355,0.0001,0.49681707452982665
1407,0.4945719297975302,0.14933992829173803,0.014436304569244385,0.33079569786787033,2.256501115858555,0.0001,0.49621115401387217
1408,0.5000228714197874,0.14917291700839996,0.014313735067844391,0.3365362174808979,2.1393371522426605,0.0001,0.49640083964914083
1409,0.4968377649784088,0.14916055090725422,0.014397777616977692,0.3332794401794672,1.9048690348863602,0.0001,0.496521483361721
1410,0.49366869032382965,0.14917917270213366,0.014276154339313507,0.3302133698016405,1.938778594136238,0.0001,0.4962362704798579
1411,0.4993069749325514,0.14915015920996666,0.014542445540428162,0.33561437390744686,2.0070258155465126,0.0001,0.49677926041185855
1412,0.4977923817932606,0.1491102334111929,0.014395751059055328,0.33428639732301235,2.01714850962162,0.0001,0.49695843681693075
1413,0.4952540881931782,0.14898297283798456,0.014369860291481018,0.3319012522697449,1.7154157683253288,0.0001,0.49653847645968197
1414,0.4948166161775589,0.14903434086591005,0.01419191062450409,0.33159036561846733,1.7904277443885803,0.0001,0.4967034226283431
1415,0.49194460734725,0.1491578035056591,0.01428823173046112,0.3284985739737749,1.9753215461969376,0.0001,0.49587903581559656
1416,0.49570299685001373,0.14915030170232058,0.014375083148479462,0.3321776110678911,2.212927006185055,0.0001,0.4959918921813369
1417,0.49507678858935833,0.14912992529571056,0.014290966093540192,0.3316558953374624,2.2517189532518387,0.0001,0.4960423780605197
1418,0.4983152262866497,0.1491624740883708,0.01448550820350647,0.3346672412008047,1.927108071744442,0.0001,0.49587161354720594
1419,0.4903061706572771,0.14905860926955938,0.014408722519874573,0.3268388397991657,1.9139730706810951,0.0001,0.49521845411509274
1420,0.49597959220409393,0.1491714185103774,0.01444331556558609,0.33236485719680786,2.0152037516236305,0.0001,0.49544954430311916
1421,0.49548173137009144,0.14909166004508734,0.014226958155632019,0.33216311037540436,2.206530198454857,0.0001,0.4950670199468732
1422,0.494530463591218,0.14891721960157156,0.014217473566532135,0.3313957694917917,1.8144381418824196,0.0001,0.4947408281266689
1423,0.4923163689672947,0.14919364359229803,0.014286458492279053,0.3288362640887499,2.111577644944191,0.0001,0.4944470562040806
1424,0.4952645618468523,0.14932071790099144,0.014335975050926208,0.33160787262022495,1.9639104381203651,0.0001,0.49449185077100993
1425,0.4957324489951134,0.1490748254582286,0.014355883002281189,0.3323017321527004,1.7786461561918259,0.0001,0.49487063493579625
1426,0.49648713506758213,0.14894297625869513,0.014423102140426636,0.33312106505036354,1.8622214198112488,0.0001,0.4949490487575531
1427,0.49351492524147034,0.14907021261751652,0.014324016869068146,0.3301206920295954,1.881896011531353,0.0001,0.4947928624227643
1428,0.4939609747380018,0.14915085677057505,0.01444956660270691,0.330360546708107,2.0335362255573273,0.0001,0.4943574372678995
1429,0.4964517243206501,0.14930580090731382,0.01450423151254654,0.33264169469475746,2.156767874956131,0.0001,0.4949719926342368
1430,0.4899520259350538,0.14909887034446,0.014360278844833374,0.32649287581443787,1.8003405332565308,0.0001,0.4943692360073328
1431,0.49752128310501575,0.1491776118054986,0.01448870450258255,0.3338549640029669,2.0274637639522552,0.0001,0.4945731911808252
1432,0.4931604862213135,0.14904817752540112,0.014356449246406555,0.3297558594495058,1.964846782386303,0.0001,0.49443619344383477
1433,0.49610212072730064,0.14898897428065538,0.014388836920261383,0.3327243085950613,2.125981017947197,0.0001,0.49481476861983537
1434,0.49429870769381523,0.14918762538582087,0.014260619878768921,0.330850463360548,2.2052820324897766,0.0001,0.49471818320453165
1435,0.49645903520286083,0.14911740366369486,0.014439143240451813,0.3329024910926819,2.425300322473049,0.0001,0.4947908418253064
1436,0.49296355433762074,0.14919255394488573,0.01456104964017868,0.3292099479585886,2.1673309952020645,0.0001,0.49443848375231025
1437,0.4968350250273943,0.14885639026761055,0.0144357830286026,0.33354285173118114,1.9743533357977867,0.0001,0.49477049373090265
1438,0.49330409057438374,0.14911520667374134,0.014399789273738861,0.329789100214839,1.7169950678944588,0.0001,0.49470480531454086
1439,0.4955701194703579,0.14930459577590227,0.014384374022483826,0.3318811487406492,1.9152195751667023,0.0001,0.4946166448295116
1440,0.49313259311020374,0.14923963136970997,0.014369353652000427,0.3295236099511385,1.8399094715714455,0.0001,0.4949347015470266
1441,0.49214280769228935,0.14887353964149952,0.014368675649166107,0.3289005924016237,2.013895645737648,0.0001,0.494396854005754
1442,0.49327898770570755,0.148939847946167,0.014482669532299042,0.3298564702272415,1.864951528608799,0.0001,0.4944087041541934
1443,0.49424093402922153,0.1490017669275403,0.014431655406951904,0.3308075126260519,1.9082289189100266,0.0001,0.49422258548438547
1444,0.49557459354400635,0.14901824668049812,0.014365561306476593,0.33219078928232193,1.7976782098412514,0.0001,0.4943501740694046
1445,0.4918261840939522,0.14915798418223858,0.014392495155334473,0.32827570103108883,2.222469635307789,0.0001,0.49388688895851374
1446,0.4920474998652935,0.14900884684175253,0.014440178871154785,0.32859847508370876,1.9143733084201813,0.0001,0.493795283511281
1447,0.49503096751868725,0.14923294633626938,0.014297090470790863,0.33150092512369156,1.991201251745224,0.0001,0.4936148777604103
1448,0.49306358583271503,0.1489355070516467,0.014341190457344055,0.32978688552975655,1.9800560399889946,0.0001,0.4935908272862434
1449,0.4938598573207855,0.14891860634088516,0.014471806585788727,0.3304694462567568,1.7407755702733994,0.0001,0.4934198010712862
1450,0.49588408321142197,0.14898496493697166,0.014354988932609558,0.33254412561655045,2.006905071437359,0.0001,0.493694950081408
1451,0.4951239749789238,0.14912039134651423,0.014528729021549225,0.3314748536795378,2.490393564105034,0.0001,0.4939930668100715
1452,0.4904917199164629,0.14893227629363537,0.014395065605640411,0.3271643780171871,2.075405828654766,0.0001,0.493714340031147
1453,0.49463823437690735,0.14906357135623693,0.014499254524707794,0.33107540756464005,2.268365278840065,0.0001,0.4937540700659156
1454,0.49298397451639175,0.14894900657236576,0.014355503022670746,0.32967946119606495,2.2319441810250282,0.0001,0.4934950081631541
1455,0.4940384030342102,0.14886339101940393,0.01432759314775467,0.33084741421043873,2.2518926337361336,0.0001,0.4937162300571799
1456,0.4905347600579262,0.1489244056865573,0.014491498470306396,0.32711885683238506,2.294657103717327,0.0001,0.4935649560764432
1457,0.4957969766110182,0.14890255313366652,0.014326997101306915,0.332567423582077,2.204875983297825,0.0001,0.4936415569856763
1458,0.4923178516328335,0.14895466901361942,0.014310702681541443,0.3290524762123823,1.9746750593185425,0.0001,0.4935669835656881
1459,0.49545090086758137,0.14897347893565893,0.014495015144348145,0.3319824021309614,2.1013723462820053,0.0001,0.4937260879203677
1460,0.49134949035942554,0.14897506311535835,0.014503099024295807,0.3278713244944811,1.8602283746004105,0.0001,0.4932726286351681
1461,0.492354242131114,0.14898020215332508,0.014454104006290436,0.32891993410885334,1.8475006744265556,0.0001,0.4929956553503871
1462,0.4966105278581381,0.1489870809018612,0.014535017311573029,0.3330884277820587,1.9606807827949524,0.0001,0.4936075361445546
1463,0.4956252444535494,0.14895196445286274,0.014246493577957153,0.33242678456008434,2.098011128604412,0.0001,0.49370623715221884
1464,0.491672832518816,0.14904484618455172,0.014423191547393799,0.3282047975808382,2.0744503140449524,0.0001,0.49357512295246125
1465,0.49303638748824596,0.14902966935187578,0.014492310583591461,0.32951440289616585,2.5776984691619873,0.0001,0.4934749213978648
1466,0.49507616832852364,0.14887125976383686,0.014243006706237793,0.331961901858449,2.4914620667696,0.0001,0.49392906222492455
1467,0.49278621189296246,0.1489826189354062,0.014179840683937073,0.32962375320494175,2.6088191866874695,0.0001,0.493627985753119
1468,0.4901925753802061,0.14887351542711258,0.014267615973949432,0.3270514439791441,2.504240468144417,0.0001,0.49341545812785625
1469,0.4949943386018276,0.14870840311050415,0.014277324080467224,0.33200861141085625,1.738989569246769,0.0001,0.4933698019012809
1470,0.49280508421361446,0.14888793043792248,0.014169111847877502,0.32974804006516933,1.8040196150541306,0.0001,0.49351536128669976
1471,0.4900254085659981,0.14883396308869123,0.014286838471889496,0.3269046042114496,2.1575828418135643,0.0001,0.4932824779301882
1472,0.4940841645002365,0.14899420365691185,0.014384754002094269,0.33070520870387554,2.367735207080841,0.0001,0.493029841594398
1473,0.49348650872707367,0.14888006821274757,0.014333844184875488,0.3302725926041603,2.5307181924581528,0.0001,0.49281596802175043
1474,0.4925864711403847,0.14892512001097202,0.014335118234157562,0.32932623475790024,2.457344651222229,0.0001,0.49290733188390734
1475,0.49795794300734997,0.14895990584045649,0.014283999800682068,0.33471403270959854,2.390823632478714,0.0001,0.49339948743581774
1476,0.49457564391195774,0.14888676349073648,0.01424824446439743,0.3314406331628561,1.9933568090200424,0.0001,0.4933494349941611
1477,0.4950270876288414,0.14916592091321945,0.014302350580692291,0.33155881613492966,2.3579324185848236,0.0001,0.493573522567749
1478,0.4884562473744154,0.14905499666929245,0.014295138418674469,0.3251061160117388,2.45359006524086,0.0001,0.49339988976717
1479,0.49054160714149475,0.148912250995636,0.014273986220359802,0.3273553680628538,2.3568431064486504,0.0001,0.49295461662113665
1480,0.4887495171278715,0.14904229436069727,0.014340251684188843,0.3253669738769531,2.245834194123745,0.0001,0.49254905991256237
1481,0.49170951172709465,0.1487732706591487,0.01438400149345398,0.32855224423110485,2.2869952619075775,0.0001,0.492717470228672
1482,0.49476235546171665,0.1489328732714057,0.014374196529388428,0.3314552865922451,2.2332634553313255,0.0001,0.49278528932482
1483,0.4945190567523241,0.14887666050344706,0.014279976487159729,0.33136241883039474,2.1937022879719734,0.0001,0.49288854412734506
1484,0.4970247447490692,0.14881397411227226,0.01444043219089508,0.3337703328579664,2.118293397128582,0.0001,0.4933323714882135
1485,0.48768441937863827,0.1488103847950697,0.014379285275936127,0.32449474930763245,2.2455834075808525,0.0001,0.49230501912534236
1486,0.4915248118340969,0.14877575542777777,0.014293864369392395,0.3284551929682493,1.877103440463543,0.0001,0.4919999359175563
1487,0.4960464593023062,0.14897610526531935,0.01442912220954895,0.3326412346214056,1.9274113029241562,0.0001,0.4921018730849028
1488,0.4898655731230974,0.14880756009370089,0.014485478401184082,0.326572535559535,2.1497464030981064,0.0001,0.49224280565977097
1489,0.4920009132474661,0.1486771311610937,0.014290794730186462,0.3290329836308956,2.0036772042512894,0.0001,0.4923887362703681
1490,0.49386315047740936,0.1488433238118887,0.01455744355916977,0.3304623793810606,2.2641074135899544,0.0001,0.4929000996053219
1491,0.49232842959463596,0.1490208301693201,0.014377310872077942,0.3289302885532379,2.1834840178489685,0.0001,0.492961991392076
1492,0.4964378010481596,0.14874105993658304,0.014566831290721893,0.3331299051642418,1.9882190227508545,0.0001,0.4931295359507203
1493,0.49070233292877674,0.14903161954134703,0.014289431273937225,0.3273812811821699,2.457326650619507,0.0001,0.4927478635683656
1494,0.4905192293226719,0.14875389728695154,0.014604218304157257,0.3271611128002405,2.108695276081562,0.0001,0.4920973120257258
1495,0.4878149591386318,0.14874217845499516,0.014303945004940033,0.32476883567869663,2.289894253015518,0.0001,0.4921103660017252
1496,0.4936845023185015,0.1487799994647503,0.014392763376235962,0.3305117394775152,2.5054896697402,0.0001,0.49232633505016565
1497,0.4927933495491743,0.14890456199645996,0.014317154884338379,0.3295716382563114,2.538260944187641,0.0001,0.49200102407485247
1498,0.49203758500516415,0.14881399367004633,0.014237888157367706,0.32898569852113724,1.900493562221527,0.0001,0.49221822526305914
1499,0.49087003991007805,0.14875109773129225,0.014351263642311096,0.3277676720172167,1.847659356892109,0.0001,0.4921051379293203
1500,0.493019150570035,0.1488433387130499,0.014464832842350006,0.3297109790146351,1.7937938868999481,0.0001,0.4920207379385829
1501,0.49219707772135735,0.14900720212608576,0.014426596462726593,0.32876328006386757,2.0928052738308907,0.0001,0.49200760275125505
1502,0.4928790535777807,0.14867139607667923,0.014536216855049133,0.3296714425086975,1.9422719776630402,0.0001,0.49165172800421714
1503,0.48929947428405285,0.14896396081894636,0.01451469212770462,0.32582082226872444,1.9083472862839699,0.0001,0.49151144213974474
1504,0.49068157002329826,0.14877980761229992,0.014418251812458038,0.32748350687325,2.1266744881868362,0.0001,0.4915276762098074
1505,0.4906625896692276,0.14868760108947754,0.014407910406589508,0.32756708189845085,1.9607172757387161,0.0001,0.491812439262867
1506,0.4900714550167322,0.14871222246438265,0.014459684491157532,0.32689954340457916,1.763573281466961,0.0001,0.49145113453269007
1507,0.49038426019251347,0.14893260318785906,0.014338210225105286,0.32711343839764595,2.328527867794037,0.0001,0.491210225597024
1508,0.49423063918948174,0.14873577561229467,0.014427214860916138,0.3310676459223032,2.0403082370758057,0.0001,0.4914295310154557
1509,0.4889987874776125,0.14894099533557892,0.01433272659778595,0.3257250674068928,1.9486693516373634,0.0001,0.4912424057722092
1510,0.4911833442747593,0.14862618781626225,0.01445627212524414,0.3281008843332529,1.8024942725896835,0.0001,0.4910588251426816
1511,0.4892098754644394,0.148772943764925,0.014323383569717407,0.326113548129797,1.8933145627379417,0.0001,0.4907601049169898
1512,0.4891715869307518,0.14874390419572592,0.014242686331272125,0.3261849954724312,2.2416206672787666,0.0001,0.4903893582522869
1513,0.49228067323565483,0.14865360036492348,0.014294415712356567,0.32933264784514904,2.1525583416223526,0.0001,0.4906874781474471
1514,0.48802835308015347,0.14862986002117395,0.014305204153060913,0.3250932861119509,1.9190004244446754,0.0001,0.49042215645313264
1515,0.49374612979590893,0.1488857390359044,0.014480985701084137,0.33037940599024296,1.8709503561258316,0.0001,0.49073051046580074
1516,0.4895255919545889,0.1490252148360014,0.014308549463748932,0.32619182392954826,2.238988809287548,0.0001,0.49067592415958644
1517,0.49365077912807465,0.1486737821251154,0.014278009533882141,0.3306989949196577,1.8297196254134178,0.0001,0.49100257605314257
1518,0.49397558718919754,0.1487250318750739,0.014469519257545471,0.3307810351252556,2.0023799762129784,0.0001,0.49097707085311415
1519,0.4903975799679756,0.1490658549591899,0.014164753258228302,0.32716697081923485,2.533593066036701,0.0001,0.49111695010215045
1520,0.48860076628625393,0.1487452071160078,0.014464840292930603,0.32539071701467037,2.426210068166256,0.0001,0.4908586923032999
1521,0.49265831150114536,0.14882921520620584,0.01448223739862442,0.3293468598276377,2.464100703597069,0.0001,0.4912035359069705
1522,0.4896613359451294,0.14883508812636137,0.014226801693439484,0.3265994433313608,2.5100128203630447,0.0001,0.49125251080840826
1523,0.49000865779817104,0.14876022282987833,0.014387033879756927,0.3268614038825035,2.3065726682543755,0.0001,0.49102530926465987
1524,0.49015893414616585,0.14866811968386173,0.01449044793844223,0.3270003702491522,2.473323978483677,0.0001,0.49123836737126114
1525,0.4921596497297287,0.14884032309055328,0.014351539313793182,0.32896778360009193,2.432985119521618,0.0001,0.4910797193646431
1526,0.4856742322444916,0.1485830470919609,0.014386303722858429,0.32270488515496254,2.2905935496091843,0.0001,0.49069458339363337
1527,0.48901207000017166,0.14876743871718645,0.014555089175701141,0.3256895449012518,2.3191632851958275,0.0001,0.49023071248084304
1528,0.4903441872447729,0.14866827335208654,0.014498293399810791,0.32717762142419815,2.3471764102578163,0.0001,0.4898675724864006
1529,0.49232110008597374,0.14847517013549805,0.014436662197113037,0.32940927147865295,2.2333804666996,0.0001,0.4900599244982004
1530,0.49027241952717304,0.14867621939629316,0.014425396919250488,0.3271707985550165,2.1795850917696953,0.0001,0.49022708982229235
1531,0.4884545262902975,0.1488518938422203,0.014328792691230774,0.32527383975684643,1.7592138051986694,0.0001,0.48980671130120756
1532,0.48909911699593067,0.1486633848398924,0.014363691210746765,0.3260720372200012,2.033672221004963,0.0001,0.4897504894062877
1533,0.487791845574975,0.14871615916490555,0.014416605234146118,0.3246590793132782,2.378065712749958,0.0001,0.48952880818396804
1534,0.48713715374469757,0.148623232729733,0.014445237815380096,0.32406868413090706,2.002907909452915,0.0001,0.48922663014382123
1535,0.4900186788290739,0.14863963797688484,0.014390245079994202,0.32698879577219486,2.078933969140053,0.0001,0.48901253305375575
1536,0.49089356511831284,0.14867468271404505,0.014352336525917053,0.32786654494702816,2.175844393670559,0.0001,0.4895344663411379
1537,0.485969889909029,0.14864447712898254,0.014304161071777344,0.3230212479829788,2.2242000699043274,0.0001,0.4892302483320236
1538,0.49070878326892853,0.14876951463520527,0.014426879584789276,0.32751238718628883,2.3513890728354454,0.0001,0.48926670793443916
1539,0.49103627540171146,0.1487132841721177,0.014406204223632812,0.32791678607463837,2.2442858293652534,0.0001,0.48913822546601293
1540,0.49081872776150703,0.14872530195862055,0.014481455087661743,0.3276119716465473,2.225434146821499,0.0001,0.48919285628944637
1541,0.4910028614103794,0.14869895204901695,0.014576300978660583,0.3277276065200567,2.3300047144293785,0.0001,0.48944768980145453
1542,0.4873089734464884,0.1485805669799447,0.01447267085313797,0.32425573095679283,2.3786397725343704,0.0001,0.4892686754465103
1543,0.4939410537481308,0.14863343350589275,0.014534451067447662,0.3307731691747904,2.457460232079029,0.0001,0.4898835962638259
1544,0.4853223152458668,0.14858306851238012,0.014261685311794281,0.3224775679409504,2.228884167969227,0.0001,0.4897021124139428
1545,0.48596169985830784,0.1483331983909011,0.014347836375236511,0.32328066416084766,1.7811738550662994,0.0001,0.48929641451686623
1546,0.48772224970161915,0.14883654937148094,0.014333613216876984,0.3245520871132612,2.4193284139037132,0.0001,0.4889792829751968
1547,0.48848656937479973,0.1486556101590395,0.014482513070106506,0.325348449870944,2.4063432589173317,0.0001,0.48923095092177393
1548,0.4913298934698105,0.14859445299953222,0.0146380215883255,0.32809741608798504,2.285304978489876,0.0001,0.4892930619418621
1549,0.4902920499444008,0.14860912039875984,0.014514356851577759,0.32716857083141804,2.3252173215150833,0.0001,0.489218639396131
1550,0.4884744919836521,0.14841505885124207,0.014442630112171173,0.3256168086081743,2.2656056731939316,0.0001,0.48898421581834556
1551,0.4915937874466181,0.14863062277436256,0.014499321579933167,0.3284638449549675,2.0282039120793343,0.0001,0.4890433084219694
1552,0.48549611307680607,0.1487883348017931,0.014401540160179138,0.32230624184012413,2.235365569591522,0.0001,0.4888620223850012
1553,0.49051305279135704,0.14843387342989445,0.014579273760318756,0.3274999037384987,1.8114709183573723,0.0001,0.4885192222893238
1554,0.48580751195549965,0.14864716958254576,0.014432281255722046,0.3227280620485544,2.077576659619808,0.0001,0.48856774196028707
1555,0.4830686766654253,0.14827333763241768,0.014414362609386444,0.3203809764236212,2.075340785086155,0.0001,0.4882784396409988
1556,0.48633065447211266,0.14858326222747564,0.014515385031700134,0.32323200814425945,2.2424120008945465,0.0001,0.4881392801180482
1557,0.4854862615466118,0.14875250961631536,0.014604903757572174,0.3221288472414017,2.5145813822746277,0.0001,0.4878392493352294
1558,0.4842166043817997,0.14857203233987093,0.01438605785369873,0.3212585151195526,2.480967789888382,0.0001,0.48712792042642833
1559,0.48822727240622044,0.14836284518241882,0.0143057182431221,0.3255587015300989,2.405619278550148,0.0001,0.4869214426726103
1560,0.4903605468571186,0.14861233066767454,0.014362834393978119,0.32738538086414337,2.356016084551811,0.0001,0.48711004815995695
1561,0.4925910495221615,0.14841430261731148,0.014542683959007263,0.3296340573579073,2.312398836016655,0.0001,0.4872097743675113
1562,0.4860019236803055,0.14847994316369295,0.01447989046573639,0.32304208539426327,2.3171128183603287,0.0001,0.4872603554278612
1563,0.490695770829916,0.1485786885023117,0.014627143740653992,0.3274899423122406,2.286889426410198,0.0001,0.4872786272317171
1564,0.4907925743609667,0.14848980586975813,0.014478757977485657,0.3278240095824003,2.324399523437023,0.0001,0.4877771334722638
1565,0.4893314838409424,0.14860544726252556,0.014494933187961578,0.32623110711574554,2.3235916271805763,0.0001,0.48840341418981553
1566,0.48652555607259274,0.1487462054938078,0.014436215162277222,0.3233431354165077,2.28029927611351,0.0001,0.4884229043498635
1567,0.49042196571826935,0.1483791982755065,0.014245733618736267,0.3277970440685749,1.9285743981599808,0.0001,0.48891647476702926
1568,0.4859209768474102,0.1484947307035327,0.014400310814380646,0.32302593626081944,2.1872612312436104,0.0001,0.48908691201359034
1569,0.4874721374362707,0.1486370489001274,0.014476180076599121,0.32435890659689903,2.247826151549816,0.0001,0.48901139851659536
1570,0.48578041419386864,0.14863202348351479,0.014232389628887177,0.3229160010814667,1.8385899290442467,0.0001,0.48855338525027037
1571,0.48585053347051144,0.14854088984429836,0.014406159520149231,0.3229034822434187,1.8062165901064873,0.0001,0.4878793336451054
1572,0.48697199672460556,0.14851459208875895,0.01440102607011795,0.3240563739091158,1.8803594633936882,0.0001,0.48797634094953535
1573,0.48538986034691334,0.14868201967328787,0.014324620366096497,0.3223832193762064,2.1586511433124542,0.0001,0.4874457499012351
1574,0.48702992498874664,0.1485673589631915,0.01439935714006424,0.3240632079541683,2.217582978308201,0.0001,0.4870694849640131
1575,0.48706634156405926,0.14847233332693577,0.014335393905639648,0.324258616194129,2.4100554138422012,0.0001,0.48684297073632476
1576,0.48947277292609215,0.14854571782052517,0.014294654130935669,0.32663239911198616,2.4409347251057625,0.0001,0.4871376924216747
1577,0.4916853979229927,0.1484622498974204,0.014514029026031494,0.3287091199308634,2.3403719812631607,0.0001,0.48726403564214704
1578,0.4876309968531132,0.14853805769234896,0.014540761709213257,0.3245521802455187,2.3218067586421967,0.0001,0.48743503764271734
1579,0.4864319320768118,0.1486225752159953,0.014416500926017761,0.32339285500347614,2.341743491590023,0.0001,0.48733101710677146
1580,0.48737717419862747,0.14852903876453638,0.014537885785102844,0.3243102505803108,2.077958770096302,0.0001,0.48749069310724735
1581,0.49026045575737953,0.14856527280062437,0.014415860176086426,0.3272793274372816,1.9306074902415276,0.0001,0.4879316853359342
1582,0.48583732172846794,0.14850155729800463,0.014399334788322449,0.322936424985528,1.907552033662796,0.0001,0.4878182178363204
1583,0.4887299593538046,0.14850953966379166,0.014432616531848907,0.325787803158164,2.0655829459428787,0.0001,0.4881522277370095
1584,0.48886166885495186,0.14831193536520004,0.014371678233146667,0.3261780571192503,2.001015029847622,0.0001,0.48833540212363
1585,0.4884913694113493,0.14827016182243824,0.014390900731086731,0.3258303087204695,1.8578634038567543,0.0001,0.4884779049083591
1586,0.4871042538434267,0.1483071045950055,0.014312461018562317,0.3244846872985363,1.8284803479909897,0.0001,0.4882410530000925
1587,0.4878743477165699,0.14848452806472778,0.014432571828365326,0.3249572440981865,2.0137588903307915,0.0001,0.4878599479794502
1588,0.48868219554424286,0.14846374187618494,0.014636941254138947,0.3255815152078867,1.9261917397379875,0.0001,0.4879650678485632
1589,0.4842374622821808,0.14847576431930065,0.01450309157371521,0.3212586026638746,2.012429766356945,0.0001,0.4877456208691001
1590,0.4912447854876518,0.1484520435333252,0.014446407556533813,0.32834633626043797,2.0149249359965324,0.0001,0.4881323819980025
1591,0.4891984537243843,0.14861275348812342,0.014458470046520233,0.32612723112106323,2.0342776998877525,0.0001,0.48802618179470303
1592,0.4895740244537592,0.1482083983719349,0.014504700899124146,0.326860923320055,1.7686369493603706,0.0001,0.48839985206723213
1593,0.4870654046535492,0.1484623672440648,0.014368832111358643,0.324234202504158,1.6550006195902824,0.0001,0.4882333965972066
1594,0.4899970814585686,0.14846419915556908,0.014417946338653564,0.32711492851376534,1.9209265485405922,0.0001,0.4883469378575683
1595,0.4863354954868555,0.14867861848324537,0.014402031898498535,0.3232548460364342,2.191470518708229,0.0001,0.4881313504651189
1596,0.48817250318825245,0.1484026713296771,0.014501966536045074,0.32526786625385284,2.3112488240003586,0.0001,0.48823817539960146
1597,0.4853782281279564,0.1481960667297244,0.014469996094703674,0.3227121625095606,2.0110931620001793,0.0001,0.4879885634407401
1598,0.4838228262960911,0.1485831718891859,0.014325670897960663,0.32091398164629936,2.4421825259923935,0.0001,0.4875026265159249
1599,0.48094664327800274,0.14838537760078907,0.01443084329366684,0.31813042238354683,2.221679203212261,0.0001,0.4871735446155071
1600,0.48516445606946945,0.148527592420578,0.014342784881591797,0.32229407131671906,2.5655305236577988,0.0001,0.4865655116736889
1601,0.4910706263035536,0.14837585855275393,0.014467582106590271,0.32822718657553196,2.5451865196228027,0.0001,0.4867527289316058
1602,0.4859600178897381,0.14848765823990107,0.014402225613594055,0.32307013496756554,2.631437309086323,0.0001,0.4863913282752037
1603,0.4837720263749361,0.14839791413396597,0.014437958598136902,0.32093615271151066,2.285253919661045,0.0001,0.4860619904473424
1604,0.48603315837681293,0.1482663406059146,0.014494910836219788,0.32327190414071083,2.0241298899054527,0.0001,0.4856655981391668
1605,0.48543287999928,0.14841221179813147,0.014509595930576324,0.3225110787898302,2.0112022683024406,0.0001,0.4855753365904093
1606,0.486400468274951,0.14845143165439367,0.014515452086925507,0.3234335836023092,1.9538466557860374,0.0001,0.48539813309907914
1607,0.48337118700146675,0.1483665443956852,0.014630526304244995,0.32037411630153656,2.23974771797657,0.0001,0.48519742898643015
1608,0.48627227917313576,0.14840766228735447,0.014379352331161499,0.3234852571040392,2.470214158296585,0.0001,0.4854423742741346
1609,0.4856388233602047,0.14830073434859514,0.014390930533409119,0.32294715754687786,2.108322687447071,0.0001,0.4859115922823548
1610,0.4798782952129841,0.1484902137890458,0.01444166898727417,0.31694640778005123,2.288880743086338,0.0001,0.4853829761967063
1611,0.4844832345843315,0.14853711053729057,0.014341644942760468,0.3216044772416353,2.38539969176054,0.0001,0.48472423702478407
1612,0.4838429596275091,0.14843833912163973,0.014390133321285248,0.32101448997855186,2.4806295335292816,0.0001,0.4845125311985612
1613,0.4833100698888302,0.14836496394127607,0.014467775821685791,0.3204773273319006,2.135068640112877,0.0001,0.4844663355499506
1614,0.48770703934133053,0.1484887581318617,0.014501601457595825,0.3247166834771633,2.257378302514553,0.0001,0.48463372364640234
1615,0.4898322634398937,0.14835874922573566,0.014506511390209198,0.3269670009613037,2.18039583414793,0.0001,0.48507366199046376
1616,0.4886486679315567,0.14828858245164156,0.014371149241924286,0.32598893344402313,2.6104890555143356,0.0001,0.4852984819561243
1617,0.4885626696050167,0.14830954279750586,0.014358781278133392,0.3258943445980549,2.4649115055799484,0.0001,0.4858176302164793
1618,0.4830585513263941,0.1482691876590252,0.014277249574661255,0.3205121159553528,2.265299431979656,0.0001,0.48549625743180513
1619,0.4893376287072897,0.1483180159702897,0.014370299875736237,0.3266493156552315,2.351536102592945,0.0001,0.4858661379665136
1620,0.4904164094477892,0.14835012331604958,0.014357946813106537,0.3277083430439234,2.312179960310459,0.0001,0.48691994938999417
1621,0.48769192211329937,0.14829221740365028,0.014378808438777924,0.325020894408226,1.8184138983488083,0.0001,0.48724081814289094
1622,0.4875710718333721,0.14850149489939213,0.014408893883228302,0.32466068118810654,2.0818677246570587,0.0001,0.48761362936347724
1623,0.48507299460470676,0.14831993728876114,0.014355212450027466,0.322397843003273,2.0492890775203705,0.0001,0.48778992183506487
1624,0.4878257792443037,0.14825355634093285,0.014469228684902191,0.3251029960811138,2.1241394728422165,0.0001,0.4878017958253622
1625,0.4848520867526531,0.14824557024985552,0.014455638825893402,0.3221508767455816,1.912195011973381,0.0001,0.48730377815663817
1626,0.48579937405884266,0.14840676169842482,0.014324449002742767,0.32306816056370735,1.9873801097273827,0.0001,0.48701884876936674
1627,0.48414273373782635,0.14832002390176058,0.014497891068458557,0.32132481783628464,2.070870019495487,0.0001,0.4865768551826477
1628,0.4880924802273512,0.1482685636729002,0.014409191906452179,0.32541472278535366,1.9682256430387497,0.0001,0.4870802480727434
1629,0.4879442937672138,0.1482348758727312,0.014364875853061676,0.3253445439040661,2.008736051619053,0.0001,0.48694091457873584
1630,0.48795149475336075,0.14838961325585842,0.014666244387626648,0.3248956333845854,2.2562649473547935,0.0001,0.486694423109293
1631,0.484547171741724,0.14834439754486084,0.014434479176998138,0.3217682894319296,2.17861707508564,0.0001,0.48637994807213547
1632,0.4842508062720299,0.14832216501235962,0.014360964298248291,0.3215676750987768,2.3791272714734077,0.0001,0.48604792151600124
1633,0.48939042538404465,0.14820802304893732,0.014423362910747528,0.3267590422183275,2.6516907811164856,0.0001,0.486479664593935
1634,0.4854344427585602,0.14840217307209969,0.014257319271564484,0.3227749429643154,2.557110846042633,0.0001,0.4862405309453607
1635,0.4867171999067068,0.14822099078446627,0.014318838715553284,0.32417736761271954,2.2231069803237915,0.0001,0.48642704226076605
1636,0.4813419356942177,0.1483349585905671,0.01444927603006363,0.3185577020049095,2.0068384334445,0.0001,0.48598129842430354
1637,0.47986520640552044,0.1483075125142932,0.014438949525356293,0.31711874157190323,2.078388847410679,0.0001,0.48555354569107295
1638,0.4823409989476204,0.1484303567558527,0.014602065086364746,0.31930857338011265,2.2919013649225235,0.0001,0.48497839756309985
1639,0.4840188603848219,0.14824550691992044,0.014504536986351013,0.32126881927251816,1.9153791815042496,0.0001,0.48458585422486067
1640,0.4848471935838461,0.14815908763557673,0.014577709138393402,0.3221103884279728,1.7918644696474075,0.0001,0.4842754241079092
1641,0.4802754856646061,0.1481886263936758,0.014798343181610107,0.3172885160893202,1.8956027403473854,0.0001,0.4838482555001974
1642,0.48975143767893314,0.1483911294490099,0.014414221048355103,0.3269460890442133,1.9093967005610466,0.0001,0.4843983186408877
1643,0.4866593834012747,0.14821611158549786,0.014389581978321075,0.32405368052423,2.1668741554021835,0.0001,0.48412521444261075
1644,0.4889270607382059,0.14838492777198553,0.014379769563674927,0.32616236060857773,2.1053917706012726,0.0001,0.4844744762405753
1645,0.4849444814026356,0.14841395430266857,0.014426492154598236,0.32210403867065907,2.148878075182438,0.0001,0.4842972043901682
1646,0.485535467043519,0.14835243579000235,0.014335766434669495,0.3228472638875246,2.2353348284959793,0.0001,0.48471655752509835
1647,0.4854655843228102,0.1481402600184083,0.01448831707239151,0.3228370025753975,2.0444958955049515,0.0001,0.4852765953168273
1648,0.48808252811431885,0.14830615930259228,0.014291584491729736,0.32548478059470654,2.1633373126387596,0.0001,0.48585074823349716
1649,0.49052767641842365,0.14837924018502235,0.014335691928863525,0.3278127368539572,2.47739714384079,0.0001,0.4865016298368573
1650,0.48750300146639347,0.14819142408668995,0.01441161334514618,0.32489996030926704,2.4805702939629555,0.0001,0.4867672106251121
1651,0.48586672358214855,0.14814298134297132,0.014463156461715698,0.3232605867087841,1.9035758897662163,0.0001,0.4873263344168663
1652,0.4856656137853861,0.14835395198315382,0.014189720153808594,0.32312195003032684,2.5287113189697266,0.0001,0.4869177520275116
1653,0.48420918732881546,0.14830539375543594,0.014494113624095917,0.32140967436134815,2.3684373572468758,0.0001,0.48667273242026565
1654,0.4878383930772543,0.14811959397047758,0.014415167272090912,0.3253036290407181,2.454261563718319,0.0001,0.48656386565417054
1655,0.4865772984921932,0.14818109199404716,0.014402233064174652,0.32399397529661655,2.289439544081688,0.0001,0.4867271473631263
1656,0.48673144169151783,0.14827721286565065,0.014405399560928345,0.3240488227456808,1.9032720774412155,0.0001,0.48684674482792617
1657,0.48378402926027775,0.14822770562022924,0.014435335993766785,0.32112099044024944,2.4388755410909653,0.0001,0.4866785893216729
1658,0.48924879916012287,0.1484798537567258,0.014366433024406433,0.3264025114476681,2.3460340350866318,0.0001,0.48679521642625334
1659,0.4876337740570307,0.148129821754992,0.014444373548030853,0.32505958154797554,2.270519331097603,0.0001,0.486505826190114
1660,0.4836940225213766,0.1481782766059041,0.014335021376609802,0.3211807254701853,2.096043311059475,0.0001,0.4861249282956123
1661,0.4862371850758791,0.14822075236588717,0.01448601484298706,0.323530413210392,1.910564586520195,0.0001,0.4861619744449854
1662,0.4859740938991308,0.14797564037144184,0.014430046081542969,0.32356840930879116,1.9943030327558517,0.0001,0.48619282245635986
1663,0.48057081550359726,0.14805742632597685,0.014352254569530487,0.3181611318141222,2.0375109016895294,0.0001,0.48582898527383805
1664,0.4890863299369812,0.1481981473043561,0.014333561062812805,0.3265546169131994,2.1664945855736732,0.0001,0.48595377895981073
1665,0.48654093593358994,0.1483376817777753,0.014377497136592865,0.3238257523626089,2.0587702319025993,0.0001,0.4859501427039504
1666,0.4867136850953102,0.14828780200332403,0.014391981065273285,0.32403390295803547,2.196041062474251,0.0001,0.48594836704432964
1667,0.4772413317114115,0.14801001083105803,0.014293573796749115,0.3149377442896366,2.2013902217149734,0.0001,0.485294097289443
1668,0.48879959248006344,0.14819670654833317,0.014552094042301178,0.32605079002678394,2.1756064742803574,0.0001,0.4852491766214371
1669,0.48058549873530865,0.14818688482046127,0.014303959906101227,0.31809465028345585,2.24535970389843,0.0001,0.48454434908926486
1670,0.4827133696526289,0.14826324209570885,0.014296002686023712,0.32015411742031574,2.0688462778925896,0.0001,0.4844462838023901
1671,0.485676608979702,0.1481282664462924,0.014445766806602478,0.32310257852077484,2.219067543745041,0.0001,0.4843902261927724
1672,0.48572369292378426,0.14833978656679392,0.014481358230113983,0.32290254160761833,2.432969279587269,0.0001,0.4843651860952377
1673,0.48560309037566185,0.14828817080706358,0.014331690967082977,0.3229832276701927,2.3732415586709976,0.0001,0.4848684135824442
1674,0.48024385049939156,0.14827594440430403,0.01437900960445404,0.3175888992846012,2.3811488077044487,0.0001,0.48398416563868524
1675,0.4871450085192919,0.14807383343577385,0.014284111559391022,0.324787063524127,2.3385949209332466,0.0001,0.48404457289725544
1676,0.48317861184477806,0.14823876414448023,0.01429082453250885,0.3206490222364664,2.420179657638073,0.0001,0.4836910655722022
1677,0.486963814124465,0.14830572344362736,0.014289028942584991,0.32436905801296234,2.4381963312625885,0.0001,0.4846633138135076
1678,0.4863610193133354,0.14819837640970945,0.014319561421871185,0.3238430805504322,2.450512610375881,0.0001,0.48441945649683477
1679,0.48526275157928467,0.14807884860783815,0.014354802668094635,0.32282910495996475,2.470711074769497,0.0001,0.48488718178123236
1680,0.48158145509660244,0.14816939178854227,0.014513172209262848,0.3188988883048296,2.627181902527809,0.0001,0.48477399032562973
1681,0.48254930041730404,0.148218366317451,0.014447204768657684,0.3198837321251631,2.669259548187256,0.0001,0.4844612594693899
1682,0.48926894925534725,0.14820532780140638,0.014357618987560272,0.3267059959471226,2.508637860417366,0.0001,0.4848157851025462
1683,0.4828847832977772,0.14807881228625774,0.014220215380191803,0.32058575190603733,2.2600773498415947,0.0001,0.4845439543947577
1684,0.48056931607425213,0.14799701422452927,0.014440402388572693,0.3181318938732147,1.9364610388875008,0.0001,0.4845765009522438
1685,0.4778598640114069,0.14813704509288073,0.014279983937740326,0.31544283777475357,1.9786811023950577,0.0001,0.4836479865014553
1686,0.4807628933340311,0.14821473881602287,0.014374814927577972,0.3181733340024948,2.1058797016739845,0.0001,0.4834064146503806
1687,0.4818403348326683,0.14798828400671482,0.01445220410823822,0.3193998448550701,2.3254519626498222,0.0001,0.48289406672120094
1688,0.485431307926774,0.14812004193663597,0.014363497495651245,0.32294776663184166,2.389756955206394,0.0001,0.4828010955825448
1689,0.48411103151738644,0.1480814442038536,0.014447838068008423,0.32158174738287926,1.92142603546381,0.0001,0.482685923576355
1690,0.48163412138819695,0.14812881965190172,0.014367960393428802,0.3191373385488987,2.329511024057865,0.0001,0.48269119020551443
1691,0.4848226048052311,0.14802687615156174,0.014527909457683563,0.32226781360805035,2.1048015281558037,0.0001,0.4829185206443071
1692,0.48087514750659466,0.14808304328471422,0.014338620007038116,0.31845348700881004,2.18820371478796,0.0001,0.4820791404694319
1693,0.48235158436000347,0.147899498231709,0.014330647885799408,0.32012143172323704,1.8454511165618896,0.0001,0.4820258205756545
1694,0.48462220281362534,0.1481034979224205,0.01449768990278244,0.32202101312577724,1.8532034009695053,0.0001,0.4824311092495918
1695,0.4823173899203539,0.1480179075151682,0.014387063682079315,0.3199124224483967,2.1116705238819122,0.0001,0.4828768618404865
1696,0.48031865432858467,0.14810915477573872,0.014245592057704926,0.3179639056324959,2.4166254475712776,0.0001,0.4828324379399419
1697,0.48053273744881153,0.14800566527992487,0.014341644942760468,0.31818543188273907,2.4402817115187645,0.0001,0.4827016782015562
1698,0.4835898317396641,0.14807917829602957,0.014327973127365112,0.3211826775223017,2.468642495572567,0.0001,0.4825175305828452
1699,0.4818245340138674,0.148069828748703,0.014128275215625763,0.3196264337748289,2.300339676439762,0.0001,0.4822888808324933
1700,0.48286888003349304,0.1482576970010996,0.014438502490520477,0.3201726824045181,2.6434378921985626,0.0001,0.4824123566970229
1701,0.4861227013170719,0.14817420579493046,0.014476843178272247,0.3234716523438692,2.2442896366119385,0.0001,0.482542366348207
1702,0.48325101286172867,0.14798129629343748,0.014173321425914764,0.321096396073699,2.3046132028102875,0.0001,0.4827799528837204
1703,0.48269142396748066,0.14775503892451525,0.014372311532497406,0.3205640744417906,1.8124096989631653,0.0001,0.4828139368444681
1704,0.4816700592637062,0.14829639438539743,0.0142434760928154,0.31913019344210625,2.371262602508068,0.0001,0.4825187224894762
1705,0.48058469593524933,0.14822485763579607,0.014376252889633179,0.31798358634114265,2.4654855355620384,0.0001,0.48234545309096577
1706,0.4805587735027075,0.14802303910255432,0.014503009617328644,0.31803272664546967,1.8683059364557266,0.0001,0.482369465008378
1707,0.4827699828892946,0.14804921578615904,0.01444040983915329,0.3202803637832403,2.3573864698410034,0.0001,0.48259318955242636
1708,0.48443578369915485,0.14811786077916622,0.014545619487762451,0.32177229784429073,2.320385091006756,0.0001,0.4826777847483754
1709,0.4812128748744726,0.14787137880921364,0.014434441924095154,0.318907056003809,2.0284635573625565,0.0001,0.48261661883443596
1710,0.483819205313921,0.14803103916347027,0.014480166137218475,0.32130800373852253,1.910293199121952,0.0001,0.48271165136247873
1711,0.48184264451265335,0.14780916087329388,0.014437593519687653,0.3195958882570267,1.9615182802081108,0.0001,0.48228364568203685
1712,0.4829630982130766,0.14793290849775076,0.01464979350566864,0.3203803952783346,2.002466209232807,0.0001,0.4822548542171717
1713,0.4836785290390253,0.14786055125296116,0.014365889132022858,0.32145209051668644,1.9256934523582458,0.0001,0.4823535647243261
1714,0.480912197381258,0.1479761665686965,0.014292597770690918,0.31864342652261257,1.8223234117031097,0.0001,0.48227777853608134
1715,0.48324933648109436,0.14781490247696638,0.014416038990020752,0.32101839780807495,2.031807579100132,0.0001,0.4825442425906658
1716,0.4822861049324274,0.14804716687649488,0.014584735035896301,0.3196542039513588,2.0202822238206863,0.0001,0.4827169757336378
1717,0.4818310383707285,0.14801945257931948,0.014449238777160645,0.31936234794557095,2.3152753189206123,0.0001,0.4826230812817812
1718,0.4854714125394821,0.14811939001083374,0.014405451714992523,0.32294657081365585,2.3740446716547012,0.0001,0.4827266441658139
1719,0.4833660200238228,0.14809410367161036,0.01439569890499115,0.32087621837854385,2.4049456492066383,0.0001,0.48294195868074896
1720,0.4838416241109371,0.1479682493954897,0.014278247952461243,0.3215951230376959,2.4120662435889244,0.0001,0.48294420056045056
1721,0.481753820553422,0.14782718010246754,0.014207936823368073,0.3197187092155218,2.2252977564930916,0.0001,0.4829353181645274
1722,0.4807175286114216,0.1479584537446499,0.014108709990978241,0.31865036487579346,1.906700275838375,0.0001,0.4827107612043619
1723,0.48094919696450233,0.14806075859814882,0.014326311647891998,0.31856212578713894,2.360289581120014,0.0001,0.4824378279969096
1724,0.4855105187743902,0.14794368762522936,0.014163285493850708,0.32340354658663273,2.2903668954968452,0.0001,0.4828976601362228
1725,0.47968542389571667,0.14811775740236044,0.014334343373775482,0.317233320325613,2.2194801717996597,0.0001,0.48254126887768506
1726,0.4789142571389675,0.14799079950898886,0.014430500566959381,0.3164929561316967,2.010824404656887,0.0001,0.4822040840983391
1727,0.482661047950387,0.14786787703633308,0.01437409222126007,0.32041908241808414,2.313544735312462,0.0001,0.4822870850563049
1728,0.48449443839490414,0.14795312378555536,0.014542900025844574,0.3219984136521816,2.162474274635315,0.0001,0.48218938764184716
1729,0.48373953253030777,0.14774616714566946,0.014352858066558838,0.32164050452411175,2.1528410166502,0.0001,0.4822267388924956
1730,0.48092701844871044,0.14803579449653625,0.014370433986186981,0.3185207899659872,2.24462454020977,0.0001,0.481935278326273
1731,0.48621543124318123,0.14788284618407488,0.014364160597324371,0.32396842539310455,2.1209719702601433,0.0001,0.4823814393952489
1732,0.48118462041020393,0.14785311929881573,0.01436721533536911,0.31896428763866425,1.9075438231229782,0.0001,0.4824281485751271
1733,0.4811988305300474,0.14789990335702896,0.014541417360305786,0.3187575079500675,1.7966061308979988,0.0001,0.4824531119316816
1734,0.48350346088409424,0.14803747180849314,0.014553762972354889,0.32091222517192364,2.126600995659828,0.0001,0.482252406142652
1735,0.4772686492651701,0.14787975791841745,0.014486752450466156,0.3149021416902542,1.9476766809821129,0.0001,0.4820107286795974
1736,0.48173282109200954,0.147903423756361,0.014679312705993652,0.31915008276700974,2.1017736569046974,0.0001,0.4822925850749016
1737,0.48012143187224865,0.14795566350221634,0.01446167379617691,0.3177040945738554,2.2005653008818626,0.0001,0.48203862346708776
1738,0.4826689399778843,0.14794015884399414,0.014505170285701752,0.3202236108481884,2.3607640489935875,0.0001,0.48185607362538574
1739,0.47919565066695213,0.14819492492824793,0.01430954784154892,0.31669117510318756,2.53616364300251,0.0001,0.4814016854390502
1740,0.4835425838828087,0.1478357780724764,0.014288827776908875,0.3214179798960686,2.422972746193409,0.0001,0.48166324198246
1741,0.4818834401667118,0.14798219688236713,0.014494113624095917,0.3194071277976036,2.4370653107762337,0.0001,0.4812300428748131
1742,0.4824731592088938,0.14791856333613396,0.01446860283613205,0.32008599303662777,2.4301385655999184,0.0001,0.4813588967546821
1743,0.4816662408411503,0.14792800042778254,0.01438998430967331,0.31934825517237186,2.4288753420114517,0.0001,0.4814056377857924
1744,0.4831487648189068,0.14789979346096516,0.01416829228401184,0.3210806790739298,2.383008450269699,0.0001,0.4813701681792736
1745,0.4841270111501217,0.14785827696323395,0.014353945851325989,0.3219147939234972,2.415101833641529,0.0001,0.48205600436776874
1746,0.48378704488277435,0.14793795347213745,0.014479175209999084,0.3213699124753475,2.2865545004606247,0.0001,0.48226142674684525
1747,0.47666824236512184,0.1479434110224247,0.014250241219997406,0.31447459012269974,2.285155311226845,0.0001,0.4819161077961326
1748,0.4813251160085201,0.14777246303856373,0.014360092580318451,0.3191925585269928,2.276443973183632,0.0001,0.48178172539919617
1749,0.476357065141201,0.14774651359766722,0.014228291809558868,0.3143822532147169,2.207914799451828,0.0001,0.48149786684662105
1750,0.479192778468132,0.1479598330333829,0.014349699020385742,0.31688324362039566,2.2500265762209892,0.0001,0.48106288630515337
1751,0.48140824772417545,0.1478574639186263,0.014333531260490417,0.31921725533902645,2.2195311933755875,0.0001,0.48101536706089976
1752,0.483986334875226,0.14800926577299833,0.014448419213294983,0.3215286433696747,2.2433918192982674,0.0001,0.481166684627533
1753,0.4791827481240034,0.14777305908501148,0.014317311346530914,0.31709237210452557,2.418747238814831,0.0001,0.4809183353558183
1754,0.47930003702640533,0.1477321069687605,0.014533944427967072,0.3170339856296778,2.077900618314743,0.0001,0.48053346257656815
1755,0.4782794453203678,0.14779969211667776,0.014445193111896515,0.3160345610231161,2.111042946577072,0.0001,0.47994870599359274
1756,0.48026457987725735,0.14783499669283628,0.014444537460803986,0.3179850410670042,2.0065661519765854,0.0001,0.479596459493041
1757,0.4757550563663244,0.14782398752868176,0.014442086219787598,0.3134889844805002,2.3199427351355553,0.0001,0.4795051408931613
1758,0.4801537450402975,0.147932811640203,0.014519363641738892,0.3177015706896782,2.4319866448640823,0.0001,0.47938800379633906
1759,0.4819543845951557,0.14788605645298958,0.014385320246219635,0.3196830078959465,2.3650897815823555,0.0001,0.4799477357417345
1760,0.48162514343857765,0.14786454942077398,0.014350250363349915,0.3194103427231312,2.2842013835906982,0.0001,0.48019097223877905
1761,0.4799189977347851,0.1477962238714099,0.014273062348365784,0.3178497143089771,2.0043511539697647,0.0001,0.48004204723984
1762,0.48141124099493027,0.14797641336917877,0.01435524970293045,0.31907958164811134,1.9765637665987015,0.0001,0.47978453785181047
1763,0.4843553267419338,0.147873193025589,0.014367230236530304,0.32211490720510483,1.9636121094226837,0.0001,0.4803017957136035
1764,0.48400330543518066,0.1477860612794757,0.014591529965400696,0.32162571512162685,2.0726730450987816,0.0001,0.48077212255448104
1765,0.47809311747550964,0.1478872476145625,0.014396093785762787,0.31580977886915207,2.4061109572649,0.0001,0.4807534897699952
1766,0.47985955886542797,0.14784790109843016,0.01447279006242752,0.31753886863589287,2.463660091161728,0.0001,0.48071298766881226
1767,0.48066373355686665,0.1477349828928709,0.01451113075017929,0.3184176217764616,2.3726139068603516,0.0001,0.4812038553878665
1768,0.4816362150013447,0.14788110461086035,0.014606840908527374,0.3191482722759247,2.45373248308897,0.0001,0.4813521023839712
1769,0.47813523560762405,0.14805704541504383,0.014327652752399445,0.31575053557753563,2.793705016374588,0.0001,0.480970187485218
1770,0.485487911850214,0.14796805754303932,0.01458650827407837,0.32293334789574146,2.719694584608078,0.0001,0.4813564643263817
1771,0.48076464235782623,0.14798436406999826,0.014489613473415375,0.31829066574573517,2.6825276017189026,0.0001,0.4814410287886858
1772,0.47919808328151703,0.1476815938949585,0.014355428516864777,0.3171610627323389,2.6789428144693375,0.0001,0.48121971301734445
1773,0.47957733273506165,0.14790641702711582,0.014421731233596802,0.3172491881996393,2.6524170339107513,0.0001,0.48074191361665725
1774,0.48367913253605366,0.1479462468996644,0.014295950531959534,0.32143693789839745,2.415011189877987,0.0001,0.48070949632674453
1775,0.482332618907094,0.1478356858715415,0.014252878725528717,0.32024405896663666,2.210839845240116,0.0001,0.48113344646990297
1776,0.4764276333153248,0.14782122988253832,0.01431339979171753,0.3142930045723915,2.1362651586532593,0.0001,0.48079025391489266
1777,0.48058008030056953,0.1480112001299858,0.01448901742696762,0.31807986088097095,2.032219886779785,0.0001,0.48078188858926296
1778,0.47793286107480526,0.14793914556503296,0.014609135687351227,0.3153845835477114,2.4513681679964066,0.0001,0.480411553196609
1779,0.4807557091116905,0.1479085125029087,0.01442749798297882,0.31841970048844814,2.6027926951646805,0.0001,0.4806736005470157
1780,0.4799604155123234,0.14776932541280985,0.014448150992393494,0.31774293445050716,2.3624709025025368,0.0001,0.4801208509132266
1781,0.4781681355088949,0.14780735783278942,0.014317728579044342,0.31604304909706116,2.5172258839011192,0.0001,0.47986120022833345
1782,0.4751934800297022,0.14769753254950047,0.01441550999879837,0.31308043748140335,2.358737327158451,0.0001,0.47946073990315197
1783,0.48465139232575893,0.14772177208214998,0.014366596937179565,0.3225630186498165,2.7393410205841064,0.0001,0.4799681458622217
1784,0.47683747112751007,0.14787629339843988,0.014136679470539093,0.31482449918985367,2.804525688290596,0.0001,0.4792839797213674
1785,0.4758053757250309,0.147913440130651,0.0143699049949646,0.3135220296680927,2.4436769038438797,0.0001,0.47863125540316104
1786,0.47958030737936497,0.1479168003425002,0.014234289526939392,0.31742921844124794,2.2916418090462685,0.0001,0.47894652280956507
1787,0.47510589472949505,0.14761249907314777,0.014146313071250916,0.31334708258509636,2.32021676748991,0.0001,0.47839910425245763
1788,0.4760923273861408,0.14748469181358814,0.014406710863113403,0.31420092284679413,1.8550960198044777,0.0001,0.4782150508835912
1789,0.4778185337781906,0.14773414377123117,0.014391571283340454,0.31569281592965126,1.9937354028224945,0.0001,0.4779213333502412
1790,0.472697913646698,0.14785958174616098,0.01455802470445633,0.31028030812740326,1.838865652680397,0.0001,0.47719508316367865
1791,0.47450827434659004,0.14804979972541332,0.014418184757232666,0.31204028613865376,2.341772712767124,0.0001,0.47682909704744814
1792,0.47786958143115044,0.14764217287302017,0.014706119894981384,0.3155212849378586,2.44586830586195,0.0001,0.477096707187593
1793,0.48187702149152756,0.14775825385004282,0.014425694942474365,0.31969307363033295,2.4419743046164513,0.0001,0.47681927010416986
1794,0.47859248891472816,0.14760985784232616,0.014406472444534302,0.31657615676522255,2.290913388133049,0.0001,0.47699477188289163
1795,0.48051437363028526,0.14772053807973862,0.014496460556983948,0.31829737685620785,2.4460124745965004,0.0001,0.4774656716734171
1796,0.48079480044543743,0.14766701124608517,0.014354035258293152,0.3187737502157688,2.4027193263173103,0.0001,0.4775871209800243
1797,0.48116260394454,0.14770247787237167,0.014285266399383545,0.31917485408484936,2.0669150203466415,0.0001,0.47819279190152886
1798,0.48445760272443295,0.14794000331312418,0.014293789863586426,0.32222380861639977,2.0796843767166138,0.0001,0.47902931943535804
1799,0.4779750071465969,0.14770311955362558,0.014240086078643799,0.31603180058300495,1.9369276240468025,0.0001,0.47904496677219865
1800,0.47586611844599247,0.14751488529145718,0.014433003962039948,0.3139182310551405,1.7321681305766106,0.0001,0.47936178725212814
1801,0.4801230374723673,0.14785767905414104,0.014369137585163116,0.3178962152451277,2.1228238940238953,0.0001,0.4799232635647058
1802,0.47768233716487885,0.14782135840505362,0.014444828033447266,0.31541615538299084,2.0840801894664764,0.0001,0.4799045391380787
1803,0.4762211162596941,0.14799745474010706,0.014312416315078735,0.31391124427318573,2.039295084774494,0.0001,0.47933894861489534
1804,0.47722785733640194,0.14759786147624254,0.014380283653736115,0.3152497112751007,1.8868082910776138,0.0001,0.47920248545706273
1805,0.4819718077778816,0.14787945058196783,0.014394983649253845,0.3196973688900471,2.5193446949124336,0.0001,0.4793482288718224
1806,0.4737345613539219,0.14764205552637577,0.014440663158893585,0.311651848256588,2.35322006046772,0.0001,0.4786422049626708
1807,0.47892655059695244,0.14758804440498352,0.014573916792869568,0.3167645875364542,2.0769539326429367,0.0001,0.47841859962791206
1808,0.4781129453331232,0.14792072866111994,0.014500997960567474,0.31569121591746807,2.6252353489398956,0.0001,0.47778413388878105
1809,0.48207743279635906,0.14785519801080227,0.01441880315542221,0.31980342976748943,2.590764507651329,0.0001,0.4781943764537573
1810,0.4797339513897896,0.14778435043990612,0.014573410153388977,0.3173761833459139,2.5998744443058968,0.0001,0.478581159748137
1811,0.4763961732387543,0.14783541020005941,0.014410071074962616,0.31415069475769997,2.6602573692798615,0.0001,0.4782084733247757
1812,0.4726558979600668,0.14779098611325026,0.01435679942369461,0.3105081059038639,2.5566647723317146,0.0001,0.4777058294042945
1813,0.4759261589497328,0.14772389829158783,0.014503508806228638,0.3136987555772066,2.573413074016571,0.0001,0.47767633367329837
1814,0.47655985690653324,0.14772001467645168,0.014360472559928894,0.3144793678075075,2.6396667808294296,0.0001,0.4776095336303115
1815,0.4757272135466337,0.14766179025173187,0.014566376805305481,0.3134990483522415,2.5723696500062943,0.0001,0.4769850742071867
1816,0.4762160275131464,0.1477326573804021,0.014400087296962738,0.31408328376710415,2.5184520557522774,0.0001,0.47723322082310915
1817,0.4773052241653204,0.1478158002719283,0.014480412006378174,0.3150090053677559,1.9779090732336044,0.0001,0.4770710881799459
1818,0.47947288677096367,0.1478398172184825,0.014499612152576447,0.3171334583312273,2.0763988494873047,0.0001,0.47720708232373
1819,0.47751910611987114,0.14784479327499866,0.014454573392868042,0.31521973945200443,2.100723557174206,0.0001,0.4767512496560812
1820,0.47907293029129505,0.14760955329984426,0.014599815011024475,0.3168635591864586,2.0921282842755318,0.0001,0.47668514754623176
1821,0.4758457262068987,0.1475881775841117,0.01442623883485794,0.31383130699396133,2.458365172147751,0.0001,0.4766301028430462
1822,0.47520785219967365,0.1477352138608694,0.014335528016090393,0.313137112185359,2.468854956328869,0.0001,0.4768852982670069
1823,0.47942241467535496,0.14756638184189796,0.01455167680978775,0.31730435974895954,2.227983698248863,0.0001,0.4772349238395691
1824,0.48276653699576855,0.14777045603841543,0.014410093426704407,0.32058598659932613,2.113208219408989,0.0001,0.47785559184849263
1825,0.474063066765666,0.14773925580084324,0.014336727559566498,0.311987079679966,2.0319495797157288,0.0001,0.47768917717039583
1826,0.4777853451669216,0.14750144444406033,0.014579661190509796,0.31570424139499664,2.1616220250725746,0.0001,0.4778461089357734
1827,0.4730835370719433,0.14757319539785385,0.014523491263389587,0.310986852273345,2.077871434390545,0.0001,0.47742394022643564
1828,0.4775046557188034,0.1477196142077446,0.014514222741127014,0.31527081690728664,2.0391669496893883,0.0001,0.4772271171212196
1829,0.4728665463626385,0.14772552251815796,0.014373794198036194,0.31076722778379917,2.119832307100296,0.0001,0.47676186114549635
1830,0.47220355831086636,0.14770823251456022,0.014546841382980347,0.3099484797567129,2.250151216983795,0.0001,0.4760749239474535
1831,0.47773112170398235,0.14770015701651573,0.014451414346694946,0.3155795503407717,1.9756636247038841,0.0001,0.47626346349716187
1832,0.4769055265933275,0.1477483781054616,0.014642111957073212,0.31451503559947014,1.9277985244989395,0.0001,0.47643323093652723
1833,0.47805318608880043,0.14771317038685083,0.014536947011947632,0.3158030677586794,2.0976167246699333,0.0001,0.4762963080778718
1834,0.4765584450215101,0.14742934796959162,0.014597445726394653,0.314531646668911,1.9368764832615852,0.0001,0.47567549888044597
1835,0.4768061935901642,0.14754332415759563,0.014337971806526184,0.3149248957633972,2.1436783745884895,0.0001,0.4759498115628958
1836,0.473805395886302,0.14758855383843184,0.01466011255979538,0.31155673041939735,2.0950992926955223,0.0001,0.4755518166348338
1837,0.4730062261223793,0.1476953849196434,0.014474116265773773,0.31083672121167183,2.3059947341680527,0.0001,0.4755440855398774
1838,0.47931430488824844,0.14744204469025135,0.01445218175649643,0.3174200765788555,2.0629753842949867,0.0001,0.4757250504568219
1839,0.47489118948578835,0.14763793163001537,0.014385677874088287,0.31286757811903954,1.9905784502625465,0.0001,0.4759275147691369
1840,0.4751102030277252,0.14763905480504036,0.014568455517292023,0.3129026908427477,1.9334385469555855,0.0001,0.47621817924082277
1841,0.4759151954203844,0.1476979050785303,0.014559999108314514,0.3136572912335396,2.1790573745965958,0.0001,0.476036586612463
1842,0.4736079778522253,0.14753681886941195,0.01436161994934082,0.31170953810214996,2.028142251074314,0.0001,0.47570683173835276
1843,0.474053917452693,0.14759333431720734,0.014393754303455353,0.3120668288320303,2.394135221838951,0.0001,0.47530690487474203
1844,0.4745418205857277,0.14755836501717567,0.01444774866104126,0.3125357050448656,2.6388867497444153,0.0001,0.4751052424311638
1845,0.4695449769496918,0.14775993302464485,0.014345400035381317,0.30743964575231075,2.620409980416298,0.0001,0.4743791207671165
1846,0.4748179018497467,0.1476117530837655,0.014467105269432068,0.3127390444278717,2.4856822341680527,0.0001,0.474480371363461
1847,0.473598787561059,0.14737408608198166,0.014273583889007568,0.3119511138647795,2.0297192856669426,0.0001,0.474539627507329
1848,0.47733111679553986,0.1475443197414279,0.014499686658382416,0.3152871076017618,1.9316098093986511,0.0001,0.47434130869805813
1849,0.47491155192255974,0.14740501809865236,0.014393098652362823,0.3131134379655123,1.9343505278229713,0.0001,0.47434334494173525
1850,0.4788046069443226,0.147774837911129,0.014518104493618011,0.3165116664022207,1.8719846978783607,0.0001,0.474712785333395
1851,0.4752281401306391,0.14757828414440155,0.014379769563674927,0.31327008828520775,2.1590007171034813,0.0001,0.47464407980442047
1852,0.4743522275239229,0.14749878831207752,0.01442980021238327,0.3124236334115267,1.94213155657053,0.0001,0.4747185047715902
1853,0.472552290186286,0.14754293486475945,0.014288678765296936,0.3107206765562296,2.102592818439007,0.0001,0.4745683420449495
1854,0.47668502293527126,0.14764075726270676,0.014619067311286926,0.3144251946359873,2.437718465924263,0.0001,0.4747826622799039
1855,0.47904827259480953,0.1474144011735916,0.014667578041553497,0.316966287791729,2.142141468822956,0.0001,0.47573299184441564
1856,0.4772710017859936,0.1476677618920803,0.014649622142314911,0.3149536196142435,2.166930429637432,0.0001,0.47597830183804035
1857,0.4813698809593916,0.1475918758660555,0.014449603855609894,0.3193284049630165,2.225714325904846,0.0001,0.4767554111778736
1858,0.4733633417636156,0.14760373160243034,0.014419369399547577,0.31134023889899254,2.191322684288025,0.0001,0.4763586336746812
1859,0.47510055266320705,0.14739383198320866,0.01442398875951767,0.3132827300578356,1.9014578759670258,0.0001,0.4763775337487459
1860,0.4745151214301586,0.14732663705945015,0.014323271811008453,0.3128652125597,1.8618480861186981,0.0001,0.4759485851973295
1861,0.47470168583095074,0.14752816408872604,0.01469084620475769,0.312482675537467,1.9407130777835846,0.0001,0.47589593976736067
1862,0.47630276158452034,0.1475357934832573,0.014522045850753784,0.3142449241131544,2.2041186839342117,0.0001,0.4760909931734204
1863,0.47144103795289993,0.14747406542301178,0.01446428894996643,0.30950268544256687,2.232882633805275,0.0001,0.47597986795008185
1864,0.47921050526201725,0.14746239222586155,0.014388792216777802,0.31735932268202305,2.1269813999533653,0.0001,0.4762324161827564
1865,0.4746641907840967,0.14748578611761332,0.014412663877010345,0.31276574172079563,2.1361163184046745,0.0001,0.47579400800168514
1866,0.4785839170217514,0.14747516252100468,0.01431737095117569,0.3167913854122162,2.0612315461039543,0.0001,0.4759252995252609
1867,0.47603016160428524,0.1475861994549632,0.01433156430721283,0.3141123987734318,1.9180725738406181,0.0001,0.4753913275897503
1868,0.47416549548506737,0.14755874685943127,0.014234788715839386,0.3123719599097967,1.9327072501182556,0.0001,0.4754715429618955
1869,0.47537429071962833,0.14765119459480047,0.014431722462177277,0.31329137459397316,2.037217006087303,0.0001,0.4754989167675376
1870,0.47421921975910664,0.14748868811875582,0.014396995306015015,0.31233353540301323,1.9048460498452187,0.0001,0.4754693266004324
1871,0.4785030744969845,0.14733497239649296,0.014428414404392242,0.316739683970809,2.046756975352764,0.0001,0.47584946546703577
1872,0.47465667501091957,0.14750432781875134,0.014476209878921509,0.3126761354506016,2.065836049616337,0.0001,0.4756848568096757
1873,0.4724229518324137,0.14754455909132957,0.014607176184654236,0.31027122028172016,2.3099006190896034,0.0001,0.47578304819762707
1874,0.47359814308583736,0.14756785985082388,0.014596931636333466,0.3114333525300026,2.5577259361743927,0.0001,0.47522181198000907
1875,0.4726612977683544,0.14754697307944298,0.014463178813457489,0.3106511440128088,2.6453624218702316,0.0001,0.47502152267843484
1876,0.47227600030601025,0.1475236602127552,0.014412380754947662,0.31033996120095253,2.681300535798073,0.0001,0.47439073100686074
1877,0.47962053306400776,0.14729181677103043,0.014463990926742554,0.3178647216409445,2.6025460958480835,0.0001,0.474749768152833
1878,0.47351785004138947,0.14740245882421732,0.014591261744499207,0.3115241304039955,2.3002035319805145,0.0001,0.4746850036084652
1879,0.4761058334261179,0.14741421211510897,0.014369532465934753,0.31432208977639675,2.0425912588834763,0.0001,0.47475815787911413
1880,0.4718721341341734,0.14759957417845726,0.014498218894004822,0.30977433547377586,2.599925607442856,0.0001,0.4745234493166208
1881,0.4763460271060467,0.1474869642406702,0.014306999742984772,0.3145520593971014,2.541328437626362,0.0001,0.47430774457752706
1882,0.48001931235194206,0.14755546674132347,0.014527000486850739,0.31793684139847755,2.500097744166851,0.0001,0.4748440083116293
1883,0.4788731373846531,0.14759225212037563,0.014284692704677582,0.3169961906969547,2.579313650727272,0.0001,0.47548902686685324
1884,0.47436228208243847,0.14741883613169193,0.014338918030261993,0.3126045223325491,2.2159856110811234,0.0001,0.47556544076651336
1885,0.47436261363327503,0.14749111235141754,0.014377951622009277,0.3124935459345579,2.1442950516939163,0.0001,0.4757355723530054
1886,0.4742248337715864,0.14741716161370277,0.014278441667556763,0.3125292304903269,2.2759446278214455,0.0001,0.47593045569956305
1887,0.4760550782084465,0.1474961331114173,0.01443084329366684,0.31412810273468494,2.369472175836563,0.0001,0.4755739102140069
1888,0.4720977395772934,0.14719463791698217,0.014509320259094238,0.31039377860724926,2.1222419887781143,0.0001,0.4754318991675973
1889,0.4696955233812332,0.1474710227921605,0.014440536499023438,0.3077839631587267,2.1421724408864975,0.0001,0.47479086816310884
1890,0.4727044962346554,0.1473994441330433,0.014332585036754608,0.31097246147692204,2.0746543779969215,0.0001,0.474874104373157
1891,0.4755819980055094,0.14752678107470274,0.01451045274734497,0.3135447669774294,2.1039402335882187,0.0001,0.4747977014631033
1892,0.47277731262147427,0.14739687368273735,0.014402888715267181,0.3109775483608246,2.071432799100876,0.0001,0.4740735014900565
1893,0.4732009544968605,0.1473195804283023,0.014514781534671783,0.311366593465209,1.883500151336193,0.0001,0.47350628320127724
1894,0.47199062816798687,0.14754708018153906,0.01444794237613678,0.30999560095369816,2.2727598026394844,0.0001,0.4732691178098321
1895,0.47337937727570534,0.14743654429912567,0.014642991125583649,0.311299841850996,1.9276608303189278,0.0001,0.47317079417407515
1896,0.4740251265466213,0.14730451442301273,0.014410756528377533,0.31230985559523106,1.7754524871706963,0.0001,0.4731508234515786
1897,0.47592662647366524,0.14751873072236776,0.014422722160816193,0.3139851652085781,2.4631780460476875,0.0001,0.4731379782781005
1898,0.47519804909825325,0.14750055223703384,0.014458931982517242,0.3132385592907667,2.283926360309124,0.0001,0.4734480092301965
1899,0.475588234141469,0.1475568376481533,0.014512874186038971,0.3135185241699219,2.308058023452759,0.0001,0.47403728030622005
1900,0.47696719504892826,0.1475088493898511,0.01433940976858139,0.31511893682181835,2.0392336323857307,0.0001,0.47446355018764735
1901,0.4726293031126261,0.14735785871744156,0.014577649533748627,0.31069379299879074,2.1427812203764915,0.0001,0.47416828069835903
1902,0.4718663487583399,0.14757854864001274,0.014325499534606934,0.3099623005837202,2.3422602638602257,0.0001,0.4740771843120456
1903,0.47343961149454117,0.14746751729398966,0.014414571225643158,0.3115575239062309,2.418628975749016,0.0001,0.47410105001181363
1904,0.4780647847801447,0.14741807989776134,0.014316968619823456,0.3163297362625599,2.135120242834091,0.0001,0.47470846567302943
1905,0.4717189855873585,0.14730865973979235,0.01424366980791092,0.31016665138304234,2.368496812880039,0.0001,0.47454242650419476
1906,0.47647037729620934,0.147287561558187,0.014473304152488708,0.3147095125168562,1.9916071221232414,0.0001,0.4747869515791535
1907,0.47347828559577465,0.14751247875392437,0.014300994575023651,0.31166481226682663,2.436226397752762,0.0001,0.4745421174913645
1908,0.47617275454103947,0.14748161379247904,0.014355920255184174,0.31433522142469883,2.6949465721845627,0.0001,0.4746395880356431
1909,0.476468063890934,0.147494500502944,0.014361247420310974,0.3146123178303242,2.5961824506521225,0.0001,0.4747275710105896
1910,0.4725690297782421,0.1475622709840536,0.014344431459903717,0.3106623273342848,2.5915332585573196,0.0001,0.474287754483521
1911,0.47086526826024055,0.14734049886465073,0.014434374868869781,0.3090903889387846,2.476882092654705,0.0001,0.47411135099828244
1912,0.47329337522387505,0.14733844622969627,0.014371298253536224,0.3115836326032877,2.3986167162656784,0.0001,0.47425405364483597
1913,0.47117751464247704,0.1471602851524949,0.014459699392318726,0.309557531028986,2.013738974928856,0.0001,0.47402784395962955
1914,0.46732754819095135,0.14693752117455006,0.014594413340091705,0.30579561181366444,1.9127713665366173,0.0001,0.4729541203007102
1915,0.46811753138899803,0.14754328317940235,0.014430612325668335,0.30614364333450794,2.1852373108267784,0.0001,0.4725939748808742
1916,0.4751773439347744,0.14729369431734085,0.014602042734622955,0.3132816068828106,2.0409324541687965,0.0001,0.47246467154473065
1917,0.4695357736200094,0.147488322108984,0.014596767723560333,0.3074506875127554,2.4374035745859146,0.0001,0.47207042034715413
1918,0.47724878042936325,0.1475053383037448,0.014491640031337738,0.3152518030256033,2.4882419109344482,0.0001,0.47217802293598654
1919,0.46950322203338146,0.14775130711495876,0.014292210340499878,0.3074596989899874,2.5485466197133064,0.0001,0.47148153875023124
1920,0.470290033146739,0.1472469875589013,0.014369674026966095,0.3086733743548393,1.9034301191568375,0.0001,0.47125363908708096
1921,0.47011916898190975,0.1475100228562951,0.014437653124332428,0.30817149206995964,2.452579937875271,0.0001,0.47117902915924786
1922,0.4773389659821987,0.1473350189626217,0.01465972512960434,0.31534422375261784,2.1936584413051605,0.0001,0.47158358823508023
1923,0.4712439142167568,0.14705999195575714,0.014434248208999634,0.3097496721893549,1.8274372518062592,0.0001,0.47159022819250823
1924,0.47412277199327946,0.14772511925548315,0.014474250376224518,0.31192339584231377,2.2593692168593407,0.0001,0.472269750572741
1925,0.475056916475296,0.14754330553114414,0.01453225314617157,0.31298135966062546,2.598764047026634,0.0001,0.4729636890813708
1926,0.4697116892784834,0.14744232688099146,0.014382869005203247,0.3078864924609661,2.814035579562187,0.0001,0.47241712361574173
1927,0.4724947474896908,0.14740587677806616,0.014393419027328491,0.31069545447826385,2.692145250737667,0.0001,0.47271302100270984
1928,0.4714041091501713,0.14736397750675678,0.014466144144535065,0.3095739893615246,2.676774851977825,0.0001,0.4721285538747907
1929,0.47196358628571033,0.14741992857307196,0.014408156275749207,0.3101355005055666,2.7155235707759857,0.0001,0.47237459030002354
1930,0.4683526214212179,0.14735337253659964,0.014242120087146759,0.30675712786614895,2.6346334666013718,0.0001,0.47218084912747144
1931,0.47015944868326187,0.1473083160817623,0.01445646584033966,0.30839466862380505,2.5356285721063614,0.0001,0.47218487709760665
1932,0.47288169153034687,0.1472587212920189,0.014493480324745178,0.3111294861882925,2.26541518419981,0.0001,0.4717391496524215
1933,0.4713451527059078,0.14733121544122696,0.01451592892408371,0.309498006477952,2.287827916443348,0.0001,0.47174927350133655
1934,0.47305694594979286,0.1473117545247078,0.014502294361591339,0.311242900788784,2.3385104462504387,0.0001,0.4716426908969879
1935,0.47353965044021606,0.14724997710436583,0.014435604214668274,0.31185406632721424,2.1042038425803185,0.0001,0.4714909642934799
1936,0.47016020119190216,0.14719511568546295,0.014436565339565277,0.3085285220295191,2.1581771075725555,0.0001,0.4715358154848218
1937,0.4701505918055773,0.14712958503514528,0.014433011412620544,0.3085879925638437,2.131450228393078,0.0001,0.47130139991641046
1938,0.4720707908272743,0.14710023254156113,0.014534063637256622,0.3104364946484566,1.8425938710570335,0.0001,0.47136806808412074
1939,0.4707804135978222,0.14722629636526108,0.014467395842075348,0.3090867195278406,2.1960111409425735,0.0001,0.47124975081533194
1940,0.4708674941211939,0.14723012037575245,0.014512740075588226,0.3091246373951435,2.2965215146541595,0.0001,0.4715012380853295
1941,0.4760884456336498,0.14733422081917524,0.01450183242559433,0.3142523914575577,2.584911733865738,0.0001,0.47209413778036835
1942,0.4715344924479723,0.1473922273144126,0.014332577586174011,0.30980968847870827,2.458293691277504,0.0001,0.47195941787213086
1943,0.4717987310141325,0.14734523929655552,0.01449158787727356,0.3099619001150131,2.5934924483299255,0.0001,0.47200477570295335
1944,0.46927036717534065,0.14731688238680363,0.01451004296541214,0.30744344368577003,2.48466744273901,0.0001,0.4716261178255081
1945,0.47125399857759476,0.14741488825529814,0.014469072222709656,0.3093700408935547,2.540370285511017,0.0001,0.471397552639246
1946,0.47093032486736774,0.14710958488285542,0.01450154185295105,0.30931919254362583,2.511675611138344,0.0001,0.4714745650067925
1947,0.46980815567076206,0.14725209213793278,0.014281824231147766,0.3082742355763912,2.371924862265587,0.0001,0.47144032139331105
1948,0.46896651946008205,0.14730631653219461,0.014248311519622803,0.3074118923395872,2.6424761787056923,0.0001,0.4711298942565918
1949,0.4711793102324009,0.14715218171477318,0.014425031840801239,0.3096021004021168,2.57500246912241,0.0001,0.47116978392004966
1950,0.4703752212226391,0.14740402530878782,0.014254726469516754,0.30871646851301193,2.434545837342739,0.0001,0.4711205566301942
1951,0.4763884413987398,0.14739227388054132,0.014414146542549133,0.31458202190697193,2.549825966358185,0.0001,0.4711505562067032
1952,0.46682011522352695,0.14724792260676622,0.014490842819213867,0.30508134700357914,2.5423809364438057,0.0001,0.47067911848425864
1953,0.4665823932737112,0.1472257999703288,0.01454247534275055,0.3048141114413738,2.4869565665721893,0.0001,0.4701574847102165
1954,0.47466907650232315,0.14718776382505894,0.01446542888879776,0.31301589123904705,2.4439338967204094,0.0001,0.47069735564291476
1955,0.4680416900664568,0.1475137760862708,0.01448337733745575,0.30604454316198826,2.5147304385900497,0.0001,0.47037612479180096
1956,0.4720452055335045,0.14742024522274733,0.014340728521347046,0.31028423085808754,2.601887069642544,0.0001,0.47048761285841467
1957,0.4682870823889971,0.1472929697483778,0.014375627040863037,0.3066184762865305,2.644991844892502,0.0001,0.4703355055302382
1958,0.47135623544454575,0.14730189181864262,0.01444990187883377,0.30960443802177906,2.585124298930168,0.0001,0.4705744771286845
1959,0.4726079851388931,0.14729867689311504,0.014450453221797943,0.310858853161335,2.4091130271553993,0.0001,0.47071734461933373
1960,0.46870988979935646,0.1473562829196453,0.014423437416553497,0.3069301713258028,2.466861829161644,0.0001,0.4705508114770055
1961,0.47075070440769196,0.14722779858857393,0.014291152358055115,0.30923175252974033,2.2662564739584923,0.0001,0.4699870377779007
1962,0.46963733434677124,0.14721265342086554,0.014393903315067291,0.3080307748168707,2.3440738692879677,0.0001,0.47026875969022514
1963,0.46614953875541687,0.14724963903427124,0.014482587575912476,0.304417310282588,2.6177476346492767,0.0001,0.47022547423839567
1964,0.46789155527949333,0.14721662178635597,0.014505408704280853,0.3061695210635662,2.4736808389425278,0.0001,0.46954772211611273
1965,0.4723364934325218,0.14714351296424866,0.014569051563739777,0.31062392704188824,2.4818281158804893,0.0001,0.46997720245271923
1966,0.47258516773581505,0.14734092261642218,0.01440785825252533,0.3108363877981901,2.5528381913900375,0.0001,0.4700311986729503
1967,0.4685933943837881,0.14720189943909645,0.0144343301653862,0.3069571629166603,2.385284923017025,0.0001,0.4700618298724294
1968,0.46863446943461895,0.14724774844944477,0.014507323503494263,0.3068793974816799,1.8274537101387978,0.0001,0.4697896532714367
1969,0.46632943488657475,0.14701695181429386,0.014560364186763763,0.3047521151602268,1.8495831191539764,0.0001,0.46916179824620485
1970,0.4689384326338768,0.1472199559211731,0.014557674527168274,0.30716080218553543,1.891051173210144,0.0001,0.4691846525296569
1971,0.469761461019516,0.14736985508352518,0.014539599418640137,0.30785200372338295,1.8767076805233955,0.0001,0.46908572819083927
1972,0.469969492405653,0.14730612002313137,0.01464400440454483,0.3080193679779768,2.0819955691695213,0.0001,0.4691189439967275
1973,0.4702339190989733,0.14742188807576895,0.014645881950855255,0.30816615000367165,2.347651280462742,0.0001,0.46952738203108313
1974,0.4730225410312414,0.14736636262387037,0.014666639268398285,0.31098953261971474,2.143196225166321,0.0001,0.4700404806062579
1975,0.4722844362258911,0.1471991240978241,0.01457032561302185,0.31051498651504517,2.304262012243271,0.0001,0.4700352748855948
1976,0.4708492439240217,0.14710503350943327,0.014291033148765564,0.3094531800597906,2.180968128144741,0.0001,0.4698616825044155
1977,0.46779084391891956,0.1471575852483511,0.014415547251701355,0.3062177076935768,2.459103137254715,0.0001,0.46978142745792867
1978,0.4754456076771021,0.14734721183776855,0.014627531170845032,0.3134708646684885,2.1481014639139175,0.0001,0.47046254128217696
1979,0.47260716557502747,0.14714356511831284,0.014384299516677856,0.3110793009400368,2.1910370141267776,0.0001,0.4710903143510222
1980,0.4701290223747492,0.1473671207204461,0.014612920582294464,0.30814898014068604,2.279067002236843,0.0001,0.4712093733251095
1981,0.46868338622152805,0.14729794021695852,0.014477595686912537,0.3069078456610441,2.3525761738419533,0.0001,0.4711015658453107
1982,0.46817929670214653,0.14717782102525234,0.01445884257555008,0.30654263496398926,2.1844053119421005,0.0001,0.47092254627496005
1983,0.4723128192126751,0.14717535581439734,0.014437079429626465,0.31070039235055447,1.9666123539209366,0.0001,0.4711304362863302
1984,0.46724721789360046,0.14727515261620283,0.014283627271652222,0.30568843707442284,2.1345277205109596,0.0001,0.4705529039725661
1985,0.4717039670795202,0.14712697081267834,0.014515601098537445,0.310061389580369,2.082584895193577,0.0001,0.47049485705792904
1986,0.47120726853609085,0.14731667563319206,0.014335043728351593,0.3095555491745472,2.0359651893377304,0.0001,0.470530659519136
1987,0.47046117298305035,0.14724531676620245,0.0142936110496521,0.3089222423732281,2.133311815559864,0.0001,0.47079769242554903
1988,0.46629992686212063,0.1470967074856162,0.014382794499397278,0.30482042767107487,1.9256297573447227,0.0001,0.4698831243440509
1989,0.47123872488737106,0.1473293248564005,0.014501981437206268,0.30940742045640945,2.088256426155567,0.0001,0.46974628027528526
1990,0.4673924222588539,0.1470398735255003,0.014563038945198059,0.3057895116508007,2.088416710495949,0.0001,0.46947262026369574
1991,0.4694977942854166,0.14724426437169313,0.014551036059856415,0.30770249105989933,2.1190301179885864,0.0001,0.46955406107008457
1992,0.46824258752167225,0.14714722335338593,0.014550700783729553,0.3065446615219116,2.4289075806736946,0.0001,0.46956039015203715
1993,0.4690733775496483,0.14722720440477133,0.014578007161617279,0.3072681687772274,2.104470543563366,0.0001,0.46923644598573444
1994,0.46679066121578217,0.1471307659521699,0.014446556568145752,0.30521333776414394,2.006797544658184,0.0001,0.46919079031795263
1995,0.4702734723687172,0.1470300853252411,0.014326274394989014,0.3089171089231968,1.8287851363420486,0.0001,0.46904774084687234
1996,0.46908096224069595,0.14722416922450066,0.014390483498573303,0.3074663057923317,2.1884079352021217,0.0001,0.4688351102173328
1997,0.47322721034288406,0.1472191410139203,0.014474816620349884,0.3115332517772913,2.631980426609516,0.0001,0.4691117139533162
1998,0.4703830126672983,0.1471569212153554,0.014337688684463501,0.30888840556144714,2.5566534101963043,0.0001,0.46952002253383396
1999,0.4634341672062874,0.14720452763140202,0.014490276575088501,0.3017393611371517,2.6391856968402863,0.0001,0.4687395667657256
2000,0.46907580457627773,0.1471053259447217,0.014510318636894226,0.30746016278862953,2.570820137858391,0.0001,0.468907904997468
2001,0.4706270154565573,0.1471103960648179,0.0144914910197258,0.309025127440691,2.174559570848942,0.0001,0.46902082711458204
2002,0.46542746759951115,0.14720396511256695,0.014358945190906525,0.3038645628839731,2.279289349913597,0.0001,0.46873931512236594
2003,0.46780454367399216,0.14716781582683325,0.014512993395328522,0.30612373538315296,2.361598864197731,0.0001,0.4686124317348003
2004,0.47059339471161366,0.1471790075302124,0.014499656856060028,0.3089147266000509,2.250254265964031,0.0001,0.4689927050843835
2005,0.46591199189424515,0.1471095709130168,0.014419712126255035,0.304382698610425,2.3299885392189026,0.0001,0.46855655703693627
2006,0.47210925444960594,0.1472376575693488,0.014428608119487762,0.31044298596680164,2.482273355126381,0.0001,0.4688593862578273
2007,0.4739280715584755,0.14700715150684118,0.014370612800121307,0.31255030632019043,1.989973209798336,0.0001,0.4689294723793864
2008,0.46629107370972633,0.1470376905053854,0.01454608142375946,0.3047073036432266,1.8869284987449646,0.0001,0.4685202784836292
2009,0.47023266181349754,0.1471112249419093,0.014497682452201843,0.3086237572133541,2.0540675222873688,0.0001,0.46920012794435023
2010,0.46898158453404903,0.14723968412727118,0.014412514865398407,0.3073293883353472,2.3588554710149765,0.0001,0.46919070594012735
2011,0.4708685092628002,0.14706724043935537,0.014436483383178711,0.30936478450894356,2.0370641723275185,0.0001,0.4692148553207517
2012,0.4681854248046875,0.14728555921465158,0.01452319324016571,0.3063766695559025,2.070998750627041,0.0001,0.4694906510412693
2013,0.46918329037725925,0.14708548039197922,0.014407351613044739,0.30769045650959015,2.3904213830828667,0.0001,0.469628525711596
2014,0.46714602783322334,0.1471464354544878,0.014294140040874481,0.30570545233786106,2.4073655009269714,0.0001,0.469283789023757
2015,0.463230999186635,0.14722926449030638,0.01446986198425293,0.3015318736433983,2.328007310628891,0.0001,0.46901568975299596
2016,0.4683815576136112,0.1471645850688219,0.01438913494348526,0.3068278357386589,2.3626373186707497,0.0001,0.4686429200693965
2017,0.4658043012022972,0.14717339631170034,0.014279104769229889,0.30435180477797985,2.3103543892502785,0.0001,0.4678305430337787
2018,0.46500098146498203,0.14712002594023943,0.01463335007429123,0.30324760638177395,2.205630086362362,0.0001,0.46770153380930424
2019,0.46856297366321087,0.14705450646579266,0.014459922909736633,0.30704854615032673,2.209755592048168,0.0001,0.4675345649942756
2020,0.46811255626380444,0.14697113819420338,0.014496050775051117,0.3066453654319048,2.059785820543766,0.0001,0.4674476621672511
2021,0.46774783357977867,0.14695823937654495,0.014690026640892029,0.30609956942498684,2.034063510596752,0.0001,0.46713559459894893
2022,0.46808476001024246,0.1471387380734086,0.014502070844173431,0.30644394643604755,2.5868073254823685,0.0001,0.4671255281195045
2023,0.4677189327776432,0.14704434666782618,0.014464795589447021,0.30620979331433773,2.6721898168325424,0.0001,0.4669790923595428
2024,0.4683806039392948,0.14707574807107449,0.014504790306091309,0.30680006369948387,2.60540983825922,0.0001,0.46710254997015
2025,0.46603293158113956,0.14702223613858223,0.014334723353385925,0.30467597767710686,2.606792598962784,0.0001,0.46738274320960044
2026,0.46591527573764324,0.1469269720837474,0.014513961970806122,0.30447434447705746,2.5270624607801437,0.0001,0.46713611502200364
2027,0.46642136573791504,0.14704040251672268,0.014351263642311096,0.3050297014415264,2.491650588810444,0.0001,0.46719782147556543
2028,0.46770340017974377,0.1467728577554226,0.014348872005939484,0.30658166855573654,2.092771455645561,0.0001,0.4674680633470416
2029,0.46615668945014477,0.14707869477570057,0.014348514378070831,0.3047294821590185,2.095699265599251,0.0001,0.467227434925735
2030,0.46833341382443905,0.1471568811684847,0.014642424881458282,0.30653410591185093,2.1375766322016716,0.0001,0.4672495206817985
2031,0.4633345231413841,0.14706883765757084,0.014433138072490692,0.30183254554867744,2.0347680747509003,0.0001,0.466808189637959
2032,0.4689933955669403,0.14716553781181574,0.014648251235485077,0.30717960745096207,1.9052560776472092,0.0001,0.4668990531936288
2033,0.4616898838430643,0.14681005850434303,0.01452425867319107,0.3003555703908205,1.837204210460186,0.0001,0.4662961483001709
2034,0.46866671554744244,0.14692019950598478,0.014593183994293213,0.30715333111584187,1.8588823452591896,0.0001,0.46632475946098567
2035,0.46844575367867947,0.14704622980207205,0.014600202441215515,0.3067993186414242,1.964530847966671,0.0001,0.4665660416707397
2036,0.467554684728384,0.14708616584539413,0.0145135298371315,0.3059549890458584,2.064094215631485,0.0001,0.46672998256981374
2037,0.4676677230745554,0.14689020439982414,0.01467897742986679,0.3060985431075096,2.0791815742850304,0.0001,0.46685461830347774
2038,0.4610847420990467,0.14711567480117083,0.01455467939376831,0.299414386972785,2.0959397181868553,0.0001,0.46619275249540804
2039,0.4642249811440706,0.14711016602814198,0.014468535780906677,0.3026462811976671,2.3109998553991318,0.0001,0.46599958166480066
2040,0.46529459208250046,0.14698817674070597,0.014465764164924622,0.30384064465761185,2.17573381960392,0.0001,0.4656956994906068
2041,0.4690469838678837,0.14686197135597467,0.01458556205034256,0.307599451392889,2.1828993409872055,0.0001,0.46626694556325676
2042,0.4621145483106375,0.14727474842220545,0.014571070671081543,0.30026872642338276,2.330187551677227,0.0001,0.46557906083762646
2043,0.4660168308764696,0.14706991147249937,0.01455245167016983,0.3043944649398327,2.3109864071011543,0.0001,0.46601175554096697
2044,0.4665155466645956,0.14722669310867786,0.014517150819301605,0.30477170273661613,2.555578760802746,0.0001,0.4657966386526823
2045,0.4671826418489218,0.14702015835791826,0.014601550996303558,0.3055609315633774,2.851669102907181,0.0001,0.46567032746970655
2046,0.465484069660306,0.14700494706630707,0.01438143104314804,0.3040976859629154,2.849749892950058,0.0001,0.4654632659628987
2047,0.4650976434350014,0.14703430607914925,0.01450800895690918,0.3035553302615881,2.748325452208519,0.0001,0.46520625799894333
2048,0.46240662038326263,0.14714651368558407,0.014358378946781158,0.30090172961354256,2.6946567073464394,0.0001,0.46533844582736494
2049,0.4651171453297138,0.1471082279458642,0.014356136322021484,0.3036527782678604,2.7112144976854324,0.0001,0.46542766224592924
2050,0.46660568937659264,0.1470654383301735,0.014331579208374023,0.30520866997539997,2.6099031195044518,0.0001,0.46555877197533846
2051,0.46404267847537994,0.14716603606939316,0.014478638768196106,0.30239800550043583,2.727675125002861,0.0001,0.4650583414360881
2052,0.46739617362618446,0.14699440076947212,0.014485850930213928,0.3059159182012081,2.546231120824814,0.0001,0.4655865039676428
2053,0.464190274477005,0.147258541546762,0.014447502791881561,0.3024842292070389,2.5689020603895187,0.0001,0.4654038483276963
2054,0.46944587118923664,0.14696179144084454,0.014369159936904907,0.30811491794884205,2.5808900371193886,0.0001,0.4656968807801604
2055,0.46993973292410374,0.14709504693746567,0.01438102126121521,0.30846366472542286,2.2352020144462585,0.0001,0.46597258988767865
2056,0.4653424881398678,0.1470750831067562,0.014519378542900085,0.30374802835285664,2.1244629248976707,0.0001,0.4659584317356348
2057,0.4688167814165354,0.1468392927199602,0.014497563242912292,0.3074799217283726,2.1752932220697403,0.0001,0.4663303455337882
2058,0.4692135341465473,0.14702078141272068,0.014495804905891418,0.30769694969058037,2.2508578151464462,0.0001,0.4670110369101167
2059,0.46505792811512947,0.1470906911417842,0.014606863260269165,0.30336037650704384,2.274530977010727,0.0001,0.4670051151886582
2060,0.4640609957277775,0.14699822291731834,0.014540217816829681,0.30252255126833916,2.2670051604509354,0.0001,0.46675064582377673
2061,0.46747135929763317,0.14697251189500093,0.01455802470445633,0.30594082176685333,2.2743633463978767,0.0001,0.46709351390600207
2062,0.4647805280983448,0.14699656795710325,0.014492057263851166,0.3032919056713581,2.255581669509411,0.0001,0.4668319493532181
2063,0.46500682085752487,0.14694283343851566,0.014508314430713654,0.30355567671358585,1.9612146466970444,0.0001,0.4669136039912701
2064,0.464925903826952,0.14709304366260767,0.01451227068901062,0.30332058668136597,2.3361756652593613,0.0001,0.4664616072550416
2065,0.46381366066634655,0.14694860484451056,0.014432579278945923,0.30243247374892235,2.1164140552282333,0.0001,0.4658490000292659
2066,0.466816121712327,0.14705180376768112,0.014628730714321136,0.3051355853676796,2.049597442150116,0.0001,0.4659963633865118
2067,0.46730465814471245,0.1470117587596178,0.014521852135658264,0.3057710491120815,2.216464325785637,0.0001,0.4658451510593295
2068,0.46613948233425617,0.1470337314531207,0.014427147805690765,0.3046786021441221,2.1024006605148315,0.0001,0.4655377458781004
2069,0.4628383256494999,0.14688249304890633,0.014421693980693817,0.30153413489460945,1.933094598352909,0.0001,0.4653157856315374
2070,0.468712056055665,0.14722756668925285,0.01461387425661087,0.3068706188350916,2.1227314844727516,0.0001,0.4657808916643262
2071,0.46725491248071194,0.14730660431087017,0.014545701444149017,0.30540260672569275,2.516985461115837,0.0001,0.46575924698263405
2072,0.4672739412635565,0.14694473799318075,0.014532297849655151,0.30579689890146255,2.442271336913109,0.0001,0.46600858829915526
2073,0.46465601585805416,0.14708908554166555,0.014504514634609222,0.30306241661310196,2.5321716219186783,0.0001,0.46597350779920815
2074,0.46654226817190647,0.14688013400882483,0.014400050044059753,0.30526208132505417,2.670779012143612,0.0001,0.4661351442337036
2075,0.46482716128230095,0.1468353122472763,0.014387905597686768,0.3036039434373379,1.8857618868350983,0.0001,0.46623649429529906
2076,0.4656088687479496,0.14705970138311386,0.014496266841888428,0.3040529005229473,2.069754347205162,0.0001,0.4661157689988613
2077,0.46738459914922714,0.14705666527152061,0.014538675546646118,0.30578926019370556,2.3676821663975716,0.0001,0.4661237630993128
2078,0.46483917348086834,0.14691540226340294,0.014419876039028168,0.3035038933157921,2.3422522768378258,0.0001,0.465993732213974
2079,0.4696031827479601,0.14703613799065351,0.014472194015979767,0.3080948516726494,2.5473485216498375,0.0001,0.46667021792382
2080,0.4680579211562872,0.14685549028217793,0.014383383095264435,0.30681904964149,2.1637303605675697,0.0001,0.46660480443388225
2081,0.46786655113101006,0.14720661751925945,0.014508210122585297,0.30615172162652016,2.3911245092749596,0.0001,0.46666596829891205
2082,0.46718694269657135,0.14697986282408237,0.014599978923797607,0.3056070953607559,1.9325148314237595,0.0001,0.46665726844221356
2083,0.46960595808923244,0.1470078257843852,0.014558091759681702,0.3080400452017784,2.0921346470713615,0.0001,0.4671522626653314
2084,0.47040735743939877,0.14707379695028067,0.014495715498924255,0.3088378459215164,2.3053356036543846,0.0001,0.46753877159208057
2085,0.46552648209035397,0.14694803580641747,0.014608100056648254,0.30397034995257854,2.259788081049919,0.0001,0.4676087036728859
2086,0.46551965549588203,0.14704555459320545,0.014436125755310059,0.3040379732847214,2.086439311504364,0.0001,0.4675997823476791
2087,0.46753833815455437,0.14691723231226206,0.01455707848072052,0.3060640227049589,2.1985765174031258,0.0001,0.46761515624821187
2088,0.4635960776358843,0.1468733809888363,0.014662854373455048,0.30205984599888325,2.3500681817531586,0.0001,0.46749084666371343
2089,0.4676084015518427,0.14694460388273,0.014491885900497437,0.30617191456258297,2.214398942887783,0.0001,0.4672913685441017
2090,0.4664058890193701,0.1469203745946288,0.014474883675575256,0.30501063354313374,2.2423520609736443,0.0001,0.46712616533041
2091,0.4640975296497345,0.1469019390642643,0.014292754232883453,0.30290283635258675,2.242082931101322,0.0001,0.46674926318228244
2092,0.4701513387262821,0.14704464748501778,0.014567263424396515,0.3085394259542227,2.6092506498098373,0.0001,0.46704570278525354
2093,0.4603054765611887,0.14683233201503754,0.014295436441898346,0.29917770996689796,2.59709595143795,0.0001,0.46611565463244914
2094,0.4662860818207264,0.14680913742631674,0.014475643634796143,0.30500130355358124,2.385748267173767,0.0001,0.46570352707058194
2095,0.46310060657560825,0.1468599010258913,0.014366097748279572,0.3018746096640825,2.0251851305365562,0.0001,0.46546093951910733
2096,0.46822667494416237,0.1468907119706273,0.014622963964939117,0.3067129999399185,2.1912836134433746,0.0001,0.46573164146393536
2097,0.464093217626214,0.14698608592152596,0.0144919753074646,0.3026151582598686,2.338933490216732,0.0001,0.46538712941110133
2098,0.46877097710967064,0.1468137726187706,0.014309056103229523,0.3076481521129608,2.226406529545784,0.0001,0.46590461935848
2099,0.46728983707726,0.1470313249155879,0.01433584839105606,0.3059226665645838,2.1816628873348236,0.0001,0.4658727629110217
2100,0.4638475477695465,0.14697277918457985,0.014418043196201324,0.30245672166347504,2.3926472812891006,0.0001,0.46561692878603933
2101,0.4646984897553921,0.14686678070575,0.01454964280128479,0.3032820578664541,2.3491150066256523,0.0001,0.4656770247966051
2102,0.4657150413841009,0.1469327174127102,0.0144515261054039,0.3043307978659868,2.0553624033927917,0.0001,0.465233395062387
2103,0.46229100599884987,0.14698252081871033,0.014571897685527802,0.3007365856319666,2.0785427764058113,0.0001,0.4654319480061531
2104,0.4603867083787918,0.1470137983560562,0.014494441449642181,0.29887846671044827,2.590481348335743,0.0001,0.4648420106619596
2105,0.46552717313170433,0.14680192526429892,0.014538481831550598,0.30418676510453224,2.63305526971817,0.0001,0.46508466731756926
2106,0.4642398674041033,0.1469815829768777,0.014194920659065247,0.30306336283683777,2.7667050510644913,0.0001,0.46468598656356336
2107,0.46487813629209995,0.14697904977947474,0.014468386769294739,0.30343070439994335,2.723613888025284,0.0001,0.46476447843015195
2108,0.46751447580754757,0.14700069837272167,0.014405705034732819,0.3061080761253834,2.604081444442272,0.0001,0.46463882829993963
2109,0.4634486734867096,0.14696611743420362,0.014307007193565369,0.302175547927618,2.6680494770407677,0.0001,0.4642547119408846
2110,0.4626842215657234,0.1469728397205472,0.014267809689044952,0.30144356936216354,2.7604372948408127,0.0001,0.4641383793205023
2111,0.46413799934089184,0.14714838657528162,0.014550656080245972,0.30243895947933197,2.6244056224823,0.0001,0.46408233027905227
2112,0.4624112583696842,0.14698638953268528,0.014377079904079437,0.30104779452085495,2.6229080855846405,0.0001,0.4637519519776106
2113,0.46310328505933285,0.1469452390447259,0.014466911554336548,0.301691135391593,2.5288220793008804,0.0001,0.4638331798836589
2114,0.46132766641676426,0.14687509275972843,0.014340393245220184,0.3001121785491705,2.472638539969921,0.0001,0.4639272756874561
2115,0.4653594698756933,0.14696579053997993,0.01459880918264389,0.30379486829042435,2.6159272491931915,0.0001,0.463910505361855
2116,0.46200405806303024,0.14702795818448067,0.014533169567584991,0.300442922860384,2.5975485146045685,0.0001,0.4636869244277477
2117,0.463138023391366,0.1468686917796731,0.014515317976474762,0.30175401270389557,2.463872194290161,0.0001,0.46351291313767434
2118,0.4704325944185257,0.14689483772963285,0.014547809958457947,0.30898994393646717,2.3329328447580338,0.0001,0.4638047249987721
2119,0.46482853777706623,0.14671133644878864,0.014437876641750336,0.3036793228238821,1.9139271602034569,0.0001,0.4639427114278078
2120,0.46513883024454117,0.14696183800697327,0.014537058770656586,0.30363993532955647,2.2153950706124306,0.0001,0.4641881722956896
2121,0.46239835023880005,0.14687099680304527,0.014417432248592377,0.3011099249124527,1.9148733541369438,0.0001,0.4640142073854804
2122,0.46096474677324295,0.1470085084438324,0.014412865042686462,0.29954337514936924,2.3458799347281456,0.0001,0.46386955622583625
2123,0.4615284111350775,0.14672138541936874,0.014472931623458862,0.3003340922296047,2.2898908853530884,0.0001,0.46371206883341076
2124,0.46192154847085476,0.14694650378078222,0.014439322054386139,0.3005357198417187,2.032804638147354,0.0001,0.4637714570388198
2125,0.46917918138206005,0.14692932926118374,0.014505825936794281,0.3077440243214369,2.084683857858181,0.0001,0.4641534281894565
2126,0.4670507684350014,0.1468623047694564,0.014452345669269562,0.3057361114770174,2.0378309711813927,0.0001,0.4646580992266536
2127,0.46519262343645096,0.14690051320940256,0.014563776552677155,0.3037283346056938,2.00606919080019,0.0001,0.46486355923116207
2128,0.4636007957160473,0.14699297863990068,0.014467865228652954,0.3021399546414614,2.1377563774585724,0.0001,0.4641803793609142
2129,0.46533344872295856,0.14678746461868286,0.014442861080169678,0.3041031174361706,2.492157496511936,0.0001,0.4642308704555035
2130,0.46153355203568935,0.14687010925263166,0.014492467045783997,0.3001709748059511,2.7441816180944443,0.0001,0.4638703426346183
2131,0.46691269241273403,0.14667347446084023,0.014464810490608215,0.3057744111865759,2.553912840783596,0.0001,0.4643217768520117
2132,0.4649064615368843,0.14682538155466318,0.01455630362033844,0.30352478101849556,2.5441170632839203,0.0001,0.4647159483283758
2133,0.46419114992022514,0.14685890637338161,0.014427132904529572,0.3029051087796688,2.287002943456173,0.0001,0.46498222220689056
2134,0.4609134215861559,0.146956454962492,0.014522634446620941,0.2994343303143978,2.3493599742650986,0.0001,0.4648814095184207
2135,0.4633169714361429,0.14677119813859463,0.01460949331521988,0.3019362799823284,2.1796428188681602,0.0001,0.464295188523829
2136,0.46176136657595634,0.1468666009604931,0.014632634818553925,0.3002621252089739,2.464816525578499,0.0001,0.46376624833792446
2137,0.45833530463278294,0.14684574771672487,0.014570556581020355,0.29691899940371513,2.636413738131523,0.0001,0.46308051645755766
2138,0.4683255087584257,0.146931029856205,0.014535881578922272,0.3068585954606533,2.851140722632408,0.0001,0.46355298776179554
2139,0.46613141894340515,0.1469125607982278,0.014371059834957123,0.3048477992415428,2.8144855350255966,0.0001,0.4636327847838402
2140,0.4613638110458851,0.1466861004009843,0.014507405459880829,0.3001703079789877,2.7594150751829147,0.0001,0.46361581068485974
2141,0.45930760353803635,0.14671858306974173,0.01456201821565628,0.2980270031839609,2.7140140682458878,0.0001,0.46285530179739
2142,0.4676291737705469,0.1468875827267766,0.014405041933059692,0.30633655190467834,2.60414120554924,0.0001,0.46312757302075624
2143,0.46391752175986767,0.14694838225841522,0.014366567134857178,0.3026025705039501,2.6496371999382973,0.0001,0.4631002102047205
2144,0.46493194811046124,0.1467913966625929,0.014465183019638062,0.30367537029087543,2.5095963031053543,0.0001,0.463502062857151
2145,0.4640929438173771,0.14673126488924026,0.014443829655647278,0.30291784927248955,2.1112642735242844,0.0001,0.46357966009527446
2146,0.46662270091474056,0.14687730371952057,0.014373727142810822,0.30537167005240917,2.6006549298763275,0.0001,0.4640657935291529
2147,0.4657148104161024,0.1467848988249898,0.01429913192987442,0.3046307824552059,2.4662689343094826,0.0001,0.4648037441074848
2148,0.46624868735671043,0.14684809278696775,0.014231041073799133,0.3051695469766855,2.5598972886800766,0.0001,0.4645960619673133
2149,0.4609734956175089,0.1467905230820179,0.014425069093704224,0.29975790344178677,2.5620658695697784,0.0001,0.46408026963472365
2150,0.464638439938426,0.14661922585219145,0.014426201581954956,0.3035930097103119,2.32319288700819,0.0001,0.46440773252397777
2151,0.45823991298675537,0.14680358581244946,0.014580674469470978,0.2968556508421898,2.153735004365444,0.0001,0.46430096346884964
2152,0.4638079032301903,0.1468178927898407,0.014572449028491974,0.30241755954921246,2.424147829413414,0.0001,0.463918836414814
2153,0.45877774991095066,0.1468386696651578,0.014469534158706665,0.2974695488810539,2.387743704020977,0.0001,0.4634048592299223
2154,0.464984692633152,0.14682230446487665,0.014558285474777222,0.30360409803688526,2.582415394484997,0.0001,0.46341013368219136
2155,0.45990145206451416,0.14679590798914433,0.014341630041599274,0.29876391403377056,2.5476881712675095,0.0001,0.46299098450690507
2156,0.45579345524311066,0.14685460925102234,0.014417387545108795,0.2945214547216892,2.394183449447155,0.0001,0.4619080599397421
2157,0.4631954040378332,0.14691084530204535,0.014591455459594727,0.3016931042075157,2.4029206708073616,0.0001,0.4616561193019152
2158,0.4625809211283922,0.1469717025756836,0.01447749137878418,0.3011317290365696,2.5086846575140953,0.0001,0.46128934267908334
2159,0.4598226100206375,0.14677847642451525,0.014454752206802368,0.2985893804579973,2.3733352050185204,0.0001,0.4611742541193962
2160,0.4656703844666481,0.1468989597633481,0.014547690749168396,0.3042237367480993,2.502769708633423,0.0001,0.4612774485722184
2161,0.4630765002220869,0.14667305909097195,0.014413341879844666,0.3019900918006897,1.914684921503067,0.0001,0.4617611072957516
2162,0.4636231306940317,0.1468877885490656,0.014633715152740479,0.30210162699222565,2.296192452311516,0.0001,0.4617426300421357
2163,0.46598271280527115,0.14676894806325436,0.014565065503120422,0.30464869551360607,2.358053557574749,0.0001,0.4624631263315678
2164,0.4613955095410347,0.14687178656458855,0.01462109386920929,0.29990262538194656,2.2551120817661285,0.0001,0.462104208022356
2165,0.4620532710105181,0.1468112301081419,0.014479868113994598,0.3007621746510267,2.0541039034724236,0.0001,0.4623193899169564
2166,0.4643081948161125,0.14678429812192917,0.014682061970233917,0.3028418328613043,2.179401621222496,0.0001,0.4631708638742566
2167,0.45990158803761005,0.14691634941846132,0.014555811882019043,0.29842942766845226,2.142006777226925,0.0001,0.4628414822742343
2168,0.45841299556195736,0.14665196556597948,0.014536537230014801,0.2972244955599308,2.1549711376428604,0.0001,0.4624246897175908
2169,0.45913438498973846,0.14665908459573984,0.014637120068073273,0.2978381775319576,2.110910825431347,0.0001,0.4623558672145009
2170,0.46281861513853073,0.14680502656847239,0.014550864696502686,0.30146272480487823,2.2095136046409607,0.0001,0.4620706902816892
2171,0.4633349608629942,0.1464906418696046,0.014494650065898895,0.30234966799616814,2.142926685512066,0.0001,0.4620965363457799
2172,0.4606284610927105,0.14689635299146175,0.014513924717903137,0.29921818897128105,2.5190317183732986,0.0001,0.4617970693856478
2173,0.46215832233428955,0.14677521772682667,0.014589257538318634,0.30079384706914425,2.339209772646427,0.0001,0.4614146303385496
2174,0.46121232956647873,0.14655478205531836,0.01448996365070343,0.3001675810664892,1.8881006762385368,0.0001,0.461396312341094
2175,0.4587234165519476,0.14679301716387272,0.014491215348243713,0.29743918403983116,2.2669614255428314,0.0001,0.461063326895237
2176,0.4631449654698372,0.14677106961607933,0.014535285532474518,0.30183860659599304,2.2293258905410767,0.0001,0.46094700396060945
2177,0.45948647521436214,0.1467322651296854,0.014405056834220886,0.29834915325045586,2.2745203226804733,0.0001,0.4609054926782846
2178,0.460525207221508,0.14673866610974073,0.014700256288051605,0.2990862838923931,2.112056091427803,0.0001,0.4611167138442397
2179,0.4581845197826624,0.14689898677170277,0.014719165861606598,0.2965663690119982,2.1833628565073013,0.0001,0.4610217273235321
2180,0.46169658936560154,0.14680561609566212,0.014598570764064789,0.3002923969179392,2.12636286765337,0.0001,0.4609095247462392
2181,0.46188294142484665,0.14709061570465565,0.014554150402545929,0.30023817904293537,2.218294307589531,0.0001,0.4607643228024244
2182,0.46226485073566437,0.14679086674004793,0.01444193720817566,0.3010320458561182,2.289944551885128,0.0001,0.4609279617667198
2183,0.4604176413267851,0.14700090419501066,0.014477618038654327,0.2989391162991524,2.5901027992367744,0.0001,0.46075389366596936
2184,0.4681584034115076,0.14660986606031656,0.01457289606332779,0.306975644081831,2.416790895164013,0.0001,0.46144850105047225
2185,0.46093237213790417,0.14667204581201077,0.014461420476436615,0.2997989058494568,2.2697517052292824,0.0001,0.4616693966090679
2186,0.4642451535910368,0.146842441521585,0.014384143054485321,0.3030185680836439,2.706038177013397,0.0001,0.4617794154211879
2187,0.462722135707736,0.14673966262489557,0.014272324740886688,0.30171014554798603,2.6466295197606087,0.0001,0.46210298147052525
2188,0.4591278973966837,0.14690419286489487,0.01427062600851059,0.2979530766606331,2.5590254813432693,0.0001,0.4619632504880428
2189,0.4618327394127846,0.1464770631864667,0.01435321569442749,0.30100246146321297,2.365532770752907,0.0001,0.46232807245105506
2190,0.4580550715327263,0.14666978921741247,0.01461075246334076,0.29677452705800533,2.276501752436161,0.0001,0.46196392066776754
2191,0.4594811238348484,0.14659631717950106,0.014622814953327179,0.29826198890805244,2.066070683300495,0.0001,0.4617237389087677
2192,0.45961116068065166,0.14671215135604143,0.014402031898498535,0.2984969783574343,2.082659460604191,0.0001,0.46145836990326644
2193,0.46087297797203064,0.14653535932302475,0.014326795935630798,0.3000108227133751,1.9463036805391312,0.0001,0.461503903567791
2194,0.46204145066440105,0.14670840371400118,0.014559514820575714,0.30077352188527584,2.1683718860149384,0.0001,0.4608922082930803
2195,0.4595948848873377,0.14661847241222858,0.014331430196762085,0.29864498414099216,2.2258595526218414,0.0001,0.4607584595680237
2196,0.4594568144530058,0.14666784089058638,0.01447487622499466,0.29831409454345703,2.0330898836255074,0.0001,0.4602796256542206
2197,0.4600959252566099,0.14674399886280298,0.014399833977222443,0.29895209334790707,1.94385926425457,0.0001,0.460017004609108
2198,0.46053878404200077,0.1467573819682002,0.014662958681583405,0.2991184424608946,1.8526477366685867,0.0001,0.46015809327363966
2199,0.46226438507437706,0.14688155706971884,0.01457308977842331,0.30080973729491234,2.231306105852127,0.0001,0.4602012578397989
2200,0.45914511010050774,0.14676969684660435,0.014590717852115631,0.2977846898138523,2.266808196902275,0.0001,0.46031026169657707
2201,0.46389684826135635,0.1467904904857278,0.01458500325679779,0.30252135545015335,2.651824340224266,0.0001,0.4607518341392279
2202,0.4602654129266739,0.14674276392906904,0.014480993151664734,0.2990416530519724,2.394004851579666,0.0001,0.4608172593638301
2203,0.46126750111579895,0.14662319142371416,0.014521181583404541,0.3001231271773577,2.3233059644699097,0.0001,0.4608567116782069
2204,0.4583604484796524,0.1468313029035926,0.014494165778160095,0.2970349807292223,2.4634108021855354,0.0001,0.4604886114597321
2205,0.46029891073703766,0.14675024710595608,0.014544650912284851,0.2990040145814419,2.3071300387382507,0.0001,0.46055901404470206
2206,0.4536299630999565,0.1468500941991806,0.014293469488620758,0.29248639941215515,2.4754937440156937,0.0001,0.4599763289093971
2207,0.4605139922350645,0.14681283943355083,0.01428462564945221,0.2994165252894163,2.624585121870041,0.0001,0.4600181356072426
2208,0.4583777468651533,0.1467015640810132,0.014405272901058197,0.2972709108144045,2.569120928645134,0.0001,0.4598020318895578
2209,0.45893402956426144,0.14683944825083017,0.014418348670005798,0.29767623357474804,2.5572301000356674,0.0001,0.45946899633854626
2210,0.4585514608770609,0.14651111420243979,0.01448751986026764,0.2975528258830309,2.600148305296898,0.0001,0.4594096314162016
2211,0.4631690103560686,0.14659914560616016,0.014422982931137085,0.3021468725055456,2.4637294858694077,0.0001,0.45933684762567284
2212,0.4556489046663046,0.14666063338518143,0.014383383095264435,0.2946048956364393,2.337357759475708,0.0001,0.4588751967996359
2213,0.4569034930318594,0.14657794311642647,0.014457225799560547,0.2958683241158724,2.2304860800504684,0.0001,0.45843879599124193
2214,0.456407830119133,0.1464916542172432,0.01444515585899353,0.2954710181802511,1.9555709809064865,0.0001,0.45824353415519
2215,0.4610947575420141,0.14667983446270227,0.01453070342540741,0.29988421872258186,1.9343777298927307,0.0001,0.45832311883568766
2216,0.45964063331484795,0.1467639710754156,0.014480538666248322,0.298396123573184,2.2775059565901756,0.0001,0.45892418585717676
2217,0.4628576338291168,0.14657873380929232,0.014610081911087036,0.30166881904006004,2.276832714676857,0.0001,0.459158550016582
2218,0.46666373685002327,0.14656492415815592,0.014570653438568115,0.30552815459668636,2.0234536603093147,0.0001,0.459987149015069
2219,0.4582831785082817,0.14651336707174778,0.014725349843502045,0.2970444615930319,1.8846988454461098,0.0001,0.45992206390947105
2220,0.4595341123640537,0.14663362596184015,0.014359109103679657,0.2985413819551468,2.2006769329309464,0.0001,0.4600203290581703
2221,0.4595313463360071,0.1465968880802393,0.014503471553325653,0.29843098670244217,2.24148141592741,0.0001,0.45965656265616417
2222,0.46295056119561195,0.14670619927346706,0.014567725360393524,0.30167662911117077,2.5020029842853546,0.0001,0.4603867283090949
2223,0.46005283668637276,0.14632889349013567,0.014449462294578552,0.2992744743824005,2.316229000687599,0.0001,0.46070166267454626
2224,0.4599823784083128,0.14666571468114853,0.014368176460266113,0.29894848726689816,2.3054774552583694,0.0001,0.46105911750346423
2225,0.4640792813152075,0.1467542815953493,0.014510899782180786,0.30281410180032253,2.2429617196321487,0.0001,0.4613575698807836
2226,0.4586618021130562,0.14660914428532124,0.014455676078796387,0.2975969836115837,2.1817340180277824,0.0001,0.46125968676060436
2227,0.458551749587059,0.14668671414256096,0.014419108629226685,0.29744592495262623,1.992051675915718,0.0001,0.4608290983363986
2228,0.4659321457147598,0.14676345232874155,0.014426454901695251,0.3047422394156456,2.3321431055665016,0.0001,0.4607559392228723
2229,0.46259890496730804,0.1467330688610673,0.014403939247131348,0.30146189220249653,2.762920953333378,0.0001,0.4611875118687749
2230,0.45986461639404297,0.1465188805013895,0.01451285183429718,0.29883288219571114,2.620133526623249,0.0001,0.4612205622717738
2231,0.456503726541996,0.14652587287127972,0.01454908400774002,0.29542876966297626,2.551728166639805,0.0001,0.4609178002923727
2232,0.4643325824290514,0.1466322224587202,0.01457088440656662,0.30312947928905487,2.3889627531170845,0.0001,0.46105600241571665
2233,0.4584822654724121,0.14659760799258947,0.01447451114654541,0.2974101472645998,2.3485420048236847,0.0001,0.46089894529432057
2234,0.45507295057177544,0.14646652527153492,0.014418065547943115,0.29418835788965225,1.9190258160233498,0.0001,0.4604080025106668
2235,0.4573396258056164,0.14630594942718744,0.014495983719825745,0.29653769731521606,1.9507428780198097,0.0001,0.4597340369597077
2236,0.46009208634495735,0.14670087583363056,0.014710575342178345,0.2986806333065033,2.2464428395032883,0.0001,0.45987706538289785
2237,0.45943107455968857,0.1465878915041685,0.014506898820400238,0.29833628609776497,2.5649572536349297,0.0001,0.4599649978801608
2238,0.4608424250036478,0.14660783298313618,0.014536716043949127,0.2996978797018528,2.6607628539204597,0.0001,0.4594560258090496
2239,0.4587270151823759,0.14675539080053568,0.014505244791507721,0.2974663805216551,2.5364142656326294,0.0001,0.4590688368305564
2240,0.4572107680141926,0.14664899464696646,0.014495372772216797,0.29606639966368675,2.205032631754875,0.0001,0.45880345199257133
2241,0.4628943242132664,0.14664107467979193,0.01453467458486557,0.3017185777425766,2.106757678091526,0.0001,0.4594425117596984
2242,0.45992202684283257,0.14684311766177416,0.01460043340921402,0.2984784711152315,2.6055789664387703,0.0001,0.4590014562010765
2243,0.45847930014133453,0.14665716234594584,0.01450907438993454,0.2973130624741316,2.8288662284612656,0.0001,0.45900115966796873
2244,0.45999980345368385,0.14661543164402246,0.014529332518577576,0.2988550439476967,2.5402639508247375,0.0001,0.4594938449561596
2245,0.45844304747879505,0.14652136620134115,0.01441086083650589,0.2975108213722706,2.651802644133568,0.0001,0.45960418712347745
2246,0.46101473085582256,0.14665319304913282,0.01439414918422699,0.2999673895537853,2.5963513180613518,0.0001,0.45969645157456396
2247,0.4572455454617739,0.14665627758949995,0.014356866478919983,0.2962323948740959,2.7073224633932114,0.0001,0.4594778986647725
2248,0.45648679696023464,0.14648306649178267,0.014476165175437927,0.2955275643616915,2.667652979493141,0.0001,0.4590423358604312
2249,0.459676306694746,0.14672826509922743,0.01458701491355896,0.2983610276132822,2.4985573440790176,0.0001,0.4591372650116682
2250,0.45826413109898567,0.14684836100786924,0.014449641108512878,0.2969661299139261,2.5683356672525406,0.0001,0.4592426013201475
2251,0.464415455237031,0.14657203759998083,0.014554843306541443,0.30328857339918613,2.3126802518963814,0.0001,0.459394714422524
2252,0.45936008356511593,0.14666479639708996,0.014502160251140594,0.2981931231915951,2.564646288752556,0.0001,0.4593385200947523
2253,0.4617428109049797,0.14645436592400074,0.014440871775150299,0.30084756948053837,2.328886978328228,0.0001,0.4596648711711168
2254,0.45502444729208946,0.14650888834148645,0.01450386643409729,0.29401169531047344,2.08572705835104,0.0001,0.45916733555495737
2255,0.4603600110858679,0.1465179268270731,0.014641351997852325,0.29920072853565216,1.9933842346072197,0.0001,0.4593590319156647
2256,0.4590366315096617,0.14651023782789707,0.014563649892807007,0.29796273447573185,2.0682296603918076,0.0001,0.4591612219810486
2257,0.4603612944483757,0.14653992652893066,0.014677584171295166,0.299143785610795,2.4786404594779015,0.0001,0.45947279687970877
2258,0.4578953720629215,0.14645079243928194,0.014734506607055664,0.29671007581055164,2.1729229390621185,0.0001,0.4596136543899775
2259,0.4583533201366663,0.1464927801862359,0.014665529131889343,0.2971950117498636,2.4331523030996323,0.0001,0.4594813557341695
2260,0.45932100899517536,0.14646772760897875,0.014595851302146912,0.298257427290082,2.3207750245928764,0.0001,0.45958704352378843
2261,0.4594153296202421,0.14649281278252602,0.014564648270606995,0.29835787042975426,2.5473817884922028,0.0001,0.45908703096210957
2262,0.45486035756766796,0.14651182759553194,0.014637120068073273,0.29371141269803047,2.413877546787262,0.0001,0.4586370583623648
2263,0.4617976825684309,0.14634611178189516,0.014704309403896332,0.3007472548633814,2.2737517803907394,0.0001,0.45864254552870987
2264,0.45843622274696827,0.14654793683439493,0.014454446732997894,0.297433840110898,2.3797131702303886,0.0001,0.45898372307419777
2265,0.45891821943223476,0.14662520959973335,0.014468230307102203,0.29782478511333466,2.0871298611164093,0.0001,0.45883954390883447
2266,0.4592894595116377,0.14659509249031544,0.014404870569705963,0.298289492726326,2.2453156262636185,0.0001,0.45886482670903206
2267,0.45730164274573326,0.14647235348820686,0.014552310109138489,0.2962769791483879,2.274554558098316,0.0001,0.4585588615387678
2268,0.4524151962250471,0.14663461688905954,0.014607883989810944,0.2911726962774992,2.3898088186979294,0.0001,0.4580108439549804
2269,0.45830437541007996,0.14652328193187714,0.01463097333908081,0.29715011827647686,2.336627297103405,0.0001,0.45800594948232176
2270,0.4558802545070648,0.1463556159287691,0.014614075422286987,0.29491056129336357,2.2915880382061005,0.0001,0.45766187403351066
2271,0.46012724936008453,0.1466581244021654,0.01453244686126709,0.29893667809665203,2.4942512065172195,0.0001,0.4577330660074949
2272,0.4562863539904356,0.1465366631746292,0.014453910291194916,0.2952957786619663,2.0570004507899284,0.0001,0.45787566564977167
2273,0.4597613699734211,0.14646387100219727,0.014371193945407867,0.29892630502581596,2.297399491071701,0.0001,0.4576720343902707
2274,0.45625279657542706,0.14662377070635557,0.014448955655097961,0.2951800711452961,2.5596994012594223,0.0001,0.45745369177311657
2275,0.45916555635631084,0.14660304225981236,0.014467380940914154,0.2980951312929392,2.5272506028413773,0.0001,0.4574784254655242
2276,0.45881104841828346,0.1463663913309574,0.014424160122871399,0.2980204951018095,1.894866369664669,0.0001,0.4574305843561888
2277,0.457108112052083,0.14646909944713116,0.014491230249404907,0.29614777863025665,2.137812100350857,0.0001,0.45741123128682376
2278,0.45920485258102417,0.1466354513540864,0.014556221663951874,0.29801318049430847,2.2882200554013252,0.0001,0.4580901969224215
2279,0.45771381445229053,0.14667364675551653,0.014463447034358978,0.2965767178684473,2.4384510219097137,0.0001,0.45803114082664254
2280,0.45784182474017143,0.14671770296990871,0.014436200261116028,0.29668791592121124,2.345231145620346,0.0001,0.4582272978499532
2281,0.45949471928179264,0.14663232397288084,0.014470785856246948,0.298391604796052,2.552461877465248,0.0001,0.458164044842124
2282,0.45559086091816425,0.1466482589021325,0.014364644885063171,0.29457795433700085,2.2747892662882805,0.0001,0.45809449553489684
2283,0.45951008424162865,0.1467004343867302,0.014449574053287506,0.2983600739389658,2.2354699596762657,0.0001,0.45806936696171763
2284,0.45744785107672215,0.14643161557614803,0.01442892849445343,0.2965872995555401,1.9918091297149658,0.0001,0.45818887241184714
2285,0.45874215476214886,0.14654228556901217,0.014501810073852539,0.2976980544626713,2.015043832361698,0.0001,0.4581465322524309
2286,0.4531812109053135,0.14642919786274433,0.01445818692445755,0.29229382798075676,1.9376628771424294,0.0001,0.4575835485011339
2287,0.45775336772203445,0.14632507134228945,0.0144147127866745,0.2970135807991028,2.0793225839734077,0.0001,0.4576480740681291
2288,0.4548026230186224,0.1466734018176794,0.014618568122386932,0.29351065307855606,2.3521650582551956,0.0001,0.4572078511118889
2289,0.4537871479988098,0.14658205397427082,0.014647893607616425,0.2925571948289871,2.1082029715180397,0.0001,0.4568151844665408
2290,0.4552828539162874,0.14632371999323368,0.01453310251235962,0.2944260351359844,2.195487216114998,0.0001,0.4565592873841524
2291,0.4589368458837271,0.14663517102599144,0.014439672231674194,0.29786200262606144,2.2066610157489777,0.0001,0.45650350004434587
2292,0.45810153149068356,0.1465839482843876,0.014648504555225372,0.2968690786510706,2.3279112577438354,0.0001,0.4567545671015978
2293,0.45714771933853626,0.1466096080839634,0.014426052570343018,0.296112060546875,2.032753996551037,0.0001,0.45651833061128855
2294,0.45866513438522816,0.14651661552488804,0.014411598443984985,0.2977369148284197,2.073920451104641,0.0001,0.45664005894213916
2295,0.4568949695676565,0.1465036515146494,0.014357693493366241,0.29603362269699574,2.1637261509895325,0.0001,0.4564553404226899
2296,0.45834689028561115,0.1463776109740138,0.01438998430967331,0.2975792996585369,2.1477322205901146,0.0001,0.45697190836071966
2297,0.4564181827008724,0.14653291087597609,0.014634862542152405,0.29525040835142136,2.797087647020817,0.0001,0.4568383898586035
2298,0.4544261395931244,0.14644181355834007,0.014653906226158142,0.2933304216712713,2.758612744510174,0.0001,0.45680074151605365
2299,0.45728160813450813,0.14646773971617222,0.014578960835933685,0.2962349057197571,2.6927303671836853,0.0001,0.4571501875296235
2300,0.46150051429867744,0.1464802697300911,0.014657579362392426,0.3003626689314842,2.492185264825821,0.0001,0.4577719535678625
2301,0.4574991278350353,0.14643570315092802,0.014581270515918732,0.29648215137422085,2.080381900072098,0.0001,0.45762818176299336
2302,0.45312788151204586,0.14645940251648426,0.014466166496276855,0.29220230877399445,1.9747045040130615,0.0001,0.45713081676512957
2303,0.45491317100822926,0.14653539564460516,0.014527909457683563,0.2938498631119728,2.1261978298425674,0.0001,0.45690736193209885
2304,0.4553423076868057,0.1465912675485015,0.014557793736457825,0.29419324547052383,2.243013672530651,0.0001,0.4565750792622566
2305,0.45724871940910816,0.14623682480305433,0.014417819678783417,0.29659407027065754,2.1886712312698364,0.0001,0.4566104542464018
2306,0.461020877584815,0.14656438771635294,0.014512032270431519,0.29994446225464344,2.2325646430253983,0.0001,0.45687785297632216
2307,0.4595559146255255,0.14660711865872145,0.014371737837791443,0.29857705719769,2.3502044156193733,0.0001,0.4571916261687875
2308,0.45773692801594734,0.1465014424175024,0.014178089797496796,0.29705739580094814,2.5579081773757935,0.0001,0.4575227050110698
2309,0.45659766159951687,0.14643731154501438,0.014322839677333832,0.2958375085145235,2.596787765622139,0.0001,0.45745431035757067
2310,0.45415435545146465,0.14647706039249897,0.014427579939365387,0.2932497151196003,2.588103339076042,0.0001,0.4567196944728494
2311,0.4561770632863045,0.1462890049442649,0.014442399144172668,0.2954456601291895,2.4154823943972588,0.0001,0.4565874880179763
2312,0.45998795703053474,0.1464042505249381,0.014531917870044708,0.29905178770422935,2.3167472556233406,0.0001,0.45727349556982516
2313,0.454892061650753,0.1464601717889309,0.014520406723022461,0.29391148313879967,2.2795737832784653,0.0001,0.45727138463407757
2314,0.45184073224663734,0.1464535817503929,0.014507509768009186,0.29087964445352554,2.2807944789528847,0.0001,0.4569212270900607
2315,0.4530576914548874,0.14629841223359108,0.01460198312997818,0.2921572979539633,1.9275146648287773,0.0001,0.45650212429463866
2316,0.4572053886950016,0.14658517856150866,0.014607280492782593,0.2960129287093878,1.9620633721351624,0.0001,0.4561205754056573
2317,0.4551585875451565,0.1464773714542389,0.014693409204483032,0.2939878087490797,2.470400795340538,0.0001,0.4556808426976204
2318,0.45393848419189453,0.14631169755011797,0.01452474296092987,0.2931020427495241,2.1881047785282135,0.0001,0.4553009983152151
2319,0.4573811311274767,0.1466481601819396,0.014539413154125214,0.29619356244802475,2.38544137775898,0.0001,0.4553793452680111
2320,0.457651250064373,0.1464467467740178,0.01462988555431366,0.2965746149420738,2.125225730240345,0.0001,0.45572903472930193
2321,0.4578951708972454,0.14651986584067345,0.014650806784629822,0.29672449827194214,2.1264915764331818,0.0001,0.455900845490396
2322,0.4587276354432106,0.1463932255282998,0.014531277120113373,0.2978031225502491,1.9906667470932007,0.0001,0.4557748133316636
2323,0.4528503529727459,0.14634266681969166,0.01462932676076889,0.2918783612549305,2.0299087464809418,0.0001,0.4555706424638629
2324,0.4551867600530386,0.1461802739650011,0.014705859124660492,0.29430062882602215,1.9177360832691193,0.0001,0.45590524524450304
2325,0.45109435729682446,0.1465837461873889,0.014674782752990723,0.28983582369983196,2.0051402524113655,0.0001,0.4557089118286967
2326,0.45780215226113796,0.1463217120617628,0.014748923480510712,0.2967315148562193,1.9900103658437729,0.0001,0.45576858818531035
2327,0.45196887478232384,0.14642400946468115,0.014547362923622131,0.290997501462698,2.354640357196331,0.0001,0.4554496169090271
2328,0.45589730329811573,0.14637111593037844,0.01460757851600647,0.2949186135083437,2.518900230526924,0.0001,0.4556454988196492
2329,0.45617208629846573,0.1466576736420393,0.014453023672103882,0.29506138898432255,2.5801903307437897,0.0001,0.45552459433674813
2330,0.4569978751242161,0.14625792298465967,0.014649420976638794,0.29609053395688534,2.116370715200901,0.0001,0.4554592568427324
2331,0.45407052896916866,0.1465152520686388,0.014708980917930603,0.2928463015705347,2.3932389318943024,0.0001,0.45507679264992473
2332,0.45857984758913517,0.14656964223831892,0.014640606939792633,0.2973695956170559,2.4167042076587677,0.0001,0.4550620138645172
2333,0.4528526309877634,0.14655283745378256,0.014525376260280609,0.29177441261708736,2.4031901136040688,0.0001,0.45506224166601894
2334,0.46046445704996586,0.14635086245834827,0.014526911079883575,0.2995866872370243,2.4057573303580284,0.0001,0.4555900113657117
2335,0.45667247846722603,0.14622043631970882,0.014492407441139221,0.29595963284373283,2.5362475216388702,0.0001,0.45614782348275185
2336,0.4555256962776184,0.14641989301890135,0.014527939260005951,0.29457786679267883,2.603711098432541,0.0001,0.45592017788439987
2337,0.4487213157117367,0.1463179923593998,0.014485940337181091,0.2879173867404461,2.281300164759159,0.0001,0.45559542197734115
2338,0.46122369170188904,0.14630307722836733,0.014449410140514374,0.30047119967639446,2.1936946660280228,0.0001,0.4561280608177185
2339,0.45342223532497883,0.14644182473421097,0.014515146613121033,0.2924652677029371,2.442547358572483,0.0001,0.4558530757203698
2340,0.45835572108626366,0.1463657207787037,0.014437466859817505,0.2975525315850973,2.4114814326167107,0.0001,0.4559888603165746
2341,0.45354400761425495,0.14656361751258373,0.014435634016990662,0.29254475608468056,2.431018218398094,0.0001,0.4559362081810832
2342,0.4591479804366827,0.14647911302745342,0.01460258662700653,0.29806627705693245,2.372363895177841,0.0001,0.455993021465838
2343,0.45046689733862877,0.14619728550314903,0.014540672302246094,0.28972893580794334,2.2629411593079567,0.0001,0.45575444810092447
2344,0.45457813888788223,0.14633512776345015,0.01463145762681961,0.2936115562915802,2.313873752951622,0.0001,0.45516581628471614
2345,0.4587555546313524,0.14636250026524067,0.014426685869693756,0.297966368496418,2.611085519194603,0.0001,0.45537412390112875
2346,0.4566937442868948,0.1465103840455413,0.014631062746047974,0.29555229656398296,2.5973324179649353,0.0001,0.45549092870205643
2347,0.4536824859678745,0.1462869243696332,0.014517493546009064,0.2928780708462,2.4007886201143265,0.0001,0.4559870457276702
2348,0.45604705438017845,0.14628781285136938,0.014546044170856476,0.29521319456398487,2.6039270907640457,0.0001,0.45546938199549913
2349,0.4572267234325409,0.14628940727561712,0.014388971030712128,0.2965483460575342,1.9850737750530243,0.0001,0.45584983080625535
2350,0.452874343842268,0.14618412218987942,0.014595858752727509,0.29209436289966106,1.9613901525735855,0.0001,0.45530169308185575
2351,0.45231699757277966,0.1462808921933174,0.014549292623996735,0.29148681089282036,2.357509657740593,0.0001,0.45517899207770823
2352,0.4543605875223875,0.14633573219180107,0.01457909494638443,0.2934457641094923,2.082947626709938,0.0001,0.45470025278627874
2353,0.45449565537273884,0.14640897419303656,0.014664076268672943,0.2934226058423519,2.5477478727698326,0.0001,0.4551031285896897
2354,0.45675851218402386,0.14620237611234188,0.014568246901035309,0.2959878947585821,2.820823609828949,0.0001,0.4553211659193039
2355,0.452977666631341,0.14625445567071438,0.014422178268432617,0.292301032692194,2.611205294728279,0.0001,0.45474337711930274
2356,0.4523099325597286,0.14627042412757874,0.014479629695415497,0.2915598787367344,2.134471133351326,0.0001,0.45430499594658613
2357,0.45019575394690037,0.14651853777468204,0.014610819518566132,0.2890663966536522,2.51224734634161,0.0001,0.4539563227444887
2358,0.45565633848309517,0.14635244384407997,0.014652371406555176,0.29465152323246,2.6324429363012314,0.0001,0.4539172511547804
2359,0.4513692054897547,0.1464312057942152,0.014495991170406342,0.290442006662488,2.3191711083054543,0.0001,0.45333149936050177
2360,0.45708813332021236,0.1463492689654231,0.014606297016143799,0.29613256454467773,2.3311936631798744,0.0001,0.4537528783082962
2361,0.45040060579776764,0.14630213286727667,0.014433011412620544,0.289665462449193,2.115518733859062,0.0001,0.453561239130795
2362,0.45281020924448967,0.14669904578477144,0.014696016907691956,0.291415149345994,2.226164534687996,0.0001,0.45340620130300524
2363,0.45235322043299675,0.1464222725480795,0.014688856899738312,0.29124209098517895,1.9892560243606567,0.0001,0.453191957809031
2364,0.4547879360616207,0.1463726218789816,0.014562182128429413,0.2938531320542097,2.10357566177845,0.0001,0.4529949001967907
2365,0.45701421797275543,0.14633950218558311,0.01447334885597229,0.29620136320590973,2.2282362058758736,0.0001,0.45339855533093215
2366,0.4552308488637209,0.14613179583102465,0.014521054923534393,0.294577993452549,1.8965604901313782,0.0001,0.4536906469613314
2367,0.45586930215358734,0.14643639139831066,0.014537058770656586,0.29489585012197495,2.244934782385826,0.0001,0.45425800178200004
2368,0.4503398258239031,0.14627060573548079,0.014522790908813477,0.2895464301109314,2.057122267782688,0.0001,0.45372635051608085
2369,0.4561332240700722,0.14613912254571915,0.014611296355724335,0.2953828014433384,1.8168494775891304,0.0001,0.4542027523741126
2370,0.451639536768198,0.1464413572102785,0.014383815228939056,0.29081436432898045,2.218920022249222,0.0001,0.45365789271891116
2371,0.4595688544213772,0.14656222891062498,0.01452162116765976,0.29848500341176987,2.830533839762211,0.0001,0.4545747175812721
2372,0.4516841471195221,0.1462470842525363,0.014700822532176971,0.29073624312877655,2.4477119892835617,0.0001,0.45446211136877535
2373,0.45378287322819233,0.14625121746212244,0.014588326215744019,0.2929433323442936,2.5338478684425354,0.0001,0.4546050766482949
2374,0.4521249495446682,0.1463110027834773,0.014487966895103455,0.29132597893476486,2.620449796319008,0.0001,0.45433877799659966
2375,0.45219316706061363,0.14633946679532528,0.014573998749256134,0.2912797015160322,2.4956745356321335,0.0001,0.4538566729053855
2376,0.45337849482893944,0.14632118307054043,0.01451004296541214,0.29254726879298687,1.8953756988048553,0.0001,0.45367143750190736
2377,0.45497947186231613,0.146343476139009,0.014791399240493774,0.29384459741413593,2.2700314447283745,0.0001,0.4535824544727802
2378,0.4557683449238539,0.14642682950943708,0.014536656439304352,0.2948048561811447,2.3607689067721367,0.0001,0.4541253063827753
2379,0.4512203745543957,0.14624211471527815,0.014540784060955048,0.29043747670948505,2.187777169048786,0.0001,0.4536340214312077
2380,0.45170594193041325,0.14636748284101486,0.014525488018989563,0.2908129673451185,2.035537973046303,0.0001,0.4536406619474292
2381,0.45656275749206543,0.14626277051866055,0.014494433999061584,0.29580555111169815,2.1130800023674965,0.0001,0.453340052254498
2382,0.4568679090589285,0.14641278237104416,0.01440158486366272,0.2960535380989313,2.03323595225811,0.0001,0.45385842844843866
2383,0.4529126361012459,0.1461727935820818,0.014501675963401794,0.29223816469311714,2.0378368124365807,0.0001,0.453771404735744
2384,0.44829494692385197,0.14651490096002817,0.014538243412971497,0.28724180534482,2.5728990957140923,0.0001,0.45338840447366235
2385,0.45468661189079285,0.1463144961744547,0.014584943652153015,0.2937871739268303,2.710597276687622,0.0001,0.4536377489566803
2386,0.45103520154953003,0.14624110329896212,0.01445181667804718,0.29034226946532726,2.776429146528244,0.0001,0.45340341962873937
2387,0.45371606200933456,0.14624044112861156,0.014482967555522919,0.2929926570504904,2.1973816230893135,0.0001,0.4532770786434412
2388,0.4565711133182049,0.14622875023633242,0.014492183923721313,0.2958501800894737,1.914053276181221,0.0001,0.4533573554828763
2389,0.45149098709225655,0.14602375496178865,0.014594703912734985,0.29087252728641033,2.020897798240185,0.0001,0.4533844167366624
2390,0.45401920191943645,0.1461971066892147,0.014665469527244568,0.29315662756562233,2.0963019877672195,0.0001,0.4536157427355647
2391,0.4505879934877157,0.14626893121749163,0.014493070542812347,0.289825988933444,2.3231361359357834,0.0001,0.45301826633512976
2392,0.45872739143669605,0.14659947250038385,0.014384731650352478,0.2977431919425726,2.5640446916222572,0.0001,0.4532042145729065
2393,0.4524193238466978,0.1464454224333167,0.014487706124782562,0.29148619808256626,2.7812976837158203,0.0001,0.4531548833474517
2394,0.4502743948251009,0.14616735558956861,0.014531157910823822,0.2895758766680956,2.51840977370739,0.0001,0.4533528281375766
2395,0.4564492143690586,0.1462365761399269,0.014399021863937378,0.29581361822783947,2.1452751532197,0.0001,0.4535290883854032
2396,0.4521592538803816,0.14653725922107697,0.01448359340429306,0.2911384031176567,2.825486220419407,0.0001,0.4536414936184883
2397,0.45755200646817684,0.14628920797258615,0.014492213726043701,0.2967705875635147,2.8176001757383347,0.0001,0.45402508806437253
2398,0.4541996195912361,0.14606807194650173,0.014457136392593384,0.29367441311478615,2.6509519517421722,0.0001,0.45378793869167566
2399,0.4536850545555353,0.14623248018324375,0.014454320073127747,0.2929982580244541,2.5948090627789497,0.0001,0.45400734543800353
2400,0.4490258414298296,0.14639134146273136,0.014518752694129944,0.28811574913561344,2.6939153522253036,0.0001,0.45350800938904284
2401,0.4536457285284996,0.14624112658202648,0.014431267976760864,0.29297333396971226,2.5504030585289,0.0001,0.45381378289312124
2402,0.4555893335491419,0.14626752026379108,0.014396198093891144,0.2949256133288145,2.6253513991832733,0.0001,0.45349997710436585
2403,0.45045305229723454,0.1463930457830429,0.014337681233882904,0.2897223234176636,2.6070935279130936,0.0001,0.4533033499494195
2404,0.4536372572183609,0.1463915491476655,0.01445508748292923,0.2927906159311533,2.598480448126793,0.0001,0.4536396361887455
2405,0.4502439796924591,0.14604775793850422,0.014482401311397552,0.2897138185799122,2.1767150312662125,0.0001,0.4530191127210855
2406,0.4544326886534691,0.1461641825735569,0.01448781043291092,0.2937806975096464,2.17596498131752,0.0001,0.4532464561983943
2407,0.455038346350193,0.1462468011304736,0.014538146555423737,0.29425339959561825,2.1065741777420044,0.0001,0.4529950901865959
2408,0.4578201100230217,0.14622834417968988,0.014537803828716278,0.2970539629459381,2.1941001042723656,0.0001,0.4533571392297745
2409,0.4569149184972048,0.14665657002478838,0.014425508677959442,0.29583283700048923,2.1777009442448616,0.0001,0.45368012562394144
2410,0.45057088136672974,0.14626541640609503,0.014571316540241241,0.28973414935171604,1.7300009727478027,0.0001,0.45383462961763144
2411,0.45301053300499916,0.14618421718478203,0.01448783278465271,0.2923384830355644,1.8880150094628334,0.0001,0.45377111006528137
2412,0.4516896978020668,0.14599202945828438,0.014569096267223358,0.2911285664886236,2.0900769084692,0.0001,0.45338114649057387
2413,0.4508324656635523,0.1462591988965869,0.014525987207889557,0.2900472804903984,2.3624812811613083,0.0001,0.45341908782720564
2414,0.44982526637613773,0.14610957074910402,0.014482520520687103,0.2892331723123789,2.2333095371723175,0.0001,0.45303788874298334
2415,0.448165001347661,0.14605647698044777,0.014350205659866333,0.28775832056999207,2.2868453562259674,0.0001,0.4528299909085035
2416,0.4533676728606224,0.14631920121610165,0.014517739415168762,0.292530732229352,2.1090314239263535,0.0001,0.45272348932921885
2417,0.45101647451519966,0.14611639361828566,0.014525100588798523,0.29037498123943806,2.1431844606995583,0.0001,0.45232130214571953
2418,0.45453811436891556,0.14627251215279102,0.014778241515159607,0.2934873625636101,2.086562789976597,0.0001,0.4519931025803089
2419,0.4564839657396078,0.14607549738138914,0.014708489179611206,0.29569998383522034,1.9888286516070366,0.0001,0.4519500073045492
2420,0.45444273576140404,0.14601567760109901,0.014457255601882935,0.2939698025584221,1.97213863581419,0.0001,0.4523371927440166
2421,0.4509085286408663,0.1461978079751134,0.014424405992031097,0.29028631187975407,1.998275749385357,0.0001,0.45212699230760334
2422,0.4444619007408619,0.14630427118390799,0.0145721435546875,0.28358548879623413,2.4024343490600586,0.0001,0.4514042126014829
2423,0.45590896159410477,0.1462898664176464,0.014586947858333588,0.29503215104341507,2.384414106607437,0.0001,0.4519118621945381
2424,0.4513292908668518,0.14635554794222116,0.01463644951581955,0.29033729061484337,2.3422945141792297,0.0001,0.45206226464360955
2425,0.4512086473405361,0.14627703465521336,0.014587700366973877,0.2903439085930586,2.2449286580085754,0.0001,0.45236662924289706
2426,0.45171873457729816,0.1460375338792801,0.014532513916492462,0.29114868491888046,1.9754409790039062,0.0001,0.4522017354145646
2427,0.4507151860743761,0.14614006597548723,0.014741994440555573,0.2898331247270107,2.2326347529888153,0.0001,0.4521716065704823
2428,0.45335940085351467,0.14633514359593391,0.014562994241714478,0.292461259290576,2.289811499416828,0.0001,0.45205373521894215
2429,0.45448235608637333,0.14621455781161785,0.014572449028491974,0.29369535483419895,2.5069279819726944,0.0001,0.4518535742536187
2430,0.4475607145577669,0.1463639261201024,0.014630556106567383,0.28656623139977455,2.375400885939598,0.0001,0.451165372133255
2431,0.45379475876688957,0.1462727915495634,0.014546208083629608,0.29297576285898685,2.3824126943945885,0.0001,0.4514539951458573
2432,0.45184603706002235,0.1462447214871645,0.014492273330688477,0.29110904037952423,2.424086570739746,0.0001,0.4521924087777734
2433,0.4498567767441273,0.14629010669887066,0.014493606984615326,0.28907306492328644,2.2751666754484177,0.0001,0.4515871902927756
2434,0.44790657982230186,0.146149474196136,0.014562152326107025,0.2871949579566717,2.075561963021755,0.0001,0.45124491918832066
2435,0.45390244759619236,0.14641048572957516,0.014710888266563416,0.2927810661494732,2.526069328188896,0.0001,0.45151429921388625
2436,0.4546286351978779,0.1460557859390974,0.0147104412317276,0.2938624117523432,2.46832837164402,0.0001,0.4518052892759442
2437,0.45352375879883766,0.14603549800813198,0.014622241258621216,0.2928660176694393,1.967675544321537,0.0001,0.4520861465483904
2438,0.45319576747715473,0.14633784256875515,0.014871366322040558,0.2919865604490042,1.8961232751607895,0.0001,0.4520697832107544
2439,0.4533476624637842,0.146149686537683,0.014498144388198853,0.29269983246922493,2.5527249425649643,0.0001,0.4519563138484955
2440,0.45064979419112206,0.1463106907904148,0.014450527727603912,0.28988856822252274,2.396167054772377,0.0001,0.452265221811831
2441,0.45091593638062477,0.14637887850403786,0.014611050486564636,0.2899260073900223,2.602399840950966,0.0001,0.4519773395732045
2442,0.45197003334760666,0.14618751592934132,0.01472734659910202,0.2910551689565182,2.44333565980196,0.0001,0.45198973920196295
2443,0.4509575068950653,0.14605560712516308,0.01460123062133789,0.2903006710112095,2.220378763973713,0.0001,0.45209981221705675
2444,0.45063343085348606,0.14601387362927198,0.01458817720413208,0.29003138095140457,2.096202462911606,0.0001,0.45237249732017515
2445,0.45304951816797256,0.14614513237029314,0.014588721096515656,0.29231566563248634,1.9302322790026665,0.0001,0.4522872043773532
2446,0.4525951184332371,0.146257515065372,0.014491260051727295,0.29184634052217007,2.149752326309681,0.0001,0.45208385270088913
2447,0.45107389613986015,0.1461636433377862,0.01468263566493988,0.29022761434316635,2.4012663438916206,0.0001,0.4518388664349914
2448,0.45265817642211914,0.146291415207088,0.01451263576745987,0.29185413010418415,2.8625501468777657,0.0001,0.4517851073294878
2449,0.4510088264942169,0.1462371302768588,0.014653973281383514,0.2901177182793617,2.885894298553467,0.0001,0.4515512237325311
2450,0.4551486633718014,0.14621691592037678,0.014473162591457367,0.29445858485996723,2.796282783150673,0.0001,0.452001110650599
2451,0.4533070921897888,0.14623220451176167,0.014603443443775177,0.2924714498221874,2.693146139383316,0.0001,0.4522402262315154
2452,0.448003264144063,0.14606841560453176,0.014526300132274628,0.28740854747593403,2.5151966959238052,0.0001,0.45184354931116105
2453,0.4518731851130724,0.14621129166334867,0.014567159116268158,0.291094733402133,2.637130469083786,0.0001,0.45193511713296175
2454,0.4488514456897974,0.14626073092222214,0.014419801533222198,0.28817091323435307,2.6397949308156967,0.0001,0.4517569186165929
2455,0.4478353802114725,0.14614055026322603,0.014681190252304077,0.2870136443525553,2.5364376604557037,0.0001,0.4512355048209429
2456,0.44974870793521404,0.14610572159290314,0.014643065631389618,0.28899992629885674,2.4776582419872284,0.0001,0.4509508637711406
2457,0.4480098783969879,0.14623921923339367,0.014567382633686066,0.28720327466726303,2.5640678480267525,0.0001,0.4506444619968534
2458,0.4585740491747856,0.1462961956858635,0.014752320945262909,0.2975255325436592,2.6315475180745125,0.0001,0.45123604927212
2459,0.44983335584402084,0.14605320617556572,0.014598473906517029,0.28918167389929295,2.576540857553482,0.0001,0.45111850220710037
2460,0.4539634343236685,0.1461667027324438,0.014499470591545105,0.2932972591370344,2.55959315598011,0.0001,0.4509999793022871
2461,0.4498353339731693,0.1461637755855918,0.01462438702583313,0.2890471685677767,2.6302341669797897,0.0001,0.45065280348062514
2462,0.45387545973062515,0.14615699835121632,0.014668382704257965,0.2930500768125057,2.839858427643776,0.0001,0.45124002303928135
2463,0.4476271364837885,0.14623551070690155,0.014608137309551239,0.2867834847420454,2.767972871661186,0.0001,0.45081541817635296
2464,0.4474310018122196,0.146104509010911,0.014273881912231445,0.2870526108890772,2.5777134373784065,0.0001,0.4506733737885952
2465,0.44978910125792027,0.1462778076529503,0.014421164989471436,0.28909012861549854,2.4623385816812515,0.0001,0.45086874589324
2466,0.4532709252089262,0.1462012678384781,0.014571204781532288,0.2924984488636255,2.105306811630726,0.0001,0.4512209676206112
2467,0.4513424877077341,0.146114744246006,0.014499947428703308,0.29072779417037964,2.3124623894691467,0.0001,0.4515542285516858
2468,0.4539658725261688,0.14640267100185156,0.014387637376785278,0.2931755669414997,2.5890315026044846,0.0001,0.45109341088682414
2469,0.45411622151732445,0.14627071470022202,0.014552436769008636,0.29329306818544865,2.7066594511270523,0.0001,0.4515216974541545
2470,0.4513172432780266,0.1462343828752637,0.01461482048034668,0.2904680408537388,2.7796314507722855,0.0001,0.4512570783495903
2471,0.45413696952164173,0.14612356014549732,0.01453060656785965,0.2934828009456396,2.6205181628465652,0.0001,0.45168724190443754
2472,0.45167643763124943,0.14610340259969234,0.014506936073303223,0.2910660970956087,2.394077390432358,0.0001,0.4514673396945
2473,0.44368305057287216,0.14611306227743626,0.014599114656448364,0.28297087736427784,2.0893774554133415,0.0001,0.45107293110340835
2474,0.4497077539563179,0.14593497198075056,0.014680236577987671,0.28909254632890224,2.35376338660717,0.0001,0.45130060631781815
2475,0.45038657262921333,0.146359546110034,0.014535568654537201,0.28949146531522274,2.638833150267601,0.0001,0.45136035345494746
2476,0.44968852400779724,0.14624558947980404,0.014631330966949463,0.28881160356104374,2.7709696143865585,0.0001,0.4510021133348346
2477,0.44997888058423996,0.14604851510375738,0.014535889029502869,0.28939447551965714,2.836370423436165,0.0001,0.4508657526224852
2478,0.45010781660676,0.14604103658348322,0.014510735869407654,0.2895560432225466,2.610147163271904,0.0001,0.4504799470305443
2479,0.45048603788018227,0.14625752810388803,0.014526620507240295,0.28970189206302166,2.6754847317934036,0.0001,0.45011692866683006
2480,0.45285866782069206,0.14605144783854485,0.01461079716682434,0.2921964228153229,2.641451895236969,0.0001,0.4502710711210966
2481,0.45558694936335087,0.14612989872694016,0.014553084969520569,0.29490396566689014,2.6329506561160088,0.0001,0.45041606910526755
2482,0.44972456619143486,0.14625422656536102,0.014649204909801483,0.28882113471627235,2.4902971535921097,0.0001,0.45022088196128607
2483,0.45056659169495106,0.1460699588060379,0.01451798528432846,0.28997864946722984,2.3940386697649956,0.0001,0.450909236073494
2484,0.4518903438001871,0.1460257414728403,0.014596305787563324,0.2912682965397835,2.394313581287861,0.0001,0.45112749505788086
2485,0.4499105140566826,0.14597612526267767,0.014667190611362457,0.28926720283925533,2.3286365643143654,0.0001,0.4510798892006278
2486,0.45167764835059643,0.14606759417802095,0.014457859098911285,0.29115219227969646,2.292548656463623,0.0001,0.45127880163490774
2487,0.4507790319621563,0.146085562184453,0.014490373432636261,0.290203096345067,2.2400197833776474,0.0001,0.45135881677269934
2488,0.45019720681011677,0.14590552356094122,0.014493688941001892,0.28979799151420593,1.9695610851049423,0.0001,0.451367755793035
2489,0.4483370706439018,0.14616600424051285,0.014552004635334015,0.2876190599054098,1.8668168261647224,0.0001,0.451152859069407
2490,0.45334514044225216,0.14650514349341393,0.014624491333961487,0.29221550561487675,2.4032581374049187,0.0001,0.451201506331563
2491,0.44952464289963245,0.14623513910919428,0.014665603637695312,0.28862390480935574,2.136744625866413,0.0001,0.45059527568519114
2492,0.45315643586218357,0.14630633685737848,0.014674916863441467,0.29217518121004105,2.3641503155231476,0.0001,0.450938462652266
2493,0.4443153813481331,0.14600149914622307,0.014506116509437561,0.2838077675551176,2.406303748488426,0.0001,0.45031334161758424
2494,0.4487144686281681,0.1460830783471465,0.01449170708656311,0.2881396822631359,2.2968663722276688,0.0001,0.44999575410038234
2495,0.44826748967170715,0.14603011962026358,0.01464700698852539,0.28759036399424076,1.944148875772953,0.0001,0.44983145166188476
2496,0.4516107998788357,0.14614152908325195,0.014491841197013855,0.29097742959856987,2.3837084472179413,0.0001,0.44982476681470873
2497,0.4496346805244684,0.14614330045878887,0.014490753412246704,0.289000628516078,2.710395336151123,0.0001,0.44971033167093993
2498,0.4472949355840683,0.14616438280791044,0.014534801244735718,0.2865957524627447,2.4833000749349594,0.0001,0.4494201045483351
2499,0.4499296322464943,0.14601225778460503,0.014672413468360901,0.28924496099352837,2.6123036071658134,0.0001,0.44957936070859433
2500,0.45031992346048355,0.14607942942529917,0.014574401080608368,0.2896660938858986,2.6226244419813156,0.0001,0.4492768390104175
2501,0.4498466346412897,0.1461469242349267,0.014455944299697876,0.28924376890063286,2.701364368200302,0.0001,0.4493090381845832
2502,0.4500272925943136,0.14614231046289206,0.01440969854593277,0.28947528451681137,2.791893094778061,0.0001,0.4489961238577962
2503,0.44955323822796345,0.14602972567081451,0.014615267515182495,0.28890824131667614,2.697995036840439,0.0001,0.44951990954577925
2504,0.44618268869817257,0.14606434013694525,0.014480441808700562,0.2856379058212042,2.8353542536497116,0.0001,0.4492667315527797
2505,0.4484322927892208,0.14620480686426163,0.014573909342288971,0.2876535765826702,2.7852672040462494,0.0001,0.449283211864531
2506,0.45174962282180786,0.146185084246099,0.014625728130340576,0.2909388169646263,2.6163304671645164,0.0001,0.44929709415882824
2507,0.44860407896339893,0.14611678943037987,0.014474555850028992,0.2880127374082804,2.5805812776088715,0.0001,0.4491940340027213
2508,0.4541182406246662,0.14583272859454155,0.014685995876789093,0.2935995142906904,2.4291724041104317,0.0001,0.4498763645067811
2509,0.4482047650963068,0.1461259387433529,0.014553137123584747,0.28752568922936916,2.5701057612895966,0.0001,0.44970387779176235
2510,0.4513982366770506,0.14611092116683722,0.014499805867671967,0.290787510573864,2.2665067240595818,0.0001,0.44981170911341906
2511,0.4489781837910414,0.14608453307300806,0.014605462551116943,0.2882881909608841,2.7595144361257553,0.0001,0.44972486402839423
2512,0.4477985966950655,0.14603644236922264,0.014523543417453766,0.28723861649632454,2.0933906957507133,0.0001,0.4495019944384694
2513,0.44791838712990284,0.14601322170346975,0.014463678002357483,0.2874414846301079,2.123997114598751,0.0001,0.44933850932866337
2514,0.44728855416178703,0.14613643754273653,0.014470264315605164,0.2866818569600582,2.534388042986393,0.0001,0.4494490958750248
2515,0.4465651772916317,0.14619974046945572,0.01443435251712799,0.2859310805797577,2.658390060067177,0.0001,0.4492623843252659
2516,0.44686597026884556,0.14600367099046707,0.014635726809501648,0.28622656874358654,2.6147933900356293,0.0001,0.44877401906996967
2517,0.4524474386125803,0.14631943963468075,0.01454191654920578,0.29158608615398407,2.3884461894631386,0.0001,0.44915835503488777
2518,0.44946371018886566,0.14629044011235237,0.014534570276737213,0.2886387016624212,2.4063495695590973,0.0001,0.44869290199130774
2519,0.45074543356895447,0.14624897670000792,0.014496386051177979,0.2900000736117363,2.3955125138163567,0.0001,0.4489469688385725
2520,0.45266639068722725,0.14614596217870712,0.014513000845909119,0.29200742952525616,2.583751305937767,0.0001,0.44907378423959016
2521,0.44913095980882645,0.1460568867623806,0.01460660994052887,0.2884674612432718,2.24576648324728,0.0001,0.44908906184136865
2522,0.4497025590389967,0.14605126343667507,0.014637768268585205,0.2890135273337364,2.2562887370586395,0.0001,0.4492794580757618
2523,0.4489035941660404,0.14616970904171467,0.014509961009025574,0.2882239297032356,2.4577481523156166,0.0001,0.4493779787793756
2524,0.4495616015046835,0.14618280436843634,0.014614894986152649,0.2887638993561268,2.5710549652576447,0.0001,0.4496052835136652
2525,0.45201864279806614,0.1462667528539896,0.0146937295794487,0.29105816408991814,2.4732878133654594,0.0001,0.45015063006430867
2526,0.45026155933737755,0.1459833299741149,0.014592602849006653,0.2896856237202883,2.596048951148987,0.0001,0.45049018897116183
2527,0.4479673858731985,0.1461896263062954,0.014611251652240753,0.28716650791466236,2.629727452993393,0.0001,0.45004218369722365
2528,0.45192474126815796,0.1461023772135377,0.014626972377300262,0.2911953926086426,2.393704429268837,0.0001,0.45028828680515287
2529,0.45027363486588,0.14597906172275543,0.014573924243450165,0.2897206526249647,2.4200670793652534,0.0001,0.4502411069348454
2530,0.44878763891756535,0.14602071698755026,0.01444060355424881,0.288326321169734,2.3652922362089157,0.0001,0.4498532317578793
2531,0.44484406895935535,0.145915106870234,0.014678798615932465,0.2842501662671566,2.390939697623253,0.0001,0.44942454267293214
2532,0.4481876976788044,0.14588999934494495,0.014631770551204681,0.2876659296452999,2.1348632276058197,0.0001,0.4492730565369129
2533,0.44573818147182465,0.1460836986079812,0.014601059257984161,0.285053426399827,2.484570436179638,0.0001,0.44895651526749136
2534,0.4477279093116522,0.14617408998310566,0.014805465936660767,0.28674835339188576,2.4225611686706543,0.0001,0.4487731460481882
2535,0.44837903417646885,0.14598381519317627,0.01478913426399231,0.2876060791313648,2.3533966466784477,0.0001,0.44840918518602846
2536,0.452478663995862,0.14614242035895586,0.014599740505218506,0.29173650220036507,2.3578716814517975,0.0001,0.4486308956518769
2537,0.44740826077759266,0.14578412752598524,0.014752320945262909,0.2868718095123768,2.4028744623064995,0.0001,0.44857498314231636
2538,0.4468692820519209,0.14590572658926249,0.014597125351428986,0.28636643290519714,2.117920532822609,0.0001,0.44806943722069265
2539,0.447022994980216,0.14608293771743774,0.01469818502664566,0.2862418703734875,2.502092719078064,0.0001,0.44774437323212624
2540,0.4502009954303503,0.14611941296607256,0.014508411288261414,0.2895731683820486,2.617848038673401,0.0001,0.44788570888340473
2541,0.4477467853575945,0.14596304669976234,0.014688678085803986,0.287095058709383,2.626963511109352,0.0001,0.44817598052322866
2542,0.4447668083012104,0.14604157581925392,0.01447470486164093,0.28425052762031555,2.7959035634994507,0.0001,0.44783389158546927
2543,0.4498087242245674,0.1459727669134736,0.01450706273317337,0.289328895509243,2.594734713435173,0.0001,0.44824094586074353
2544,0.44975801929831505,0.1458582505583763,0.01485152542591095,0.28904824890196323,2.528908647596836,0.0001,0.4484439568594098
2545,0.4484828822314739,0.14603869058191776,0.014595307409763336,0.287848886102438,2.577276311814785,0.0001,0.4484543416649103
2546,0.4486914612352848,0.14607352204620838,0.014677241444587708,0.2879406940191984,2.3802542090415955,0.0001,0.4480756213888526
2547,0.4471496678888798,0.1460429448634386,0.014640100300312042,0.2864666171371937,2.3882801085710526,0.0001,0.4480497620999813
2548,0.4507946129888296,0.14585700072348118,0.014724478125572205,0.2902131322771311,2.158703565597534,0.0001,0.4484422951936722
2549,0.44785250909626484,0.1460797470062971,0.014683529734611511,0.2870892323553562,2.374139755964279,0.0001,0.44852524660527704
2550,0.4489858094602823,0.1459237914532423,0.014603659510612488,0.2884583603590727,2.2276010885834694,0.0001,0.4484037280082703
2551,0.44854675978422165,0.14629296865314245,0.014652594923973083,0.28760119527578354,2.299243986606598,0.0001,0.44848372545093296
2552,0.45263287611305714,0.14579916466027498,0.014625348150730133,0.29220836237072945,2.325331650674343,0.0001,0.44927033223211765
2553,0.44873047806322575,0.1461575785651803,0.01466328650712967,0.28790961392223835,2.6780306324362755,0.0001,0.4491625076159835
2554,0.44690276868641376,0.14586796332150698,0.01474820077419281,0.28628660924732685,2.1496401503682137,0.0001,0.44887698255479336
2555,0.4476410336792469,0.1459782226011157,0.014690801501274109,0.28697201050817966,2.2794132232666016,0.0001,0.44879279769957064
2556,0.44834011420607567,0.1462092874571681,0.014550723135471344,0.28758010640740395,2.6052448973059654,0.0001,0.44875766299664976
2557,0.4420592598617077,0.14598165079951286,0.014666803181171417,0.28141080401837826,2.396405316889286,0.0001,0.4482486221939325
2558,0.4494055714458227,0.14597320184111595,0.01461869478225708,0.28881368041038513,2.498214267194271,0.0001,0.44810971803963184
2559,0.4487041886895895,0.14600023720413446,0.014580585062503815,0.2881233673542738,2.5069505721330643,0.0001,0.4481948859989643
2560,0.44547050073742867,0.14586344733834267,0.014692358672618866,0.2849147003144026,2.163698136806488,0.0001,0.44784335512667894
2561,0.4488642457872629,0.1458557154983282,0.014780446887016296,0.28822808153927326,2.0597225055098534,0.0001,0.4478751037269831
2562,0.44746297784149647,0.1459331875666976,0.014617286622524261,0.2869125045835972,2.409245379269123,0.0001,0.447358113899827
2563,0.45021525397896767,0.14598741568624973,0.014630801975727081,0.289597038179636,2.639869123697281,0.0001,0.4475065914914012
2564,0.4502843525260687,0.14602636639028788,0.014656364917755127,0.28960162214934826,2.3434174433350563,0.0001,0.4478447498753667
2565,0.45234815776348114,0.14599831588566303,0.014637738466262817,0.291712099686265,2.438448019325733,0.0001,0.4483154622837901
2566,0.45331489108502865,0.14605339150875807,0.014655053615570068,0.2926064468920231,2.2790670916438103,0.0001,0.4488129399716854
2567,0.44649180956184864,0.14596052654087543,0.014534689486026764,0.28599658980965614,2.687053307890892,0.0001,0.4492561949416995
2568,0.44628470949828625,0.1460886774584651,0.014657482504844666,0.28553855046629906,2.742304340004921,0.0001,0.44894410874694585
2569,0.44932609237730503,0.14594148565083742,0.014516465365886688,0.2888681385666132,2.3414968326687813,0.0001,0.44900629911571743
2570,0.4505268968641758,0.1460371557623148,0.01450471580028534,0.28998502530157566,2.262094147503376,0.0001,0.4495119387283921
2571,0.4498272705823183,0.14587159920483828,0.01459447294473648,0.2893611993640661,1.8704230934381485,0.0001,0.44960824120789766
2572,0.45108257606625557,0.14595830161124468,0.014654859900474548,0.29046941734850407,2.0792668908834457,0.0001,0.44997020103037355
2573,0.44718492962419987,0.14603216387331486,0.014688968658447266,0.2864638026803732,2.118152253329754,0.0001,0.4496671685948968
2574,0.44375067204236984,0.14590291865170002,0.014804147183895111,0.28304360061883926,2.2199307307600975,0.0001,0.4490138005465269
2575,0.4494409877806902,0.14588967710733414,0.014752842485904694,0.28879846446216106,2.479992151260376,0.0001,0.4487230835482478
2576,0.44899364374578,0.14614688884466887,0.014663726091384888,0.2881830260157585,2.550553523004055,0.0001,0.44829095881432296
2577,0.45047038421034813,0.14585400465875864,0.014702759683132172,0.2899136245250702,2.1271114572882652,0.0001,0.4486888162791729
2578,0.44904606230556965,0.14598399214446545,0.014808744192123413,0.2882533185184002,2.200629658997059,0.0001,0.44896495155990124
2579,0.4486918840557337,0.14607719238847494,0.014522925019264221,0.28809176571667194,2.31463273614645,0.0001,0.4489015307277441
2580,0.4446070361882448,0.14602190721780062,0.014588244259357452,0.2839968912303448,2.5546515062451363,0.0001,0.448309544660151
2581,0.44643864035606384,0.145921828225255,0.014850489795207977,0.28566631861031055,2.2397602200508118,0.0001,0.44797068163752557
2582,0.4509012699127197,0.1458140229806304,0.01473543792963028,0.2903518080711365,2.154081240296364,0.0001,0.44795255102217196
2583,0.44441390968859196,0.14603436086326838,0.014726802706718445,0.28365274891257286,2.435993015766144,0.0001,0.44767544902861117
2584,0.4490419067442417,0.14574437122792006,0.01482226699590683,0.2884752657264471,2.1264904215931892,0.0001,0.44820457249879836
2585,0.44664909690618515,0.14568644668906927,0.014684624969959259,0.28627802059054375,2.131376162171364,0.0001,0.44792538341134785
2586,0.4483639635145664,0.14612967986613512,0.014791607856750488,0.28744267858564854,2.1699929907917976,0.0001,0.4478624153882265
2587,0.4470469243824482,0.1460196701809764,0.014786191284656525,0.2862410619854927,2.4103430807590485,0.0001,0.44752006940543654
2588,0.44876933097839355,0.14599305018782616,0.014796271920204163,0.28798001259565353,2.393139235675335,0.0001,0.4474923962727189
2589,0.4510625060647726,0.14589491952210665,0.014732547104358673,0.2904350347816944,2.2154329270124435,0.0001,0.4477294584736228
2590,0.44493413530290127,0.14609854109585285,0.014691203832626343,0.2841443903744221,2.493986554443836,0.0001,0.4477621683850884
2591,0.4464056044816971,0.14591622538864613,0.014503486454486847,0.2859858926385641,1.8730389103293419,0.0001,0.44775886479765176
2592,0.4464979115873575,0.14589315559715033,0.014721103012561798,0.28588365390896797,2.2869777381420135,0.0001,0.44731852896511554
2593,0.4445604272186756,0.14601029455661774,0.01455128937959671,0.2839988451451063,2.321460597217083,0.0001,0.4473331807181239
2594,0.4451055470854044,0.14580139610916376,0.014613062143325806,0.2846910897642374,2.293113574385643,0.0001,0.4469395447522402
2595,0.4493860863149166,0.14584426674991846,0.014591924846172333,0.2889498919248581,2.0795441791415215,0.0001,0.4472132436931133
2596,0.44442897103726864,0.1457851817831397,0.01457979530096054,0.2840639967471361,1.8916564285755157,0.0001,0.4468197444453835
2597,0.4476648811250925,0.14564300328493118,0.014490127563476562,0.28753175027668476,1.8607222437858582,0.0001,0.446881540119648
2598,0.4468763917684555,0.14598375000059605,0.01474442332983017,0.286148214712739,1.9150241017341614,0.0001,0.44669224619865416
2599,0.4441844243556261,0.14593408443033695,0.0146666020154953,0.28358374163508415,2.1144520342350006,0.0001,0.44600443802773954
2600,0.45053440146148205,0.14590325206518173,0.014689594507217407,0.28994155302643776,2.1964302211999893,0.0001,0.4465644646435976
2601,0.4521467722952366,0.1460022982209921,0.014709323644638062,0.29143515042960644,2.2743308916687965,0.0001,0.44713858142495155
2602,0.4452810790389776,0.14592534210532904,0.014640919864177704,0.28471481427550316,2.400971494615078,0.0001,0.4470168981701136
2603,0.4482676051557064,0.14599795173853636,0.014746323227882385,0.2875233255326748,2.1104008108377457,0.0001,0.44738761596381665
2604,0.4469539262354374,0.14600447937846184,0.014696098864078522,0.28625334799289703,2.274830736219883,0.0001,0.44757245387881994
2605,0.44516885466873646,0.14569998905062675,0.014804951846599579,0.2846639100462198,1.861948013305664,0.0001,0.4471507307142019
2606,0.4496468584984541,0.14605323318392038,0.014641173183918,0.28895245119929314,2.4185443967580795,0.0001,0.4476725194603205
2607,0.4466107673943043,0.14614383783191442,0.014698714017868042,0.28576820716261864,2.943503752350807,0.0001,0.44756710808724165
2608,0.44782028160989285,0.1459726206958294,0.014791592955589294,0.2870560698211193,2.805116966366768,0.0001,0.44766149707138536
2609,0.44632152654230595,0.14596811961382627,0.01473739743232727,0.2856160067021847,2.805809661746025,0.0001,0.44787520729005337
2610,0.44978708773851395,0.14583446644246578,0.014773502945899963,0.2891791183501482,2.6343984454870224,0.0001,0.44780047591775657
2611,0.4482692573219538,0.14584248512983322,0.014674589037895203,0.2877521887421608,2.6427807956933975,0.0001,0.4474127244204283
2612,0.44479778595268726,0.14574109762907028,0.014684304594993591,0.28437238559126854,2.746251657605171,0.0001,0.44736439511179926
2613,0.4423034302890301,0.1459111114963889,0.014666303992271423,0.28172601014375687,2.575607053935528,0.0001,0.4467679776251316
2614,0.45009551011025906,0.1460152082145214,0.014717943966388702,0.2893623523414135,2.6281293779611588,0.0001,0.44708213601261376
2615,0.44992585107684135,0.1458400022238493,0.014721326529979706,0.2893645204603672,2.5539637953042984,0.0001,0.4475578356534243
2616,0.44452846609055996,0.14593922346830368,0.01455920934677124,0.2840300276875496,2.4074422791600227,0.0001,0.44704599641263487
2617,0.448292825371027,0.14611099660396576,0.014663062989711761,0.2875187639147043,2.424531690776348,0.0001,0.4472142022103071
2618,0.4477481357753277,0.14590492378920317,0.01461513340473175,0.2872280776500702,2.2615496665239334,0.0001,0.4472069876268506
2619,0.44455331936478615,0.14593197964131832,0.014556869864463806,0.2840644642710686,2.256476581096649,0.0001,0.44703016690909864
2620,0.446185864508152,0.14596905000507832,0.014776334166526794,0.28544047847390175,2.5995305106043816,0.0001,0.4466700445860624
2621,0.4482827577739954,0.14587846491485834,0.014782235026359558,0.2876220569014549,2.695256397128105,0.0001,0.4466713946312666
2622,0.4470914378762245,0.14586725272238255,0.014637328684329987,0.28658685088157654,2.722377084195614,0.0001,0.4469007598236203
2623,0.44947633147239685,0.14588218089193106,0.014671601355075836,0.2889225520193577,2.6527079418301582,0.0001,0.447618049941957
2624,0.445450471714139,0.14570944383740425,0.01459261029958725,0.2851484138518572,2.6051917150616646,0.0001,0.447153546102345
2625,0.4412544500082731,0.1459809923544526,0.014734648168087006,0.2805388066917658,2.6078287214040756,0.0001,0.4462864059954882
2626,0.4492428358644247,0.145757588557899,0.014701567590236664,0.2887836806476116,2.6010526716709137,0.0001,0.44675784297287463
2627,0.4498455785214901,0.1458396464586258,0.014661431312561035,0.2893445026129484,2.531684972345829,0.0001,0.44691311828792096
2628,0.4456962160766125,0.14581669587641954,0.014654546976089478,0.2852249704301357,2.339696690440178,0.0001,0.44670792631804945
2629,0.44750601798295975,0.14580154605209827,0.014477856457233429,0.28722661547362804,2.5867954194545746,0.0001,0.4470031961798668
2630,0.45067703165113926,0.14569074288010597,0.014656700193881989,0.2903295885771513,2.311155676841736,0.0001,0.44745231289416554
2631,0.44136843085289,0.14592838101089,0.01452445238828659,0.28091560304164886,2.229896679520607,0.0001,0.44676088020205496
2632,0.447027288377285,0.1458971295505762,0.014609716832637787,0.286520441994071,2.1350337490439415,0.0001,0.446754465252161
2633,0.4430258069187403,0.14596232119947672,0.01472291350364685,0.282340569421649,2.272373378276825,0.0001,0.4461094127967954
2634,0.4478701539337635,0.14585180953145027,0.014536924660205841,0.28748142160475254,2.2662429437041283,0.0001,0.4463513810187578
2635,0.44941214099526405,0.14588800724595785,0.014587849378585815,0.2889362834393978,2.235928513109684,0.0001,0.4471671501174569
2636,0.4431281890720129,0.14596680272370577,0.014657385647296906,0.28250400349497795,2.3614925518631935,0.0001,0.4465556854382157
2637,0.445626862347126,0.1461408855393529,0.014633245766162872,0.2848527356982231,2.5923464745283127,0.0001,0.4461338138207793
2638,0.44788356870412827,0.145829563960433,0.014941982924938202,0.28711202181875706,2.5734602212905884,0.0001,0.4463525490835309
2639,0.4482390936464071,0.14588118996471167,0.014773935079574585,0.28758396953344345,2.2858064621686935,0.0001,0.44642585664987566
2640,0.4446168467402458,0.14578000828623772,0.014612138271331787,0.2842247039079666,2.022345468401909,0.0001,0.4458198381587863
2641,0.4473369847983122,0.14584039524197578,0.01475667953491211,0.2867399100214243,1.8644692078232765,0.0001,0.4464166935533285
2642,0.4434152040630579,0.14600855857133865,0.014679975807666779,0.2827266715466976,2.090084619820118,0.0001,0.4460554851219058
2643,0.4484527613967657,0.1458349972963333,0.01465778797864914,0.28795997612178326,1.9078227654099464,0.0001,0.44659818056970835
2644,0.447882940992713,0.14586468692868948,0.014568507671356201,0.2874497454613447,2.1643900126218796,0.0001,0.4465994592756033
2645,0.44476947747170925,0.14583230391144753,0.014644838869571686,0.2842923365533352,2.076777897775173,0.0001,0.4461351929232478
2646,0.44597121700644493,0.14600612316280603,0.014703556895256042,0.28526153415441513,2.1208250895142555,0.0001,0.44641949571669104
2647,0.4427526369690895,0.14587691985070705,0.014718115329742432,0.28215760365128517,2.207830049097538,0.0001,0.44613207317888737
2648,0.44367013685405254,0.1458774944767356,0.014603979885578156,0.28318866714835167,2.3081045150756836,0.0001,0.4457107299938798
2649,0.445379126816988,0.14579894300550222,0.01468602567911148,0.28489415906369686,2.357049733400345,0.0001,0.4454247333109379
2650,0.44669037871062756,0.14588249754160643,0.01470133662223816,0.28610654175281525,2.3987372890114784,0.0001,0.44563208650797603
2651,0.4442250244319439,0.14594294782727957,0.014774546027183533,0.2835075296461582,2.4293739274144173,0.0001,0.4453208904713392
2652,0.4472051188349724,0.14569401741027832,0.01480528712272644,0.2867058180272579,2.269703634083271,0.0001,0.44569988194853066
2653,0.4437686540186405,0.14578283112496138,0.014603234827518463,0.2833825871348381,2.2045512050390244,0.0001,0.44523147121071815
2654,0.4478391706943512,0.1459199981763959,0.01471981406211853,0.28719935193657875,2.288648799061775,0.0001,0.44522709418088197
2655,0.44269814528524876,0.14588926173746586,0.014735192060470581,0.28207369334995747,2.6222900599241257,0.0001,0.44501996096223595
2656,0.44851640798151493,0.14576482493430376,0.014645494520664215,0.2881060875952244,2.1903858184814453,0.0001,0.4452744800597429
2657,0.4452851004898548,0.14573429059237242,0.01483462005853653,0.2847161926329136,2.3842386603355408,0.0001,0.4455277264118195
2658,0.44736129604279995,0.14572548866271973,0.01485886424779892,0.28677693754434586,2.4053063467144966,0.0001,0.4458968423306942
2659,0.4477106872946024,0.14573167357593775,0.014768846333026886,0.28721016831696033,2.2323196828365326,0.0001,0.44612999837845563
2660,0.44644709303975105,0.14583672303706408,0.014662124216556549,0.28594824112951756,2.3551260754466057,0.0001,0.446105669811368
2661,0.4465955775231123,0.14583093766123056,0.014695726335048676,0.2860689125955105,2.4426983520388603,0.0001,0.44634272512048484
2662,0.4471625406295061,0.14580559637397528,0.014791354537010193,0.2865655869245529,2.6303673908114433,0.0001,0.4463384672999382
2663,0.441418020054698,0.14573820307850838,0.01457265019416809,0.2811071649193764,2.2421338260173798,0.0001,0.44610340390354397
2664,0.44361696392297745,0.145549769513309,0.014817453920841217,0.28324974328279495,2.0676104202866554,0.0001,0.4456811832264066
2665,0.44718974456191063,0.14580894634127617,0.014691218733787537,0.2866895832121372,1.9328631609678268,0.0001,0.44613034315407274
2666,0.44543744064867496,0.1456469688564539,0.014748550951480865,0.2850419208407402,1.9983392283320427,0.0001,0.4458224464207888
2667,0.4452859330922365,0.14572616387158632,0.01483374834060669,0.2847260180860758,2.0747353360056877,0.0001,0.4458225296810269
2668,0.4437724482268095,0.1459379019215703,0.014712221920490265,0.2831223215907812,2.209180526435375,0.0001,0.4454636448994279
2669,0.44540589302778244,0.1457239892333746,0.014607124030590057,0.2850747760385275,2.703910857439041,0.0001,0.4452331654727459
2670,0.44807043857872486,0.14567237719893456,0.014688685536384583,0.2877093721181154,2.7435095012187958,0.0001,0.4453955000266433
2671,0.4474708419293165,0.14575672801584005,0.014702275395393372,0.28701184317469597,2.433737374842167,0.0001,0.4454830264672637
2672,0.4441638384014368,0.14574455749243498,0.014568805694580078,0.2838504686951637,2.265566550195217,0.0001,0.44518315624445676
2673,0.44801792688667774,0.14583633560687304,0.014723151922225952,0.28745844028890133,2.3602130860090256,0.0001,0.44584314692765475
2674,0.4477977156639099,0.14586600940674543,0.014707297086715698,0.28722441010177135,2.2982349917292595,0.0001,0.446261222101748
2675,0.4473032020032406,0.14584444276988506,0.014591395854949951,0.2868673615157604,2.5066748335957527,0.0001,0.446272567845881
2676,0.4475388377904892,0.1459470633417368,0.01469864696264267,0.2868931293487549,2.612053707242012,0.0001,0.4464827075600624
2677,0.4458754826337099,0.14556764345616102,0.0145903080701828,0.28571753203868866,2.360953561961651,0.0001,0.44654166251420974
2678,0.44679281301796436,0.14584607537835836,0.014657638967037201,0.2862890958786011,2.235157795250416,0.0001,0.4468436989933252
2679,0.4421174116432667,0.14574567135423422,0.014750123023986816,0.2816216181963682,2.4911967292428017,0.0001,0.44651485085487364
2680,0.4462995920330286,0.145861336030066,0.014779068529605865,0.285659184679389,2.331192269921303,0.0001,0.446337766200304
2681,0.44527043402194977,0.1457479391247034,0.014580011367797852,0.2849424872547388,2.2897797152400017,0.0001,0.44611772540956735
2682,0.4462816510349512,0.14588010217994452,0.014681831002235413,0.2857197169214487,2.8002497032284737,0.0001,0.4463295066729188
2683,0.44208324141800404,0.1458288822323084,0.014641277492046356,0.2816130854189396,2.698968857526779,0.0001,0.44573603812605145
2684,0.44813659228384495,0.1458088420331478,0.014650002121925354,0.28767774626612663,2.816548816859722,0.0001,0.4457699257880449
2685,0.44787819124758244,0.14575148187577724,0.014634191989898682,0.28749251924455166,2.5817225873470306,0.0001,0.4458274247124791
2686,0.44736590050160885,0.14588655065745115,0.014636561274528503,0.2868427876383066,2.638440988957882,0.0001,0.44581013098359107
2687,0.4432494789361954,0.14594939816743135,0.01466137170791626,0.28263870999217033,2.5144354552030563,0.0001,0.4455475306138396
2688,0.44702733866870403,0.14580777939409018,0.014570437371730804,0.28664911538362503,2.3859598636627197,0.0001,0.4455709831789136
2689,0.4455427750945091,0.1459552412852645,0.014716900885105133,0.2848706357181072,2.54531479626894,0.0001,0.44591351952403785
2690,0.4470126945525408,0.14586074836552143,0.014633230865001678,0.2865187097340822,2.418383225798607,0.0001,0.4459848297759891
2691,0.4423181787133217,0.14591950364410877,0.0146360844373703,0.2817625943571329,2.3700560703873634,0.0001,0.44568960424512627
2692,0.4411654453724623,0.1456356318667531,0.014650188386440277,0.2808796241879463,2.131158284842968,0.0001,0.44517798367887734
2693,0.4461365547031164,0.14560663234442472,0.014740809798240662,0.2857891097664833,2.142781227827072,0.0001,0.44558331500738857
2694,0.44440523721277714,0.145654764957726,0.0149000883102417,0.2838503811508417,2.3039154186844826,0.0001,0.4452101795002818
2695,0.44366043619811535,0.14592112880200148,0.014771051704883575,0.2829682473093271,2.3621410578489304,0.0001,0.4447884039953351
2696,0.44360953383147717,0.14578358549624681,0.014607556164264679,0.28321838937699795,2.5968716144561768,0.0001,0.4444127673283219
2697,0.4489879310131073,0.14583756867796183,0.014686062932014465,0.2884642966091633,2.6288365870714188,0.0001,0.4449866125360131
2698,0.4408132750540972,0.14579393900930882,0.014676213264465332,0.28034312278032303,2.7705157101154327,0.0001,0.44436520617455244
2699,0.4466988779604435,0.14576174784451723,0.014804154634475708,0.2861329708248377,2.4928216114640236,0.0001,0.4444808164611459
2700,0.4466168098151684,0.14566840324550867,0.01481039822101593,0.28613801300525665,2.328520253300667,0.0001,0.44444122798740865
2701,0.4392560441046953,0.1455410262569785,0.01480710506439209,0.278907909989357,2.255157858133316,0.0001,0.444135014526546
2702,0.44694741629064083,0.14587479922920465,0.014707788825035095,0.2863648273050785,2.1258258521556854,0.0001,0.44471321161836386
2703,0.44363098591566086,0.14586627390235662,0.014701373875141144,0.28306333906948566,2.3738964274525642,0.0001,0.4444626547396183
2704,0.4459467902779579,0.14561402797698975,0.014780737459659576,0.28555202670395374,2.439059741795063,0.0001,0.4446168100461364
2705,0.4461435917764902,0.14582784939557314,0.01468135416507721,0.28563438914716244,2.189667157828808,0.0001,0.44486512560397384
2706,0.443061089143157,0.14563986379653215,0.014713890850543976,0.282707329839468,2.1336578354239464,0.0001,0.44481028113514187
2707,0.44240616634488106,0.14566589705646038,0.014672502875328064,0.28206776827573776,1.9213727712631226,0.0001,0.4441521046683192
2708,0.4450123831629753,0.1456537637859583,0.014686338603496552,0.2846722826361656,2.047955982387066,0.0001,0.44457201547920705
2709,0.4390759412199259,0.1459421506151557,0.014519169926643372,0.2786146216094494,2.387012906372547,0.0001,0.44380972180515527
2710,0.44364431127905846,0.1456333752721548,0.014722779393196106,0.28328815661370754,2.531420588493347,0.0001,0.4435124719515443
2711,0.44247623533010483,0.145763854496181,0.014617495238780975,0.28209488093852997,2.3411149457097054,0.0001,0.44383449107408524
2712,0.4432253986597061,0.14576355554163456,0.014672331511974335,0.28278950974345207,2.0853682160377502,0.0001,0.44346228931099174
2713,0.441127160564065,0.14573590364307165,0.01477062702178955,0.2806206326931715,2.236346021294594,0.0001,0.44321190677583217
2714,0.44269775971770287,0.14572387374937534,0.014684699475765228,0.28228918928653,2.420968323945999,0.0001,0.44288700371980666
2715,0.44600669108331203,0.145877948962152,0.014668561518192291,0.2854601815342903,2.2194592654705048,0.0001,0.4428733136504889
2716,0.4480429273098707,0.1455990904942155,0.014678038656711578,0.2877657990902662,2.087891958653927,0.0001,0.4433714974671602
2717,0.4416816383600235,0.14576772321015596,0.014736726880073547,0.28117719292640686,2.089271619915962,0.0001,0.4432990446686745
2718,0.4376958142966032,0.14577238634228706,0.014749281108379364,0.2771741431206465,2.1473849564790726,0.0001,0.44256738778203725
2719,0.44792603328824043,0.14566982723772526,0.014921978116035461,0.28733423165977,2.1346742063760757,0.0001,0.44345239698886874
2720,0.44200096279382706,0.1456712679937482,0.014812327921390533,0.28151736594736576,2.2031498551368713,0.0001,0.44328806214034555
2721,0.4459037482738495,0.14564096834510565,0.014632746577262878,0.2856300361454487,2.135272577404976,0.0001,0.44363081343472005
2722,0.4471278954297304,0.14592293556779623,0.014652654528617859,0.28655230067670345,2.444862313568592,0.0001,0.44402106311172246
2723,0.4455594103783369,0.1456932444125414,0.014670662581920624,0.2851955033838749,2.431967504322529,0.0001,0.44446428809314964
2724,0.44254688359797,0.14572079572826624,0.01455233246088028,0.2822737544775009,2.245625175535679,0.0001,0.44444920048117637
2725,0.44460455141961575,0.1459981221705675,0.01456797868013382,0.2840384468436241,2.228216588497162,0.0001,0.44430898651480677
2726,0.4450259134173393,0.14573913905769587,0.014739088714122772,0.2845476847141981,2.0504801496863365,0.0001,0.4440072851255536
2727,0.442420469596982,0.14583289436995983,0.014831021428108215,0.28175655379891396,2.2842413038015366,0.0001,0.4440811682492495
2728,0.44360779225826263,0.14575996436178684,0.014786213636398315,0.28306160867214203,2.1449403017759323,0.0001,0.4446723660454154
2729,0.4463738352060318,0.1457901569083333,0.014732062816619873,0.2858516164124012,2.2111084535717964,0.0001,0.4445171462371945
2730,0.4440144468098879,0.1458156369626522,0.014681421220302582,0.28351739048957825,2.0868393406271935,0.0001,0.44471849463880064
2731,0.44071040488779545,0.1457333406433463,0.014654889702796936,0.2803221717476845,2.2200558558106422,0.0001,0.44419916030019524
2732,0.4452402628958225,0.1456873407587409,0.01480313390493393,0.2847497873008251,2.6818789690732956,0.0001,0.44401039704680445
2733,0.4409930631518364,0.14579305239021778,0.014601051807403564,0.28059897013008595,2.5656418576836586,0.0001,0.4435537623241544
2734,0.4478431399911642,0.1457980666309595,0.014698505401611328,0.2873465623706579,2.663011819124222,0.0001,0.4440833879634738
2735,0.4374249838292599,0.14573200605809689,0.014674119651317596,0.27701885625720024,2.1860306411981583,0.0001,0.4433654312044382
2736,0.4458012729883194,0.14575251284986734,0.014738813042640686,0.2853099461644888,2.4762938246130943,0.0001,0.4434429671615362
2737,0.4438628572970629,0.1457181079313159,0.014732077717781067,0.2834126725792885,2.84437395632267,0.0001,0.4435872059315443
2738,0.4432571046054363,0.14561146590858698,0.014853782951831818,0.28279185853898525,2.625586122274399,0.0001,0.4435521371662617
2739,0.4459402170032263,0.14554597716778517,0.01476314663887024,0.28563109040260315,2.4992510601878166,0.0001,0.4435087753459811
2740,0.44983293302357197,0.1457289643585682,0.014745563268661499,0.28935840353369713,2.5443683713674545,0.0001,0.44409062396734955
2741,0.44157431088387966,0.1457152897492051,0.01465512067079544,0.2812039013952017,2.140251897275448,0.0001,0.44417701456695796
2742,0.4398097526282072,0.14600300788879395,0.014761663973331451,0.2790450807660818,2.5362186431884766,0.0001,0.4436339635401964
2743,0.4431813322007656,0.1458696462213993,0.014735192060470581,0.2825764939188957,2.599684178829193,0.0001,0.44385279044508935
2744,0.4418625682592392,0.14563234616070986,0.014830514788627625,0.2813997119665146,2.2845146879553795,0.0001,0.44325473327189685
2745,0.44726288691163063,0.1454991651698947,0.014736317098140717,0.28702740743756294,2.2586037293076515,0.0001,0.44423852358013394
2746,0.44103989377617836,0.14564011991024017,0.014814570546150208,0.28058520145714283,2.2913195490837097,0.0001,0.4437623856589198
2747,0.4438342973589897,0.14562737476080656,0.01486179232597351,0.28334512934088707,2.2492433190345764,0.0001,0.4437595296651125
2748,0.44287762977182865,0.14571604877710342,0.014822512865066528,0.28233906999230385,2.2171941623091698,0.0001,0.44372158218175173
2749,0.4395531602203846,0.1456943415105343,0.014775268733501434,0.2790835462510586,2.1204579025506973,0.0001,0.44308287650346756
2750,0.44373152777552605,0.145573983900249,0.014841601252555847,0.2833159416913986,2.2019016444683075,0.0001,0.442472735978663
2751,0.4429503958672285,0.14566632732748985,0.01484391838312149,0.28244015015661716,2.1187508180737495,0.0001,0.4426103444769979
2752,0.44228325597941875,0.1455049030482769,0.014865927398204803,0.28191242553293705,2.045488439500332,0.0001,0.442857694812119
2753,0.44443871825933456,0.14571481849998236,0.014844179153442383,0.2838797215372324,1.9841585606336594,0.0001,0.4429834334179759
2754,0.44504796154797077,0.14602144714444876,0.014712154865264893,0.2843143567442894,2.1932913437485695,0.0001,0.44330197274684907
2755,0.44212260842323303,0.1456422619521618,0.014696933329105377,0.2817834112793207,2.103398881852627,0.0001,0.4427879448980093
2756,0.44393202289938927,0.1457551009953022,0.014731675386428833,0.28344524651765823,2.64184208214283,0.0001,0.4430771578103304
2757,0.44692477211356163,0.14570948667824268,0.014768347144126892,0.28644693456590176,2.508051484823227,0.0001,0.4433862052857876
2758,0.4435213655233383,0.1455983379855752,0.014803193509578705,0.283119834959507,2.3135748729109764,0.0001,0.4434505788609385
2759,0.4441976957023144,0.14550678431987762,0.014755718410015106,0.2839351911097765,2.019218884408474,0.0001,0.44391503240913155
2760,0.4443084727972746,0.14550483785569668,0.01487039029598236,0.2839332390576601,1.8929887488484383,0.0001,0.4439727269113064
2761,0.4434993527829647,0.14583987090736628,0.014902688562870026,0.28275679610669613,2.28849034011364,0.0001,0.44402762260288
2762,0.44373994320631027,0.14555413462221622,0.014768160879611969,0.2834176439791918,2.5424394607543945,0.0001,0.44417329132556915
2763,0.4403050076216459,0.14568805415183306,0.01500651240348816,0.27961044013500214,2.5357791781425476,0.0001,0.4437599202618003
2764,0.44025566428899765,0.14563046023249626,0.014767304062843323,0.27985789999365807,2.491903305053711,0.0001,0.44328069053590297
2765,0.4437889903783798,0.14579299557954073,0.01490231603384018,0.2830936796963215,2.5620414912700653,0.0001,0.4434473287314177
2766,0.4472626522183418,0.1456627305597067,0.01475527137517929,0.2868446484208107,2.3087202459573746,0.0001,0.4437803916633129
2767,0.44116946309804916,0.14548889640718699,0.01474597305059433,0.280934588983655,2.1785939261317253,0.0001,0.4432048607617617
2768,0.4458283595740795,0.14563996996730566,0.014797113835811615,0.28539127483963966,2.1694375798106194,0.0001,0.4434355601668358
2769,0.44018324464559555,0.14567110501229763,0.014716453850269318,0.2797956857830286,2.1609611436724663,0.0001,0.4430341150611639
2770,0.44422841258347034,0.14562832470983267,0.014760658144950867,0.2838394269347191,2.186592124402523,0.0001,0.44302610903978346
2771,0.44304788671433926,0.1454022405669093,0.014668203890323639,0.2829774431884289,2.128999650478363,0.0001,0.44298096243292095
2772,0.43896342627704144,0.14547714963555336,0.01468801498413086,0.27879825979471207,2.155498616397381,0.0001,0.44250331073999405
2773,0.4415488801896572,0.14559228252619505,0.01487211138010025,0.28108448535203934,2.232901655137539,0.0001,0.4426276979967952
2774,0.44093659706413746,0.14568084944039583,0.014852501451969147,0.28040324710309505,2.1813435405492783,0.0001,0.44269579127430914
2775,0.44420976378023624,0.14550635125488043,0.014815554022789001,0.2838878594338894,2.120211273431778,0.0001,0.4427378686144948
2776,0.4414726197719574,0.1455524805933237,0.014732807874679565,0.2811873331665993,1.951817236840725,0.0001,0.4421588653698564
2777,0.440486004576087,0.1457924023270607,0.014642879366874695,0.2800507228821516,2.33698733150959,0.0001,0.44209051951766015
2778,0.44201749190688133,0.145713877864182,0.014641888439655304,0.2816617265343666,2.5171741992235184,0.0001,0.4417094327509403
2779,0.44291549175977707,0.14558009803295135,0.014624126255512238,0.2827112656086683,2.0375883355736732,0.0001,0.4419826574623585
2780,0.44125537760555744,0.14559399150311947,0.014592722058296204,0.2810686621814966,2.3999831080436707,0.0001,0.4416853539645672
2781,0.4388879854232073,0.14569217432290316,0.014636531472206116,0.27855927869677544,2.250459060072899,0.0001,0.441269363835454
2782,0.44203270971775055,0.14552740473300219,0.014861099421977997,0.28164420276880264,2.01073706895113,0.0001,0.4415762921795249
2783,0.4422733783721924,0.14549540914595127,0.01481039822101593,0.28196756914258003,1.9886108487844467,0.0001,0.4416487419977784
2784,0.4414525981992483,0.14546110853552818,0.014853954315185547,0.28113753721117973,2.105534106492996,0.0001,0.4417003421112895
2785,0.45006454549729824,0.14575294591486454,0.01485474407672882,0.28945685364305973,2.3983020335435867,0.0001,0.4422858202829957
2786,0.442929457873106,0.1455537537112832,0.014717862010002136,0.2826578449457884,2.4518121853470802,0.0001,0.44243150409311055
2787,0.44434683211147785,0.14572855178266764,0.014842391014099121,0.28377588652074337,2.6491090208292007,0.0001,0.4428175868466496
2788,0.4437359254807234,0.14572963677346706,0.014657534658908844,0.2833487521857023,2.4953884929418564,0.0001,0.44298943020403386
2789,0.439885588362813,0.1455413717776537,0.014744848012924194,0.2795993648469448,2.8741819858551025,0.0001,0.4426864398643374
2790,0.4373837262392044,0.14553123712539673,0.014671161770820618,0.27718132361769676,2.910758003592491,0.0001,0.44229927472770214
2791,0.4425595626235008,0.14575020223855972,0.014617368578910828,0.28219198808074,2.8227259144186974,0.0001,0.4426664324477315
2792,0.4439280293881893,0.14566432312130928,0.014695592224597931,0.2835681140422821,2.7997886687517166,0.0001,0.44285596441477537
2793,0.4409447107464075,0.1455912897363305,0.014591135084629059,0.2807622831314802,2.670687675476074,0.0001,0.44272309765219686
2794,0.4427433554083109,0.14541752822697163,0.014582589268684387,0.2827432341873646,2.4475550279021263,0.0001,0.4428521733731031
2795,0.4401057306677103,0.145678898319602,0.014647349715232849,0.27977948263287544,2.368273064494133,0.0001,0.44185629189014436
2796,0.4418960325419903,0.1455662790685892,0.014620073139667511,0.2817096821963787,2.327559269964695,0.0001,0.4417529493570328
2797,0.443582134321332,0.14572892058640718,0.014677129685878754,0.2831760849803686,2.3942772150039673,0.0001,0.4416764795780182
2798,0.44320329278707504,0.14576710853725672,0.014849640429019928,0.28258654475212097,2.4616824313998222,0.0001,0.44162321630865337
2799,0.4406755417585373,0.14549050014466047,0.014640823006629944,0.28054421953856945,2.4316269904375076,0.0001,0.44170221164822576
2800,0.44475206919014454,0.14557742048054934,0.014733947813510895,0.28444069996476173,2.337455675005913,0.0001,0.4424390459433198
2801,0.44261770136654377,0.1455896170809865,0.01467963308095932,0.2823484502732754,2.322332575917244,0.0001,0.4424448598176241
2802,0.44102912209928036,0.14550687465816736,0.01485222578048706,0.2806700151413679,1.941294603049755,0.0001,0.4421549690887332
2803,0.4463367350399494,0.14539026003330946,0.014731377363204956,0.2862151023000479,2.0849462375044823,0.0001,0.4426941715180874
2804,0.4392626881599426,0.1454661376774311,0.014842547476291656,0.278954004868865,2.0041810423135757,0.0001,0.44234610479325054
2805,0.4416873324662447,0.1457949709147215,0.014840587973594666,0.28105176985263824,2.5487864911556244,0.0001,0.442504264973104
2806,0.43918431363999844,0.14576021395623684,0.014816254377365112,0.2786078490316868,2.682213857769966,0.0001,0.4422330930829048
2807,0.44192408584058285,0.14554006699472666,0.014887131750583649,0.28149688616394997,2.5620384216308594,0.0001,0.4420672882348299
2808,0.440884405747056,0.14559797197580338,0.01481376588344574,0.2804726641625166,2.5512265861034393,0.0001,0.441835399530828
2809,0.44471131823956966,0.1453797509893775,0.01476675271987915,0.284564808011055,2.224153846502304,0.0001,0.44223897717893124
2810,0.4421992339193821,0.1456237779930234,0.014748364686965942,0.2818270903080702,1.994163915514946,0.0001,0.44198369365185497
2811,0.4402181897312403,0.14549277443438768,0.014765739440917969,0.27995967119932175,1.9635337367653847,0.0001,0.44174374248832465
2812,0.4412834271788597,0.14572968147695065,0.014769703149795532,0.28078404255211353,1.975049339234829,0.0001,0.4417691729962826
2813,0.4404934924095869,0.14576122909784317,0.014795765280723572,0.2799364998936653,2.3470821157097816,0.0001,0.4411848487332463
2814,0.4405230935662985,0.14572458621114492,0.014795385301113129,0.280003122985363,2.541412368416786,0.0001,0.4413108892738819
2815,0.44221234880387783,0.14546782057732344,0.014936134219169617,0.28180839866399765,1.926761381328106,0.0001,0.4413633909076452
2816,0.43958727084100246,0.1458927635103464,0.014634475111961365,0.2790600322186947,2.686951160430908,0.0001,0.44140368662774565
2817,0.4403306823223829,0.14566891640424728,0.014788717031478882,0.2798730507493019,2.5633939802646637,0.0001,0.4412443462759256
2818,0.4419833682477474,0.14547398872673512,0.01488746702671051,0.28162191435694695,2.616939827799797,0.0001,0.44135424252599476
2819,0.4438921082764864,0.1454024901613593,0.014771968126296997,0.2837176490575075,2.442653015255928,0.0001,0.44127232152968643
2820,0.443682923913002,0.14558025728911161,0.014628514647483826,0.283474151045084,2.268686406314373,0.0001,0.4414206905290484
2821,0.44531868025660515,0.14561275020241737,0.014831393957138062,0.2848745360970497,2.3709198236465454,0.0001,0.4419307395815849
2822,0.4391106553375721,0.14577188901603222,0.0146976038813591,0.2786411643028259,2.465708665549755,0.0001,0.4417134623974562
2823,0.442095622420311,0.1458429303020239,0.014791369438171387,0.281461326405406,2.3187105879187584,0.0001,0.44187367539852856
2824,0.4403437841683626,0.14569406863301992,0.014856956899166107,0.279792757704854,2.465503178536892,0.0001,0.441855744458735
2825,0.445222869515419,0.1456982959061861,0.014709457755088806,0.2848151195794344,2.515014059841633,0.0001,0.4421567965298891
2826,0.44125823490321636,0.14561154134571552,0.014560014009475708,0.28108667582273483,2.730332374572754,0.0001,0.4423238929361105
2827,0.44451347552239895,0.14561503008008003,0.014672018587589264,0.28422642685472965,2.870104171335697,0.0001,0.4427421722561121
2828,0.4479119647294283,0.14528081752359867,0.014692611992359161,0.28793853893876076,1.9465523436665535,0.0001,0.4433350319042802
2829,0.4390630815178156,0.1456304956227541,0.014523155987262726,0.2789094317704439,2.1617330089211464,0.0001,0.4428521292284131
2830,0.4412140157073736,0.1456068567931652,0.014778561890125275,0.2808285988867283,2.2892059609293938,0.0001,0.44260523840785027
2831,0.4447408765554428,0.14560172520577908,0.01472734659910202,0.2844118010252714,2.235788121819496,0.0001,0.44254745803773404
2832,0.4448349568992853,0.14548653736710548,0.014546558260917664,0.2848018631339073,2.5647622793912888,0.0001,0.44311988819390535
2833,0.44340778701007366,0.14563568774610758,0.014904268085956573,0.28286783397197723,2.5041079744696617,0.0001,0.44325110465288164
2834,0.4424661248922348,0.14553387463092804,0.014865286648273468,0.2820669673383236,2.514248788356781,0.0001,0.44346333872526883
2835,0.44143358431756496,0.1454283818602562,0.014743804931640625,0.28126139752566814,2.3665907457470894,0.0001,0.44308441020548345
2836,0.43837656639516354,0.14563742652535439,0.014890909194946289,0.277848232537508,2.514874115586281,0.0001,0.44279624335467815
2837,0.43965731002390385,0.14540412556380033,0.014655061066150665,0.2795981243252754,2.0670090094208717,0.0001,0.44231062680482863
2838,0.439334474503994,0.14567312505096197,0.014705866575241089,0.2789554875344038,2.263648696243763,0.0001,0.4414528777822852
2839,0.44327664375305176,0.14567442052066326,0.014727257192134857,0.28287496604025364,2.2521543353796005,0.0001,0.44187423400580883
2840,0.4377044327557087,0.14546738844364882,0.014877788722515106,0.27735925652086735,2.0233027413487434,0.0001,0.4415232757106423
2841,0.4432360343635082,0.14559502340853214,0.014672607183456421,0.2829684019088745,2.1502840146422386,0.0001,0.44137279149144887
2842,0.4423388335853815,0.14543063007295132,0.014764159917831421,0.2821440454572439,2.4365949481725693,0.0001,0.4411231791600585
2843,0.43882865086197853,0.14555621054023504,0.014735110104084015,0.27853732742369175,2.539371721446514,0.0001,0.440665265545249
2844,0.43817389011383057,0.14549041353166103,0.014741331338882446,0.27794214338064194,2.4582196101546288,0.0001,0.4402360420674086
2845,0.44480475783348083,0.14550728723406792,0.014790624380111694,0.2845068480819464,2.1994654461741447,0.0001,0.44057315941900016
2846,0.4399997051805258,0.14553200267255306,0.014696113765239716,0.279771588742733,2.411777377128601,0.0001,0.4407354732975364
2847,0.44054531306028366,0.1454059537500143,0.01486082375049591,0.2802785374224186,2.241399884223938,0.0001,0.4408242736011744
2848,0.44049943424761295,0.14547632355242968,0.014769189059734344,0.28025391325354576,2.050408035516739,0.0001,0.44094076957553624
2849,0.44272101670503616,0.14553485997021198,0.01481708139181137,0.2823690716177225,1.9221986383199692,0.0001,0.4408852068707347
2850,0.44309741258621216,0.14565663132816553,0.014790445566177368,0.282650338485837,2.352280415594578,0.0001,0.44142450485378504
2851,0.43540922179818153,0.14563710521906614,0.014802791178226471,0.2749693263322115,2.211865909397602,0.0001,0.44064182359725235
2852,0.4379364550113678,0.14539298973977566,0.014770984649658203,0.27777248062193394,2.0473071187734604,0.0001,0.440201585739851
2853,0.43896104767918587,0.145402361638844,0.014593839645385742,0.2789648473262787,2.1813903525471687,0.0001,0.44021482542157175
2854,0.4444099869579077,0.14555532578378916,0.014653511345386505,0.2842011470347643,2.1880802512168884,0.0001,0.4408384351059794
2855,0.44125697761774063,0.14558520913124084,0.014718115329742432,0.28095365315675735,2.5552989467978477,0.0001,0.4404836570844054
2856,0.4420544486492872,0.1455412283539772,0.014865241944789886,0.2816479802131653,2.2814980670809746,0.0001,0.4406891314312816
2857,0.44057026505470276,0.14566057175397873,0.01478905975818634,0.28012063913047314,2.5161776170134544,0.0001,0.4406916266307235
2858,0.4425235651433468,0.14548588544130325,0.014765188097953796,0.2822724934667349,2.359609380364418,0.0001,0.44089403972029684
2859,0.44741673953831196,0.14547325018793344,0.01478365808725357,0.2871598321944475,2.2617784440517426,0.0001,0.44136361200362445
2860,0.44138030149042606,0.14552743267267942,0.01464313268661499,0.2812097370624542,2.7556195482611656,0.0001,0.4411919008940458
2861,0.4433095455169678,0.14557314943522215,0.014652200043201447,0.2830841951072216,2.592044547200203,0.0001,0.44198193326592444
2862,0.44045452028512955,0.14549381285905838,0.014751188457012177,0.2802095226943493,2.477635443210602,0.0001,0.4422337397933006
2863,0.44119058921933174,0.14534402545541525,0.014700397849082947,0.2811461668461561,2.424069717526436,0.0001,0.44245669394731524
2864,0.4422207176685333,0.14551187958568335,0.014733724296092987,0.28197511099278927,2.5249592810869217,0.0001,0.4422377670183778
2865,0.436831945553422,0.14554376062005758,0.014826588332653046,0.27646159939467907,2.3521832302212715,0.0001,0.4417952638119459
2866,0.43960675597190857,0.1454400783404708,0.01463291049003601,0.2795337662100792,2.6295118927955627,0.0001,0.441550494544208
2867,0.4471259266138077,0.14542337879538536,0.014700956642627716,0.2870015911757946,2.4958414286375046,0.0001,0.44220606070011853
2868,0.4362802393734455,0.14547534007579088,0.014606975018978119,0.27619792334735394,2.1529040783643723,0.0001,0.4415817281231284
2869,0.440019516274333,0.14575611148029566,0.014720208942890167,0.27954319305717945,2.869404226541519,0.0001,0.4408420057967305
2870,0.4417636003345251,0.14554057735949755,0.014726728200912476,0.28149629943072796,2.398133136332035,0.0001,0.44088033568114043
2871,0.43880320712924004,0.14557212963700294,0.01481328159570694,0.278417794033885,2.2574406191706657,0.0001,0.4404297018423676
2872,0.4420124236494303,0.14559505693614483,0.014801561832427979,0.28161580115556717,2.4264310747385025,0.0001,0.4405854921787977
2873,0.4439480472356081,0.1455740686506033,0.014754682779312134,0.28361929953098297,2.4739289209246635,0.0001,0.44086123798042537
2874,0.44350534677505493,0.1455777706578374,0.014652080833911896,0.2832754924893379,2.468285731971264,0.0001,0.44098970089107753
2875,0.43923837319016457,0.1452499646693468,0.014880858361721039,0.27910754829645157,2.494103081524372,0.0001,0.4412303436547518
2876,0.44128135964274406,0.14553228579461575,0.014743715524673462,0.28100535832345486,2.4911659210920334,0.0001,0.4413978040218353
2877,0.4379937071353197,0.14545010402798653,0.014662161469459534,0.27788143791258335,2.348749317228794,0.0001,0.44048458207398655
2878,0.4393636826425791,0.1454372638836503,0.014859326183795929,0.27906708791852,2.1833685263991356,0.0001,0.4407929264008999
2879,0.4403019826859236,0.14560277201235294,0.014881029725074768,0.27981818467378616,2.040262721478939,0.0001,0.4408211730420589
2880,0.43514171801507473,0.14553357101976871,0.014620929956436157,0.27498721703886986,2.325808957219124,0.0001,0.4401589848101139
2881,0.4390844665467739,0.1456169132143259,0.014758743345737457,0.27870881371200085,2.808706909418106,0.0001,0.4401871107518673
2882,0.44038261100649834,0.14554905332624912,0.01474209874868393,0.28009145706892014,2.8192431926727295,0.0001,0.4400241294875741
2883,0.44007706828415394,0.14559656847268343,0.014706604182720184,0.27977389469742775,2.7840903401374817,0.0001,0.4396370315924287
2884,0.44077288173139095,0.14536986872553825,0.014702610671520233,0.2807004004716873,2.7124218195676804,0.0001,0.4393637850880623
2885,0.44024266861379147,0.14540439285337925,0.014728747308254242,0.280109528452158,2.4966059029102325,0.0001,0.43946421463042495
2886,0.43596093729138374,0.14537210203707218,0.014753095805644989,0.27583574317395687,2.4274711459875107,0.0001,0.4389321723952889
2887,0.44125666096806526,0.14555458072572947,0.01479552686214447,0.28090655244886875,2.24485544860363,0.0001,0.4392584677785635
2888,0.4407173581421375,0.14539481792598963,0.014593929052352905,0.28072861302644014,2.005286619067192,0.0001,0.43939383532851933
2889,0.4426440764218569,0.14535137545317411,0.014700166881084442,0.2825925312936306,2.1512406766414642,0.0001,0.4396280447021127
2890,0.439628217369318,0.1456155739724636,0.014783881604671478,0.2792287617921829,2.2782450020313263,0.0001,0.440076694637537
2891,0.44126345589756966,0.14544692914932966,0.014765597879886627,0.28105092979967594,2.3014971986413,0.0001,0.4402945935726166
2892,0.4395998362451792,0.14540600590407848,0.014715433120727539,0.279478395357728,2.3937640860676765,0.0001,0.44021631609648465
2893,0.4385608918964863,0.145351923070848,0.014837361872196198,0.27837160788476467,2.2082869485020638,0.0001,0.4400646984577179
2894,0.4423005226999521,0.14530094899237156,0.01490495353937149,0.2820946183055639,2.117824003100395,0.0001,0.440217462554574
2895,0.4366929139941931,0.14554309286177158,0.014787167310714722,0.27636265382170677,2.0926272869110107,0.0001,0.43986248709261416
2896,0.43779717199504375,0.14537485968321562,0.014659397304058075,0.27776291593909264,2.1236837059259415,0.0001,0.44004611056298015
2897,0.4382381234318018,0.14565064664930105,0.014694981276988983,0.27789249271154404,2.316198915243149,0.0001,0.4397442568093538
2898,0.44024065323174,0.14574484806507826,0.014757834374904633,0.27973797358572483,2.5395311415195465,0.0001,0.4396965863183141
2899,0.43419027514755726,0.14543589483946562,0.014854371547698975,0.2739000115543604,2.3124199882149696,0.0001,0.43885120619088414
2900,0.43875616043806076,0.14557320065796375,0.014882944524288177,0.278300017118454,2.1720496341586113,0.0001,0.4387640004977584
2901,0.4397746566683054,0.14529819041490555,0.014724083244800568,0.2797523830085993,1.886174164712429,0.0001,0.438615120574832
2902,0.44077676348388195,0.1455094125121832,0.014891855418682098,0.28037549927830696,2.014321878552437,0.0001,0.43873281329870223
2903,0.43988189846277237,0.14540044777095318,0.014740750193595886,0.27974070608615875,2.130537785589695,0.0001,0.43886491395533084
2904,0.44531955011188984,0.14550635311752558,0.01471363753080368,0.28509955666959286,2.057905800640583,0.0001,0.43916681669652463
2905,0.4366132691502571,0.1454741135239601,0.014692708849906921,0.2764464430510998,2.1235352754592896,0.0001,0.439158852212131
2906,0.43980851396918297,0.14552770741283894,0.014798782765865326,0.27948202192783356,2.0529537349939346,0.0001,0.43935998640954493
2907,0.4422735162079334,0.14554511941969395,0.014854423701763153,0.2818739712238312,2.487485706806183,0.0001,0.4397635256871581
2908,0.4355179127305746,0.14556253887712955,0.014765441417694092,0.27518993243575096,2.5364096984267235,0.0001,0.4392912516370416
2909,0.4376122523099184,0.14536483027040958,0.014890588819980621,0.27735683508217335,2.288715735077858,0.0001,0.4396334493532777
2910,0.4407332204282284,0.14538955315947533,0.01487024873495102,0.28047341480851173,2.1926055625081062,0.0001,0.43983115535229445
2911,0.43988250009715557,0.1454142527654767,0.014659255743026733,0.2798089925199747,2.234908200800419,0.0001,0.4398419396951795
2912,0.43828397803008556,0.1455231374129653,0.014794521033763885,0.27796632423996925,2.155859373509884,0.0001,0.43959266114979983
2913,0.4375506080687046,0.14550071954727173,0.014798440039157867,0.27725144661962986,2.30241996049881,0.0001,0.439359532110393
2914,0.4402496423572302,0.14540185779333115,0.014785774052143097,0.28006201051175594,2.3074145540595055,0.0001,0.43885254133492707
2915,0.43887168541550636,0.14530830550938845,0.014715105295181274,0.2788482755422592,1.97152478992939,0.0001,0.439078382961452
2916,0.44238870963454247,0.1455508368089795,0.014751888811588287,0.28208598494529724,2.0293297097086906,0.0001,0.43933640252798795
2917,0.4398827236145735,0.1455182684585452,0.014741465449333191,0.2796229887753725,2.064167469739914,0.0001,0.439097323268652
2918,0.43944043293595314,0.14532018825411797,0.014834679663181305,0.279285566881299,2.1279303058981895,0.0001,0.4394895752891898
2919,0.4402756541967392,0.1452781232073903,0.014749400317668915,0.2802481334656477,2.2367357835173607,0.0001,0.4397559154778719
2920,0.4402425289154053,0.14538391586393118,0.014707736670970917,0.28015088103711605,1.999369665980339,0.0001,0.4397068463265896
2921,0.43257755413651466,0.14567634090781212,0.014689914882183075,0.27221129834651947,2.666007399559021,0.0001,0.4389763517305255
2922,0.441454503685236,0.14553259033709764,0.014874890446662903,0.28104702569544315,2.5723860561847687,0.0001,0.4392934042960405
2923,0.44078389555215836,0.14552102144807577,0.014951810240745544,0.28031106665730476,2.5438634008169174,0.0001,0.4396167330443859
2924,0.4354259464889765,0.1454327069222927,0.014898926019668579,0.27509431540966034,2.352706842124462,0.0001,0.4391343634575605
2925,0.4412124268710613,0.14519507251679897,0.014718055725097656,0.28129929676651955,2.032656393945217,0.0001,0.43936843760311606
2926,0.43938906490802765,0.14544582832604647,0.014927588403224945,0.2790156416594982,2.3177630007267,0.0001,0.43906847313046454
2927,0.4347653277218342,0.14545854646712542,0.014854013919830322,0.2744527645409107,1.8207173123955727,0.0001,0.4385567335411906
2928,0.4391623418778181,0.1453612120822072,0.014876328408718109,0.27892480231821537,2.118823818862438,0.0001,0.4385289244353771
2929,0.4384416248649359,0.14533178322017193,0.014799654483795166,0.27831018157303333,2.2865979075431824,0.0001,0.4383455215021968
2930,0.43777915090322495,0.14545408356934786,0.014848262071609497,0.27747680712491274,2.189518854022026,0.0001,0.4380991837009788
2931,0.44160666689276695,0.14548873249441385,0.014815233647823334,0.28130269795656204,2.4760310873389244,0.0001,0.439002094976604
2932,0.4452077317982912,0.14539592061191797,0.014746889472007751,0.28506492264568806,2.617057718336582,0.0001,0.4393774177879095
2933,0.43984504975378513,0.1453271470963955,0.014732450246810913,0.2797854542732239,2.623407430946827,0.0001,0.4392835332080722
2934,0.4402149561792612,0.1455238601192832,0.014782518148422241,0.2799085732549429,2.53774581104517,0.0001,0.43976243417710065
2935,0.4372963309288025,0.14535563066601753,0.014720194041728973,0.277220506221056,2.4824004024267197,0.0001,0.4393708245828748
2936,0.4406721964478493,0.14528927858918905,0.014819048345088959,0.28056386671960354,2.3641304075717926,0.0001,0.43949913773685695
2937,0.4365076329559088,0.14553511049598455,0.014636620879173279,0.27633590064942837,2.5205453783273697,0.0001,0.4396733682602644
2938,0.4374937489628792,0.14526717364788055,0.014729656279087067,0.277496924623847,2.0168238431215286,0.0001,0.4395065089687705
2939,0.44070922024548054,0.14551469404250383,0.014866448938846588,0.28032808005809784,1.9658327773213387,0.0001,0.439733268506825
2940,0.43608514964580536,0.14543427806347609,0.015021160244941711,0.27562970854341984,1.9233660325407982,0.0001,0.439563868381083
2941,0.435447096824646,0.14554512687027454,0.01472281664609909,0.27517915330827236,2.0920588448643684,0.0001,0.4389479113742709
2942,0.43588956631720066,0.1452601533383131,0.014975681900978088,0.2756537329405546,1.9937428385019302,0.0001,0.4380160948261619
2943,0.4344552792608738,0.14534880220890045,0.014865681529045105,0.2742407936602831,2.2860997915267944,0.0001,0.4374771177768707
2944,0.4420489575713873,0.14543115347623825,0.014888182282447815,0.2817296199500561,2.1919321790337563,0.0001,0.43766051791608335
2945,0.4396091066300869,0.14532886911183596,0.01498238742351532,0.2792978510260582,2.255721904337406,0.0001,0.43789179548621177
2946,0.4371570833027363,0.14537348691374063,0.014803960919380188,0.27697963640093803,1.952148973941803,0.0001,0.4375402841717005
2947,0.43989880196750164,0.145508024841547,0.014816343784332275,0.27957443334162235,2.1978200003504753,0.0001,0.4378794010728598
2948,0.44035483710467815,0.14536568615585566,0.014890581369400024,0.2800985723733902,2.1645012348890305,0.0001,0.4381655098870397
2949,0.4350587371736765,0.14527983404695988,0.014829076826572418,0.27494982443749905,2.0374065190553665,0.0001,0.43760046157985927
2950,0.44141180999577045,0.1453827377408743,0.01484186202287674,0.2811872102320194,2.059510327875614,0.0001,0.4381331276148558
2951,0.43651053309440613,0.1452111704275012,0.014913484454154968,0.27638587541878223,2.023966856300831,0.0001,0.43823947124183177
2952,0.4414313714951277,0.14525898825377226,0.01497957855463028,0.2811928018927574,1.896324634552002,0.0001,0.4387936517596245
2953,0.43971389904618263,0.14542142860591412,0.014888972043991089,0.2794035002589226,2.0026862025260925,0.0001,0.43931951373815536
2954,0.44102674536406994,0.145494282245636,0.014818534255027771,0.28071393072605133,2.555364526808262,0.0001,0.43921729251742364
2955,0.4442332163453102,0.14522588066756725,0.014703288674354553,0.2843040507286787,2.3030945137143135,0.0001,0.43967970348894597
2956,0.4371797274798155,0.14502504747360945,0.014835841953754425,0.27731884084641933,1.9155398532748222,0.0001,0.43968196790665387
2957,0.4395648743957281,0.1453574625775218,0.014811865985393524,0.2793955411761999,1.9398043602705002,0.0001,0.43964857514947653
2958,0.4360751863569021,0.14514223858714104,0.014750070869922638,0.27618287317454815,1.942560151219368,0.0001,0.4392206100746989
2959,0.43733066879212856,0.1453973390161991,0.014988809823989868,0.2769445236772299,2.1616732105612755,0.0001,0.43944780323654414
2960,0.4371916204690933,0.14537341240793467,0.015085525810718536,0.27673268504440784,2.0860156044363976,0.0001,0.4390257842838764
2961,0.4396345540881157,0.145433128811419,0.014820210635662079,0.2793812174350023,2.4986876845359802,0.0001,0.4393381863832474
2962,0.43888176046311855,0.1454468695446849,0.014721117913722992,0.27871377393603325,2.3720653131604195,0.0001,0.43908322528004645
2963,0.4456584509462118,0.14529099222272635,0.014715760946273804,0.2856516968458891,2.3061462864279747,0.0001,0.4396776804700494
2964,0.43933198042213917,0.14541384670883417,0.014812417328357697,0.2791057154536247,2.353232130408287,0.0001,0.4395082039758563
2965,0.4349275007843971,0.14546564500778913,0.014681421220302582,0.274780435487628,2.2897331714630127,0.0001,0.438577632419765
2966,0.4367716982960701,0.14536782819777727,0.014912910759449005,0.2764909565448761,2.4047541692852974,0.0001,0.43853682950139045
2967,0.44432841427624226,0.1454111523926258,0.014802612364292145,0.284114645794034,2.3083683103322983,0.0001,0.43901318348944185
2968,0.43750436417758465,0.1452689040452242,0.01470116525888443,0.27753429114818573,2.3202366083860397,0.0001,0.4391561012715101
2969,0.4371443837881088,0.1456274213269353,0.014759190380573273,0.27675777301192284,2.5692268535494804,0.0001,0.43913747277110815
2970,0.4351492580026388,0.14538656640797853,0.014814503490924835,0.2749481871724129,2.531688764691353,0.0001,0.4389332365244627
2971,0.43412016332149506,0.14522804878652096,0.014824606478214264,0.2740675136446953,2.341990500688553,0.0001,0.43838179744780065
2972,0.4373087827116251,0.14528960455209017,0.014875680208206177,0.2771434970200062,2.2424076944589615,0.0001,0.4382244996726513
2973,0.4388896096497774,0.14534928649663925,0.01476229727268219,0.27877802588045597,2.251109428703785,0.0001,0.43754761554300786
2974,0.4383921790868044,0.14519466552883387,0.014567002654075623,0.2786305118352175,2.205291211605072,0.0001,0.43745363540947435
2975,0.43670514039695263,0.14517329540103674,0.014792092144489288,0.276739751920104,1.9422609433531761,0.0001,0.4376313993707299
2976,0.43622102960944176,0.1453441921621561,0.014872454106807709,0.2760043852031231,2.2682297825813293,0.0001,0.43757633250206707
2977,0.44185382314026356,0.14536826126277447,0.014934733510017395,0.28155083023011684,2.2468775138258934,0.0001,0.4373288733884692
2978,0.438672948628664,0.14524196926504374,0.014746502041816711,0.27868447452783585,2.132797509431839,0.0001,0.43744573183357716
2979,0.4364965260028839,0.14529585093259811,0.015038557350635529,0.2761621121317148,2.0346190482378006,0.0001,0.4373809460550547
2980,0.4375140480697155,0.14536929689347744,0.014912553131580353,0.2772321943193674,2.0346176475286484,0.0001,0.4376174250617623
2981,0.43548288382589817,0.14540270064026117,0.014775723218917847,0.2753044608980417,2.287504628300667,0.0001,0.43775369711220263
2982,0.43716359324753284,0.14529420342296362,0.014955416321754456,0.2769139762967825,1.9705294519662857,0.0001,0.43773917816579344
2983,0.4336928278207779,0.14534064941108227,0.014644309878349304,0.2737078685313463,1.9387694224715233,0.0001,0.43721949998289344
2984,0.4348838999867439,0.14543041307479143,0.014871299266815186,0.2745821885764599,2.559076614677906,0.0001,0.43686867207288743
2985,0.4400100316852331,0.14547879807651043,0.014851264655590057,0.27967996522784233,2.295367583632469,0.0001,0.4371991612017155
2986,0.4394515696913004,0.14509433694183826,0.014736220240592957,0.279621010646224,1.9196152612566948,0.0001,0.4375222152099013
2987,0.4386523365974426,0.14534300193190575,0.014834761619567871,0.27847457863390446,2.2414691373705864,0.0001,0.4372020665556192
2988,0.4372694566845894,0.14532608073204756,0.014876902103424072,0.27706647478044033,2.709409326314926,0.0001,0.4370617173612118
2989,0.437761003151536,0.1452839495614171,0.014743946492671967,0.2777331043034792,2.7114817798137665,0.0001,0.437188165076077
2990,0.43207431957125664,0.145094302482903,0.014811486005783081,0.272168530151248,2.409609578549862,0.0001,0.4366441922262311
2991,0.43524706549942493,0.1453673942014575,0.014894366264343262,0.2749852994456887,2.7068508341908455,0.0001,0.4366206103935838
2992,0.43693920224905014,0.14563110936433077,0.01490534096956253,0.2764027565717697,2.6589241698384285,0.0001,0.4365981712937355
2993,0.4369436949491501,0.1451690886169672,0.01472628116607666,0.2770483233034611,2.521796338260174,0.0001,0.4369232580065727
2994,0.4358993396162987,0.14528573025017977,0.014789238572120667,0.2758243717253208,2.4894404262304306,0.0001,0.4370248019695282
2995,0.44111418165266514,0.14536385238170624,0.014727383852005005,0.28102294728159904,2.303572155535221,0.0001,0.4371352169662714
2996,0.4355702083557844,0.14542716927826405,0.014784589409828186,0.2753584496676922,2.3744044974446297,0.0001,0.4367470808327198
2997,0.4358625803142786,0.14523339364677668,0.01480972021818161,0.2758194636553526,2.1948915123939514,0.0001,0.4364681052044034
2998,0.43470387905836105,0.14529003482311964,0.014828108251094818,0.27458573691546917,2.140795573592186,0.0001,0.4362115474417806
2999,0.43774104304611683,0.14542608335614204,0.014941409230232239,0.2773735485970974,2.1410200148820877,0.0001,0.43620955143123863
3000,0.4339820612221956,0.14528539311140776,0.014895707368850708,0.27380095794796944,2.463710531592369,0.0001,0.4364003255963326
3001,0.43774609453976154,0.14531446900218725,0.014964960515499115,0.2774666678160429,2.842453971505165,0.0001,0.4366502285003662
3002,0.4337217975407839,0.14525181986391544,0.014891155064105988,0.2735788244754076,2.836898796260357,0.0001,0.4363284880295396
3003,0.4376598708331585,0.14523532055318356,0.014996074140071869,0.27742847241461277,2.7567962408065796,0.0001,0.4364001056179404
3004,0.4405284430831671,0.14532801788300276,0.01481427252292633,0.28038614988327026,2.816204383969307,0.0001,0.4368630159646273
3005,0.4358006455004215,0.1452880185097456,0.014777213335037231,0.2757354099303484,2.7652783542871475,0.0001,0.4363316623494029
3006,0.4400792866945267,0.1456076418980956,0.014770247042179108,0.27970139868557453,2.581137999892235,0.0001,0.43678257018327715
3007,0.43716671876609325,0.14550692960619926,0.014818981289863586,0.27684080228209496,2.61202385276556,0.0001,0.4369129840284586
3008,0.43998782336711884,0.1453111870214343,0.014913327991962433,0.27976330555975437,2.3705213963985443,0.0001,0.4374413784593344
3009,0.434840926900506,0.14531615562736988,0.014856591820716858,0.2746681831777096,2.4487885385751724,0.0001,0.4371513668447733
3010,0.43671740218997,0.14529706723988056,0.01487141102552414,0.27654892206192017,2.167764201760292,0.0001,0.43742490094155073
3011,0.4418223910033703,0.14532613288611174,0.014858298003673553,0.2816379629075527,2.13195563852787,0.0001,0.4378325305879116
3012,0.4374193102121353,0.14539674296975136,0.014742650091648102,0.27727991715073586,2.226476840674877,0.0001,0.4382022818550467
3013,0.4359004180878401,0.14518958516418934,0.014776922762393951,0.2759339055046439,2.4691785648465157,0.0001,0.43802633658051493
3014,0.43633277155458927,0.14529522228986025,0.014750614762306213,0.27628692984580994,2.4620606675744057,0.0001,0.43760676942765714
3015,0.4398128502070904,0.14525879360735416,0.014881625771522522,0.27967243641614914,2.458355374634266,0.0001,0.438007989898324
3016,0.43875349685549736,0.14542793203145266,0.014839395880699158,0.2784861642867327,2.3232368752360344,0.0001,0.43787541091442106
3017,0.43805177696049213,0.14522624481469393,0.014972463250160217,0.2778530679643154,2.194448098540306,0.0001,0.437963916733861
3018,0.4348075967282057,0.14522345177829266,0.01481955498456955,0.2747645899653435,2.0567638352513313,0.0001,0.43744589406996964
3019,0.4364118594676256,0.1452431119978428,0.014811486005783081,0.27635726146399975,1.9479511380195618,0.0001,0.4376029873266816
3020,0.43387559056282043,0.14545608405023813,0.014725998044013977,0.27369351126253605,2.486670657992363,0.0001,0.4373188061639667
3021,0.43644012697041035,0.14516917150467634,0.014868117868900299,0.27640284039080143,2.113004855811596,0.0001,0.43678057976067064
3022,0.4356892239302397,0.1455934951081872,0.014747627079486847,0.27534809708595276,2.387409046292305,0.0001,0.4366075711324811
3023,0.439226808026433,0.1453619385138154,0.014813289046287537,0.2790515795350075,2.1534235030412674,0.0001,0.4369402101263404
3024,0.438087310642004,0.14548502303659916,0.014792345464229584,0.2778099440038204,2.08408360183239,0.0001,0.43711566403508184
3025,0.4320356845855713,0.1452529113739729,0.014695972204208374,0.2720867991447449,2.2981436252593994,0.0001,0.43633794747293
3026,0.4340234398841858,0.14528721012175083,0.014794252812862396,0.2739419750869274,2.146821975708008,0.0001,0.4358649417757988
3027,0.4354067537933588,0.14518120791763067,0.015018254518508911,0.2752072885632515,2.2883559241890907,0.0001,0.43560043945908544
3028,0.43430424109101295,0.14540480077266693,0.014825515449047089,0.2740739230066538,2.2220468670129776,0.0001,0.4355501038953662
3029,0.4360370393842459,0.1452274164184928,0.014747455716133118,0.2760621691122651,2.2323646172881126,0.0001,0.4355126218870282
3030,0.43196061067283154,0.14527472387999296,0.01483137160539627,0.2718545123934746,2.541275627911091,0.0001,0.43532112389802935
3031,0.43849567882716656,0.14538326673209667,0.015009313821792603,0.27810310013592243,2.7635970786213875,0.0001,0.43552667908370496
3032,0.4393039792776108,0.14528630208224058,0.014987513422966003,0.27903016470372677,2.6067352443933487,0.0001,0.43588815461844205
3033,0.43609864823520184,0.1453166175633669,0.014792464673519135,0.27598955668509007,2.65323668718338,0.0001,0.43557533863931897
3034,0.43602913059294224,0.14541591983288527,0.014821968972682953,0.2757912427186966,2.7034866511821747,0.0001,0.43536952063441275
3035,0.43749708496034145,0.14528788812458515,0.014844842255115509,0.2773643583059311,2.3226354345679283,0.0001,0.4359156606718898
3036,0.4386260565370321,0.14516812097281218,0.014778070151805878,0.27867986634373665,2.337685450911522,0.0001,0.4363759223371744
3037,0.43394304253160954,0.14519090671092272,0.014815285801887512,0.27393684908747673,2.333623059093952,0.0001,0.4362295512109995
3038,0.4332172069698572,0.14543347340077162,0.014933377504348755,0.2728503569960594,2.312826208770275,0.0001,0.43612084779888394
3039,0.43251858092844486,0.14521999936550856,0.014715008437633514,0.27258357405662537,2.192160442471504,0.0001,0.4357690019533038
3040,0.43675411120057106,0.1452676998451352,0.014689140021800995,0.276797266677022,2.2366112768650055,0.0001,0.43624835200607776
3041,0.43518199026584625,0.14543195348232985,0.014714621007442474,0.27503541484475136,2.6087060645222664,0.0001,0.43591698314994576
3042,0.436076944693923,0.14525899570435286,0.014893680810928345,0.2759242616593838,2.2995662912726402,0.0001,0.43559427969157694
3043,0.43426366336643696,0.14513679314404726,0.014751732349395752,0.2743751332163811,1.9932085573673248,0.0001,0.43541078120470045
3044,0.43281663581728935,0.14526776038110256,0.014867112040519714,0.2726817615330219,2.1205090433359146,0.0001,0.43508953172713516
3045,0.43130636028945446,0.1452732253819704,0.014803625643253326,0.2712295101955533,2.233776807785034,0.0001,0.43447045926004646
3046,0.43512013368308544,0.14521787595003843,0.014795549213886261,0.27510671131312847,2.226809285581112,0.0001,0.4341198669746518
3047,0.4332963526248932,0.14507949072867632,0.014797806739807129,0.27341905795037746,2.1556989774107933,0.0001,0.4340551979839802
3048,0.4401898179203272,0.14535080082714558,0.014790154993534088,0.2800488602370024,2.422255367040634,0.0001,0.43475245907902715
3049,0.4362901169806719,0.14526088815182447,0.014735892415046692,0.2762933298945427,2.0559216812253,0.0001,0.4351296126842499
3050,0.43835526518523693,0.1453044693917036,0.014846310019493103,0.2782044894993305,1.9824567288160324,0.0001,0.4352897280827165
3051,0.43539862520992756,0.14552457444369793,0.014893509447574615,0.27498054318130016,2.313783034682274,0.0001,0.4353113915771246
3052,0.43800963647663593,0.14534011855721474,0.014904171228408813,0.2777653429657221,2.5799705237150192,0.0001,0.4355046607553959
3053,0.4371318928897381,0.14524855557829142,0.014819368720054626,0.27706397138535976,2.6639149487018585,0.0001,0.435791483707726
3054,0.43603673577308655,0.14527093805372715,0.014768779277801514,0.27599702030420303,2.590446002781391,0.0001,0.4361134937033057
3055,0.4371841009706259,0.14526836667209864,0.014852531254291534,0.27706320211291313,2.411268800497055,0.0001,0.4367012677714229
3056,0.43525918014347553,0.14508646354079247,0.014831796288490295,0.2753409221768379,2.0893453136086464,0.0001,0.4367151724174619
3057,0.4327040072530508,0.14524769131094217,0.014654338359832764,0.2728019766509533,2.2597402781248093,0.0001,0.4366559378802776
3058,0.43877212703227997,0.14518597722053528,0.014757722616195679,0.27882842533290386,2.22124807536602,0.0001,0.4365141687914729
3059,0.43790714256465435,0.14541646651923656,0.014658086001873016,0.2778325919061899,2.311541475355625,0.0001,0.4366758713498712
3060,0.4374745823442936,0.1451060902327299,0.014776691794395447,0.27759180031716824,2.05883851647377,0.0001,0.4365878030657768
3061,0.43606090173125267,0.14522956777364016,0.014766402542591095,0.27606493048369884,2.3209021985530853,0.0001,0.4366540307179093
3062,0.435783039778471,0.145269388332963,0.014849498867988586,0.27566415071487427,2.2586164250969887,0.0001,0.4364313710480928
3063,0.4303861130028963,0.14521931484341621,0.014820389449596405,0.27034641057252884,2.190415896475315,0.0001,0.4357567930594087
3064,0.43695342913269997,0.14513156935572624,0.014745578169822693,0.27707627415657043,2.2442599087953568,0.0001,0.43584846239537
3065,0.43834556825459003,0.14512078277766705,0.014830105006694794,0.2783946804702282,2.124606564640999,0.0001,0.43596460912376644
3066,0.4332742262631655,0.14537029154598713,0.014953434467315674,0.27295049745589495,2.478348046541214,0.0001,0.4357661137357354
3067,0.43535582534968853,0.14534633979201317,0.014723159372806549,0.27528632804751396,2.242373540997505,0.0001,0.4360312955453992
3068,0.4334877282381058,0.14518159814178944,0.01473604142665863,0.27357008308172226,2.226583518087864,0.0001,0.4355028556659818
3069,0.4381519202142954,0.145133126527071,0.014740318059921265,0.2782784774899483,2.1530398204922676,0.0001,0.43552733343094585
3070,0.4293461237102747,0.14533125050365925,0.014765337109565735,0.26924953050911427,2.485146500170231,0.0001,0.434714487567544
3071,0.4397347215563059,0.14519938081502914,0.015000380575656891,0.27953496389091015,2.341883607208729,0.0001,0.4350818695500493
3072,0.4347840566188097,0.14512387197464705,0.014915838837623596,0.27474434673786163,2.1529304459691048,0.0001,0.43498197123408316
3073,0.43336431309580803,0.14533387497067451,0.014773830771446228,0.27325660549104214,2.1679326221346855,0.0001,0.43527979124337435
3074,0.4367992430925369,0.14516548532992601,0.014922402799129486,0.276711355894804,2.2209554612636566,0.0001,0.435264372639358
3075,0.43698256835341454,0.14527817629277706,0.014848299324512482,0.276856092736125,2.359931342303753,0.0001,0.43512807264924047
3076,0.4374469593167305,0.1452678507193923,0.014685079455375671,0.2774940337985754,2.245641775429249,0.0001,0.435545345954597
3077,0.43479388393461704,0.14526464883238077,0.014829553663730621,0.2746996842324734,2.4175924956798553,0.0001,0.43548915181308984
3078,0.43578920513391495,0.14493134524673223,0.01498192548751831,0.275875935330987,2.174793504178524,0.0001,0.43571929950267074
3079,0.4334263615310192,0.14535287488251925,0.014797769486904144,0.27327571995556355,2.7548025846481323,0.0001,0.4352467436343431
3080,0.4366695173084736,0.1451920848339796,0.014849402010440826,0.2766280323266983,2.5888662859797478,0.0001,0.43597908299416305
3081,0.4396186415106058,0.14536218997091055,0.014863371849060059,0.2793930806219578,2.261881075799465,0.0001,0.43596747498959304
3082,0.43499239161610603,0.14505087584257126,0.014913216233253479,0.275028295814991,2.1577210426330566,0.0001,0.4359883084893227
3083,0.4372016005218029,0.1449986668303609,0.01496569812297821,0.2772372327744961,1.7258318439126015,0.0001,0.43637203723192214
3084,0.4388599079102278,0.14542703330516815,0.015002012252807617,0.2784308660775423,2.156855247914791,0.0001,0.4365781037136912
3085,0.43108297511935234,0.14523463044315577,0.014906875789165497,0.2709414679557085,2.5680050179362297,0.0001,0.435988144390285
3086,0.4333200231194496,0.14510199334472418,0.014838911592960358,0.27337911538779736,2.3005155250430107,0.0001,0.4355754507705569
3087,0.43962470069527626,0.14514183718711138,0.01482398808002472,0.2796588782221079,2.424583986401558,0.0001,0.43605853244662285
3088,0.43820446357131004,0.14503303170204163,0.01469249278306961,0.27847893722355366,2.1491242349147797,0.0001,0.43630005829036234
3089,0.437022952362895,0.14518256019800901,0.01476643979549408,0.27707395143806934,1.966312013566494,0.0001,0.4366597173735499
3090,0.43764652870595455,0.14503260608762503,0.014789663255214691,0.2778242602944374,2.347750201821327,0.0001,0.436757418513298
3091,0.4351933244615793,0.14519582968205214,0.014819294214248657,0.2751782014966011,2.5621897503733635,0.0001,0.43631488680839536
3092,0.43315282464027405,0.14532574266195297,0.014795735478401184,0.2730313390493393,2.789970099925995,0.0001,0.43613093011081216
3093,0.4334877524524927,0.14496596157550812,0.014843367040157318,0.2736784275621176,2.761190488934517,0.0001,0.43575954530388117
3094,0.44059637375175953,0.14511503372341394,0.014788545668125153,0.28069279342889786,2.7154537737369537,0.0001,0.43593319188803437
3095,0.43092574551701546,0.14513359870761633,0.014756865799427032,0.2710352875292301,2.507329948246479,0.0001,0.43591746892780064
3096,0.4355365391820669,0.1451524356380105,0.014817260205745697,0.275566840544343,2.561646059155464,0.0001,0.4361391205340624
3097,0.4373440332710743,0.14504835288971663,0.014821678400039673,0.2774740010499954,2.506846398115158,0.0001,0.4359110537916422
3098,0.4328511133790016,0.14517693873494864,0.014800488948822021,0.2728736773133278,2.371612548828125,0.0001,0.4353757187724113
3099,0.435525743290782,0.14521649945527315,0.014936737716197968,0.2753725051879883,2.035303622484207,0.0001,0.43522599786520005
3100,0.4360432717949152,0.1452233111485839,0.014916390180587769,0.27590357325971127,2.4180786535143852,0.0001,0.4350656721740961
3101,0.435871209949255,0.14517082460224628,0.014865599572658539,0.27583478577435017,2.2137755006551743,0.0001,0.4351334607228637
3102,0.43631476908922195,0.14512571226805449,0.014775760471820831,0.2764132972806692,2.2475204840302467,0.0001,0.43544965516775846
3103,0.4399157427251339,0.14504854008555412,0.014769352972507477,0.2800978496670723,2.340131998062134,0.0001,0.43609245419502257
3104,0.43092917278409004,0.14535101782530546,0.014683321118354797,0.2708948329091072,2.4019025713205338,0.0001,0.4351257340982556
3105,0.43494450859725475,0.14542423281818628,0.014797158539295197,0.274723120033741,2.6568851470947266,0.0001,0.4355276104062796
3106,0.4350848589092493,0.14488640520721674,0.014932118356227875,0.27526633627712727,2.0157428309321404,0.0001,0.4354824423789978
3107,0.43568048253655434,0.14523981511592865,0.014790825545787811,0.2756498344242573,2.3145827427506447,0.0001,0.43531608730554583
3108,0.42834982462227345,0.145284459926188,0.014867812395095825,0.2681975532323122,2.5537809282541275,0.0001,0.43486595842987297
3109,0.44042542204260826,0.1451465617865324,0.014972731471061707,0.28030612878501415,2.211832605302334,0.0001,0.4353559263050556
3110,0.4342485535889864,0.14503385592252016,0.014993570744991302,0.2742211315780878,2.0170253962278366,0.0001,0.43517645448446274
3111,0.43616333417594433,0.1451781438663602,0.015004768967628479,0.27598042227327824,2.2420557364821434,0.0001,0.4352056669071317
3112,0.4357971362769604,0.14515632204711437,0.01488068699836731,0.27576012536883354,2.302551433444023,0.0001,0.4351539036259055
3113,0.43607616052031517,0.1451394446194172,0.014892533421516418,0.2760441768914461,2.263141483068466,0.0001,0.43476994540542363
3114,0.43204983510077,0.14505462255328894,0.014930382370948792,0.27206483110785484,2.486594930291176,0.0001,0.4348820116370916
3115,0.429396640509367,0.1450789077207446,0.014981001615524292,0.26933672837913036,2.0802846774458885,0.0001,0.4343272248283029
3116,0.4339718632400036,0.14526513684540987,0.01483878493309021,0.27386794425547123,2.0689167082309723,0.0001,0.4342159252613783
3117,0.43528163246810436,0.1453287936747074,0.014847934246063232,0.2751049045473337,2.297355994582176,0.0001,0.43417604025453327
3118,0.43489709682762623,0.144993188790977,0.014918588101863861,0.2749853190034628,2.177931696176529,0.0001,0.43483076747506855
3119,0.43207315541803837,0.14488012064248323,0.014954894781112671,0.2722381418570876,2.0785084515810013,0.0001,0.4339955408126116
3120,0.43538035079836845,0.14513128343969584,0.01475890725851059,0.27549015916883945,2.3152670338749886,0.0001,0.43410872053354976
3121,0.43654549680650234,0.14495039731264114,0.01491306722164154,0.2766820341348648,2.4519220367074013,0.0001,0.4341469367966056
3122,0.43332862854003906,0.1452796459197998,0.014836333692073822,0.2732126470655203,2.349705033004284,0.0001,0.43390008602291347
3123,0.43568709306418896,0.14523655269294977,0.014891095459461212,0.27555944584310055,2.354632221162319,0.0001,0.43386117927730083
3124,0.4322476461529732,0.14527659118175507,0.014840185642242432,0.2721308711916208,2.353926233947277,0.0001,0.43388096038252116
3125,0.4321221075952053,0.14527524914592505,0.014830067753791809,0.2720167934894562,2.6600064635276794,0.0001,0.434153507091105
3126,0.4360521510243416,0.1452740542590618,0.014805525541305542,0.27597257122397423,2.708476945757866,0.0001,0.4343615358695388
3127,0.43509911373257637,0.14515861310064793,0.014786548912525177,0.27515395171940327,2.6742395013570786,0.0001,0.434343283995986
3128,0.43847474455833435,0.14516968745738268,0.014742322266101837,0.2785627357661724,2.0562638714909554,0.0001,0.4347010487690568
3129,0.43375803530216217,0.1451298873871565,0.01475100964307785,0.27387713454663754,2.289421781897545,0.0001,0.4348695367574692
3130,0.4411673713475466,0.1449835952371359,0.014839544892311096,0.28134422190487385,1.904767818748951,0.0001,0.435448238812387
3131,0.43198693357408047,0.14519474655389786,0.014725901186466217,0.2720662858337164,2.0651296004652977,0.0001,0.4349923824891448
3132,0.43364867754280567,0.14514912385493517,0.01477368175983429,0.2737258728593588,1.892793595790863,0.0001,0.43502438738942145
3133,0.43587679602205753,0.1452360050752759,0.014797613024711609,0.27584317699074745,2.2119856402277946,0.0001,0.4350433576852083
3134,0.4325044509023428,0.1451694816350937,0.014909639954566956,0.2724253283813596,2.1504338458180428,0.0001,0.4350690381601453
3135,0.4364635366946459,0.14514111541211605,0.01480025053024292,0.2765221670269966,2.214128904044628,0.0001,0.43550318107008934
3136,0.4381855074316263,0.14513632468879223,0.014828182756900787,0.27822099812328815,2.2275002002716064,0.0001,0.4357165167108178
3137,0.4334167577326298,0.14517018105834723,0.014882206916809082,0.2733643688261509,2.3709395825862885,0.0001,0.43554828111082317
3138,0.4352786708623171,0.14523907285183668,0.014857985079288483,0.2751816092059016,2.300572082400322,0.0001,0.43522867374122143
3139,0.43407098948955536,0.14506767224520445,0.014782369136810303,0.27422094717621803,2.1742159724235535,0.0001,0.43525996915996074
3140,0.43338961713016033,0.14507783483713865,0.01493149995803833,0.2733802814036608,2.1559649854898453,0.0001,0.4344821937382221
3141,0.43334454111754894,0.1449191439896822,0.014919854700565338,0.2735055387020111,2.0790684148669243,0.0001,0.43461795449256896
3142,0.4335906859487295,0.14503192715346813,0.015121936798095703,0.2734368219971657,2.2201108187437057,0.0001,0.43461215533316133
3143,0.43800033815205097,0.14499950595200062,0.014995083212852478,0.2780057471245527,2.058380886912346,0.0001,0.4348245095461607
3144,0.433395080268383,0.14518496487289667,0.014865987002849579,0.2733441274613142,2.0570279136300087,0.0001,0.43491357248276474
3145,0.4344779644161463,0.14518075995147228,0.014875553548336029,0.2744216565042734,2.186682067811489,0.0001,0.43471501525491474
3146,0.43341671489179134,0.14508116152137518,0.01483725756406784,0.2734982976689935,2.1035687923431396,0.0001,0.43423813600093125
3147,0.43765369057655334,0.14500543847680092,0.014782600104808807,0.2778656557202339,2.0659210607409477,0.0001,0.4346618292853236
3148,0.43201106414198875,0.14522404503077269,0.014799080789089203,0.27198793552815914,2.101744055747986,0.0001,0.4343350686132908
3149,0.43324028328061104,0.1450487533584237,0.014907203614711761,0.27328432351350784,1.8438473716378212,0.0001,0.43425199799239633
3150,0.43382314406335354,0.1453003315255046,0.015042006969451904,0.2734808027744293,2.0090287178754807,0.0001,0.4342953506857157
3151,0.4400858823210001,0.1451840689405799,0.014952175319194794,0.27994963712990284,2.4894822388887405,0.0001,0.4349694848060608
3152,0.43289423547685146,0.14504228997975588,0.014934711158275604,0.2729172334074974,2.5838377699255943,0.0001,0.434899839758873
3153,0.4329815190285444,0.14502650871872902,0.014826975762844086,0.2731280345469713,2.4095995649695396,0.0001,0.43439795784652235
3154,0.43420521542429924,0.145028923638165,0.014856711030006409,0.2743195854127407,2.441400147974491,0.0001,0.43447897136211394
3155,0.4326904024928808,0.14502479322254658,0.015041269361972809,0.27262434363365173,2.275182768702507,0.0001,0.4343002151697874
3156,0.43146099150180817,0.14529202040284872,0.014990933239459991,0.2711780425161123,2.5784834027290344,0.0001,0.4341046428307891
3157,0.4322555400431156,0.14498460572212934,0.01480034738779068,0.2724705897271633,1.9859318509697914,0.0001,0.4335648277774453
3158,0.4340886939316988,0.14514218643307686,0.015022069215774536,0.2739244345575571,2.086871027946472,0.0001,0.43377259075641633
3159,0.43563520163297653,0.14527608640491962,0.014893859624862671,0.27546525560319424,2.2152154743671417,0.0001,0.43401208259165286
3160,0.43390437960624695,0.14513045269995928,0.014939919114112854,0.2738340077921748,2.27523510158062,0.0001,0.4340202061459422
3161,0.43338601291179657,0.14512120746076107,0.014971323311328888,0.27329348493367434,2.4299153983592987,0.0001,0.43335021920502187
3162,0.43637422285974026,0.1450712736696005,0.014925137162208557,0.2763778157532215,2.2421785444021225,0.0001,0.43369821794331076
3163,0.43544091284275055,0.14504237100481987,0.014855414628982544,0.27554312720894814,2.2454594895243645,0.0001,0.43394415732473135
3164,0.432648453861475,0.14509742055088282,0.01489201933145523,0.27265900932252407,2.3744282349944115,0.0001,0.4337884811684489
3165,0.434309309348464,0.14521812088787556,0.014919973909854889,0.27417121082544327,2.5403308048844337,0.0001,0.43395037185400726
3166,0.4306830167770386,0.1451145624741912,0.014829874038696289,0.2707385756075382,2.114939235150814,0.0001,0.43387257438153026
3167,0.43416670337319374,0.14510698057711124,0.014922887086868286,0.2741368357092142,1.9097696766257286,0.0001,0.4340636907145381
3168,0.437104307115078,0.14500705525279045,0.014994338154792786,0.27710291743278503,1.9534513428807259,0.0001,0.434365252032876
3169,0.43294444121420383,0.14517724234610796,0.014740996062755585,0.273026205599308,2.1829200983047485,0.0001,0.43409617599099876
3170,0.43296743370592594,0.145124570466578,0.014839507639408112,0.27300335839390755,2.243076652288437,0.0001,0.43400248140096664
3171,0.4306706879287958,0.14512540213763714,0.01483307033777237,0.27071221731603146,2.34547358751297,0.0001,0.43373094890266656
3172,0.43595030903816223,0.14491104241460562,0.014907322824001312,0.2761319484561682,2.1705439165234566,0.0001,0.4336885575205088
3173,0.43390422500669956,0.14502567425370216,0.014976799488067627,0.2739017531275749,2.0233964025974274,0.0001,0.43353488873690366
3174,0.43119156919419765,0.14498968422412872,0.015067130327224731,0.27113475650548935,2.0735321044921875,0.0001,0.4333892002701759
3175,0.433241818100214,0.14533894043415785,0.015132077038288116,0.27277080342173576,2.455289974808693,0.0001,0.4332824511453509
3176,0.4312997069209814,0.14514990709722042,0.014926061034202576,0.2712237425148487,2.338344857096672,0.0001,0.4333441201597452
3177,0.43158088997006416,0.1448886627331376,0.01502487063407898,0.27166735380887985,1.9600959867238998,0.0001,0.43308553881943224
3178,0.4307120777666569,0.1451279940083623,0.014833837747573853,0.2707502469420433,2.15221356600523,0.0001,0.43244631588459015
3179,0.4384185466915369,0.14510194119066,0.014935754239559174,0.27838084660470486,2.7172621190547943,0.0001,0.4329937264323235
3180,0.4305763617157936,0.14504149369895458,0.01499105989933014,0.27054380625486374,2.4100043177604675,0.0001,0.4327546192333102
3181,0.43584202602505684,0.14522380754351616,0.01508340984582901,0.27553480863571167,2.513166442513466,0.0001,0.4332717530429363
3182,0.43608231469988823,0.14512436464428902,0.014799043536186218,0.276158906519413,2.2549442797899246,0.0001,0.4332849536091089
3183,0.4296941049396992,0.14489140547811985,0.014880552887916565,0.2699221419170499,2.454272873699665,0.0001,0.4328639416024089
3184,0.4368609245866537,0.1450642989948392,0.01501147449016571,0.27678515389561653,2.5755316615104675,0.0001,0.4334308771416545
3185,0.4356011524796486,0.14490136224776506,0.015008658170700073,0.2756911367177963,2.242362916469574,0.0001,0.43366681057959794
3186,0.43200233578681946,0.14482629299163818,0.014839686453342438,0.27233635634183884,1.7815388590097427,0.0001,0.43373707346618173
3187,0.43729643151164055,0.14502821397036314,0.014907725155353546,0.27736048959195614,2.0337672382593155,0.0001,0.4343086276203394
3188,0.4357841145247221,0.14528011716902256,0.015201456844806671,0.27530254423618317,2.4581382423639297,0.0001,0.4348158312961459
3189,0.43291258811950684,0.14508610405027866,0.014866650104522705,0.27295983862131834,2.6880457997322083,0.0001,0.4342652354389429
3190,0.4302863944321871,0.14503097627311945,0.014834143221378326,0.2704212721437216,2.7586578726768494,0.0001,0.43423623871058226
3191,0.42978394962847233,0.14480519574135542,0.01500113308429718,0.2699776217341423,2.641400024294853,0.0001,0.4336304310709238
3192,0.43321944028139114,0.14488482661545277,0.01488862931728363,0.27344598807394505,2.6312883496284485,0.0001,0.4333441436290741
3193,0.4348864462226629,0.14516173116862774,0.015027940273284912,0.2746967729181051,2.6576802656054497,0.0001,0.4338633777573705
3194,0.4330668281763792,0.14516291208565235,0.014878809452056885,0.27302510663866997,2.589382082223892,0.0001,0.43348396811634304
3195,0.4344472885131836,0.14501497521996498,0.014813341200351715,0.27461897023022175,2.7960718274116516,0.0001,0.4333685817196965
3196,0.43955429643392563,0.14495933335274458,0.014828413724899292,0.27976655028760433,2.483928218483925,0.0001,0.43412377778440714
3197,0.4297422505915165,0.14517061412334442,0.014773011207580566,0.2697986261919141,2.2417293190956116,0.0001,0.43336835969239473
3198,0.43404307030141354,0.14528040401637554,0.01474078744649887,0.2740218788385391,2.784103937447071,0.0001,0.4331942552700639
3199,0.43367393501102924,0.1451744195073843,0.01484692096710205,0.27365259174257517,2.678496979176998,0.0001,0.43327038995921613
3200,0.4323455523699522,0.1449817568063736,0.014903388917446136,0.2724604085087776,2.4592316672205925,0.0001,0.4334763057529926
3201,0.4333672169595957,0.14515190292149782,0.014842025935649872,0.2733732834458351,2.5858054384589195,0.0001,0.433834632486105
3202,0.43193328380584717,0.14499919954687357,0.014942876994609833,0.27199120819568634,2.384732484817505,0.0001,0.4337060168385506
3203,0.43298632465302944,0.14509559515863657,0.014984168112277985,0.27290655858814716,2.596059665083885,0.0001,0.43351600468158724
3204,0.43444214574992657,0.14513439126312733,0.014936424791812897,0.27437132969498634,2.4635954052209854,0.0001,0.43365353643894194
3205,0.4321114029735327,0.14506617654114962,0.014902323484420776,0.2721429020166397,2.416988007724285,0.0001,0.43341994788497684
3206,0.43538867868483067,0.14500729367136955,0.014967493712902069,0.27541389130055904,2.32343203574419,0.0001,0.4330033861100674
3207,0.4291228521615267,0.14495023246854544,0.015029773116111755,0.26914284378290176,2.278171978890896,0.0001,0.4329414462670684
3208,0.43585528433322906,0.14511751662939787,0.01492907851934433,0.2758086957037449,2.3318028077483177,0.0001,0.43312266767024993
3209,0.4287193492054939,0.1452070139348507,0.014903582632541656,0.2686087526381016,2.3426683396101,0.0001,0.43262720908969643
3210,0.4352856483310461,0.1450484562665224,0.0150003582239151,0.27523683570325375,2.362103946506977,0.0001,0.4329212186858058
3211,0.43285039253532887,0.1451435349881649,0.014945648610591888,0.2727612089365721,2.451809674501419,0.0001,0.4328695362433791
3212,0.43214829079806805,0.14512035623192787,0.014805607497692108,0.27222233079373837,2.5612879395484924,0.0001,0.4328910369426012
3213,0.4318354930728674,0.14471782743930817,0.014840424060821533,0.272277245298028,2.1207532212138176,0.0001,0.432775953784585
3214,0.43105234391987324,0.14515285659581423,0.015063218772411346,0.2708362676203251,2.731439769268036,0.0001,0.4324369736015797
3215,0.43490157276391983,0.14530895743519068,0.01485646516084671,0.27473614923655987,2.778605565428734,0.0001,0.4327159905806184
3216,0.43310105614364147,0.14490722864866257,0.014918163418769836,0.2732756622135639,2.6224869936704636,0.0001,0.43248722832649944
3217,0.42900651320815086,0.14513397961854935,0.014865279197692871,0.2690072562545538,2.6310485005378723,0.0001,0.4324755944311619
3218,0.43415885232388973,0.1451681200414896,0.015023291110992432,0.27396743930876255,2.5692275762557983,0.0001,0.43230595123022797
3219,0.4389550667256117,0.1450409283861518,0.01483762264251709,0.2790765166282654,2.590414345264435,0.0001,0.4333295229822397
3220,0.4305660407990217,0.14505342859774828,0.014718502759933472,0.2707941122353077,2.302523359656334,0.0001,0.43285756222903726
3221,0.4321599677205086,0.1450277054682374,0.014870323240756989,0.2722619380801916,2.289606787264347,0.0001,0.4327885197475553
3222,0.4304583314806223,0.14533857349306345,0.014845237135887146,0.27027451805770397,2.337408021092415,0.0001,0.4326195238158107
3223,0.43357820995151997,0.14478440582752228,0.014956027269363403,0.27383777499198914,2.276890143752098,0.0001,0.4327937955036759
3224,0.4342951774597168,0.1450486248359084,0.01488400250673294,0.27436255291104317,2.3046094328165054,0.0001,0.4331180788576603
3225,0.4313252102583647,0.14488316234201193,0.014811046421527863,0.27163100242614746,1.900197558104992,0.0001,0.4327604426071048
3226,0.43379386328160763,0.14504303596913815,0.014967493712902069,0.2737833335995674,1.9947739839553833,0.0001,0.4328297233209014
3227,0.4303820729255676,0.14491394255310297,0.014994964003562927,0.2704731598496437,2.063160263001919,0.0001,0.43296727929264306
3228,0.4336320832371712,0.145103482529521,0.014944411814212799,0.2735841851681471,2.2311361879110336,0.0001,0.4329146023839712
3229,0.42818091809749603,0.14496808219701052,0.01481986790895462,0.2683929670602083,2.052755482494831,0.0001,0.4318371875211596
3230,0.428805410861969,0.14508118946105242,0.014832556247711182,0.26889166329056025,1.965977780520916,0.0001,0.43166112452745437
3231,0.43394499085843563,0.14514462277293205,0.014981627464294434,0.2738187424838543,1.9305476546287537,0.0001,0.4318396268412471
3232,0.42887825705111027,0.14479807391762733,0.015037909150123596,0.2690422758460045,1.9891240522265434,0.0001,0.43168161939829586
3233,0.43253062292933464,0.1450380776077509,0.015115387737751007,0.2723771557211876,2.284646265208721,0.0001,0.43157686069607737
3234,0.43094157986342907,0.14498809725046158,0.014963686466217041,0.27098979614675045,2.3095024153590202,0.0001,0.4312415009364486
3235,0.4309297576546669,0.14501859806478024,0.014990538358688354,0.27092062309384346,2.326365441083908,0.0001,0.4312019556760788
3236,0.43120579794049263,0.14506142493337393,0.014923758804798126,0.2712206179276109,2.075680933892727,0.0001,0.4309431491419673
3237,0.43266127072274685,0.14495862275362015,0.015057668089866638,0.2726449742913246,2.3632555082440376,0.0001,0.4311710689216852
3238,0.43291840702295303,0.1449357606470585,0.014759108424186707,0.2732235360890627,2.37871016561985,0.0001,0.4310997013002634
3239,0.4334944300353527,0.14496189821511507,0.014837861061096191,0.2736946688964963,2.068717837333679,0.0001,0.4316310524940491
3240,0.4297546688467264,0.14478031732141972,0.01483214646577835,0.2701422106474638,2.0606005787849426,0.0001,0.4317259782925248
3241,0.43411340937018394,0.14487991482019424,0.01495756208896637,0.27427593246102333,2.2862247824668884,0.0001,0.43174282014369963
3242,0.4320058189332485,0.1448560655117035,0.015038162469863892,0.2721115928143263,2.2418979853391647,0.0001,0.4320555763319135
3243,0.4341604206711054,0.1448158910498023,0.01506110280752182,0.27428342774510384,2.1608958914875984,0.0001,0.43221855610609056
3244,0.434486610814929,0.14464234933257103,0.014801889657974243,0.2750423736870289,1.9950533881783485,0.0001,0.43257305920124056
3245,0.4307774342596531,0.1449304912239313,0.015024378895759583,0.2708225604146719,2.1785013526678085,0.0001,0.43255782686173916
3246,0.43353268690407276,0.1452053626999259,0.015079796314239502,0.27324752509593964,2.201763555407524,0.0001,0.4327905157580972
3247,0.42669875733554363,0.14497902616858482,0.014952383935451508,0.26676734909415245,2.679016202688217,0.0001,0.43219426441937686
3248,0.43767122365534306,0.14507300686091185,0.014945857226848602,0.27765236236155033,2.4272080063819885,0.0001,0.4326695460826159
3249,0.433337377384305,0.14512729365378618,0.014897152781486511,0.2733129281550646,2.4984591379761696,0.0001,0.43265384081751107
3250,0.4297295454889536,0.14484211802482605,0.01490820199251175,0.26997922733426094,2.3341231271624565,0.0001,0.4326513284817338
3251,0.43441900983452797,0.14505948685109615,0.014898523688316345,0.27446099929511547,2.5989605858922005,0.0001,0.4326818885281682
3252,0.433469470590353,0.1451006531715393,0.015002131462097168,0.2733666840940714,2.5754705518484116,0.0001,0.4328282536938787
3253,0.43186992034316063,0.14506901800632477,0.014928549528121948,0.2718723528087139,2.3864559456706047,0.0001,0.4325992036610842
3254,0.4351077079772949,0.1451508505269885,0.014882802963256836,0.27507405169308186,2.33664570748806,0.0001,0.4326613133773208
3255,0.434218754991889,0.14475710317492485,0.014830589294433594,0.2746310643851757,2.108778901398182,0.0001,0.43300544545054437
3256,0.43818384781479836,0.14498823508620262,0.014876000583171844,0.27831961400806904,2.568276025354862,0.0001,0.4334705615416169
3257,0.430266423150897,0.14512598980218172,0.014994978904724121,0.27014545165002346,2.6405637487769127,0.0001,0.4338273281231523
3258,0.4335973896086216,0.14505840744823217,0.014803946018218994,0.2737350445240736,2.674794554710388,0.0001,0.4334199447184801
3259,0.4300998616963625,0.1447607334703207,0.01493825763463974,0.27040087059140205,2.668767027556896,0.0001,0.43309619314968584
3260,0.429471043869853,0.14491988811641932,0.014839127659797668,0.26971202716231346,2.5350805893540382,0.0001,0.4330703429877758
3261,0.4337466452270746,0.144766035489738,0.01487019658088684,0.2741104122251272,2.581840679049492,0.0001,0.43300310652703045
3262,0.429375933483243,0.14483478758484125,0.01492675393819809,0.2696143928915262,2.061690740287304,0.0001,0.43259375281631945
3263,0.43123299442231655,0.14498525205999613,0.014841996133327484,0.2714057434350252,1.8865889683365822,0.0001,0.43253006022423507
3264,0.431279169395566,0.1449605692178011,0.014821171760559082,0.27149742655456066,2.2348645105957985,0.0001,0.4321472063660622
3265,0.43466623313724995,0.14492495823651552,0.015000440180301666,0.2747408337891102,2.0504927188158035,0.0001,0.43219195418059825
3266,0.4317242503166199,0.14496946893632412,0.014987863600254059,0.27176691871136427,2.201637253165245,0.0001,0.4315459944307804
3267,0.43415089696645737,0.14499767683446407,0.014843523502349854,0.274309691041708,2.3937616795301437,0.0001,0.4319344418123364
3268,0.4327739980071783,0.144998574629426,0.014949269592761993,0.27282615564763546,2.384924180805683,0.0001,0.4318521026521921
3269,0.4299478195607662,0.14498722832649946,0.014913506805896759,0.2700470853596926,1.998437836766243,0.0001,0.4318368984386325
3270,0.4321890138089657,0.14497020933777094,0.015034154057502747,0.2721846476197243,2.1198274046182632,0.0001,0.43210869543254377
3271,0.4341394789516926,0.14504340942949057,0.015042588114738464,0.27405348140746355,2.215360403060913,0.0001,0.43214797880500555
3272,0.43198892660439014,0.14518505614250898,0.014995194971561432,0.27180868200957775,2.2463007122278214,0.0001,0.43240927811712027
3273,0.43465588986873627,0.14501303154975176,0.014770269393920898,0.27487259451299906,2.2628508284687996,0.0001,0.43275156766176226
3274,0.43294545635581017,0.14490035828202963,0.014837667346000671,0.27320743165910244,2.085077427327633,0.0001,0.43291819635778667
3275,0.4315105341374874,0.14508840069174767,0.01488996297121048,0.2715321686118841,2.2505138590931892,0.0001,0.4326026264578104
3276,0.4331856593489647,0.14519641175866127,0.01480954885482788,0.27317969501018524,2.524034157395363,0.0001,0.4327487673610449
3277,0.43350736796855927,0.1448557572439313,0.014785245060920715,0.27386637032032013,2.4904497265815735,0.0001,0.43268441446125505
3278,0.4343246631324291,0.14505334105342627,0.01493881642818451,0.2743325047194958,2.5810288190841675,0.0001,0.43283948097378017
3279,0.4300918746739626,0.145101479254663,0.014736883342266083,0.27025351487100124,2.8020685464143753,0.0001,0.4328538864850998
3280,0.42981592006981373,0.1449767779558897,0.014880679547786713,0.26995846815407276,2.7210235744714737,0.0001,0.4326165771111846
3281,0.43091646768152714,0.1450159940868616,0.014914803206920624,0.27098566479980946,2.647443950176239,0.0001,0.43229427598416803
3282,0.42871993221342564,0.14501550421118736,0.014960870146751404,0.268743559718132,2.594489634037018,0.0001,0.4319673765450716
3283,0.43312481231987476,0.14503793884068727,0.01492346078157425,0.27316341176629066,2.6499745845794678,0.0001,0.4318142687901855
3284,0.43021902441978455,0.1448048371821642,0.014824964106082916,0.2705892249941826,2.5469501614570618,0.0001,0.4315416255965829
3285,0.43160274252295494,0.1448689540848136,0.015005111694335938,0.27172867581248283,2.6081345230340958,0.0001,0.43155084643512964
3286,0.42962137050926685,0.14508409518748522,0.014972701668739319,0.2695645708590746,2.546773314476013,0.0001,0.43119441755115984
3287,0.43168750405311584,0.14495320711284876,0.01486276090145111,0.27187153324484825,2.325455568730831,0.0001,0.4310124311596155
3288,0.4306748416274786,0.14500367548316717,0.014969214797019958,0.2707019504159689,2.3403057977557182,0.0001,0.43064744900912044
3289,0.4343189876526594,0.14486468769609928,0.014905497431755066,0.2745488006621599,2.2504314109683037,0.0001,0.43107016030699014
3290,0.4301187787204981,0.14494955446571112,0.0148836150765419,0.2702856082469225,2.145568549633026,0.0001,0.43110044617205856
3291,0.4285724814981222,0.14484511222690344,0.014941893517971039,0.2687854766845703,2.1840584576129913,0.0001,0.4308660475537181
3292,0.4300778992474079,0.14512081816792488,0.014944329857826233,0.27001275680959225,2.0853335857391357,0.0001,0.4310018442571163
3293,0.4326978623867035,0.1449716491624713,0.014909617602825165,0.2728165965527296,2.2777737230062485,0.0001,0.4309591492637992
3294,0.4342198260128498,0.145096224732697,0.015036873519420624,0.27408672496676445,2.241508148610592,0.0001,0.43135922942310573
3295,0.4292558506131172,0.14489442855119705,0.014901332557201385,0.26946008764207363,2.292188100516796,0.0001,0.43112454023212193
3296,0.4324798695743084,0.1449965639039874,0.014952421188354492,0.27253088168799877,2.3193201050162315,0.0001,0.4314103901386261
3297,0.4301455542445183,0.1450197994709015,0.014936067163944244,0.2701896894723177,2.1138782873749733,0.0001,0.43125619515776636
3298,0.4300702437758446,0.14488754700869322,0.01483713835477829,0.2703455574810505,2.350534103810787,0.0001,0.4311957353726029
3299,0.431296830996871,0.14509863685816526,0.015160635113716125,0.2710375655442476,2.201531544327736,0.0001,0.4308935197070241
3300,0.4292648993432522,0.14499532151967287,0.015111148357391357,0.2691584285348654,2.351890467107296,0.0001,0.4308081317692995
3301,0.4314953163266182,0.1452179066836834,0.01510784775018692,0.2711695581674576,2.4799095913767815,0.0001,0.4311004152521491
3302,0.4351897295564413,0.14493540674448013,0.014878153800964355,0.2753761690109968,2.1617222726345062,0.0001,0.43161159828305246
3303,0.4322592131793499,0.14487067330628633,0.014967575669288635,0.2724209651350975,2.277692511677742,0.0001,0.4315677333623171
3304,0.4303147941827774,0.14500269014388323,0.014902837574481964,0.27040926553308964,2.4084820076823235,0.0001,0.43117723017930987
3305,0.4289252236485481,0.14518897142261267,0.014910809695720673,0.2688254453241825,2.6357470974326134,0.0001,0.43114416748285295
3306,0.43027706257998943,0.1449624439701438,0.01492331176996231,0.27039130963385105,2.679947853088379,0.0001,0.43092388678342103
3307,0.42748584784567356,0.14490816369652748,0.014903880655765533,0.2676738053560257,2.7308636009693146,0.0001,0.43065791614353655
3308,0.43407133035361767,0.14483955595642328,0.01491641253232956,0.2743153627961874,2.594661220908165,0.0001,0.4310580248013139
3309,0.4327270779758692,0.14500212389975786,0.015041753649711609,0.27268319949507713,2.6555193662643433,0.0001,0.4312010494992137
3310,0.4309659916907549,0.14509021025151014,0.014880746603012085,0.27099503204226494,2.5787631645798683,0.0001,0.431371158733964
3311,0.42943604849278927,0.14498660154640675,0.014875583350658417,0.26957386173307896,2.229179099202156,0.0001,0.4311652319505811
3312,0.42782316356897354,0.14487422723323107,0.014877788722515106,0.26807115226984024,2.059355564415455,0.0001,0.4304285753518343
3313,0.4336202759295702,0.14491413068026304,0.014956720173358917,0.27374942414462566,2.065886102616787,0.0001,0.43056468162685635
3314,0.42659286595880985,0.14482006896287203,0.014729350805282593,0.2670434433966875,2.1400680243968964,0.0001,0.4301924888044596
3315,0.4311777986586094,0.14483683183789253,0.014939092099666595,0.271401877515018,2.1509854421019554,0.0001,0.4304177463054657
3316,0.4308608416467905,0.14495941810309887,0.015066571533679962,0.2708348482847214,2.121238499879837,0.0001,0.4304761242121458
3317,0.428807994350791,0.14500485640019178,0.014799661934375763,0.2690034732222557,2.322278380393982,0.0001,0.43060833886265754
3318,0.432689918205142,0.14478470850735903,0.015064835548400879,0.27284037321805954,2.321347162127495,0.0001,0.43047019764780997
3319,0.43163900077342987,0.14515150897204876,0.014950156211853027,0.27153733000159264,2.091299906373024,0.0001,0.43036138992756606
3320,0.438393272459507,0.144842479377985,0.014856204390525818,0.27869458496570587,2.2842594236135483,0.0001,0.43110411800444126
3321,0.428677087649703,0.1449498739093542,0.014772258698940277,0.26895495504140854,2.1646978929638863,0.0001,0.4310282219201326
3322,0.4307551756501198,0.14504521433264017,0.014903590083122253,0.27080637495964766,2.363277427852154,0.0001,0.4313214231282473
3323,0.4318109881132841,0.14489988796412945,0.014910928905010223,0.272000165656209,2.304547131061554,0.0001,0.43114049434661866
3324,0.43449649028480053,0.145209732465446,0.01488109678030014,0.2744056563824415,2.451650284230709,0.0001,0.4319308567792177
3325,0.43281308375298977,0.14493524096906185,0.014879658818244934,0.27299818582832813,2.077562741935253,0.0001,0.43209438528865574
3326,0.4303310103714466,0.1448553055524826,0.014908410608768463,0.2705672923475504,2.242513008415699,0.0001,0.43204140216112136
3327,0.4353558514267206,0.14491971768438816,0.015090472996234894,0.2753456560894847,2.2737612575292587,0.0001,0.43269618786871433
3328,0.42774419113993645,0.1449309205636382,0.014992348849773407,0.2678209226578474,2.343115843832493,0.0001,0.4322016151621938
3329,0.4314313344657421,0.14488482475280762,0.014922000467777252,0.27162450924515724,2.2420721501111984,0.0001,0.432180848531425
3330,0.4280680939555168,0.14486542157828808,0.014991946518421173,0.26821073051542044,2.2894446924328804,0.0001,0.431148330681026
3331,0.4351362232118845,0.14508454781025648,0.01493488997220993,0.2751167844980955,2.331358090043068,0.0001,0.4317942442372441
3332,0.43647694773972034,0.144516889937222,0.014871709048748016,0.2770883534103632,2.291653573513031,0.0001,0.4323664214462042
3333,0.429566940292716,0.14498728420585394,0.014826565980911255,0.26975308917462826,2.15445464104414,0.0001,0.43214201666414737
3334,0.43523289263248444,0.14493710454553366,0.014890216290950775,0.2754055690020323,2.0800037309527397,0.0001,0.4322156568989158
3335,0.42781231366097927,0.14492783788591623,0.014870792627334595,0.268013684079051,2.0274898409843445,0.0001,0.4317155798897147
3336,0.43034858629107475,0.14513196144253016,0.01499222218990326,0.27022440545260906,2.3049702420830727,0.0001,0.4317173374816775
3337,0.43349860049784184,0.14491755701601505,0.01473265141248703,0.2738483939319849,2.3084790781140327,0.0001,0.4315316123887897
3338,0.43184046633541584,0.1448854049667716,0.014925070106983185,0.2720299921929836,1.973018079996109,0.0001,0.4319412399083376
3339,0.4310077503323555,0.14465820975601673,0.015038847923278809,0.2713106982409954,2.121316410601139,0.0001,0.43189888149499894
3340,0.4303344115614891,0.14485407806932926,0.01509903371334076,0.27038130536675453,1.893386259675026,0.0001,0.43212551325559617
3341,0.4304745364934206,0.1447141421958804,0.014929600059986115,0.2708307933062315,1.8530035614967346,0.0001,0.43165934458374977
3342,0.4342591166496277,0.14494445640593767,0.015048377215862274,0.2742662839591503,2.1016545072197914,0.0001,0.4314375614747405
3343,0.43113167583942413,0.1449016984552145,0.014891020953655243,0.27133895456790924,2.1214165464043617,0.0001,0.4315940350294113
3344,0.42756848968565464,0.14479664154350758,0.014935128390789032,0.2678367169573903,2.569754898548126,0.0001,0.4308275947347283
3345,0.42786976881325245,0.14486624859273434,0.014934584498405457,0.26806893665343523,2.4250267297029495,0.0001,0.4308333402499557
3346,0.4285402912646532,0.14469681214541197,0.014940217137336731,0.2689032657071948,2.351386472582817,0.0001,0.4306525107473135
3347,0.43083510361611843,0.14481864031404257,0.014964349567890167,0.2710521128028631,2.5271475315093994,0.0001,0.4303861610591412
3348,0.4332596939057112,0.14490031078457832,0.015021644532680511,0.27333773858845234,2.634819060564041,0.0001,0.4305280838161707
3349,0.43029713444411755,0.14494835957884789,0.014804013073444366,0.27054475992918015,2.613629423081875,0.0001,0.4304570222273469
3350,0.4327510576695204,0.14493034686893225,0.014959670603275299,0.27286103926599026,2.185187630355358,0.0001,0.43069868683815005
3351,0.43207893893122673,0.14471362438052893,0.014807865023612976,0.27255745604634285,2.0254111289978027,0.0001,0.43085912708193064
3352,0.43036190420389175,0.1447840165346861,0.014976367354393005,0.27060152124613523,2.207980155944824,0.0001,0.43046940583735704
3353,0.4320609085261822,0.14501997828483582,0.014843963086605072,0.2721969671547413,2.2966896295547485,0.0001,0.43056232910603287
3354,0.4331402014940977,0.14506295323371887,0.014892451465129852,0.27318479865789413,2.2052919566631317,0.0001,0.4311195002868772
3355,0.4291356299072504,0.14497367665171623,0.01484711468219757,0.2693148422986269,2.26749000698328,0.0001,0.43124608639627693
3356,0.43190384842455387,0.14496603049337864,0.014812454581260681,0.2721253577619791,2.0819656252861023,0.0001,0.43158244211226704
3357,0.4302842039614916,0.14480072911828756,0.014847099781036377,0.27063637133687735,2.3349570855498314,0.0001,0.4315273521468043
3358,0.4321131855249405,0.1448324853554368,0.014736093580722809,0.27254461124539375,2.304166756570339,0.0001,0.4314127013087273
3359,0.4277100060135126,0.14471966493874788,0.014924384653568268,0.2680659629404545,2.1059508323669434,0.0001,0.43115398846566677
3360,0.43232082575559616,0.14502639509737492,0.01486918330192566,0.27242524549365044,2.1099638864398003,0.0001,0.43111096527427434
3361,0.4324744250625372,0.14485727343708277,0.014804050326347351,0.2728131003677845,2.0113566666841507,0.0001,0.4311505138874054
3362,0.4357192814350128,0.14484595134854317,0.014804057776927948,0.27606927417218685,2.2203557193279266,0.0001,0.4316862516105175
3363,0.4337964132428169,0.14463908597826958,0.014874361455440521,0.274282967671752,2.214392274618149,0.0001,0.431859802082181
3364,0.4280238877981901,0.14485687389969826,0.014854781329631805,0.26831223256886005,2.170679710805416,0.0001,0.43134817071259024
3365,0.42762924544513226,0.14465928450226784,0.01485472172498703,0.2681152429431677,2.2886778861284256,0.0001,0.4311975322663784
3366,0.4317650645971298,0.14470649138092995,0.014955230057239532,0.2721033412963152,2.133686311542988,0.0001,0.431183653883636
3367,0.4262804090976715,0.144844570197165,0.014946460723876953,0.26648938097059727,2.203271947801113,0.0001,0.430783274397254
3368,0.4329642951488495,0.1449445839971304,0.014969542622566223,0.27305016480386257,2.477017417550087,0.0001,0.4308683853596449
3369,0.42835081554949284,0.14469549991190434,0.01495305448770523,0.26870225742459297,2.1287739351391792,0.0001,0.4309324663132429
3370,0.428567485883832,0.14479448273777962,0.014849506318569183,0.26892349496483803,2.1789340525865555,0.0001,0.4305571323260665
3371,0.43360706977546215,0.1449053008109331,0.014943122863769531,0.27375864051282406,2.596005752682686,0.0001,0.43067039679735897
3372,0.4321113359183073,0.14474390540271997,0.014939755201339722,0.27242767065763474,2.29558178037405,0.0001,0.4303096022456884
3373,0.4324101470410824,0.14495009742677212,0.014821343123912811,0.27263870649039745,2.647113673388958,0.0001,0.430170975625515
3374,0.4328838251531124,0.14489840809255838,0.014890260994434357,0.27309515699744225,2.4941749200224876,0.0001,0.4306569693610072
3375,0.4266140665858984,0.14475624915212393,0.014800459146499634,0.26705735828727484,2.1382830813527107,0.0001,0.43055545147508384
3376,0.4291881527751684,0.14493970666080713,0.01490071415901184,0.2693477366119623,2.584732010960579,0.0001,0.4302977602928877
3377,0.4281917978078127,0.1448598001152277,0.014771990478038788,0.2685600072145462,2.625756047666073,0.0001,0.4304888991639018
3378,0.43353679962456226,0.14481403678655624,0.014982268214225769,0.2737405002117157,2.3935982137918472,0.0001,0.4305461496114731
3379,0.430158045142889,0.14495860412716866,0.014800935983657837,0.2703985068947077,2.687217056751251,0.0001,0.4307268725708127
3380,0.4324532877653837,0.1448473883792758,0.015062473714351654,0.27254342287778854,2.6673014014959335,0.0001,0.4311154527589679
3381,0.4291083551943302,0.1447777207940817,0.014944903552532196,0.26938572712242603,2.4145350083708763,0.0001,0.4306655813008547
3382,0.43179381638765335,0.1448258040472865,0.01488378643989563,0.2720842305570841,2.700743332505226,0.0001,0.43063382934778927
3383,0.43378000520169735,0.1447896221652627,0.014882490038871765,0.2741078920662403,2.6932453587651253,0.0001,0.4307708151638508
3384,0.42905305325984955,0.14477953780442476,0.014885127544403076,0.26938839070498943,2.6734626591205597,0.0001,0.4303877379745245
3385,0.42786332219839096,0.1449234550818801,0.01497960090637207,0.2679602671414614,2.661767154932022,0.0001,0.4305126635357738
3386,0.42963174171745777,0.14486098941415548,0.01476752758026123,0.2700032228603959,2.608177810907364,0.0001,0.4305570224300027
3387,0.4278530478477478,0.1446739612147212,0.01479358971118927,0.26838549599051476,2.2301731258630753,0.0001,0.4305231474339962
3388,0.4322241935878992,0.1449468843638897,0.014724522829055786,0.2725527863949537,2.388215124607086,0.0001,0.4303918868303299
3389,0.4276354294270277,0.14482234045863152,0.014866180717945099,0.26794690638780594,1.9997587576508522,0.0001,0.4301396252587438
3390,0.428742503747344,0.144847615621984,0.01483774185180664,0.2690571444109082,1.9580513387918472,0.0001,0.42976854685693977
3391,0.4332460444420576,0.14506969135254622,0.015023551881313324,0.27315280120819807,2.4255971536040306,0.0001,0.4301823157817125
3392,0.43094008788466454,0.14485626388341188,0.014896713197231293,0.27118710801005363,2.2311217188835144,0.0001,0.43009694293141365
3393,0.43215646781027317,0.14484477881342173,0.014753244817256927,0.2725584413856268,2.36378575861454,0.0001,0.42993458919227123
3394,0.42870233952999115,0.14496432337909937,0.014823973178863525,0.26891404390335083,2.410761557519436,0.0001,0.42989951781928537
3395,0.4289370533078909,0.14484285935759544,0.014780499041080475,0.2693136967718601,2.4613776057958603,0.0001,0.43000689093023536
3396,0.42758061178028584,0.1450842898339033,0.0148896723985672,0.267606645822525,2.5487011298537254,0.0001,0.4298017779365182
3397,0.4271996486932039,0.14481789525598288,0.01484939455986023,0.26753236167132854,2.572633720934391,0.0001,0.4297364380210638
3398,0.43026258796453476,0.14491441007703543,0.015012361109256744,0.2703358195722103,2.478638395667076,0.0001,0.42954027745872736
3399,0.4302274864166975,0.14499230775982141,0.014947377145290375,0.27028780430555344,2.395230144262314,0.0001,0.42979948315769434
3400,0.42912773974239826,0.14476370438933372,0.014964401721954346,0.26939963921904564,2.1557370498776436,0.0001,0.42983800675719974
3401,0.4255167804658413,0.14488669764250517,0.014847010374069214,0.26578307058662176,2.164384610950947,0.0001,0.42906508035957813
3402,0.42990177497267723,0.14491968043148518,0.01489999145269394,0.2700821030884981,2.0997715517878532,0.0001,0.4289612490683794
3403,0.42472201585769653,0.1447596037760377,0.014979079365730286,0.26498333644121885,2.024849683046341,0.0001,0.42821780387312175
3404,0.4309485573321581,0.144945259205997,0.014969483017921448,0.2710338141769171,2.4408536702394485,0.0001,0.42844242565333845
3405,0.4306121915578842,0.14504966512322426,0.01498015969991684,0.2705823667347431,2.571968287229538,0.0001,0.42860993947833775
3406,0.42782019078731537,0.14490668196231127,0.01507548987865448,0.2678380236029625,2.432540185749531,0.0001,0.42863389737904073
3407,0.43383982963860035,0.14467824529856443,0.014852821826934814,0.2743087615817785,2.4764125272631645,0.0001,0.42929791547358037
3408,0.42614920809865,0.14486107509583235,0.014863848686218262,0.26642427779734135,2.5104753598570824,0.0001,0.4288865774869919
3409,0.42844623513519764,0.1448033144697547,0.014846742153167725,0.2687961757183075,2.5177187770605087,0.0001,0.4287084523588419
3410,0.43057404458522797,0.1447604103013873,0.014880888164043427,0.2709327433258295,2.6649144887924194,0.0001,0.42885308284312484
3411,0.43026602640748024,0.14461047668009996,0.014818094670772552,0.2708374597132206,2.5379906594753265,0.0001,0.42932800743728877
3412,0.43147318437695503,0.14481006655842066,0.01497979462146759,0.2716833259910345,2.568449914455414,0.0001,0.42948514837771656
3413,0.4255006443709135,0.1447439305484295,0.014977589249610901,0.26577911898493767,2.3731807097792625,0.0001,0.4295630112290382
3414,0.4282956700772047,0.14470343757420778,0.014944136142730713,0.26864809915423393,2.2373155876994133,0.0001,0.4292977225035429
3415,0.43534991703927517,0.14494200982153416,0.014933660626411438,0.2754742447286844,2.5559546053409576,0.0001,0.429771495051682
3416,0.4258932899683714,0.14475020859390497,0.01488039642572403,0.2662626877427101,2.3671233654022217,0.0001,0.4295788049697876
3417,0.4301878735423088,0.14469024818390608,0.014841467142105103,0.27065616473555565,2.2546411231160164,0.0001,0.42921360936015845
3418,0.4312925413250923,0.14468699134886265,0.014925748109817505,0.2716798037290573,1.9578036069869995,0.0001,0.4297279426828027
3419,0.43065807968378067,0.1449008546769619,0.015175551176071167,0.27058167569339275,2.1249403432011604,0.0001,0.429949127137661
3420,0.4308193940669298,0.14477247279137373,0.014911532402038574,0.2711353860795498,1.9038331285119057,0.0001,0.42997366208583115
3421,0.43038402311503887,0.14498705137521029,0.01503436267375946,0.2703626090660691,2.2385212779045105,0.0001,0.42998546175658703
3422,0.4281217996031046,0.14472914021462202,0.014950200915336609,0.26844245567917824,2.2322791889309883,0.0001,0.429650323279202
3423,0.43361685425043106,0.1447756001725793,0.014917246997356415,0.27392400428652763,2.125180035829544,0.0001,0.43046194426715373
3424,0.4290655255317688,0.14477033633738756,0.015004314482212067,0.26929087843745947,2.5977342277765274,0.0001,0.43053892981261016
3425,0.42825516127049923,0.14480711426585913,0.014888964593410492,0.2685590796172619,2.4458920881152153,0.0001,0.42982945423573254
3426,0.43292431347072124,0.14469282049685717,0.015113681554794312,0.2731178067624569,2.348349653184414,0.0001,0.43053255658596756
3427,0.4299297668039799,0.14500635024160147,0.014814287424087524,0.270109124481678,2.6787775307893753,0.0001,0.43050674591213467
3428,0.4353649113327265,0.14485723711550236,0.01491113007068634,0.2755965441465378,2.4310444742441177,0.0001,0.43091398291289806
3429,0.42953946255147457,0.14478638768196106,0.014908485114574432,0.26984459161758423,2.272024340927601,0.0001,0.43080212119966743
3430,0.4298018980771303,0.1445237947627902,0.01496800035238266,0.2703101094812155,1.933018498122692,0.0001,0.4307003716006875
3431,0.42889290302991867,0.14475966896861792,0.014965914189815521,0.2691673170775175,2.2209247276186943,0.0001,0.4305512595921755
3432,0.42996870540082455,0.14480177778750658,0.014940865337848663,0.2702260632067919,2.4532681927084923,0.0001,0.4307359501719475
3433,0.4281152430921793,0.1448889970779419,0.014951780438423157,0.2682744702324271,2.5365178361535072,0.0001,0.4301857890561223
3434,0.4276902247220278,0.14467798452824354,0.015101999044418335,0.2679102383553982,2.469088777899742,0.0001,0.4300482589751482
3435,0.43066332675516605,0.14472978841513395,0.014998413622379303,0.2709351181983948,2.460564061999321,0.0001,0.4302890755236149
3436,0.42658195830881596,0.1448004897683859,0.014895491302013397,0.2668859763070941,2.1580093055963516,0.0001,0.4296548400074244
3437,0.4315287880599499,0.14480568561702967,0.01487809419631958,0.27184500731527805,2.4993243515491486,0.0001,0.42981474213302134
3438,0.4311692528426647,0.14471061155200005,0.014876149594783783,0.2715824916958809,2.342568054795265,0.0001,0.4293951762840152
3439,0.4287179056555033,0.1447823541238904,0.014934904873371124,0.2690006494522095,2.0167778357863426,0.0001,0.42931302059441806
3440,0.4276857730001211,0.1448088912293315,0.014955617487430573,0.2679212689399719,1.9668519720435143,0.0001,0.42910140808671715
3441,0.42935848608613014,0.14501787722110748,0.014942549169063568,0.2693980587646365,2.1872531175613403,0.0001,0.42914796639233826
3442,0.42696480080485344,0.14489502739161253,0.014867693185806274,0.26720207929611206,2.499610558152199,0.0001,0.42884757593274114
3443,0.4324612207710743,0.14482068363577127,0.014955908060073853,0.2726846318691969,2.2833831682801247,0.0001,0.42928217370063065
3444,0.4348999261856079,0.14463138114660978,0.014983363449573517,0.2752851825207472,2.0851732566952705,0.0001,0.4300031438469887
3445,0.4265981148928404,0.14461393654346466,0.014874763786792755,0.26710941456258297,1.9600497707724571,0.0001,0.4295966226607561
3446,0.42716316878795624,0.1446827771142125,0.015037044882774353,0.2674433458596468,1.9904564246535301,0.0001,0.42965474370867013
3447,0.42745506577193737,0.1446957914158702,0.015142716467380524,0.26761655882000923,2.118148759007454,0.0001,0.4292473714798689
3448,0.4270038902759552,0.1447820458561182,0.015213057398796082,0.2670087870210409,2.148694783449173,0.0001,0.4288308352231979
3449,0.4335341081023216,0.14491195045411587,0.01519109308719635,0.2734310645610094,2.1667946353554726,0.0001,0.42931245546787977
3450,0.4320128858089447,0.14471765141934156,0.015143394470214844,0.2721518389880657,2.140899047255516,0.0001,0.4297451667487621
3451,0.4263333287090063,0.14483392145484686,0.014960378408432007,0.26653902977705,2.360231898725033,0.0001,0.4294426510110497
3452,0.4327172823250294,0.144818183965981,0.014971800148487091,0.27292729541659355,2.472084917128086,0.0001,0.4300178991630673
3453,0.42737666703760624,0.14456265047192574,0.014883749186992645,0.26793026458472013,2.4575403034687042,0.0001,0.42950944378972056
3454,0.42672781832516193,0.14463321957737207,0.014823377132415771,0.26727121602743864,2.2723648995161057,0.0001,0.4286922330036759
3455,0.42561942152678967,0.14482443779706955,0.01486295461654663,0.26593203004449606,2.435292109847069,0.0001,0.4285943636670709
3456,0.42924508824944496,0.1446408610790968,0.014906831085681915,0.26969739980995655,2.1091271713376045,0.0001,0.4288025556132197
3457,0.4303671084344387,0.1449742615222931,0.015002600848674774,0.27039024606347084,2.543052814900875,0.0001,0.42909375987946985
3458,0.42732800357043743,0.14485805202275515,0.0150456503033638,0.2674243040382862,2.615186497569084,0.0001,0.4291261712089181
3459,0.42833215184509754,0.14470755029469728,0.01490756869316101,0.26871703565120697,1.9435415491461754,0.0001,0.4286059755831957
3460,0.4289083518087864,0.14483524579554796,0.014806926250457764,0.26926618069410324,2.34848365932703,0.0001,0.42829552218317984
3461,0.4292429946362972,0.14476580079644918,0.014871776103973389,0.2696054186671972,1.8494649156928062,0.0001,0.42858648877590894
3462,0.4283221270889044,0.1449226951226592,0.014848820865154266,0.26855061668902636,1.9793969839811325,0.0001,0.42814697325229645
3463,0.4310795273631811,0.1448548287153244,0.014889344573020935,0.2713353540748358,2.461973436176777,0.0001,0.42851725928485396
3464,0.4249609708786011,0.14471528679132462,0.01508108526468277,0.26516460068523884,2.4081457778811455,0.0001,0.42834057454019786
3465,0.4297771193087101,0.14483347442001104,0.015018977224826813,0.2699246648699045,2.643949843943119,0.0001,0.4287563443183899
3466,0.4261006321758032,0.1446670275181532,0.014946803450584412,0.266486800275743,2.457505740225315,0.0001,0.4284418987110257
3467,0.42977928183972836,0.1446284046396613,0.014857947826385498,0.2702929265797138,2.112963981926441,0.0001,0.42838311605155466
3468,0.42837193608283997,0.14486372470855713,0.014914564788341522,0.2685936465859413,2.1842442601919174,0.0001,0.42848750930279494
3469,0.42869829200208187,0.1447620838880539,0.01493006944656372,0.2690061405301094,2.340636983513832,0.0001,0.4285241233184934
3470,0.4272908717393875,0.14484925009310246,0.01481829583644867,0.26762332767248154,2.2088743075728416,0.0001,0.42836237531155347
3471,0.42671635933220387,0.1449374072253704,0.014924921095371246,0.26685403008013964,2.3576477617025375,0.0001,0.42810971178114415
3472,0.4339658860117197,0.1448015309870243,0.015025980770587921,0.2741383705288172,2.1162629798054695,0.0001,0.4286740876734257
3473,0.42962867207825184,0.1446602502837777,0.014750093221664429,0.27021832671016455,2.0848051011562347,0.0001,0.4285290021449327
3474,0.43044506199657917,0.1446437807753682,0.014942504465579987,0.27085877768695354,2.028139792382717,0.0001,0.42907741125673055
3475,0.4212749544531107,0.14496320392936468,0.015033066272735596,0.26127868331968784,2.2546419724822044,0.0001,0.4282271947711706
3476,0.4256156384944916,0.14467785228043795,0.014951981604099274,0.2659858027473092,2.070587381720543,0.0001,0.42817869540303943
3477,0.4289310425519943,0.14494462497532368,0.015021324157714844,0.26896509528160095,2.2237874642014503,0.0001,0.42809387147426603
3478,0.43211267329752445,0.1447229078039527,0.014923952519893646,0.27246581204235554,2.094589613378048,0.0001,0.4284679451957345
3479,0.42750347033143044,0.14472922589629889,0.015021450817584991,0.267752792686224,2.079397849738598,0.0001,0.42834846302866936
3480,0.42757747881114483,0.14482716098427773,0.015071012079715729,0.2676793085411191,2.173445515334606,0.0001,0.4283771237358451
3481,0.429382998496294,0.14483012165874243,0.014927782118320465,0.26962509378790855,2.4231569319963455,0.0001,0.4286437876522541
3482,0.43003135547041893,0.14487179461866617,0.01491452008485794,0.27024503983557224,2.325668953359127,0.0001,0.428250334598124
3483,0.42972843162715435,0.14477068558335304,0.014835752546787262,0.27012199349701405,2.3629580661654472,0.0001,0.4282603105530143
3484,0.42263806238770485,0.14464302361011505,0.014972031116485596,0.2630230076611042,2.304734915494919,0.0001,0.42747961059212686
3485,0.42738608084619045,0.14474156312644482,0.01517815887928009,0.2674663569778204,2.36008258163929,0.0001,0.4280907232314348
3486,0.42965914867818356,0.14471081737428904,0.015178628265857697,0.26976970210671425,2.7034435123205185,0.0001,0.42849507424980404
3487,0.4294883832335472,0.14460316859185696,0.015113279223442078,0.2697719354182482,2.362226262688637,0.0001,0.42855080831795933
3488,0.4273095391690731,0.1447180500254035,0.014942504465579987,0.2676489809527993,2.2414971441030502,0.0001,0.4280704949051142
3489,0.43142316676676273,0.1447232598438859,0.014995753765106201,0.2717041475698352,2.176887571811676,0.0001,0.4284624645486474
3490,0.4282497428357601,0.1445693075656891,0.014999538660049438,0.2686808928847313,2.051855191588402,0.0001,0.42852969095110893
3491,0.42670213617384434,0.14471625536680222,0.015029899775981903,0.26695597916841507,2.0973396971821785,0.0001,0.428261604718864
3492,0.4309579934924841,0.14479834772646427,0.014957070350646973,0.2712025698274374,2.4804630056023598,0.0001,0.4283542685210705
3493,0.431000504642725,0.14473070669919252,0.01507897675037384,0.27119082026183605,2.6842877715826035,0.0001,0.4284814758226275
3494,0.4253533184528351,0.14479619450867176,0.014979958534240723,0.2655771616846323,2.70193924754858,0.0001,0.4287530014291406
3495,0.42949811555445194,0.14470976684242487,0.014989852905273438,0.26979849487543106,2.546961694955826,0.0001,0.42896420489996673
3496,0.4283136706799269,0.14477489423006773,0.01494596153497696,0.2685928177088499,2.7239086776971817,0.0001,0.42882965710014104
3497,0.43053327314555645,0.1446102922782302,0.014934234321117401,0.27098874747753143,2.571853958070278,0.0001,0.42893414609134195
3498,0.4312440697103739,0.14463271293789148,0.014984726905822754,0.2716266270726919,2.6042184978723526,0.0001,0.429327599145472
3499,0.4298911076039076,0.14455984625965357,0.014965489506721497,0.2703657727688551,2.5184182077646255,0.0001,0.42917439322918655
3500,0.43238014355301857,0.14470970537513494,0.014768369495868683,0.27290206775069237,2.5304755121469498,0.0001,0.42958743330091237
3501,0.4251469671726227,0.14471702836453915,0.014872908592224121,0.265557031147182,2.457684390246868,0.0001,0.4294319164007902
3502,0.4319796860218048,0.14457857981324196,0.014988608658313751,0.27241249568760395,1.9444592371582985,0.0001,0.4295340856537223
3503,0.429615143686533,0.14472327008843422,0.01489170640707016,0.27000016532838345,2.281122386455536,0.0001,0.4293955495581031
3504,0.4214256498962641,0.14475031476467848,0.014901451766490936,0.2617738861590624,2.1773649752140045,0.0001,0.42900278270244596
3505,0.42700665816664696,0.1445915326476097,0.01505991816520691,0.26735520269721746,2.0542418137192726,0.0001,0.4287536369636655
3506,0.4259406179189682,0.14469653088599443,0.01508168876171112,0.2661623992025852,2.1866355389356613,0.0001,0.42851633168756964
3507,0.4271827470511198,0.14461498241871595,0.015018962323665619,0.26754880230873823,2.0983419716358185,0.0001,0.428181279078126
3508,0.4289623945951462,0.14470602292567492,0.014887973666191101,0.26936840265989304,2.0997816175222397,0.0001,0.4279531115666032
3509,0.4301593601703644,0.14477644674479961,0.014983400702476501,0.27039951272308826,2.2428791150450706,0.0001,0.42797993682324886
3510,0.42919898219406605,0.14485621266067028,0.015057653188705444,0.2692851144820452,2.151866316795349,0.0001,0.4276618206873536
3511,0.4249413497745991,0.144638498313725,0.01513013243675232,0.2651727171614766,2.4297833889722824,0.0001,0.42764125894755123
3512,0.42650343105196953,0.14468901697546244,0.014748930931091309,0.2670654859393835,2.3575675413012505,0.0001,0.4270936334505677
3513,0.4247267507016659,0.14481382817029953,0.01494695246219635,0.2649659663438797,2.2965563610196114,0.0001,0.426604794152081
3514,0.4277185667306185,0.14478730875998735,0.015075936913490295,0.26785532385110855,2.3205903470516205,0.0001,0.4272340858355165
3515,0.4287424124777317,0.14481888897717,0.015027835965156555,0.26889569219201803,2.2582822367548943,0.0001,0.42740766126662494
3516,0.42859713919460773,0.14468165673315525,0.014947623014450073,0.26896785758435726,2.5434783324599266,0.0001,0.4276733133941889
3517,0.4310790356248617,0.1448099734261632,0.015043087303638458,0.27122597955167294,2.1928900331258774,0.0001,0.42806294225156305
3518,0.4282783791422844,0.1446526888757944,0.015022650361061096,0.2686030399054289,2.3100780248641968,0.0001,0.4279945407062769
3519,0.42644045874476433,0.14470854587852955,0.014878027141094208,0.26685388665646315,2.202890194952488,0.0001,0.4276226505637169
3520,0.4240878727287054,0.14475414343178272,0.014908388257026672,0.26442533917725086,2.2620054706931114,0.0001,0.42711153961718085
3521,0.4286860562860966,0.1446467163041234,0.015182912349700928,0.2688564285635948,2.1068816483020782,0.0001,0.42748601026833055
3522,0.42901640571653843,0.14462545420974493,0.015027955174446106,0.26936299353837967,2.004055768251419,0.0001,0.42773730773478746
3523,0.4271109402179718,0.14464200288057327,0.014894679188728333,0.2675742572173476,1.9357451349496841,0.0001,0.42797572668641803
3524,0.4275542087852955,0.14493525680154562,0.014922231435775757,0.26769671868532896,2.1761398762464523,0.0001,0.4279592908918858
3525,0.429209316149354,0.14470756333321333,0.014956891536712646,0.26954485941678286,2.132496938109398,0.0001,0.428005981259048
3526,0.426404744386673,0.1445685774087906,0.01496674120426178,0.26686942391097546,1.9318565875291824,0.0001,0.4277867417782545
3527,0.42650662548840046,0.1448336998000741,0.015030443668365479,0.2666424848139286,2.2174719870090485,0.0001,0.4273295007646084
3528,0.43039773404598236,0.14470527414232492,0.015101097524166107,0.27059136517345905,2.4414156302809715,0.0001,0.4275414362549782
3529,0.4262779429554939,0.1446042200550437,0.015053853392601013,0.2666198667138815,2.067791059613228,0.0001,0.42752518467605116
3530,0.4260040167719126,0.14463019091635942,0.014896772801876068,0.26647705398499966,2.0283941999077797,0.0001,0.42771679908037186
3531,0.4316233918070793,0.1447723638266325,0.014972589910030365,0.2718784399330616,2.197984643280506,0.0001,0.42801053263247013
3532,0.4275285881012678,0.14458290673792362,0.01491960883140564,0.2680260706692934,2.1539802476763725,0.0001,0.4278617508709431
3533,0.4277136940509081,0.14481428358703852,0.015041396021842957,0.2678580144420266,2.615498326718807,0.0001,0.4279220262542367
3534,0.42987239360809326,0.1445681033656001,0.015061937272548676,0.2702423520386219,2.430094860494137,0.0001,0.42815384473651646
3535,0.43072603456676006,0.14468317292630672,0.014981433749198914,0.2710614260286093,2.1507154256105423,0.0001,0.4283055165782571
3536,0.4250534866005182,0.14470971189439297,0.015002727508544922,0.2653410518541932,2.1911266520619392,0.0001,0.4281703907996416
3537,0.4237586688250303,0.14469365682452917,0.015028789639472961,0.2640362177044153,2.199105106294155,0.0001,0.4278955951333046
3538,0.42784817703068256,0.14446012862026691,0.015023432672023773,0.2683646157383919,2.404581129550934,0.0001,0.4276406394317746
3539,0.4300163555890322,0.1446488704532385,0.015174932777881622,0.2701925504952669,2.235158436000347,0.0001,0.42801448069512843
3540,0.42596374824643135,0.1447547934949398,0.014987863600254059,0.26622108928859234,2.1883986219763756,0.0001,0.4280104538425803
3541,0.4280270114541054,0.14465290680527687,0.014965064823627472,0.26840903609991074,2.269402138888836,0.0001,0.4276508158072829
3542,0.4301128704100847,0.14446583297103643,0.01495826244354248,0.27068877033889294,2.0111370533704758,0.0001,0.4279092440381646
3543,0.4267912972718477,0.14443291071802378,0.01491411030292511,0.26744427531957626,1.9491983205080032,0.0001,0.4278170043602586
3544,0.4246657509356737,0.14472063165158033,0.015118874609470367,0.26482624746859074,2.3177566081285477,0.0001,0.42729634009301665
3545,0.4270519055426121,0.14468927681446075,0.014915071427822113,0.26744756288826466,2.1669260039925575,0.0001,0.4269289271906018
3546,0.42646620608866215,0.1446719914674759,0.014902189373970032,0.2668920308351517,2.087066799402237,0.0001,0.42707019913941624
3547,0.4284813944250345,0.14466261584311724,0.015034273266792297,0.2687845043838024,2.318237468600273,0.0001,0.4275424716994166
3548,0.4246684070676565,0.14475439861416817,0.014986291527748108,0.2649277215823531,2.7266217321157455,0.0001,0.427224494703114
3549,0.428850831463933,0.14476816356182098,0.014951050281524658,0.26913161762058735,2.5094766914844513,0.0001,0.4271079422906041
3550,0.4286897238343954,0.14468802604824305,0.014935702085494995,0.26906599663197994,2.2865732982754707,0.0001,0.4273805398494005
3551,0.4306158944964409,0.1445466633886099,0.015109896659851074,0.2709593344479799,2.260275326669216,0.0001,0.4276394281536341
3552,0.42942329682409763,0.1446949103847146,0.01500672847032547,0.26972166262567043,1.9700177907943726,0.0001,0.42757047079503535
3553,0.4286875370889902,0.14451860636472702,0.01507006585597992,0.2690988667309284,2.0314674377441406,0.0001,0.4277600947767496
3554,0.42555866576731205,0.14473530743271112,0.014863722026348114,0.2659596363082528,2.143535077571869,0.0001,0.4278493862599134
3555,0.4272877983748913,0.14469301141798496,0.01500529795885086,0.2675894843414426,2.1034461557865143,0.0001,0.42787297554314135
3556,0.4304169323295355,0.14486320316791534,0.014929890632629395,0.27062383852899075,2.507542669773102,0.0001,0.4282680481672287
3557,0.43010954931378365,0.14466939866542816,0.014954082667827606,0.27048606611788273,2.72287081182003,0.0001,0.4284308636561036
3558,0.4273595754057169,0.14454786200076342,0.014898441731929779,0.2679132744669914,2.464750163257122,0.0001,0.42869998048990965
3559,0.4266147054731846,0.1447310745716095,0.014989130198955536,0.2668945025652647,2.0900566801428795,0.0001,0.4284763678908348
3560,0.42738731764256954,0.14481680747121572,0.014942102134227753,0.26762840896844864,2.1409081369638443,0.0001,0.4283461272716522
3561,0.4254586696624756,0.14466137904673815,0.014913789927959442,0.26588350534439087,2.1236610263586044,0.0001,0.4278304047882557
3562,0.43150270357728004,0.14452128298580647,0.014933690428733826,0.2720477283000946,2.0711349099874496,0.0001,0.42803834546357394
3563,0.4274140764027834,0.14474150631576777,0.0149550661444664,0.26771749928593636,2.185724213719368,0.0001,0.42791099939495325
3564,0.4305938798934221,0.14465967938303947,0.014999106526374817,0.27093509398400784,2.034645363688469,0.0001,0.42841452080756426
3565,0.4282147344201803,0.14465349726378918,0.01515112817287445,0.26841010712087154,1.9427714571356773,0.0001,0.42850721441209316
3566,0.4269262086600065,0.14460099581629038,0.01509471982717514,0.26723048463463783,2.313826084136963,0.0001,0.42815814204514024
3567,0.43205896206200123,0.14459419809281826,0.015197642147541046,0.27226712089031935,2.4471558555960655,0.0001,0.428353083319962
3568,0.4286946542561054,0.14471143297851086,0.01502799242734909,0.2689552307128906,2.236949324607849,0.0001,0.4284865912050009
3569,0.4300590194761753,0.14478788245469332,0.015100307762622833,0.2701708320528269,1.9632948487997055,0.0001,0.4288310226052999
3570,0.4255234934389591,0.14457519445568323,0.015011206269264221,0.26593709364533424,2.0282445773482323,0.0001,0.4286446401849389
3571,0.42659888602793217,0.14453235175460577,0.014824017882347107,0.26724251732230186,2.3402489200234413,0.0001,0.4287586618214846
3572,0.4303033370524645,0.14458947256207466,0.014994412660598755,0.2707194499671459,2.1877367570996284,0.0001,0.42863872516900303
3573,0.4207867067307234,0.14447279833257198,0.014949239790439606,0.26136466581374407,2.020474523305893,0.0001,0.427975988201797
3574,0.42518557608127594,0.14473857451230288,0.014926552772521973,0.2655204487964511,2.516162507236004,0.0001,0.4274351578205824
3575,0.4293445963412523,0.1447033043950796,0.014899276196956635,0.2697420120239258,2.2880592048168182,0.0001,0.4275481440126896
3576,0.4268203489482403,0.14448055531829596,0.014904864132404327,0.2674349248409271,1.861420027911663,0.0001,0.42753755804151294
3577,0.4266387764364481,0.14465848915278912,0.014990262687206268,0.2669900245964527,2.083165779709816,0.0001,0.42699553947895763
3578,0.4252305869013071,0.14472816046327353,0.014866337180137634,0.2656360901892185,2.3096169605851173,0.0001,0.4266491327434778
3579,0.4302665777504444,0.14460943918675184,0.014903970062732697,0.27075316943228245,2.3132356703281403,0.0001,0.4266698885709047
3580,0.4283779766410589,0.14449859596788883,0.014896698296070099,0.26898268051445484,2.1337802335619926,0.0001,0.4269553368911147
3581,0.42889513820409775,0.14452733099460602,0.014901570975780487,0.26946623623371124,2.0772357434034348,0.0001,0.42718496210873125
3582,0.42763036862015724,0.1446859296411276,0.01496676355600357,0.26797767728567123,1.9444300085306168,0.0001,0.42691766526550057
3583,0.4274021629244089,0.14459767285734415,0.015041239559650421,0.26776324957609177,2.1862461417913437,0.0001,0.4275792108848691
3584,0.42357751727104187,0.14467224664986134,0.014828585088253021,0.26407668739557266,2.319478914141655,0.0001,0.4274184050038457
3585,0.42579205334186554,0.1446245964616537,0.014847591519355774,0.2663198672235012,2.071726009249687,0.0001,0.427063150703907
3586,0.4307339880615473,0.14480463787913322,0.014976419508457184,0.27095293067395687,2.2344497069716454,0.0001,0.4274545146152377
3587,0.42783853597939014,0.1445934558287263,0.014906138181686401,0.2683389391750097,2.204846106469631,0.0001,0.4275744905695319
3588,0.428407808765769,0.14473032020032406,0.014860287308692932,0.26881720311939716,2.1194458603858948,0.0001,0.4278922127559781
3589,0.42535517178475857,0.14469760563224554,0.014775767922401428,0.2658817982301116,2.278593510389328,0.0001,0.42740107215940953
3590,0.42402244359254837,0.1444571129977703,0.014927938580513,0.2646373938769102,2.3222870379686356,0.0001,0.42696551885455847
3591,0.4316470045596361,0.14447757229208946,0.014896132051944733,0.27227329835295677,2.2037763744592667,0.0001,0.4272407054901123
3592,0.42876843735575676,0.14468949381262064,0.014910198748111725,0.26916874665766954,2.2153953835368156,0.0001,0.4273545123636723
3593,0.42956545762717724,0.14456100575625896,0.014942429959774017,0.27006202563643456,2.181628078222275,0.0001,0.4275708418339491
3594,0.42669409699738026,0.14478837326169014,0.014743901789188385,0.2671618200838566,2.4634964168071747,0.0001,0.42788249980658294
3595,0.42912640050053596,0.1445008274167776,0.014878928661346436,0.2697466406971216,2.124317780137062,0.0001,0.42821593452245
3596,0.4239343088120222,0.14449939597398043,0.014871612191200256,0.26456329599022865,1.9829800948500633,0.0001,0.4275359665974975
3597,0.4255970362573862,0.14453913550823927,0.014936782419681549,0.26612111926078796,1.9043627008795738,0.0001,0.42731181662529705
3598,0.42438980378210545,0.14468701649457216,0.014984458684921265,0.2647183323279023,2.1814011558890343,0.0001,0.4269100161269307
3599,0.4276331812143326,0.1444074548780918,0.01503104716539383,0.2681946810334921,2.1660936176776886,0.0001,0.4271378170698881
3600,0.42779393307864666,0.14470469392836094,0.014901123940944672,0.2681881124153733,2.240459308028221,0.0001,0.4275149660184979
3601,0.4266975615173578,0.14437738806009293,0.014901146292686462,0.2674190253019333,2.067083142697811,0.0001,0.4270200217142701
3602,0.4222507309168577,0.1448559770360589,0.0148281529545784,0.26256659533828497,2.317583866417408,0.0001,0.42636825107038023
3603,0.4255712144076824,0.14460854791104794,0.01497901976108551,0.2659836411476135,2.1466035917401314,0.0001,0.42596882674843073
3604,0.4300586860626936,0.14479802642017603,0.014907680451869965,0.270352978259325,2.390788458287716,0.0001,0.42630528565496206
3605,0.4279093015938997,0.14439439121633768,0.01495400071144104,0.26856090780347586,2.3985604718327522,0.0001,0.42618357576429844
3606,0.4256605561822653,0.14464026503264904,0.01488523930311203,0.26613505464047194,2.416295677423477,0.0001,0.4263562005013227
3607,0.4284957963973284,0.1445848112925887,0.014977216720581055,0.26893377117812634,2.559633456170559,0.0001,0.42664607651531694
3608,0.42488658241927624,0.1446938682347536,0.015029750764369965,0.26516296435147524,2.3381289541721344,0.0001,0.42669575437903406
3609,0.42725222185254097,0.14460859261453152,0.014975175261497498,0.2676684521138668,2.5607964619994164,0.0001,0.42665765844285486
3610,0.42886856757104397,0.14454334508627653,0.014889530837535858,0.2694356869906187,2.0777909085154533,0.0001,0.4267651218920946
3611,0.42457799427211285,0.14442224521189928,0.01480046659708023,0.26535527780652046,2.072260633111,0.0001,0.42655316516757014
3612,0.4291449096053839,0.14455827232450247,0.01505986601114273,0.2695267740637064,2.2975576519966125,0.0001,0.4272425830364227
3613,0.4243378285318613,0.14449536334723234,0.014958970248699188,0.2648834902793169,2.283713512122631,0.0001,0.42711924444884064
3614,0.4266379587352276,0.14471820555627346,0.014906235039234161,0.26701351534575224,2.2374111339449883,0.0001,0.42677717171609403
3615,0.4285311456769705,0.1446927534416318,0.015173710882663727,0.26866468507796526,2.2656819745898247,0.0001,0.4268393561244011
3616,0.4284825138747692,0.14464372768998146,0.014947287738323212,0.26889149844646454,2.664767265319824,0.0001,0.4271215518936515
3617,0.4216464124619961,0.1446437779814005,0.01496366411447525,0.26203897316008806,2.248433716595173,0.0001,0.42643661350011824
3618,0.4297464042901993,0.1443472234532237,0.014951810240745544,0.2704473715275526,2.3303421065211296,0.0001,0.4269225956872106
3619,0.42127959057688713,0.14462847728282213,0.015039652585983276,0.2616114616394043,2.8968319594860077,0.0001,0.42632533255964516
3620,0.4276589807122946,0.1446479968726635,0.015014685690402985,0.26799630280584097,2.5003983974456787,0.0001,0.42620437387377025
3621,0.429028345271945,0.1444991696625948,0.015013650059700012,0.2695155218243599,2.456661380827427,0.0001,0.4266494089737535
3622,0.4219522438943386,0.1444769650697708,0.014968901872634888,0.2625063778832555,2.5306788608431816,0.0001,0.4259301424026489
3623,0.42768171429634094,0.14461666904389858,0.014939367771148682,0.268125681206584,2.542354606091976,0.0001,0.4262645309790969
3624,0.42971937730908394,0.14457993302494287,0.014982573688030243,0.27015687339007854,2.451923295855522,0.0001,0.42657267283648254
3625,0.42484171129763126,0.14469380769878626,0.014935702085494995,0.26521220058202744,2.2288784608244896,0.0001,0.4262037293985486
3626,0.428923049941659,0.14464405365288258,0.01492442935705185,0.2693545650690794,2.137064479291439,0.0001,0.4262477830052376
3627,0.4285967107862234,0.14481703843921423,0.014929264783859253,0.2688504047691822,2.2036127895116806,0.0001,0.42694281283766033
3628,0.42436158657073975,0.14459194708615541,0.014885522425174713,0.26488411240279675,1.9187654852867126,0.0001,0.42640433106571435
3629,0.4282182864844799,0.14498499408364296,0.01509295403957367,0.268140334635973,2.4172612950205803,0.0001,0.42709820065647364
3630,0.43013310246169567,0.14485985226929188,0.015013575553894043,0.2702596727758646,2.776247948408127,0.0001,0.42734561283141376
3631,0.42461640760302544,0.1444738693535328,0.014895960688591003,0.26524657383561134,2.581753820180893,0.0001,0.4269044190645218
3632,0.42898678593337536,0.14470076747238636,0.014939799904823303,0.2693462213501334,2.7911902740597725,0.0001,0.4276078732684255
3633,0.42599100060760975,0.1445699231699109,0.015105016529560089,0.2663160599768162,2.622136630117893,0.0001,0.42743880189955236
3634,0.42590486630797386,0.14454447105526924,0.014993280172348022,0.2663671178743243,2.6674172058701515,0.0001,0.42705735079944135
3635,0.43016128055751324,0.1444381708279252,0.015025712549686432,0.2706973999738693,2.630203552544117,0.0001,0.4275893077254295
3636,0.4272413309663534,0.14478522166609764,0.014868035912513733,0.26758806873112917,2.469492256641388,0.0001,0.427421135827899
3637,0.4279895480722189,0.14454412553459406,0.0150047168135643,0.2684407001361251,2.4624857529997826,0.0001,0.4273604195564985
3638,0.42727432772517204,0.14433534257113934,0.015011027455329895,0.2679279539734125,2.217488832771778,0.0001,0.4276516936719418
3639,0.4273788630962372,0.14451875071972609,0.01500411331653595,0.2678559944033623,1.9297441765666008,0.0001,0.4275677513331175
3640,0.4278529528528452,0.1446628998965025,0.014990799129009247,0.2681992556899786,2.1535438895225525,0.0001,0.42733973637223244
3641,0.42918328382074833,0.1444449033588171,0.014883458614349365,0.26985492184758186,2.3789166659116745,0.0001,0.42779642399400475
3642,0.4253519345074892,0.1446277927607298,0.014981672167778015,0.2657424658536911,2.227400004863739,0.0001,0.4274329388514161
3643,0.4294312968850136,0.144635247066617,0.014967255294322968,0.26982879638671875,2.0614944249391556,0.0001,0.42777696847915647
3644,0.42161888256669044,0.14453755598515272,0.014839865267276764,0.2622414641082287,2.2467265129089355,0.0001,0.42734837010502813
3645,0.42869233153760433,0.1444944590330124,0.015140898525714874,0.2690569758415222,2.482384145259857,0.0001,0.42720147520303725
3646,0.4256878159940243,0.14459720253944397,0.014893800020217896,0.26619681529700756,2.082703799009323,0.0001,0.42704612370580436
3647,0.43024134263396263,0.14457340724766254,0.014970950782299042,0.27069698460400105,2.206252947449684,0.0001,0.4272713031619787
3648,0.42367625422775745,0.1444870736449957,0.014955013990402222,0.26423416659235954,2.2766278088092804,0.0001,0.42691149581223725
3649,0.4283037707209587,0.1445097653195262,0.015015020966529846,0.26877898909151554,2.1147224456071854,0.0001,0.4270039865747094
3650,0.42781321704387665,0.14475524984300137,0.015021637082099915,0.26803633105009794,2.282688468694687,0.0001,0.42700001299381257
3651,0.4276888947933912,0.1443677321076393,0.015067942440509796,0.26825322210788727,2.360668808221817,0.0001,0.42685057409107685
3652,0.42961531691253185,0.14476305712014437,0.014990463852882385,0.2698617950081825,2.356187991797924,0.0001,0.4272769123315811
3653,0.4274793192744255,0.1447218982502818,0.015012934803962708,0.2677444890141487,2.6181644797325134,0.0001,0.4270817145705223
3654,0.4249541237950325,0.14467716589570045,0.014935590326786041,0.2653413685038686,2.42492488771677,0.0001,0.4274152386933565
3655,0.4333466961979866,0.144521770067513,0.014943413436412811,0.2738815136253834,2.640006698668003,0.0001,0.42788067515939476
3656,0.42332541197538376,0.14438928291201591,0.01494741439819336,0.26398871652781963,2.2443162947893143,0.0001,0.42764443475753067
3657,0.42846555076539516,0.1445583337917924,0.01506078988313675,0.26884642895311117,2.310684233903885,0.0001,0.42746685557067393
3658,0.42462765611708164,0.14450256433337927,0.01487753540277481,0.265247555449605,2.210167147219181,0.0001,0.42756199575960635
3659,0.4289555009454489,0.1446468411013484,0.0149640291929245,0.2693446334451437,2.0803390815854073,0.0001,0.42762716878205537
3660,0.425677502527833,0.14452656358480453,0.014942266047000885,0.2662086710333824,2.0989823415875435,0.0001,0.42741359733045103
3661,0.42495113238692284,0.144605559296906,0.014934591948986053,0.26541097834706306,1.9556706547737122,0.0001,0.4271398210898042
3662,0.42857625521719456,0.14442294649779797,0.014905765652656555,0.26924754586070776,2.0548025518655777,0.0001,0.42703591492027043
3663,0.42656650207936764,0.14449031371623278,0.014931097626686096,0.2671450935304165,2.1046132296323776,0.0001,0.42694463320076464
3664,0.4237312711775303,0.14466142561286688,0.015145137906074524,0.2639247067272663,2.2372962310910225,0.0001,0.4268223479390144
3665,0.42553697526454926,0.1445523165166378,0.014995075762271881,0.2659895857796073,2.1643894761800766,0.0001,0.4260413758456707
3666,0.4259932916611433,0.14458616822957993,0.014929503202438354,0.266477620229125,2.069554679095745,0.0001,0.42630816381424663
3667,0.42157334089279175,0.1446944111958146,0.014970965683460236,0.2619079677388072,1.9910975322127342,0.0001,0.4256189428269863
3668,0.4242369830608368,0.14473467506468296,0.01499377191066742,0.26450853049755096,1.884335644543171,0.0001,0.42557987552136184
3669,0.42325454764068127,0.1445018732920289,0.015055529773235321,0.2636971417814493,2.124502718448639,0.0001,0.4250097801908851
3670,0.42640209570527077,0.14437930192798376,0.014913931488990784,0.26710886508226395,2.168102130293846,0.0001,0.42508223950862883
3671,0.42498925141990185,0.14452138170599937,0.01501292735338211,0.26545494981110096,2.074059881269932,0.0001,0.42508605141192674
3672,0.4261861890554428,0.14461009204387665,0.01495266705751419,0.26662342716008425,2.229821093380451,0.0001,0.4248470447957516
3673,0.4232586584985256,0.1446905480697751,0.014967083930969238,0.263601029291749,2.2599678337574005,0.0001,0.4245162604376674
3674,0.4211068097501993,0.14440189208835363,0.015070483088493347,0.26163443364202976,2.0853367298841476,0.0001,0.42425381429493425
3675,0.4247695282101631,0.14441962633281946,0.015041977167129517,0.26530792750418186,1.986762396991253,0.0001,0.42417706958949564
3676,0.4277032632380724,0.14440645929425955,0.015071682631969452,0.2682251203805208,1.9602811858057976,0.0001,0.42434806674718856
3677,0.42363647371530533,0.14450189284980297,0.015023000538349152,0.2641115803271532,2.047521434724331,0.0001,0.4245543800294399
3678,0.42192602902650833,0.1447095163166523,0.015032969415187836,0.2621835498139262,2.180284671485424,0.0001,0.4243232846260071
3679,0.42472014017403126,0.14463870413601398,0.015101708471775055,0.26497972942888737,2.1420492082834244,0.0001,0.42446984387934206
3680,0.42087703943252563,0.1444384828209877,0.015114843845367432,0.26132371462881565,2.15224227309227,0.0001,0.42391733825206757
3681,0.4262628238648176,0.1446126066148281,0.015092417597770691,0.26655779499560595,2.1509309113025665,0.0001,0.42404469549655915
3682,0.4251289665699005,0.1446044184267521,0.014976032078266144,0.2655485151335597,2.700394868850708,0.0001,0.4239389732480049
3683,0.422800749540329,0.14438690338283777,0.014935143291950226,0.263478702865541,2.7235059961676598,0.0001,0.42389318235218526
3684,0.43069976940751076,0.1445534573867917,0.015071168541908264,0.2710751425474882,2.822069451212883,0.0001,0.4248524783179164
3685,0.4263894595205784,0.14439421612769365,0.014905959367752075,0.26708928868174553,2.6971914768218994,0.0001,0.42501447144895793
3686,0.42490377463400364,0.14453294966369867,0.01485762745141983,0.26551319286227226,2.641174539923668,0.0001,0.42473452258855104
3687,0.4320531561970711,0.1444255542010069,0.014880374073982239,0.27274722792208195,2.5637338906526566,0.0001,0.4255761908367276
3688,0.42465657740831375,0.14433365315198898,0.014874793589115143,0.2654481353238225,2.462082214653492,0.0001,0.4258492456749082
3689,0.4287820905447006,0.1442359071224928,0.015025071799755096,0.26952111441642046,2.047980099916458,0.0001,0.4262554407119751
3690,0.42535928823053837,0.14440384786576033,0.014865301549434662,0.2660901416093111,2.05973731726408,0.0001,0.42670366559177636
3691,0.4288442973047495,0.14448674488812685,0.015060678124427795,0.26929687429219484,2.407244563102722,0.0001,0.42696181293576957
3692,0.42499132081866264,0.1447067428380251,0.014840714633464813,0.26544386241585016,2.6431512534618378,0.0001,0.42694804836064576
3693,0.42849575728178024,0.1445135585963726,0.014900803565979004,0.26908139139413834,2.585566058754921,0.0001,0.4275175491347909
3694,0.42783473432064056,0.14439685456454754,0.014864854514598846,0.26857302337884903,2.5603757053613663,0.0001,0.42723104562610387
3695,0.4233557712286711,0.1444279756397009,0.014890752732753754,0.2640370447188616,2.476005218923092,0.0001,0.4269276767969131
3696,0.42777033895254135,0.14462271239608526,0.014953084290027618,0.26819453947246075,2.3395565152168274,0.0001,0.4272143332287669
3697,0.4258657656610012,0.14465650636702776,0.015063121914863586,0.26614613458514214,2.3796312510967255,0.0001,0.4265955941751599
3698,0.4305826220661402,0.1445516375824809,0.014920949935913086,0.27111003175377846,2.2685549557209015,0.0001,0.4271881986409426
3699,0.4264453072100878,0.14435916766524315,0.014948591589927673,0.26713754422962666,2.215835191309452,0.0001,0.42695452030748127
3700,0.43014748208224773,0.1447538211941719,0.01492483913898468,0.270468819886446,2.2852371484041214,0.0001,0.42743333969265224
3701,0.4228070192039013,0.1445546429604292,0.014752276241779327,0.2635000962764025,2.4368700981140137,0.0001,0.4268296118825674
3702,0.42698763497173786,0.14445838145911694,0.01485268771648407,0.26767656672745943,2.1919848024845123,0.0001,0.42702924329787495
3703,0.4248980972915888,0.14472339022904634,0.014792762696743011,0.26538194064050913,2.6144666224718094,0.0001,0.4266694772988558
3704,0.42554117925465107,0.1444989750161767,0.014993272721767426,0.2660489287227392,2.4696215987205505,0.0001,0.4264401217922568
3705,0.4296479355543852,0.14432878978550434,0.014959841966629028,0.2703593038022518,2.3848445266485214,0.0001,0.42706933822482823
3706,0.4240813869982958,0.14430799335241318,0.014982081949710846,0.2647913098335266,2.1287990659475327,0.0001,0.4267004430294037
3707,0.4234688878059387,0.1445189118385315,0.015115685760974884,0.2638342874124646,1.9538791328668594,0.0001,0.4264607552438974
3708,0.4223439712077379,0.14449472539126873,0.014919787645339966,0.2629294553771615,1.9421365931630135,0.0001,0.4256368901580572
3709,0.42293368838727474,0.1444478565827012,0.014948368072509766,0.26353745721280575,1.9220784902572632,0.0001,0.42528572827577593
3710,0.42532831616699696,0.14466039463877678,0.015025146305561066,0.26564277708530426,2.1879992932081223,0.0001,0.42480381168425085
3711,0.4194272793829441,0.14457488432526588,0.015005432069301605,0.2598469639196992,2.4223142489790916,0.0001,0.4244658377021551
3712,0.424195297062397,0.1444851141422987,0.015100672841072083,0.2646095082163811,2.415587440133095,0.0001,0.42418660391122104
3713,0.4232069384306669,0.14427091460675,0.015004746615886688,0.2639312790706754,2.035009689629078,0.0001,0.42401748802512884
3714,0.42350840382277966,0.14452740922570229,0.01500796526670456,0.2639730293303728,1.919380009174347,0.0001,0.4238142104819417
3715,0.42650701105594635,0.14443701785057783,0.014966793358325958,0.2671031914651394,2.1899882555007935,0.0001,0.4235001180320978
3716,0.4243157859891653,0.14461547136306763,0.015023373067378998,0.2646769443526864,2.3193183913826942,0.0001,0.4235235579311848
3717,0.4224950298666954,0.14472293201833963,0.014970242977142334,0.26280185487121344,2.709320656955242,0.0001,0.4234261721372604
3718,0.4256759714335203,0.1444510594010353,0.01515238732099533,0.2660725209861994,2.6935886293649673,0.0001,0.42375937215983867
3719,0.423270670697093,0.14452336449176073,0.01504863053560257,0.26369867473840714,2.1983654275536537,0.0001,0.4237930703908205
3720,0.42673119343817234,0.1444249153137207,0.015092901885509491,0.267213374376297,2.1614240184426308,0.0001,0.42393335811793803
3721,0.42655216716229916,0.14440638851374388,0.015019625425338745,0.26712615601718426,2.059686057269573,0.0001,0.42464584689587354
3722,0.4267593137919903,0.1446549231186509,0.014979071915149689,0.2671253215521574,2.034915566444397,0.0001,0.42490224856883285
3723,0.42534324154257774,0.14448192529380322,0.015073500573635101,0.2657878156751394,2.126781903207302,0.0001,0.42511587888002395
3724,0.4281785115599632,0.14448789227753878,0.015082716941833496,0.2686078976839781,2.1691850125789642,0.0001,0.4255828896537423
3725,0.42480701953172684,0.14470362290740013,0.01503106951713562,0.2650723224505782,2.1969334930181503,0.0001,0.42541289050132036
3726,0.42495294101536274,0.14455490559339523,0.014946095645427704,0.26545193791389465,2.202532723546028,0.0001,0.4254766060039401
3727,0.426490243524313,0.14438566006720066,0.015049517154693604,0.2670550663024187,1.969460166990757,0.0001,0.4258761273697019
3728,0.4261718913912773,0.144381002523005,0.015135355293750763,0.2666555345058441,2.1321729868650436,0.0001,0.4259257193654776
3729,0.4268499091267586,0.14429707266390324,0.014994457364082336,0.2675583818927407,1.9932652190327644,0.0001,0.42628364320844414
3730,0.42635018192231655,0.14461673703044653,0.015062525868415833,0.2666709218174219,2.1579478979110718,0.0001,0.42624554205685855
3731,0.42453025840222836,0.14443372655659914,0.01498357206583023,0.2651129560545087,2.1358655095100403,0.0001,0.42604335118085146
3732,0.43091891147196293,0.14453774131834507,0.015106238424777985,0.271274933591485,2.499633327126503,0.0001,0.4264593109488487
3733,0.42185093834996223,0.14440559409558773,0.015013232827186584,0.26243211049586535,2.510791063308716,0.0001,0.42611008062958716
3734,0.4267941974103451,0.14446777384728193,0.015118822455406189,0.2672076039016247,2.623916082084179,0.0001,0.4259716492146254
3735,0.42955053970217705,0.1445738896727562,0.014903172850608826,0.270073477178812,2.435926638543606,0.0001,0.42644600123167037
3736,0.4237125776708126,0.144514505751431,0.01501067727804184,0.26418739557266235,2.294655993580818,0.0001,0.42632196489721536
3737,0.427309462800622,0.14445816166698933,0.015148438513278961,0.2677028616890311,2.2925496622920036,0.0001,0.42640388682484626
3738,0.4281662069261074,0.14443876687437296,0.01507345587015152,0.2686539888381958,2.353339597582817,0.0001,0.42660331837832927
3739,0.42640111967921257,0.14442905224859715,0.014905072748661041,0.26706699281930923,2.1458436027169228,0.0001,0.4265584394335747
3740,0.43378053419291973,0.14445190224796534,0.014953918755054474,0.2743747141212225,2.448036842048168,0.0001,0.427301474660635
3741,0.42206008546054363,0.1443570926785469,0.014955475926399231,0.26274751499295235,2.584447592496872,0.0001,0.4270544573664665
3742,0.4238637015223503,0.14423533249646425,0.014907404780387878,0.26472096238285303,1.919451855123043,0.0001,0.4263489363715053
3743,0.4246184453368187,0.1445291955024004,0.014920808374881744,0.26516844145953655,2.2845780849456787,0.0001,0.4266256870701909
3744,0.4233704376965761,0.14472147729247808,0.014944106340408325,0.2637048549950123,2.408289857208729,0.0001,0.426283311098814
3745,0.42646711505949497,0.14444885682314634,0.015005014836788177,0.2670132480561733,2.240695871412754,0.0001,0.4259749686345458
3746,0.42033697851002216,0.14430594816803932,0.014959923923015594,0.2610711054876447,2.050142139196396,0.0001,0.4256374087184668
3747,0.4254081379622221,0.14438355341553688,0.014872267842292786,0.266152311116457,2.418318659067154,0.0001,0.42544727623462675
3748,0.42351841926574707,0.14445373881608248,0.014919370412826538,0.26414530724287033,2.2186083644628525,0.0001,0.42498249746859074
3749,0.42678121477365494,0.14460869319736958,0.014851011335849762,0.2673215139657259,2.303103841841221,0.0001,0.42502050697803495
3750,0.42692053131759167,0.14440077636390924,0.01487646996974945,0.2676432840526104,2.2225790843367577,0.0001,0.42433450669050216
3751,0.4255466405302286,0.14446202665567398,0.015084400773048401,0.26600021217018366,2.3822035640478134,0.0001,0.42468316219747065
3752,0.42079844884574413,0.1445324206724763,0.015010334551334381,0.26125569455325603,2.6604413092136383,0.0001,0.42437663692981004
3753,0.42256250232458115,0.1444104751572013,0.01494673639535904,0.26320528890937567,2.770171746611595,0.0001,0.4241710426285863
3754,0.4229038991034031,0.14426105469465256,0.014955006539821625,0.2636878341436386,2.1708144545555115,0.0001,0.424124388769269
3755,0.4246085714548826,0.14476266503334045,0.01485944539308548,0.2649864610284567,2.613892123103142,0.0001,0.42393853440880774
3756,0.42885997518897057,0.1443452024832368,0.015006378293037415,0.26950839534401894,2.4532210156321526,0.0001,0.4247908340767026
3757,0.42383845150470734,0.14448625966906548,0.014936007559299469,0.26441618613898754,2.619272217154503,0.0001,0.4246338654309511
3758,0.4258051533252001,0.14461282268166542,0.01501685380935669,0.2661754731088877,2.6301136016845703,0.0001,0.4248625388368964
3759,0.4243906009942293,0.144321758300066,0.014971897006034851,0.2650969438254833,2.2747054249048233,0.0001,0.42462347745895385
3760,0.42238263227045536,0.14438645727932453,0.014913208782672882,0.26308296527713537,2.181122064590454,0.0001,0.4241696875542402
3761,0.4225676916539669,0.14429244585335255,0.015005096793174744,0.2632701527327299,2.508581280708313,0.0001,0.42387179266661407
3762,0.42210416682064533,0.1443664412945509,0.014809206128120422,0.26292851753532887,2.4936833158135414,0.0001,0.42400236446410416
3763,0.4231711830943823,0.14445300120860338,0.014794431626796722,0.2639237502589822,2.404719814658165,0.0001,0.4240632325410843
3764,0.4252749886363745,0.14447070006281137,0.015020355582237244,0.2657839311286807,2.3781789988279343,0.0001,0.42430034149438145
3765,0.42249745316803455,0.14445232599973679,0.015041202306747437,0.26300392765551805,2.2372247725725174,0.0001,0.4240892296656966
3766,0.42377668619155884,0.14445207454264164,0.014887236058712006,0.2644373755902052,2.1079696640372276,0.0001,0.42358090076595545
3767,0.42718444019556046,0.14446837827563286,0.014871813356876373,0.2678442457690835,2.224979415535927,0.0001,0.42391549963504077
3768,0.4304764550179243,0.1444893954321742,0.014959216117858887,0.27102783881127834,2.2353948205709457,0.0001,0.4243826298043132
3769,0.4256804808974266,0.14438954554498196,0.014995485544204712,0.26629544887691736,2.0725036785006523,0.0001,0.4245116177946329
3770,0.42591382190585136,0.1445304499939084,0.014927417039871216,0.266455952078104,2.4372415393590927,0.0001,0.4248647367581725
3771,0.4279483240097761,0.14447487518191338,0.014986172318458557,0.26848727837204933,2.217392109334469,0.0001,0.4254027999937534
3772,0.4219095315784216,0.1446370566263795,0.015003286302089691,0.26226919144392014,2.4088145717978477,0.0001,0.4253833364695311
3773,0.4226153530180454,0.14447463024407625,0.015045508742332458,0.2630952103063464,1.9665591567754745,0.0001,0.4253277534618974
3774,0.42136379703879356,0.14452211372554302,0.01503843069076538,0.26180325727909803,2.34604761749506,0.0001,0.4249366343021393
3775,0.42791960947215557,0.14426187612116337,0.015101119875907898,0.2685566144064069,2.2093412652611732,0.0001,0.42547884993255136
3776,0.42533948458731174,0.1445437530055642,0.014993205666542053,0.26580252684652805,2.4704336002469063,0.0001,0.4256351297721267
3777,0.425605833530426,0.14428339805454016,0.015012726187705994,0.2663097120821476,2.1991522535681725,0.0001,0.42547726910561323
3778,0.4251666571944952,0.14440634287893772,0.015033669769763947,0.26572664082050323,2.259149968624115,0.0001,0.42494628932327033
3779,0.42616536282002926,0.1444850405678153,0.015021063387393951,0.2666592635214329,2.389359250664711,0.0001,0.4249947775155306
3780,0.4256235957145691,0.1444223327562213,0.014999404549598694,0.2662018593400717,2.358343169093132,0.0001,0.42496575489640237
3781,0.4227976445108652,0.14430458471179008,0.014921694993972778,0.2635713638737798,2.440567597746849,0.0001,0.4244506869465113
3782,0.42281349189579487,0.14440182130783796,0.015055499970912933,0.2633561696857214,2.3657205551862717,0.0001,0.4245410829782486
3783,0.425294516608119,0.14460103679448366,0.015058115124702454,0.2656353609636426,2.4916602596640587,0.0001,0.42480899933725597
3784,0.4242477975785732,0.14439905993640423,0.014939822256565094,0.2649089153856039,2.670847572386265,0.0001,0.4250973993912339
3785,0.42366243340075016,0.14453113544732332,0.014948256313800812,0.2641830397769809,2.66514390707016,0.0001,0.42467168178409337
3786,0.4225405901670456,0.14436867646872997,0.014960162341594696,0.2632117457687855,2.67128649353981,0.0001,0.42439179234206675
3787,0.42737926356494427,0.14437957294285297,0.014994814991950989,0.2680048756301403,2.486549198627472,0.0001,0.4245691353455186
3788,0.42333721555769444,0.1444467743858695,0.014986634254455566,0.26390380412340164,2.231774054467678,0.0001,0.4243861911818385
3789,0.42408485524356365,0.14449557568877935,0.015111677348613739,0.26447759848088026,2.127016596496105,0.0001,0.42417814042419194
3790,0.4226939622312784,0.14455759339034557,0.01506807655096054,0.26306829508394003,2.440507933497429,0.0001,0.4238851770758629
3791,0.4241894278675318,0.14424906764179468,0.015135705471038818,0.26480465568602085,1.9832737445831299,0.0001,0.42402435541152955
3792,0.42561412043869495,0.1444875504821539,0.014979332685470581,0.26614723913371563,2.410869710147381,0.0001,0.42430441826581955
3793,0.42717097885906696,0.1444386150687933,0.015151776373386383,0.2675805874168873,2.3966739773750305,0.0001,0.42449206449091437
3794,0.42580093815922737,0.14445779751986265,0.014823950827121735,0.2665191888809204,2.3808499723672867,0.0001,0.42464737854897977
3795,0.42645580135285854,0.1444888859987259,0.014907211065292358,0.26705970242619514,2.2372433096170425,0.0001,0.4249267153441906
3796,0.42967510409653187,0.14435690455138683,0.015065133571624756,0.27025306783616543,2.1692465469241142,0.0001,0.4256401667371392
3797,0.4246346987783909,0.1442939080297947,0.014991216361522675,0.26534957252442837,2.240221679210663,0.0001,0.4253657102584839
3798,0.4268441926687956,0.1444073086604476,0.015073314309120178,0.2673635696992278,2.048353612422943,0.0001,0.425716407969594
3799,0.4263965468853712,0.14458705112338066,0.015052981674671173,0.2667565122246742,2.169787257909775,0.0001,0.42594757713377474
3800,0.42320082150399685,0.14430897682905197,0.014950498938560486,0.2639413448050618,2.1340337470173836,0.0001,0.4259982630610466
3801,0.42726617865264416,0.14444734994322062,0.01494009792804718,0.2678787289187312,2.409956067800522,0.0001,0.42630593813955786
3802,0.42873575538396835,0.14429667312651873,0.014974720776081085,0.26946436055004597,2.5037234127521515,0.0001,0.4266181016340852
3803,0.42545108683407307,0.14431955944746733,0.014894619584083557,0.2662369078025222,2.457522936165333,0.0001,0.4264461124315858
3804,0.4245913550257683,0.14427427388727665,0.014807641506195068,0.2655094377696514,1.9720859229564667,0.0001,0.4263251541182399
3805,0.42082585394382477,0.14461894612759352,0.015071116387844086,0.26113578770309687,2.3227745220065117,0.0001,0.4257621593773365
3806,0.4266847427934408,0.1444755308330059,0.014887101948261261,0.26732211373746395,2.331304170191288,0.0001,0.4254631232470274
3807,0.4279495496302843,0.14442503079771996,0.014956504106521606,0.2685680137947202,2.055735409259796,0.0001,0.4257946083322167
3808,0.4233300443738699,0.1444042967632413,0.014916040003299713,0.26400970946997404,2.2435143142938614,0.0001,0.4254431935027242
3809,0.4219714514911175,0.1445386679843068,0.015009336173534393,0.2624234491959214,2.19405285269022,0.0001,0.4250006839632988
3810,0.42784866876900196,0.14455169159919024,0.015062645077705383,0.26823433116078377,2.494887985289097,0.0001,0.4254654686897993
3811,0.42876782827079296,0.1443887846544385,0.014984659850597382,0.2693943828344345,2.203518085181713,0.0001,0.4256156336516142
3812,0.4240606687963009,0.14428879786282778,0.015043146908283234,0.2647287230938673,2.018284894526005,0.0001,0.42514812499284743
3813,0.42167299427092075,0.14446125645190477,0.01495835930109024,0.2622533766552806,2.233086757361889,0.0001,0.42477031573653223
3814,0.427356930449605,0.14427455235272646,0.015163682401180267,0.2679186947643757,2.031379170715809,0.0001,0.4250468732789159
3815,0.42936932295560837,0.14431602787226439,0.015125878155231476,0.26992741506546736,1.9698550775647163,0.0001,0.42590122018009424
3816,0.4223349615931511,0.14449434075504541,0.015050292015075684,0.2627903278917074,2.4354636892676353,0.0001,0.4254662420600653
3817,0.4234867561608553,0.14444488752633333,0.014957480132579803,0.26408438943326473,2.5176860839128494,0.0001,0.42501996271312237
3818,0.4276919774711132,0.14442333113402128,0.015006005764007568,0.2682626396417618,2.495705246925354,0.0001,0.4254561560228467
3819,0.42668991908431053,0.1444549672305584,0.014879070222377777,0.26735588535666466,2.478162556886673,0.0001,0.425928002782166
3820,0.42587360739707947,0.14446244295686483,0.015051722526550293,0.26635944098234177,2.257020279765129,0.0001,0.42573049664497375
3821,0.42655310966074467,0.14440569374710321,0.014982834458351135,0.2671645786613226,2.062201403081417,0.0001,0.4255090247839689
3822,0.4259701669216156,0.1445458633825183,0.014840558171272278,0.2665837435051799,2.1025494784116745,0.0001,0.4256999745965004
3823,0.4229686353355646,0.14439916796982288,0.014948152005672455,0.2636213172227144,2.1491570323705673,0.0001,0.4258295387029648
3824,0.4241040572524071,0.14438386540859938,0.01506226509809494,0.26465792395174503,2.1462764143943787,0.0001,0.425504251383245
3825,0.42277510836720467,0.14468277897685766,0.014967299997806549,0.2631250321865082,2.585512936115265,0.0001,0.42484482992440464
3826,0.42094890773296356,0.14450765494257212,0.015098653733730316,0.2613425999879837,2.4439462199807167,0.0001,0.42470622453838586
3827,0.42419935390353203,0.14433410950005054,0.015007123351097107,0.26485812198370695,2.25283233076334,0.0001,0.42477748431265355
3828,0.4237476587295532,0.14436303824186325,0.014874368906021118,0.26451025251299143,2.5197868198156357,0.0001,0.42438305243849755
3829,0.42331988364458084,0.14448998402804136,0.014960870146751404,0.2638690238818526,2.5949866622686386,0.0001,0.4240460488945246
3830,0.4252451006323099,0.1443536328151822,0.014986768364906311,0.2659047022461891,2.633358597755432,0.0001,0.42398319821804764
3831,0.42728728614747524,0.14443793706595898,0.014836534857749939,0.2680128188803792,2.571608990430832,0.0001,0.42405661586672067
3832,0.41938783414661884,0.144233294762671,0.01483193039894104,0.26032260712236166,2.4681157395243645,0.0001,0.423398382589221
3833,0.4247882291674614,0.1443388368934393,0.014795973896980286,0.26565342396497726,2.5786326453089714,0.0001,0.4235803419724107
3834,0.42263817228376865,0.14443135727196932,0.014788366854190826,0.26341844629496336,2.6158181875944138,0.0001,0.42343375347554685
3835,0.42669025249779224,0.1443939320743084,0.01497940719127655,0.26731691509485245,2.4986713975667953,0.0001,0.4238252678886056
3836,0.4202480632811785,0.14423603098839521,0.014955893158912659,0.26105613727122545,2.403968296945095,0.0001,0.4237551834434271
3837,0.4238871540874243,0.14453373849391937,0.014897197484970093,0.26445621717721224,2.203677423298359,0.0001,0.4237239634618163
3838,0.42606085911393166,0.14430070482194424,0.014930561184883118,0.2668295940384269,2.2852350994944572,0.0001,0.42395528350025413
3839,0.4248376861214638,0.1442230148240924,0.014901876449584961,0.2657127995043993,2.1942281797528267,0.0001,0.42410706374794244
3840,0.4231205843389034,0.14435056038200855,0.01484784483909607,0.26392217725515366,2.154540739953518,0.0001,0.4238946121186018
3841,0.4228461515158415,0.14462059270590544,0.014748550951480865,0.26347700972110033,2.321818269789219,0.0001,0.42345049865543843
3842,0.4213920943439007,0.1443580947816372,0.01501978188753128,0.2620142186060548,2.079406291246414,0.0001,0.42365092467516663
3843,0.42226008512079716,0.1443346133455634,0.015024170279502869,0.26290129870176315,2.0564635396003723,0.0001,0.42339811027050017
3844,0.42998572811484337,0.1444909293204546,0.015003092586994171,0.2704917024821043,2.2862913087010384,0.0001,0.42413286585360765
3845,0.42741150222718716,0.14461858663707972,0.014938108623027802,0.2678548116236925,2.385308660566807,0.0001,0.42420499082654717
3846,0.4255692344158888,0.14428426418453455,0.014870889484882355,0.266414076089859,2.1864275857806206,0.0001,0.4247371079400182
3847,0.42668269760906696,0.14434394799172878,0.015085786581039429,0.26725296676158905,1.9270164594054222,0.0001,0.42501666229218243
3848,0.4287733379751444,0.14441016130149364,0.015008971095085144,0.2693542055785656,2.0633828938007355,0.0001,0.4252879101783037
3849,0.4238983169198036,0.14408326521515846,0.015065036714076996,0.2647500168532133,1.8818808868527412,0.0001,0.4251939732581377
3850,0.42051928862929344,0.14451752789318562,0.014932334423065186,0.2610694272443652,2.286248005926609,0.0001,0.4249338436871767
3851,0.42107598297297955,0.14435942377895117,0.014996886253356934,0.26171967200934887,2.2577443793416023,0.0001,0.4247568268328905
3852,0.4233607891947031,0.14432481303811073,0.015030451118946075,0.26400552690029144,2.0397156178951263,0.0001,0.42495369631797075
3853,0.4158818144351244,0.14448109455406666,0.015008561313152313,0.25639215763658285,2.1109062507748604,0.0001,0.42431586924940345
3854,0.4230068251490593,0.1443386198952794,0.014978200197219849,0.263689998537302,2.5165420547127724,0.0001,0.42361797895282505
3855,0.42292994260787964,0.14449823927134275,0.015117570757865906,0.26331413723528385,2.320252075791359,0.0001,0.42316982299089434
3856,0.425752617418766,0.14433340169489384,0.015029430389404297,0.26638978626579046,2.599996507167816,0.0001,0.42318816129118203
3857,0.424133462831378,0.14439399633556604,0.014962241053581238,0.2647772263735533,2.4953671991825104,0.0001,0.42293323781341313
3858,0.4254941586405039,0.1442593103274703,0.015018165111541748,0.266216685064137,2.5771280229091644,0.0001,0.4226053198799491
3859,0.42261941730976105,0.1443851012736559,0.015040583908557892,0.2631937302649021,2.4968067556619644,0.0001,0.4224774299189448
3860,0.4225743729621172,0.1443732213228941,0.014974221587181091,0.263226930052042,2.515936739742756,0.0001,0.4226829383522272
3861,0.4257160313427448,0.14444707334041595,0.01494867354631424,0.2663202788680792,2.3472548201680183,0.0001,0.42314694318920376
3862,0.42145122587680817,0.1442817635834217,0.014986440539360046,0.2621830180287361,2.0446489304304123,0.0001,0.42295598685741426
3863,0.4256942681968212,0.1444335700944066,0.01489374041557312,0.2663669576868415,2.1592626124620438,0.0001,0.4239372322335839
3864,0.42379707284271717,0.14434628933668137,0.01507297158241272,0.26437780633568764,2.102960839867592,0.0001,0.4240162570029497
3865,0.4228149652481079,0.1444989824667573,0.015047118067741394,0.26326886378228664,2.1057890206575394,0.0001,0.42400475926697256
3866,0.42353258840739727,0.14441789034754038,0.014978542923927307,0.2641361514106393,2.2122635319828987,0.0001,0.4237827563658357
3867,0.42834824696183205,0.14442313835024834,0.015093468129634857,0.2688316460698843,2.1078153625130653,0.0001,0.4242042347788811
3868,0.41797504760324955,0.14446471258997917,0.014942646026611328,0.2585676871240139,2.1434561237692833,0.0001,0.4234523236751556
3869,0.4258514177054167,0.1444413661956787,0.014997333288192749,0.2664127154275775,2.333612836897373,0.0001,0.4237755237147212
3870,0.4196983650326729,0.14450537040829659,0.01500973105430603,0.2601832626387477,2.2852098494768143,0.0001,0.4234879229217768
3871,0.4226691648364067,0.14427833631634712,0.014977477490901947,0.2634133519604802,2.271176479756832,0.0001,0.42318323627114296
3872,0.42282438836991787,0.14419554360210896,0.014972567558288574,0.2636562781408429,1.980831690132618,0.0001,0.4233205525204539
3873,0.42603483237326145,0.1444769026711583,0.015062443912029266,0.2664954848587513,2.438538260757923,0.0001,0.42335460893809795
3874,0.4230329841375351,0.1444692611694336,0.015033125877380371,0.26353059709072113,2.271795816719532,0.0001,0.42327820006757977
3875,0.42627745680511,0.14442625362426043,0.01497720181941986,0.26687399111688137,2.1555155590176582,0.0001,0.42362444922327996
3876,0.42721322551369667,0.1444972287863493,0.01498895138502121,0.2677270397543907,2.2834752202033997,0.0001,0.4239925129339099
3877,0.4210475105792284,0.14443936850875616,0.015001945197582245,0.26160619501024485,2.5454557463526726,0.0001,0.42326243929564955
3878,0.4190376028418541,0.14438823238015175,0.015021808445453644,0.25962756108492613,2.436817780137062,0.0001,0.42336869481951
3879,0.4251240845769644,0.14426550827920437,0.01501205563545227,0.2658465187996626,2.5009020045399666,0.0001,0.42329596150666476
3880,0.4241101797670126,0.14436219912022352,0.01501908153295517,0.2647289056330919,2.4425903037190437,0.0001,0.42373714298009874
3881,0.418592419475317,0.14426018670201302,0.014959640800952911,0.2593725938349962,2.2620846703648567,0.0001,0.4233294684439898
3882,0.41942531429231167,0.1441698046401143,0.015181705355644226,0.2600738052278757,2.5303987339138985,0.0001,0.42298956103622914
3883,0.4276821259409189,0.14430749136954546,0.015093773603439331,0.2682808581739664,2.2094695270061493,0.0001,0.4231542903929949
3884,0.4230039529502392,0.1445628134533763,0.014851227402687073,0.26358991768211126,2.431207336485386,0.0001,0.42315138727426527
3885,0.4285528436303139,0.14423938654363155,0.01490621268749237,0.2694072425365448,2.3976231291890144,0.0001,0.42337892595678567
3886,0.4247229974716902,0.1443204004317522,0.014963269233703613,0.26543932780623436,2.4233114272356033,0.0001,0.42312990315258503
3887,0.42349799163639545,0.14422599226236343,0.015142351388931274,0.264129645191133,2.2854952961206436,0.0001,0.4233749512583017
3888,0.42643244564533234,0.14416995644569397,0.015084780752658844,0.26717771403491497,2.429012380540371,0.0001,0.4241144355386496
3889,0.42060480639338493,0.14426284562796354,0.014901712536811829,0.2614402463659644,2.081578902900219,0.0001,0.4236625077202916
3890,0.42290157079696655,0.14438627660274506,0.014890223741531372,0.2636250704526901,2.5025013089179993,0.0001,0.423541646823287
3891,0.4247075691819191,0.14420404005795717,0.014889165759086609,0.2656143605709076,2.2629787251353264,0.0001,0.42415316179394724
3892,0.42719076201319695,0.1443635607138276,0.014989644289016724,0.2678375579416752,2.106455937027931,0.0001,0.42492970656603574
3893,0.4263947010040283,0.14448692090809345,0.0149683877825737,0.266939390450716,2.2823800146579742,0.0001,0.4248009640723467
3894,0.4259413741528988,0.14422055799514055,0.014866925776004791,0.266853891313076,2.350809246301651,0.0001,0.42509470619261264
3895,0.42531958781182766,0.14422763884067535,0.014780059456825256,0.2663118839263916,2.3175603598356247,0.0001,0.424771380610764
3896,0.42385202646255493,0.14448299631476402,0.014941088855266571,0.2644279431551695,2.1002948582172394,0.0001,0.4246842835098505
3897,0.42203423380851746,0.1442436370998621,0.015067189931869507,0.2627234095707536,1.9497355222702026,0.0001,0.4245379077270627
3898,0.4272447731345892,0.14436087291687727,0.01504584401845932,0.26783805806189775,2.1451103910803795,0.0001,0.42461914047598837
3899,0.4200166128575802,0.14431708492338657,0.015141479671001434,0.2605580501258373,2.259145513176918,0.0001,0.42456032112240794
3900,0.4236831273883581,0.14448154531419277,0.014959186315536499,0.26424239948391914,2.453327089548111,0.0001,0.4246384767815471
3901,0.42645030096173286,0.14435717836022377,0.014988988637924194,0.26710413210093975,2.226574182510376,0.0001,0.42481274995952845
3902,0.42327058501541615,0.14422893896698952,0.015100941061973572,0.26394071243703365,2.0692314878106117,0.0001,0.42442073225975036
3903,0.42362043634057045,0.14447043556720018,0.014971420168876648,0.2641785815358162,2.025779753923416,0.0001,0.4241433057934046
3904,0.4221350569278002,0.14427453465759754,0.01498597115278244,0.26287455298006535,1.9404523894190788,0.0001,0.42376267407089474
3905,0.4220514204353094,0.1445012865588069,0.014924667775630951,0.26262546237558126,2.3429020196199417,0.0001,0.4234358573332429
3906,0.4210551604628563,0.14428467955440283,0.015046283602714539,0.2617242019623518,2.114142023026943,0.0001,0.42315617073327305
3907,0.42046684958040714,0.14442606177181005,0.015030115842819214,0.2610106701031327,2.123625598847866,0.0001,0.422999432310462
3908,0.42700276523828506,0.14438373129814863,0.014921404421329498,0.2676976304501295,2.043768398463726,0.0001,0.4229752315208316
3909,0.42257653176784515,0.14427528902888298,0.014816492795944214,0.2634847527369857,2.148062951862812,0.0001,0.4232312234118581
3910,0.42787428945302963,0.14441412780433893,0.015162654221057892,0.26829750929027796,2.1392285749316216,0.0001,0.4236503396183252
3911,0.42094674333930016,0.1442305939272046,0.014971770346164703,0.2617443772032857,1.9954959377646446,0.0001,0.42309998385608194
3912,0.42314398661255836,0.14447962772101164,0.015041440725326538,0.26362291537225246,2.446682706475258,0.0001,0.4230873240157962
3913,0.4259544275701046,0.14412782806903124,0.014913693070411682,0.26691290363669395,2.0544352009892464,0.0001,0.4233207231387496
3914,0.42132159508764744,0.14431958459317684,0.014961190521717072,0.26204081159085035,2.0500201284885406,0.0001,0.42323937695473435
3915,0.42423381470143795,0.14434127695858479,0.014986097812652588,0.26490644086152315,2.287054196000099,0.0001,0.42345761638134716
3916,0.42365081794559956,0.14427767414599657,0.015008166432380676,0.2643649773672223,2.3650632575154305,0.0001,0.4237171821296215
3917,0.42390494234859943,0.14430316258221865,0.015070118010044098,0.26453165989369154,2.278381235897541,0.0001,0.4240609914064407
3918,0.4232503343373537,0.14433736726641655,0.014954760670661926,0.2639582073315978,2.0206534937024117,0.0001,0.4236857483163476
3919,0.42049414850771427,0.14415746461600065,0.015077754855155945,0.2612589271739125,2.351277679204941,0.0001,0.4234775099903345
3920,0.42707023955881596,0.14442410320043564,0.01501443237066269,0.2676317021250725,2.5646552443504333,0.0001,0.42339710500091315
3921,0.4211092833429575,0.1443342510610819,0.014966942369937897,0.2618080908432603,2.4530057162046432,0.0001,0.42341335900127886
3922,0.42485315166413784,0.1442634416744113,0.015139900147914886,0.2654498051851988,2.4815157130360603,0.0001,0.42358427550643685
3923,0.4252102430909872,0.14424580801278353,0.014913879334926605,0.2660505557432771,2.4510835632681847,0.0001,0.42350985705852506
3924,0.42388255149126053,0.14423047378659248,0.014940299093723297,0.26471178140491247,2.2259794920682907,0.0001,0.4237659526988864
3925,0.4243653826415539,0.14417036063969135,0.015043266117572784,0.2651517577469349,2.2488874718546867,0.0001,0.423779109492898
3926,0.42018269561231136,0.14431547280400991,0.015007980167865753,0.26085924450308084,2.1764487996697426,0.0001,0.42343229725956916
3927,0.42339680902659893,0.14453617110848427,0.014996565878391266,0.26386407297104597,2.4967104867100716,0.0001,0.42338148392736913
3928,0.4256357904523611,0.1444412237033248,0.015029780566692352,0.26616478711366653,2.583431616425514,0.0001,0.42362002953886985
3929,0.42174144089221954,0.14433483500033617,0.015156574547290802,0.26225003227591515,2.3975836411118507,0.0001,0.4237447587773204
3930,0.41778888180851936,0.1444067256525159,0.014894858002662659,0.2584873018786311,2.476952761411667,0.0001,0.4228166230022907
3931,0.4187057465314865,0.1442413330078125,0.015072830021381378,0.2593915807083249,2.503018818795681,0.0001,0.4225762693211436
3932,0.42697522416710854,0.14429771527647972,0.014988787472248077,0.26768872048705816,2.3704189509153366,0.0001,0.4227884765714407
3933,0.4201629851013422,0.1443862020969391,0.014916293323040009,0.2608604868873954,2.2615440115332603,0.0001,0.4222837507724762
3934,0.4219718687236309,0.14438302349299192,0.015016920864582062,0.26257192343473434,2.226108878850937,0.0001,0.42209268249571325
3935,0.4209488835185766,0.14430270437151194,0.015005268156528473,0.26164091005921364,2.387502633035183,0.0001,0.4217510325834155
3936,0.42747994139790535,0.14424788486212492,0.015090949833393097,0.26814109832048416,2.0280622094869614,0.0001,0.4224807571619749
3937,0.4205184578895569,0.14407674688845873,0.014999978244304657,0.26144173461943865,1.9917401149868965,0.0001,0.4221929220482707
3938,0.416450634598732,0.14423118717968464,0.01511729508638382,0.25710215233266354,1.8775563165545464,0.0001,0.4212744064629078
3939,0.4242905955761671,0.14432883262634277,0.014991909265518188,0.26496984995901585,1.9416747465729713,0.0001,0.42152932193130255
3940,0.42480519227683544,0.14436976797878742,0.01508542150259018,0.26535000279545784,2.168997637927532,0.0001,0.4222309529781342
3941,0.4242187961935997,0.14418566040694714,0.015131875872612,0.2649012580513954,2.088739514350891,0.0001,0.4227822579443455
3942,0.4160387944430113,0.1442034561187029,0.015045545995235443,0.2567897932603955,1.9636147543787956,0.0001,0.42168861497193577
3943,0.42346502654254436,0.1444034930318594,0.015190884470939636,0.26387064810842276,1.9888812750577927,0.0001,0.422018819116056
3944,0.42507428862154484,0.14421300124377012,0.01491548866033554,0.2659458005800843,2.1834869161248207,0.0001,0.42232906110584734
3945,0.4230398014187813,0.14438018202781677,0.015045166015625,0.2636144505813718,2.3150800690054893,0.0001,0.4225381528958678
3946,0.42297003231942654,0.14446001965552568,0.01502138376235962,0.26348862517625093,2.6036681085824966,0.0001,0.42208716198801993
3947,0.4275612384080887,0.14417990669608116,0.015162393450737,0.26821894384920597,2.338720515370369,0.0001,0.4227914400398731
3948,0.42671591229736805,0.14423155412077904,0.015020117163658142,0.2674642391502857,2.3261283338069916,0.0001,0.42381796780973674
3949,0.42482463642954826,0.1441231993958354,0.014967367053031921,0.2657340709120035,2.1073523312807083,0.0001,0.42387137189507484
3950,0.4276588372886181,0.14426573459059,0.015062615275382996,0.2683304864913225,2.308477818965912,0.0001,0.4241567363962531
3951,0.4258805327117443,0.14424559473991394,0.014866940677165985,0.26676799915730953,2.442479893565178,0.0001,0.42432291004806755
3952,0.42011951096355915,0.14418847672641277,0.015028111636638641,0.26090291887521744,2.176706224679947,0.0001,0.42473098170012236
3953,0.42520841769874096,0.1442448701709509,0.015055820345878601,0.2659077262505889,2.5322695672512054,0.0001,0.424905320815742
3954,0.4268324188888073,0.14419345371425152,0.01501019299030304,0.26762876752763987,2.2696621865034103,0.0001,0.42508113384246826
3955,0.42542920634150505,0.14437510911375284,0.014959938824176788,0.266094159334898,2.206652909517288,0.0001,0.4253200743347406
3956,0.4265402350574732,0.1442651515826583,0.015205048024654388,0.26707004103809595,2.2637857124209404,0.0001,0.4256770946085453
3957,0.42061625979840755,0.1444065822288394,0.015079110860824585,0.261130565777421,2.312940187752247,0.0001,0.4249825967475772
3958,0.41978722624480724,0.14439012110233307,0.014939770102500916,0.2604573406279087,2.0935001522302628,0.0001,0.42428972814232113
3959,0.42112397588789463,0.14452025666832924,0.01508321613073349,0.26152050122618675,2.408347599208355,0.0001,0.42391966208815574
3960,0.4216259755194187,0.1442423602566123,0.015187643468379974,0.262195972725749,2.2282218039035797,0.0001,0.42331637591123583
3961,0.42418570816516876,0.14407450705766678,0.015156805515289307,0.2649543955922127,2.0210556387901306,0.0001,0.42314689345657824
3962,0.4199080727994442,0.14405012596398592,0.014845728874206543,0.26101221796125174,2.2380369305610657,0.0001,0.42312574964016675
3963,0.425065403804183,0.1441327491775155,0.015120118856430054,0.2658125339075923,2.110486254096031,0.0001,0.42311144825071095
3964,0.42414614744484425,0.1442361529916525,0.015038833022117615,0.2648711586371064,2.0698567256331444,0.0001,0.42284282110631466
3965,0.4180612098425627,0.1444157510995865,0.014948181807994843,0.2586972787976265,2.0724806264042854,0.0001,0.4221060214564204
3966,0.42215213365852833,0.1443264838308096,0.015031881630420685,0.26279377192258835,2.338191606104374,0.0001,0.42166721131652596
3967,0.41965108178555965,0.14436844177544117,0.015056230127811432,0.2602264080196619,2.084228493273258,0.0001,0.4215706935152411
3968,0.424178970977664,0.1445643398910761,0.015001609921455383,0.2646130174398422,2.1230413168668747,0.0001,0.4220098679885268
3969,0.42525515519082546,0.1443755952641368,0.015104591846466064,0.26577496714890003,1.9441769272089005,0.0001,0.4224229859188199
3970,0.4264796804636717,0.14428663067519665,0.014966800808906555,0.2672262489795685,2.118943527340889,0.0001,0.4229083564132452
3971,0.42742274701595306,0.14428875781595707,0.014985740184783936,0.26814824901521206,2.2739139795303345,0.0001,0.4232320602983236
3972,0.4241671897470951,0.14429386518895626,0.015039093792438507,0.2648342316970229,2.053349733352661,0.0001,0.42365797199308874
3973,0.4218401852995157,0.14429539814591408,0.01494406908750534,0.2626007227227092,1.9702862575650215,0.0001,0.42333545014262197
3974,0.4164929110556841,0.14436307549476624,0.014911361038684845,0.2572184829041362,2.036740392446518,0.0001,0.42257012650370596
3975,0.42189291305840015,0.1442762380465865,0.0150638148188591,0.26255286391824484,2.283319763839245,0.0001,0.4229532968252897
3976,0.4218255840241909,0.14429147634655237,0.014980770647525787,0.2625533379614353,2.468106597661972,0.0001,0.42292064186185596
3977,0.42354131303727627,0.14424394071102142,0.014871574938297272,0.26442579459398985,2.380302630364895,0.0001,0.42330966498702766
3978,0.4218055419623852,0.14426694717258215,0.014942966401576996,0.2625956265255809,2.2308426573872566,0.0001,0.4230723220854998
3979,0.4217791873961687,0.14421480894088745,0.015071704983711243,0.26249267254024744,2.0472492650151253,0.0001,0.4227247253060341
3980,0.42173864506185055,0.14438681956380606,0.015056468546390533,0.26229536160826683,2.219138190150261,0.0001,0.422250621765852
3981,0.4285168033093214,0.14420253783464432,0.0148836150765419,0.2694306503981352,2.1446832939982414,0.0001,0.4223600273951888
3982,0.4218698088079691,0.14425634033977985,0.014997653663158417,0.2626158129423857,2.261294938623905,0.0001,0.4221302893012762
3983,0.4194163326174021,0.14414898492395878,0.014778010547161102,0.2604893324896693,2.3608203008770943,0.0001,0.42188790403306486
3984,0.42337436228990555,0.14415546506643295,0.014979682862758636,0.26423921808600426,2.283706411719322,0.0001,0.422576049156487
3985,0.42227819934487343,0.14434898365288973,0.014945633709430695,0.26298358384519815,2.153889462351799,0.0001,0.42261457778513434
3986,0.42256537452340126,0.14438437763601542,0.015001587569713593,0.26317941211164,2.400688946247101,0.0001,0.42268855683505535
3987,0.42515881173312664,0.14432340394705534,0.014967948198318481,0.2658674633130431,2.5631954446434975,0.0001,0.4228503067046404
3988,0.42373958230018616,0.144209960475564,0.014838248491287231,0.2646913733333349,2.6430100202560425,0.0001,0.4230437107384205
3989,0.42078377678990364,0.14417361747473478,0.014905683696269989,0.26170447561889887,2.6606999337673187,0.0001,0.42294416967779397
3990,0.42441852018237114,0.1441913554444909,0.015003442764282227,0.26522372104227543,2.573053725063801,0.0001,0.42321215718984606
3991,0.4205376673489809,0.1443364443257451,0.014787524938583374,0.26141369715332985,2.1941730678081512,0.0001,0.42241424359381197
3992,0.4232499748468399,0.14441367145627737,0.014989599585533142,0.2638467000797391,2.179148644208908,0.0001,0.4225522601976991
3993,0.4229191970080137,0.1441599940881133,0.014987096190452576,0.26377210579812527,2.052254319190979,0.0001,0.42290254663676025
3994,0.4195880964398384,0.1444922974333167,0.014845021069049835,0.260250779800117,2.7017382085323334,0.0001,0.42252392005175354
3995,0.422959515824914,0.14428746420890093,0.0149250328540802,0.2637470159679651,2.6176727265119553,0.0001,0.42259205169975755
3996,0.4212976396083832,0.1440288657322526,0.01485363394021988,0.262415137141943,2.446917913854122,0.0001,0.42246527820825575
3997,0.42096119187772274,0.1443733349442482,0.015046179294586182,0.26154168229550123,2.561490647494793,0.0001,0.42204551622271536
3998,0.4190324544906616,0.14427385665476322,0.015054427087306976,0.25970416981726885,2.4881975650787354,0.0001,0.4215748034417629
3999,0.42452226392924786,0.14428147580474615,0.015023961663246155,0.26521683018654585,2.1318465769290924,0.0001,0.4219486521556973
4000,0.4220254682004452,0.14412541594356298,0.01490727812051773,0.2629927694797516,1.9575368240475655,0.0001,0.4217093469575047
4001,0.4211583472788334,0.14423169661313295,0.015112288296222687,0.26181436236947775,2.0348562747240067,0.0001,0.42177141495049
4002,0.4172361269593239,0.14417097251862288,0.014994561672210693,0.25807059090584517,2.114934153854847,0.0001,0.4211700301617384
4003,0.42011661641299725,0.14441834576427937,0.01513255387544632,0.260565715841949,2.1879184171557426,0.0001,0.42088977210223677
4004,0.420772023499012,0.14420020580291748,0.015003234148025513,0.2615685872733593,2.1293560341000557,0.0001,0.4210081648081541
4005,0.4244169518351555,0.1444344986230135,0.015050329267978668,0.26493212673813105,2.5539065301418304,0.0001,0.42115390840917827
4006,0.422536039724946,0.1441644262522459,0.014935262501239777,0.26343635004013777,2.3399300575256348,0.0001,0.42127774842083454
4007,0.4214378297328949,0.14413117803633213,0.01499912142753601,0.2623075330629945,2.345177210867405,0.0001,0.4213254122063518
4008,0.4231562055647373,0.1440781969577074,0.01498173177242279,0.26409627590328455,2.0695408806204796,0.0001,0.4217377873137593
4009,0.42757303826510906,0.1441808743402362,0.014995716512203217,0.26839644834399223,2.2805976793169975,0.0001,0.4220428647473454
4010,0.41804655082523823,0.14407139364629984,0.01502816379070282,0.25894699059426785,2.1226858124136925,0.0001,0.42164497300982473
4011,0.4264487847685814,0.14409871213138103,0.015050768852233887,0.2672993056476116,2.3230986148118973,0.0001,0.42217401675879956
4012,0.42256678082048893,0.14410041086375713,0.015008889138698578,0.2634574817493558,2.2365930378437042,0.0001,0.42270708214491604
4013,0.419179892167449,0.14414214063435793,0.014956876635551453,0.26008087303489447,1.9808559492230415,0.0001,0.4226134097203612
4014,0.4213685244321823,0.14428487699478865,0.014983810484409332,0.2620998350903392,2.124774657189846,0.0001,0.42267305981367825
4015,0.4215855039656162,0.14418495818972588,0.015000641345977783,0.26239990536123514,2.248029723763466,0.0001,0.42238991502672435
4016,0.419944716617465,0.1441611498594284,0.015000246465206146,0.26078332122415304,2.330403670668602,0.0001,0.42213078271597626
4017,0.42168478667736053,0.1442766496911645,0.014949195086956024,0.26245894189924,2.27184522151947,0.0001,0.4221554784104228
4018,0.4202426318079233,0.144074491225183,0.014964297413825989,0.26120383758097887,2.1026693508028984,0.0001,0.4218641210347414
4019,0.42091167718172073,0.144227827899158,0.014988183975219727,0.26169566344469786,1.9835804551839828,0.0001,0.4211979849264026
4020,0.4256193470209837,0.14442261401563883,0.015023693442344666,0.26617304142564535,1.967896893620491,0.0001,0.4219552645459771
4021,0.42284324392676353,0.14426438231021166,0.014895200729370117,0.26368366088718176,2.095850706100464,0.0001,0.4215947104617953
4022,0.4223827291280031,0.14420982543379068,0.0151066854596138,0.2630662191659212,2.176376447081566,0.0001,0.42157630529254675
4023,0.42606207355856895,0.14416989404708147,0.014959767460823059,0.2669324167072773,2.228226348757744,0.0001,0.42226452343165877
4024,0.4178832247853279,0.14436705224215984,0.014994747936725616,0.2585214236751199,2.2336950078606606,0.0001,0.4219159934669733
4025,0.4241232294589281,0.14427907392382622,0.015088506042957306,0.26475564762949944,2.2292807921767235,0.0001,0.4221697660163045
4026,0.42399534583091736,0.14424636866897345,0.014985546469688416,0.2647634269669652,2.2997992262244225,0.0001,0.42257482893764975
4027,0.42078246362507343,0.14412048738449812,0.015023164451122284,0.2616388127207756,2.2146140336990356,0.0001,0.422484596632421
4028,0.42081020772457123,0.14429112151265144,0.014917261898517609,0.26160181872546673,2.0444077849388123,0.0001,0.4225413542240858
4029,0.4222323317080736,0.14434735849499702,0.014963418245315552,0.2629215596243739,2.091390907764435,0.0001,0.4226734196767211
4030,0.420283742249012,0.14414136670529842,0.015146464109420776,0.2609959142282605,2.115757741034031,0.0001,0.4221398591995239
4031,0.42463341914117336,0.1441079108044505,0.015006110072135925,0.26551939733326435,2.0362194553017616,0.0001,0.4223188767209649
4032,0.42039768025279045,0.14421782176941633,0.014963604509830475,0.26121625676751137,2.351178839802742,0.0001,0.42212037183344364
4033,0.421394981443882,0.14412018470466137,0.01505213975906372,0.2622226532548666,2.0522768050432205,0.0001,0.42165366262197496
4034,0.41742963902652264,0.1440947875380516,0.01518838107585907,0.2581464694812894,2.0502606108784676,0.0001,0.4216083040460944
4035,0.4183483887463808,0.1440310226753354,0.014879122376441956,0.2594382418319583,2.204062543809414,0.0001,0.4210308199748397
4036,0.41937611252069473,0.14439012203365564,0.014999650418758392,0.25998633820563555,2.1742804870009422,0.0001,0.4205688966438174
4037,0.41679476015269756,0.14418583922088146,0.014966033399105072,0.25764289032667875,2.18642121553421,0.0001,0.42017012629657985
4038,0.4186056647449732,0.14415091834962368,0.01498507708311081,0.2594696721062064,2.099484011530876,0.0001,0.41994967199862004
4039,0.42085983231663704,0.14423517789691687,0.015011273324489594,0.26161337457597256,1.97428048402071,0.0001,0.4198124220594764
4040,0.41726195998489857,0.14414154645055532,0.0149855837225914,0.2581348279491067,2.4079232215881348,0.0001,0.419510243833065
4041,0.4198591224849224,0.14424557518213987,0.014947861433029175,0.2606656849384308,2.520622581243515,0.0001,0.4190328141674399
4042,0.42825179174542427,0.1442146636545658,0.015187770128250122,0.2688493560999632,2.5189655646681786,0.0001,0.4198182253167033
4043,0.4223028253763914,0.14413941092789173,0.01504315435886383,0.26312026008963585,2.713996559381485,0.0001,0.41990900970995426
4044,0.42023346573114395,0.14414036460220814,0.014986597001552582,0.26110650319606066,2.208887167274952,0.0001,0.4201893923804164
4045,0.42223402112722397,0.14432334154844284,0.015042543411254883,0.26286813244223595,2.681486062705517,0.0001,0.4205779556185007
4046,0.4210195876657963,0.14429019764065742,0.014911137521266937,0.2618182497099042,2.4687967151403427,0.0001,0.42074230313301086
4047,0.42399274557828903,0.14427481684833765,0.014924407005310059,0.2647935189306736,2.390484005212784,0.0001,0.42146210167557
4048,0.42271876707673073,0.14422917924821377,0.014954589307308197,0.26353499852120876,2.2893949300050735,0.0001,0.4218734119087458
4049,0.4216160196810961,0.1442030556499958,0.014978654682636261,0.26243430748581886,2.1796455830335617,0.0001,0.4219490306451917
4050,0.4221273437142372,0.14444351941347122,0.015073001384735107,0.26261082757264376,2.3931370079517365,0.0001,0.4224355690181255
4051,0.4198623951524496,0.14410866145044565,0.01495525985956192,0.26079847291111946,1.9175509735941887,0.0001,0.42243589628487827
4052,0.4216869194060564,0.14415985625237226,0.015024781227111816,0.2625022828578949,2.0328635200858116,0.0001,0.42177940905094147
4053,0.42085961997509,0.14437913428992033,0.015144534409046173,0.2613359522074461,2.3819513395428658,0.0001,0.42163508851081133
4054,0.4222739450633526,0.14420011453330517,0.015042275190353394,0.2630315534770489,2.006112851202488,0.0001,0.4218391364440322
4055,0.4228964913636446,0.14399325102567673,0.015141069889068604,0.26376217044889927,2.132803700864315,0.0001,0.42190538346767426
4056,0.4213669989258051,0.1441840659826994,0.015116661787033081,0.2620662674307823,1.8194569423794746,0.0001,0.42194012459367514
4057,0.4194918069988489,0.14437932055443525,0.015054121613502502,0.26005836203694344,2.0312304571270943,0.0001,0.4214900307357311
4058,0.42013464495539665,0.1443997211754322,0.015180036425590515,0.26055488362908363,2.345518186688423,0.0001,0.4212316185235977
4059,0.41490975208580494,0.14410535246133804,0.015060782432556152,0.25574361626058817,2.0764206126332283,0.0001,0.4205609917640686
4060,0.42669964395463467,0.14403548184782267,0.015290990471839905,0.2673731744289398,2.3452489897608757,0.0001,0.4210182217881083
4061,0.4216513056308031,0.14400261547416449,0.015201680362224579,0.26244700979441404,2.093072533607483,0.0001,0.4211971128359437
4062,0.42241979762911797,0.14408342353999615,0.015074878931045532,0.26326149608939886,1.9883809685707092,0.0001,0.42127040065824983
4063,0.4156122524291277,0.14424475748091936,0.014969855546951294,0.25639764312654734,2.12361728399992,0.0001,0.42074566390365364
4064,0.4156882520765066,0.14425084087997675,0.014994792640209198,0.25644261948764324,2.067802682518959,0.0001,0.420087094604969
4065,0.42280248925089836,0.1440214440226555,0.014994248747825623,0.2637867936864495,2.238061524927616,0.0001,0.4200776943936944
4066,0.42151749692857265,0.14424812328070402,0.015084810554981232,0.26218455843627453,2.0667179822921753,0.0001,0.42009274419397113
4067,0.42212602868676186,0.14397834800183773,0.014941811561584473,0.2632058672606945,2.104899674654007,0.0001,0.42035616636276246
4068,0.41898784786462784,0.1441820589825511,0.014954179525375366,0.2598516047000885,2.1713322922587395,0.0001,0.42024148665368555
4069,0.4219237621873617,0.1442959364503622,0.014924958348274231,0.26270286552608013,2.155671387910843,0.0001,0.42094288766384125
4070,0.42450251430273056,0.1442542625591159,0.014935284852981567,0.26531296875327826,2.0950410217046738,0.0001,0.42072317469865084
4071,0.41995659098029137,0.14416067767888308,0.014942504465579987,0.260853405110538,1.9052788838744164,0.0001,0.42055370323359964
4072,0.41993604972958565,0.14423373341560364,0.015104413032531738,0.260597906075418,2.5099599808454514,0.0001,0.42030532844364643
4073,0.42216248624026775,0.14397398196160793,0.014981627464294434,0.2632068768143654,2.180875889956951,0.0001,0.42096035182476044
4074,0.42269776947796345,0.1441908748820424,0.015042774379253387,0.2634641211479902,2.0748942345380783,0.0001,0.4216613035649061
4075,0.41917325370013714,0.14420096576213837,0.014938108623027802,0.26003417558968067,2.2585393637418747,0.0001,0.42129838000983
4076,0.41918335668742657,0.144148301333189,0.0150642991065979,0.2599707590416074,2.163740761578083,0.0001,0.4210649659857154
4077,0.4169299267232418,0.14401225838810205,0.015192508697509766,0.25772515684366226,2.199722707271576,0.0001,0.42054535578936336
4078,0.4197696838527918,0.14415711723268032,0.01495014876127243,0.26066241785883904,2.184163808822632,0.0001,0.42062353938817976
4079,0.4259955231100321,0.14420638419687748,0.015057884156703949,0.2667312566190958,2.232931062579155,0.0001,0.4210307154804468
4080,0.4184471759945154,0.144120535813272,0.01505085825920105,0.25927577912807465,2.057452380657196,0.0001,0.4204251816496253
4081,0.420488266274333,0.14419612102210522,0.015002653002738953,0.26128949224948883,2.0713313966989517,0.0001,0.4204783491790295
4082,0.4211185406893492,0.1443010400980711,0.015033900737762451,0.2617835933342576,2.2044004052877426,0.0001,0.42059659827500584
4083,0.4209240134805441,0.14425455499440432,0.014906764030456543,0.2617626879364252,2.2105350270867348,0.0001,0.4204727509990335
4084,0.4234118741005659,0.14416714385151863,0.014987662434577942,0.26425706408917904,2.1634131744503975,0.0001,0.4205441614612937
4085,0.4170498438179493,0.14419227000325918,0.01505337655544281,0.2578041944652796,2.2550525814294815,0.0001,0.42033182047307494
4086,0.4208055753260851,0.14430027827620506,0.014971785247325897,0.26153351180255413,2.5754165798425674,0.0001,0.42049404233694077
4087,0.41641197912395,0.1441802652552724,0.01500934362411499,0.2572223683819175,2.619448333978653,0.0001,0.4204422475770116
4088,0.42163665033876896,0.14429728221148252,0.01496637612581253,0.2623729929327965,2.590193897485733,0.0001,0.4206289442256093
4089,0.4207905977964401,0.14424752444028854,0.015025459229946136,0.26151760853827,2.5694959461688995,0.0001,0.4201084516942501
4090,0.42018288746476173,0.14410179294645786,0.014923006296157837,0.26115808729082346,2.5356838777661324,0.0001,0.42028202284127475
4091,0.42373815551400185,0.144038962200284,0.014851398766040802,0.26484779454767704,2.3694180622696877,0.0001,0.4206070117652416
4092,0.42191467992961407,0.14413881301879883,0.014871492981910706,0.2629043748602271,2.20504242926836,0.0001,0.4206866256892681
4093,0.4171773660928011,0.14411048777401447,0.015052296221256256,0.25801457837224007,2.4025286957621574,0.0001,0.42031196095049383
4094,0.41874959878623486,0.1441133189946413,0.014973752200603485,0.2596625257283449,2.3711865469813347,0.0001,0.41984573341906073
4095,0.4211312662810087,0.14406229369342327,0.01490878313779831,0.2621601913124323,2.5021363347768784,0.0001,0.42025387566536665
4096,0.42084693908691406,0.1440777536481619,0.014867179095745087,0.2619020026177168,2.1365791335701942,0.0001,0.4202580120414495
4097,0.416331397369504,0.1442945348098874,0.015050634741783142,0.2569862259551883,2.0654621720314026,0.0001,0.42024995386600494
4098,0.41533077135682106,0.14426494296640158,0.015040196478366852,0.2560256374999881,1.9602592587471008,0.0001,0.41961936596781013
4099,0.42639404721558094,0.14406824577599764,0.014998219907283783,0.2673275824636221,2.154921732842922,0.0001,0.4201797109097242
4100,0.41727370396256447,0.1442297836765647,0.015022240579128265,0.2580216759815812,2.1548173278570175,0.0001,0.4198887925595045
4101,0.42303469218313694,0.14430148154497147,0.015164405107498169,0.2635688055306673,2.41782183945179,0.0001,0.419818446226418
4102,0.4214990455657244,0.14416295569390059,0.014926500618457794,0.2624095883220434,2.524282082915306,0.0001,0.41977688279002906
4103,0.42387755773961544,0.1442988645285368,0.01484467089176178,0.2647340204566717,2.4127296060323715,0.0001,0.42044690195471046
4104,0.424486069008708,0.14409264456480742,0.015006810426712036,0.2653866168111563,1.9721200540661812,0.0001,0.4210205489769578
4105,0.42352834716439247,0.14413919486105442,0.015000931918621063,0.2643882166594267,2.1035650223493576,0.0001,0.4212602570652962
4106,0.4187739659100771,0.14424589090049267,0.0150076225399971,0.2595204459503293,1.9218062311410904,0.0001,0.4210529597476125
4107,0.4186238497495651,0.14424227364361286,0.014949239790439606,0.2594323344528675,2.4404085725545883,0.0001,0.4212822049856186
4108,0.42304723523557186,0.14404202811419964,0.014980047941207886,0.2640251610428095,2.644212692975998,0.0001,0.42205385137349366
4109,0.4199111834168434,0.14409456308931112,0.014979667961597443,0.2608369495719671,2.486153483390808,0.0001,0.4214055649936199
4110,0.42435414530336857,0.14431460946798325,0.015071175992488861,0.26496835984289646,2.5842800810933113,0.0001,0.42211360912770035
4111,0.42274083010852337,0.14414827153086662,0.014973416924476624,0.26361914072185755,2.2008914947509766,0.0001,0.42208422292023895
4112,0.42325576208531857,0.14414054062217474,0.015004098415374756,0.2641111249104142,2.1111780181527138,0.0001,0.42225989457219837
4113,0.42230559699237347,0.14413643814623356,0.014980137348175049,0.26318902149796486,2.1935379803180695,0.0001,0.42210269849747417
4114,0.42286239191889763,0.1442319080233574,0.015108518302440643,0.2635219655930996,2.4648747220635414,0.0001,0.42194033078849313
4115,0.42573073878884315,0.1440285136923194,0.014984823763370514,0.2667174004018307,2.228668190538883,0.0001,0.4221605699509382
4116,0.4195515476167202,0.14413334615528584,0.014805443584918976,0.2606127569451928,2.154628410935402,0.0001,0.42223832812160256
4117,0.4219210147857666,0.14431669935584068,0.01491277664899826,0.26269154250621796,1.9718193262815475,0.0001,0.4225680446252227
4118,0.42673768661916256,0.1441938979551196,0.015117138624191284,0.2674266528338194,1.9498623982071877,0.0001,0.42293708976358174
4119,0.4215443320572376,0.1441618576645851,0.015002332627773285,0.2623801389709115,1.8916450664401054,0.0001,0.42310040462762116
4120,0.42374440655112267,0.14413975831121206,0.015014991164207458,0.2645896505564451,1.981609545648098,0.0001,0.4230394307523966
4121,0.41951409727334976,0.14423959515988827,0.014971844851970673,0.2603026619181037,2.1440394446253777,0.0001,0.4227167574688792
4122,0.4212941415607929,0.1441685799509287,0.01503395289182663,0.2620916096493602,2.571466714143753,0.0001,0.42252059541642667
4123,0.4201962873339653,0.14420722611248493,0.014974668622016907,0.2610143907368183,2.50673271715641,0.0001,0.4223096644505858
4124,0.41944404877722263,0.14411060977727175,0.014957629144191742,0.260375814512372,2.405547685921192,0.0001,0.42196783013641836
4125,0.4220414347946644,0.14401858113706112,0.014916107058525085,0.2631067493930459,2.4398012682795525,0.0001,0.4215988997370005
4126,0.4184724558144808,0.14404099434614182,0.014967523515224457,0.2594639314338565,2.6172498911619186,0.0001,0.4214909905567765
4127,0.4168001413345337,0.14420964010059834,0.014999769628047943,0.2575907316058874,2.3948753476142883,0.0001,0.4209789032116532
4128,0.41928800381720066,0.14400986768305302,0.014996953308582306,0.26028118561953306,2.6348852142691612,0.0001,0.42023393493145705
4129,0.41528935357928276,0.14406462293118238,0.014977782964706421,0.25624694861471653,2.328627720475197,0.0001,0.4196084370836616
4130,0.42534669674932957,0.1441459935158491,0.014857657253742218,0.26634304877370596,2.1580590307712555,0.0001,0.41976866610348224
4131,0.4220183715224266,0.14406648371368647,0.014841966331005096,0.2631099233403802,2.192888341844082,0.0001,0.42001909352838995
4132,0.42478826083242893,0.144256885163486,0.015080243349075317,0.2654511285945773,1.999474324285984,0.0001,0.42036850545555354
4133,0.4206005930900574,0.14409739151597023,0.014921233057975769,0.26158196944743395,1.854930080473423,0.0001,0.42040893603116275
4134,0.42242068983614445,0.14408300165086985,0.015035733580589294,0.26330195274204016,2.458243303000927,0.0001,0.4207066001370549
4135,0.4234935827553272,0.14414080884307623,0.015058264136314392,0.26429450884461403,2.507274381816387,0.0001,0.4208518149331212
4136,0.4218155685812235,0.1442666370421648,0.014812938868999481,0.26273599080741405,2.3561616986989975,0.0001,0.42118612620979545
4137,0.42059461399912834,0.1442090915516019,0.014865532517433167,0.26151999458670616,2.4455772787332535,0.0001,0.42156557347625495
4138,0.4231530260294676,0.144001473672688,0.014958128333091736,0.2641934296116233,2.3786677345633507,0.0001,0.4219520756974816
4139,0.42433726601302624,0.14426455833017826,0.015088073909282684,0.2649846328422427,2.4682547971606255,0.0001,0.422856866940856
4140,0.4214428849518299,0.14427818730473518,0.014965943992137909,0.26219875551760197,2.2258528396487236,0.0001,0.422466485761106
4141,0.42286967672407627,0.14417246729135513,0.015084892511367798,0.26361231319606304,2.2881541922688484,0.0001,0.42255161628127097
4142,0.41734209284186363,0.14403233025223017,0.01500481367111206,0.2583049489185214,2.1906626150012016,0.0001,0.42180699948221445
4143,0.4229019321501255,0.14404371846467257,0.01483963429927826,0.26401858124881983,2.2141672000288963,0.0001,0.42203713338822124
4144,0.42189276218414307,0.1441077757626772,0.015000559389591217,0.2627844288945198,2.094787523150444,0.0001,0.42198434062302115
4145,0.426075104624033,0.14403342455625534,0.014961831271648407,0.2670798506587744,2.1901993304491043,0.0001,0.4222424928098917
4146,0.4194990284740925,0.14431114681065083,0.014969132840633392,0.2602187506854534,2.2902604192495346,0.0001,0.4220108387991786
4147,0.4249625373631716,0.14419373031705618,0.015037588775157928,0.265731212683022,2.1679813489317894,0.0001,0.4224476311355829
4148,0.41847238689661026,0.14400585368275642,0.01501135528087616,0.2594551797956228,2.0925399139523506,0.0001,0.4219795672222972
4149,0.41752072237432003,0.14395604748278856,0.015051640570163727,0.2585130352526903,2.1563232243061066,0.0001,0.42129791285842655
4150,0.420582277700305,0.14430244825780392,0.015015535056591034,0.26126429717987776,2.3221737146377563,0.0001,0.42121185213327406
4151,0.41914990544319153,0.14415445644408464,0.014956317842006683,0.2600391348823905,1.9626858159899712,0.0001,0.4208398750051856
4152,0.42190191335976124,0.1441742740571499,0.014725744724273682,0.2630018899217248,2.24770175665617,0.0001,0.42129585705697536
4153,0.4247950594872236,0.14398681838065386,0.01505451649427414,0.2657537264749408,2.040298916399479,0.0001,0.4214851697906852
4154,0.4207415357232094,0.14402896724641323,0.014958411455154419,0.2617541626095772,2.1343342289328575,0.0001,0.4213700471445918
4155,0.4193439781665802,0.14405537117272615,0.015045210719108582,0.2602433944121003,2.248287595808506,0.0001,0.42069693449884654
4156,0.4222900718450546,0.14403608907014132,0.01515943557024002,0.26309454534202814,2.1096724420785904,0.0001,0.42097603883594276
4157,0.4201382268220186,0.14432503189891577,0.015035532414913177,0.2607776643708348,2.1748495623469353,0.0001,0.4204936077818274
4158,0.4264204315841198,0.14407205861061811,0.015055224299430847,0.2672931458801031,1.93802210688591,0.0001,0.4212884122505784
4159,0.4207648001611233,0.14424310717731714,0.01491132378578186,0.2616103645414114,1.9531172960996628,0.0001,0.4216128200292587
4160,0.4217017572373152,0.14414890576153994,0.015061914920806885,0.2624909384176135,2.4481430873274803,0.0001,0.42172476798295977
4161,0.4217843543738127,0.14403583575040102,0.015114128589630127,0.2626343872398138,2.234603688120842,0.0001,0.42198821287602184
4162,0.42361295595765114,0.14398000296205282,0.01495310664176941,0.26467984542250633,2.092506542801857,0.0001,0.42215931713581084
4163,0.42055425234138966,0.14410073962062597,0.014914333820343018,0.26153918355703354,2.340279273688793,0.0001,0.42173523642122746
4164,0.41897337697446346,0.1438834462314844,0.015153437852859497,0.25993649009615183,2.06518342345953,0.0001,0.42155842054635284
4165,0.42082161270081997,0.144150678999722,0.015039235353469849,0.26163169741630554,2.180754214525223,0.0001,0.42170618399977683
4166,0.41860381327569485,0.14421220868825912,0.014979936182498932,0.2594116711989045,1.9373335167765617,0.0001,0.42133755814284085
4167,0.4228777512907982,0.14412005431950092,0.01487249881029129,0.2638851972296834,2.0347465947270393,0.0001,0.4216115105897188
4168,0.4247831106185913,0.14397897757589817,0.015064388513565063,0.2657397445291281,2.180906906723976,0.0001,0.42144777849316595
4169,0.4215773195028305,0.1440581688657403,0.015047453343868256,0.26247169729322195,2.192384250462055,0.0001,0.4215290304273367
4170,0.41889205016195774,0.14400419406592846,0.01504518836736679,0.25984266214072704,2.3702200278639793,0.0001,0.42124805971980095
4171,0.4207953233271837,0.14395812712609768,0.014910966157913208,0.2619262346997857,2.3537099063396454,0.0001,0.4211491566151381
4172,0.42502169124782085,0.1440233187749982,0.01500973105430603,0.2659886348992586,2.4753681644797325,0.0001,0.421290030144155
4173,0.41813160479068756,0.1439361236989498,0.014908552169799805,0.25928692147135735,2.449540339410305,0.0001,0.42104776538908484
4174,0.41911848448216915,0.14402134530246258,0.015032254159450531,0.2600648859515786,2.0165780782699585,0.0001,0.42106227613985536
4175,0.4238520134240389,0.1439079074189067,0.014990277588367462,0.2649538265541196,2.12471641600132,0.0001,0.42136531621217727
4176,0.4225849471986294,0.14403006341308355,0.01496056467294693,0.26359432004392147,2.359390079975128,0.0001,0.4217634296044707
4177,0.41734136082232,0.14412033278495073,0.014787822961807251,0.25843320321291685,2.456055611371994,0.0001,0.4212097905576229
4178,0.4183712303638458,0.14404364209622145,0.015094764530658722,0.25923282373696566,2.405040018260479,0.0001,0.42056860253214834
4179,0.42251824401319027,0.14412856847047806,0.014988869428634644,0.2634008042514324,2.4381006956100464,0.0001,0.4206626949831843
4180,0.421540854498744,0.14440855663269758,0.015001505613327026,0.2621307922527194,2.3978927955031395,0.0001,0.420927575416863
4181,0.4219327922910452,0.14413624163717031,0.015091463923454285,0.2627050820738077,2.151054859161377,0.0001,0.4210413223132491
4182,0.4192480053752661,0.144194221124053,0.014844246208667755,0.26020953617990017,2.344662681221962,0.0001,0.42046395372599366
4183,0.41831792332232,0.14408183842897415,0.01501399278640747,0.2592220911756158,2.1773447766900063,0.0001,0.42048258557915685
4184,0.4254612475633621,0.14413821138441563,0.014989860355854034,0.2663331739604473,2.1474164575338364,0.0001,0.42111686188727615
4185,0.4168224837630987,0.14423536323010921,0.01493380218744278,0.257653315551579,1.9913281053304672,0.0001,0.42041390892118213
4186,0.4184261988848448,0.1441845502704382,0.015029683709144592,0.2592119602486491,2.5883269608020782,0.0001,0.4199980340898037
4187,0.4206167571246624,0.14418272022157907,0.01489989459514618,0.2615341395139694,2.420849420130253,0.0001,0.4203255737200379
4188,0.42082348838448524,0.14406075328588486,0.014816761016845703,0.26194597221910954,2.422931544482708,0.0001,0.42057079952210186
4189,0.42001221887767315,0.14413553290069103,0.014956414699554443,0.26092027220875025,2.244818203151226,0.0001,0.42032019700855017
4190,0.4221777059137821,0.14401182439178228,0.014976993203163147,0.26318888645619154,2.055825524032116,0.0001,0.42038388215005396
4191,0.422205975279212,0.1440146928653121,0.014859437942504883,0.26333184354007244,1.827883005142212,0.0001,0.42041120044887065
4192,0.41766078397631645,0.14402468781918287,0.01496104896068573,0.2586750481277704,1.9043259471654892,0.0001,0.4202524783089757
4193,0.41659130714833736,0.1440928215160966,0.01514039933681488,0.2573580853641033,1.9594073221087456,0.0001,0.42007981669157746
4194,0.41772131621837616,0.1441125115379691,0.014975778758525848,0.2586330287158489,1.8418478295207024,0.0001,0.41930582355707885
4195,0.4176062308251858,0.1440979428589344,0.015007950365543365,0.25850033946335316,2.0169380232691765,0.0001,0.41938419826328754
4196,0.4206202272325754,0.14411919470876455,0.015013977885246277,0.26148705650120974,2.169700339436531,0.0001,0.4196036010980606
4197,0.4196188673377037,0.14413993526250124,0.015242435038089752,0.26023649610579014,2.307516135275364,0.0001,0.4195038121193647
4198,0.4228672366589308,0.14396475534886122,0.014938205480575562,0.263964275829494,2.114496961236,0.0001,0.4197081869468093
4199,0.4230469334870577,0.14423929620534182,0.01490829885005951,0.2638993375003338,1.8629295602440834,0.0001,0.42001165840774773
4200,0.42089924216270447,0.1439992841333151,0.014907792210578918,0.26199216581881046,1.9913163781166077,0.0001,0.41988381203263997
4201,0.4243213888257742,0.14408837165683508,0.014837324619293213,0.2653956897556782,2.26054460555315,0.0001,0.4200953533872962
4202,0.41750075109303,0.14391538221389055,0.015015728771686554,0.25856964103877544,2.1034637317061424,0.0001,0.4200793500989676
4203,0.4196760468184948,0.1441269600763917,0.014993526041507721,0.2605555569753051,2.2924577072262764,0.0001,0.4203878240659833
4204,0.42746578343212605,0.143937474116683,0.015153400599956512,0.2683749087154865,2.158898413181305,0.0001,0.4213622707873583
4205,0.41760894656181335,0.14409616123884916,0.014955729246139526,0.2585570542141795,2.4321617633104324,0.0001,0.42136254236102105
4206,0.42582245729863644,0.14395315572619438,0.014976359903812408,0.26689294166862965,2.3474501743912697,0.0001,0.42188276536762714
4207,0.42354801297187805,0.1441345615312457,0.014874115586280823,0.2645393367856741,2.493312105536461,0.0001,0.4222756799310446
4208,0.42333272472023964,0.14406502339988947,0.0149320587515831,0.26433563604950905,1.9916767477989197,0.0001,0.42232222873717545
4209,0.42079603485763073,0.14402654115110636,0.014970853924751282,0.26179864443838596,1.962618738412857,0.0001,0.4220971388742328
4210,0.42095300927758217,0.1441654497757554,0.01501331478357315,0.26177424751222134,2.2751223891973495,0.0001,0.42210251558572054
4211,0.4212401229888201,0.14404679462313652,0.015007838606834412,0.26218548510223627,1.9258351549506187,0.0001,0.42179438900202515
4212,0.4184949491173029,0.14423684123903513,0.015051133930683136,0.2592069711536169,2.4028391763567924,0.0001,0.42189380880445243
4213,0.4201205354183912,0.14393744617700577,0.014859825372695923,0.26132326014339924,2.428717225790024,0.0001,0.42193825766444204
4214,0.42216778732836246,0.1439968580380082,0.01493891328573227,0.2632320187985897,2.0804248824715614,0.0001,0.4214084580540657
4215,0.4214401412755251,0.14422664139419794,0.014945030212402344,0.2622684696689248,2.5036048144102097,0.0001,0.4217915775254369
4216,0.41700770147144794,0.1440535606816411,0.01493293046951294,0.2580212103202939,2.2323843017220497,0.0001,0.42091010194271805
4217,0.42446492426097393,0.14402092341333628,0.014967307448387146,0.26547668874263763,2.3014936819672585,0.0001,0.4210017930716276
4218,0.4212090037763119,0.14426380302757025,0.015046656131744385,0.2618985464796424,2.042738229036331,0.0001,0.4207894209772348
4219,0.42100794427096844,0.14395486190915108,0.014967598021030426,0.26208548806607723,2.5455609783530235,0.0001,0.4208106119185686
4220,0.41982334665954113,0.1442161025479436,0.014966890215873718,0.26064034830778837,2.6916598752141,0.0001,0.4206976456567645
4221,0.4202858041971922,0.1441010208800435,0.014989838004112244,0.2611949471756816,2.52202545106411,0.0001,0.4206022137776017
4222,0.41859798692166805,0.14394505694508553,0.014976754784584045,0.2596761751919985,2.6431169509887695,0.0001,0.42061251755803825
4223,0.42119698598980904,0.14405004680156708,0.015023835003376007,0.26212310791015625,2.4133719354867935,0.0001,0.42072016261518
4224,0.4187822565436363,0.14379659853875637,0.0149235799908638,0.2600620752200484,1.9740484282374382,0.0001,0.4203816095367074
4225,0.42360046692192554,0.1442240485921502,0.014994829893112183,0.26438158471137285,2.1371414363384247,0.0001,0.4205976421013474
4226,0.42126551643013954,0.14395378157496452,0.014949217438697815,0.2623625136911869,2.124922975897789,0.0001,0.4210234235972166
4227,0.4243308287113905,0.14376404881477356,0.014851704239845276,0.26571508031338453,1.9623872637748718,0.0001,0.42101001404225824
4228,0.417344368994236,0.14398264605551958,0.014889627695083618,0.2584720980376005,2.0697095096111298,0.0001,0.42062355056405065
4229,0.42089507915079594,0.14402381796389818,0.015020832419395447,0.2618504259735346,2.0464354008436203,0.0001,0.42061226405203345
4230,0.4237555842846632,0.14394966885447502,0.014933988451957703,0.2648719269782305,2.01664000749588,0.0001,0.4210054878145456
4231,0.4218952748924494,0.144123331643641,0.014870427548885345,0.2629015166312456,2.0839788764715195,0.0001,0.42116643488407135
4232,0.41685105115175247,0.14404539950191975,0.01504795253276825,0.25775770004838705,1.9434744492173195,0.0001,0.4209917413070798
4233,0.41690627858042717,0.14390785619616508,0.015081614255905151,0.2579168099910021,1.9845056310296059,0.0001,0.4205626705661416
4234,0.4202589001506567,0.1440889909863472,0.015133000910282135,0.26103690918534994,2.318765938282013,0.0001,0.4207103349268436
4235,0.42554448544979095,0.1439713044092059,0.015024237334728241,0.2665489446371794,2.0456501320004463,0.0001,0.4209047367796302
4236,0.4210710637271404,0.14407142996788025,0.015065118670463562,0.2619345085695386,2.0116199254989624,0.0001,0.4208852915093303
4237,0.41807850264012814,0.14401511754840612,0.01501726359128952,0.2590461177751422,1.9163041710853577,0.0001,0.420260058902204
4238,0.41712173260748386,0.14414879400283098,0.015041105449199677,0.25793183129280806,1.922096349298954,0.0001,0.42023779526352883
4239,0.42391752637922764,0.1437811190262437,0.015149213373661041,0.26498719304800034,2.129792019724846,0.0001,0.420540039986372
4240,0.4165606591850519,0.14420492760837078,0.014970369637012482,0.25738536193966866,2.3307553231716156,0.0001,0.41982054747641084
4241,0.41760480776429176,0.14391704089939594,0.014928415417671204,0.2587593551725149,2.423633098602295,0.0001,0.4193915007635951
4242,0.42226882092654705,0.144057497382164,0.01498488336801529,0.26322643645107746,2.1784886941313744,0.0001,0.4199332777410746
4243,0.41419392824172974,0.14400510769337416,0.014884456992149353,0.2553043607622385,2.397970288991928,0.0001,0.4196620427072048
4244,0.4188351146876812,0.14391313586384058,0.015003614127635956,0.25991836469620466,1.9196912795305252,0.0001,0.41951966416090725
4245,0.4200488068163395,0.1438053585588932,0.014984004199504852,0.26125944312661886,2.017808586359024,0.0001,0.4189700962975621
4246,0.42285848408937454,0.14398990012705326,0.014866024255752563,0.2640025559812784,1.975285418331623,0.0001,0.4191488383337855
4247,0.4203148540109396,0.14415056351572275,0.014993585646152496,0.26117070112377405,2.3441429138183594,0.0001,0.4193724734708667
4248,0.4182668589055538,0.14408772345632315,0.015043281018733978,0.25913585536181927,2.5248702466487885,0.0001,0.4194869861006737
4249,0.42327871918678284,0.14412277471274137,0.015128657221794128,0.2640272891148925,2.5956983119249344,0.0001,0.4194231053814292
4250,0.42117247730493546,0.14416917599737644,0.015104778110980988,0.2618985194712877,2.5185528323054314,0.0001,0.4198842871934175
4251,0.4219001214951277,0.1440022550523281,0.014880359172821045,0.26301751006394625,2.4159712567925453,0.0001,0.42031381856650113
4252,0.4197584558278322,0.14395517203956842,0.014986656606197357,0.26081662718206644,2.206418886780739,0.0001,0.42006278205662967
4253,0.4205372706055641,0.14409635215997696,0.0150008425116539,0.2614400777965784,1.8852427378296852,0.0001,0.4206971162930131
4254,0.41727979481220245,0.1442186739295721,0.014927931129932404,0.25813318882137537,2.1336293071508408,0.0001,0.42054158430546523
4255,0.4202090613543987,0.1440935581922531,0.015051685273647308,0.26106381602585316,2.1005424931645393,0.0001,0.42055760975927114
4256,0.4148470424115658,0.1440500235185027,0.015110164880752563,0.25568685214966536,2.1145632788538933,0.0001,0.41975646559149027
4257,0.4207718260586262,0.1439484665170312,0.014973722398281097,0.26184963900595903,2.117071218788624,0.0001,0.4198021627962589
4258,0.4230914618819952,0.1439437596127391,0.015090622007846832,0.2640570802614093,2.1164248883724213,0.0001,0.4202846230939031
4259,0.4236536007374525,0.14383045118302107,0.014955364167690277,0.26486778166145086,1.8395280241966248,0.0001,0.42032211124897
4260,0.4174547716975212,0.14391331654042006,0.015092656016349792,0.2584487944841385,1.9977798908948898,0.0001,0.4199503406882286
4261,0.4177394397556782,0.14409423805773258,0.015030458569526672,0.25861474499106407,2.231288321316242,0.0001,0.41953427251428366
4262,0.42055513337254524,0.14416770171374083,0.0151238813996315,0.26126354932785034,2.268458738923073,0.0001,0.419613940268755
4263,0.41617882810533047,0.1438987124711275,0.01495032012462616,0.2573297992348671,2.052359491586685,0.0001,0.41917809601873157
4264,0.4240246135741472,0.14412824716418982,0.015116296708583832,0.26478006411343813,2.0631397366523743,0.0001,0.4198525778949261
4265,0.4192366134375334,0.14393549505621195,0.014988325536251068,0.2603127919137478,1.9684691950678825,0.0001,0.41975533310323954
4266,0.423256428912282,0.1441583214327693,0.014904484152793884,0.26419362239539623,2.1815644800662994,0.0001,0.42059627175331116
4267,0.4181665237993002,0.1441676151007414,0.015109077095985413,0.2588898343965411,2.1600531190633774,0.0001,0.42033574152737857
4268,0.41949845291674137,0.1439460339024663,0.014961473643779755,0.26059094350785017,2.1022341325879097,0.0001,0.41997644063085315
4269,0.42024396173655987,0.14385358896106482,0.015023559331893921,0.26136680971831083,1.9683241322636604,0.0001,0.4196354767307639
4270,0.42005718871951103,0.14413012564182281,0.01503041386604309,0.26089664828032255,2.392587512731552,0.0001,0.4198957184329629
4271,0.4194716811180115,0.14398104324936867,0.015076421201229095,0.2604142129421234,2.640335790812969,0.0001,0.42006894256919625
4272,0.41856564953923225,0.143779288046062,0.015020906925201416,0.2597654554992914,2.08917835354805,0.0001,0.4198699941858649
4273,0.42512931674718857,0.14419187419116497,0.014980606734752655,0.2659568376839161,2.0887351036071777,0.0001,0.42076504305005075
4274,0.4232661183923483,0.1440551234409213,0.01492108404636383,0.2642899118363857,1.9059465527534485,0.0001,0.42068919353187084
4275,0.4184406790882349,0.14411466848105192,0.015041187405586243,0.25928482692688704,2.191494159400463,0.0001,0.420609600096941
4276,0.41523549146950245,0.1439539147540927,0.015062771737575531,0.25621880404651165,2.0299248918890953,0.0001,0.41980750635266306
4277,0.4208694286644459,0.1440359316766262,0.014986731112003326,0.2618467668071389,2.2510478273034096,0.0001,0.4200777968391776
4278,0.41843587532639503,0.14415073115378618,0.01500728726387024,0.2592778578400612,2.650195986032486,0.0001,0.41997153908014295
4279,0.4228188246488571,0.14399434439837933,0.015056952834129333,0.26376752834767103,2.3957459554076195,0.0001,0.4202290253713727
4280,0.4249892681837082,0.14382612891495228,0.014863304793834686,0.26629983354359865,2.502084918320179,0.0001,0.4207222333177924
4281,0.42582509480416775,0.14412901550531387,0.01488601416349411,0.2668100669980049,2.552261099219322,0.0001,0.42135757468640805
4282,0.4212210960686207,0.1439778320491314,0.014893397688865662,0.2623498663306236,2.4020412266254425,0.0001,0.4216231193393469
4283,0.4206698518246412,0.14395433571189642,0.015030063688755035,0.26168545614928007,2.3285392075777054,0.0001,0.42117717284709216
4284,0.4229502063244581,0.14397223386913538,0.014977909624576569,0.264000060968101,2.0554067194461823,0.0001,0.42114558164030313
4285,0.41960586979985237,0.1439165584743023,0.014988139271736145,0.2607011729851365,1.99595046043396,0.0001,0.42126210071146486
4286,0.42285232804715633,0.14379804022610188,0.015095353126525879,0.2639589300379157,2.016625761985779,0.0001,0.42202378436923027
4287,0.41964058950543404,0.14393419213593006,0.014954648911952972,0.26075174752622843,2.1324209198355675,0.0001,0.42190090045332906
4288,0.4208149313926697,0.1439722152426839,0.015120826661586761,0.2617218904197216,1.916080117225647,0.0001,0.4221388060599566
4289,0.42372850701212883,0.14420784544199705,0.014987118542194366,0.2645335393026471,2.1379482373595238,0.0001,0.4222297742962837
4290,0.41864517144858837,0.14408698119223118,0.014887087047100067,0.25967110227793455,2.6481337398290634,0.0001,0.42159536462277175
4291,0.41944797709584236,0.14412448555231094,0.014992035925388336,0.26033146120607853,2.536768764257431,0.0001,0.4209576528519392
4292,0.42213365621864796,0.14408569131046534,0.014911681413650513,0.26313627883791924,2.4900663942098618,0.0001,0.4210489088669419
4293,0.42262435518205166,0.1438628463074565,0.014834851026535034,0.263926655985415,2.3795990124344826,0.0001,0.421244359202683
4294,0.4237335193902254,0.143887878395617,0.014929056167602539,0.264916580170393,2.4239477068185806,0.0001,0.4213226905092597
4295,0.42076882161200047,0.14392732456326485,0.014857158064842224,0.26198434364050627,2.3756737485527992,0.0001,0.4214389856904745
4296,0.42354186065495014,0.14406430441886187,0.014983244240283966,0.26449432130903006,2.476761132478714,0.0001,0.4215079389512539
4297,0.4237471967935562,0.1439961874857545,0.01506447046995163,0.2646865351125598,2.3802362456917763,0.0001,0.4219185996800661
4298,0.4170105941593647,0.1439025206491351,0.01507963240146637,0.25802844017744064,1.9356820285320282,0.0001,0.4215381659567356
4299,0.41767393425107,0.14405170176178217,0.015036873519420624,0.25858535524457693,1.8784294500946999,0.0001,0.4209327086806297
4300,0.4218908231705427,0.14383707474917173,0.014838159084320068,0.26321558840572834,2.0053026601672173,0.0001,0.4212572738528252
4301,0.420099837705493,0.1440426530316472,0.014903873205184937,0.2611533161252737,2.1166676357388496,0.0001,0.42132245991379025
4302,0.42008022777736187,0.1439504660665989,0.015059560537338257,0.2610702021047473,1.9910784736275673,0.0001,0.4211171170696616
4303,0.4168864767998457,0.14367874152958393,0.015026971697807312,0.2581807626411319,2.0227372348308563,0.0001,0.420543329231441
4304,0.423973947763443,0.14399247244000435,0.015111386775970459,0.26487008668482304,2.133596882224083,0.0001,0.42056737206876277
4305,0.4189322963356972,0.14385714381933212,0.014931589365005493,0.2601435584947467,2.01164198666811,0.0001,0.42038371954113246
4306,0.4204037357121706,0.14404200483113527,0.01506255567073822,0.2612991789355874,2.2819439694285393,0.0001,0.4200699070468545
4307,0.41355205699801445,0.14387113507837057,0.015040479600429535,0.2546404441818595,2.1756116077303886,0.0001,0.4190503930673003
4308,0.417251143604517,0.1439850851893425,0.015053503215312958,0.2582125524058938,1.914348304271698,0.0001,0.41907444801181554
4309,0.4132125712931156,0.14410891383886337,0.015094801783561707,0.2540088500827551,2.2693022191524506,0.0001,0.4186283117160201
4310,0.41890653036534786,0.14397680759429932,0.015114374458789825,0.25981534365564585,2.041523978114128,0.0001,0.4183298824355006
4311,0.41613308899104595,0.14382971916347742,0.015044592320919037,0.25725877564400434,1.85200085490942,0.0001,0.41793320756405594
4312,0.4195642750710249,0.14385379198938608,0.01510544866323471,0.2606050306931138,2.3458776846528053,0.0001,0.41788161229342224
4313,0.420993035659194,0.1441762140020728,0.015051595866680145,0.2617652267217636,2.7099347934126854,0.0001,0.41829226817935705
4314,0.4244641251862049,0.14393759425729513,0.015030480921268463,0.26549605187028646,2.5389669612050056,0.0001,0.4183412859216332
4315,0.41928261891007423,0.14380517788231373,0.014872878789901733,0.2606045641005039,2.6845459640026093,0.0001,0.41837631817907095
4316,0.4194642659276724,0.14381713420152664,0.015002436935901642,0.2606446947902441,2.3425391763448715,0.0001,0.4182823712006211
4317,0.4182885196059942,0.14397828374058008,0.01495581865310669,0.2593544162809849,2.1278310045599937,0.0001,0.4187560174614191
4318,0.4215553514659405,0.1439817687496543,0.014975488185882568,0.26259809359908104,2.1544643491506577,0.0001,0.41918643824756147
4319,0.42236856184899807,0.14405452646315098,0.014829114079475403,0.2634849175810814,2.1230708807706833,0.0001,0.4201020373031497
4320,0.4263431001454592,0.14399850834161043,0.015065528452396393,0.2672790652140975,1.9110172539949417,0.0001,0.4208456942811608
4321,0.41904962807893753,0.14407007861882448,0.014720931649208069,0.260258617810905,2.2926548570394516,0.0001,0.42113734818994997
4322,0.4211217015981674,0.14393476769328117,0.014986872673034668,0.2622000630944967,2.1383328661322594,0.0001,0.42129309084266425
4323,0.4206706937402487,0.1437958963215351,0.014984048902988434,0.2618907494470477,2.19833804666996,0.0001,0.42126085665076973
4324,0.4188445396721363,0.14406169671565294,0.014866068959236145,0.25991677585989237,2.187212012708187,0.0001,0.42069889809936284
4325,0.4187983348965645,0.14406743086874485,0.014852240681648254,0.2598786596208811,2.240210682153702,0.0001,0.4206504696980119
4326,0.4148131012916565,0.14388633333146572,0.014926940202713013,0.25599982403218746,2.03393517434597,0.0001,0.4201853532344103
4327,0.4229957778006792,0.1440104590728879,0.014824576675891876,0.264160742983222,2.1270795464515686,0.0001,0.4206560790538788
4328,0.417049165815115,0.1440156027674675,0.01499629020690918,0.2580372719094157,1.9557008892297745,0.0001,0.42020546048879626
4329,0.4226032495498657,0.14403941202908754,0.01513747125864029,0.2634263662621379,2.080546796321869,0.0001,0.420228929258883
4330,0.42030217684805393,0.14385296124964952,0.015056759119033813,0.26139245368540287,2.0373034328222275,0.0001,0.4196248369291425
4331,0.4204086922109127,0.1437986334785819,0.015042580664157867,0.2615674827247858,1.9928803220391273,0.0001,0.41976074334234
4332,0.4157157149165869,0.14386147260665894,0.015017300844192505,0.25683694053441286,1.9128277227282524,0.0001,0.41922014467418195
4333,0.41702971421182156,0.1437564855441451,0.01496240496635437,0.2583108274266124,1.928417183458805,0.0001,0.41885604672133925
4334,0.4212004132568836,0.14383176155388355,0.015040256083011627,0.2623283937573433,1.9258896112442017,0.0001,0.419091634079814
4335,0.41755215637385845,0.14402613323181868,0.015049688518047333,0.2584763402119279,2.029543526470661,0.0001,0.41896701622754334
4336,0.4196983315050602,0.1438282849267125,0.014943882822990417,0.2609261656180024,1.8567392975091934,0.0001,0.41945553924888374
4337,0.41665863804519176,0.14398413989692926,0.015002720057964325,0.2576717836782336,2.155098721385002,0.0001,0.418821825273335
4338,0.4164724424481392,0.14393730089068413,0.014997825026512146,0.2575373128056526,2.0565669238567352,0.0001,0.4187641529366374
4339,0.42422278597950935,0.14393217954784632,0.014985531568527222,0.2653050711378455,1.9425592422485352,0.0001,0.4189261065796018
4340,0.4158794339746237,0.14398903027176857,0.0149478018283844,0.2569425981491804,2.0970891043543816,0.0001,0.4184838322922587
4341,0.4203258976340294,0.14382721856236458,0.014981836080551147,0.26151683926582336,2.0105540975928307,0.0001,0.4184755528345704
4342,0.41852678172290325,0.1440193746238947,0.015011385083198547,0.2594960229471326,2.172278232872486,0.0001,0.418756659515202
4343,0.4188263341784477,0.14403337705880404,0.015020012855529785,0.25977294612675905,2.3943190947175026,0.0001,0.41893632151186466
4344,0.4180127866566181,0.14399803336709738,0.014970213174819946,0.25904453359544277,2.475323870778084,0.0001,0.4186175588518381
4345,0.4188221897929907,0.14369473699480295,0.015049882233142853,0.26007757242769003,1.9593570753932,0.0001,0.41874456219375134
4346,0.41665869392454624,0.14396022073924541,0.014876849949359894,0.25782162230461836,2.295165829360485,0.0001,0.4184405984356999
4347,0.4189728796482086,0.14381037559360266,0.0149821937084198,0.2601803122088313,2.0692455619573593,0.0001,0.4186720225960016
4348,0.42014531046152115,0.14398660510778427,0.01501600444316864,0.2611427018418908,1.93858103454113,0.0001,0.4190393093973398
4349,0.42274507135152817,0.14380533061921597,0.015036910772323608,0.2639028253033757,2.1187230199575424,0.0001,0.4188915379345417
4350,0.4198875930160284,0.1439540246501565,0.014878541231155396,0.2610550243407488,1.987307608127594,0.0001,0.4192923538386822
4351,0.41692508570849895,0.1439133994281292,0.01485634595155716,0.25815533474087715,2.1944439336657524,0.0001,0.4189522726461291
4352,0.41508527286350727,0.14394453633576632,0.014942832291126251,0.25619790330529213,2.539978340268135,0.0001,0.4186081217601895
4353,0.41750182770192623,0.14392745401710272,0.014962345361709595,0.2586120292544365,2.433412402868271,0.0001,0.41847567111253736
4354,0.4225718919187784,0.1440246095880866,0.014907635748386383,0.26363964937627316,2.4750158712267876,0.0001,0.41893158163875344
4355,0.41856985352933407,0.14369397889822721,0.014896780252456665,0.25997909251600504,2.3431021943688393,0.0001,0.41890634801238774
4356,0.41605825535953045,0.14389370568096638,0.014899216592311859,0.2572653340175748,2.1147626638412476,0.0001,0.4188463041558862
4357,0.4211795013397932,0.14389793761074543,0.0148983895778656,0.2623831732198596,2.074956528842449,0.0001,0.41906696632504464
4358,0.4163358826190233,0.1440046625211835,0.014959171414375305,0.25737204402685165,2.208828866481781,0.0001,0.41868602354079487
4359,0.41896999813616276,0.1440591523423791,0.014873713254928589,0.2600371316075325,2.15880636125803,0.0001,0.4183085162192583
4360,0.4194793589413166,0.14377880096435547,0.015032410621643066,0.2606681492179632,2.1061728298664093,0.0001,0.4182676928117871
4361,0.4204688332974911,0.14398516714572906,0.014950945973396301,0.26153271924704313,2.2025755271315575,0.0001,0.4186220675706863
4362,0.4181595481932163,0.14370409026741982,0.014976024627685547,0.25947942957282066,2.130304306745529,0.0001,0.41892949510365723
4363,0.42227969877421856,0.1438498292118311,0.014833159744739532,0.26359670609235764,2.195026211440563,0.0001,0.41940728221088647
4364,0.41639754734933376,0.14394681714475155,0.014925934374332428,0.2575247958302498,2.1828017085790634,0.0001,0.418789847753942
4365,0.4230394009500742,0.14376934338361025,0.014857739210128784,0.2644123174250126,2.2245393693447113,0.0001,0.419236802496016
4366,0.41293480433523655,0.14385072700679302,0.014986716210842133,0.25409736204892397,1.8939753994345665,0.0001,0.41892445739358664
4367,0.41983829624950886,0.1437651440501213,0.015093639492988586,0.2609795145690441,1.950780600309372,0.0001,0.4187903368845582
4368,0.42020485922694206,0.14415028784424067,0.015067346394062042,0.2609872240573168,2.457672879099846,0.0001,0.41917723454535005
4369,0.4150776471942663,0.14397542737424374,0.015002630650997162,0.25609958730638027,2.181887350976467,0.0001,0.4187879994511604
4370,0.41746704652905464,0.14376038126647472,0.014809779822826385,0.25889688823372126,2.0195001512765884,0.0001,0.41858676820993423
4371,0.42014333605766296,0.14389631431549788,0.01480787992477417,0.2614391418173909,2.17215945571661,0.0001,0.4185542184859514
4372,0.4161510244011879,0.14399062283337116,0.014949493110179901,0.25721090752631426,2.4904332906007767,0.0001,0.41835336610674856
4373,0.4189971722662449,0.14389072265475988,0.014955952763557434,0.260150495916605,2.5981577187776566,0.0001,0.4180251134559512
4374,0.4197155963629484,0.14376086089760065,0.014893047511577606,0.26106169167906046,2.221800811588764,0.0001,0.4183569183573127
4375,0.4155065678060055,0.14396923687309027,0.014931835234165192,0.25660549383610487,2.0407508313655853,0.0001,0.4176036350429058
4376,0.4196324944496155,0.1438889130949974,0.015085041522979736,0.26065853983163834,2.0066352784633636,0.0001,0.4182734040543437
4377,0.4160181414335966,0.14389881771057844,0.014879569411277771,0.25723975896835327,2.2532458752393723,0.0001,0.4178913885727525
4378,0.41965970769524574,0.14388237427920103,0.015142306685447693,0.2606350230053067,2.309015229344368,0.0001,0.41783687341958287
4379,0.41592167131602764,0.14400834776461124,0.014928825199604034,0.25698449835181236,2.2918344512581825,0.0001,0.417921275831759
4380,0.4186073187738657,0.1437846291810274,0.015035256743431091,0.2597874393686652,2.3174287751317024,0.0001,0.4180353030562401
4381,0.4166731536388397,0.14392242208123207,0.015082687139511108,0.25766804069280624,2.130917839705944,0.0001,0.41768828481435777
4382,0.42187564447522163,0.1438812743872404,0.014904223382472992,0.26309014577418566,1.9201752245426178,0.0001,0.4182607468217611
4383,0.4172480273991823,0.1439362009987235,0.014918431639671326,0.2583933984860778,1.9718677997589111,0.0001,0.41808583233505486
4384,0.4190194886177778,0.14397117495536804,0.014926865696907043,0.26012144703418016,2.0266539454460144,0.0001,0.4180162215605378
4385,0.41848803870379925,0.14382088463753462,0.014910005033016205,0.2597571471706033,1.9473873302340508,0.0001,0.4183143686503172
4386,0.42474715039134026,0.14379834569990635,0.015032634139060974,0.26591617055237293,2.157261312007904,0.0001,0.41882583424448966
4387,0.4191431812942028,0.14392261113971472,0.015093877911567688,0.2601266913115978,2.414535902440548,0.0001,0.4191383382305503
4388,0.4174295384436846,0.14381691720336676,0.014934957027435303,0.2586776679381728,2.164647325873375,0.0001,0.41891532130539416
4389,0.4208911545574665,0.14401884377002716,0.014896444976329803,0.26197586860507727,2.231681190431118,0.0001,0.41941226962953804
4390,0.42305833101272583,0.14381650555878878,0.014916457235813141,0.26432536263018847,2.469368390738964,0.0001,0.41985737085342406
4391,0.42161107435822487,0.14387733675539494,0.01485489308834076,0.2628788445144892,2.082453727722168,0.0001,0.42035116292536256
4392,0.41769125685095787,0.14384798798710108,0.014991134405136108,0.2588521335273981,2.5225197076797485,0.0001,0.4199327241629362
4393,0.41906566731631756,0.1439183121547103,0.014912433922290802,0.260234915651381,2.625386692583561,0.0001,0.42011448815464975
4394,0.4178551770746708,0.14383358601480722,0.014938697218894958,0.2590828938409686,2.5322023183107376,0.0001,0.41999805700033904
4395,0.42412625439465046,0.14391067996621132,0.014864370226860046,0.2653512042015791,2.3888107612729073,0.0001,0.4205618785694242
4396,0.4192625414580107,0.1438630223274231,0.014760084450244904,0.2606394346803427,2.290301389992237,0.0001,0.4200134176760912
4397,0.4208741635084152,0.14374027960002422,0.014781825244426727,0.2623520605266094,2.0561100021004677,0.0001,0.42018651589751244
4398,0.4199003130197525,0.14388808235526085,0.014906875789165497,0.2611053567379713,2.1058555021882057,0.0001,0.4204335933551192
4399,0.42252616584300995,0.14404196944087744,0.01495601236820221,0.2635281831026077,2.1155646219849586,0.0001,0.42059709448367355
4400,0.42026656679809093,0.14400654658675194,0.014883831143379211,0.26137619093060493,2.2344861328601837,0.0001,0.4203179180622101
4401,0.418803371489048,0.14404323045164347,0.014933153986930847,0.25982698798179626,2.1648964062333107,0.0001,0.4200371477752924
4402,0.419975521042943,0.14394937176257372,0.015026703476905823,0.26099944952875376,2.202665075659752,0.0001,0.4202655741944909
4403,0.41962132044136524,0.1439385274425149,0.014853931963443756,0.26082886196672916,2.286969557404518,0.0001,0.4203211395069957
4404,0.417443685233593,0.1439083507284522,0.014832943677902222,0.2587023936212063,2.2252693995833397,0.0001,0.4202799903228879
4405,0.4177568145096302,0.14413077011704445,0.014779135584831238,0.25884690787643194,2.541199319064617,0.0001,0.41964304633438587
4406,0.4150699395686388,0.1440627658739686,0.014927379786968231,0.25607979856431484,2.646284468472004,0.0001,0.4192237861454487
4407,0.41902232356369495,0.14399372693151236,0.015003204345703125,0.2600253913551569,2.6268961653113365,0.0001,0.41903860215097666
4408,0.41383712738752365,0.14380215480923653,0.014721520245075226,0.2553134532645345,2.4489813819527626,0.0001,0.41843228358775375
4409,0.4183409661054611,0.14382309559732676,0.014970161020755768,0.2595477094873786,2.3575268164277077,0.0001,0.4180137636139989
4410,0.4155726730823517,0.14405093993991613,0.014975346624851227,0.25654638558626175,2.4242855831980705,0.0001,0.41754437424242496
4411,0.4195774607360363,0.14409099612385035,0.015027657151222229,0.2604588093236089,2.370004266500473,0.0001,0.4176217831671238
4412,0.41627087257802486,0.1437867758795619,0.014937900006771088,0.25754619389772415,1.9539374187588692,0.0001,0.417251318320632
4413,0.421297037974,0.1439303057268262,0.014872618019580841,0.26249411702156067,2.036399759352207,0.0001,0.41741889007389543
4414,0.4147275108844042,0.14391859341412783,0.015013143420219421,0.25579577405005693,2.0105971843004227,0.0001,0.41714727263897655
4415,0.4137319754809141,0.1440248005092144,0.015071399509906769,0.2546357801184058,2.3855895400047302,0.0001,0.416744788736105
4416,0.42085007205605507,0.14383351430296898,0.015026181936264038,0.2619903739541769,2.1776920035481453,0.0001,0.4173228019848466
4417,0.42527100443840027,0.14407021552324295,0.014962457120418549,0.2662383336573839,2.0229924395680428,0.0001,0.41794767007231715
4418,0.42261174507439137,0.14395546354353428,0.014909327030181885,0.26374696381390095,2.401519298553467,0.0001,0.4188251318410039
4419,0.41691913083195686,0.14385111443698406,0.014942191541194916,0.25812582205981016,2.049824371933937,0.0001,0.4186829483136535
4420,0.4201531819999218,0.14386312663555145,0.01505393534898758,0.26123611629009247,1.9457647427916527,0.0001,0.4191409992054105
4421,0.416167289018631,0.1438430855050683,0.014980614185333252,0.2573435893282294,1.9503378495573997,0.0001,0.41879998203366997
4422,0.4133504703640938,0.1440032785758376,0.01496230810880661,0.25438488088548183,2.2030559554696083,0.0001,0.41850794181227685
4423,0.41652066446840763,0.143984230235219,0.014890246093273163,0.25764618813991547,1.9725385457277298,0.0001,0.41803030446171763
4424,0.4138204213231802,0.14363333396613598,0.014947652816772461,0.2552394298836589,2.0781819075345993,0.0001,0.41793959550559523
4425,0.4194583632051945,0.14394995011389256,0.015033438801765442,0.2604749761521816,2.011983245611191,0.0001,0.41851223427802325
4426,0.417229350656271,0.14388758037239313,0.01503075659275055,0.2583110146224499,2.1093889772892,0.0001,0.41815016213804485
4427,0.4181770607829094,0.14378622733056545,0.015036582946777344,0.2593542477115989,2.1430699601769447,0.0001,0.4174407677724957
4428,0.4198326785117388,0.14359459653496742,0.01501823216676712,0.26121985260397196,2.0855172723531723,0.0001,0.41716286111623047
4429,0.4214450214058161,0.14370831847190857,0.015056833624839783,0.26267986837774515,2.0924995839595795,0.0001,0.4176154501736164
4430,0.4230382237583399,0.14402106497436762,0.014996595680713654,0.2640205640345812,2.3890112340450287,0.0001,0.4179039543494582
4431,0.419284762814641,0.14386746939271688,0.014973171055316925,0.26044412050396204,2.600611165165901,0.0001,0.4182157017290592
4432,0.42175752110779285,0.1437028432264924,0.01490098237991333,0.26315369084477425,2.392416723072529,0.0001,0.41905640680342915
4433,0.42129015550017357,0.14378524012863636,0.014904148876667023,0.26260076370090246,2.407274015247822,0.0001,0.41953335590660573
4434,0.4200192242860794,0.14375293161720037,0.014874130487442017,0.26139215379953384,2.1726739034056664,0.0001,0.42015323620289563
4435,0.4207961391657591,0.14390987157821655,0.01485985517501831,0.2620264096185565,1.9850326776504517,0.0001,0.4202870137989521
4436,0.417434886097908,0.14376300293952227,0.014915257692337036,0.25875662732869387,2.1116061210632324,0.0001,0.4203075673431158
4437,0.41938140243291855,0.14363180845975876,0.01501397043466568,0.26073562633246183,2.016693353652954,0.0001,0.4204280015081167
4438,0.4157902877777815,0.14387708250433207,0.014919757843017578,0.25699344649910927,2.141774892807007,0.0001,0.420023762434721
4439,0.42238401621580124,0.14411153830587864,0.014926232397556305,0.263346248306334,2.6859453916549683,0.0001,0.42011766191571953
4440,0.41996991634368896,0.143787432461977,0.014934435486793518,0.26124804746359587,2.5480154156684875,0.0001,0.41981083117425444
4441,0.4178522564470768,0.1439042929559946,0.014930777251720428,0.2590171890333295,2.479171022772789,0.0001,0.419667580537498
4442,0.4175230171531439,0.1439322428777814,0.014943361282348633,0.2586474120616913,2.0009257197380066,0.0001,0.4192441301420331
4443,0.42642696388065815,0.14402472972869873,0.014862000942230225,0.26754023134708405,2.0261343494057655,0.0001,0.4197578109800816
4444,0.4193449504673481,0.14374870341271162,0.014997228980064392,0.26059901528060436,2.016543246805668,0.0001,0.4196903835982084
4445,0.41706929355859756,0.14384889416396618,0.014948062598705292,0.25827233772724867,2.0709467083215714,0.0001,0.4193176990374923
4446,0.4210829697549343,0.14371516648679972,0.015076085925102234,0.2622917164117098,2.220909498631954,0.0001,0.4196825074031949
4447,0.41960946284234524,0.14369829837232828,0.014807045459747314,0.26110411901026964,2.3074344769120216,0.0001,0.4197053134441376
4448,0.4251366090029478,0.14392306935042143,0.014839015901088715,0.26637452095746994,2.5577979385852814,0.0001,0.4206399455666542
4449,0.4200211204588413,0.1437465427443385,0.014951542019844055,0.26132303662598133,2.3809580355882645,0.0001,0.4204036559909582
4450,0.4208564907312393,0.14374060556292534,0.014737457036972046,0.2623784225434065,2.0930755585432053,0.0001,0.42049231342971327
4451,0.42077215760946274,0.143989322707057,0.014913603663444519,0.2618692284449935,2.239750824868679,0.0001,0.42078430354595187
4452,0.4169553592801094,0.14390176068991423,0.014837563037872314,0.25821603927761316,2.1976660415530205,0.0001,0.4207275377586484
4453,0.4194861799478531,0.1438293196260929,0.014960728585720062,0.26069613359868526,2.187409035861492,0.0001,0.4200334593653679
4454,0.41593133099377155,0.14397081080824137,0.014910101890563965,0.2570504127070308,2.2001919001340866,0.0001,0.4196920974180102
4455,0.41595241241157055,0.1439449144527316,0.014956094324588776,0.25705139990895987,2.451847657561302,0.0001,0.41958040930330753
4456,0.41731467097997665,0.14392060600221157,0.014909438788890839,0.25848462618887424,2.383526384830475,0.0001,0.41920357942581177
4457,0.41823758743703365,0.14409374725073576,0.014880664646625519,0.25926318019628525,2.323446035385132,0.0001,0.4190663918852806
4458,0.4226431380957365,0.14387400448322296,0.014932870864868164,0.2638362580910325,2.5149047151207924,0.0001,0.4188170447945595
4459,0.4219608176499605,0.14381183683872223,0.015007488429546356,0.26314149517565966,2.2989617958664894,0.0001,0.4190110145136714
4460,0.41830153577029705,0.1438715197145939,0.01488996297121048,0.2595400530844927,2.2310508862137794,0.0001,0.4187555190175772
4461,0.4215309228748083,0.14397686440497637,0.014819175004959106,0.26273488346487284,2.2533013820648193,0.0001,0.41883139554411175
4462,0.415785975754261,0.143772148527205,0.014834940433502197,0.25717888679355383,1.9669540897011757,0.0001,0.4187144571915269
4463,0.41831880062818527,0.14379199873656034,0.014902099967002869,0.25962469913065434,1.8523414805531502,0.0001,0.41859771925956013
4464,0.41861116513609886,0.14394848607480526,0.015019476413726807,0.25964320357888937,2.261911265552044,0.0001,0.41886570267379286
4465,0.41934833489358425,0.14384809415787458,0.014873407781124115,0.2606268376111984,2.155676193535328,0.0001,0.4192052949219942
4466,0.4175626542419195,0.1435775114223361,0.014933966100215912,0.25905117485672235,1.8484781235456467,0.0001,0.4192300932481885
4467,0.4202191773802042,0.14401140622794628,0.014860659837722778,0.26134711503982544,2.2905445620417595,0.0001,0.4194282522425056
4468,0.41832275316119194,0.14399644546210766,0.014956526458263397,0.2593697812408209,2.4410955235362053,0.0001,0.4189962137490511
4469,0.4168068692088127,0.1438920646905899,0.014944233000278473,0.25797057058662176,2.3857731595635414,0.0001,0.4184808189049363
4470,0.41996111534535885,0.14412047155201435,0.014764286577701569,0.2610763516277075,2.5105725079774857,0.0001,0.4186467768624425
4471,0.41797166503965855,0.1437131306156516,0.01479039341211319,0.259468138217926,2.3047527074813843,0.0001,0.4182908510789275
4472,0.41665696911513805,0.14398332592099905,0.01486341655254364,0.2578102247789502,2.3887882456183434,0.0001,0.41837795041501524
4473,0.41591648012399673,0.14359138999134302,0.0148400217294693,0.25748507026582956,2.153892070055008,0.0001,0.41813771836459634
4474,0.4216536805033684,0.14386203326284885,0.014927491545677185,0.2628641529008746,2.1314492374658585,0.0001,0.4184419699013233
4475,0.4156568367034197,0.14379931800067425,0.014779828488826752,0.2570776892825961,1.8685529381036758,0.0001,0.41807282008230684
4476,0.42009091936051846,0.1437281398102641,0.014947988092899323,0.2614147886633873,1.880982019007206,0.0001,0.41832564659416677
4477,0.41305166110396385,0.1438705436885357,0.014805413782596588,0.2543756989762187,1.9731033369898796,0.0001,0.41760889496654274
4478,0.4192403741180897,0.143889213912189,0.015033289790153503,0.260317868553102,2.147740662097931,0.0001,0.41770065706223247
4479,0.41172395646572113,0.1438520196825266,0.014923147857189178,0.2529487917199731,1.9371552616357803,0.0001,0.41719236578792335
4480,0.4190979562699795,0.1439687917008996,0.014985039830207825,0.26014412473887205,2.148202508687973,0.0001,0.4171060498803854
4481,0.42289431020617485,0.14395622070878744,0.01497245579957962,0.26396563183516264,2.3036469221115112,0.0001,0.41759831439703704
4482,0.4154737424105406,0.14364929497241974,0.014971606433391571,0.25685284193605185,2.29316183924675,0.0001,0.4174799917265773
4483,0.4170710127800703,0.14386027678847313,0.014897510409355164,0.25831322371959686,2.600115217268467,0.0001,0.41759544499218465
4484,0.41791666112840176,0.14379122387617826,0.01488291472196579,0.25924251973629,2.60825115442276,0.0001,0.41722174305468795
4485,0.4208262152969837,0.14394971542060375,0.014972992241382599,0.2619035057723522,2.4515759497880936,0.0001,0.41773868091404437
4486,0.41485377214848995,0.14373609144240618,0.015002049505710602,0.2561156312003732,2.436757206916809,0.0001,0.41721496619284154
4487,0.4214720670133829,0.1438431777060032,0.014970198273658752,0.2626586901023984,2.5041320770978928,0.0001,0.41805700678378344
4488,0.413060100749135,0.14398570638149977,0.014894023537635803,0.2541803726926446,2.511154055595398,0.0001,0.41743897944688796
4489,0.41937192901968956,0.14376195706427097,0.014928087592124939,0.26068188063800335,1.9985649958252907,0.0001,0.4182037767022848
4490,0.4158454369753599,0.1436617560684681,0.014961600303649902,0.25722208339720964,2.0027806162834167,0.0001,0.41787852477282283
4491,0.41892308183014393,0.14382301922887564,0.014989003539085388,0.26011105719953775,2.54335118830204,0.0001,0.41748140193521976
4492,0.4152065496891737,0.14364120177924633,0.014964185655117035,0.2566011678427458,2.0696545243263245,0.0001,0.41745468266308305
4493,0.4157492481172085,0.14392239227890968,0.01486322283744812,0.25696362741291523,2.43051178753376,0.0001,0.4173225061967969
4494,0.420103058218956,0.14379570353776217,0.01491452008485794,0.2613928373903036,2.1976760625839233,0.0001,0.41754114590585234
4495,0.4194143358618021,0.14362306706607342,0.01493525505065918,0.2608560165390372,1.9619916155934334,0.0001,0.41739995796233414
4496,0.4147071484476328,0.14394546207040548,0.01489941030740738,0.2558622770011425,2.24872088432312,0.0001,0.41738529559224846
4497,0.4184040706604719,0.1437020217999816,0.014946512877941132,0.2597555359825492,2.160984694957733,0.0001,0.41707849595695734
4498,0.4196065329015255,0.1437698295339942,0.014894671738147736,0.260942030698061,2.15992721170187,0.0001,0.4177331391721964
4499,0.416230995208025,0.14382464811205864,0.014887034893035889,0.257519313134253,2.1291055232286453,0.0001,0.41741904579102995
4500,0.4223310872912407,0.1438666796311736,0.014974094927310944,0.263490310870111,2.290460154414177,0.0001,0.418067610822618
4501,0.4182701054960489,0.1438421355560422,0.01492723822593689,0.25950073543936014,2.242251604795456,0.0001,0.4180023131892085
4502,0.4160193130373955,0.1437595309689641,0.014879181981086731,0.2573806010186672,2.027344435453415,0.0001,0.4180835895240307
4503,0.4107563905417919,0.14384949393570423,0.01482219249010086,0.2520847013220191,2.174967736005783,0.0001,0.41758430376648903
4504,0.42221371829509735,0.14397936593741179,0.014942936599254608,0.26329142041504383,2.4738375023007393,0.0001,0.41779536977410314
4505,0.4180931933224201,0.14362141396850348,0.014932677149772644,0.25953910034149885,2.027982696890831,0.0001,0.417663255520165
4506,0.416556503623724,0.1438394719734788,0.015022389590740204,0.25769464764744043,2.1395862251520157,0.0001,0.4178481910377741
4507,0.424462515860796,0.14384527318179607,0.014875702559947968,0.26574154011905193,2.095775470137596,0.0001,0.41845403555780647
4508,0.4147012997418642,0.14392071682959795,0.01480751484632492,0.2559730662032962,2.101714238524437,0.0001,0.41796351224184036
4509,0.42143538035452366,0.1437126426026225,0.01491294801235199,0.26280979067087173,1.9958393424749374,0.0001,0.41848395075649025
4510,0.42576496116817,0.14367251005023718,0.014865189790725708,0.26722726691514254,2.0130392760038376,0.0001,0.41882733814418316
4511,0.41263822466135025,0.14369474165141582,0.014878027141094208,0.2540654568001628,2.3917887583374977,0.0001,0.41826415006071327
4512,0.41525424271821976,0.14374800119549036,0.014971621334552765,0.25653461646288633,2.1797124296426773,0.0001,0.41818764302879574
4513,0.41557424515485764,0.1438922267407179,0.014910615980625153,0.256771401502192,2.2388643696904182,0.0001,0.4186694284901023
4514,0.4178536180406809,0.14387506432831287,0.014925658702850342,0.25905289500951767,2.126342460513115,0.0001,0.41823341846466067
4515,0.41654070653021336,0.14395772852003574,0.01494424045085907,0.2576387384906411,2.4804747849702835,0.0001,0.41807816978544
4516,0.4236075393855572,0.14383983332663774,0.014904588460922241,0.2648631213232875,2.0495998933911324,0.0001,0.4187832733616233
4517,0.41563443280756474,0.14377120230346918,0.014870621263980865,0.25699260737746954,2.226742796599865,0.0001,0.4179004650563002
4518,0.4208240080624819,0.1438847491517663,0.014940537512302399,0.26199872326105833,2.17793208360672,0.0001,0.4185127358883619
4519,0.4168195519596338,0.14386445190757513,0.014924675226211548,0.258030422963202,2.468687556684017,0.0001,0.41805115304887297
4520,0.41763776913285255,0.14376645535230637,0.01495729386806488,0.25891401525586843,2.3856601491570473,0.0001,0.4172384338453412
4521,0.4230813067406416,0.1436634985730052,0.014970868825912476,0.26444694120436907,1.8710172697901726,0.0001,0.4182827420532703
4522,0.41792653501033783,0.14383605681359768,0.014891043305397034,0.259199439547956,2.156555399298668,0.0001,0.41854997128248217
4523,0.4175755735486746,0.14377745985984802,0.01496298611164093,0.2588351294398308,2.1804244741797447,0.0001,0.41875010412186386
4524,0.4202122800052166,0.14371788129210472,0.014995425939559937,0.26149897277355194,2.0375621020793915,0.0001,0.4189859703183174
4525,0.41476609744131565,0.14394468255341053,0.01512424647808075,0.2556971712037921,1.8239265009760857,0.0001,0.41880850940942765
4526,0.42332438565790653,0.14396792277693748,0.01502467691898346,0.2643317859619856,2.122583009302616,0.0001,0.41878019403666256
4527,0.41831254214048386,0.14380678813904524,0.014928638935089111,0.25957711692899466,2.1675824746489525,0.0001,0.4190480049699545
4528,0.4122422784566879,0.14368780050426722,0.014996081590652466,0.25355839915573597,2.3352228552103043,0.0001,0.4181898320093751
4529,0.415367778390646,0.1438310109078884,0.014846377074718475,0.25669039133936167,2.5220467895269394,0.0001,0.4180446546524763
4530,0.4195883460342884,0.14374983310699463,0.014944106340408325,0.26089440286159515,2.4388351142406464,0.0001,0.4182397123426199
4531,0.4195500370115042,0.14369306340813637,0.014874041080474854,0.26098293252289295,2.3419496342539787,0.0001,0.41788658536970613
4532,0.4129457101225853,0.14388680178672075,0.014881230890750885,0.25417767465114594,2.20075985789299,0.0001,0.4173885028809309
4533,0.4214897770434618,0.14394781738519669,0.015003733336925507,0.26253822073340416,2.021260768175125,0.0001,0.41777992323040963
4534,0.4188583940267563,0.14399393182247877,0.014965139329433441,0.25989932380616665,2.201890617609024,0.0001,0.41764453463256357
4535,0.417009087279439,0.14378984831273556,0.015068069100379944,0.2581511689350009,2.2216340079903603,0.0001,0.41786883361637595
4536,0.41693851351737976,0.14374195598065853,0.01484294980764389,0.25835361517965794,2.3086967319250107,0.0001,0.41723024640232326
4537,0.4141222573816776,0.14407340995967388,0.014822103083133698,0.2552267462015152,2.6399020850658417,0.0001,0.4168112179264426
4538,0.4198513813316822,0.14389867149293423,0.014858096837997437,0.2610946139320731,2.5080894231796265,0.0001,0.4175721282139421
4539,0.4182962328195572,0.14375821128487587,0.014795929193496704,0.2597420923411846,1.8933491334319115,0.0001,0.41786497365683317
4540,0.4189542531967163,0.14372441172599792,0.014915831387043,0.2603140091523528,1.9687676131725311,0.0001,0.417801564373076
4541,0.4177736509591341,0.14386833645403385,0.014922678470611572,0.2589826388284564,2.410296730697155,0.0001,0.41762392576783897
4542,0.41614826396107674,0.14369419123977423,0.014962047338485718,0.25749203003942966,2.0429147705435753,0.0001,0.4179441811516881
4543,0.4180694669485092,0.1436382746323943,0.01500546932220459,0.25942572113126516,2.1252715587615967,0.0001,0.4176021501421928
4544,0.42023226991295815,0.14371510315686464,0.014979250729084015,0.2615379150956869,2.321491241455078,0.0001,0.417739537730813
4545,0.42042851261794567,0.1437637647613883,0.015015706419944763,0.2616490349173546,2.5394827127456665,0.0001,0.4180814802646637
4546,0.4224399384111166,0.14373820647597313,0.014959342777729034,0.26374238170683384,2.346782088279724,0.0001,0.41863162275403737
4547,0.4191046468913555,0.14375059865415096,0.014800392091274261,0.26055365428328514,2.4139674827456474,0.0001,0.41912986170500516
4548,0.4153420776128769,0.1438255487009883,0.01480846107006073,0.2567080659791827,2.308352470397949,0.0001,0.4186789313331246
4549,0.4161579255014658,0.14385386928915977,0.014905661344528198,0.2573983957991004,2.2336030453443527,0.0001,0.4184651006013155
4550,0.4230338092893362,0.143711244687438,0.01492716372013092,0.264395403675735,2.490860402584076,0.0001,0.41887305621057747
4551,0.41714113019406796,0.1437551835551858,0.014920659363269806,0.25846528448164463,2.262340620160103,0.0001,0.4188098041340709
4552,0.41699547320604324,0.143842744641006,0.014801964163780212,0.2583507662639022,2.571169212460518,0.0001,0.4188945250585675
4553,0.4193390253931284,0.14386890828609467,0.014717444777488708,0.2607526695355773,2.275412768125534,0.0001,0.41902148090302943
4554,0.4176683146506548,0.14377550687640905,0.014922134578227997,0.25897067692130804,2.179817274212837,0.0001,0.41876508537679913
4555,0.4216921031475067,0.1437699068337679,0.014889292418956757,0.26303290389478207,2.1869066059589386,0.0001,0.41889144442975523
4556,0.4123824331909418,0.14373720157891512,0.01491943746805191,0.25372579507529736,2.2690270617604256,0.0001,0.4178856939077377
4557,0.41897159069776535,0.14372283685952425,0.015051990747451782,0.2601967556402087,2.441029913723469,0.0001,0.4178723882883787
4558,0.41972190886735916,0.14372612908482552,0.014977723360061646,0.2610180536285043,2.600815176963806,0.0001,0.41831037141382693
4559,0.4195288773626089,0.14376758132129908,0.014914222061634064,0.26084707491099834,2.2357707172632217,0.0001,0.41864746659994123
4560,0.41345287300646305,0.1435878537595272,0.014833882451057434,0.2550311367958784,2.179245740175247,0.0001,0.4176893729716539
4561,0.42239830270409584,0.14374029450118542,0.014889620244503021,0.2637683916836977,2.277016259729862,0.0001,0.41821509022265674
4562,0.4239464607089758,0.14377199951559305,0.014892525970935822,0.26528193335980177,2.492843747138977,0.0001,0.41891018897294996
4563,0.42024255730211735,0.14363049250096083,0.014940500259399414,0.26167156267911196,2.117077276110649,0.0001,0.41900054216384885
4564,0.4165945444256067,0.14367779903113842,0.01488274335861206,0.25803399831056595,2.115856982767582,0.0001,0.41889316514134406
4565,0.41656668297946453,0.14372377190738916,0.014984823763370514,0.25785809475928545,2.1183756440877914,0.0001,0.41838062312453983
4566,0.4184660129249096,0.14396263752132654,0.01497872918844223,0.25952464062720537,2.56206277012825,0.0001,0.41898898109793664
4567,0.41856295242905617,0.1438871156424284,0.014835387468338013,0.2598404483869672,2.5589911192655563,0.0001,0.41894811727106573
4568,0.41863433830440044,0.14360495004802942,0.014866963028907776,0.2601624261587858,2.31434828042984,0.0001,0.41883936021476986
4569,0.41722613759338856,0.14387349784374237,0.014929331839084625,0.2584233107045293,2.2173248305916786,0.0001,0.4186090862378478
4570,0.4159237761050463,0.14368634577840567,0.014822721481323242,0.25741470977663994,2.4943553507328033,0.0001,0.4188561765477061
4571,0.41643373668193817,0.1437641540542245,0.014770694077014923,0.25789888855069876,2.45459596067667,0.0001,0.4182597199454904
4572,0.416191715747118,0.14387574698776007,0.014755241572856903,0.2575607281178236,2.4801284298300743,0.0001,0.41748424544930457
4573,0.4190174378454685,0.1437958525493741,0.014910563826560974,0.26031101681292057,2.1519138291478157,0.0001,0.4173617335036397
4574,0.41780543327331543,0.14376027509570122,0.014844357967376709,0.25920080579817295,2.137584164738655,0.0001,0.41748282238841056
4575,0.4172595124691725,0.14381388202309608,0.014892816543579102,0.2585528092458844,2.0364443585276604,0.0001,0.41755210533738135
4576,0.41309485770761967,0.14381728693842888,0.015126295387744904,0.254151270724833,2.1957813054323196,0.0001,0.4170149898156524
4577,0.42026514559984207,0.1439858628436923,0.014992892742156982,0.2612863890826702,2.2716501653194427,0.0001,0.41718520913273094
4578,0.41830454021692276,0.14369929395616055,0.014865830540657043,0.25973941944539547,2.221806265413761,0.0001,0.4171522293239832
4579,0.4201487433165312,0.14370136428624392,0.014924712479114532,0.2615226684138179,2.6166692674160004,0.0001,0.41744448989629745
4580,0.4157771673053503,0.1438245726749301,0.014828510582447052,0.25712408404797316,2.4017827957868576,0.0001,0.41742982901632786
4581,0.419407743960619,0.14357481058686972,0.014857955276966095,0.26097498182207346,2.4927688539028168,0.0001,0.41772722974419596
4582,0.42189563624560833,0.1440020427107811,0.01482507586479187,0.26306851767003536,2.4444195479154587,0.0001,0.41829762179404495
4583,0.41986825317144394,0.1437689308077097,0.014977723360061646,0.26112159714102745,2.213332436978817,0.0001,0.4183827033266425
4584,0.4147612452507019,0.14368116296827793,0.014880776405334473,0.2561993068084121,2.2056892812252045,0.0001,0.41807828452438117
4585,0.4187265820801258,0.14385520946234465,0.01482631266117096,0.26004505529999733,2.0888723582029343,0.0001,0.4182249914854765
4586,0.42012347280979156,0.14375791419297457,0.014797337353229523,0.2615682203322649,2.042439341545105,0.0001,0.4189278529956937
4587,0.4205473903566599,0.14383989851921797,0.014909379184246063,0.261798114515841,2.2638433277606964,0.0001,0.4189560774713755
4588,0.4160568583756685,0.1437859646975994,0.01488400250673294,0.25738689210265875,2.136795185506344,0.0001,0.41873130928725005
4589,0.41826667822897434,0.14385859202593565,0.014916978776454926,0.25949110742658377,2.322772741317749,0.0001,0.4185431027784944
4590,0.4167676381766796,0.14398016780614853,0.01489422470331192,0.2578932484611869,2.4004576206207275,0.0001,0.4186421498656273
4591,0.41410483978688717,0.14368474017828703,0.0148763507604599,0.25554374884814024,2.0464126840233803,0.0001,0.41811185944825413
4592,0.41533784195780754,0.14372430369257927,0.014716409146785736,0.25689712911844254,2.0763351172208786,0.0001,0.41745608001947404
4593,0.4193804804235697,0.14373154751956463,0.014881931245326996,0.26076700259000063,2.155473880469799,0.0001,0.4174073027446866
4594,0.42445727065205574,0.14391210209578276,0.014872491359710693,0.26567267999053,2.198362313210964,0.0001,0.41837690528482196
4595,0.41931006498634815,0.14367555174976587,0.015018284320831299,0.2606162317097187,2.2161252051591873,0.0001,0.4184352535754442
4596,0.4159880094230175,0.14367405697703362,0.01485501229763031,0.257458939217031,2.2353135347366333,0.0001,0.4180217072367668
4597,0.4216160774230957,0.14369623456150293,0.014987282454967499,0.2629325585439801,2.3089709877967834,0.0001,0.4181285759434104
4598,0.413419634103775,0.14359148126095533,0.0149620920419693,0.2548660608008504,2.184922829270363,0.0001,0.41786485351622105
4599,0.4182246681302786,0.1439215438440442,0.014878474175930023,0.25942465476691723,2.350061222910881,0.0001,0.41786065250635146
4600,0.4226708449423313,0.1439794860780239,0.014794893562793732,0.26389646623283625,2.134149953722954,0.0001,0.41845097318291663
4601,0.416424747556448,0.1439851149916649,0.014883548021316528,0.25755608174949884,2.0876293629407883,0.0001,0.4186829639598727
4602,0.4154188446700573,0.14355903677642345,0.014894306659698486,0.2569655003026128,2.0220660492777824,0.0001,0.4186910642310977
4603,0.41569135524332523,0.1438155686482787,0.014995209872722626,0.2568805804476142,2.0480784848332405,0.0001,0.41832215171307324
4604,0.4168144203722477,0.14385589119046926,0.014975503087043762,0.25798303075134754,2.036199614405632,0.0001,0.4175578666850924
4605,0.4230011384934187,0.14385842718183994,0.014921434223651886,0.26422127801924944,2.078197531402111,0.0001,0.4179269740357995
4606,0.41738471761345863,0.14375478122383356,0.015008501708507538,0.2586214365437627,2.1551071107387543,0.0001,0.4180666448548436
4607,0.4157831985503435,0.14385925885289907,0.014957994222640991,0.2569659510627389,2.094724915921688,0.0001,0.4174833569675684
4608,0.4208139758557081,0.14379912987351418,0.014990240335464478,0.2620246084406972,2.1230224445462227,0.0001,0.41822279114276173
4609,0.4198856260627508,0.14371382538229227,0.014998435974121094,0.2611733665689826,2.053738556802273,0.0001,0.41838888693600895
4610,0.4179494772106409,0.1437460444867611,0.01493188738822937,0.25927154533565044,2.1210144832730293,0.0001,0.4179167501628399
4611,0.4187613558024168,0.1438653403893113,0.0150471031665802,0.25984891317784786,2.230289414525032,0.0001,0.41815041098743677
4612,0.4237633664160967,0.14364534057676792,0.014928743243217468,0.26518928073346615,2.1375453546643257,0.0001,0.4189848631620407
4613,0.4131087586283684,0.14361427165567875,0.014810338616371155,0.2546841483563185,2.302977666258812,0.0001,0.418726603500545
4614,0.41925931721925735,0.14376447536051273,0.01507817953824997,0.26041666232049465,2.60883716493845,0.0001,0.418971093185246
4615,0.4144168831408024,0.1437879465520382,0.015001490712165833,0.2556274412199855,2.2113966941833496,0.0001,0.41811266764998434
4616,0.4199738632887602,0.14362448081374168,0.014990001916885376,0.2613593805581331,2.212001606822014,0.0001,0.4183715822175145
4617,0.42092669382691383,0.14360812585800886,0.014997459948062897,0.2623211080208421,2.0814500525593758,0.0001,0.4188859317451715
4618,0.41892848908901215,0.14381183963268995,0.014871053397655487,0.2602455960586667,2.178142234683037,0.0001,0.41869738306850196
4619,0.4181565176695585,0.1436390681192279,0.014971904456615448,0.25954554323107004,2.1497466042637825,0.0001,0.4185244722291827
4620,0.4164347965270281,0.1436403226107359,0.014966145157814026,0.25782832596451044,1.9086067229509354,0.0001,0.41837300416082146
4621,0.41542550176382065,0.14390650019049644,0.015040799975395203,0.25647820346057415,2.046905405819416,0.0001,0.4180394187569618
4622,0.42160484939813614,0.14372856356203556,0.014963708817958832,0.26291257608681917,2.3574592545628548,0.0001,0.41782356705516577
4623,0.4181258622556925,0.14369604922831059,0.014984391629695892,0.25944542046636343,2.447194665670395,0.0001,0.41832527741789816
4624,0.42212451435625553,0.14378926064819098,0.014897219836711884,0.2634380282834172,2.4320123121142387,0.0001,0.418611797131598
4625,0.4174501020461321,0.14381065405905247,0.014936983585357666,0.25870246533304453,2.253815397620201,0.0001,0.41891511902213097
4626,0.4184816777706146,0.14372785855084658,0.014938868582248688,0.25981494691222906,2.2195316404104233,0.0001,0.4187659004703164
4627,0.41808417066931725,0.14375089295208454,0.014918237924575806,0.2594150472432375,2.2672317549586296,0.0001,0.41848164815455674
4628,0.4192081894725561,0.14358826726675034,0.014852695167064667,0.26076722517609596,1.9606587663292885,0.0001,0.41850961819291116
4629,0.4207307659089565,0.14362713880836964,0.014958731830120087,0.26214489806443453,2.0767384693026543,0.0001,0.41876704301685097
4630,0.41954453848302364,0.14376866165548563,0.014804378151893616,0.26097150053828955,2.1440469846129417,0.0001,0.4190780172124505
4631,0.4166919868439436,0.14370284136384726,0.014905489981174469,0.25808365643024445,2.2561897709965706,0.0001,0.4192046657204628
4632,0.42321015894412994,0.14356655720621347,0.01484273374080658,0.2648008670657873,1.9716739803552628,0.0001,0.41936519667506217
4633,0.4182464946061373,0.1438083676621318,0.01498093456029892,0.2594571877270937,2.1940933540463448,0.0001,0.41937725991010666
4634,0.4190665893256664,0.1436872621998191,0.015030965209007263,0.2603483544662595,2.0653344243764877,0.0001,0.41907146740704776
4635,0.41768497973680496,0.14394491259008646,0.01482602208852768,0.2589140450581908,2.2837443873286247,0.0001,0.41909495517611506
4636,0.41474819742143154,0.14378574676811695,0.014905735850334167,0.2560567120090127,2.3598115146160126,0.0001,0.4187216071411967
4637,0.4205199219286442,0.14389556646347046,0.014830224215984344,0.26179412845522165,2.397506318986416,0.0001,0.4189651822671294
4638,0.41823013685643673,0.14381017442792654,0.014845699071884155,0.2595742605626583,2.4575858041644096,0.0001,0.41886737700551746
4639,0.4162687622010708,0.14352940768003464,0.014717936515808105,0.2580214152112603,2.4176635667681694,0.0001,0.4184211766347289
4640,0.4157809764146805,0.1438041189685464,0.014783419668674469,0.2571934387087822,2.2546203583478928,0.0001,0.4180448204278946
4641,0.4206206575036049,0.14369412325322628,0.015011407434940338,0.2619151249527931,2.2644136175513268,0.0001,0.41843768749386073
4642,0.4133480694144964,0.14360399451106787,0.014900580048561096,0.25484349206089973,2.1371930837631226,0.0001,0.41745147854089737
4643,0.4182331822812557,0.1438418673351407,0.014984957873821259,0.25940635427832603,2.1255666613578796,0.0001,0.41745014730840924
4644,0.4172020349651575,0.14347656350582838,0.014916233718395233,0.25880923494696617,1.9678678214550018,0.0001,0.41726369187235834
4645,0.41720136255025864,0.14362578094005585,0.014922447502613068,0.25865313690155745,1.9331757575273514,0.0001,0.4172153301537037
4646,0.4137062691152096,0.14372438751161098,0.014902137219905853,0.25507974345237017,2.20099189132452,0.0001,0.41711113732308147
4647,0.4187570847570896,0.143684315495193,0.01493731141090393,0.26013545598834753,2.0672451555728912,0.0001,0.416934853605926
4648,0.4135880395770073,0.14367493614554405,0.014962881803512573,0.2549502206966281,2.2528221383690834,0.0001,0.4164706438779831
4649,0.4142950866371393,0.14376059733331203,0.014981016516685486,0.25555347464978695,2.4431375861167908,0.0001,0.41627327632158995
4650,0.4190992396324873,0.1438082419335842,0.01485416293144226,0.26043683011084795,2.2316727861762047,0.0001,0.41660510264337064
4651,0.4207322336733341,0.1434984765946865,0.014812290668487549,0.2624214692041278,2.275860957801342,0.0001,0.41661626026034354
4652,0.41801455430686474,0.14367727935314178,0.014813937246799469,0.2595233367756009,2.2650179341435432,0.0001,0.41708290874958037
4653,0.4176876861602068,0.1438188711181283,0.014851994812488556,0.25901682302355766,1.9605794474482536,0.0001,0.4170283591374755
4654,0.41354879178106785,0.1437416234984994,0.014843374490737915,0.2549637909978628,1.9995462000370026,0.0001,0.4166630348190665
4655,0.42041977122426033,0.14365858118981123,0.014923736453056335,0.26183744985610247,1.924432210624218,0.0001,0.4169848756864667
4656,0.4182424396276474,0.14369075186550617,0.014835312962532043,0.2597163775935769,2.006794735789299,0.0001,0.4174384927377105
4657,0.41365174390375614,0.14386656135320663,0.014891080558300018,0.25489410292357206,2.0055725425481796,0.0001,0.41692795865237714
4658,0.41620698757469654,0.14374948851764202,0.014968052506446838,0.2574894465506077,2.03342492133379,0.0001,0.41718985345214604
4659,0.41684428602457047,0.1435648687183857,0.014873243868350983,0.25840617902576923,1.8708042353391647,0.0001,0.41744477339088915
4660,0.41498536616563797,0.14379877876490355,0.01490853726863861,0.25627805199474096,2.203141950070858,0.0001,0.41703338604420426
4661,0.414187366142869,0.14372100587934256,0.014848858118057251,0.2556175049394369,2.452844977378845,0.0001,0.41637889929115773
4662,0.42094889283180237,0.1436500223353505,0.014784730970859528,0.2625141367316246,2.500477336347103,0.0001,0.4166723331436515
4663,0.4244104418903589,0.14361836574971676,0.014917217195034027,0.26587485522031784,2.345980688929558,0.0001,0.4173446087166667
4664,0.42156158946454525,0.1436869390308857,0.014815613627433777,0.2630590330809355,2.1160522624850273,0.0001,0.41814588848501444
4665,0.4158581607043743,0.14387576933950186,0.01482381671667099,0.2571585737168789,2.492868088185787,0.0001,0.41768972743302585
4666,0.41850822046399117,0.14377662539482117,0.014812484383583069,0.2599191078916192,2.6578402668237686,0.0001,0.4177163055166602
4667,0.4195392467081547,0.1438168939203024,0.014886125922203064,0.2608362268656492,2.5564743652939796,0.0001,0.4183050557971001
4668,0.41648347303271294,0.1435354631394148,0.014802299439907074,0.2581457095220685,2.454812817275524,0.0001,0.4183327043429017
4669,0.42234046570956707,0.1436367891728878,0.014834105968475342,0.2638695687055588,2.2637932300567627,0.0001,0.4188823223114014
4670,0.41611966118216515,0.14368000999093056,0.014762409031391144,0.25767723843455315,2.326151840388775,0.0001,0.4189957518130541
4671,0.4222198650240898,0.14375522173941135,0.014919877052307129,0.2635447643697262,2.360970877110958,0.0001,0.4197990017011762
4672,0.42550684697926044,0.14373983815312386,0.014645174145698547,0.2671218328177929,2.357939139008522,0.0001,0.42025479711592195
4673,0.41625288128852844,0.14370516128838062,0.014769837260246277,0.2577778846025467,2.1419405341148376,0.0001,0.4194390410557389
4674,0.41860776022076607,0.14372096303850412,0.014812655746936798,0.260074146091938,2.4801439344882965,0.0001,0.419143658131361
4675,0.4149770587682724,0.14353661611676216,0.014971256256103516,0.2564691863954067,2.0317640006542206,0.0001,0.4190555479377508
4676,0.41533143632113934,0.14375708438456059,0.014887504279613495,0.25668684393167496,2.2138515636324883,0.0001,0.41873786952346564
4677,0.417339438572526,0.14367558807134628,0.014873944222927094,0.25878990534693,2.206395037472248,0.0001,0.41851788870990275
4678,0.41764255426824093,0.14357198122888803,0.014892369508743286,0.25917820166796446,2.0112549886107445,0.0001,0.4186337968334556
4679,0.4178109001368284,0.14390968438237906,0.014904692769050598,0.25899652391672134,2.214158281683922,0.0001,0.4181808402761817
4680,0.41596553288400173,0.14363826252520084,0.014903873205184937,0.2574233962222934,2.0395107865333557,0.0001,0.41816542744636537
4681,0.4194530304521322,0.14360807463526726,0.014928139746189117,0.2609168170019984,1.9582726582884789,0.0001,0.4178887439891696
4682,0.419047923758626,0.14369501825422049,0.014775313436985016,0.26057759672403336,2.105660378932953,0.0001,0.4172428516671062
4683,0.41930730640888214,0.14340229239314795,0.014829553663730621,0.2610754603520036,1.9459272176027298,0.0001,0.4175482941791415
4684,0.4148425627499819,0.14364691264927387,0.014884620904922485,0.25631103105843067,2.2408198341727257,0.0001,0.4171717744320631
4685,0.420102434232831,0.14383763819932938,0.014790594577789307,0.26147419959306717,2.5593202710151672,0.0001,0.41768431197851896
4686,0.4169898610562086,0.14371333457529545,0.014825679361820221,0.2584508480504155,2.4787650257349014,0.0001,0.4178501544520259
4687,0.4172907583415508,0.1436908934265375,0.014795921742916107,0.2588039468973875,2.1237968057394028,0.0001,0.4178452864289284
4688,0.41954953968524933,0.1436030911281705,0.014843367040157318,0.2611030824482441,2.07831634581089,0.0001,0.4180359849706292
4689,0.41941241547465324,0.1436548251658678,0.014730066061019897,0.26102752424776554,2.395993746817112,0.0001,0.4181961365044117
4690,0.41820391453802586,0.14360566437244415,0.014807455241680145,0.259790793992579,2.009815037250519,0.0001,0.4184199746698141
4691,0.4148977193981409,0.14377083908766508,0.014830432832241058,0.25629644095897675,2.0747684687376022,0.0001,0.417964443564415
4692,0.4178615640848875,0.1437673782929778,0.015085823833942413,0.25900835916399956,2.0717353373765945,0.0001,0.41784580759704115
4693,0.41558068059384823,0.14381643664091825,0.014925464987754822,0.2568387780338526,2.568940907716751,0.0001,0.4174731450155377
4694,0.4219604693353176,0.14374521654099226,0.014973461627960205,0.26324179023504257,2.382964104413986,0.0001,0.41818493567407133
4695,0.42035428434610367,0.14363747090101242,0.014868877828121185,0.26184793189167976,2.3054797053337097,0.0001,0.4182101206853986
4696,0.4167399350553751,0.14369531627744436,0.014744527637958527,0.2583000911399722,2.366149477660656,0.0001,0.4181851280853152
4697,0.41732877492904663,0.1437339037656784,0.014888681471347809,0.25870618782937527,2.187602713704109,0.0001,0.4181889297440648
4698,0.4153150599449873,0.1436064774170518,0.014792867004871368,0.25691571924835443,2.3271739557385445,0.0001,0.4177654817700386
4699,0.41519393026828766,0.14352946355938911,0.014838553965091705,0.2568259136751294,2.133060909807682,0.0001,0.41734363324940205
4700,0.4190221931785345,0.14364457596093416,0.014754697680473328,0.2606229158118367,2.122272327542305,0.0001,0.4174254611134529
4701,0.4153829775750637,0.1437186161056161,0.014816023409366608,0.2568483343347907,1.9406843557953835,0.0001,0.4174739869311452
4702,0.4184768758714199,0.143983812071383,0.014799833297729492,0.25969323143363,2.248367190361023,0.0001,0.41753551810979844
4703,0.41909924522042274,0.14349942095577717,0.014976903796195984,0.2606229167431593,2.057789199054241,0.0001,0.4178873745724559
4704,0.42064602114260197,0.143742423504591,0.014866456389427185,0.2620371365919709,2.367222547531128,0.0001,0.4177559297531843
4705,0.41721196100115776,0.1436002552509308,0.014824949204921722,0.2587867584079504,2.112222656607628,0.0001,0.41744169741868975
4706,0.41691768169403076,0.14371486101299524,0.014831624925136566,0.2583711948245764,2.2018469721078873,0.0001,0.4174594720825553
4707,0.41843665577471256,0.14353027939796448,0.014960207045078278,0.25994617119431496,1.8780160695314407,0.0001,0.4175702601671219
4708,0.414167195558548,0.14351532887667418,0.014942504465579987,0.2557093594223261,1.8266926035284996,0.0001,0.41745547372847797
4709,0.4148407597094774,0.1436898736283183,0.014969922602176666,0.2561809616163373,1.9159732162952423,0.0001,0.4174201566725969
4710,0.4177501369267702,0.14365588687360287,0.014833115041255951,0.2592611303552985,2.2888951301574707,0.0001,0.4172929510474205
4711,0.41877960227429867,0.14361552894115448,0.014755412936210632,0.26040866132825613,2.133674420416355,0.0001,0.417632613517344
4712,0.41392784751951694,0.14370061829686165,0.015047676861286163,0.2551795467734337,2.0385037064552307,0.0001,0.4171777106821537
4713,0.41185683757066727,0.14362972881644964,0.014918290078639984,0.25330881122499704,1.8055853173136711,0.0001,0.41645346991717813
4714,0.4168099854141474,0.14358395151793957,0.014854684472084045,0.25837135780602694,1.9345415011048317,0.0001,0.4160698663443327
4715,0.41709023527801037,0.14368770644068718,0.014990836381912231,0.25841168966144323,2.000700905919075,0.0001,0.41605769377201796
4716,0.4172020275145769,0.14346392452716827,0.015047073364257812,0.2586910277605057,2.039184533059597,0.0001,0.41608612835407255
4717,0.41482681781053543,0.14357937406748533,0.014936007559299469,0.2563114380463958,2.2683581113815308,0.0001,0.41572514455765486
4718,0.4192689433693886,0.1437774794176221,0.014963820576667786,0.26052764244377613,2.09916465729475,0.0001,0.4162353193387389
4719,0.42290923930704594,0.14373632706701756,0.014810644090175629,0.2643622700124979,2.31333464384079,0.0001,0.41704216729849575
4720,0.4172788877040148,0.14393937215209007,0.014870159327983856,0.25846935994923115,2.535451225936413,0.0001,0.4169950423762202
4721,0.416817519813776,0.1434630434960127,0.014805778861045837,0.2585486937314272,2.4068584889173508,0.0001,0.41679883413016794
4722,0.415191438049078,0.14337441604584455,0.014875993132591248,0.2569410316646099,2.0808554589748383,0.0001,0.41692519318312404
4723,0.4155782964080572,0.1435076156631112,0.014844551682472229,0.2572261244058609,2.1155894100666046,0.0001,0.41729733906686306
4724,0.41615869849920273,0.1437232941389084,0.015009038150310516,0.2574263624846935,2.3814448043704033,0.0001,0.4172322103753686
4725,0.41795776411890984,0.14372814819216728,0.014918647706508636,0.25931096728891134,2.367160387337208,0.0001,0.41731896325945855
4726,0.4147344846278429,0.14365413691848516,0.015017889440059662,0.2560624545440078,2.2761368304491043,0.0001,0.4170722089707851
4727,0.4178619496524334,0.14357261080294847,0.014936268329620361,0.25935307145118713,2.0307538509368896,0.0001,0.4173757221549749
4728,0.4169974159449339,0.14372226037085056,0.014884456992149353,0.2583907004445791,2.016410693526268,0.0001,0.4171485694125295
4729,0.42007709108293056,0.14380651526153088,0.014860890805721283,0.26140968408435583,2.124314457178116,0.0001,0.4168653545901179
4730,0.4185236059129238,0.14372782222926617,0.014810651540756226,0.25998513400554657,2.234792970120907,0.0001,0.41698982641100885
4731,0.41467961855232716,0.14369585365056992,0.014922574162483215,0.2560611916705966,2.2497930750250816,0.0001,0.4167760362848639
4732,0.4184558931738138,0.14364454057067633,0.014965042471885681,0.25984630826860666,2.066224232316017,0.0001,0.41710248179733755
4733,0.41313745826482773,0.14375301450490952,0.014918021857738495,0.25446642003953457,2.08257969468832,0.0001,0.4168583979830146
4734,0.41561131924390793,0.1437960946932435,0.014834053814411163,0.25698116701096296,2.2228800132870674,0.0001,0.4168036600574851
4735,0.41621866822242737,0.14377883914858103,0.015026107430458069,0.2574137281626463,2.105559654533863,0.0001,0.41662975046783685
4736,0.42084190621972084,0.14369022008031607,0.014990769326686859,0.2621609140187502,2.2322984784841537,0.0001,0.4172404926270247
4737,0.419499896466732,0.14370113983750343,0.014831729233264923,0.26096702739596367,2.5583450496196747,0.0001,0.4174042873084545
4738,0.4158258195966482,0.1437978781759739,0.01467248797416687,0.25735545344650745,2.5564695596694946,0.0001,0.41728712767362597
4739,0.42356715351343155,0.14366051461547613,0.0147990882396698,0.26510754600167274,2.021279387176037,0.0001,0.41763613391667603
4740,0.4163842275738716,0.14360697660595179,0.01473475992679596,0.25804249197244644,2.097245156764984,0.0001,0.4174221960827708
4741,0.4147077091038227,0.14349861722439528,0.014793850481510162,0.25641523860394955,1.9221546202898026,0.0001,0.41742500513792036
4742,0.4225072804838419,0.14351741503924131,0.014795713126659393,0.26419415324926376,2.014350987970829,0.0001,0.4178301438689232
4743,0.42000485584139824,0.14360273070633411,0.014918997883796692,0.2614831244572997,1.9057100340723991,0.0001,0.41851688362658024
4744,0.4152618832886219,0.14354312419891357,0.01488678902387619,0.25683196913450956,2.0361883342266083,0.0001,0.41848194003105166
4745,0.41433142498135567,0.1435742164030671,0.014940254390239716,0.2558169551193714,1.8300764709711075,0.0001,0.41829321570694444
4746,0.4159315098077059,0.14380847569555044,0.01484343409538269,0.2572796009480953,2.1837251484394073,0.0001,0.417802176065743
4747,0.4202283900231123,0.14365914463996887,0.014784052968025208,0.26178518775850534,2.168517515063286,0.0001,0.417875025421381
4748,0.41674401238560677,0.14357725530862808,0.014767073094844818,0.25839968491345644,2.2430810555815697,0.0001,0.41796684470027684
4749,0.4134007338434458,0.14352830592542887,0.014883026480674744,0.2549894042313099,2.003332756459713,0.0001,0.41695020273327826
4750,0.41628438979387283,0.14390579611063004,0.014956176280975342,0.2574224164709449,2.325922913849354,0.0001,0.4169402189552784
4751,0.4148394539952278,0.1437139380723238,0.014825493097305298,0.25630002096295357,2.156114250421524,0.0001,0.4169533934444189
4752,0.41803498566150665,0.14360671024769545,0.014958806335926056,0.2594694700092077,2.0018341317772865,0.0001,0.41650616396218537
4753,0.4172446019947529,0.14353966619819403,0.014898605644702911,0.2588063254952431,2.0903731361031532,0.0001,0.41623013857752084
4754,0.414269233122468,0.14363831374794245,0.014875002205371857,0.2557559134438634,2.106596902012825,0.0001,0.41613087356090545
4755,0.41727806627750397,0.14362829457968473,0.014878146350383759,0.25877162255346775,2.2316553741693497,0.0001,0.41642553769052026
4756,0.41431074030697346,0.14380184561014175,0.014977231621742249,0.25553166307508945,2.51142031699419,0.0001,0.41626346074044707
4757,0.4185908790677786,0.14357518032193184,0.014844462275505066,0.26017123833298683,2.5168253257870674,0.0001,0.41609970964491366
4758,0.41544145718216896,0.14346642699092627,0.014738716185092926,0.25723631773144007,2.0998227521777153,0.0001,0.41596945412456987
4759,0.41750791296362877,0.1436382681131363,0.014959372580051422,0.2589102676138282,2.2303144931793213,0.0001,0.41638017203658817
4760,0.41152272559702396,0.14364026580005884,0.014864154160022736,0.2530183009803295,2.1932843551039696,0.0001,0.4159040056169033
4761,0.4173590801656246,0.14368440303951502,0.014857612550258636,0.25881706457585096,2.238553896546364,0.0001,0.41615596823394296
4762,0.41837766766548157,0.14377987571060658,0.014823198318481445,0.2597745982930064,2.4250741600990295,0.0001,0.4161902364343405
4763,0.4193891007453203,0.14369636215269566,0.014828108251094818,0.2608646284788847,2.270194433629513,0.0001,0.4164046863093972
4764,0.4133025463670492,0.14369948953390121,0.014813028275966644,0.25479002855718136,2.449403278529644,0.0001,0.41630801763385533
4765,0.420155830681324,0.14346879161894321,0.01487385481595993,0.2618131786584854,2.491259954869747,0.0001,0.41659579407423736
4766,0.41740219108760357,0.14367920067161322,0.014796771109104156,0.2589262183755636,2.5841997489333153,0.0001,0.41690493915230037
4767,0.4175249505788088,0.1435439046472311,0.014749579131603241,0.25923146586865187,2.523106575012207,0.0001,0.4167983463034034
4768,0.42136146128177643,0.14359234739094973,0.014764390885829926,0.2630047183483839,2.537368156015873,0.0001,0.4173903467133641
4769,0.4213603846728802,0.14380727149546146,0.014869175851345062,0.26268394105136395,2.4971688613295555,0.0001,0.41777559388428925
4770,0.4130831528455019,0.14366123639047146,0.01478894054889679,0.25463297590613365,2.2908114567399025,0.0001,0.41793163660913707
4771,0.41934311762452126,0.1436645220965147,0.014828883111476898,0.26084970962256193,2.0472217425704002,0.0001,0.4181300403550267
4772,0.4184903893619776,0.14370142947882414,0.014879994094371796,0.25990896485745907,2.5127339735627174,0.0001,0.41814131252467635
4773,0.41911132633686066,0.1436871150508523,0.014852695167064667,0.2605715161189437,2.498346768319607,0.0001,0.41811353508383037
4774,0.419767776504159,0.14363603107631207,0.014767654240131378,0.26136408653110266,2.227659434080124,0.0001,0.41876005809754135
4775,0.41619502753019333,0.14354278333485126,0.01482447236776352,0.25782777089625597,2.2489948123693466,0.0001,0.4183639777824283
4776,0.4149126373231411,0.14360092673450708,0.014905110001564026,0.2564065968617797,2.15202047675848,0.0001,0.41811502240598203
4777,0.4126622937619686,0.1436928827315569,0.015029855072498322,0.2539395596832037,1.9614548534154892,0.0001,0.417628756724298
4778,0.4114353135228157,0.14366590976715088,0.01492464542388916,0.2528447574004531,2.208182044327259,0.0001,0.41663614194840193
4779,0.41470526345074177,0.14377435203641653,0.01485402137041092,0.2560768872499466,2.3285588324069977,0.0001,0.4159706298261881
4780,0.42262439616024494,0.14345578663051128,0.014984950423240662,0.26418366469442844,1.9660215973854065,0.0001,0.4169247541576624
4781,0.41715507209300995,0.1436522239819169,0.014914378523826599,0.25858846865594387,2.2299493178725243,0.0001,0.41670594960451124
4782,0.4159738849848509,0.14359682332724333,0.01487637311220169,0.2575006866827607,2.345520466566086,0.0001,0.4164542991667986
4783,0.4181081149727106,0.1435165274888277,0.014963209629058838,0.25962838158011436,2.3870269507169724,0.0001,0.4163539780303836
4784,0.4173755031079054,0.14348740689456463,0.014869526028633118,0.25901856925338507,2.212178908288479,0.0001,0.4161147506907582
4785,0.41666106320917606,0.1434228466823697,0.014874957501888275,0.25836325995624065,1.97288166731596,0.0001,0.4161613542586565
4786,0.4157581999897957,0.14359541330486536,0.014899484813213348,0.2572633055970073,1.9638627171516418,0.0001,0.41624591052532195
4787,0.4194979164749384,0.14353818725794554,0.014871232211589813,0.26108849607408047,2.1211449801921844,0.0001,0.41692947279661896
4788,0.41558582708239555,0.14363406877964735,0.014892347157001495,0.257059408351779,2.356704503297806,0.0001,0.41734452415257695
4789,0.41406077705323696,0.14371024817228317,0.014792531728744507,0.25555799528956413,2.41661274433136,0.0001,0.4172800755128264
4790,0.4176911562681198,0.1433578822761774,0.014851763844490051,0.25948151107877493,2.090334892272949,0.0001,0.41678675152361394
4791,0.4195191450417042,0.14340228587388992,0.014852195978164673,0.26126466412097216,1.8231919556856155,0.0001,0.41702315881848334
4792,0.4148288071155548,0.1438316749408841,0.014893949031829834,0.25610318407416344,2.2322628796100616,0.0001,0.4169086510315537
4793,0.415157675743103,0.1435021534562111,0.014827162027359009,0.25682836025953293,2.1515688002109528,0.0001,0.41661360710859296
4794,0.4185066483914852,0.14343495666980743,0.014943577349185944,0.2601281190291047,2.1594125255942345,0.0001,0.41672672163695096
4795,0.4175261463969946,0.14353804104030132,0.014851376414299011,0.2591367308050394,2.44598176330328,0.0001,0.41681322995573283
4796,0.41742964275181293,0.1436712173745036,0.014822758734226227,0.2589356657117605,2.529091849923134,0.0001,0.41698037423193457
4797,0.41933404467999935,0.14369230531156063,0.0147295743227005,0.2609121687710285,2.504208855330944,0.0001,0.41696398705244064
4798,0.42119274847209454,0.1435872782021761,0.014725223183631897,0.2628802489489317,2.309434436261654,0.0001,0.41752467919141056
4799,0.4133610464632511,0.1436632862314582,0.014735162258148193,0.2549625998362899,2.2389117777347565,0.0001,0.417454706132412
4800,0.416505204513669,0.1435406981036067,0.014862999320030212,0.2581015080213547,2.143135204911232,0.0001,0.4173361109569669
4801,0.4177771657705307,0.14369584433734417,0.01481475681066513,0.259266565553844,2.1084118485450745,0.0001,0.4171619130298495
4802,0.41670785658061504,0.1434904020279646,0.014845326542854309,0.2583721252158284,2.125468388199806,0.0001,0.41734981797635556
4803,0.42001838237047195,0.14355846587568521,0.014929600059986115,0.26153031550347805,1.9430465996265411,0.0001,0.41783588863909243
4804,0.41711967065930367,0.14360157493501902,0.015015661716461182,0.25850243400782347,2.0660476088523865,0.0001,0.4176971908658743
4805,0.4179602339863777,0.143586415797472,0.015086062252521515,0.25928775407373905,2.277898356318474,0.0001,0.4177405996248126
4806,0.4191699158400297,0.1438107043504715,0.014888457953929901,0.2604707470163703,2.221410349011421,0.0001,0.4179146269336343
4807,0.4191040489822626,0.14368016831576824,0.014962151646614075,0.2604617290198803,2.0936766788363457,0.0001,0.4178916273638606
4808,0.41584720090031624,0.14373336639255285,0.014872051775455475,0.25724178180098534,2.1002638936042786,0.0001,0.41735707260668276
4809,0.41763987205922604,0.14357006456702948,0.014840707182884216,0.25922909565269947,2.106715716421604,0.0001,0.4177849551662803
4810,0.41778990998864174,0.14345969539135695,0.014823205769062042,0.25950700882822275,2.1912455707788467,0.0001,0.41791342571377754
4811,0.41841036081314087,0.1433425210416317,0.014814376831054688,0.2602534629404545,2.151140831410885,0.0001,0.41797674521803857
4812,0.42146711610257626,0.14360689371824265,0.014861337840557098,0.26299889106303453,2.302892781794071,0.0001,0.41845267117023466
4813,0.4151350408792496,0.14365405030548573,0.014930114150047302,0.2565508736297488,2.1845975443720818,0.0001,0.41796433702111246
4814,0.42379144579172134,0.14352550450712442,0.015000171959400177,0.2652657674625516,2.0217037424445152,0.0001,0.4186315145343542
4815,0.4163297489285469,0.14362297765910625,0.014858454465866089,0.2578483186662197,2.1596556454896927,0.0001,0.41846846602857113
4816,0.4163693003356457,0.14368679746985435,0.014799162745475769,0.2578833429142833,2.152476981282234,0.0001,0.4181884044781327
4817,0.417054133489728,0.14359916001558304,0.01477447897195816,0.25868049170821905,2.4331509321928024,0.0001,0.41798341292887925
4818,0.41286088712513447,0.14348536729812622,0.014666102826595306,0.25470941700041294,2.4521329924464226,0.0001,0.4176847815513611
4819,0.4139302484691143,0.14352628216147423,0.014883957803249359,0.2555200085043907,2.3574509769678116,0.0001,0.4173138191923499
4820,0.41590786166489124,0.14355694968253374,0.01486176997423172,0.25748913548886776,2.136082760989666,0.0001,0.41712561435997486
4821,0.41431800834834576,0.14361630752682686,0.014901667833328247,0.2558000385761261,2.1194307133555412,0.0001,0.41671637911349535
4822,0.4180155638605356,0.14342866651713848,0.014830626547336578,0.2597562689334154,1.9049398675560951,0.0001,0.41637122388929126
4823,0.41640112176537514,0.1436306368559599,0.014955006539821625,0.2578154793009162,2.0355802550911903,0.0001,0.41649783197790385
4824,0.4175397139042616,0.1437394917011261,0.014835946261882782,0.2589642768725753,2.3346064761281013,0.0001,0.41587265878915786
4825,0.4156211446970701,0.14349067490547895,0.014772951602935791,0.2573575135320425,2.175896778702736,0.0001,0.41580179836601017
4826,0.4184228889644146,0.1434574956074357,0.014889150857925415,0.2600762415677309,1.9521897360682487,0.0001,0.4160071572288871
4827,0.4158048778772354,0.14342281222343445,0.014940261840820312,0.2574418056756258,1.8484093770384789,0.0001,0.4158822316676378
4828,0.41841250099241734,0.1436488777399063,0.014754727482795715,0.26000890135765076,2.2530076131224632,0.0001,0.4164373930543661
4829,0.4159603416919708,0.1433850135654211,0.01487056165933609,0.2577047636732459,2.0203105583786964,0.0001,0.4166404023766518
4830,0.4219925720244646,0.14373374357819557,0.014834687113761902,0.26342414040118456,2.0565428137779236,0.0001,0.4172488734126091
4831,0.4183061309158802,0.1435852125287056,0.014801040291786194,0.25991987716406584,2.028209410607815,0.0001,0.41764768566936256
4832,0.4173327963799238,0.14356959238648415,0.014815889298915863,0.2589473146945238,2.3152845576405525,0.0001,0.41757940892130135
4833,0.4186241030693054,0.14345373585820198,0.01475999504327774,0.260410369373858,2.2309794649481773,0.0001,0.4178017070516944
4834,0.41647854819893837,0.14350804965943098,0.014868505299091339,0.2581019941717386,2.3695660904049873,0.0001,0.41769559048116206
4835,0.4181260000914335,0.14352152030915022,0.014772266149520874,0.2598322154954076,2.562227353453636,0.0001,0.4179460760205984
4836,0.4161697290837765,0.14353584125638008,0.014802798628807068,0.2578310901299119,2.4304529428482056,0.0001,0.4177207600325346
4837,0.41591642796993256,0.1435029711574316,0.014814749360084534,0.25759870652109385,2.263937570154667,0.0001,0.4177319150418043
4838,0.4186151884496212,0.14347221609205008,0.014836691319942474,0.2603062791749835,2.016503557562828,0.0001,0.4177521837875247
4839,0.4163677077740431,0.14341883175075054,0.014835909008979797,0.2581129651516676,2.2320074886083603,0.0001,0.4177929203957319
4840,0.41257222183048725,0.14356557838618755,0.014707684516906738,0.25429896265268326,2.2509080693125725,0.0001,0.4168508853763342
4841,0.4184943698346615,0.14335400238633156,0.014925643801689148,0.2602147199213505,2.094584122300148,0.0001,0.4168697092682123
4842,0.41384914331138134,0.14349297154694796,0.014845751225948334,0.2555104233324528,2.032008208334446,0.0001,0.4165213439613581
4843,0.41648022271692753,0.14372090622782707,0.014825023710727692,0.25793429650366306,2.290117934346199,0.0001,0.41630695592612027
4844,0.4185860212892294,0.14357219077646732,0.014968059957027435,0.26004577334970236,2.236257143318653,0.0001,0.41651770323514936
4845,0.41762518137693405,0.14342779386788607,0.014848224818706512,0.2593491654843092,2.0352638438344,0.0001,0.4164676213636994
4846,0.42115754447877407,0.14361301064491272,0.014692217111587524,0.262852318584919,2.161678209900856,0.0001,0.4169664029031992
4847,0.41541092842817307,0.14367662835866213,0.01473727822303772,0.2569970218464732,2.193432956933975,0.0001,0.4169158529490232
4848,0.41578985191881657,0.14365096297115088,0.014775626361370087,0.25736326444894075,2.097839392721653,0.0001,0.4166333192959428
4849,0.4134198110550642,0.14374258182942867,0.014780014753341675,0.25489721074700356,2.0389301776885986,0.0001,0.4163385296240449
4850,0.41983445174992085,0.14362899120897055,0.014905959367752075,0.26129950024187565,2.031637690961361,0.0001,0.41706475261598824
4851,0.41437906958162785,0.143595308996737,0.014907389879226685,0.25587636791169643,2.106175698339939,0.0001,0.4166532225906849
4852,0.4147117342799902,0.1436860216781497,0.014889724552631378,0.2561359843239188,2.2409268617630005,0.0001,0.41673948168754577
4853,0.41422900557518005,0.14354047644883394,0.01484624296426773,0.25584228709340096,2.4466716200113297,0.0001,0.41651435997337105
4854,0.41475450806319714,0.14346122462302446,0.014757327735424042,0.25653595570474863,2.2548495307564735,0.0001,0.4161312086507678
4855,0.417099479585886,0.1436595842242241,0.014863118529319763,0.2585767777636647,2.142777681350708,0.0001,0.416078638471663
4856,0.4168038871139288,0.14360291603952646,0.015008918941020966,0.25819205213338137,2.1804846450686455,0.0001,0.4156432727351785
4857,0.4158181268721819,0.14352809451520443,0.014872580766677856,0.25741744972765446,2.3527515307068825,0.0001,0.41568399257957933
4858,0.41653324477374554,0.14342205878347158,0.014807499945163727,0.2583036907017231,1.9441552981734276,0.0001,0.4157583318650723
4859,0.4177864920347929,0.14348604064434767,0.01485307514667511,0.2594473762437701,1.7718006148934364,0.0001,0.4161949999630451
4860,0.416064715012908,0.14339566323906183,0.014714688062667847,0.2579543609172106,1.9568880423903465,0.0001,0.41581802628934383
4861,0.4149098750203848,0.14346801303327084,0.014744006097316742,0.25669785123318434,2.1081557869911194,0.0001,0.41587110683321954
4862,0.4131181985139847,0.14346483629196882,0.014885328710079193,0.2547680288553238,2.221145376563072,0.0001,0.41571175325661897
4863,0.42016911692917347,0.14341780822724104,0.01479494571685791,0.2619563601911068,1.8529620617628098,0.0001,0.41630576439201833
4864,0.41448673233389854,0.14364678133279085,0.015031501650810242,0.25580845028162,2.1072173416614532,0.0001,0.4162789868190885
4865,0.4155238289386034,0.14351601619273424,0.01488550752401352,0.25712229683995247,2.1463121697306633,0.0001,0.4161214217543602
4866,0.41803270392119884,0.1435607811436057,0.014913074672222137,0.25955884624272585,2.0696490556001663,0.0001,0.4162443034350872
4867,0.41543274745345116,0.14350110199302435,0.014845967292785645,0.25708567444235086,2.1523385271430016,0.0001,0.41620576549321414
4868,0.41529701463878155,0.14359829388558865,0.014795392751693726,0.2569033242762089,2.278045155107975,0.0001,0.41608214247971775
4869,0.4163366910070181,0.14393301028758287,0.014875262975692749,0.2575284168124199,2.1348292380571365,0.0001,0.41593716237694023
4870,0.42190285213291645,0.14370113890618086,0.014842279255390167,0.26335943304002285,2.443453185260296,0.0001,0.4165209760889411
4871,0.4161273930221796,0.14349127188324928,0.014885284006595612,0.2577508417889476,2.2469654753804207,0.0001,0.4166427278891206
4872,0.4113640524446964,0.14349208027124405,0.014915831387043,0.2529561361297965,2.0642997846007347,0.0001,0.4164673132821918
4873,0.42271139472723007,0.14357254654169083,0.014882095158100128,0.2642567493021488,2.0105938613414764,0.0001,0.41672154106199744
4874,0.41315379180014133,0.14357876777648926,0.014734536409378052,0.25484048668295145,2.4794923067092896,0.0001,0.4165882470086217
4875,0.4146250393241644,0.1436309190467,0.014834500849246979,0.25615962222218513,2.2327170446515083,0.0001,0.41649836804717777
4876,0.42089978978037834,0.14352325070649385,0.014984287321567535,0.26239224895834923,1.983299046754837,0.0001,0.4167850766330957
4877,0.4126049391925335,0.14356072433292866,0.0147780179977417,0.2542661987245083,2.511680319905281,0.0001,0.416502295807004
4878,0.41876932606101036,0.1435326961800456,0.014806561172008514,0.26043006405234337,2.5507402792572975,0.0001,0.41684952694922683
4879,0.4167178813368082,0.14373618178069592,0.014829792082309723,0.25815190654248,2.389727972447872,0.0001,0.41688764598220585
4880,0.42566167190670967,0.1434807749465108,0.014692284166812897,0.2674886155873537,2.248077929019928,0.0001,0.4172635279595852
4881,0.41795593686401844,0.14354338496923447,0.01459578424692154,0.25981677137315273,2.5695668160915375,0.0001,0.4174463823437691
4882,0.4196071960031986,0.14364753384143114,0.014801576733589172,0.261158081702888,2.3720291033387184,0.0001,0.4182706966996193
4883,0.4087409693747759,0.1437068758532405,0.014774441719055176,0.25025965087115765,2.369251936674118,0.0001,0.4168736541643739
4884,0.421199306845665,0.14349228236824274,0.014808118343353271,0.26289890985935926,2.0765492916107178,0.0001,0.4176782056689262
4885,0.4158141855150461,0.1435337606817484,0.014843769371509552,0.25743665639311075,2.0316858664155006,0.0001,0.4177971202880144
4886,0.41961491107940674,0.14350216835737228,0.014987856149673462,0.2611248902976513,1.8290120884776115,0.0001,0.41766863241791724
4887,0.4221125300973654,0.14386523328721523,0.01476750522851944,0.2634797915816307,2.472467139363289,0.0001,0.41861939150840044
4888,0.4146316386759281,0.1433795439079404,0.014753416180610657,0.2564986729994416,2.233645088970661,0.0001,0.4182056227698922
4889,0.4107237532734871,0.1437382074072957,0.014850817620754242,0.25213473103940487,2.4440707191824913,0.0001,0.4176062099635601
4890,0.4184726271778345,0.14319336414337158,0.014791131019592285,0.2604881301522255,2.3751439303159714,0.0001,0.4168873054906726
4891,0.41652636229991913,0.14333125948905945,0.014865517616271973,0.25832958426326513,2.125352866947651,0.0001,0.41674434803426263
4892,0.416956664994359,0.14367768820375204,0.014896348118782043,0.25838262494653463,2.377071723341942,0.0001,0.4164792949333787
4893,0.4170722961425781,0.14362987130880356,0.014923930168151855,0.258518498390913,2.0247665271162987,0.0001,0.4173124276101589
4894,0.415010804310441,0.14360771793872118,0.01482526957988739,0.25657782051712275,2.296518810093403,0.0001,0.41669357735663654
4895,0.4132958594709635,0.14358059410005808,0.01476980745792389,0.25494545698165894,2.2860516235232353,0.0001,0.4164417447522283
4896,0.4138170201331377,0.14350569527596235,0.014760322868824005,0.25555100105702877,2.2268887162208557,0.0001,0.41586195565760137
4897,0.41732331924140453,0.14338161423802376,0.014893561601638794,0.2590481424704194,1.9832132309675217,0.0001,0.41538303457200526
4898,0.42103069089353085,0.14339820388704538,0.014942914247512817,0.2626895708963275,1.9161879867315292,0.0001,0.41602293979376553
4899,0.4156900383532047,0.14352782350033522,0.014831125736236572,0.2573310835286975,1.812590129673481,0.0001,0.4165195683017373
4900,0.4162782970815897,0.14340149518102407,0.014872647821903229,0.2580041578039527,1.9643943458795547,0.0001,0.41630013529211285
4901,0.4196465965360403,0.1435478013008833,0.01474153995513916,0.26135725528001785,1.7899698913097382,0.0001,0.41661215871572493
4902,0.41841644048690796,0.143674504943192,0.0147852823138237,0.25995665322989225,2.207107439637184,0.0001,0.4167581362649798
4903,0.414217259734869,0.14350188057869673,0.014875158667564392,0.255840215831995,2.3549408689141273,0.0001,0.4164726326242089
4904,0.4133663587272167,0.14373070932924747,0.014761842787265778,0.25487380381673574,2.247944377362728,0.0001,0.4163081880658865
4905,0.4175605121999979,0.14356442727148533,0.014742955565452576,0.2592531284317374,2.104541316628456,0.0001,0.41673465333878995
4906,0.41128430515527725,0.14357948955148458,0.014807648956775665,0.252897166647017,2.1546051278710365,0.0001,0.4164813818410039
4907,0.4221775270998478,0.1436142772436142,0.014872543513774872,0.2636907044798136,2.6356061547994614,0.0001,0.4169668026268482
4908,0.4189221430569887,0.14348151441663504,0.014714822173118591,0.26072580460458994,2.3044848814606667,0.0001,0.41675594784319403
4909,0.4159982595592737,0.1437948839738965,0.014669299125671387,0.2575340736657381,2.6103108152747154,0.0001,0.41678676996380093
4910,0.4233570136129856,0.14362727385014296,0.014713048934936523,0.26501669082790613,2.4500219747424126,0.0001,0.4174946416169405
4911,0.41815686598420143,0.1435617571696639,0.014794260263442993,0.25980084855109453,2.1891835927963257,0.0001,0.4173456685617566
4912,0.41830635257065296,0.1434200219810009,0.014759421348571777,0.26012690644711256,1.9155548885464668,0.0001,0.4173346597701311
4913,0.4193230364471674,0.14353429526090622,0.014874450862407684,0.26091428752988577,1.986257329583168,0.0001,0.41784523744136093
4914,0.41696050949394703,0.1434710742905736,0.014888830482959747,0.25860060285776854,2.0671090483665466,0.0001,0.41820465251803396
4915,0.41833016462624073,0.14335166290402412,0.014808505773544312,0.2601699884980917,1.9521390199661255,0.0001,0.41828161776065825
4916,0.4161247778683901,0.14342055283486843,0.014747858047485352,0.25795636512339115,1.930557169020176,0.0001,0.41876566503196955
4917,0.41600277833640575,0.14338510762900114,0.014910876750946045,0.2577067920938134,1.8173838555812836,0.0001,0.4181481901556253
4918,0.42013831064105034,0.1434439131990075,0.014771424233913422,0.26192297600209713,2.0961358323693275,0.0001,0.4182698069140315
4919,0.4189109392464161,0.14367772173136473,0.01475735753774643,0.26047585904598236,2.3899043276906013,0.0001,0.41856107488274574
4920,0.41630785912275314,0.14348513353616,0.01479744166135788,0.25802528485655785,2.270730182528496,0.0001,0.4178561594337225
4921,0.41716918535530567,0.143734491430223,0.014758579432964325,0.25867611169815063,2.2826339453458786,0.0001,0.4177573913708329
4922,0.41927788965404034,0.1434691557660699,0.01487058401107788,0.26093814894557,2.3636949956417084,0.0001,0.41785454507917164
4923,0.41363765113055706,0.14352371264249086,0.014963015913963318,0.2551509216427803,2.3427173420786858,0.0001,0.41728600654751064
4924,0.4143097847700119,0.143416129052639,0.014853425323963165,0.256040227599442,2.061773121356964,0.0001,0.4170209340751171
4925,0.41772411204874516,0.14348881412297487,0.0147966668009758,0.2594386264681816,1.9869887307286263,0.0001,0.41696032881736755
4926,0.41301301680505276,0.14331357181072235,0.014768309891223907,0.2549311360344291,1.9533572047948837,0.0001,0.4166491527110338
4927,0.41618372313678265,0.1437031114473939,0.014752596616744995,0.25772801507264376,1.9757537692785263,0.0001,0.4166672471910715
4928,0.4180420655757189,0.14367696922272444,0.014786839485168457,0.25957825873047113,2.1062957271933556,0.0001,0.41645762268453834
4929,0.4179760552942753,0.14346636645495892,0.014823220670223236,0.2596864625811577,1.9383410215377808,0.0001,0.4163641342893243
4930,0.414653642103076,0.14362797793000937,0.014949925243854523,0.25607573706656694,2.293253980576992,0.0001,0.4161987125873566
4931,0.41407282277941704,0.14341442752629519,0.015112005174160004,0.255546385422349,2.3649978935718536,0.0001,0.4158890763297677
4932,0.4175991974771023,0.14323930256068707,0.014936178922653198,0.25942371413111687,2.355620428919792,0.0001,0.4157212071120739
4933,0.41427500173449516,0.14340056292712688,0.014887765049934387,0.2559866737574339,2.3663779944181442,0.0001,0.4157849421724677
4934,0.41744632460176945,0.1433753939345479,0.014925919473171234,0.25914500746876,2.4287389293313026,0.0001,0.4160985961556435
4935,0.4214697778224945,0.143564622849226,0.014675378799438477,0.26322977244853973,2.2205283120274544,0.0001,0.4164731627330184
4936,0.4203214254230261,0.1434672698378563,0.014707908034324646,0.2621462419629097,2.160017691552639,0.0001,0.41720400359481574
4937,0.415856696665287,0.143583370372653,0.0147775337100029,0.25749579165130854,1.977010890841484,0.0001,0.4171713009476662
4938,0.4193809423595667,0.14358356781303883,0.014919646084308624,0.2608777228742838,2.2031038776040077,0.0001,0.4173051886260509
4939,0.41734963096678257,0.1434949105605483,0.014768093824386597,0.25908663030713797,2.109027698636055,0.0001,0.4172425461933017
4940,0.4127674996852875,0.1434331052005291,0.01483491063117981,0.25449948478490114,1.853122130036354,0.0001,0.41705393195152285
4941,0.4169864524155855,0.1434763064607978,0.014857172966003418,0.25865297578275204,2.1180375814437866,0.0001,0.41734529491513966
4942,0.4158564805984497,0.14340138342231512,0.014882758259773254,0.2575723370537162,2.266693577170372,0.0001,0.4171710232272744
4943,0.41492173448204994,0.1435361308977008,0.014955617487430573,0.25642998795956373,1.9436538070440292,0.0001,0.4172356965020299
4944,0.41580452024936676,0.143609338440001,0.014833018183708191,0.25736216362565756,1.9285541027784348,0.0001,0.4170715160667896
4945,0.4197619166225195,0.14379053935408592,0.014789514243602753,0.2611818667501211,1.9732505232095718,0.0001,0.4169007299467921
4946,0.4169871639460325,0.14336274284869432,0.014879703521728516,0.2587447129189968,1.957122266292572,0.0001,0.4165673037990928
4947,0.42112242616713047,0.1435486664995551,0.01480007916688919,0.2627736832946539,1.9782544746994972,0.0001,0.4170938767492771
4948,0.4173890929669142,0.143422469496727,0.014682374894618988,0.2592842495068908,1.9468074962496758,0.0001,0.4168946918100119
4949,0.4169908631592989,0.14366908371448517,0.014739103615283966,0.25858267303556204,2.2267476320266724,0.0001,0.4168588150292635
4950,0.4114177729934454,0.143308749422431,0.014798089861869812,0.25331093464046717,2.134360633790493,0.0001,0.4167238423600793
4951,0.4162868317216635,0.14357642643153667,0.01487470418214798,0.25783570017665625,2.2247645631432533,0.0001,0.41665388029068706
4952,0.4194792378693819,0.14351862762123346,0.01471015065908432,0.26125045865774155,2.541858419775963,0.0001,0.4170161560177803
4953,0.41548484563827515,0.14336663391441107,0.014766111969947815,0.2573520978912711,2.552916184067726,0.0001,0.41707246713340285
4954,0.4238099157810211,0.14350053202360868,0.0148690864443779,0.26544030010700226,2.3789666146039963,0.0001,0.41787300668656824
4955,0.4180290699005127,0.14367253053933382,0.014822512865066528,0.2595340320840478,2.2256721928715706,0.0001,0.41769972201436756
4956,0.4200324658304453,0.1435561329126358,0.014760605990886688,0.2617157269269228,2.32133986055851,0.0001,0.41800425220280885
4957,0.4182123374193907,0.14335973002016544,0.01484014093875885,0.2600124618038535,2.0889515355229378,0.0001,0.4177132433280349
4958,0.4192117229104042,0.14349221717566252,0.01472397893667221,0.2609955267980695,2.227335900068283,0.0001,0.41789550632238387
4959,0.4140964299440384,0.1435164688155055,0.014705799520015717,0.25587415881454945,2.06354009360075,0.0001,0.41760606300085784
4960,0.41755267418920994,0.143290757201612,0.014794565737247467,0.2594673465937376,1.9310385510325432,0.0001,0.4182195531204343
4961,0.4133604560047388,0.1433925600722432,0.014811478555202484,0.2551564136520028,1.8786454945802689,0.0001,0.41792691554874184
4962,0.4160287082195282,0.14343581162393093,0.014730259776115417,0.2578626424074173,2.1536567136645317,0.0001,0.41758186258375646
4963,0.41747115924954414,0.14335600938647985,0.014939680695533752,0.2591754710301757,1.8258622661232948,0.0001,0.41778049394488337
4964,0.4193248152732849,0.14349581021815538,0.01489318162202835,0.2609358271583915,2.1891761049628258,0.0001,0.41733198389410975
4965,0.4170688446611166,0.14357298333197832,0.01476956158876419,0.25872629694640636,2.358953610062599,0.0001,0.4172359613701701
4966,0.42035810090601444,0.1435460550710559,0.014866478741168976,0.26194557175040245,2.439599931240082,0.0001,0.41726852487772703
4967,0.41361416317522526,0.14336956106126308,0.014822117984294891,0.2554224831983447,2.141123302280903,0.0001,0.4168087074533105
4968,0.41577520966529846,0.1434997683390975,0.014840446412563324,0.2574349930509925,2.129148706793785,0.0001,0.4164650561287999
4969,0.41684266179800034,0.14343180414289236,0.01482565701007843,0.25858520064502954,1.9736612886190414,0.0001,0.4167396793141961
4970,0.4139459580183029,0.14360941387712955,0.014869168400764465,0.2554673748090863,2.406439855694771,0.0001,0.4163790076971054
4971,0.41781230457127094,0.14340144954621792,0.014767125248908997,0.2596437269821763,2.088598385453224,0.0001,0.41682419255375863
4972,0.4177076891064644,0.14340218342840672,0.014613568782806396,0.2596919350326061,2.069803722202778,0.0001,0.41699209064245224
4973,0.41338323801755905,0.14336637128144503,0.014817506074905396,0.25519935693591833,2.0595428943634033,0.0001,0.41658329851925374
4974,0.41365776024758816,0.14351767767220736,0.01475224643945694,0.2553878305479884,2.0756664723157883,0.0001,0.41601659301668403
4975,0.4143486227840185,0.14354381151497364,0.014757044613361359,0.2560477675870061,1.9832355380058289,0.0001,0.41574457082897426
4976,0.41858859919011593,0.14344246592372656,0.014868155121803284,0.26027797255665064,2.109914757311344,0.0001,0.4155676206573844
4977,0.42353157699108124,0.143450565636158,0.014890022575855255,0.265190988779068,2.1858537420630455,0.0001,0.41655936203897
4978,0.4161332529038191,0.14361034519970417,0.014860972762107849,0.25766193866729736,2.4837594479322433,0.0001,0.41659516636282207
4979,0.420179583132267,0.1436585308983922,0.014891088008880615,0.2616299670189619,2.4738787785172462,0.0001,0.4169288584962487
4980,0.41313307732343674,0.1434049615636468,0.014634065330028534,0.2550940504297614,2.0004193261265755,0.0001,0.4168475704267621
4981,0.4164501614868641,0.1433737501502037,0.014723166823387146,0.2583532454445958,1.9106949865818024,0.0001,0.41671135611832144
4982,0.4182557016611099,0.14368352107703686,0.014789044857025146,0.25978313386440277,2.1108235716819763,0.0001,0.416766157373786
4983,0.41280594654381275,0.143499911762774,0.014690019190311432,0.25461601838469505,1.9854582399129868,0.0001,0.41670842822641135
4984,0.41875410452485085,0.14336204808205366,0.014778099954128265,0.26061395183205605,1.968224361538887,0.0001,0.41721806265413763
4985,0.41902987845242023,0.1436467058956623,0.014875523746013641,0.2605076488107443,2.2538406997919083,0.0001,0.4176861882209778
4986,0.4180659241974354,0.1434443946927786,0.014684028923511505,0.25993749778717756,2.2891673743724823,0.0001,0.41763392072170974
4987,0.41585085168480873,0.14340742770582438,0.01474231481552124,0.25770111195743084,1.9831449687480927,0.0001,0.41686584819108247
4988,0.4215450547635555,0.1434166757389903,0.014648601412773132,0.2634797766804695,1.8782959580421448,0.0001,0.4174070283770561
4989,0.4148566909134388,0.1433584401383996,0.014688000082969666,0.2568102478981018,1.9975036531686783,0.0001,0.4168747391551733
4990,0.4154352452605963,0.14339190628379583,0.01476828008890152,0.2572750588878989,2.271482788026333,0.0001,0.41710495594888924
4991,0.4152133222669363,0.14356067217886448,0.01478489488363266,0.25686775520443916,2.1929033026099205,0.0001,0.4169812720268965
4992,0.41609833762049675,0.14340978767722845,0.014851130545139313,0.25783741660416126,2.0005413964390755,0.0001,0.41676553562283514
4993,0.4166625887155533,0.1433311952278018,0.01492462307214737,0.2584067638963461,1.9256370663642883,0.0001,0.4171511998400092
4994,0.41542570292949677,0.14337574131786823,0.0147329643368721,0.2573169944807887,1.9527034312486649,0.0001,0.4168183596804738
4995,0.4190253000706434,0.14347073156386614,0.014764934778213501,0.26078963559120893,1.8017022609710693,0.0001,0.4168179018422961
4996,0.41410160437226295,0.14328546542674303,0.01486583799123764,0.25595029909163713,1.814105398952961,0.0001,0.4164214698597789
4997,0.42221033945679665,0.14357946068048477,0.01485423743724823,0.2637766385450959,2.1539345756173134,0.0001,0.41705741863697765
4998,0.4173765927553177,0.14355757553130388,0.014806628227233887,0.2590123964473605,2.2479387894272804,0.0001,0.4166405724361539
4999,0.413797065615654,0.14347101841121912,0.014835812151432037,0.25549023412168026,2.355155311524868,0.0001,0.4165346099063754
