step,train/total_loss,train/recon_loss_weighted,train/mmd_loss,train/triplet_loss_weighted,train/grad_norm,train/lr,train/smooth_total_loss
0,1.6478828907496548,1.1045240705443686,0.01936214787481281,0.5239966723909243,0.2839065018822165,0.0001,1.6478828907496548
1,1.5326968946514943,1.0132057440691982,0.01965379424801221,0.4998373572410483,0.2454870836488132,0.0001,1.5902898927005746
2,1.490297980772796,0.9927460320339242,0.01746576117695466,0.48008618738056436,0.2624985868711984,0.0001,1.5569592553913152
3,1.4855440574533798,0.9837487474174577,0.01673977104210225,0.48505553748254604,0.2671215260971874,0.0001,1.5391054559068313
4,1.4738669924997172,0.9761300258655818,0.01659425905703531,0.4811427095719815,0.2495583292195086,0.0001,1.5260577632254084
5,1.4652691999748804,0.9660653228933864,0.016577640363217367,0.48262623357482665,0.2344710404472709,0.0001,1.515926336016987
6,1.4449216944692584,0.956572753299806,0.016427230883321705,0.47192171415499207,0.2283539633147615,0.0001,1.5057828157958828
7,1.4229062527236784,0.949441883796127,0.016262148021442654,0.4572022207852068,0.21489022484778392,0.0001,1.4954232454118574
8,1.3952134383377632,0.943949598932363,0.016055745237013874,0.4352080930198182,0.2093285798996264,0.0001,1.4842888224036246
9,1.3850277570391765,0.9397959365806038,0.015883634104931814,0.4293481849330434,0.20788164841838588,0.0001,1.47436271586718
10,1.3717694248679202,0.9345343002924813,0.01574462446673163,0.42149049829517854,0.20846312459837835,0.0001,1.4467513692790066
11,1.3609756608521963,0.9276679299665996,0.015610648217114184,0.41769708018999313,0.20298768599606432,0.0001,1.4295792458990766
12,1.3510769842604353,0.9207518722174376,0.015525889928635912,0.41479922265842045,0.2044012046458755,0.0001,1.4156571462478404
13,1.338184670550828,0.9118709031031533,0.015428958026197329,0.41088480851471304,0.19957025729981204,0.0001,1.4009212075575854
14,1.325753371807431,0.9072810890224836,0.01535593181788075,0.4031163501812043,0.19692405080517214,0.0001,1.3861098454883567
15,1.3163868258981144,0.9021902581257463,0.015249610189008422,0.39894695292863597,0.19490449316421823,0.0001,1.3712216080806803
16,1.3132089852803135,0.8981872654348068,0.015186417417158704,0.39983530273060286,0.19432881421600345,0.0001,1.3580503371617856
17,1.3016191491248883,0.8935726049222037,0.015111870020930231,0.39293467327499004,0.19583450123274787,0.0001,1.3459216268019067
18,1.3025763610313679,0.8897270686002581,0.015037973318815715,0.3978113183566571,0.18743647554885542,0.0001,1.3366579190712673
19,1.2951865232498603,0.8866394020722798,0.015008391279719663,0.39353872953515506,0.18781139075937425,0.0001,1.3276737956923357
20,1.2880365348007325,0.8829188240469107,0.014963989083713741,0.39015371852665837,0.1862239512722584,0.0001,1.3193005066856167
21,1.2847875371182425,0.8809381835842713,0.014881229303913232,0.38896812241652917,0.1860109002879135,0.0001,1.3116816943122216
22,1.2769246664782326,0.8781733786116749,0.014864864504119687,0.38388642200229134,0.1855220330263248,0.0001,1.304266462534001
23,1.2765931108660438,0.8751116315201378,0.014824533559245947,0.38665694497057196,0.18232563592901577,0.0001,1.2981073065655226
24,1.2711893615084293,0.8730917990086771,0.014776750220246538,0.38332081333739765,0.18445592347917886,0.0001,1.2926509055356226
25,1.270521254616867,0.8709010069558877,0.01478381476102446,0.3848364332022096,0.18164722287449345,0.0001,1.2880643484074978
26,1.2631825520590885,0.8697884366913693,0.014757789414504478,0.3786363273435867,0.18172899783262134,0.0001,1.2830617050853754
27,1.2627553366744253,0.8667091194079324,0.014725420344432034,0.38132079746611947,0.18045991149865107,0.0001,1.279175323840329
28,1.259540322344395,0.8646509702984266,0.014692199399456774,0.38019715313011926,0.17809349112590475,0.0001,1.2748717199716317
29,1.2537295300868656,0.8637605517437685,0.014648153380496506,0.3753208282571777,0.17886381144455915,0.0001,1.2707260206553321
30,1.2539332345823246,0.8621627191501021,0.014634408767034751,0.37713610690699145,0.17751144756833148,0.0001,1.2673156906334915
31,1.2502601018541966,0.8608152681383593,0.01461556426893625,0.37482926993050875,0.1766893469537731,0.0001,1.263862947107087
32,1.2476625282914353,0.8586121394958264,0.014599259194689396,0.37445112739445957,0.17629150830163917,0.0001,1.2609367332884072
33,1.24846396823442,0.8578601270370019,0.014569356281907274,0.376034483283335,0.17859463909032622,0.0001,1.2581238190252448
34,1.2405533403702247,0.8558253990467374,0.014546666377456387,0.37018127736406925,0.1765504100985266,0.0001,1.2550602169114242
35,1.2409012663436951,0.854787949374433,0.014533510556327402,0.3715798055061704,0.17456049851423344,0.0001,1.2520982180841072
36,1.2418845490558152,0.8528555744076356,0.014536723887460952,0.37449224722433766,0.1740498197459546,0.0001,1.2499684177837795
37,1.2337960904316776,0.8515809590627891,0.014503844127693719,0.3677112902637428,0.17455814689639615,0.0001,1.247072493159505
38,1.2343891005487035,0.8496901477568048,0.014499001038727364,0.3701999539898569,0.16914691346835414,0.0001,1.2445573709799358
39,1.2364990210678224,0.848387629458677,0.014491074950893317,0.3736203186229083,0.1692831724066038,0.0001,1.2428343200780314
40,1.228634258554625,0.8466209881687745,0.014483213424682617,0.3675300562659819,0.1684478860325794,0.0001,1.2403044224752613
41,1.2259282200138177,0.845479289851856,0.014472084645083661,0.3659768443078589,0.1700496627187874,0.0001,1.2378712342912235
42,1.2263481665334643,0.844422098105626,0.01445948448916236,0.3674665842107053,0.17053417813100874,0.0001,1.2357397981154266
43,1.217329259092861,0.84299251866389,0.01443823525194706,0.35989850167086834,0.16942419465366773,0.0001,1.2326263272012705
44,1.2193903100901637,0.8418745032188617,0.014452412452465622,0.3630633971391295,0.16989345473764392,0.0001,1.2305100241732645
45,1.2178691727152702,0.8404040806917341,0.014421039130576484,0.36304405313476346,0.16678297220451596,0.0001,1.2282068148104222
46,1.2200244302440124,0.8396837566251929,0.01441255955376925,0.36592811279558024,0.16813812166089703,0.0001,1.2260208029292419
47,1.2138269774570427,0.8382798543324577,0.014398617628379962,0.3611485050428228,0.16497994247544367,0.0001,1.2240238916317783
48,1.2159783690261068,0.8378758065357169,0.014399467568852114,0.3637030954051453,0.16807331619349744,0.0001,1.2221828184795187
49,1.2140611934855308,0.8358035975005516,0.014390795999801666,0.3638668005896872,0.16294005826024932,0.0001,1.2199390357212896
50,1.210777228792589,0.8350880333424582,0.014382412902723704,0.36130678514679837,0.1656301395011722,0.0001,1.218153332745086
51,1.2116423792094295,0.8346045705174335,0.014384424227004602,0.3626533844347658,0.167920342580421,0.0001,1.2167247486646469
52,1.2060604799108137,0.8332944146034442,0.014371798923484693,0.3583942663838849,0.16640323521399353,0.0001,1.214695980002382
53,1.206075267907814,0.8314810571757582,0.014345042120370613,0.36024916976025334,0.1620962502053253,0.0001,1.2135705808838773
54,1.1987454388252863,0.8322300016275526,0.01433278871114549,0.3521826464312555,0.1638362010974913,0.0001,1.2115060937573896
55,1.2051647047967504,0.8298694831120799,0.014311126231180001,0.3609840943955988,0.16414655770721107,0.0001,1.2102356469655375
56,1.2014224817012917,0.8291045725950121,0.014314682198344574,0.3580032268777097,0.1616910762072335,0.0001,1.2083754521112655
57,1.1996603350610326,0.8282231440650523,0.014320761146700165,0.3571164311792014,0.16041539121290732,0.0001,1.2069587878716646
58,1.197795869370745,0.8287895446374982,0.014323513599728475,0.3546828093199894,0.16106961696251895,0.0001,1.2051405379061284
59,1.1950305552801785,0.826915157977756,0.014318343350176396,0.3537970548590105,0.16452485279125326,0.0001,1.2032374740855931
60,1.200475008202373,0.8267601844505171,0.01430608099420946,0.35940874169975456,0.16011791765448047,0.0001,1.2022072520265712
61,1.193968297985456,0.8253577632062575,0.014305336963816057,0.3543051964552359,0.15810337436005745,0.0001,1.2004398439041741
62,1.191539483670047,0.8245973450416967,0.014280313410575202,0.3526618276962644,0.16003887592597618,0.0001,1.1989877442800974
63,1.1918870868354008,0.8238048618753832,0.014275568977572614,0.3538066522344856,0.1582291534446316,0.0001,1.197568926172856
64,1.1903069299810074,0.8240402180089428,0.014273871998274302,0.35199284015514304,0.1603004094553284,0.0001,1.1967250752884282
65,1.1879415763560948,0.8230843327591917,0.01426336562174087,0.35059387588960406,0.15795428425254976,0.0001,1.1950027624443629
66,1.1864244812158735,0.8220341296273361,0.014255469275778254,0.35013488305328344,0.15730380732377208,0.0001,1.1935029623958209
67,1.186559310549413,0.8217072838702018,0.014249215745055409,0.3506028095740092,0.15797533041988376,0.0001,1.1921928599446587
68,1.1809148677222385,0.8208264081038036,0.014232454628779971,0.34585600444559633,0.1564404362053223,0.0001,1.1905047597798082
69,1.1853791569599514,0.8205625318126795,0.014233621332273039,0.3505830028175582,0.15876103342183948,0.0001,1.1895396199477857
70,1.1859533480891833,0.8203654841767364,0.01424344267854826,0.35134441966217383,0.15804133589925437,0.0001,1.1880874539364668
71,1.181828400667976,0.8196316349337115,0.014235152192338243,0.34796161511365103,0.15960644073708788,0.0001,1.1868734642047187
72,1.185071735062899,0.8188538973278254,0.014231087711713377,0.35198675065809526,0.15907324740236237,0.0001,1.1862266893440039
73,1.180091851139649,0.8181703465463666,0.014227962155371119,0.3476935431633228,0.15918779407928246,0.0001,1.1850471657744284
74,1.1776878076924755,0.8177587498757709,0.014214417271875222,0.34571464181429956,0.15642285369653972,0.0001,1.1837852535455755
75,1.1797171461171116,0.8173580234964769,0.01420240663369819,0.34815671365957473,0.1582662926544766,0.0001,1.182962810521677
76,1.1786043300589975,0.8167885366608115,0.014188761885219364,0.34762703187567223,0.1554864942120732,0.0001,1.1821807954059893
77,1.1780018392972966,0.8164799383881126,0.014185758439812651,0.34733614256004774,0.15756699816148131,0.0001,1.1813250482807778
78,1.1749742197942057,0.8154010558708686,0.014195940799210183,0.3453772231845778,0.1551717046429129,0.0001,1.1807309834879747
79,1.176320240173572,0.8153603504927598,0.014183651361213977,0.3467762378359905,0.15839913484411838,0.0001,1.1798250918093365
80,1.172692730267198,0.814321662543028,0.014155672965136793,0.3442153954542191,0.15822784496852882,0.0001,1.178499030027138
81,1.1717492924742476,0.8133086256274829,0.014172279568763099,0.3442683895297998,0.1537797434244146,0.0001,1.1774911192077653
82,1.1690306772324908,0.8131786472415343,0.01414742044212852,0.34170460894431837,0.15610629172039805,0.0001,1.1758870134247243
83,1.1709503718853964,0.8120727535435442,0.01415084317538124,0.34472677713112704,0.15443340911101133,0.0001,1.1749728654992992
84,1.171551949354021,0.8126005594435377,0.014160331799582584,0.3447910571134598,0.155096454882114,0.0001,1.1743592796654538
85,1.171673024643749,0.8118499015697843,0.014147551258002043,0.3456755732667857,0.15296745436307624,0.0001,1.1735548675181176
86,1.1717480232459294,0.8114839766862184,0.014138590491567616,0.34612545697490776,0.1532753133658947,0.0001,1.1728692368368105
87,1.1660107175912142,0.8103207132153772,0.014149586520862387,0.34154041699354837,0.1529630859803718,0.0001,1.1716701246662025
88,1.1669098169034684,0.8100727675652649,0.014118688343504621,0.3427183628686785,0.15282360302628176,0.0001,1.1708636843771287
89,1.1676443203467626,0.8097942807611539,0.014105569034754383,0.34374447088333465,0.15196613495901196,0.0001,1.1699960923944477
90,1.1671409188612962,0.8090327299874405,0.014122513438335055,0.34398567613070685,0.1514711790466889,0.0001,1.1694409112538575
91,1.1679046301522555,0.8093735322990959,0.014113419196184944,0.3444176785360727,0.15158207575520444,0.0001,1.1690564450216585
92,1.1635852439166565,0.8091796745393146,0.014094782407578783,0.3403107862745772,0.15740554605971485,0.0001,1.1685119016900751
93,1.164224321169979,0.808418150001317,0.01412400391716019,0.34168216803736423,0.154480071915937,0.0001,1.1678392966185331
94,1.1590081730188753,0.8076853274573661,0.014092411279194738,0.3372304332546482,0.15401328890064908,0.0001,1.1665849189850186
95,1.1597330086613282,0.8077597488737976,0.014083164458826155,0.33789009360585204,0.1554599819028595,0.0001,1.1653909173867767
96,1.156921839012819,0.8072821325027435,0.014102991164093328,0.33553671592026646,0.15421526673538932,0.0001,1.1639082989634655
97,1.1613971159375946,0.806811265722975,0.014092735779938302,0.3404931159459553,0.15488383409701303,0.0001,1.1634469387981035
98,1.1600999525062452,0.8067709818089468,0.014083672246874951,0.3392452957679123,0.1548711533750772,0.0001,1.1627659523583813
99,1.1574001984470514,0.8056168232196244,0.014092243950942466,0.33769112943273044,0.15459946224099483,0.0001,1.1617415401684101
100,1.1586441981623188,0.8056690436589549,0.014077803909657693,0.33889735174227437,0.15376899349097065,0.0001,1.1608918680985123
101,1.1585809558206832,0.8057060333584675,0.014057694777513856,0.33881722986093643,0.15347169090296628,0.0001,1.1599595006653551
102,1.156242107039291,0.8052465066948479,0.014065893136463592,0.3369297082960968,0.15463363509209596,0.0001,1.159225186977619
103,1.1559005748427664,0.8048905255102966,0.014055402718983123,0.3369546446714996,0.15302940631855816,0.0001,1.1583928123448972
104,1.148640086878144,0.8044406635040685,0.014052887233710917,0.33014653623104095,0.15320156130781037,0.0001,1.1573560037308241
105,1.1563052150588973,0.8039859041239137,0.014062689719287183,0.33825662076231433,0.15472811963749222,0.0001,1.157013224370581
106,1.1538608109249788,0.8037755548591304,0.014059540224365482,0.33602571856177604,0.1548932056428211,0.0001,1.1567071215617968
107,1.1517342332652325,0.8028419796400089,0.014057260497830218,0.33483499436663805,0.15533814984269848,0.0001,1.1557408332945607
108,1.1510793772237053,0.80229543478929,0.014050223522689231,0.33473371827699105,0.1541738069897733,0.0001,1.154838775766307
109,1.1488250996955267,0.80247532777322,0.014042405521168429,0.3323073639226492,0.15422071310980567,0.0001,1.1539812658911546
110,1.1522568619033629,0.802731312796262,0.014029592819678131,0.33549595538065835,0.15274161849979453,0.0001,1.1533425322652586
111,1.1529484855475822,0.8021459491209374,0.014022961833172348,0.33677957380761,0.15242792830687266,0.0001,1.1527792852379488
112,1.1491145433567116,0.8018355189424016,0.014035076205193633,0.3332439462746858,0.1534122667496393,0.0001,1.152066528869691
113,1.1478396901977956,0.8015994444096548,0.014022520299373727,0.3322177234032091,0.15216379976901273,0.0001,1.1512604404051936
114,1.1477271949543673,0.801039557065248,0.014027193158441819,0.3326604463628533,0.1537178562421344,0.0001,1.151169151212816
115,1.1461342348288328,0.8000327185491519,0.014022276319306472,0.3320792386606789,0.1530987377491974,0.0001,1.1501520531898095
116,1.146595049097862,0.8007991641578519,0.014014082312825728,0.33178180329214485,0.15372698797899134,0.0001,1.1494254770070977
117,1.1428564699861632,0.799743645089635,0.014021700100773004,0.3290911250677844,0.15564700788827746,0.0001,1.148537700679191
118,1.142363140113939,0.8002343799231261,0.014005169665354018,0.32812359182515444,0.15301476731805724,0.0001,1.1476660769682145
119,1.1431374594599433,0.7998846399373022,0.014016180444682587,0.32923664204005537,0.15464465156892734,0.0001,1.147097312944656
120,1.1440844922713769,0.7995759850825064,0.013999551353299835,0.3305089564703057,0.15482214324433227,0.0001,1.1462800759814573
121,1.1451414769126242,0.7991242131887053,0.013995526286699709,0.33202173912984606,0.15336646331553527,0.0001,1.1454993751179616
122,1.144080128437607,0.799080042882575,0.01398744060833604,0.3310126467904503,0.1543274109249908,0.0001,1.1449959336260513
123,1.1435271733672818,0.79831026461255,0.013988768111377893,0.33122814025042263,0.15478208451012326,0.0001,1.144564681943
124,1.142877932494359,0.7975248991838575,0.01399273006717767,0.33136030112754017,0.15497397740218508,0.0001,1.144079755696999
125,1.142229138595821,0.7983809540286267,0.013979908660749394,0.3298682773874933,0.15411827735920222,0.0001,1.1436892460736978
126,1.146280700850922,0.7979781898475322,0.013985268968114022,0.33431724396970647,0.1531354554798492,0.0001,1.1436578112490037
127,1.139956512267401,0.7976297948955281,0.013974848190137387,0.32835187156954837,0.15324411246525105,0.0001,1.1433678154771276
128,1.1450114623770027,0.797683683176795,0.013980894253171724,0.3333468847959085,0.15455961859129505,0.0001,1.143632647703434
129,1.1397092546700949,0.7970902605424305,0.013972169729081902,0.3286468240963276,0.153704902372544,0.0001,1.143289827224449
130,1.1399828061370771,0.7964301430913062,0.013973453949237692,0.32957921187727734,0.15308032385838685,0.0001,1.1428796586110188
131,1.1393194248178184,0.7966535107117395,0.013964422817887932,0.3287014880238392,0.15314724516977404,0.0001,1.1422974534015384
132,1.1358273171991653,0.7961799423786496,0.013970315093684632,0.32567705900141963,0.15350293484469216,0.0001,1.1414721722776944
133,1.1386803976178894,0.7962090895335524,0.013945172089350392,0.32852613526957514,0.15442461021713022,0.0001,1.140987494702755
134,1.136601966970107,0.796005890287202,0.013949376090786761,0.3266466999573833,0.1558417838981137,0.0001,1.1403598981503298
135,1.132452788386819,0.7945643472381344,0.01395565549451971,0.3239327859564195,0.15557330183337234,0.0001,1.1393822631294297
136,1.1362783010542756,0.7952774007470322,0.013954674738174036,0.32704622375554054,0.15392123569279123,0.0001,1.1383820231497652
137,1.1352019557846487,0.7950645737183747,0.013943178658553117,0.3261942021684763,0.15423015019956515,0.0001,1.1379065675014899
138,1.1331677474308208,0.7951232728077964,0.013940504066358958,0.32410397091937115,0.1561881273410625,0.0001,1.1367221960068716
139,1.1337491624495561,0.7948259531121709,0.013936956078720867,0.32498625235190015,0.15606402475802458,0.0001,1.1361261867848178
140,1.1331470437030522,0.7943981889537092,0.01393639485202503,0.32481246074363135,0.15425771154448178,0.0001,1.1354426105414153
141,1.1322577793989896,0.7938505893546718,0.01393008739904748,0.32447710415654446,0.15467313424689774,0.0001,1.1347364459995324
142,1.1300934476978155,0.7943028819730268,0.01390564514222058,0.32188491819475534,0.1541358535961979,0.0001,1.1341630590493974
143,1.1340344491401502,0.7941606359114269,0.013921270264089711,0.3259525437202705,0.1529073256991698,0.0001,1.1336984642016235
144,1.1304584469563095,0.7938122601828276,0.013921740814348263,0.3227244453243987,0.15578456620476067,0.0001,1.1330841122002435
145,1.1267077590340775,0.7935246804664875,0.013927738033008383,0.31925533736090633,0.15555142993617493,0.0001,1.1325096092649696
146,1.1286762422045153,0.7931498801732402,0.01391620133034356,0.32161016121476466,0.15511223276355446,0.0001,1.1317494033799935
147,1.1302057453875125,0.7928586673543129,0.013901446218664699,0.32344563066596677,0.15130743441789676,0.0001,1.1312497823402798
148,1.1286939288249607,0.7925995865168001,0.013902120609554267,0.3221922236330369,0.15452246485810733,0.0001,1.1308024004796937
149,1.1288411686193145,0.7927467885897561,0.013889011214761174,0.3222053684747606,0.15586873833052284,0.0001,1.1303116010966696
150,1.128592967261649,0.7922535828838,0.01389179244244558,0.32244759196562894,0.15549254462757653,0.0001,1.1298561934525295
151,1.1262560290932413,0.7918248140304132,0.013900881364911372,0.3205303317634861,0.15520189486398658,0.0001,1.1292560184219547
152,1.1275309187645361,0.7920164595269287,0.01389039433268456,0.32162406656732423,0.1542997834013877,0.0001,1.1289997655286266
153,1.1277121957127028,0.7920826174182776,0.01389994461686326,0.3217296322267389,0.15481184726735883,0.0001,1.128367540185882
154,1.1233486823329577,0.7908516577001033,0.01390299061974454,0.3185940369752068,0.15556768398981308,0.0001,1.127656563723547
155,1.1239248972393678,0.7917910846928796,0.01390076723350231,0.31823304398306484,0.1546343312906687,0.0001,1.1273782775440757
156,1.1264999517320862,0.7910339051279528,0.013890303414443443,0.32157573874654444,0.1555150914899476,0.0001,1.1271606484968328
157,1.126911355685027,0.7910224597062349,0.013868671401760882,0.3220202242143256,0.1554360185082979,0.0001,1.1268312095265842
158,1.124053136693053,0.790328753284702,0.013871159563199986,0.31985322127598537,0.15524160961713074,0.0001,1.1263671303133935
159,1.121154595702947,0.7901692430339526,0.013885730662162116,0.3170996242435177,0.15630321656533236,0.0001,1.1255984730217568
160,1.1213969007950526,0.7906738682886166,0.01389418823482057,0.3168288426394395,0.15786946045034556,0.0001,1.1248788663750973
161,1.120636911711393,0.7904089698926914,0.0138649935654646,0.31636294846481533,0.1570750657793958,0.0001,1.1243169546369125
162,1.1232793797827638,0.7899186088879259,0.013881993583926807,0.31947877719000917,0.1539201533486103,0.0001,1.123891800738735
163,1.1193135855889464,0.7900726171342645,0.013864680671305009,0.315376285002633,0.1569864707441649,0.0001,1.1230519397263594
164,1.1194413854432639,0.7900908792478317,0.013875081379563524,0.3154754226698595,0.15563672895847422,0.0001,1.12266121003739
165,1.1147502036897454,0.7890140716492767,0.013864908934123133,0.31187122203334106,0.15538561443890808,0.0001,1.1217437406824275
166,1.1200217546604225,0.7893250496343956,0.013851835809904954,0.31684486882319074,0.15565325807908487,0.0001,1.1210959209752613
167,1.1168455305012437,0.7889412091421549,0.013839937126902489,0.31406438580391133,0.15634521894897457,0.0001,1.1200893384568833
168,1.1185337216810571,0.7892711499883486,0.013837282120818781,0.31542529214105547,0.15624583888851848,0.0001,1.1195373969556837
169,1.114042996513916,0.7888560650556614,0.013845483623218344,0.31134144614240944,0.15649408671785803,0.0001,1.1188262370367803
170,1.1130481269248358,0.788152628931506,0.013837388998112862,0.3110581095468321,0.15678855856884324,0.0001,1.1179913596497588
171,1.1154563381028708,0.7886756520725893,0.01383966122872931,0.3129410227159941,0.15647153328144525,0.0001,1.1174733022889065
172,1.1150153529571472,0.7879622972761158,0.013828555178690635,0.31322450258789875,0.15896323253731215,0.0001,1.1166468996063448
173,1.1160321786969476,0.7886339754893862,0.013823178186861546,0.31357502287469097,0.1572744938380578,0.0001,1.116318758917145
174,1.116979168709103,0.7883233434046499,0.013830932835778164,0.31482489298250804,0.15708453651011353,0.0001,1.116072537243729
175,1.1198098362096667,0.7880563357538916,0.013820606119492474,0.31793289336906727,0.15705089920916374,0.0001,1.116578500495721
176,1.1176438342485175,0.7878743553983754,0.013822260299512387,0.3159472163139444,0.1576835165673047,0.0001,1.1163407084545305
177,1.1102416267501414,0.7871430250258765,0.013822373705509951,0.30927622922777404,0.1566058124508142,0.0001,1.1156803180794204
178,1.1128131843967322,0.7865151675912961,0.013819829687385482,0.3124781872691779,0.15655545418813793,0.0001,1.115108264350988
179,1.1110456223178344,0.786459039964734,0.013816960201302117,0.3107696210636812,0.15859202794262167,0.0001,1.1148085269313797
180,1.112445727444082,0.7866427353139339,0.013822225237956638,0.31198076752692644,0.1560532445235378,0.0001,1.1147482869833045
181,1.1108804516811641,0.7873022087205496,0.013816034818034144,0.309762211996329,0.1570351150710491,0.0001,1.1142906983411334
182,1.1104153937548702,0.7867621517084675,0.013808228181293479,0.30984501383488366,0.1604142572436081,0.0001,1.113830702420906
183,1.1109052522912712,0.7860634682386448,0.01380577967568295,0.31103600126371905,0.15739903438828778,0.0001,1.1133180097803383
184,1.1102839638205135,0.7857998036467763,0.013808701875001857,0.31067546120038136,0.15769792697250723,0.0001,1.1126484892914794
185,1.1086630366636823,0.7863053498113373,0.01380383750729822,0.30855384674565545,0.15630506636465297,0.0001,1.111533809336881
186,1.1084026407760248,0.786084837652365,0.013803336489756741,0.3085144643518794,0.15926181221225924,0.0001,1.1106096899896314
187,1.1061321511471731,0.7858418944399449,0.013803032784142794,0.30648722286519364,0.15778004186148575,0.0001,1.110198742429335
188,1.1102744936943054,0.7854526964210835,0.01379324529040416,0.31102855195259227,0.158386082273226,0.0001,1.109944873359092
189,1.1111231701369217,0.7858999440442718,0.013780963831934435,0.3114422632581564,0.1585793159826532,0.0001,1.1099526281410008
190,1.1106180663524727,0.7854197250176637,0.013796962540725181,0.3114013775850648,0.15718326823404305,0.0001,1.10976986203184
191,1.1070367333613351,0.785128543270529,0.013788733472688686,0.30811945553000025,0.15718598044184595,0.0001,1.109385490199857
192,1.1115122560797066,0.785187665395756,0.013799751989739904,0.31252483603436854,0.15762317756428923,0.0001,1.1094951764323406
193,1.1057457616798292,0.7846945228006003,0.013773099404077742,0.30727813998898434,0.15862061385571594,0.0001,1.1089792273711963
194,1.109483628195633,0.7841517151490186,0.01378196030552924,0.31154995446393746,0.15975824353600612,0.0001,1.1088991938087083
195,1.1028370863283865,0.7838349404006169,0.013780025149455661,0.3052221217455293,0.15971953213275325,0.0001,1.1083165987751789
196,1.1059884040882815,0.7847799478631474,0.013778907773944476,0.3074295503251693,0.1584218231163934,0.0001,1.1080751751064046
197,1.1097457354499167,0.7843292469185216,0.013765584382759388,0.31165090704272536,0.16103487346948522,0.0001,1.1084365335366788
198,1.1058253737782369,0.7840412124900741,0.013766509282419697,0.3080176508269494,0.15836628620148188,0.0001,1.107991621545072
199,1.108996801274785,0.7842981525173536,0.0137633155373966,0.3109353343081523,0.16031661948555623,0.0001,1.1077789846588582
200,1.100855410824441,0.7838000118369747,0.013777662726009594,0.30327773372251654,0.15765336754355905,0.0001,1.1068027191060552
201,1.1037833430704191,0.7841445936634381,0.01374665162626193,0.3058920989897382,0.16153513309196332,0.0001,1.1064773800769636
202,1.1047272231225793,0.7845498677683167,0.013741311872223086,0.30643604103377575,0.15991403030998566,0.0001,1.1057988767812508
203,1.105479710725935,0.7833216929048844,0.013752307176106359,0.3084057090732195,0.16164302765476776,0.0001,1.1057722716858613
204,1.1025783156042892,0.7831301172896766,0.013745249647639585,0.30570294975509027,0.16031926492527582,0.0001,1.105081740426727
205,1.103769818619347,0.7835009594959855,0.013754032688256935,0.3065148280672805,0.16141962787442468,0.0001,1.105175013655823
206,1.1050476453608964,0.7835002031335966,0.013756536083337502,0.3077909053278743,0.16028452717508312,0.0001,1.1050809377830846
207,1.101643606446094,0.7834040343640543,0.013751323759918523,0.30448824717355305,0.16002714529663747,0.0001,1.1042707248827024
208,1.1019585324832923,0.7824374090343653,0.013753675302192115,0.30576744551711826,0.16068671138968477,0.0001,1.103884040753208
209,1.10427255115451,0.7829965950267552,0.01374539448813541,0.30753056127691364,0.1631389109315785,0.0001,1.1034116157411806
210,1.1037962857414694,0.7824471162492315,0.013741942013011259,0.30760722962523573,0.1609611988944166,0.0001,1.1037057032328832
211,1.1021695771758986,0.782659440084113,0.013745431000514155,0.3057647068771339,0.16156887470104148,0.0001,1.103544326643431
212,1.1019498171477482,0.7821032425452923,0.013745019450390798,0.30610155294560515,0.16331789811835085,0.0001,1.1032665860459479
213,1.1040979828118795,0.782363514871191,0.013731145471878516,0.30800332231768246,0.161097385548433,0.0001,1.1031284132545423
214,1.100194531328538,0.7822204796827831,0.0137376775606167,0.3042363740851381,0.1619340315098453,0.0001,1.1028900348269675
215,1.1049957358812947,0.7822166764711995,0.013733109644412028,0.3090459465315569,0.16287703632280745,0.0001,1.1030126265531621
216,1.1019722154367768,0.7821215344007311,0.013726430780747357,0.30612425019484746,0.16030341619531233,0.0001,1.1027050835607501
217,1.1013630906660223,0.7818099783835498,0.013732841967569161,0.3058202698010702,0.1612115421353199,0.0001,1.102677031982743
218,1.1029322379501065,0.781416403110806,0.013727410811681535,0.3077884251459617,0.16300200785814387,0.0001,1.1027744025294244
219,1.0987623275898049,0.7818801862472936,0.013709143499331833,0.3031729975106992,0.16302883756511352,0.0001,1.102223380172954
220,1.0996641649677594,0.7815107498884685,0.013724443878653568,0.30442897107973543,0.16276926681792275,0.0001,1.1018101680955827
221,1.0983599160796005,0.7817271713311,0.01371887078391611,0.3029138743575156,0.15984537342136337,0.0001,1.101429201985953
222,1.099899460166753,0.7813162969285528,0.013713288984240674,0.30486987658132164,0.16088032529030077,0.0001,1.1012241662878535
223,1.095991090635257,0.7812220698437875,0.013702981370457772,0.3010660365495914,0.16280664459747426,0.0001,1.1004134770701914
224,1.0968127439278377,0.7808131472817783,0.01371806388452619,0.3022815316734159,0.1634638256433044,0.0001,1.1000752983301214
225,1.0985761983641262,0.7811867851030996,0.013707283302446407,0.30368212894602675,0.16133779932652237,0.0001,1.0994333445784046
226,1.098447523663542,0.7807173024084698,0.013702561840807932,0.30402765732870624,0.16161566068990718,0.0001,1.099080875401081
227,1.0927094894538787,0.7803185409271209,0.01370001758087963,0.29869093085520165,0.1631236064718171,0.0001,1.0982155152798667
228,1.0971889819866745,0.7808836390232218,0.013704080127073833,0.3026012618087126,0.16576102877727145,0.0001,1.0976411896835234
229,1.0921641076795954,0.7807681857935072,0.013689975467705099,0.29770594617657925,0.1618220575954803,0.0001,1.0969813676925024
230,1.094223412248716,0.7805352901348478,0.013698285540025569,0.2999898372690286,0.16304082707568066,0.0001,1.096437292420598
231,1.0962450680819777,0.7802664210781848,0.013685064431861738,0.3022935844156853,0.16120071009436196,0.0001,1.0962258076208358
232,1.0924560297091641,0.7794013351020658,0.013680899602646276,0.29937379621347115,0.1623446976739543,0.0001,1.0954814645750768
233,1.0972151313785607,0.7800510523285392,0.013695713230852665,0.30346836760247214,0.1624593730509644,0.0001,1.0956038686494072
234,1.093154728654432,0.7799285540232552,0.01368516889111749,0.29954100722110777,0.16106052524419634,0.0001,1.095238067122067
235,1.0958291804814677,0.7792602368832602,0.013683341821357154,0.3028856019279778,0.16221805278053147,0.0001,1.094963365333801
236,1.0905282175806907,0.7799745615549069,0.01368855196854164,0.2968651053267125,0.16397049024126834,0.0001,1.0941714347255158
237,1.0918932999607032,0.7802883574009909,0.01368458203321538,0.297920360058002,0.1641410137649482,0.0001,1.0940898157761982
238,1.0891656742618243,0.7802281858471296,0.013694415227878409,0.2952430741993699,0.16333121531331274,0.0001,1.093287485003713
239,1.0932994911685192,0.7793496856824863,0.013658588846605159,0.3002912169416826,0.16203180847134116,0.0001,1.0934010233526057
240,1.0962268867308904,0.7790622816366308,0.013664978271082014,0.30349962733701086,0.16270238306169335,0.0001,1.093601370800823
241,1.0907109263702532,0.7793415875512253,0.01368103477098879,0.2976883054988621,0.16564055999200678,0.0001,1.0930479566296507
242,1.0934912637329488,0.7788350351200143,0.013673367655059629,0.3009828646756089,0.16246127563908425,0.0001,1.093151480032029
243,1.090561956348574,0.7780430088420427,0.013668324594323582,0.2988506221565707,0.16328150673219688,0.0001,1.0924861625290305
244,1.0938000560532235,0.7786847992552705,0.013663924731782677,0.3014513286809167,0.16131857235521138,0.0001,1.0925506952689097
245,1.0934514406970257,0.77854165791498,0.013660784909014286,0.3012489973894239,0.164071364876102,0.0001,1.0923129212904654
246,1.0913761184375137,0.7785995300352936,0.013686797681734964,0.2990897910831908,0.1627829761129122,0.0001,1.0923977113761478
247,1.0937285399098424,0.7793015462873432,0.013658042611746952,0.3007689527336047,0.16261119539065486,0.0001,1.0925812353710616
248,1.0877723570527702,0.7782731761071552,0.013653017686298362,0.2958461624734542,0.16363811784595794,0.0001,1.092441903650156
249,1.0877471078965533,0.7780080681882089,0.013661603173184347,0.2960774337241906,0.16440822001221697,0.0001,1.0918866653229595
250,1.090334133613424,0.7786226063422692,0.01366653282792283,0.2980449938387223,0.16323295253769138,0.0001,1.091297390011213
251,1.0911434534597106,0.7779646625866996,0.013643611275400157,0.2995351796580618,0.16478186330435,0.0001,1.0913406427201586
252,1.0927453268372262,0.7785023369847156,0.013661433426893748,0.30058155706035194,0.16427517473758113,0.0001,1.0912660490305863
253,1.0914561247970704,0.7786719471397555,0.013652420430831445,0.299131760566399,0.16470489711415695,0.0001,1.091355465875436
254,1.0928197331409184,0.7784601955336441,0.013663418152753045,0.30069611631107135,0.16325427016005312,0.0001,1.0912574335842053
255,1.0923650239350589,0.7779821399259277,0.013662237182833844,0.3007206442117933,0.16362537754960282,0.0001,1.091148791908009
256,1.0923399301378045,0.7781695700562267,0.013646606499476558,0.3005237524486459,0.16354980566076044,0.0001,1.091245173078038
257,1.0921120804415272,0.778072165427295,0.0136426365641503,0.30039727941729716,0.1640073221486674,0.0001,1.0910835271312063
258,1.0889199590102654,0.7774813635837717,0.01365592150852598,0.29778267512698686,0.1648462451012091,0.0001,1.091198287326956
259,1.08818778220345,0.777422193339582,0.013643186909673664,0.297122401742616,0.16464975248062586,0.0001,1.0912423547576457
260,1.0895294776794635,0.7773560781266095,0.013644766372309254,0.29852863278761355,0.1627191436792484,0.0001,1.0911618891642496
261,1.0860073871109597,0.7776787492614731,0.013649330419652602,0.2946793084575003,0.16577243721811574,0.0001,1.0906482825293744
262,1.091393532907745,0.7778913249350464,0.013645551267550394,0.2998566577025891,0.1643836355747364,0.0001,1.0905131031364264
263,1.0885112216699921,0.7776150275437392,0.013618241700874622,0.2972779504607222,0.1663343677897966,0.0001,1.0902186128237186
264,1.0892836223025835,0.776993884397085,0.013631615145453092,0.29865812143012427,0.164444494183963,0.0001,1.0898650017398848
265,1.0861336488510966,0.77657786525529,0.013634597553926356,0.29592118573962556,0.1635277160796626,0.0001,1.0892418642314887
266,1.0880670233140368,0.7772583061976559,0.013624214980955299,0.297184501017083,0.16374568292081476,0.0001,1.088814573549112
267,1.0869046130480196,0.7766592750442922,0.013630768348430765,0.2966145691112379,0.1635460099602084,0.0001,1.0882938268097615
268,1.090855764810744,0.7763973359645743,0.013643854771859747,0.3008145747392705,0.1637809201923877,0.0001,1.0884874073898092
269,1.0873744509524796,0.7764755348404813,0.013638511874371078,0.2972604026961278,0.1658992924204221,0.0001,1.0884060742647121
270,1.086010502269737,0.7769565310246078,0.013642913913146478,0.29541105854100197,0.16602225015298833,0.0001,1.0880541767237395
271,1.089626163909208,0.7763742670326156,0.013608106251420646,0.29964378820713344,0.16497209990060838,0.0001,1.0884160544035644
272,1.0918827765369996,0.7764910394231398,0.013621378380193188,0.30177035821983345,0.1636974031132085,0.0001,1.0884649787664897
273,1.0850085857915588,0.7763288537338829,0.013624938941630582,0.29505479489934855,0.16496159325204562,0.0001,1.0881147151786466
274,1.0865363274336344,0.776360455681296,0.013627382127556792,0.29654848796238037,0.16574662219559202,0.0001,1.0878399856917516
275,1.0910294482722485,0.7767335974420544,0.013605509761864467,0.30069034158216285,0.16582339052979894,0.0001,1.0883295656338667
276,1.085686477154312,0.7761116403836991,0.013619751040398712,0.29595508458164593,0.16577644313687484,0.0001,1.0880915110178941
277,1.084173207350725,0.7759550715556734,0.013614395810914571,0.2946037420696951,0.16672707238738968,0.0001,1.0878183704481645
278,1.0865376441764059,0.7756292922743435,0.013613750436484934,0.2972946006192639,0.16566732676952897,0.0001,1.087386558384731
279,1.0878812339436452,0.77607479600829,0.013602553710008973,0.298203882789636,0.16590524977167528,0.0001,1.0874372366838476
280,1.0877936495728715,0.7753381961257656,0.013592610494602041,0.2988628411994261,0.16418025990226448,0.0001,1.087615551414161
281,1.0817164430511892,0.7760457562142888,0.013602828640966822,0.2920678552036111,0.166660186847857,0.0001,1.086824579328359
282,1.0819035780599102,0.7758657397895024,0.013600374815671971,0.2924374660541271,0.16505376696888863,0.0001,1.08582665948065
283,1.0853668011226227,0.7751727216625794,0.01361222223626189,0.29658185800964404,0.16605493234391144,0.0001,1.0858624810137565
284,1.0845513043974282,0.7751133609978713,0.013608921855748546,0.2958290204859167,0.16661492942192008,0.0001,1.0856639787101359
285,1.0861206566102606,0.7755474588450264,0.013617544822228607,0.29695565369864263,0.1670551125345559,0.0001,1.085173099543937
286,1.084312278044393,0.7750215264411292,0.013605634532642172,0.29568511903527783,0.16747910006474287,0.0001,1.0850356796329452
287,1.082792117556984,0.7752417692306317,0.013596930561878134,0.29395341770402317,0.1653407453190966,0.0001,1.084897570653571
288,1.083922333818904,0.7752115840118748,0.013578504868017975,0.29513224412292305,0.16568377576239451,0.0001,1.084636039617821
289,1.0843142001430597,0.7747124338004943,0.013598668406024183,0.2960031014426968,0.16610218684281586,0.0001,1.0842793362377623
290,1.083639786886637,0.7749727515855135,0.013597605436375369,0.2950694304390321,0.1672099690891908,0.0001,1.083863949969139
291,1.08600756882654,0.7751129194640727,0.013612407457997784,0.2972822387912452,0.16614183254585305,0.0001,1.0842930625466738
292,1.082006723958145,0.7753322612924943,0.013581132066660914,0.2930933315964306,0.1655298953093815,0.0001,1.0843033771364974
293,1.0855224282456217,0.7747787587782916,0.013586337619572576,0.2971573332079042,0.16721995377395507,0.0001,1.0843189398487971
294,1.0829954125576522,0.7746780289839538,0.013590198017762593,0.29472718661382763,0.16833719644415934,0.0001,1.0841633506648196
295,1.0854627941007788,0.7743958535832759,0.013575501180807427,0.2974914417245083,0.16711933016172528,0.0001,1.0840975644138715
296,1.0813358430930131,0.7744629055442965,0.013579539788422188,0.2932933956142855,0.16594706607215545,0.0001,1.0837999209187337
297,1.0791934510998986,0.7749878924952076,0.013591289520263672,0.2906142665454872,0.16671552383633703,0.0001,1.0834400542730251
298,1.0807432291715673,0.7749564376854268,0.013583265260073524,0.2922035253797535,0.168226258931247,0.0001,1.0831221438082914
299,1.0836919633176698,0.7743247539469968,0.01358181516248846,0.2957853956590076,0.1686677576683114,0.0001,1.0830599201257523
300,1.0801669050907265,0.7738006191127924,0.013587782397473318,0.29277850669368527,0.1672422268992747,0.0001,1.082712631946161
301,1.0838716194547455,0.773589769918585,0.013586365668817177,0.29669548347441227,0.16688923997158453,0.0001,1.0824990370089818
302,1.0811261624158275,0.7735920462598666,0.013584337660071817,0.2939497797653593,0.16585511824543045,0.0001,1.0824109808547502
303,1.079822271397341,0.7735069907944778,0.013558115485231968,0.2927571647549256,0.16847950744520093,0.0001,1.081840965169922
304,1.0830771374170485,0.7746538038669687,0.013565481071781677,0.2948578543220524,0.16772568541716854,0.0001,1.0818491376558617
305,1.082073532301804,0.7736265347405331,0.013572014369539025,0.2948749834033103,0.1682273139364821,0.0001,1.081510211475964
306,1.08168979759874,0.7744323293287421,0.013570886112855366,0.2936865835172893,0.16728983221020224,0.0001,1.081545606926537
307,1.076314626552512,0.7741885202167967,0.013569968225506207,0.2885561381102092,0.1680830533618134,0.0001,1.0812577244717982
308,1.083329252853355,0.774095945014915,0.01356712050176779,0.29566618579517273,0.16736899795384727,0.0001,1.081516326839977
309,1.0824797913945954,0.7737576101904708,0.013577219197039189,0.2951449629743007,0.16695517569054938,0.0001,1.0813951096476697
310,1.0848123237762684,0.7735833442235331,0.01356854303371592,0.2976604360051861,0.1670417461476268,0.0001,1.0818596515162238
311,1.0811226288155176,0.7740336669869645,0.01355673937961973,0.29353222253960964,0.16853495977410923,0.0001,1.0815847524523012
312,1.084087627412823,0.7739522964910851,0.013549637601051562,0.2965856905701678,0.1680286890594761,0.0001,1.0818808989520003
313,1.0796913450194663,0.7730979395928296,0.013567490461631915,0.2930259140582404,0.1688320495898535,0.0001,1.0818678063142129
314,1.079351910229387,0.7738092025443458,0.013537786795207986,0.29200491768593234,0.16939252228088844,0.0001,1.0814952835954468
315,1.0797160201333842,0.7731584113461493,0.013549108292461651,0.29300850250476757,0.16852616024549302,0.0001,1.081259532378605
316,1.0785734792510104,0.7730061941407999,0.013574879261349568,0.2919924034912736,0.16696310484626956,0.0001,1.080947900543832
317,1.0784669801381248,0.7726477785961623,0.01353985470158575,0.2922793453291028,0.16892918273353189,0.0001,1.0811631359023932
318,1.0787764233943173,0.7733753581076075,0.013558038833416983,0.2918430258185578,0.16887328766180584,0.0001,1.0807078529564893
319,1.079625576432288,0.7726697528821701,0.013553596655205346,0.29340222898047064,0.1684366732865995,0.0001,1.0804224314602586
320,1.0786547573778258,0.7732550674713166,0.01355045900867145,0.2918492318197148,0.1681363855849415,0.0001,1.0798066748204147
321,1.082137846680732,0.7719944517220735,0.013549237415708345,0.29659415621302915,0.16837918685851183,0.0001,1.079908196606936
322,1.0746183823378526,0.7730737512300271,0.013563345702134572,0.28798128555681834,0.1678907696240814,0.0001,1.078961272099439
323,1.0778281067254336,0.7726913870710872,0.013552245697191715,0.29158447377580177,0.1677049710500313,0.0001,1.0787749482700355
324,1.082505531049887,0.7729959380312333,0.01355082268163592,0.29595877160648787,0.1683014785572433,0.0001,1.0790903103520857
325,1.081637267166896,0.7730262437892008,0.013524781859670643,0.29508624169937736,0.1695360273848199,0.0001,1.0792824350554366
326,1.0785477791306455,0.7726159832056831,0.01353834004237734,0.2923934548851443,0.16817114131929425,0.0001,1.0792798650434001
327,1.079067543118769,0.7729566447875079,0.013539684955295153,0.2925712148570144,0.16875738364929602,0.0001,1.0793399213414647
328,1.0743292142121352,0.7717597555920753,0.01354498481170159,0.28902447302249573,0.16712623287528813,0.0001,1.0788952004232466
329,1.0793045316700036,0.7721124077423591,0.013538346812884657,0.2936537778401713,0.16846171119694295,0.0001,1.078863095947018
330,1.0735328400594468,0.7719544087655645,0.013531592264620335,0.28804683506972406,0.1671988367732108,0.0001,1.0783509042151802
331,1.0817591000280322,0.7729103028411556,0.013543801423744062,0.2953049981509454,0.1679893671015455,0.0001,1.0783130295499102
332,1.0769253384027229,0.7720464490973683,0.01353091473028094,0.2913479758445438,0.1686130463774741,0.0001,1.0785437251563974
333,1.0777785911037763,0.7722304835764439,0.013541825886430412,0.29200628417984226,0.16883704217403947,0.0001,1.0785387735942316
334,1.074005836768276,0.7720564208456275,0.013535793606214543,0.2884136175408083,0.16836599721507176,0.0001,1.0776888041660704
335,1.0787598687785152,0.7718511897216704,0.013538130398454338,0.2933705503207917,0.16919152095581408,0.0001,1.0774010643272323
336,1.0732748259395422,0.7719151724666418,0.01352546398828286,0.28783419014957806,0.17029878556063402,0.0001,1.076873769008122
337,1.0752381248358056,0.7719695699867806,0.013525368233965086,0.2897431848317566,0.17032638300988542,0.0001,1.0764908271798255
338,1.0768006680945112,0.7717537032421414,0.013510048268532898,0.2915369164931605,0.16902777398454732,0.0001,1.0767379725680633
339,1.0718387948088424,0.7713543348331722,0.013515273649358846,0.28696918765623236,0.17066721155725675,0.0001,1.075991398881947
340,1.0745583736388726,0.7719503788628878,0.013541230807197989,0.2890667647546494,0.17094336567979312,0.0001,1.0760939522398896
341,1.0729591214149041,0.7724326099391883,0.013524474768803037,0.28700204078735253,0.17092603160933598,0.0001,1.0752139543785766
342,1.0753977293900496,0.7718146106050657,0.013526919889159909,0.29005619918296593,0.16925314836521418,0.0001,1.0750611934773096
343,1.0733704597181046,0.7716104632458871,0.013519043854719243,0.2882409490206662,0.16785023764954618,0.0001,1.0746203803387424
344,1.0778660435705592,0.7716920586193309,0.013515380284849093,0.2926586020367624,0.1689887224539782,0.0001,1.0750064010189706
345,1.0773850868004573,0.7712110144371435,0.013513120869835782,0.29266095178062,0.16997229248950255,0.0001,1.074868922821165
346,1.0727335862649139,0.7708357448026568,0.013520593575483403,0.2883772481588031,0.17015278427039876,0.0001,1.074814798853702
347,1.0751341148515743,0.7709498791133657,0.013519859459047143,0.2906643763093871,0.1683387161207973,0.0001,1.0748043978552788
348,1.0760788977992461,0.7711074713761135,0.0135173606582394,0.29145406812248076,0.16995120314507164,0.0001,1.0747322208257524
349,1.0774723129388526,0.7715881094487637,0.013513625756238585,0.29237057576919423,0.16912768596809727,0.0001,1.0752955726387534
350,1.0721262065924206,0.7713172831109765,0.013526891598111476,0.28728203203446,0.17078325143329512,0.0001,1.075052355934108
351,1.0766511199198678,0.7711129800301294,0.013514832115560226,0.29202331055492226,0.17136238285663405,0.0001,1.0754215557846045
352,1.0722151725093927,0.7711356723526187,0.013514438942528158,0.28756505870553106,0.1698077189873972,0.0001,1.0751033000965389
353,1.0768244956859951,0.771002374483654,0.013509619550337415,0.2923125030423758,0.17274637314780006,0.0001,1.075448703693328
354,1.073284523603157,0.7706888434127669,0.013507173704569045,0.2890885054883802,0.16947989165782928,0.0001,1.0749905516965876
355,1.0703549191627735,0.7707490321347003,0.013520262546036355,0.2860856265373694,0.17052780785437288,0.0001,1.0742875349328194
356,1.0740100100606256,0.7713158255174726,0.013518152807595522,0.2891760285014313,0.16875723221964575,0.0001,1.0744151773123907
357,1.068397082735994,0.7703823447227478,0.013517567158712577,0.2844971702197986,0.17068919158610563,0.0001,1.0737414741008326
358,1.0690050764693209,0.770489513753152,0.013514507131208997,0.285001055977891,0.1695607712314772,0.0001,1.07303409196784
359,1.0744731883248257,0.7705909774221223,0.013512044600976165,0.29037016766187385,0.1684693769073873,0.0001,1.0727341795064371
360,1.0720009872686065,0.7705439647119379,0.013492914290747343,0.2879641066639709,0.17010591627980826,0.0001,1.072721657574056
361,1.072048559271056,0.7705881769710332,0.013499791191751043,0.2879605920754872,0.16969811369270146,0.0001,1.0722614015091747
362,1.072607276889422,0.7703817480717905,0.013502431931408617,0.28872309545051256,0.1706507083398817,0.0001,1.0723006119471776
363,1.0711593751249642,0.7705617486584259,0.01350437869406617,0.2870932479840505,0.17198904405742824,0.0001,1.0717340998910743
364,1.0725921410576083,0.7702896204488031,0.013495384075095155,0.288807133813417,0.17110573474703164,0.0001,1.0716648616365196
365,1.0700175523999738,0.7704004993545115,0.01351531765765641,0.2861017325163855,0.17039413683675608,0.0001,1.07163112496024
366,1.067389715153112,0.7700754411322108,0.01351694910811604,0.2837973260613532,0.17073728073138977,0.0001,1.0709690954694886
367,1.070038700684089,0.7703766312608854,0.01348524354776069,0.2861768273564913,0.1704306478553563,0.0001,1.071133257264298
368,1.0688300884761384,0.7698430402041933,0.013493577316856771,0.2854934725872643,0.1701180676629287,0.0001,1.0711157584649798
369,1.0715607376901422,0.7701396575805866,0.013476937586105377,0.28794414196427887,0.1684690482959786,0.0001,1.070824513401511
370,1.0729428533366436,0.7706673237179645,0.013485442068707387,0.2887900888798928,0.17092277446637047,0.0001,1.070918700008315
371,1.070864079206517,0.7702803029008134,0.013487050305999075,0.2870967282666154,0.17111417862754807,0.0001,1.070800252001861
372,1.071112362172976,0.7699318497949875,0.013476474773569475,0.287704036909233,0.16921267977350865,0.0001,1.0706507605302165
373,1.072315661708917,0.7699565603331668,0.013483248666140419,0.28887585358614853,0.17184428879745592,0.0001,1.0707663891886117
374,1.0686138369006994,0.7699664313701297,0.013487916205524189,0.28515948902279076,0.17226972967446696,0.0001,1.0703685587729208
375,1.0687959544798906,0.7700531200995068,0.013469883926499929,0.28527294933554126,0.17084889636803835,0.0001,1.0702463989809123
376,1.0698337836633105,0.770185558355846,0.013485903430420294,0.286162323055838,0.17201873276224,0.0001,1.0704908058319325
377,1.0728665954201022,0.7698745443419559,0.013483302588395125,0.2895087500614762,0.17062369007126071,0.0001,1.0707735953055337
378,1.0689024917977819,0.7695588841883213,0.01346783754066328,0.28587576976654255,0.17036465245618299,0.0001,1.070780835637698
379,1.0687105415075353,0.7701833344859961,0.01348527328963212,0.28504193569656316,0.17289946589460237,0.0001,1.0704958160194373
380,1.0705205414890033,0.7700852207673249,0.01348413705342198,0.28695118236856093,0.168448351066688,0.0001,1.0702535848346733
381,1.0688296695509982,0.7690848676718273,0.013474888782230401,0.2862699136107737,0.16930432400040887,0.0001,1.0700501438691215
382,1.0689250875196399,0.7703301206563598,0.013489001179321784,0.2851059648905395,0.17061675486530783,0.0001,1.0698314164037879
383,1.0701968172984482,0.7694805420436434,0.013502118795445193,0.28721415791018257,0.17113578207715288,0.0001,1.069619531962741
384,1.0708773994542522,0.7698192644796313,0.013482505361158513,0.28757563050511403,0.16785362517011576,0.0001,1.0698458882180963
385,1.0680877324533753,0.7689350970376577,0.01348371123687249,0.28566892432997243,0.16961471026132363,0.0001,1.0697750660154446
386,1.0681132263150708,0.7695090520454468,0.01347172792252856,0.2851324480094968,0.1709191711509929,0.0001,1.0696030102806207
387,1.0711467749690429,0.7697891514393186,0.013474839454248518,0.28788278579832816,0.17108398830068522,0.0001,1.0694310282355148
388,1.0666438087246723,0.7690350490699676,0.013484798386904579,0.2841239628848633,0.1699758209817066,0.0001,1.0692051599282038
389,1.0655502184893006,0.7688508435146804,0.013472947097453336,0.2832264274388975,0.17090627418086687,0.0001,1.0688891276263806
390,1.0669475611276606,0.7686959541351752,0.013468391029636468,0.2847832138168401,0.17243575753594992,0.0001,1.0685318295902462
391,1.0681681126416576,0.7693549007721412,0.013467093026662212,0.2853461197798441,0.17158501841596369,0.0001,1.0684656738993121
392,1.0680366563506833,0.7688071038611762,0.013485245482191353,0.2857443068259628,0.17025816470807756,0.0001,1.0683768307824164
393,1.0682625399399965,0.7687542216047554,0.013458002411569591,0.2860503166188575,0.1706372952545874,0.0001,1.0681834030465711
394,1.0660334016681927,0.768039883512996,0.013462664873072874,0.2845308541888881,0.17166560728095365,0.0001,1.0676990032679654
395,1.0681986979248557,0.7695161865884343,0.013457838226767146,0.28522467380484023,0.1727677635682282,0.0001,1.0677100998151132
396,1.0691298308043644,0.769465732647004,0.013466481021161495,0.28619761777093394,0.17281130881145082,0.0001,1.0678117602640427
397,1.0670732262168405,0.7687813429271474,0.013467080452862908,0.28482480087217404,0.17122521700288412,0.0001,1.0674044053888223
398,1.0612780398577755,0.7682952932847199,0.013474248969288918,0.27950849603204164,0.1728120853946852,0.0001,1.066867828502133
399,1.067804603136577,0.7688592754561325,0.013469894082260906,0.2854754322682626,0.17217492073411633,0.0001,1.0670932669668605
400,1.0688533527855941,0.7693178728676229,0.013447493858801667,0.2860879860591695,0.17183905755288703,0.0001,1.067283846132654
401,1.0663356268381734,0.7692019447351808,0.0134683358983626,0.2836653452374147,0.17249934556638977,0.0001,1.0671005975523051
402,1.0653449109553323,0.7691583384364904,0.013445032295784167,0.28274153825840165,0.1732425480839205,0.0001,1.06683142301277
403,1.0616105435827925,0.7689575132201699,0.013465901175570536,0.2791871274490869,0.1728949358811485,0.0001,1.0661662233770497
404,1.0671981262386934,0.7693698141444285,0.013477267890140927,0.28435104562472135,0.17371737872369392,0.0001,1.0662826958340998
405,1.060558503829925,0.768189205359252,0.013448214192419459,0.27892108358306766,0.1702742900918512,0.0001,1.065518676424607
406,1.06512593751505,0.7686026346610961,0.013447369329827794,0.2830759343704394,0.173046000528529,0.0001,1.0651182870956757
407,1.065677568709391,0.7684084128656445,0.013472926302323718,0.2837962290275895,0.17128119827767657,0.0001,1.0649787213449304
408,1.0627953203406344,0.7681618751183484,0.013460135363178369,0.28117331100767573,0.17160055799972695,0.0001,1.0651304493932165
409,1.0604035458990333,0.7683864688051159,0.013458670031951843,0.2785584067294854,0.17254780284289656,0.0001,1.064390343669462
410,1.0618496118887926,0.7686768501815641,0.013449667433454347,0.27972309246024546,0.1743160245324245,0.0001,1.0636899695797817
411,1.0623218713377358,0.7685945809008383,0.013447065624213847,0.2802802250544875,0.17341229225873464,0.0001,1.0632885940297379
412,1.0616689460998132,0.768691691979917,0.013460780495804174,0.2795164717501124,0.1739017455621375,0.0001,1.062920997544186
413,1.0635370173270513,0.7685578893454514,0.013443494907015477,0.28153563168421236,0.16952526768854617,0.0001,1.063113644918612
414,1.06688565088334,0.7681265747813134,0.013460188560021576,0.28529888603073106,0.1728227079277348,0.0001,1.0630823973830767
415,1.0654311292553529,0.7677668834796542,0.01344831502461772,0.28421593202055107,0.171967520010157,0.0001,1.0635696599256195
416,1.0679823016298229,0.7685497695727475,0.013450750956428946,0.28598178158425414,0.1726572817648642,0.0001,1.0638552963370969
417,1.0658696192273263,0.7676140907811828,0.013458864442233381,0.2847966644270667,0.17174669205537915,0.0001,1.0638745013888902
418,1.0654505386072046,0.7682244245711012,0.01345078891963069,0.2837753264766194,0.17294644432909348,0.0001,1.0641400232155473
419,1.0664499084074164,0.7680819980029402,0.013457022622439247,0.2849108848803909,0.1728091219678128,0.0001,1.0647446594663859
420,1.0599636471779303,0.7674168993928612,0.013448151565226774,0.27909859679412646,0.17059431861307753,0.0001,1.0645560629952993
421,1.065875549103619,0.7679242657357732,0.013439902669275992,0.2845113824818729,0.17293660430347219,0.0001,1.0649114307718877
422,1.0623719779279603,0.7675129667256957,0.01344457431932492,0.28141443748744943,0.1735200163196115,0.0001,1.0649817339547023
423,1.0579128602697205,0.7679408811652394,0.013438648674599298,0.2765333308681513,0.17173508024239878,0.0001,1.064419318248969
424,1.0629560813217085,0.7676395528456744,0.013438787711803134,0.2818777414291916,0.17418673087447942,0.0001,1.064026361292806
425,1.0583742432613643,0.7678616728792326,0.013432469377653111,0.2770800986015531,0.17290999868820453,0.0001,1.0633206726934072
426,1.0589867131463413,0.7674118342070744,0.013437823156314255,0.2781370554655851,0.1726416171080684,0.0001,1.062421113845059
427,1.0617900802687747,0.7673752254695002,0.013434821887142035,0.28098003381889686,0.17348067111828747,0.0001,1.062013159949204
428,1.0595272010528534,0.7677846248686676,0.013439304688397576,0.2783032712539843,0.1736252184571891,0.0001,1.061420826193769
429,1.0585176162497267,0.7672603766284656,0.013424770585421858,0.2778324697310252,0.17417249972148066,0.0001,1.060627596978
430,1.0625381889256211,0.7675008380872482,0.013432548447506423,0.28160480254199394,0.1740604866953457,0.0001,1.060885051152769
431,1.0610479782609379,0.7672078114977715,0.013444716499978582,0.280395450021384,0.17393490300338119,0.0001,1.060402294068501
432,1.0575287297337823,0.768149602002111,0.01344201289132449,0.275937114024259,0.1721193728171304,0.0001,1.059917969249083
433,1.0628211315698604,0.767503235693152,0.013430268237363494,0.28188762691393343,0.17337439676206445,0.0001,1.0604087963790971
434,1.0599402701878886,0.7669744818012323,0.013435532548606516,0.279530255535795,0.17272303841297815,0.0001,1.0601072152657152
435,1.0610273272464048,0.7677710763581143,0.013422369231558717,0.2798338795711738,0.17476986103802616,0.0001,1.0603725236642192
436,1.0625361120725016,0.7669735787848189,0.013418937067956518,0.28214359573611864,0.17304233339205233,0.0001,1.0607274635568351
437,1.0609380737037737,0.7671120950222983,0.013425003442512806,0.28040097665956004,0.17431700912740603,0.0001,1.0606422629003354
438,1.0580735607998366,0.7674818690601759,0.013435160170704065,0.2771565333824854,0.1732700786895249,0.0001,1.0604968988750334
439,1.0636026055285703,0.7675127106554368,0.013423496279223212,0.28266640149555633,0.17270734476994792,0.0001,1.061005397802918
440,1.057664725891717,0.7670333593418825,0.013415661109630283,0.27721570450321414,0.17407094691757255,0.0001,1.0605180514995274
441,1.058003404803015,0.7671195330290959,0.013434328607323203,0.2774495430154684,0.17329638821599933,0.0001,1.0602135941537352
442,1.0591498233725527,0.7671172621284005,0.013431469518804647,0.27860109103016145,0.1734081178480423,0.0001,1.060375703517612
443,1.0625843067198206,0.7669655881353614,0.013428226203995834,0.2821904921386595,0.17571885726635644,0.0001,1.060352021032608
444,1.0590993158715734,0.7671781262084388,0.013416205410057827,0.27850498289293013,0.1729100783927929,0.0001,1.0602679256009764
445,1.0561336502583951,0.7662813924630806,0.013423709550203706,0.2764285465222585,0.1731114737221,0.0001,1.0597785579021757
446,1.0572657423135474,0.7664087581586161,0.013410809799333614,0.2774461704413983,0.17119740460513813,0.0001,1.05925152092628
447,1.0580733601026555,0.7662218202200187,0.01340585620601569,0.27844568491586563,0.1705640672609724,0.0001,1.0589650495661682
448,1.0588991313145077,0.7669631204063462,0.013414924575155696,0.2785210868317264,0.17428141339676376,0.0001,1.0590476066176355
449,1.059284020993579,0.7668353512611157,0.013418038041306316,0.27903062945447155,0.17395256093984685,0.0001,1.0586157481641363
450,1.0603504001973367,0.7672353796736464,0.013425340758859507,0.27968967749791984,0.17400211528034287,0.0001,1.0588843155946983
451,1.0549436018142933,0.7664618894729847,0.013414668021289137,0.2750670477052731,0.17389873649479168,0.0001,1.0585783352958262
452,1.0602495634048028,0.766523978168534,0.013418976481981258,0.2803066107793947,0.1735576491417556,0.0001,1.0586883092990511
453,1.0589631372726471,0.7664380783241612,0.013424574724317323,0.279100483619659,0.17340273550630342,0.0001,1.058326192354334
454,1.0579282735714322,0.7665189116528262,0.01340178519668734,0.2780075767521442,0.17253684743664569,0.0001,1.0582090881243196
455,1.059182264862873,0.7658412439586183,0.013413757629858795,0.27992726230718057,0.17360864053754246,0.0001,1.0585139495847675
456,1.0565485380000565,0.7672322859145081,0.013402780219459147,0.27591347231947144,0.17529186110709308,0.0001,1.0584422291534183
457,1.0575343380109776,0.7660926694076878,0.013420036308180247,0.2780216336854815,0.17349488053916676,0.0001,1.0583883269442507
458,1.0557042664978615,0.7667293500223218,0.01341624168063274,0.27555867533896566,0.17416329542836118,0.0001,1.058068840462586
459,1.0611613043423356,0.7671444503095523,0.01339233816274523,0.28062451414718587,0.1752064594390668,0.0001,1.0582565687974614
460,1.0579573676503937,0.7663328880954224,0.013414363106656026,0.2782101181409422,0.17644624502736223,0.0001,1.0580172655427673
461,1.0553012553141519,0.766502102296686,0.013422315067500178,0.2753768374965834,0.17470167238741327,0.0001,1.0580530308927532
462,1.0552866975144006,0.766482221910968,0.013413294091911393,0.2753911822671581,0.17543661488601692,0.0001,1.057556744303713
463,1.0595426594509798,0.7659132849372183,0.013395404235344629,0.28023396840443715,0.17351284783341098,0.0001,1.0576146965215463
464,1.0591291348784255,0.766368712542265,0.013398146049004297,0.27936227900744937,0.17425885612171513,0.0001,1.0577347826522456
465,1.0563233745025573,0.7660083307697614,0.013407861968808435,0.2769071820964678,0.17430032671827816,0.0001,1.057448893616214
466,1.0560657477523927,0.7660539989297337,0.013403611299232343,0.2766081378256815,0.17457466918604853,0.0001,1.0574006145914479
467,1.0527273636560652,0.7654789929215855,0.013407874542607738,0.273840495557137,0.1747138792494006,0.0001,1.0569199171559565
468,1.055829275452341,0.7662504138859484,0.013383146957258183,0.27619571249335095,0.17526810076730004,0.0001,1.0569324180514044
469,1.058340394835443,0.7663150996755634,0.013401091219687317,0.2786242034414719,0.17335712562105476,0.0001,1.0566503271007153
470,1.055859437337028,0.7660976945749403,0.013412123761360834,0.27634961925008716,0.17457936166145255,0.0001,1.0564405340693788
471,1.060574029570419,0.7656232268524944,0.013389692103403334,0.28156110895211994,0.1744695217565881,0.0001,1.0569678114950054
472,1.0571756544267914,0.7657250208255002,0.013396838373876731,0.27805379500072336,0.17444173254178455,0.0001,1.0571567071862442
473,1.0573570187870436,0.7650846136510977,0.013400625747309254,0.2788717766683435,0.1743441182991554,0.0001,1.0569381431198503
474,1.0584938572096292,0.7660828328277711,0.013397245329727265,0.279013778462734,0.17474673640050947,0.0001,1.0568746153529713
475,1.0586358716231572,0.7663204099295348,0.013391612509443117,0.278923849093503,0.17416848148583883,0.0001,1.0571058650650311
476,1.0577179174152398,0.7654682287821664,0.01340073141558417,0.2788489566583179,0.1745202648651769,0.0001,1.0572710820313156
477,1.052987695465707,0.7653362008669313,0.013381641002987752,0.2742698544421012,0.17582396092932318,0.0001,1.0572971152122796
478,1.053861942059128,0.7656065116789471,0.013377011185001892,0.2748784205553256,0.17495091174848182,0.0001,1.0571003818729587
479,1.0576197156799734,0.765386988376749,0.013385926975923427,0.2788467979697137,0.174637722074381,0.0001,1.0570283139574115
480,1.0564625448194043,0.7663535091262802,0.013388633969831176,0.27672040293231215,0.17762266676759622,0.0001,1.0570886247056492
481,1.0575130888946642,0.765598166303267,0.013389457311881726,0.2785254647052312,0.17623995338202006,0.0001,1.0567825306380738
482,1.051002919311214,0.7657105254111377,0.013393610292709381,0.27189878378871973,0.17550529612126264,0.0001,1.056165257126516
483,1.0551227564502197,0.7654502156056449,0.013395581961161708,0.276276959880854,0.17535220023101047,0.0001,1.0559418308928337
484,1.0549858260831775,0.7651924175374648,0.01339399379358814,0.2763994170643737,0.17481809112471935,0.0001,1.0555910277801888
485,1.0572318244899261,0.7643598675969648,0.013382184578003796,0.27948976983646834,0.17559221096744884,0.0001,1.0554506230668654
486,1.0560954604864603,0.7651693984170956,0.013384343886230344,0.2775417197246339,0.17391920745614575,0.0001,1.0552883773739876
487,1.0553073653343,0.7653560860887261,0.013390750720583159,0.276560527406648,0.1752073240388963,0.0001,1.0555203443608467
488,1.0528263072454904,0.7650355607210744,0.013388207186066354,0.27440254033579065,0.17557482261203122,0.0001,1.0554167808794832
489,1.054846333804527,0.7655096920943889,0.013382885083707302,0.275953756505529,0.17487204479881038,0.0001,1.0551394426919383
490,1.0545826404380025,0.7655824436135514,0.013372552322325794,0.2756276413284499,0.17418511408337714,0.0001,1.0549514522537984
491,1.0541180838919557,0.765266501153942,0.013387114716349945,0.2754644688075261,0.17475596946828506,0.0001,1.0546119517535273
492,1.058429300301457,0.7650559583251907,0.013388903339300871,0.27998443812313234,0.17578831535686587,0.0001,1.0553545898525516
493,1.055811138834963,0.7653481163553002,0.013373917063157893,0.27708910715446994,0.1760837703217841,0.0001,1.055423428091026
494,1.053127510431572,0.7651174848268288,0.013384030992070754,0.27462599665289233,0.17650407915424865,0.0001,1.0552375965258656
495,1.055489730399714,0.7653903309520311,0.01338061406211002,0.27671878239325043,0.17448060979224123,0.0001,1.0550633871168444
496,1.0590678296272944,0.764533551662979,0.013383242469772122,0.28115103528296487,0.17280022555142338,0.0001,1.0553606240309277
497,1.0528803108671858,0.7654138347681831,0.013388019788095966,0.27407845682473986,0.17484544420097228,0.0001,1.0551179185842163
498,1.0539721422214778,0.7653165922687213,0.01337090152755954,0.27528464854609896,0.1751200098234548,0.0001,1.055232502081815
499,1.0539597543693218,0.7650170895680937,0.013382586214170012,0.2755600768944313,0.17565041420788602,0.0001,1.0551438441382943
500,1.0562489304774674,0.7650461941655219,0.013354235198386542,0.27784849930003014,0.17620850050666995,0.0001,1.055310473142241
501,1.053603015008853,0.764477951410576,0.013381777863957094,0.27574328494845735,0.1761825354297553,0.0001,1.0552589662539307
502,1.0543330824399333,0.7645565455148476,0.013372043083454,0.2764044941892247,0.1782814572597372,0.0001,1.0548493444677782
503,1.0526791432566383,0.7645266317208931,0.013369286036152868,0.27478322725267,0.17588856689344798,0.0001,1.0545361449099457
504,1.052049178985263,0.7651850381680967,0.013367113428715518,0.273497027841833,0.1755899813849834,0.0001,1.0544283117653148
505,1.0533610681491257,0.7647561699333346,0.013361714916345314,0.27524318172772083,0.17416603186188556,0.0001,1.054215445540256
506,1.051683915072474,0.7642553331402204,0.013364190020377448,0.2740643925466112,0.17508827790648168,0.0001,1.053477054084774
507,1.0528629911840566,0.7644252353942902,0.013354991077167751,0.27508276752356825,0.1744529008260847,0.0001,1.053475322116461
508,1.0523526773733252,0.7645322592214928,0.0133605257250958,0.27445989257786385,0.17550972862732095,0.0001,1.0533133756316457
509,1.053825114972693,0.7640643342271538,0.013370700830378349,0.2763900830586106,0.1757008538828902,0.0001,1.0532999116919828
510,1.0544177675827522,0.7654083533170982,0.013348064364574502,0.27566134766439393,0.1776628244600238,0.0001,1.0531167954025114
511,1.0596970133558974,0.7645283977351855,0.013360108613484288,0.2818085088207562,0.175501860965338,0.0001,1.053726195237216
512,1.052623640209376,0.7639643506394439,0.01336005541664108,0.27529923440265125,0.17755680850142155,0.0001,1.0535552510141604
513,1.0535533544257978,0.7645456772788785,0.013352859334578138,0.2756548172682826,0.17602848689285303,0.0001,1.053642672131076
514,1.0546118822591057,0.764614074031915,0.013373137003993408,0.2766246721601873,0.17729246719130154,0.0001,1.0538989424584604
515,1.0531110456458936,0.7644229085160076,0.013365146354536015,0.2753229913496342,0.17598061526522918,0.0001,1.053873940208137
516,1.0517277254535993,0.7640996934434221,0.013369851131710029,0.27425818213282444,0.17483351768030356,0.0001,1.0538783212462497
517,1.0531329534358476,0.7648714190806143,0.013367932418297077,0.2748935998211526,0.1741948494986153,0.0001,1.0539053174714288
518,1.049908107603781,0.7644954717908863,0.013351076756723028,0.2720615600233871,0.17607494611406424,0.0001,1.0536608604944742
519,1.0514168092493594,0.7638951914789227,0.013370819797864067,0.2741507974587396,0.1759145358089985,0.0001,1.0534200299221408
520,1.0520639263592193,0.7643013904834616,0.013357446353285597,0.27440508991540324,0.17649420603172775,0.0001,1.0531846457997875
521,1.0561801759756604,0.763800200052242,0.013350078832305228,0.27902989775607356,0.17502639438148446,0.0001,1.052832962061764
522,1.0527461796213116,0.7640228720030485,0.013356332604831905,0.2753669739857649,0.17767487006908014,0.0001,1.0528452160029573
523,1.0521190621064593,0.7648916772848211,0.0133585277000257,0.2738688552778584,0.17834494058911748,0.0001,1.0527017867710238
524,1.046977041096523,0.7642908450556092,0.013359285029629906,0.2693269080189614,0.17748856335938823,0.0001,1.0519383026547655
525,1.0519479815423125,0.7638667204075362,0.013356757454166064,0.27472450331790454,0.17713481901141742,0.0001,1.0518219962444073
526,1.049297964355283,0.7633949300580286,0.013334125824438874,0.27256890665928685,0.17551040909353183,0.0001,1.0515790201345756
527,1.053371025147351,0.7640106317721322,0.013356881983139935,0.27600350861133477,0.17564633951104922,0.0001,1.051602827305726
528,1.0459021442318543,0.7633870132796421,0.013343602600252412,0.26917152780790116,0.17456447231842104,0.0001,1.0512022309685336
529,1.0532794657633706,0.7636670664889817,0.01334629895479152,0.2762661016797439,0.17581546436579668,0.0001,1.0513884966199345
530,1.0501716480293815,0.7635913996619095,0.013351413831265896,0.27322883474778453,0.17586491406568408,0.0001,1.0511992687869507
531,1.048713859148006,0.7640643875448989,0.013346603144013132,0.2713028695472114,0.17595994366714485,0.0001,1.0504526371041853
532,1.0511442789199628,0.7641894316818361,0.013350879444795497,0.27360396785378216,0.17519505494264753,0.0001,1.0502924470340502
533,1.0480615508725628,0.7632585634566224,0.013337164331401337,0.2714658246260386,0.17476420548818175,0.0001,1.0498866959106607
534,1.0501284486865416,0.7641245977873734,0.013335873824345897,0.27266797737707715,0.17768891887176352,0.0001,1.0502018366696624
535,1.0470204978395428,0.762810140545905,0.013333968168339913,0.27087638637477923,0.1758449141381962,0.0001,1.0497090882993856
536,1.0492486643017427,0.7638042719078838,0.013332457861600493,0.27211193332323924,0.1776688436828327,0.0001,1.0497041582940316
537,1.0489956441563961,0.7629679752169951,0.013347762109783551,0.27267990492541216,0.1777193472847252,0.0001,1.049266620194936
538,1.0515081511307924,0.7638236399112802,0.013326200220212492,0.2743583110899761,0.17436584153233387,0.0001,1.0498272208848298
539,1.0513330892665391,0.7634531011687815,0.013350675362360646,0.27452931482095505,0.17609173089688981,0.0001,1.0496325832351467
540,1.051634017400761,0.7634053090039421,0.013326824799512511,0.274901883264826,0.17637002205147462,0.0001,1.0497788201722849
541,1.0472499166008908,0.7631636862822527,0.013322023784413058,0.2707642030885205,0.17589564866274898,0.0001,1.0496324259175733
542,1.0429537083507794,0.7631751256588748,0.013335249728653542,0.26644333193558467,0.17641732900669801,0.0001,1.048813368860655
543,1.053267407006231,0.7631553035478805,0.013357773755675156,0.27675432849365605,0.1755497047855211,0.0001,1.049333954474022
544,1.0495661401603575,0.7636266535726087,0.01333290785853326,0.2726065782909461,0.17878589439101925,0.0001,1.0492777236214035
545,1.0523510273039705,0.7639630004068417,0.013328037203929971,0.27505998960252226,0.17786496291295995,0.0001,1.0498107765678462
546,1.0459696510258842,0.7637697203164169,0.013350374316588861,0.26884955373303643,0.17655162549526648,0.0001,1.0494828752402605
547,1.0456829922194413,0.7634342056500742,0.013329004661064844,0.2689197796413913,0.1781547984172558,0.0001,1.0491516100465648
548,1.046039251841106,0.7628106389036043,0.01333829984219998,0.2698903140020661,0.1758346997700163,0.0001,1.0486047201175963
549,1.0509959060328486,0.7636000406427751,0.01332611776510552,0.2740697466577526,0.17649374460956388,0.0001,1.0485710017942271
550,1.0452966023893917,0.7630950305573113,0.01333496391652322,0.26886660888277253,0.17748986879783035,0.0001,1.04793726029309
551,1.0473102221140755,0.7626154105996988,0.013325771502017008,0.2713690387882277,0.1775244794801089,0.0001,1.0479432908444086
552,1.0483525981767665,0.7630966587434193,0.01332576207166753,0.2719301752458963,0.17690585747089155,0.0001,1.0484831798270073
553,1.0517470864446845,0.763841963443021,0.013326405269862672,0.2745787203614175,0.17657340781925657,0.0001,1.0483311477708526
554,1.0512414378762003,0.7624815487232943,0.013329398317704577,0.27543049162106387,0.17603299215163953,0.0001,1.0484986775424372
555,1.0449238981726687,0.7628691570028572,0.013335579065473762,0.26871916171140653,0.1752838461563505,0.0001,1.0477559646293069
556,1.0484750024203597,0.7625158348141529,0.013327910498721604,0.272631257288838,0.17658077706308925,0.0001,1.0480064997687546
557,1.0477389383751288,0.7633737300278932,0.013316233308029949,0.27104897788040055,0.1769965373841067,0.0001,1.0482120943843232
558,1.0468562251414053,0.7631352543830872,0.013325395738860898,0.2703955757448688,0.1752503085994817,0.0001,1.0482937917143533
559,1.0456715744842622,0.7625571704539518,0.013306524884144626,0.2698078769094804,0.17690826308654722,0.0001,1.0477613585594943
560,1.0513174776856846,0.7628689952360931,0.013327227161090223,0.27512125534895226,0.17919196397005666,0.0001,1.0483634460891236
561,1.0487443733408774,0.7631072005442141,0.01331972181192518,0.27231745254135037,0.1775042615966913,0.0001,1.0485068612118036
562,1.048592021934401,0.7629026153991962,0.013329947454208776,0.27235946019933865,0.17602192599923325,0.0001,1.0485308035875671
563,1.048596188577145,0.7627602786611591,0.01333527318362532,0.27250063470725355,0.17808342814203693,0.0001,1.0482157138008132
564,1.0451803850595656,0.7623559935339566,0.013326213035815628,0.26949818027309663,0.17999273354214054,0.0001,1.0476096085191497
565,1.0453606349459525,0.7630304223867266,0.01331626667695887,0.26901394606362006,0.17860821506072735,0.0001,1.0476532821964781
566,1.0458639110561316,0.763022755875307,0.013320772691382356,0.2695203814920015,0.17766418895905206,0.0001,1.0473921730600555
567,1.0497182127670148,0.7626848365907495,0.013317047461534852,0.273716329440142,0.17785703691580232,0.0001,1.047590100499244
568,1.0482982543370787,0.7624938831368034,0.013326024187022242,0.2724783471341549,0.17768083518828146,0.0001,1.0477343034188114
569,1.0468107379716018,0.7619159985749282,0.013302249792381426,0.27159248715602846,0.17774575836880938,0.0001,1.0478482197675454
570,1.044024864751959,0.762151386142986,0.013326034342783217,0.2685474385535741,0.17800097119131147,0.0001,1.0471189584741727
571,1.0487312259828827,0.7633012947881439,0.013300621968979284,0.27212930662636825,0.1781052279968049,0.0001,1.0471176437383733
572,1.048266219439903,0.7622583831299633,0.013297339723753398,0.2727104982183623,0.17616589678712113,0.0001,1.0470850634889233
573,1.0476653069318187,0.7627514710774528,0.013321615619543358,0.27159222102068503,0.176788747219962,0.0001,1.0469919753243908
574,1.0486644095387951,0.7624175548553467,0.013308837254197313,0.272938016975869,0.1753266746023364,0.0001,1.0473403777723138
575,1.0517190770977167,0.762700816922449,0.0133108115824918,0.27570744952976584,0.17861488216668064,0.0001,1.0479762219874902
576,1.043454044247254,0.7631664319647736,0.013324845393337536,0.2669627647733592,0.17611678174373827,0.0001,1.0477352353066025
577,1.046448709756801,0.7619842137332862,0.01330703944270074,0.2711574555229222,0.1751729791594809,0.0001,1.0474082850055808
578,1.0453669087881974,0.7627028686279699,0.013326246162940716,0.2693377969140455,0.17704020706562676,0.0001,1.047115150450693
579,1.048148113863947,0.762661369649682,0.013307700292575674,0.2721790424708662,0.17761511807509417,0.0001,1.0472488880399276
580,1.0451761572404517,0.7618214166430383,0.013302762416506877,0.27005197772752443,0.1767957847391616,0.0001,1.0473640172887768
581,1.0452191209454564,0.7627339479163985,0.013297454580573959,0.2691877164233771,0.17668832466761916,0.0001,1.047012806785034
582,1.0491058538699973,0.7625263428833131,0.01330935834145691,0.2732701503783162,0.1774985763654264,0.0001,1.0470967702280434
583,1.0445484236094338,0.7627430029863276,0.013308154883781263,0.26849726661586376,0.17636417849915023,0.0001,1.046785081895805
584,1.0442849653971364,0.7623082169654645,0.013304280702772779,0.2686724678800266,0.17963191894077626,0.0001,1.046347137481639
585,1.0489478736329998,0.762477067131058,0.013302459194500597,0.27316834890939157,0.17853057992023097,0.0001,1.0460700171351676
586,1.045679874038116,0.7620257059410668,0.013311737207563606,0.27034242847144724,0.17704927292605202,0.0001,1.0462926001142536
587,1.0409761281574474,0.7624882875543095,0.013310054011083762,0.26517778662227953,0.17891004690654863,0.0001,1.0457453419543186
588,1.045767098000277,0.7625031311661912,0.013303901312559178,0.269960065551752,0.17756596654955803,0.0001,1.045785360875526
589,1.0442395890943903,0.7621909340061475,0.013301566696553878,0.26874708772672845,0.17630686981199237,0.0001,1.0453945083985707
590,1.043624979608199,0.761954399078903,0.013301593294975482,0.2683689872947716,0.17688560352847735,0.0001,1.0452393906353454
591,1.047639998412761,0.7627090815356489,0.013288379682730467,0.2716425380255823,0.17693035561462928,0.0001,1.0454814783820758
592,1.0440543299998037,0.762204541516836,0.01330076439143678,0.26854902152236526,0.17657745712669093,0.0001,1.0449763259950564
593,1.042432447838735,0.7617234613058775,0.013305613041891288,0.26740337385367186,0.1779653524288541,0.0001,1.0447647284179866
594,1.0470165320148817,0.7617400841103606,0.013287120610173285,0.2719893282011121,0.1772763518121615,0.0001,1.045037885079761
595,1.0459426234024776,0.7617942767017511,0.013304315280720864,0.2708440330219559,0.1787395049302138,0.0001,1.044737360056709
596,1.0467140076126578,0.7614480369473084,0.013276438925861103,0.271989531180317,0.17691066268733258,0.0001,1.0448407734141631
597,1.045866792148799,0.7625622172626472,0.013296086212684369,0.2700084875853502,0.17831651975247728,0.0001,1.0453298398132982
598,1.0461004515448642,0.762398145382593,0.013300970650106124,0.2704013366909588,0.17715869012759133,0.0001,1.045363175167757
599,1.0456880656265584,0.7618600049076892,0.013291433181530563,0.27053662929041633,0.17803802781003483,0.0001,1.0455080228209739
600,1.0439043932464012,0.7623577937634914,0.013301084056103689,0.2682455143084633,0.17706860462864804,0.0001,1.0455359641847939
601,1.0437042853411507,0.761512419756721,0.013310849062085878,0.2688810141496436,0.17687281444819897,0.0001,1.0451423928776329
602,1.0445106654573406,0.761074465863845,0.0132970570550729,0.27013914311270687,0.17511792390269149,0.0001,1.0451880264233868
603,1.0432027594071132,0.7620488572072306,0.013301422097861887,0.267852480948334,0.1774910076032062,0.0001,1.0452650575802245
604,1.043836603058279,0.7615469480141182,0.013295626785402123,0.2689940286139083,0.17623174021258559,0.0001,1.0449470646845642
605,1.047251741010809,0.7612897895170757,0.013299872618901561,0.27266207700085204,0.1745719811132907,0.0001,1.0450779764453972
606,1.0413684344436769,0.7611492164961948,0.013276075252896632,0.2669431426341345,0.17673813417160972,0.0001,1.0445434191284992
607,1.0451684669113546,0.7613437037922548,0.013282767657575936,0.27054199781911126,0.17695929261177598,0.0001,1.0444735866047545
608,1.0451349073201115,0.7617885193524931,0.013301080187242366,0.2700453057250435,0.1777942341130839,0.0001,1.0443770321822794
609,1.0441912164794505,0.7616412817343737,0.013292897787345593,0.26925703931531847,0.17603081362000828,0.0001,1.0442273472675687
610,1.051216844371076,0.7618860186476253,0.013292271031811078,0.27603855484276707,0.17787371666508806,0.0001,1.0449585923800364
611,1.0452200401627267,0.7608955450522247,0.01328997873147651,0.27103451776939763,0.1778739176947495,0.0001,1.0451101678621937
612,1.044464115801496,0.761864461352327,0.013287894382438117,0.2693117584496676,0.17593117904590544,0.0001,1.0451055128966096
613,1.04184102951634,0.7615593601675594,0.013290543585229839,0.26699112340596337,0.1796729036929883,0.0001,1.044969339907532
614,1.046550688105229,0.7615285359821745,0.013275379825073614,0.27174677232820654,0.17986392859996694,0.0001,1.045240748412227
615,1.0425976236741876,0.7614882698407279,0.01329893514544195,0.2678104229044721,0.17668742017015723,0.0001,1.0447753366785648
616,1.0419210706956488,0.7618044692169097,0.013280286508447984,0.26683631560502624,0.17725382518574867,0.0001,1.044830600303762
617,1.042781799729407,0.7605866726948813,0.013299955557616197,0.26889516920999873,0.1761615804073535,0.0001,1.0445919335855676
618,1.0441230750712613,0.7613584836888265,0.013273373578673203,0.26949121991954517,0.17881543916209958,0.0001,1.0444907503606824
619,1.0425390237243375,0.761234164358878,0.01327328749650874,0.26803157202007805,0.17545465302878413,0.0001,1.0443255310851711
620,1.0426982301485708,0.7616171738922475,0.01327389635855963,0.2678071613485866,0.17799479210594363,0.0001,1.0434736696629205
621,1.0388848220600801,0.7609100137472636,0.013284514690267629,0.2646902941061565,0.1768075379167077,0.0001,1.0428401478526559
622,1.042006040320677,0.7610880992475436,0.013284486399219196,0.26763345369158603,0.17838077117173232,0.0001,1.0425943403045739
623,1.0396810296099277,0.7608748548654707,0.013282283082695084,0.2655238917524384,0.1786043194196287,0.0001,1.0423783403139328
624,1.0417077489363495,0.7609969063172718,0.013273002651593748,0.26743783936297433,0.17786115737401448,0.0001,1.0418940463970447
625,1.0432515951972945,0.7608359035323647,0.013275611231341565,0.2691400813101271,0.17701460817039133,0.0001,1.0419594435493553
626,1.042471403282506,0.7610755667966955,0.013283557630697563,0.2681122815149551,0.1772437884829349,0.0001,1.0420144768080408
627,1.0420603541766895,0.7611474337974378,0.013282990358905908,0.26762992726982726,0.17901413042937042,0.0001,1.0419423322527694
628,1.0395504868538337,0.7604964543549575,0.01327676536103533,0.26577726813528163,0.17688610161414736,0.0001,1.0414850734310266
629,1.0433296587839571,0.7610016896806914,0.013280029712777593,0.26904793890688045,0.1759974653048641,0.0001,1.0415641369369886
630,1.0408952579536979,0.760421315506554,0.013271975952519848,0.2672019670386827,0.1761657499215182,0.0001,1.0413838397175013
631,1.04241965315163,0.7610717732572653,0.013278453393591828,0.26806942538243034,0.1771525798958649,0.0001,1.0417373228266564
632,1.0410016084781284,0.7604133556870853,0.01327227385484181,0.26731597666929025,0.1760579441007204,0.0001,1.0416368796424014
633,1.0443109473398684,0.7610049994915542,0.013273612480859969,0.27003233464204274,0.17739798938647727,0.0001,1.0420998714153955
634,1.043665688008856,0.7612798502914321,0.013290486277721475,0.2690953532834566,0.17770571891845602,0.0001,1.042295665322646
635,1.0425379149328622,0.7612575716953007,0.013265972688763911,0.26801437065458683,0.1778544500379485,0.0001,1.0422242972962033
636,1.041053944378789,0.7611434624112886,0.013266316292010263,0.2666441662044361,0.17861477398969097,0.0001,1.0420825514058312
637,1.044054656193174,0.7608592654096669,0.013284233230606296,0.2699111574622245,0.1760188056416734,0.0001,1.0422819816074795
638,1.045011257544976,0.7605273102166444,0.01328125251475986,0.27120269558432136,0.18085078873934174,0.0001,1.042828058676594
639,1.0418042785981123,0.76047331989416,0.01325336745496212,0.2680775896470397,0.1789364328430342,0.0001,1.0426755206580094
640,1.0426909219904315,0.7613416927097777,0.013269146364068889,0.26808008300726116,0.17892367678409174,0.0001,1.0428550870616826
641,1.04044197780849,0.7606800596322297,0.013266595575437102,0.26649532329600917,0.17700061851897056,0.0001,1.0426573195273687
642,1.0400503607840856,0.7602613743613748,0.013276972828723838,0.2665120160724764,0.17951859316163324,0.0001,1.0425621947579644
643,1.0443494560510584,0.7615882207849205,0.01326566245444648,0.2694955708470354,0.17691358663972928,0.0001,1.0425660456290835
644,1.0412278424411952,0.7610983962219579,0.013258086014954604,0.26687135923706734,0.17648660214750084,0.0001,1.0423222610723175
645,1.038721264859484,0.7604656399626277,0.013264330840739469,0.2649912957487435,0.18110624620687163,0.0001,1.0419405960649795
646,1.0433604022068619,0.7609370480202758,0.01326155735077771,0.2691617951734071,0.17840586904942626,0.0001,1.0421712418477869
647,1.0482314260446033,0.7612176958252402,0.013267851262740625,0.2737458795309067,0.17770678403411386,0.0001,1.0425889188329296
648,1.0430114459072601,0.7613314477231875,0.013245071890871617,0.2684349280765042,0.1777946008992727,0.0001,1.0423889376691582
649,1.0391675951998325,0.760029750107268,0.013274702774341885,0.26586314148702195,0.1762923551439997,0.0001,1.0421252693293301
650,1.039621051015525,0.7604966492488466,0.013250207804279443,0.2658741951714181,0.17767437687993776,0.0001,1.0418182822318394
651,1.0444533033013101,0.7608217947623309,0.013266475640736053,0.27036503515004146,0.17825234906547693,0.0001,1.0422194147811215
652,1.0384320354364949,0.7605588658586235,0.013264236537244692,0.2646089322698769,0.17763155245394058,0.0001,1.0420575822463625
653,1.0394713671889315,0.760633715509643,0.01326559861823463,0.26557205200316214,0.17852173035333413,0.0001,1.0415697733601497
654,1.0415720346007822,0.7604599512856582,0.013262459037270071,0.26784962394537354,0.17815162208210866,0.0001,1.0416041925761086
655,1.0444498318445852,0.7606385014120028,0.013253875726618583,0.2705574549931058,0.17847096536149842,0.0001,1.0421770492746187
656,1.041894502983132,0.7599968617634647,0.013260856361466537,0.2686367851000045,0.1795960049660646,0.0001,1.0420304593522456
657,1.0404901227651213,0.7603092293952106,0.013250951834672847,0.2669299421699729,0.17980303148347998,0.0001,1.0412563290242973
658,1.0428928677257128,0.7604423326120899,0.013259083697568572,0.269191451144025,0.17934284696230782,0.0001,1.0412444712061426
659,1.03873528670104,0.7599546659065308,0.013259530067443848,0.2655210906363888,0.17762789471758791,0.0001,1.0412012403562634
660,1.041380109579036,0.7603764335717439,0.013265279195371554,0.2677383977489104,0.18012888179468575,0.0001,1.0413771462126147
661,1.0375089803767252,0.7608614623183895,0.013244824525550702,0.2634026925353443,0.1788227259205998,0.0001,1.040682713920156
662,1.0409799062214324,0.7600712739913507,0.013261446846426137,0.26764718601839055,0.1771829249167297,0.0001,1.0409375009986497
663,1.0408759078437853,0.76044355843662,0.013247532486673784,0.2671848160439524,0.1773578911475671,0.0001,1.0410779550641354
664,1.0410854506927862,0.7599443694157243,0.013256816061224946,0.267884267361846,0.17624086165766686,0.0001,1.0410292966733357
665,1.0404289995922762,0.7601221831284962,0.013239669026032424,0.2670671455335424,0.1787266355559502,0.0001,1.0406272134481047
666,1.0438426302606145,0.7604865310883667,0.013261917880292354,0.27009418180578865,0.1771858717195886,0.0001,1.0408220261758532
667,1.041437796114908,0.7606203158293486,0.013247296969740675,0.26757018373897545,0.1762110258756738,0.0001,1.0409167935108319
668,1.0425050114763195,0.7600196751087722,0.01324066138896207,0.2692446744949774,0.18032380872033915,0.0001,1.0408780078858924
669,1.0406731751579301,0.7594878906894166,0.013245775056417284,0.2679395088680376,0.1785303039918323,0.0001,1.0410717967315815
670,1.0386840173970855,0.7604831411195333,0.01323757597205605,0.2649632992627171,0.1779332872457485,0.0001,1.0408021875133862
671,1.039167199729664,0.7600767068398652,0.013252002955933855,0.26583849183807023,0.17859143387473378,0.0001,1.0409680094486802
672,1.0402594067262103,0.7596852462625406,0.01325319045455654,0.26732096954061824,0.17782563560511955,0.0001,1.040895959499158
673,1.0407757111059968,0.759598940066827,0.013251083134154035,0.26792569304334707,0.17819341603084704,0.0001,1.0408859398253791
674,1.04578295174767,0.7605299369316797,0.01325285217099451,0.27200016349130907,0.177374909694248,0.0001,1.0413556899308676
675,1.040579499990413,0.7603059911582823,0.013257226644132973,0.2670162835783697,0.17830632965535712,0.0001,1.0413707399706813
676,1.0405483965216011,0.7597522929038769,0.013249846065745634,0.26754625836806656,0.17806108767434986,0.0001,1.0410413165967798
677,1.0380628585331821,0.7593445712606032,0.013244980005415168,0.2654733069800218,0.17852384529055737,0.0001,1.0407038228386072
678,1.0397483921679715,0.760070061949639,0.013243039046049601,0.2664352932276155,0.17919842388035076,0.0001,1.0404281609077726
679,1.0383617813882189,0.7597026143064364,0.01324348033804439,0.26541568855726694,0.17791008054605603,0.0001,1.0401970215308012
680,1.0389311638855305,0.7601863346525428,0.013250112533569336,0.2654947133595029,0.17768459430089104,0.0001,1.0402217361796458
681,1.0395434298089745,0.760017805965145,0.013246680128163305,0.26627894492468535,0.1774284452139485,0.0001,1.0402593591875768
682,1.0389875373056887,0.7599529951629483,0.013243872785664959,0.2657906653068612,0.17855585222916479,0.0001,1.0401321722455248
683,1.0397309972838504,0.7596119144141795,0.013240814934395873,0.266878267995726,0.17552493264781535,0.0001,1.04002770086331
684,1.0385800984519975,0.7591525795009992,0.013252918908852352,0.26617459998169485,0.177401199574161,0.0001,1.039307415533743
685,1.0397082075144166,0.7598355590209033,0.013257731046928112,0.26661491835334966,0.17967832284936072,0.0001,1.0392202862861433
686,1.0396229847207756,0.7598716568269788,0.013238396654264439,0.2665129314208853,0.17801798789423812,0.0001,1.0391277451060608
687,1.0402094966016,0.7595938844322917,0.013243886568483427,0.2673717280490887,0.17705855604722098,0.0001,1.0393424089129024
688,1.0410028113312944,0.7600012629559267,0.013253695340959343,0.2677478531553102,0.17907324947159867,0.0001,1.0394678508292348
689,1.037799233959848,0.7594552744958271,0.01324806566412502,0.26509589310470993,0.17770657738251328,0.0001,1.0394115960863977
690,1.0365229409800099,0.7598389911845055,0.013238007350093695,0.2634459418106756,0.17963966524746064,0.0001,1.0391707737958455
691,1.0396487786610276,0.7595951424167315,0.013251623082112588,0.2668020117264732,0.17787450551986694,0.0001,1.0391813086810509
692,1.039903911446461,0.759101090155557,0.01323916945931394,0.2675636498367085,0.17812646181902586,0.0001,1.039272946095128
693,1.039462488998506,0.7592890951744683,0.013233643758127705,0.26693975060996855,0.1771683348663922,0.0001,1.0392460952665936
694,1.0388307870038866,0.7592363791581825,0.013234822310008576,0.2663595868656166,0.17741385319895484,0.0001,1.0392711641217824
695,1.0402884803727481,0.7599213085841939,0.013241701870854437,0.26712547094536604,0.17889091593135928,0.0001,1.039329191407616
696,1.0403385191369976,0.7598544945581448,0.013237904825268603,0.2672461198442606,0.1776950663412802,0.0001,1.0394007448492382
697,1.0413903237356374,0.7591640465641603,0.01324161530508231,0.26898465969016055,0.17799646015945844,0.0001,1.0395188275626417
698,1.036859157481977,0.7596943840293807,0.013236151747481092,0.263928622763007,0.17986749469266702,0.0001,1.03910446217771
699,1.0383190338558406,0.7604302806254575,0.01323826535478325,0.2646504888730407,0.1783203823269018,0.0001,1.0391564421673094
700,1.0374618172645569,0.7590957351678767,0.01323730781160552,0.265128770552228,0.17645519814675042,0.0001,1.039250329795764
701,1.0387580084026948,0.7595714495099825,0.013248634628543506,0.2659379226622185,0.17705678767534105,0.0001,1.0391612527699308
702,1.037280391727935,0.7590660105854212,0.01322719146465433,0.26498719248882896,0.17782987642118944,0.0001,1.038898900798078
703,1.0376798347333867,0.7589800313084895,0.01323064563240531,0.2654691579133937,0.1758769150317078,0.0001,1.0387206353715661
704,1.0379978267222825,0.7596357337843332,0.013232596989335686,0.2651294965833486,0.17775869650603793,0.0001,1.0386373393434059
705,1.0389582647754987,0.7591529886330842,0.013227582461451904,0.2665776915349535,0.179067549429849,0.0001,1.0385043177836806
706,1.0383229561558118,0.7592734480484504,0.013238361592708688,0.26581114787479926,0.1779997050157667,0.0001,1.038302761485562
707,1.0343680199213008,0.7590297674552422,0.01322964432273385,0.2621086066320508,0.17825559848583253,0.0001,1.0376005311041285
708,1.0385618544737176,0.758776891304078,0.0132326613091552,0.2665523003114285,0.17785255997828972,0.0001,1.0377708008033024
709,1.0377001379131061,0.759673117986799,0.013222451625924565,0.2648045696303037,0.18024789017547702,0.0001,1.037708911209029
710,1.0374603547140744,0.7595092928675561,0.013246791357926375,0.26470427230212074,0.17874747278965994,0.0001,1.037708764953981
711,1.0358777142925146,0.7586535836813658,0.013232736268343355,0.2639913947508495,0.17714244405347968,0.0001,1.0374207355429628
712,1.0360855986090267,0.758987681981758,0.013228104757730666,0.26386980930037235,0.17732034675006209,0.0001,1.037301256231072
713,1.0346706780410442,0.7585678258967448,0.013225402841703404,0.2628774478215475,0.17745883143214136,0.0001,1.0370003405618378
714,1.0348726178521317,0.7593092988519108,0.013234470001824246,0.2623288493459897,0.17765052126943462,0.0001,1.0366878196748226
715,1.0401997850342648,0.7592044319148963,0.013224005457353883,0.2677713461205152,0.1778240680815482,0.0001,1.0368119717006992
716,1.035663213014119,0.7596007520238478,0.013234911535622866,0.2628275463111986,0.17926253925472438,0.0001,1.03654599738653
717,1.0330441000495432,0.7587333094275748,0.013223191787456644,0.2610875968849683,0.17913807898336684,0.0001,1.0364136053993545
718,1.039008147334472,0.7589476872651137,0.013231215322235293,0.266829242842918,0.17866219220490293,0.0001,1.0364582346854296
719,1.0380277650593261,0.7593019567203328,0.013226093433449767,0.26549971632614094,0.17698351494801698,0.0001,1.0364909974000516
720,1.0379770911973099,0.7590323049446632,0.013212462467789407,0.26573232302922023,0.17971004950710048,0.0001,1.0365426710483754
721,1.0378340060764104,0.759108365791081,0.013215211051956393,0.26551042983788264,0.18009522744656575,0.0001,1.036738300226765
722,1.0395258087173678,0.7593081887305145,0.013223408201886964,0.266994211225795,0.17770180078960093,0.0001,1.037082321237599
723,1.0391474374651184,0.7598019810525689,0.013217458860385733,0.26612799731035985,0.17763772703571204,0.0001,1.0375299971800065
724,1.0346302515836565,0.7587978688746873,0.013220117493526931,0.2626122665755889,0.17827662952531423,0.0001,1.0375057605531588
725,1.0360769125317464,0.7587199393682499,0.013224982828445898,0.26413199187654995,0.17867958636361253,0.0001,1.037093473302907
726,1.0416500395500152,0.759455043089559,0.013227556104834132,0.2689674400533672,0.17810035314086,0.0001,1.0376921559564967
727,1.036206040493615,0.7592378918829603,0.0131985993704496,0.2637695486508083,0.17944589529269608,0.0001,1.0380083500009039
728,1.0414637659674484,0.7589589892971588,0.013216096779395795,0.26928867995134476,0.1780970680242136,0.0001,1.0382539118642016
729,1.0394658711087148,0.7587888880385346,0.01321525989633061,0.2674617211185169,0.17952407666805067,0.0001,1.0383977224691403
730,1.038452871310058,0.7584331150470834,0.013221647144572971,0.2667981090579507,0.17716531727546128,0.0001,1.0384453004804153
731,1.0383925884055318,0.7589061899794526,0.01322099790128201,0.2662654009479538,0.18250578995529584,0.0001,1.0385011587133273
732,1.036083109722176,0.7589366532726172,0.013201299593850033,0.2639451567045815,0.17799045106218506,0.0001,1.0381568888138082
733,1.0295515657680272,0.7586110293502498,0.013213798192161575,0.25772673833140497,0.17936836346288723,0.0001,1.0371973016440987
734,1.038331012213206,0.759223709967267,0.013223887698887328,0.2658834145168262,0.17959336703737658,0.0001,1.0375673777070538
735,1.037992405238548,0.7584347919566636,0.01322014723539836,0.26633747009670034,0.17700064771678337,0.0001,1.0377589269777339
736,1.0389991518691877,0.7589064504021805,0.01322858086947737,0.2668641210811375,0.17936105630218863,0.0001,1.0374938382096512
737,1.0390672203735212,0.7586646685735691,0.013214615247312472,0.2671879386684232,0.1771469949527396,0.0001,1.037779956197642
738,1.034762699391247,0.7585602139120895,0.013225223423259495,0.26297726110379543,0.17890808361055402,0.0001,1.037109849540022
739,1.0384753261811834,0.7577593834356652,0.01321973544347117,0.26749620687889036,0.17874912509570015,0.0001,1.037010795047269
740,1.0367536316295183,0.7589383115633023,0.013209720895933573,0.2646055984146455,0.17886526761746552,0.0001,1.0368408710792145
741,1.0318961038308985,0.7587933969546041,0.013225432099967167,0.259877272176936,0.17829641134574495,0.0001,1.0361912226217513
742,1.0366339826196975,0.7583976036153024,0.013208517680061758,0.2650278609314023,0.17806410460032024,0.0001,1.0362463099115036
743,1.0331283580458914,0.7578937223910318,0.013221897169736046,0.2620127373818935,0.17934140581146457,0.0001,1.03660398913929
744,1.0329430924226015,0.758526079432234,0.013205189492107647,0.26121182626389106,0.17664805625926167,0.0001,1.0360651971602295
745,1.033477744151806,0.7585475957417827,0.013227944441789546,0.2617022043913905,0.17940130805630713,0.0001,1.0356137310515554
746,1.0311558502924612,0.7587248085720302,0.013210886874015143,0.25922015407566606,0.178754191550957,0.0001,1.0348294008938825
747,1.0398810299124728,0.7580381960704409,0.013228766333017098,0.2686140674787893,0.17934658500775846,0.0001,1.0349107818477776
748,1.0371973837365,0.7585047181189423,0.013198174279311607,0.265494491700952,0.17869377447552903,0.0001,1.0351542502823028
749,1.0343953246519,0.7580559094102097,0.013213903376828826,0.2631255103989257,0.17865486340276127,0.0001,1.0347462501293747
750,1.0354075829591036,0.7582877684558381,0.01320243994072533,0.26391737416960886,0.17931767989849223,0.0001,1.0346116452623333
751,1.035681780646829,0.7585993301554094,0.013203109495538243,0.26387933810934816,0.17906361963395898,0.0001,1.0349902129439263
752,1.0346017927233635,0.758296667925001,0.013232580304871224,0.2630725457327361,0.18031870040279374,0.0001,1.0347869939542929
753,1.0348656229508575,0.7584392794730939,0.013207387005339771,0.2632189567142278,0.17748226981013107,0.0001,1.0349607204447895
754,1.0355008795827203,0.7581488961622149,0.013212291270675814,0.26413969157554557,0.17722590914483485,0.0001,1.0352164991608013
755,1.0364897500187098,0.7582096178197958,0.0131941973316742,0.2650859327816818,0.17793451669733618,0.0001,1.0355176997474917
756,1.0317986778023276,0.7584835148244552,0.013205498517405915,0.26010966657625006,0.1800989828414414,0.0001,1.0355819824984784
757,1.0343815993827448,0.7589356616350991,0.013200371550739899,0.262245564338039,0.17933436251919846,0.0001,1.0350320394455057
758,1.0358485013669694,0.7583845323046129,0.01320470540083446,0.2642592652634723,0.17873702553416362,0.0001,1.0348971512085525
759,1.0313802020544938,0.7582555788042096,0.013205325869469323,0.25991929810622644,0.17686700007857464,0.0001,1.034595638948812
760,1.0348065674425864,0.7579114593066744,0.013198351279717187,0.26369675975784085,0.17787897145530515,0.0001,1.03453553739716
761,1.0357530575253175,0.7583527896273692,0.0132033106763271,0.2641969563450823,0.17842797584393444,0.0001,1.0345426650850091
762,1.0350347412769016,0.758220179448505,0.013196206479720606,0.2636183537013874,0.17993241297666732,0.0001,1.0345859599403628
763,1.0328125350373754,0.7585204646263355,0.013206377232534166,0.26108569479556887,0.17978659677215328,0.0001,1.0343806511490148
764,1.038445462682426,0.7585072300980589,0.013210346926056589,0.2667278847968844,0.17885381633200462,0.0001,1.0346751094589852
765,1.0359486734407668,0.7585239129907945,0.01320235748561836,0.2642224042942751,0.18012824654579163,0.0001,1.034621001801191
766,1.032270815744845,0.7578932129103562,0.013204182862751867,0.26117341933700183,0.17757742233861532,0.0001,1.0346682155954425
767,1.035968861521862,0.7588843822962855,0.013202815703881439,0.2638816630985384,0.1788685093907749,0.0001,1.0348269418093543
768,1.0308987424533218,0.7581253479750596,0.013194668607344251,0.25957872517573183,0.17875803547626093,0.0001,1.0343319659179897
769,1.035943885966682,0.75762215951877,0.013193340862498563,0.2651283855854135,0.17818982702723382,0.0001,1.0347883343092086
770,1.03503786659144,0.7582070718672406,0.013183330909233789,0.26364746632368036,0.17816896633855228,0.0001,1.0348114642240938
771,1.0312893044876037,0.7576967793352464,0.013190521671612413,0.26040200411548,0.17816235191560903,0.0001,1.0343650889203224
772,1.034011287694045,0.7581677597628163,0.013208181572734222,0.2626353471443571,0.17857118407321024,0.0001,1.0342627435620368
773,1.0359851647825802,0.7583877808182041,0.013194727849283277,0.26440265667426416,0.17945092042972302,0.0001,1.0345800065365574
774,1.0326463791709883,0.7579645661988558,0.013182384730836199,0.26149942890625694,0.1774374787331111,0.0001,1.0340000981854136
775,1.0365896701329136,0.7578964871760556,0.013192503495825715,0.2655006809723063,0.17820560992610382,0.0001,1.034064197854628
776,1.0363916058327556,0.7577149762826807,0.013197558163145735,0.26547907029881196,0.17789074591158854,0.0001,1.0344762768634195
777,1.0361324601918156,0.7579361457853724,0.013195954036519204,0.2650003590248903,0.1777240620363073,0.0001,1.0344926367304144
778,1.034459329642824,0.7583231160655225,0.013194904124277358,0.2629413104353522,0.17930036160573515,0.0001,1.0348486954493645
779,1.0358097076899624,0.7576900714551218,0.013189846071703681,0.26492978816825524,0.1777440626287557,0.0001,1.0348352776216927
780,1.0321184477748058,0.7574206608787754,0.013206227555961686,0.26149155968766186,0.17859689552812982,0.0001,1.0345433357400293
781,1.03229404595996,0.7577289880893777,0.013191939125680053,0.2613731183217457,0.1784408963294832,0.0001,1.0346438098872652
782,1.033408198709662,0.7575017361321749,0.013186069579443632,0.26272039287714155,0.17815893084475767,0.0001,1.0345835009888267
783,1.0339634322975035,0.7575154001040585,0.013195671609642539,0.26325236049312606,0.17925414684819885,0.0001,1.0343813277403193
784,1.0357614709687766,0.7580420714604685,0.013186003566997288,0.264533396908526,0.1777782427641973,0.0001,1.034692836920098
785,1.033591596519246,0.7587980075491852,0.013189833014296711,0.26160375562328353,0.17956101063177987,0.0001,1.0343930295587311
786,1.032023190605713,0.7570607814537342,0.013187169786882691,0.26177523800494945,0.17899052847108782,0.0001,1.033956188036027
787,1.0332883314718824,0.7583584717756353,0.013201524955022166,0.2617283338495732,0.18124209141876343,0.0001,1.0336717751640334
788,1.0311419665208936,0.7573902663788012,0.013186725351438078,0.2605649759845608,0.17978581822426276,0.0001,1.0333400388518406
789,1.0339215966073785,0.7568863792303367,0.013172539687785367,0.2638626756943747,0.17763832111750366,0.0001,1.0331512277435821
790,1.0303591067844182,0.7578810338558096,0.013179742540355628,0.259298328612506,0.17757210978750768,0.0001,1.0329752936445433
791,1.031156152789056,0.7578325333266422,0.013190449130462585,0.26013316933451025,0.17638196256654015,0.0001,1.032861504327453
792,1.0312416033619074,0.7576034220188674,0.013184393878882603,0.2604537878117503,0.1777861425407518,0.0001,1.0326448447926775
793,1.0349806714009562,0.7575211298876795,0.013190726721262593,0.26426881536629815,0.17775250261018533,0.0001,1.032746568703023
794,1.0357809163493994,0.7577318245692379,0.013170324764677284,0.2648787663505237,0.17854939165391012,0.0001,1.032748513241085
795,1.0333518822343064,0.7580279174731179,0.01318863439269772,0.26213533417690116,0.1776011143688256,0.0001,1.0327245418125912
796,1.0309680557637864,0.7573031282570009,0.01318450317421501,0.2604804261460991,0.17801554673341902,0.0001,1.0326190283283985
797,1.032744067314914,0.757174360582843,0.013203101757815595,0.2623666044906477,0.1789304219020066,0.0001,1.0325646019127015
798,1.0349236152476762,0.75857333575978,0.013184534366909436,0.26316574531745235,0.17950844096726384,0.0001,1.0329427667853799
799,1.0297381361647986,0.7573154504594164,0.013190149293709963,0.25923253731843665,0.17788431616632255,0.0001,1.032524420741122
800,1.0320601691822493,0.7578836212777221,0.013187739718516507,0.2609888090625496,0.17720570876196964,0.0001,1.032694526980905
801,1.0336969284450306,0.7574625583497796,0.013178225946716556,0.26305614145846684,0.17835401207148183,0.0001,1.0329486045465024
802,1.0322528701524947,0.7573436241120886,0.013185950853761747,0.2617232958818304,0.17783049661779501,0.0001,1.0330497312255613
803,1.0358770140286149,0.7578517163501066,0.013173946502484365,0.26485135253617054,0.1798538111648985,0.0001,1.0331393654883267
804,1.0322738723870948,0.7571371948501401,0.013193926511381508,0.2619427507535439,0.17902858957315798,0.0001,1.0327886610920962
805,1.0300541070363585,0.7572010436357881,0.013174973443362098,0.25967808856683616,0.1781843818164984,0.0001,1.0324588835723016
806,1.0315714553451925,0.7572732844652559,0.013176482782886188,0.26112168761344273,0.17949052526791245,0.0001,1.0325192235304423
807,1.0320304088128265,0.7575452651745407,0.013173844944874606,0.26131129609402004,0.17897288347112722,0.0001,1.0324478576802336
808,1.0280163112808676,0.7569415140103617,0.0131783200084075,0.2578964777457061,0.17811540032134338,0.0001,1.0317571272835526
809,1.0301944589276342,0.75772097471036,0.013177925868160101,0.2592955591349766,0.17805141778795036,0.0001,1.0318027595598362
810,1.0337660283636128,0.7580823026612613,0.013180811071492595,0.262502912363948,0.17751583886194905,0.0001,1.0319733454779727
811,1.0334158994363238,0.7575942135244064,0.013180537349553911,0.26264114658259474,0.1801142967013268,0.0001,1.0319452425771019
812,1.034982789844335,0.7574080526224256,0.013180697907298864,0.26439403874032635,0.17717088078872184,0.0001,1.032218234546286
813,1.0334748525406718,0.7569256403141524,0.01317928794915004,0.26336992512368285,0.17843319711409525,0.0001,1.0319780183974916
814,1.0299278139826251,0.7575312490153748,0.013174895098920284,0.25922166924870765,0.17812629249589196,0.0001,1.0317434125570446
815,1.032219567477824,0.7577116097688191,0.013189530517701928,0.26131842678325895,0.17887336985939173,0.0001,1.0319599586011914
816,1.03067185332277,0.7571806339414802,0.013183607291014634,0.2603076135108727,0.17968938891109057,0.0001,1.0318699983989492
817,1.0304917862400806,0.7571914663904821,0.013181680356271368,0.26011863808784236,0.1771874626074553,0.0001,1.0317161361416747
818,1.0327987180036657,0.7572389218434843,0.013171123684540724,0.26238867268721905,0.18120752562132134,0.0001,1.0321943768139543
819,1.0333052747873457,0.7569002360407769,0.013183797348827185,0.26322124313570666,0.17809347509128812,0.0001,1.0325054583999254
820,1.0324876870635074,0.7571263090833931,0.013190066354995325,0.2621713134537604,0.1791656854246983,0.0001,1.032377624269915
821,1.0328953644566796,0.7566508822460445,0.013182618313338645,0.26306186581661445,0.17735147977939242,0.0001,1.0323255707719505
822,1.0354215957330157,0.7576509905151615,0.013173298710016402,0.26459730705189655,0.17903325974215842,0.0001,1.0323694513608186
823,1.0312792403702804,0.7571368554784609,0.013159608502417017,0.26098277697879935,0.17974053695042283,0.0001,1.0321498901437793
824,1.030874338885108,0.7569108010547398,0.013184264272028245,0.2607792707624832,0.17946225915549976,0.0001,1.0322445426340277
825,1.0308379157319756,0.7573695281939864,0.013178289541124572,0.26029010041490286,0.1798002653685351,0.0001,1.0321063774594426
826,1.0302299455745225,0.7573360425947162,0.013170922987359533,0.2597229789496677,0.17882705378604952,0.0001,1.0320621866846182
827,1.0312653326601333,0.7572006672681224,0.013174519335764174,0.26089014511925696,0.17741678319644735,0.0001,1.0321395413266234
828,1.032942247318206,0.7564140665845503,0.013169544947316631,0.26335863663265235,0.17887819487352158,0.0001,1.0321538942580775
829,1.0307356133664114,0.7578159186225876,0.013182698108603456,0.2597369973304064,0.1782949667491971,0.0001,1.031896928115984
830,1.0324195196614063,0.7573527374567415,0.013176336249763535,0.26189044417159796,0.17747680072126717,0.0001,1.0318901113757737
831,1.0331444434413561,0.7574428258271053,0.01316979448887204,0.26253182282312404,0.17837609943100696,0.0001,1.0319150192742415
832,1.0341982466695758,0.7569328125785378,0.013160450946970353,0.2641049856225569,0.17747979071633568,0.0001,1.0317926843678975
833,1.0302236115231234,0.7569900496010848,0.01316940034862464,0.2600641633718299,0.17875620381222776,0.0001,1.0316871214831818
834,1.0317098738939234,0.7570288051939881,0.0131630331701004,0.2615180361796828,0.17939607321490622,0.0001,1.0317706749840636
835,1.0293459299853558,0.7568134654608024,0.013168819777622184,0.25936364470159307,0.17840220185249864,0.0001,1.0316214764094014
836,1.030584711815716,0.7570111107149182,0.013171982329950855,0.2604016210377579,0.1791226479090735,0.0001,1.031656953033521
837,1.0281583420161544,0.756373431571357,0.013178217725386243,0.2586066924776073,0.17984286286163523,0.0001,1.031346253969123
838,1.0302882157039448,0.7569150068697049,0.013171760595836213,0.2602014450042775,0.17925750308539756,0.0001,1.0310808508076967
839,1.0295767735757886,0.7565391763712281,0.013160431119056067,0.25987716448355397,0.1791618819713109,0.0001,1.0309649668286345
840,1.0312890214562174,0.7569863223159047,0.013154575355638113,0.2611481207621267,0.17805557554440374,0.0001,1.0308519170081156
841,1.03417027214236,0.7575318553384854,0.013174297601649534,0.26346411737358355,0.17803688640526777,0.0001,1.030954499878216
842,1.0295972090222048,0.7570430089929283,0.013184684768893415,0.25936951575910344,0.1769501396112945,0.0001,1.030494396113479
843,1.028448306401893,0.756437086551233,0.013163859171993109,0.2588473604670886,0.17813807106284052,0.0001,1.0303168656013557
844,1.0317827850036156,0.7572150611248751,0.01317309801283521,0.2613946278456742,0.17889351220933708,0.0001,1.0303241567123251
845,1.0303126625550445,0.7564743670198545,0.01317056439227555,0.26066773217058087,0.1780995566390349,0.0001,1.0304208299692938
846,1.0294245169564145,0.7569004247686684,0.013165363675440543,0.259358729993354,0.17821462842320332,0.0001,1.0303048104833636
847,1.031258832852207,0.7574757197323967,0.0131467336573417,0.26063637935667927,0.17793772984711684,0.0001,1.030614859566969
848,1.0317329932419814,0.7562993399753531,0.013146539488863993,0.26228711297678897,0.17869443662509957,0.0001,1.0307593373207726
849,1.032893607268227,0.7574189289588232,0.013164000143627608,0.26231067725901186,0.17748816891688604,0.0001,1.0310910206900163
850,1.0277053995499987,0.7561988314315223,0.013176559434701174,0.2583300079885893,0.17775806560961277,0.0001,1.0307326584993945
851,1.030681677691593,0.7563067962383402,0.01315979976924873,0.26121508095859275,0.1780989414296334,0.0001,1.0303837990543179
852,1.0313865252247205,0.7565137240997918,0.013158388360276909,0.2617144121299167,0.1772891608563688,0.0001,1.0305627306745697
853,1.029162543903258,0.7565969978336389,0.013153018138955138,0.25941252978953094,0.1794950706661352,0.0001,1.030634154424706
854,1.0346563420963093,0.7571155450648759,0.013159702080500294,0.2643810944824383,0.1784165063929606,0.0001,1.0309215101339753
855,1.0335585367365252,0.7562881184639844,0.013167331475031544,0.26410308743224425,0.1771274260708091,0.0001,1.0312460975521234
856,1.0323849081025889,0.7566996318331597,0.013163300605139433,0.26252197714533815,0.17871552167751242,0.0001,1.031542136666741
857,1.0285742195818053,0.7565523441616469,0.013152606105224115,0.2588692725943987,0.17897075855949587,0.0001,1.0312736753397007
858,1.027794683559913,0.7563086292322945,0.013158254642757392,0.25832779895944963,0.17904476848625508,0.0001,1.030879844371494
859,1.030480695907291,0.7563135975756461,0.013151408692644286,0.26101569063644137,0.1777733140615614,0.0001,1.0306385532354003
860,1.0327116944968822,0.7566275667950783,0.013164805108586867,0.26291932185269273,0.18178284201491435,0.0001,1.0311391827300889
861,1.0328286627485108,0.7561085774255331,0.013157672620931938,0.26356241200685987,0.17615786581687462,0.0001,1.0313538812357803
862,1.0305470688831493,0.7563071832453745,0.013157977293761216,0.2610819095832581,0.17780556099047284,0.0001,1.0312699356016233
863,1.0287522216597629,0.7565084069544113,0.013148729989784969,0.2590950837181258,0.17951611636497428,0.0001,1.0312289033772737
864,1.0309785222426873,0.7569928467878222,0.013153331274918563,0.26083234517738735,0.1785857842188578,0.0001,1.0308611213919117
865,1.0335038150783484,0.7567743200801207,0.01314217396246734,0.26358732366537707,0.17991070775787438,0.0001,1.0308556492260936
866,1.0303807936865708,0.7565842967246174,0.013161764667193739,0.26063473146355903,0.17754468899106882,0.0001,1.030655237784492
867,1.0295485822714368,0.7562601318465769,0.013169840673404098,0.26011860966077927,0.1768837335687622,0.0001,1.0307526740534554
868,1.029357641512192,0.7561051423602849,0.013160713304128898,0.26009178666386595,0.1772719798175123,0.0001,1.030908969848683
869,1.0285509447538828,0.7565530193988498,0.013162126405727548,0.25883579852614874,0.17627938584430222,0.0001,1.0307159947333422
870,1.0268698855781169,0.7562045636331818,0.013153081733363154,0.25751224253893384,0.17795465384849912,0.0001,1.0301318138414657
871,1.0285725043463174,0.755673619361243,0.013159300686137913,0.2597395824551824,0.17750498123512307,0.0001,1.0297061980012465
872,1.0303217125470934,0.7561700532692683,0.013151085400919886,0.2610005722145038,0.17775036143724623,0.0001,1.0296836623676409
873,1.0263519676413546,0.7557872283531251,0.013147749233439292,0.2574169885284035,0.17681694565752698,0.0001,1.0294436369658002
874,1.0294225839765754,0.7560176525348099,0.013159144239058118,0.26024579036127,0.17933116780696,0.0001,1.0292880431391889
875,1.0317047689314063,0.7560058091039832,0.013152313522586475,0.26254664902512975,0.17823506157248306,0.0001,1.0291081385244945
876,1.0295380015402247,0.7560343739952567,0.013153470553926232,0.26035015635630665,0.17883644916464783,0.0001,1.02902385930986
877,1.0297168200688236,0.7553823911877723,0.013147195502662272,0.2611872314439584,0.17798632882066961,0.0001,1.0290406830895986
878,1.028471121923435,0.7562672630043107,0.013139773092211865,0.2590640856455596,0.17617649870639399,0.0001,1.028952031130723
879,1.027688408961886,0.7558920603494858,0.013152998794648516,0.25864335225090296,0.17862996567818987,0.0001,1.0288657775515233
880,1.0308167097776464,0.7561606336800613,0.013146324041649005,0.2615097505446622,0.179218949549822,0.0001,1.0292604599714763
881,1.034209285498149,0.7564058312296142,0.013156825340301947,0.2646466281725959,0.17735196118059796,0.0001,1.0298241380866595
882,1.031272708644248,0.7561873314830401,0.013153122356407056,0.2619322553035212,0.1778998595887217,0.0001,1.0299192376963748
883,1.0312531034312915,0.7559651899289408,0.013150167513570727,0.262137746396824,0.17784242310823822,0.0001,1.0304093512753687
884,1.0270620650983968,0.7557576949165994,0.013146877530622192,0.2581574925000479,0.1772550714729282,0.0001,1.0301732993875508
885,1.0272553879881001,0.7565137421141773,0.013153409861164209,0.2575882358011803,0.17941777169341733,0.0001,1.0297283612932202
886,1.0343890070431614,0.7560680231748198,0.013135089110167466,0.2651858956498258,0.18026976656115803,0.0001,1.030213461843514
887,1.0269980908165597,0.7558072771552127,0.01314631678753402,0.25804449920117495,0.1786352068669414,0.0001,1.0299415889182875
888,1.0273827581570065,0.7561612153391809,0.013153934333677467,0.2580676083632463,0.1779313857910841,0.0001,1.0298327525416444
889,1.028523003595596,0.7557372604373986,0.013140144502898984,0.25964559743116644,0.1758412675852708,0.0001,1.0299162120050156
890,1.027985811958932,0.7555571495882154,0.01314275550068513,0.25928590659800216,0.1784436145370437,0.0001,1.029633122223144
891,1.0296385042807634,0.7556942453490794,0.013140477224972863,0.2608037808906234,0.17910669849803917,0.0001,1.0291760441014053
892,1.0306950053143453,0.7565482292649228,0.013146458000972354,0.2610003193632584,0.17983799903799022,0.0001,1.0291182737684152
893,1.0273643700636426,0.75575384527868,0.013149894033435876,0.25846063109911965,0.1801847888961525,0.0001,1.0287294004316503
894,1.0300978140463453,0.7554599862795089,0.01315847952032186,0.26147934703749526,0.17812203330273077,0.0001,1.029032975326445
895,1.030098425930944,0.7558174069222765,0.013157277029861542,0.2611237428553448,0.18105534698368328,0.0001,1.0293172791207295
896,1.0259219482994466,0.755962916731109,0.013124149662969563,0.2568348813008585,0.17762945936973873,0.0001,1.028470573246358
897,1.0276044275891225,0.7560887374210551,0.013133328536461139,0.25838236329400754,0.1784633500822659,0.0001,1.0285312069236145
898,1.027036172743985,0.7559290334854358,0.013143605924764946,0.257963531429579,0.1801164464280765,0.0001,1.0284965483823123
899,1.0301744102464487,0.7559115073018335,0.013146799669788043,0.26111610312369965,0.17856801641277562,0.0001,1.0286616890473974
900,1.030951301418018,0.7558427644066105,0.013141671735906697,0.26196686441407485,0.17614441088440452,0.0001,1.0289582379933062
901,1.0283191836388068,0.7556661387969708,0.013140058904342188,0.2595129860735085,0.17841012120005084,0.0001,1.0288263059291105
902,1.030735868227651,0.7565936501804762,0.01313189270530221,0.2610103263846517,0.17953719313560587,0.0001,1.0288303922204411
903,1.0294421727468712,0.7556610149737546,0.01314339071935379,0.26063776697819907,0.18056327016914592,0.0001,1.029038172488764
904,1.0307168408049532,0.7563533117998444,0.013135356061598834,0.26122817344223026,0.1766935973210944,0.0001,1.0291000751646247
905,1.0286312002922893,0.7555594252040855,0.013148217365659517,0.25992355868975964,0.17689347805164407,0.0001,1.0289533526007593
906,1.0301467591318592,0.7562195589769685,0.013132958818400849,0.26079424231881787,0.18030831825297938,0.0001,1.0293758336840004
907,1.030445295826175,0.7557929114686065,0.013144893771978227,0.2615074903740119,0.1777663828151463,0.0001,1.0296599205077057
908,1.027796429867193,0.755457788524473,0.013155879403708189,0.25918276169720816,0.17966376776990253,0.0001,1.0297359462200264
909,1.0268994045064126,0.7561888634312225,0.013149738311767578,0.2575608021891383,0.17828099051788904,0.0001,1.0294084456460229
910,1.0333852345996648,0.7560627148552792,0.013134226112288346,0.2641882945086361,0.17910684007418326,0.0001,1.0296518389641878
911,1.029680323407326,0.7555930876828594,0.013122983926691825,0.26096425318814676,0.17759963921431837,0.0001,1.0297879529410396
912,1.0279371696118167,0.7555855198274036,0.013139898346597234,0.25921175449058925,0.1779315288180512,0.0001,1.029508083079456
913,1.029523000393146,0.7558369120284462,0.013127962184000693,0.260558125545964,0.17780841563584596,0.0001,1.029516165844084
914,1.0266834132327995,0.7561125864121784,0.013151377258146026,0.257419450847058,0.17865005455926272,0.0001,1.029112823086868
915,1.027102035513756,0.7558021821066525,0.013138652331447022,0.25816120074317617,0.17878980759312124,0.0001,1.028959906609015
916,1.029228437140312,0.7558635178250667,0.013139885047386432,0.2602250368974755,0.17881364458472926,0.0001,1.0288680744098602
917,1.027037015430342,0.7557191373610351,0.013133125179437788,0.25818475352460424,0.17674934452977673,0.0001,1.0285272463702768
918,1.0297694218327984,0.7558942182068893,0.013136503178981448,0.26073870179196157,0.1788319462634487,0.0001,1.0287245455668372
919,1.031194686164237,0.75585286866337,0.01313284057632663,0.26220897961460793,0.17931906619009091,0.0001,1.02915407373262
920,1.0284815620457184,0.7554074663661314,0.013140704520575657,0.2599333915519424,0.1770270438392554,0.0001,1.0286637064772253
921,1.0292341116717572,0.7557523236071604,0.013131391445956897,0.26035039664886545,0.17770445812304653,0.0001,1.0286190853036683
922,1.0254534764657397,0.7555971735631235,0.01313596806709955,0.2567203345030365,0.17757637804831258,0.0001,1.0283707159890607
923,1.0256790423248168,0.7556346538826128,0.013140407101861361,0.25690397922455904,0.17803525105572135,0.0001,1.0279863201822277
924,1.0263483427600977,0.7562071048705621,0.013140734262447086,0.2570005046849802,0.18000985168177505,0.0001,1.0279528131349576
925,1.0243025274595914,0.7554109872717403,0.01315052683406621,0.25574101178206005,0.17811778943388748,0.0001,1.027672862329541
926,1.027490077589395,0.7552793653451405,0.0131356089884079,0.2590751029082534,0.1764908112570432,0.0001,1.0274990263744495
927,1.028547513557496,0.7559648610757282,0.013142194515793125,0.2594404573010141,0.17827601368117768,0.0001,1.0276500761871648
928,1.0286044929380591,0.75556830774698,0.01314088538984256,0.25989529809349693,0.17804555927401383,0.0001,1.027533583297691
929,1.025811056940841,0.7555782862657465,0.013125543903869257,0.25710722607603903,0.17794107928358274,0.0001,1.0269952203753512
930,1.0252118445555047,0.7550471798643379,0.013135607537584904,0.2570290565339595,0.17737074942907988,0.0001,1.0266682486263299
931,1.0313793434090837,0.7554234960258128,0.013137124614831642,0.2628187222092679,0.17843465482850104,0.0001,1.0268827718000626
932,1.0280383333231324,0.7557147057012902,0.013131933570149946,0.259191694414398,0.17861377540031262,0.0001,1.0271412574858019
933,1.0285271380784304,0.7552829671341313,0.013126752681229226,0.2601174195023144,0.17625167766400815,0.0001,1.0274260670611635
934,1.029136151256716,0.7557398345601003,0.013138092071966515,0.2602582258941194,0.17849523022498853,0.0001,1.027704847910825
935,1.0286468208198858,0.75544321863453,0.013135372746063294,0.26006822950729974,0.17870576292820442,0.0001,1.0281392772468545
936,1.028495359976925,0.7553292414963124,0.013137515853433049,0.26002860226447394,0.178849789784356,0.0001,1.0282398054856074
937,1.0256059753725544,0.7555486914110474,0.013130466062688924,0.25692681841265114,0.17797686280512665,0.0001,1.0279456516671135
938,1.0282046606284367,0.7552871180596264,0.013128052860437977,0.2597894930180623,0.17749838041364543,0.0001,1.027905668436151
939,1.0265269197266678,0.7553160902694563,0.013136582248834761,0.25807424856852323,0.17619067270301175,0.0001,1.0279772547147334
940,1.0244715449534372,0.7548985854849128,0.013129607900886459,0.2564433507062117,0.17795817520749013,0.0001,1.0279032247545268
941,1.0255358914332748,0.7556287703117541,0.013127271108646664,0.25677985209843207,0.17746626034106977,0.0001,1.0273188795569461
942,1.0260747270941977,0.7552144041409599,0.013126367729527471,0.2577339545889752,0.1780868188060563,0.0001,1.0271225189340527
943,1.0261462743093712,0.7551242116740461,0.013125490465222217,0.2578965735453621,0.17915326087881053,0.0001,1.0268844325571467
944,1.0266693553624724,0.7551055584427793,0.013125000570657045,0.25843879922045654,0.17942432324736404,0.0001,1.0266377529677222
945,1.02421483850866,0.7559990622934415,0.013130516116082305,0.25508526025026373,0.17808706450897588,0.0001,1.0261945547365996
946,1.02688476461426,0.7556377444983012,0.01312024839993181,0.25812677337842826,0.17813493072623898,0.0001,1.0260334952003334
947,1.0246533749069693,0.7557468104797734,0.013120731523989664,0.25578583344726485,0.17844262102554584,0.0001,1.025938235153775
948,1.0246524682634983,0.7547158253120361,0.013122025174494931,0.2568146222050001,0.17645038631092946,0.0001,1.0255830159172807
949,1.029488120552976,0.754766658522778,0.013121958436637089,0.2615995023240908,0.17793277573996577,0.0001,1.0258791359999118
950,1.0225618682333228,0.755171742690746,0.013134042099571615,0.2542560850751811,0.180569028908776,0.0001,1.0256881683279002
951,1.0259403842699697,0.7552059825970725,0.013133071257183083,0.2576013303174813,0.17746279752883176,0.0001,1.0257286176115696
952,1.0290709487323104,0.7560776504735193,0.013131839508459002,0.2598614605487481,0.17739092771711987,0.0001,1.0260282397753808
953,1.022373164038629,0.7552379499100769,0.013121353685251356,0.25401386101758505,0.17668394626516842,0.0001,1.0256509287483069
954,1.0265961591660613,0.7551931738853455,0.013119988944419257,0.25828299728839926,0.1795268342594104,0.0001,1.0256436091286658
955,1.0296539270128247,0.7549228754053251,0.013119522504825863,0.2616115307348495,0.17847124515875842,0.0001,1.0261875179790823
956,1.025044074648534,0.7551096843415777,0.013123114742565348,0.2568112747483031,0.17753176886822583,0.0001,1.0260034489825096
957,1.0243751872141995,0.7548382573630699,0.013115576266275216,0.25642134950441475,0.17915885567544199,0.0001,1.0259756302132326
958,1.0263813747353776,0.7553667970167938,0.013112705087565022,0.2579018724647787,0.1776417523138905,0.0001,1.0261485208604204
959,1.0243702961271723,0.7545940594305615,0.013113517548443096,0.25666271914816774,0.1797163270670792,0.0001,1.02563673841784
960,1.0270623475252736,0.755025312576526,0.013124774242269582,0.25891226064602696,0.17852961696669248,0.0001,1.026086786347035
961,1.0301284195201634,0.7550509945616035,0.013128399848937988,0.2619490242028575,0.17945724598776255,0.0001,1.0265055898720548
962,1.0262350776132658,0.7546583548278886,0.013122578905271952,0.25845414327559557,0.17825784460163505,0.0001,1.02622200276015
963,1.0244165920098944,0.7550662529879603,0.013110697632145446,0.2562396404225734,0.17808108868995495,0.0001,1.0264263455572764
964,1.0274911093663492,0.7552984419749185,0.013118985458513302,0.2590736803234107,0.17968261057537419,0.0001,1.0265158405773054
965,1.0238871354360368,0.754942838367052,0.013122408191766024,0.25582188868075306,0.1796518985265167,0.0001,1.0259391614196267
966,1.0230607354133172,0.7543504336059215,0.013120243322051322,0.25559005887827574,0.1766156064267091,0.0001,1.025740827496105
967,1.02388864912803,0.7544423127754707,0.01311185514709287,0.2563344822935836,0.17889535327349426,0.0001,1.025692173687488
968,1.0266897925015153,0.7548979569158496,0.013114433259557759,0.25867740423031316,0.17713534883384047,0.0001,1.0257230154641017
969,1.0277014881312,0.7551755223264559,0.013117255352089904,0.2594087077323612,0.17934624735893148,0.0001,1.0260561346645045
970,1.02457514495927,0.7548138789424548,0.01310938221929523,0.25665188610976897,0.17785787328503436,0.0001,1.0258074144079041
971,1.0302395385370777,0.7550254280378562,0.013108776984301832,0.2621053344519095,0.18071233395026132,0.0001,1.0258185263095956
972,1.0273971081263638,0.7548860565402203,0.013120181178466302,0.2593908714051179,0.17831786013157325,0.0001,1.0259347293609054
973,1.0299323777881646,0.7547614491010051,0.013117318462890253,0.2620536093779558,0.17837396188512536,0.0001,1.0264863079387323
974,1.026498943627727,0.7553889553155183,0.013112639316922511,0.2579973492975409,0.1803057725120026,0.0001,1.02638709136487
975,1.0225433888590119,0.754476272431155,0.013111762052617257,0.25495535497974914,0.17859892084680754,0.0001,1.0262527167071678
976,1.025122230362457,0.7546436421527823,0.013133173298400507,0.257345417465327,0.17882318462247054,0.0001,1.0264588662020817
977,1.0262807668101714,0.7548637496530405,0.013108834775417862,0.2583081841650164,0.17969514571628997,0.0001,1.0266980779702959
978,1.0258343572790676,0.754430687693505,0.013116845736397207,0.25828682251924434,0.1777523255493288,0.0001,1.026612534448051
979,1.0245391794198908,0.7553022194343938,0.013131542573352372,0.25610541664139497,0.17791499436264346,0.0001,1.0262963035769204
980,1.0194839026333111,0.75449689455013,0.01311351101973961,0.25187349719945606,0.17899030567908142,0.0001,1.0257871793443243
981,1.024004004668996,0.7548401428284558,0.013135888271834739,0.2560279742638915,0.18067811347891785,0.0001,1.025163625957516
982,1.0264968766885645,0.754473299694835,0.013109281145293137,0.2589142972539211,0.17866286336166623,0.0001,1.0250736028137362
983,1.027343780467283,0.7550433377223372,0.01311919365161331,0.2591812476727348,0.17787854733138247,0.0001,1.024814743081648
984,1.021278915129617,0.7545978897241743,0.01312184454703186,0.253559182475474,0.1778566266351491,0.0001,1.0242927402318371
985,1.023741118685469,0.7547696579784215,0.013115516298924691,0.25585594319910354,0.1803269669504243,0.0001,1.0244125132144828
986,1.025077653221378,0.7545518419321846,0.013122535622385887,0.2574032758481604,0.17994351606460904,0.0001,1.0244080555003747
987,1.0252528134997911,0.7544177294261073,0.013116310382711476,0.2577187754893883,0.17762195967273828,0.0001,1.0243052601693368
988,1.0244383549593525,0.7548839231050039,0.013099893111486223,0.25645453783609806,0.17911121221995982,0.0001,1.0241656599373654
989,1.0234377843613074,0.7544221158685356,0.013106085949447044,0.2559095838732458,0.17835118281551113,0.0001,1.024055520431507
990,1.028597602133335,0.754498755351525,0.013114662973198882,0.2609841833250034,0.17901456482995595,0.0001,1.0249668903815095
991,1.0256765895876392,0.7539666989028575,0.01310903087832623,0.2586008619373517,0.1804557416973443,0.0001,1.0251341488733736
992,1.0250591630867965,0.7543997620714122,0.013121035955015108,0.2575383635566515,0.17878322028243276,0.0001,1.024990377513197
993,1.0273091953859852,0.7545080094260086,0.013125491432437549,0.2596756950715976,0.17787600195311146,0.0001,1.024986919005067
994,1.029336423588573,0.7547514678014945,0.013103218639598173,0.2614817355530862,0.17881082899067513,0.0001,1.0257926698509627
995,1.029150695152747,0.7549064292385419,0.013099327774125228,0.2611449361149728,0.17859111034120556,0.0001,1.0263336274976906
996,1.028287332754348,0.7545031035889477,0.013101155085689398,0.26068307423083825,0.17766852410884224,0.0001,1.0266545954509874
997,1.0264342030695437,0.7542239739493473,0.013104408798063018,0.2591058184179283,0.1771095966047496,0.0001,1.0267727344079627
998,1.0225126590980236,0.7542555403515968,0.013119026323361038,0.2551380908664535,0.1791926779865493,0.0001,1.0265801648218298
999,1.0243029825344048,0.7547369804875604,0.013104256945256045,0.25646174396813276,0.17888597240312587,0.0001,1.0266666846391395
1000,1.0243255325553384,0.7543474161358924,0.013112409361477556,0.2568657064232333,0.17908464967599988,0.0001,1.0262394776813397
1001,1.0239090256952128,0.7546680540632282,0.013104360195492635,0.2561366114969428,0.1791521262143253,0.0001,1.0260627212920972
1002,1.026758106557641,0.7546141660237651,0.013102536269182124,0.2590414018919937,0.17994356823378596,0.0001,1.0262326156391819
1003,1.026297034888432,0.7541787028312683,0.013110622189349625,0.2590077110466077,0.1779842112538297,0.0001,1.0261313995894263
1004,1.0217529334596398,0.7550710992203765,0.013088692999756603,0.25359314148131057,0.17803954654968293,0.0001,1.0253730505765328
1005,1.0268210902900774,0.7544560399790564,0.013107105152602128,0.2592579438133849,0.1786529142220654,0.0001,1.025140090090266
1006,1.0252811649991822,0.7542416995002097,0.013107742789309117,0.257931724190712,0.17757661099607996,0.0001,1.0248394733147497
1007,1.0243975281957196,0.7544834625890241,0.013111302867138845,0.25680276550518816,0.17870707927804447,0.0001,1.024635805827367
1008,1.0275533979127662,0.7541655630900942,0.013103188414119078,0.26028464388472555,0.1770077773027923,0.0001,1.0251398797088416
1009,1.0252145183013854,0.7538888690195993,0.013098074746663866,0.258227575305872,0.17772882442324447,0.0001,1.0252310332855397
1010,1.0266573980420404,0.7542612121022981,0.013086440838858274,0.2593097460076485,0.17940785320245228,0.0001,1.0254642198342097
1011,1.0211576925813548,0.7536938126382189,0.013113913381317325,0.2543499660782108,0.17693876781884363,0.0001,1.025189086522824
1012,1.0279884676904272,0.7539831486966982,0.013088843643544412,0.2609164742469546,0.17988619879341514,0.0001,1.0253121226361024
1013,1.0245481516720074,0.7543876111870121,0.013095025842136593,0.2570655136756433,0.17854055922485995,0.0001,1.02513723431446
1014,1.0217008730944466,0.7544098807154997,0.013109665855191058,0.2541813252089473,0.17978325174860732,0.0001,1.0251320282779406
1015,1.0250097829961873,0.7547254772747264,0.013115358642825732,0.25716894647412564,0.17781411839788874,0.0001,1.0249508975485517
1016,1.0236797256595465,0.7543508792503852,0.01311662690392856,0.25621222208951117,0.17964232923051165,0.0001,1.0247907536145882
1017,1.0239270064700206,0.7542793795496648,0.013101381172273028,0.25654624606545023,0.17932262179454975,0.0001,1.0247437014420182
1018,1.0272877936914533,0.7540273581750494,0.013090809508704752,0.26016962407326844,0.17766362413552422,0.0001,1.024717141019887
1019,1.0258930996513753,0.7539801537144256,0.013098369747339833,0.25881457744396724,0.18178402933218415,0.0001,1.0247849991548859
1020,1.024180932170721,0.7542734379458863,0.013111456896180313,0.25679603769136006,0.17677456388367116,0.0001,1.024537352567754
1021,1.023302195763733,0.7541656388955957,0.01309963897565799,0.2560369177111264,0.1774723182524919,0.0001,1.0247518028859917
1022,1.0248263212294897,0.7540313903748627,0.013105235767171059,0.2576896951781325,0.17963328090086428,0.0001,1.024435588239898
1023,1.0218476488672454,0.7540309958719095,0.0131086918693527,0.25470796228966414,0.17782380388063543,0.0001,1.024165537959422
1024,1.025673726751161,0.7544381479462552,0.013103699587421533,0.25813188035093987,0.1789988675900937,0.0001,1.0245628233250934
1025,1.0211097131394469,0.7540767322205627,0.013104809467013903,0.25392817170878695,0.17781645228848253,0.0001,1.0241728163394195
1026,1.021818204898138,0.7544876309243951,0.013092991304687747,0.25423758028124216,0.1791654344323199,0.0001,1.0239866642632784
1027,1.0220444161316444,0.7537068319610843,0.013110983686079603,0.255226601149441,0.17849015050074635,0.0001,1.0237984052294407
1028,1.0236440940512606,0.7542886609479815,0.01309966001259144,0.25625577215369766,0.18077550220924749,0.0001,1.0234340352654214
1029,1.0244519743184288,0.753773363318453,0.013113248662581067,0.25756536336506114,0.17772490892400605,0.0001,1.0232899227321268
1030,1.0193924030957793,0.7542111897807092,0.013100421452860804,0.25208079246671883,0.1782759367271079,0.0001,1.0228110698246327
1031,1.0214467520162493,0.7538845438744427,0.013114789436603415,0.2544474192643746,0.17826326811047644,0.0001,1.0226255254498842
1032,1.0214188885978945,0.754520365118255,0.013094862140941813,0.2538036620641093,0.1783564845156718,0.0001,1.022284782186725
1033,1.0239127254147558,0.7535901217141451,0.013090339925661531,0.2572322643794588,0.17965991405154338,0.0001,1.0224912898414757
1034,1.0224208819696918,0.7537267796891698,0.013078790649197406,0.2556153137471081,0.17764165087718267,0.0001,1.022166005363329
1035,1.021533826060034,0.753976913059459,0.013103186237884583,0.25445372842509173,0.17769927632736143,0.0001,1.0222084166553878
1036,1.0238616427833604,0.7537149566907669,0.013105439365998244,0.25704124542689955,0.17823231174907142,0.0001,1.0224127604439102
1037,1.0249784789510963,0.7536505004938912,0.013086502498835627,0.2582414769709231,0.18016451869243058,0.0001,1.0227061667258552
1038,1.0239491231784859,0.7542134175194204,0.013091639137654952,0.2566440662947194,0.17798187757481426,0.0001,1.0227366696385778
1039,1.0212315414063105,0.7535937178207459,0.013090890029381061,0.25454693352595786,0.17910054356282915,0.0001,1.022414626347366
1040,1.0228293926188718,0.7539242172337932,0.013100659871439905,0.2558045170097999,0.1775060177272522,0.0001,1.022758325299675
1041,1.0252920097801796,0.7538764590423924,0.013095888840015713,0.2583196627440849,0.17808096999449854,0.0001,1.0231428510760678
1042,1.0238928370495113,0.7537502704479148,0.013108621504437368,0.25703394512738464,0.17776663604421017,0.0001,1.0233902459212296
1043,1.0217638052017646,0.7536678154618455,0.013084258801071445,0.2550117300925342,0.1796189999060505,0.0001,1.0231753538999304
1044,1.026013234445096,0.7537808877701208,0.01311195597929113,0.25912038743133237,0.17748280601013022,0.0001,1.0235345891474712
1045,1.0226411241546847,0.754330283367126,0.013079335675036448,0.2552315034803464,0.1783813301617427,0.0001,1.0236453189569361
1046,1.0219541333509992,0.7535055834671547,0.013104396224263716,0.2553441518762774,0.17889629624799105,0.0001,1.0234545680137
1047,1.0203266552447305,0.75381755865128,0.01307187554318813,0.2534372208084586,0.17803601530696025,0.0001,1.0229893856430634
1048,1.0236272943672737,0.7538527509020018,0.013082026951695068,0.25669251702741,0.17765893480357,0.0001,1.0229572027619422
1049,1.0241860628853463,0.7532121342045782,0.01310525245163552,0.25786867644071093,0.1805962525444147,0.0001,1.0232526549098457
1050,1.022025535362971,0.7541417564146418,0.013093876064911818,0.25478990253582445,0.1789267562163529,0.0001,1.0231722691842557
1051,1.02277809635379,0.7536718633789078,0.013104128789224683,0.25600210417054486,0.1795055322787341,0.0001,1.0229208778416168
1052,1.02033099066655,0.7539819125955052,0.013086886725125884,0.2532621936430554,0.17702138656655866,0.0001,1.0225646932033208
1053,1.0271973770723866,0.7538472089999588,0.01309622663997008,0.26025394430387816,0.1788156414007802,0.0001,1.0231080503903829
1054,1.0276358779255323,0.7538971238397439,0.013078231598736065,0.26066052300088544,0.1794914031367273,0.0001,1.0232703147384263
1055,1.0209281061290485,0.7534740752187269,0.013089575583746177,0.25436445552304116,0.17718894885471337,0.0001,1.023099012935863
1056,1.0255254804483533,0.7540873289108276,0.013095738921639401,0.25834241204160224,0.18118832280016817,0.0001,1.0234561476455981
1057,1.0242557286248972,0.754320813120016,0.013075769068503235,0.2568591448948785,0.1787044756855007,0.0001,1.0238490549836148
1058,1.0214214928251735,0.7527707361788102,0.013084011677554365,0.25556674575467137,0.17903721755706756,0.0001,1.0236284748294049
1059,1.0223018004734665,0.7533270100067402,0.013077223518557288,0.25589756709929656,0.1799901958411412,0.0001,1.0234400485882167
1060,1.0222072968860185,0.7538199961548161,0.013091390805118707,0.2552959114071322,0.1790908024954264,0.0001,1.0234582247405215
1061,1.0250489969282557,0.7531839673224134,0.013075099513690321,0.2587899275683244,0.17705307520064573,0.0001,1.023685314797968
1062,1.0209821569024913,0.7532310402417521,0.013089173222168463,0.25466194312120305,0.17756064063878862,0.0001,1.0237504314215624
1063,1.0209801465454256,0.7536854718568117,0.01308856049125625,0.2542061148623182,0.17731426979658813,0.0001,1.0231287083688663
1064,1.02316465339119,0.7542455808144312,0.013083129818976288,0.2558359434227431,0.178553678775414,0.0001,1.022681585915432
1065,1.022673078410282,0.753401500579068,0.013100945199962561,0.2561706321778694,0.17860329737527858,0.0001,1.0228560831435554
1066,1.0225960282234827,0.7536317547726583,0.013089886301671273,0.25587438699802567,0.17945659112253248,0.0001,1.0225631379210682
1067,1.0209238751664849,0.7543369032306555,0.013073853982147774,0.2535131190720243,0.17865808477387224,0.0001,1.022229952575227
1068,1.0209347893451821,0.7530277758292687,0.013089360136531187,0.2548176539990046,0.17890691642345327,0.0001,1.0221812822272278
1069,1.024817136915412,0.7538973573013444,0.013083627451264108,0.25783615047017655,0.1782946603535155,0.0001,1.0224328158714222
1070,1.0241926099659222,0.7537193848443563,0.013080335292081078,0.25739289034331786,0.17933983360294395,0.0001,1.0226313471794128
1071,1.0202281165558233,0.7530145571391432,0.013096889182471842,0.25411667262202103,0.17992014644958426,0.0001,1.0221492591421697
1072,1.0258553803087973,0.7536391600150366,0.0130848688721415,0.2591313537640939,0.17742857826650746,0.0001,1.0226365814828005
1073,1.0232337978016774,0.7533769382666381,0.01308717906595969,0.2567696811038147,0.1788461736080371,0.0001,1.0228619466084254
1074,1.0225680522454437,0.7541843048215637,0.01309343912538602,0.25529030935638575,0.1800634221421294,0.0001,1.0228022864938506
1075,1.0201323913754121,0.7536416652236458,0.013076068663452024,0.2534146557805746,0.17803631057966554,0.0001,1.0225482177903638
1076,1.0231814084623696,0.7535421172455407,0.013066256263918616,0.25657303513426327,0.17977787717481655,0.0001,1.0226067558142524
1077,1.0226352561801733,0.7536060627527218,0.013082086919045593,0.25594710851840025,0.17869419170804246,0.0001,1.0227778939156211
1078,1.0200412807793453,0.7535209432093174,0.013080834133388062,0.253439502560101,0.1793026769076593,0.0001,1.0226885430590378
1079,1.024524596351639,0.7538336706451664,0.013082209513588803,0.25760871501409016,0.17891116192447246,0.0001,1.0226592890026605
1080,1.0219338790156536,0.7529745396929387,0.013073996162801436,0.25588534536637353,0.17687805952092456,0.0001,1.0224334159076336
1081,1.023416853458838,0.7527811909302253,0.013082904941411821,0.2575527599447881,0.17818017823821874,0.0001,1.0227522895979348
1082,1.0245994117874162,0.7537751695930837,0.013082770982088472,0.2577414728444198,0.17920070409049368,0.0001,1.0226266927457968
1083,1.0214919086402134,0.7537741921010898,0.013075379522528657,0.25464233601915426,0.17819847260237223,0.0001,1.0224525038296504
1084,1.0209456242122223,0.7532862170956439,0.013083865386235545,0.25457554241041624,0.17854117452493787,0.0001,1.0222902610263283
1085,1.015953529195418,0.7535912729421929,0.013067861841368144,0.24929439365621997,0.178489907336767,0.0001,1.021872374808329
1086,1.0210667015572832,0.7533080539161728,0.01308480842118331,0.2546738390083487,0.1784142672290183,0.0001,1.02166090411782
1087,1.0263060038761966,0.7535347113986528,0.013074907763250944,0.2596963844120382,0.17807562851760741,0.0001,1.0220279788874227
1088,1.0213907492813667,0.7530987527501027,0.01309271371388774,0.2551992851749637,0.17804398371046504,0.0001,1.0221629257376246
1089,1.0208107103682436,0.7533927691635689,0.013064426050708454,0.2543535180858376,0.17808362687456197,0.0001,1.021791537139285
1090,1.0190135099099566,0.7533170039223367,0.013077401486178199,0.252619101645134,0.17983055480474391,0.0001,1.0214995002287155
1091,1.0214563166877562,0.7529805723358604,0.013087693866319637,0.2553880531756438,0.17977170963558173,0.0001,1.0213034465516073
1092,1.0228707965682535,0.7533223101865447,0.013076684537814066,0.2564717989573614,0.18062887940759834,0.0001,1.021130585029691
1093,1.0233636673759012,0.7535925852115933,0.013078624771768133,0.2566924577552455,0.1775821504498592,0.0001,1.0213177609032598
1094,1.021900165637173,0.7529896848341998,0.013084264362559599,0.2558262170146977,0.1791375171823869,0.0001,1.0214132150457549
1095,1.0200362536776622,0.7533923004268391,0.013088264281561119,0.25355569117572196,0.1777396802667672,0.0001,1.0218214874939793
1096,1.0238450892556754,0.7531677740824392,0.013074610102732816,0.2576027046775721,0.17694125380404824,0.0001,1.0220993262638185
1097,1.0191302317634798,0.7538626831153343,0.013078802981192877,0.25218874480552655,0.17979432621302033,0.0001,1.0213817490525468
1098,1.0208621251172032,0.7539951347917863,0.013087170119217879,0.25377982183837505,0.1805406637172428,0.0001,1.0213288866361305
1099,1.0205360279847353,0.7534880142424701,0.013064607161779191,0.2539834044042514,0.17942082349959057,0.0001,1.0213014183977793
1100,1.0165850187653702,0.7528893912539762,0.013089971900228071,0.25060565491597986,0.1790840650850087,0.0001,1.0210585692833212
1101,1.0211975742547073,0.752674502122233,0.013086669827087897,0.25543640278899404,0.17933460335581589,0.0001,1.0210326950400161
1102,1.0230286555406287,0.7526933889360021,0.013082335251581837,0.25725293328747545,0.17839177917031682,0.0001,1.0210484809372535
1103,1.021137402459042,0.7535244076537312,0.013067009482857663,0.25454598622921754,0.17890287340291858,0.0001,1.0208258544455675
1104,1.0203961951253864,0.7536405202824977,0.013081804733972762,0.253673869232377,0.18006234351568243,0.0001,1.020675457394389
1105,1.0234963342577643,0.7534328921571465,0.013071114344722601,0.256992327997699,0.17880676949725433,0.0001,1.021021465452399
1106,1.021967263178216,0.7536912970320448,0.013079038739929818,0.25519692788984905,0.17912875741538847,0.0001,1.0208336828446531
1107,1.0222113849425172,0.7530663916595567,0.013086293096716457,0.25605870165217964,0.17927581522213276,0.0001,1.021141798162557
1108,1.0232629639381812,0.7538008081743731,0.013070103846505495,0.2563920517359496,0.17890422127793335,0.0001,1.021381882044655
1109,1.0209576088564876,0.7527047769293098,0.013067467459316912,0.25518536585823276,0.17866674920970962,0.0001,1.0214240401318302
1110,1.0200178235104311,0.7524784046544506,0.013081274216363686,0.25445814442803844,0.17866220831508328,0.0001,1.0217673206063362
1111,1.023789641460589,0.7532710975855891,0.013069544554240321,0.2574489984442206,0.17834889000134344,0.0001,1.0220265273269242
1112,1.0167001924698542,0.7535536699072585,0.013084813982671462,0.25006170499820496,0.17745110522540056,0.0001,1.0213936810198467
1113,1.017351055725593,0.7528677812454425,0.013082486378977314,0.25140078804072213,0.17887925599941618,0.0001,1.021015046346502
1114,1.0165970584200072,0.7530387948299276,0.013070487105580422,0.250487777361038,0.17779178315920954,0.0001,1.020635132675964
1115,1.0204995529646805,0.7530160690176075,0.01307816461907439,0.25440531854213616,0.17853878066699355,0.0001,1.0203354545466559
1116,1.0233472800883512,0.753019233262563,0.01307616199973147,0.2572518861559777,0.1790159089570113,0.0001,1.0204734562376694
1117,1.0200566835625902,0.7535051331075161,0.013081330314852887,0.25347022044247597,0.17814509410403562,0.0001,1.0202579860996766
1118,1.020987411299777,0.7521728000341033,0.013069515295976558,0.25574509687646163,0.17822734945081553,0.0001,1.020030430835836
1119,1.022530837426563,0.7529476975330717,0.013072175379940753,0.25651096605504986,0.1778487347323319,0.0001,1.0201877536928436
1120,1.0249501504230694,0.754116333643273,0.013067762218189047,0.2577660545616072,0.17915276799192292,0.0001,1.0206809863841075
1121,1.0204255757418899,0.7532008741254981,0.013067157950410978,0.25415754303124566,0.1811666876138103,0.0001,1.0203445798122375
1122,1.020658649489072,0.7539700214084215,0.013077164276618262,0.25361146362267933,0.17963572197100697,0.0001,1.0207404255141592
1123,1.024687886359,0.7530469220985505,0.013052043760040469,0.2585889211653696,0.1771208503969301,0.0001,1.0214741085774999
1124,1.0220578627218824,0.7532104335982224,0.013074173163207017,0.2557732570787956,0.17895537016357901,0.0001,1.0220201890076877
1125,1.0244387671139854,0.7534144546148985,0.013080857104752175,0.25794345767635846,0.17780731291969215,0.0001,1.0224141104226179
1126,1.021538977690691,0.7527866529161016,0.013071173103053961,0.25568115194356467,0.17838300429057882,0.0001,1.022233280182852
1127,1.020570378999923,0.7526119535157937,0.013069804735164371,0.2548886193585928,0.1775481422822809,0.0001,1.0222846497265852
1128,1.0190426579111729,0.752662153079592,0.013068486904275829,0.25331201798775616,0.17798720702196474,0.0001,1.0220901743877249
1129,1.023592952177926,0.7530477424180532,0.013071262086864417,0.2574739504386397,0.17873286514809358,0.0001,1.0221963858628613
1130,1.0215619366019058,0.7530109589772098,0.01306528155266876,0.25548569543729205,0.176210947531232,0.0001,1.0218575644807448
1131,1.0197656842564473,0.7530507215621747,0.013078896559276154,0.25363606580251613,0.17747560246237393,0.0001,1.0217915753322004
1132,1.0198894144313573,0.7531688648595287,0.013064192468206007,0.2536563568467059,0.18012229016175377,0.0001,1.021714651826429
1133,1.0185068509641573,0.7530388352111678,0.013067469393747573,0.2524005469033007,0.17994533315996128,0.0001,1.0210965482869447
1134,1.0209758182568192,0.752340316651559,0.013060307164221217,0.2555751941690097,0.17783884051242657,0.0001,1.0209883438404386
1135,1.0200163124782802,0.7529350627992023,0.013060332553623656,0.25402091712545427,0.17829386808325745,0.0001,1.020546098376868
1136,1.0177342246076881,0.7521673034702788,0.013069678755367504,0.2524972422611399,0.17868434769265792,0.0001,1.0201656230685676
1137,1.0244704136742055,0.7537134419106567,0.013064636178239122,0.2576923354039569,0.1798926179597634,0.0001,1.0205556265359959
1138,1.0212634510491005,0.7528737391709798,0.01306360222505024,0.255326109683296,0.1782674409192184,0.0001,1.0207777058497887
1139,1.0222409561004406,0.7525295601897017,0.013072008051688483,0.25663938621176186,0.1778988044172465,0.0001,1.0206425062420401
1140,1.0227985159620552,0.7530966278989223,0.013053357722067688,0.2566485284217473,0.18097707260452953,0.0001,1.020766164178055
1141,1.0195973352292973,0.7528582181456607,0.013057922494822535,0.2536811935913732,0.1797741312102904,0.0001,1.0207493292753402
1142,1.0176424656146439,0.7521475003408854,0.013067681213905072,0.2524272844527846,0.1785442394187436,0.0001,1.0205246343936687
1143,1.017444263728105,0.7526805805869808,0.013075002792157217,0.2516886798351338,0.17960445253408946,0.0001,1.0204183756700638
1144,1.0195386709596275,0.7526000075601419,0.013088793348347198,0.25384987056497144,0.17741758293239873,0.0001,1.0202746609403444
1145,1.0199657054750237,0.7524345908880717,0.013069119704906162,0.2544619937637031,0.1790563150122006,0.0001,1.0202696002400187
1146,1.0189685663151693,0.7522498300302827,0.013072552352116025,0.25364618299578073,0.17931566809060365,0.0001,1.0203930344107668
1147,1.0175735567210895,0.7532077611822627,0.013064014500585096,0.25130178063397596,0.17840230334965743,0.0001,1.0197033487154552
1148,1.0204266373816175,0.7525555840853987,0.013060231479621561,0.25481081957991175,0.17922715053838842,0.0001,1.019619667348707
1149,1.0233007161660803,0.7527632113644366,0.013074230228911549,0.2574632753888202,0.1759936647228972,0.0001,1.019725643355271
1150,1.0216635558716425,0.7527120800095688,0.01305904156296055,0.2558924333621232,0.1784691287707122,0.0001,1.0196121473462296
1151,1.0216785243752036,0.7536568650125732,0.013060497947445264,0.2549611633496159,0.17795140237281096,0.0001,1.0198202662608202
1152,1.0184243638181782,0.7523503214060414,0.013062984174453705,0.25301105708911503,0.17900180190982973,0.0001,1.019898456081174
1153,1.0224721266096553,0.7532673565175906,0.013057324513944119,0.25614744705916903,0.1792675343476251,0.0001,1.020401242369329
1154,1.0203973034332539,0.7522715331332921,0.013067283930207847,0.2550584865511068,0.17844582761639755,0.0001,1.0204871056166915
1155,1.0161881279993734,0.7520852736962494,0.013043104030539491,0.2510597510282215,0.1774475130783375,0.0001,1.0201093478691263
1156,1.0171442216840283,0.7524499344293776,0.01308288825694736,0.2516113998440168,0.17888886700658238,0.0001,1.0199269134060125
1157,1.0180851802622812,0.752509763226306,0.01305477614335066,0.2525206407112717,0.17874575915612265,0.0001,1.019978075760131
1158,1.0236252051821586,0.7532065371712613,0.013053105037062453,0.25736556233909985,0.1800220155631311,0.0001,1.0202979325401855
1159,1.0191189653975001,0.7522085576221861,0.013053600251311945,0.253856808400541,0.17952286976467038,0.0001,1.0198797574633274
1160,1.0200618377321873,0.7526235273353469,0.013054850135323483,0.2543834621657223,0.17889480020767776,0.0001,1.0197195856493821
1161,1.0201926897553837,0.7527521541587722,0.013055441587498415,0.2543850943415934,0.17724081091053828,0.0001,1.0195710021874
1162,1.0204132771153478,0.7518336968779805,0.013060839858064787,0.25551874184523826,0.17904371621642587,0.0001,1.0197698935171169
1163,1.0225537436245422,0.7526736062390326,0.013064016676819591,0.25681612178925084,0.17968615067416224,0.0001,1.0197780552186055
1164,1.0184175017881103,0.7525384825093268,0.013065951107481672,0.25281306753656685,0.17883804268213122,0.0001,1.0195800750540913
1165,1.0222112615016605,0.7529458467665358,0.013060199561515638,0.25620521289158543,0.1795827597984194,0.0001,1.02018238840432
1166,1.0169370932462976,0.7525914960652288,0.013060114204762673,0.25128548229623276,0.17827717633445656,0.0001,1.020161675560547
1167,1.019854954362641,0.7526745994482756,0.01306209022568399,0.2541182657919114,0.17914804474698118,0.0001,1.020338652970583
1168,1.018230612935691,0.7523718450906068,0.013054697073497346,0.2528040721317334,0.17947816930363678,0.0001,1.019799193745936
1169,1.0204278957287631,0.7527472275265815,0.013054010108808476,0.25462665881878466,0.1777529783592263,0.0001,1.0199300867790624
1170,1.019074336510401,0.7523842832379602,0.013050197345973511,0.2536398559113545,0.17940633920820442,0.0001,1.019831336656884
1171,1.0181171769544513,0.7531121954714792,0.013067183339813418,0.2519377965109827,0.1775104115144718,0.0001,1.0196237853767907
1172,1.0187293451891468,0.7524953888347617,0.013049871394406951,0.25318408390208624,0.17991050104582285,0.0001,1.0194553921841707
1173,1.018921640291659,0.7520851928128673,0.013070812331735484,0.2537656366432173,0.17680811561628965,0.0001,1.019092181850882
1174,1.0170164400859005,0.7525231175683816,0.013058485655949033,0.2514348334612034,0.17990565698964117,0.0001,1.018952075680661
1175,1.0188143481831038,0.7522938436475294,0.013071453837303796,0.25344905344878926,0.17880351315526402,0.0001,1.0186123843488055
1176,1.0205571756643408,0.7520339307630279,0.013045177256601577,0.2554780667379468,0.17892847507889809,0.0001,1.0189743925906098
1177,1.0166008155679607,0.7522094678927145,0.013057021775545503,0.251334326806465,0.1786934908698587,0.0001,1.0186489787111417
1178,1.0213360374162452,0.7528269334448762,0.01305994397486441,0.2554491615682296,0.18077045869512925,0.0001,1.018959521159197
1179,1.0191800382751481,0.7517871227999487,0.013047192691547634,0.25434572369041597,0.17992210049658228,0.0001,1.0188347354138358
1180,1.0203675234777208,0.7522734477360399,0.013050053956300685,0.2550440239011637,0.17933127450290123,0.0001,1.0189640541105678
1181,1.0194547929580022,0.7524541728878602,0.013052354477965565,0.25394826722435243,0.17682498693466187,0.0001,1.0190978157109227
1182,1.016160631276531,0.752518833046269,0.013032440481514767,0.2506093584137079,0.18137500315723265,0.0001,1.0188409443196613
1183,1.0237181650939384,0.7523331072702852,0.013032127829159008,0.2583529302060725,0.17847309420244206,0.0001,1.0193205967998893
1184,1.0194727340769816,0.7524341454854118,0.013061968598356111,0.25397662067328697,0.1772886289786132,0.0001,1.0195662261989973
1185,1.0186660725011303,0.7522089072705282,0.013063152711725139,0.253394010251966,0.1778820160678144,0.0001,1.0195513986307998
1186,1.020711178590995,0.7526573197836808,0.013047318913148335,0.25500653803529894,0.17947281216994743,0.0001,1.0195667989234654
1187,1.0210148933934875,0.7525369087290812,0.013045986815833658,0.2554319985135332,0.17935594807531965,0.0001,1.0200082067060179
1188,1.0227235640280146,0.7527285892871524,0.013044137741924542,0.25695083718029044,0.17757390684336727,0.0001,1.020146959367195
1189,1.0192796460997018,0.752551439809509,0.013049667795579768,0.25367854039881826,0.1785954039007365,0.0001,1.0201569201496503
1190,1.019646082277472,0.7521236569112503,0.013049444852445961,0.2544729819494861,0.17883329447094373,0.0001,1.0200847760296257
1191,1.0199226290894328,0.7528263209557678,0.013058156560932647,0.25403815075664443,0.18006454973385252,0.0001,1.0201315596427682
1192,1.0203269115567932,0.7530490363103622,0.013052628925315748,0.2542252449609687,0.17915080067593958,0.0001,1.0205481876707947
1193,1.018716394296766,0.7520824111015754,0.013043206555364582,0.25359077949613396,0.1799847445550845,0.0001,1.0200480105910774
1194,1.020039495541648,0.751877584999038,0.013038034129578008,0.25512387624679184,0.17646479379937324,0.0001,1.0201046867375438
1195,1.015723556582391,0.7521882181718915,0.013044808505756619,0.2504905330935308,0.1778649180281235,0.0001,1.01981043514567
1196,1.0204531499628604,0.7520119159748782,0.013053142033048866,0.2553880904436595,0.17748546558026126,0.0001,1.0197846322828565
1197,1.020888866686676,0.7519558110778762,0.013051702333028612,0.2558813518249481,0.17890093948608962,0.0001,1.0197720296121755
1198,1.0175898430555395,0.7520111854854994,0.013049098831161282,0.2525295597363195,0.17951300655610664,0.0001,1.019258657514928
1199,1.0228502200293008,0.7524251762558433,0.013035305856932975,0.25738973658660363,0.17768307604485062,0.0001,1.019615714907888
1200,1.0192622860353326,0.751506322416766,0.013043445215747516,0.25471251746582935,0.1782177124799628,0.0001,1.0195773352836741
1201,1.0229764885399453,0.752300628058567,0.013058438746005478,0.2576174220074021,0.17666988038508935,0.0001,1.0198827212287251
1202,1.0222055880583325,0.7523738891793071,0.01304944025817314,0.25678225834882284,0.17930136367104357,0.0001,1.020070588878879
1203,1.01988256884395,0.7524505234635143,0.013052044485451967,0.254380003313022,0.17726251721744846,0.0001,1.0201872063335977
1204,1.0213813387598034,0.7526199217983965,0.013051694837109796,0.25570972487481564,0.18154460859709773,0.0001,1.0203213906554132
1205,1.0206421629410487,0.7522879582631419,0.013061122526745284,0.255293082876573,0.17808257581375192,0.0001,1.020813251291279
1206,1.0173516780077565,0.7515892883343339,0.013043146588014058,0.2527192427831538,0.1794196970262102,0.0001,1.0205031040957686
1207,1.0165785234308147,0.7520015558896636,0.013038785172282562,0.251538182686236,0.1785116369172961,0.0001,1.0200720697701824
1208,1.0198807053827128,0.7526853094236362,0.013037197004708992,0.2541581970501623,0.178518731864906,0.0001,1.0203011560028998
1209,1.0188346575288212,0.7520611885836835,0.013042064515862456,0.2537314057969781,0.17787729877729203,0.0001,1.019899599752852
1210,1.0166631288992707,0.7520012223212762,0.0130374753209205,0.2516244315593286,0.1796343824684499,0.0001,1.0196396840392457
1211,1.0193656954997452,0.7519232789111185,0.013060519951594044,0.2543818951257586,0.17683918695541714,0.0001,1.0192786047352258
1212,1.0216812226641734,0.7518997205682023,0.013038869320016362,0.256742633803621,0.1780913835183602,0.0001,1.0192261681958097
1213,1.021376352764772,0.7524918257343841,0.013044965920051745,0.25583956026402255,0.17890845834604382,0.0001,1.019375546587892
1214,1.0202394773461998,0.7517966311311625,0.013047445860160534,0.25539540070246974,0.17889266979500923,0.0001,1.0192613604465317
1215,1.019982413152652,0.7512820092224446,0.01305924322735707,0.2556411604610466,0.17730441438619796,0.0001,1.0191953854676918
1216,1.0188234245317702,0.7520911764905128,0.01305976092936301,0.25367248563084593,0.18064629330354579,0.0001,1.0193425601200932
1217,1.0223544221862577,0.7520065214522712,0.013044845985350696,0.257303054038337,0.1773938043364163,0.0001,1.0199201499956376
1218,1.0199871807988228,0.7518770237723422,0.013042041786302175,0.25506811578423694,0.17925260894559703,0.0001,1.0199307975372487
1219,1.020104958005174,0.7512585793982655,0.01306097937887629,0.25578539998366917,0.17757639140797435,0.0001,1.020057827584884
1220,1.017430893789682,0.7519424552849775,0.013044025303142307,0.25244441374562093,0.17738493025665591,0.0001,1.0201346040739248
1221,1.0211415414152474,0.7524724993212469,0.013039262009440765,0.2556297805077164,0.1795632269150345,0.0001,1.0203121886654751
1222,1.0162464352456841,0.7521990723832384,0.013049703824350849,0.25099765992974654,0.179036051578986,0.0001,1.0197687099236261
1223,1.0175623168326295,0.7514177056645283,0.013050955159185383,0.2530936527747895,0.17813936156989596,0.0001,1.019387306330412
1224,1.0220187892778407,0.7518755528796275,0.013043586187382016,0.257099649878351,0.17928619196158635,0.0001,1.019565237523576
1225,1.0166309460181493,0.7522081547770006,0.01305068506430419,0.25137210378903163,0.17833451155958505,0.0001,1.019230090810126
1226,1.0186353231540317,0.7519296869544906,0.013035371385771653,0.2536702651764752,0.17986104472655554,0.0001,1.019211280672352
1227,1.0202976014261071,0.7518622987652406,0.013044305070176811,0.25539099855790515,0.1789145455761807,0.0001,1.0190055985963367
1228,1.0167475768325296,0.7518558519123534,0.013047162224264705,0.2518445644641019,0.1782193783572431,0.0001,1.0186816381997075
1229,1.0175825529117855,0.752303843565935,0.013035910850122541,0.2522427975587381,0.1787010518036798,0.0001,1.0184293976903684
1230,1.0224503374244813,0.7512049136974265,0.013041650789504602,0.2582037732700305,0.17864509065905643,0.0001,1.0189313420538486
1231,1.0181826538053051,0.7519375887410394,0.013039774149958551,0.25320529003776837,0.17677007570228034,0.0001,1.0186354532928543
1232,1.0168397436277379,0.7513814879237517,0.013031798008731122,0.25242645919141615,0.17806352427112163,0.0001,1.0186947841310598
1233,1.0179757987268072,0.7516973972562361,0.013037319357448368,0.25324108368484777,0.17796608515491832,0.0001,1.0187361323204775
1234,1.0154962942276233,0.7522883320918673,0.01304670182976713,0.25016125968636654,0.17995955216231743,0.0001,1.0180838828154557
1235,1.0198650643017906,0.7516794662930177,0.013039240005291983,0.25514635646198147,0.1767818802631409,0.0001,1.0184072946438198
1236,1.0174377404652069,0.7518668156608365,0.01304258874657188,0.2525283367529844,0.1794517207399585,0.0001,1.0182875363749375
1237,1.0166579044856598,0.7518308464944,0.013038660159701024,0.25178839833027933,0.17901748869167622,0.0001,1.0179235666808928
1238,1.016764942095681,0.7516183080586168,0.013042596000686862,0.25210403802126463,0.17961841401536371,0.0001,1.017925303207208
1239,1.0198715097038547,0.7523750480241757,0.013041755974171853,0.2544547088489571,0.17862875971179948,0.0001,1.018154198886415
1240,1.0204140904225394,0.7516103154747288,0.013039348575212892,0.25576442569252444,0.17783779607099645,0.0001,1.0179505741862207
1241,1.0165129168522045,0.7515585754996139,0.013027786241341799,0.25192655591222385,0.18054423603639158,0.0001,1.0177836004909107
1242,1.0166583257079367,0.7516803248175259,0.013050527166401397,0.2519274752957342,0.18042119748089425,0.0001,1.0177654586989302
1243,1.0177091815892387,0.7517523443964867,0.013028254615365855,0.25292858393753276,0.17821363397471562,0.0001,1.0177387969851737
1244,1.0172419580678185,0.7516217172508549,0.01304825227594279,0.25257198899440303,0.1776425682204732,0.0001,1.017913363369193
1245,1.0200540702676677,0.7512444598679611,0.013050125772039015,0.2557594835244376,0.17915387318656603,0.0001,1.0179322639657808
1246,1.019218437449202,0.7516975296438345,0.013037741063332702,0.25448316650023084,0.178228751248085,0.0001,1.0181103336641804
1247,1.016832777138414,0.7511615685468755,0.013041662637892408,0.2526295473440182,0.18027451259611102,0.0001,1.0181278209294558
1248,1.014189278378206,0.7510706675947317,0.013039091779542501,0.25007951690326113,0.17869216651026665,0.0001,1.0178702545577083
1249,1.0173043837170088,0.7512556243136254,0.01304150594900878,0.25300725272896324,0.17860358542409435,0.0001,1.0176135419590238
1250,1.0202926665725862,0.7519638782582467,0.013041426153743969,0.25528736105736566,0.17876700150192873,0.0001,1.0176013995740285
1251,1.0165045633760958,0.751518392296882,0.013057956347359121,0.25192821529102616,0.17890974069221993,0.0001,1.0176005642264176
1252,1.0192555475670233,0.7514717738478469,0.013041600977915053,0.25474217207630073,0.17735821347207617,0.0001,1.017860286412326
1253,1.0203246531089953,0.7518386586926288,0.013037765001912146,0.25544823101640474,0.1775585806514864,0.0001,1.0181218335643019
1254,1.020035899676851,0.7522237665996591,0.013030321796332121,0.25478181431852054,0.17818926492399909,0.0001,1.0184012277252048
1255,1.0186504773629363,0.7522839543543771,0.013045003641449655,0.25332151873237463,0.17849647031594484,0.0001,1.0182608684347318
1256,1.0184357953361758,0.7522766741245803,0.0130507087610798,0.25310841157397684,0.17929766703449931,0.0001,1.0181826042234294
1257,1.018371732433234,0.7517212981142813,0.01303811150680449,0.2536123205754626,0.17917220125212874,0.0001,1.0183364997529112
1258,1.0192578470005709,0.7516950993944134,0.013030678698789275,0.25453206715429044,0.17859189562937794,0.0001,1.0188433566151478
1259,1.0233730551679043,0.7508067150144984,0.013023928019386276,0.2595424104111673,0.17860949090842543,0.0001,1.0194502237602374
1260,1.0129339722784247,0.7510027101992593,0.013014983453808643,0.24891627762791593,0.1780574232581663,0.0001,1.0187143543308212
1261,1.0228350069411627,0.7523002121559746,0.013050732699659243,0.2574840661357431,0.17819566202574763,0.0001,1.0193473986873278
1262,1.016016402060797,0.7516683960299463,0.013028294029390595,0.25131971502400796,0.18222229273396623,0.0001,1.0190234841367052
1263,1.0212349009078607,0.7515984927181298,0.013028409128014989,0.2566079986385593,0.17738123618927737,0.0001,1.0191145089165916
1264,1.013103674439823,0.7506594313327487,0.01304723089655321,0.24939701133398207,0.17821638818082172,0.0001,1.0184212863928888
1265,1.0215667544223717,0.7514865909822088,0.01303253720304787,0.2570476280506436,0.17907859288292047,0.0001,1.0187129140988325
1266,1.0225574158993502,0.7517746113860341,0.013020533093574323,0.2577622745934171,0.17942261106464974,0.0001,1.0191250761551498
1267,1.0165926323217505,0.7516788298653299,0.013029711725262067,0.2518840916983738,0.17727373216988832,0.0001,1.0189471661440013
1268,1.0143717342409595,0.7517834060332355,0.013021397784080273,0.24956693058988386,0.18020342907001233,0.0001,1.0184585548680405
1269,1.018516482615326,0.751096101126371,0.013017450820118128,0.25440292942959203,0.1772614767355561,0.0001,1.0179728976127826
1270,1.0196817473755888,0.7514900706602642,0.013015126601677637,0.25517655183649934,0.17934945373820485,0.0001,1.018647675122499
1271,1.0208464850034966,0.7517066784127489,0.013026886489280097,0.25611292058507523,0.18051648230630052,0.0001,1.0184488229287325
1272,1.0196960183959944,0.7508409869598327,0.013015234204383216,0.25583979680862196,0.17800409732193784,0.0001,1.018816784562252
1273,1.0178227204580095,0.7513033241094005,0.013040629651918855,0.25347876787548373,0.17804345113752337,0.0001,1.018475566517267
1274,1.018335609237756,0.7511678149443852,0.013022882701417254,0.2541449131485657,0.17920056961733719,0.0001,1.0189987599970602
1275,1.0165901717259482,0.7512841177518663,0.01302130468960466,0.25228475150605,0.1788422430262846,0.0001,1.018501101727418
1276,1.0170533241171382,0.7511759064260409,0.01304093142310214,0.252836486857392,0.17795477768228699,0.0001,1.0179506925491968
1277,1.0184565063180595,0.7512361131623599,0.013033223684129076,0.2541871685345806,0.17724787560244362,0.0001,1.0181370799488279
1278,1.0157249395794123,0.7511494302362748,0.013032406870782012,0.2515431030466397,0.17815105202957293,0.0001,1.0182724004826729
1279,1.018550846083411,0.7512678085669543,0.01303322489314824,0.2542498100541426,0.1789838574962732,0.0001,1.0182758368294815
1280,1.0151421647768233,0.7512718470536671,0.013025913712460903,0.25084440331550933,0.17890180583899692,0.0001,1.017821878569605
1281,1.0182454916091284,0.7511578604851001,0.01302482632062498,0.25406280622400085,0.17838687433069667,0.0001,1.0175617792301679
1282,1.0199081845747773,0.7513854003097657,0.013041537625310871,0.2554812484381165,0.17710922797480655,0.0001,1.0175829958480462
1283,1.0157011848917838,0.7512853647342318,0.013023646317921111,0.25139217358271443,0.1789175442761872,0.0001,1.0173708422914238
1284,1.0193317902499233,0.7517958524019192,0.013032378337929747,0.25450356047728967,0.18086962746437374,0.0001,1.0174704603926403
1285,1.016243931125192,0.7510353136981477,0.013023580063670935,0.2521850367286384,0.1789507077323012,0.0001,1.017435836332565
1286,1.0175036363621028,0.7518611905782749,0.013026180422088437,0.2526162641829458,0.18028873752266109,0.0001,1.0174808675570612
1287,1.0149697681953167,0.7510692890710812,0.013027008358411809,0.2508734689825205,0.17908884714873277,0.0001,1.017132193744787
1288,1.01810479635641,0.7508941309689025,0.013020734032559347,0.2541899316723158,0.178259688809242,0.0001,1.0173701794224868
1289,1.0162641435075725,0.7512840507722046,0.013028103729774212,0.251951986375977,0.17993784038459554,0.0001,1.0171415091649028
1290,1.0172730936965402,0.7511383356719181,0.013024791984480729,0.2531099673700623,0.17746056105495708,0.0001,1.017354602056875
1291,1.0176279091448135,0.7509969500692573,0.013036020387258781,0.2535949401995715,0.1794191499148131,0.0001,1.0172928438104434
1292,1.0137600141896679,0.7514820534123852,0.013013323470496744,0.24926463600709037,0.17857852677907227,0.0001,1.0166780267719322
1293,1.0134262706154984,0.7509673107226529,0.013033895656980318,0.2494250625130129,0.18019143167059515,0.0001,1.0164505353443039
1294,1.0192382677815266,0.751594812826501,0.013025855921344873,0.2546175973410539,0.17982977214618823,0.0001,1.0164411830974642
1295,1.0144377050970437,0.7514320787261514,0.013018382732089587,0.24998724524075314,0.177677370894995,0.0001,1.0162605604946493
1296,1.0195949359307666,0.7513971235640876,0.013033792406743728,0.2551640200808372,0.1792910409747466,0.0001,1.0164696904515158
1297,1.0177442651491377,0.7510028427077597,0.013028618288330325,0.2537128026719993,0.17872479564036123,0.0001,1.016747140146898
1298,1.0168256811631378,0.7506764203491366,0.013018692482799353,0.25313056923796634,0.17837980023866734,0.0001,1.0166192286275706
1299,1.0193494873888351,0.7509592616775699,0.013035748357946925,0.2553544797713568,0.17858944159250473,0.0001,1.0169277630156968
1300,1.0155220142968044,0.7507383227348328,0.013030730203005653,0.25175296114738765,0.17944338808920515,0.0001,1.0167526550757233
1301,1.016973052256973,0.7513596300662894,0.013029361835116063,0.2525840581037693,0.17784151685769853,0.0001,1.0166871693869393
1302,1.013961151937442,0.7508159143204137,0.013026070401344531,0.2501191685002667,0.17851937370295456,0.0001,1.0167072831617168
1303,1.0155957331521999,0.7509616389719517,0.013017344668235547,0.2516167512046396,0.1798947498837059,0.0001,1.0169242294153866
1304,1.0151111602057792,0.7503867067139725,0.01302662389031772,0.25169782826401155,0.18073337883301246,0.0001,1.0165115186578118
1305,1.016106299527035,0.7511884840942058,0.013036310068250428,0.25188150698164175,0.179292838332861,0.0001,1.0166783781008109
1306,1.0155244880709156,0.7512857066448514,0.013031910689317189,0.25120687279207954,0.17766818313521254,0.0001,1.016271333314826
1307,1.0195573253999133,0.7512064613628581,0.01301974191143353,0.25533112109795547,0.17932696078297575,0.0001,1.0164526393399038
1308,1.0183591905520364,0.7515318096288561,0.013019204381513305,0.25380817608828476,0.17995104208800178,0.0001,1.0166059902787934
1309,1.015484749545432,0.7514727572640347,0.013027436834803459,0.2509845562929072,0.17844950291375358,0.0001,1.0162195164944532
1310,1.0166735593494005,0.7512017415938465,0.0130366877658372,0.2524351291736289,0.17850383813918,0.0001,1.0163346709997128
1311,1.0166176439057015,0.7510371985590241,0.013031107658788591,0.2525493382017221,0.1781582917572277,0.0001,1.0162991301645854
1312,1.0199278869928743,0.7515051344345356,0.013007292882907705,0.2554154604612935,0.1788069532983927,0.0001,1.016895803670129
1313,1.0220141229474762,0.7508858479786112,0.013034875204306828,0.25809340003658743,0.17867552363606543,0.0001,1.0175376426496565
1314,1.0150111370831425,0.7504549238067612,0.013033263581761483,0.2515229534274666,0.17835439941099643,0.0001,1.0175276403373927
1315,1.0180604191871008,0.7512884551081164,0.013024430971358417,0.25374753207995976,0.1773735909263696,0.0001,1.0177230523033995
1316,1.0177613988851195,0.7512720217569363,0.0130230601854305,0.25346631582441004,0.17963092941904166,0.0001,1.0179467433848197
1317,1.0165131238362852,0.7508026206711002,0.013015638016783924,0.2526948639091565,0.17967229383349662,0.0001,1.0176423232284566
1318,1.0154870121038952,0.7510866821416735,0.013019688230982658,0.25138064319717474,0.17889496085609916,0.0001,1.0173551053836427
1319,1.0211861074333501,0.751216161565413,0.013023674850773376,0.2569462706846833,0.18064808588603448,0.0001,1.0179252411724344
1320,1.0152019535552175,0.7508059532115232,0.013020478687711952,0.25137552097590893,0.17774032168165907,0.0001,1.017778080593016
1321,1.0205362095794137,0.750804772241604,0.01302877642803695,0.256702662224581,0.18078276898870604,0.0001,1.0181699371603874
1322,1.013724602260164,0.7507239783269638,0.013017119065259581,0.24998350507951894,0.17911487306953686,0.0001,1.0175496086871163
1323,1.0166175822457242,0.7509706268204153,0.013012461439832954,0.25263449595013204,0.17935106554210306,0.0001,1.017009954616941
1324,1.0144926579196845,0.751067772598344,0.013009830614132523,0.2504150561731437,0.17897361039389945,0.0001,1.0169581067005953
1325,1.0155531999789194,0.7505744844372809,0.013020517618129026,0.25195820031132227,0.17770594766488182,0.0001,1.0167073847797774
1326,1.0173569694010287,0.7508439578826239,0.013013044187069906,0.2534999682683248,0.1779701367897146,0.0001,1.016666941831368
1327,1.0143475681241096,0.7504935746986049,0.013005057890081502,0.25084893654797674,0.1785543613574084,0.0001,1.0164503862601508
1328,1.0179555858608191,0.7508354390126938,0.013015830009027137,0.2541043169146619,0.17968713418102653,0.0001,1.0166972436358432
1329,1.0147236296661486,0.7507221051935734,0.013023698547548987,0.25097782483690895,0.1784891374333635,0.0001,1.0160509958591228
1330,1.0191125889095283,0.7507957816123962,0.01300631744624635,0.2553104883698373,0.1801076374237726,0.0001,1.016442059394554
1331,1.0158406915577622,0.750410209562909,0.0130072101859969,0.252423272413366,0.17977513992520422,0.0001,1.015972507592389
1332,1.0157367825266315,0.750855891748084,0.013015061798250458,0.2518658282851109,0.17815626495750148,0.0001,1.0161737256190357
1333,1.0174342389039046,0.7507995855493913,0.013024506172350406,0.25361014840629476,0.1802854383511669,0.0001,1.0162553912848535
1334,1.0146672294057648,0.7504416259258804,0.013021413743133235,0.2512041907644175,0.1794157498506697,0.0001,1.0162728484334616
1335,1.013765911906051,0.7502991644170657,0.0130326510926531,0.2504340971670818,0.17854321643740362,0.0001,1.016094119626175
1336,1.0174195980445366,0.7509591451281225,0.013023560719364313,0.2534368944790736,0.17816319569008346,0.0001,1.0161003824905257
1337,1.0142924634486619,0.7506244013323987,0.013017411164289555,0.2506506524481348,0.17882036494797673,0.0001,1.016094872022981
1338,1.0178760402584657,0.7513817456866375,0.013009419305812998,0.25348487677728915,0.18033405691083015,0.0001,1.0160869174627456
1339,1.0143265184959582,0.7500304896497824,0.013016771834955738,0.2512792549710003,0.17812582306397615,0.0001,1.0160472063457264
1340,1.0147394730159767,0.7507790568875976,0.013025772015414905,0.25093464303995966,0.18188804663098124,0.0001,1.0156098947563712
1341,1.0151243115535373,0.7504951943006767,0.013025932331356025,0.2516031858282689,0.178825634699806,0.0001,1.0155382567559488
1342,1.0129590971474716,0.7504053656276293,0.01301803622719724,0.24953569638076226,0.18026930680139552,0.0001,1.0152604882180327
1343,1.01431461945025,0.7510933506077734,0.013014546514282846,0.25020672205616445,0.180077736626774,0.0001,1.0149485262726672
1344,1.015891198696036,0.7509572423737625,0.013020226002706718,0.2519137312716693,0.17864712374568228,0.0001,1.0150709232016943
1345,1.014600950128892,0.7501525784602755,0.013002508068665045,0.251445863388373,0.1762522382861944,0.0001,1.0151544270239787
1346,1.01644318086864,0.7504395043390518,0.013008002335353023,0.25299567416400986,0.17725174793969786,0.0001,1.015056785306389
1347,1.0138985000807663,0.7509934078849112,0.013012022807680327,0.24989307198378788,0.17859687621404868,0.0001,1.0150173889695993
1348,1.0171022389771731,0.7507868021061648,0.013011187617241973,0.2533042512788734,0.17932568608384586,0.0001,1.0149400088414702
1349,1.0178414112897722,0.7506753108322499,0.013011208654175424,0.2541548920602634,0.1804187008865465,0.0001,1.0152914981208516
1350,1.0205265647499362,0.7510574380234337,0.013012650530430173,0.256456478946591,0.18014144809807048,0.0001,1.0158702072942476
1351,1.0160681485646152,0.7504358234802075,0.013018566744806316,0.2526137577653173,0.17926646853678124,0.0001,1.0159645909953552
1352,1.0176104418404446,0.7512366266327988,0.013019839600181967,0.2533539757434785,0.1800489222846215,0.0001,1.0164297254646526
1353,1.0133464597543402,0.7506491717170266,0.013027348092796836,0.24966993976316393,0.17983294204330832,0.0001,1.0163329094950615
1354,1.0155241072298788,0.7507743714547302,0.013025324194716633,0.25172441002381984,0.18107330511960731,0.0001,1.016296200348446
1355,1.0146122391035302,0.7508118546758655,0.013014531038837549,0.250785853328376,0.1788444092259204,0.0001,1.0162973292459097
1356,1.0134145821809286,0.7504997055138826,0.013015155859941402,0.2498997231344664,0.1798375624309447,0.0001,1.0159944693771386
1357,1.0179326147385108,0.7506489422451894,0.01301128022810992,0.2542723919931822,0.17810619950415396,0.0001,1.016397880842913
1358,1.0162386573835995,0.7507918613677577,0.013011459404749995,0.2524353375329691,0.17955971991314607,0.0001,1.0163115226835555
1359,1.016964079400347,0.7504410325392749,0.013022645733661149,0.25350039833155413,0.1804634643979295,0.0001,1.0162237894946131
1360,1.0149452212374301,0.7502352461128158,0.013006868758985043,0.25170310731773204,0.18152703269258233,0.0001,1.0156656551433627
1361,1.0200874524957992,0.750840645291017,0.013005259554478024,0.2562415467586527,0.1779415297338977,0.0001,1.016067585536481
1362,1.0139261665498993,0.7500671132582922,0.013014609866887029,0.25084444162630404,0.17840484884883037,0.0001,1.0156991580074262
1363,1.0150730554278917,0.7505393633977878,0.013020336023450624,0.25151335369440414,0.1788057370553394,0.0001,1.0158718175747814
1364,1.0144140401186372,0.7503290952581905,0.013012373906845495,0.2510725728880319,0.18005756798066183,0.0001,1.0157608108636573
1365,1.0165656811083548,0.7505552505141098,0.013021567530370872,0.2529888614921492,0.18064860367871685,0.0001,1.0159561550641398
1366,1.0151274933292707,0.7503389476762582,0.013015596184720857,0.2517729506773107,0.1783127981194618,0.0001,1.016127446178974
1367,1.0121265428545025,0.7507793793330086,0.013009066272217169,0.2483380959646939,0.17992136347850002,0.0001,1.015546838990573
1368,1.015612563061666,0.750838250828563,0.012999960423483085,0.25177434967872336,0.17914543994541826,0.0001,1.0154842295583797
1369,1.018275989601143,0.7509554064781623,0.013004558081559188,0.2543160264166809,0.17998306994264074,0.0001,1.0156154205784595
1370,1.0148908130779228,0.7508835152970367,0.013014404333629182,0.2509928935379334,0.17829237509571758,0.0001,1.0156099797625089
1371,1.0140248742596856,0.7509255628073191,0.01300735285025823,0.2500919577255694,0.1804553997564993,0.0001,1.0150037219388974
1372,1.0133126668223986,0.7508469207049867,0.013007917704011558,0.24945782507348496,0.17935991341637308,0.0001,1.0149423719661474
1373,1.0171892045719386,0.7505147091999015,0.013002731253602684,0.2536717628489643,0.18043529624629456,0.0001,1.015153986880552
1374,1.0140702494743146,0.7506274093720783,0.013012965359020426,0.2504298756499803,0.18013274059092538,0.0001,1.01511960781612
1375,1.0145156153800763,0.7507414166148729,0.013008730406693465,0.25076546684723594,0.17974833696778358,0.0001,1.0149146012432921
1376,1.0135304069422322,0.7502567945822741,0.013005481046788833,0.2502681319932425,0.1788493806220455,0.0001,1.014754892604588
1377,1.0173089598545437,0.7503842042861072,0.013000040944159394,0.2539247161053257,0.1790222296487487,0.0001,1.0152731343045922
1378,1.0158190399589693,0.7502474190013646,0.013006717389785736,0.25256490411187765,0.1790500487263256,0.0001,1.0152937819943226
1379,1.0178459123472172,0.7499184723316293,0.012994255062049107,0.2549331842432399,0.1770971793432023,0.0001,1.01525077426893
1380,1.0184951465705345,0.7503458392063937,0.013002816368551814,0.2551464917058877,0.17941196973135215,0.0001,1.0156112076181913
1381,1.0155560218296478,0.7507871342237291,0.013016073747290559,0.25175281382840253,0.17885982845182594,0.0001,1.0157643223751873
1382,1.0133332370744517,0.7506499550405429,0.012992634492761949,0.24969065023121437,0.17948988877977368,0.0001,1.0157663794003926
1383,1.0117964202927285,0.7506317012692079,0.01300252233509118,0.24816219782188503,0.17913411545584215,0.0001,1.0152271009724718
1384,1.0156568080851804,0.7504133996808746,0.013004803754253271,0.25223860363749895,0.17951570161095012,0.0001,1.0153857568335583
1385,1.0131533791520775,0.7502829040765279,0.013015717086637237,0.24985475699147153,0.17902984834346036,0.0001,1.0152495332107585
1386,1.0201140555116759,0.7503573785689007,0.012996753137445353,0.25675992403202075,0.1787094698111861,0.0001,1.0159078980677028
1387,1.0125461921972387,0.7501401065812875,0.013012302816518663,0.2493937817566535,0.17826975567708392,0.0001,1.0154316213019723
1388,1.012814832507476,0.7498336488770181,0.013001969329725657,0.24997921472388882,0.17783226541283165,0.0001,1.015131200556823
1389,1.0131873128138498,0.7501329309316485,0.013006221208320911,0.2500481617015467,0.17969887717258615,0.0001,1.014665340603486
1390,1.0129638841379487,0.75100261371953,0.01299962020549039,0.24896164722060576,0.17924954613734936,0.0001,1.0141122143602275
1391,1.0168405852259776,0.7504793548197098,0.013000138391103996,0.2533610942669621,0.17827455865683953,0.0001,1.0142406706998606
1392,1.0130516561484966,0.7505538688470094,0.01300014395259215,0.24949764495084542,0.17953453160081867,0.0001,1.0142125126072652
1393,1.0142868326837102,0.7505996198247944,0.012998699658299072,0.25068851049543633,0.17981284469910133,0.0001,1.0144615538463633
1394,1.0144611071137821,0.7503339760685548,0.012998537891534956,0.25112859339549626,0.1791979851575217,0.0001,1.0143419837492234
1395,1.0178533277453563,0.750587530358568,0.0130038916701961,0.2542619060112908,0.17963366023062693,0.0001,1.0148119786085512
1396,1.0168859637049583,0.7503571667487433,0.012993769278149093,0.2535350259552137,0.17983964626614996,0.0001,1.0144891694278795
1397,1.0126139459938839,0.7497331387614623,0.013016813667018805,0.24986399462329448,0.17923256655131103,0.0001,1.014495944807544
1398,1.013148709920067,0.7500810287061618,0.013000623691396346,0.25006705848972405,0.18038984447052706,0.0001,1.014529332548803
1399,1.015776815810987,0.7500939566271784,0.013020965438827298,0.2526618958305394,0.1758856284328213,0.0001,1.0147882828485169
1400,1.0185608745346688,0.7505234720498989,0.012998177603824143,0.2550392245182401,0.18204661798767338,0.0001,1.015347981888189
1401,1.013392250267052,0.7504334859625563,0.013001338221722152,0.2499574264757048,0.17886246142353537,0.0001,1.0150031483922963
1402,1.0160576690283074,0.749854430223817,0.012998579239990359,0.25320466216389115,0.18110777594859412,0.0001,1.0153037496802775
1403,1.0131526906156636,0.7499858643897407,0.013013036691151092,0.25015378856755655,0.18059273103429627,0.0001,1.0151903354734726
1404,1.017154839048521,0.749532440733958,0.013008793759297647,0.2546136063839069,0.18016247593365142,0.0001,1.0154597086669466
1405,1.0160681203944688,0.7505462412660069,0.01301054248461617,0.25251133803421777,0.17963759767356316,0.0001,1.0152811879318577
1406,1.0146149641118234,0.7495029233773872,0.013010099499994553,0.2521019405392556,0.1798021165280023,0.0001,1.0150540879725443
1407,1.0171384596195956,0.7502275457488596,0.013009229731608115,0.25390168377642214,0.18250016067139274,0.0001,1.0155065393351153
1408,1.0146011747646526,0.750326677098961,0.013006987726470761,0.2512675097729807,0.18047834854217862,0.0001,1.0156517858195742
1409,1.0190211328966865,0.7507778565733718,0.013015860476310065,0.2552274147135491,0.17934387139447078,0.0001,1.015976217528144
1410,1.012315542291676,0.7500011213652744,0.012999767464024542,0.24931465122569163,0.17902657404753547,0.0001,1.0153516843038448
1411,1.0103452816212637,0.7500265708559667,0.013004590483272778,0.24731411907300505,0.1787156099056859,0.0001,1.0150469874392658
1412,1.0163406987219263,0.7501723523314052,0.012999856931442663,0.25316848873366693,0.18145889998933123,0.0001,1.0150752904086278
1413,1.0133518738630578,0.7505560857045481,0.01299912088057574,0.24979666723259564,0.18004846615191647,0.0001,1.0150952087333673
1414,1.013509096891353,0.7496108932620855,0.013009444937019271,0.25088875787616016,0.18036898562559975,0.0001,1.0147306345176506
1415,1.013959991158143,0.7494269928632353,0.01301930207026174,0.25151369778125815,0.1794410230059169,0.0001,1.014519821594018
1416,1.0149996967393051,0.7493656240176961,0.012997474921886142,0.2526365973161152,0.1785199262851634,0.0001,1.0145582948567662
1417,1.0158929122388967,0.7497554392408405,0.0130103043078409,0.2531271699294599,0.17871238487729194,0.0001,1.014433740118696
1418,1.0140201858042703,0.7498992200313669,0.012994553447978733,0.251126410450945,0.17922994385626448,0.0001,1.0143756412226579
1419,1.011875347119074,0.7494735460252355,0.012985569226572529,0.2494162302653156,0.17910514049549373,0.0001,1.0136610626448967
1420,1.0104720931024145,0.750866515883084,0.013000398330224212,0.24660517867752796,0.18111091610384278,0.0001,1.0134767177259705
1421,1.010795539460366,0.7495594438142757,0.013007083964396201,0.24822901035177297,0.17945192497352075,0.0001,1.0135217435098807
1422,1.0165052452629042,0.7502693036990523,0.012991252583857724,0.25324468807322986,0.18022823143319716,0.0001,1.0135381981639786
1423,1.0159329507220347,0.7504708624272994,0.013009722286015447,0.25245236918239516,0.17972374195138532,0.0001,1.0137963058498762
1424,1.0163831344482623,0.7498562681747498,0.013010389906397697,0.253516474553586,0.179629676814737,0.0001,1.014083709605567
1425,1.0150440000375434,0.74999091712263,0.012990521127263625,0.2520625607599835,0.17809707987260143,0.0001,1.014192110493507
1426,1.0183028027445502,0.7502745992029898,0.013012975514781403,0.255015227905877,0.17972213020793806,0.0001,1.0145224210940316
1427,1.0145692130131363,0.7496245918119171,0.013000818343481718,0.25194380213232603,0.18058057878974967,0.0001,1.0143900511714556
1428,1.0142258044188694,0.7505132048173561,0.012988697442756946,0.2507239011915412,0.17936369879492398,0.0001,1.0144106130329154
1429,1.014610702319271,0.7499352841058077,0.013009913794650992,0.2516655034213714,0.17876328491656823,0.0001,1.0146841485529352
1430,1.012988769742103,0.7497955830295477,0.013000443305737106,0.25019274262095564,0.17974348731988826,0.0001,1.014935816216904
1431,1.0167015969874167,0.7499372329237979,0.012991429584263305,0.25377293460025746,0.17959029108104552,0.0001,1.0155264219696092
1432,1.0135809716298179,0.7497100781717358,0.013009977872666674,0.25086091405902866,0.17914710113774931,0.0001,1.0152339946063005
1433,1.012634111345419,0.7502899467340589,0.01299403187711147,0.24935013270402293,0.18144936472721565,0.0001,1.0149041106686387
1434,1.0138004634975177,0.750180385780141,0.012984429363304897,0.2506356465707686,0.17997109294542193,0.0001,1.0146458435735644
1435,1.0145274868601475,0.7506013608123903,0.012989604690737464,0.2509365195132656,0.1783288156889515,0.0001,1.0145941922558248
1436,1.0111890674604604,0.7499536703856431,0.012994228947235169,0.24824116966908166,0.1794856172848425,0.0001,1.0138828187274158
1437,1.0147031821295407,0.7503262040097621,0.012987005299535292,0.2513899734549784,0.18053316979330886,0.0001,1.0138962156390563
1438,1.0106007757825253,0.7494244344577828,0.012993048460923634,0.24818329077826068,0.1789480268532074,0.0001,1.013533712775422
1439,1.013669688851548,0.7501406383079158,0.012997280511604602,0.25053177311502656,0.18102268793036438,0.0001,1.0134396114286495
1440,1.0165455130969776,0.7500820641101736,0.012990738750713108,0.25347271097661517,0.179487181664964,0.0001,1.0137952857641372
1441,1.0151837136876027,0.7497382839843177,0.012984055776383282,0.25246137583110684,0.17990561189322635,0.0001,1.0136434974341557
1442,1.016155125765965,0.7502750836569687,0.012979533802906833,0.25290050851766765,0.178482868215617,0.0001,1.0139009128477705
1443,1.0147547328931565,0.7499797069760413,0.012996700666013643,0.25177832398163136,0.1787334025268864,0.0001,1.014112975002544
1444,1.0151843180762827,0.7498401405845162,0.012996999293747103,0.2523471795732786,0.180091184486482,0.0001,1.0142513604604209
1445,1.0141761081697491,0.7504424496306367,0.012990213794592186,0.2507434431123443,0.17939161661914105,0.0001,1.0142162225913807
1446,1.0130725955141002,0.7496750536119721,0.013011601585403659,0.2503859408456704,0.17909083665021777,0.0001,1.0144045753967448
1447,1.0166287092117945,0.749389061337794,0.01299556757325333,0.25424407909172786,0.18002855520823907,0.0001,1.01459712810497
1448,1.0142624680459136,0.7499801123601669,0.01300129421342459,0.25128106086781254,0.17831922151737717,0.0001,1.014963297331309
1449,1.0137072892266403,0.7500285366002251,0.01299738182741053,0.25068137060253903,0.17882570189104602,0.0001,1.0149670573688183
1450,1.0154406406574752,0.7497295613946586,0.01300277042582359,0.25270830815691975,0.17992124877280685,0.0001,1.014856570124868
1451,1.0189560304790675,0.7498929257566982,0.012987850403930789,0.256075254288213,0.1833045504700098,0.0001,1.0152338018040143
1452,1.017045039555122,0.7497369935981643,0.012984461039606989,0.2543235836629935,0.18072070117896274,0.0001,1.01532279318293
1453,1.0109444409306587,0.7493368510542244,0.013005540530531691,0.24860205004108846,0.1799394165526539,0.0001,1.0149417639866802
1454,1.0144607162378865,0.7500324915437138,0.01300876063217256,0.2514194648478626,0.1813953995523298,0.0001,1.0148694038028407
1455,1.0130546784546022,0.7493422437633027,0.012993718015736547,0.25071871693247955,0.18036893587446115,0.0001,1.0147572608313262
1456,1.0117574195107388,0.749905425322225,0.012984930139042544,0.24886706471443176,0.18054663521402023,0.0001,1.01462574323099
1457,1.0147985894588138,0.7497312709477562,0.012985409394239074,0.25208190973644085,0.17835914163753905,0.0001,1.0144427312556918
1458,1.0142842381285848,0.7497361188727992,0.012991255243699885,0.2515568641481003,0.18032944897609116,0.0001,1.0144449082639588
1459,1.0111840183546288,0.7492638499935065,0.012980037963898138,0.24894013269436044,0.18114134814386193,0.0001,1.0141925811767578
1460,1.0135430399834746,0.749010754405364,0.012997172183487527,0.2515351152534901,0.18086343882775452,0.0001,1.0140028211093577
1461,1.0122263165564855,0.7494574851728598,0.012993042657631649,0.2497757899954643,0.18067800113081206,0.0001,1.0133298497170995
1462,1.0137100970527464,0.7497454996524912,0.012988832369295628,0.2509757650007341,0.17881551103828885,0.0001,1.012996355466862
1463,1.0122603555238272,0.750098173202414,0.012969621538390494,0.24919256035230947,0.18088973272765627,0.0001,1.0131279469261787
1464,1.0099603426142107,0.7496741834808799,0.01299388486038115,0.2472922762073803,0.17964367275305743,0.0001,1.0126779095638112
1465,1.0124270512172706,0.7494998465445172,0.012975160055179867,0.2499520444664462,0.18058641892659494,0.0001,1.012615146840078
1466,1.0154595741393841,0.7496032749905306,0.012989985048166395,0.25286631558173567,0.1791042104272765,0.0001,1.0129853623029428
1467,1.0109884001420428,0.7497834626124307,0.01300018771908588,0.24820475319578003,0.1807787382699413,0.0001,1.0126043433712657
1468,1.0104317232271236,0.7493095105366581,0.012987326415025197,0.24813488446946802,0.18043897115071936,0.0001,1.0122190918811194
1469,1.0114197153106905,0.7492855530965159,0.012988804803658693,0.24914535592946754,0.1793185960025381,0.0001,1.0122426615767255
1470,1.0090429457641277,0.7499255194625313,0.012993307191024688,0.24612411920124813,0.1815859395821728,0.0001,1.0117926521547909
1471,1.015835281922416,0.7501373848373459,0.012984655449888527,0.25271324243615656,0.17877288694676716,0.0001,1.012153548691384
1472,1.0086075424180796,0.7487940299825301,0.012994304631834824,0.24681920747123431,0.17852220250554307,0.0001,1.0116432932279174
1473,1.016520116077717,0.7497042870908431,0.01297311826361604,0.25384271188693885,0.18006942824708036,0.0001,1.0120692692833064
1474,1.0163939129750095,0.7503794905621913,0.01299148955161383,0.25302293187887626,0.18087092232389818,0.0001,1.0127126263193864
1475,1.0162584654699716,0.7495291042037716,0.012997712615053746,0.2537316485000189,0.1799050745748845,0.0001,1.0130957677446564
1476,1.0157866263969917,0.749987400811294,0.012993925967032721,0.2528052990141553,0.1785842544771353,0.0001,1.013128472970417
1477,1.0150850819042199,0.7493591950582926,0.013006201380406625,0.252719686372285,0.180110764944771,0.0001,1.0135381411466347
1478,1.0153686675048503,0.7491835153852466,0.012981675217649757,0.2532034770077431,0.18010069871166415,0.0001,1.0140318355744071
1479,1.0168658370420367,0.7494625224303039,0.01297757204841165,0.25442574402925694,0.18056628189633392,0.0001,1.0145764477475419
1480,1.013782881578132,0.7493920612770452,0.012988947226116189,0.2514018733167745,0.1789882001419822,0.0001,1.0150504413289423
1481,1.0148554582141234,0.7490026727167637,0.01297541443281193,0.2528773713668026,0.17772181688772012,0.0001,1.0149524589581131
1482,1.0124146284244606,0.7493910737501922,0.012999389282830105,0.25002416427309565,0.17913587911254736,0.0001,1.0153331675587514
1483,1.0136494706658756,0.7492830122218412,0.012985623874238732,0.2513808371994123,0.18074625234816669,0.0001,1.0150461030175673
1484,1.0107347473169679,0.7493412012260777,0.012999832509255554,0.24839371518358497,0.17986098896054661,0.0001,1.014480186451763
1485,1.0119366981920317,0.7488428909203102,0.012982021964345936,0.25011178606301243,0.1790735505778214,0.0001,1.0140480097239692
1486,1.016179706455486,0.7497392064659397,0.012977949745998422,0.2534625505760282,0.1809640595081128,0.0001,1.0140873177298182
1487,1.015457690487527,0.7497777558001737,0.01300050327308763,0.25267943183742236,0.1811020863950857,0.0001,1.014124578588149
1488,1.015851527150214,0.7489626817480788,0.012984502629866224,0.25390434386038635,0.17995258092759348,0.0001,1.0141728645526855
1489,1.0112282686978276,0.7490531672812378,0.01298431764993416,0.2491907833132734,0.17870253469590966,0.0001,1.0136091077182647
1490,1.0127013392187276,0.7495564435123189,0.012980092853368175,0.2501648019765018,0.18185280744009039,0.0001,1.0135009534823243
1491,1.0115368336015975,0.7496593056537558,0.012980643682499203,0.2488968824215883,0.1789222544334965,0.0001,1.0131690910210716
1492,1.0133959995563808,0.7495420414342358,0.012973557137572499,0.25088040397689504,0.1797389611450702,0.0001,1.0132672281342636
1493,1.0128276074875682,0.7498200241982574,0.012989263021921773,0.2500183234712899,0.1788527569894133,0.0001,1.0131850418164328
1494,1.0132123658671581,0.7497451502459528,0.01297279859894913,0.2504944169013544,0.17972544564074,0.0001,1.0134328036714517
1495,1.0113028792048564,0.7495925948779433,0.012986549982918203,0.24872373413241658,0.1811756965596584,0.0001,1.0133694217727345
1496,1.0136316820042128,0.7491951112089485,0.012991673322526726,0.251444896747326,0.18043694970090296,0.0001,1.0131146193276073
1497,1.0146485941888836,0.7499232685106522,0.012990477118966061,0.25173484985896105,0.1807011688396365,0.0001,1.0130337096977429
1498,1.0161995470644736,0.7495778381945395,0.012983458762720198,0.25363824814255775,0.1788174704351967,0.0001,1.0130685116891687
1499,1.0109361274730846,0.7493972158093481,0.012981933464143145,0.24855697665809376,0.18048774077732713,0.0001,1.0130392975666944
1500,1.0136490929682889,0.7488625008484413,0.012972135089232036,0.25181445700039,0.1791730174911917,0.0001,1.0131340729416505
1501,1.0134332846192753,0.7493996663702912,0.012973034357686071,0.2510605849794152,0.1798371488859397,0.0001,1.013323718043418
1502,1.0162881593433404,0.7491533985969745,0.012989888326633291,0.25414487577476075,0.18093782750999227,0.0001,1.0136129340221143
1503,1.0102644164953947,0.7495767847761421,0.012985641767722355,0.24770199191618641,0.1803084221681765,0.0001,1.0133566149228967
1504,1.0115643075948797,0.7494072947976071,0.012971628510202404,0.24918538130986037,0.1803281214428238,0.0001,1.0131918090956689
1505,1.00843025124339,0.7490405443957563,0.01297600298334087,0.24641370395496942,0.1799990632410707,0.0001,1.0129045462995223
1506,1.0138631663748023,0.7495474961659971,0.012973868097301429,0.2513418025346605,0.18156636577348922,0.0001,1.012927694736581
1507,1.0117266653275634,0.7498533538340555,0.012968360047794985,0.24890495234114282,0.18066324577732937,0.0001,1.0126355018504491
1508,1.012475391430497,0.7497192757850245,0.012970677012120492,0.24978543499118175,0.18068236299992574,0.0001,1.0122630862870516
1509,1.0148559940514168,0.7493821769408715,0.012985297680868339,0.25248851962614255,0.1815820602326074,0.0001,1.0126550729448847
1510,1.0129456755839303,0.7497109099769206,0.012982642191176966,0.25025212173831873,0.18004678268340732,0.0001,1.0125847312064489
1511,1.0123921458667964,0.7490752340572118,0.012990363471164664,0.25032654800593973,0.18087938246572235,0.0001,1.0124806173312009
1512,1.0122932801382054,0.7495067878862424,0.01300137836115839,0.2497851145859906,0.17956287360940937,0.0001,1.0120811294106877
1513,1.0146339252802712,0.7490721840645672,0.012987989682938458,0.2525737548424554,0.18069779437647387,0.0001,1.0125180802891751
1514,1.014448466334817,0.7493724962035251,0.012990081527895667,0.252085888150014,0.1815973920162019,0.0001,1.012806496163169
1515,1.0152981878535985,0.7491754029875595,0.012984197231625447,0.2531385873321587,0.18109245837097476,0.0001,1.0134932898241897
1516,1.0098518319352403,0.7492815430217534,0.012963513815378804,0.24760677446337306,0.17837205311589502,0.0001,1.0130921563802335
1517,1.0115576404587008,0.7497711233628449,0.012982956052551889,0.2488035624639016,0.17875250617824268,0.0001,1.0130752538933474
1518,1.013151435049262,0.7490202004720908,0.012972846234304185,0.2511583864840001,0.18154647861726386,0.0001,1.013142858255224
1519,1.0176799286451592,0.7495962712634165,0.012966517744393185,0.2551171406045647,0.17942581185220946,0.0001,1.013425251714598
1520,1.013450607687658,0.7491704845766992,0.01297480218550738,0.2513053221646961,0.18059293581191715,0.0001,1.0134757449249707
1521,1.0122559233804744,0.7495235259102517,0.01297534430970043,0.2497570518910522,0.18042372015983046,0.0001,1.0134621226763385
1522,1.0127868009145555,0.7499931678327053,0.012981633143782858,0.24981199974160165,0.18073644965101207,0.0001,1.0135114747539737
1523,1.0100953855814363,0.7487251259250525,0.012986323896334574,0.24838393739222514,0.18043848237449692,0.0001,1.0130576207840902
1524,1.0136380453138758,0.7496642438925304,0.012985302516944994,0.25098849833011627,0.18093097246200995,0.0001,1.0129765786819962
1525,1.013100481903819,0.749273076623255,0.012983160860398236,0.25084424543271927,0.18017799970948914,0.0001,1.0127568080870182
1526,1.012150829510563,0.7491635295730575,0.01298734430850882,0.24999995473734504,0.18285824545861257,0.0001,1.0129867078445507
1527,1.0138234909601191,0.7498612553788006,0.01298119789688389,0.25098103839473357,0.1827648774424141,0.0001,1.0132132928946922
1528,1.011781805064567,0.7489840487437606,0.012973475166073193,0.24982428098849302,0.17893491842562964,0.0001,1.0130763298962229
1529,1.0140641465873796,0.748904734547675,0.012972512303211142,0.2521868976207099,0.18137874585740707,0.0001,1.012714751690445
1530,1.0148676442809812,0.7492735731674256,0.012971955187180462,0.25262211544276736,0.18035747863458088,0.0001,1.0128564553497772
1531,1.0079665608386723,0.7491939319316562,0.012973981261495161,0.24579864711657498,0.18017486390670948,0.0001,1.012427519095597
1532,1.010867578746339,0.748549911119875,0.012974764705913303,0.2493429049456579,0.17908638144482464,0.0001,1.0122355968787753
1533,1.0105425393847374,0.7496721133982676,0.012987383238925895,0.24788304292889685,0.18183800859214327,0.0001,1.0122803122591053
1534,1.0113128817831043,0.7492899177765991,0.012970957020958828,0.249052006078782,0.18129860683822244,0.0001,1.0120477959060281
1535,1.0134457689511607,0.7493637838905288,0.012959573380120144,0.2511224112120168,0.17955871310243743,0.0001,1.0120823246107624
1536,1.0143360701100579,0.7488870583247945,0.01297620368052206,0.25247280731887894,0.18044610372905073,0.0001,1.012300848670712
1537,1.0130927677570443,0.748752944851502,0.012970250953767169,0.25136957234470647,0.17896897456104324,0.0001,1.0122277763504044
1538,1.0113020619079016,0.7489324115352747,0.012968653839451788,0.2494009961704695,0.1783526498393645,0.0001,1.0121798020347377
1539,1.0169699639384209,0.74912278768257,0.012968370445359792,0.25487880426899173,0.18009051066987655,0.0001,1.0124703837698419
1540,1.0136347392509724,0.7493398019072975,0.012978076934814453,0.2513168592905176,0.18049823962771627,0.0001,1.012347093266841
1541,1.0127563944452915,0.7491259174704793,0.012981874705811785,0.25064860145291257,0.1795063911357226,0.0001,1.012826076627503
1542,1.0099326586142998,0.7492568098749157,0.012979333105725643,0.24769651747741273,0.18093621954472988,0.0001,1.0127325846142992
1543,1.0107431342829072,0.7495418709625337,0.012981500635282505,0.2482197627757674,0.1794380757799013,0.0001,1.0127526441041161
1544,1.0129122933557986,0.7491000511099795,0.012978331312446518,0.25083391129607846,0.18201372371967617,0.0001,1.0129125852613856
1545,1.0120214903330464,0.7492976354295293,0.01296092651436827,0.2497629297190699,0.17915129812687455,0.0001,1.012770157399574
1546,1.0129061022104646,0.7493652896029954,0.01297714115398167,0.25056367350882014,0.18069798395067876,0.0001,1.0126271606096147
1547,1.0113835430290345,0.7492861753786795,0.012974792513354072,0.24912257395820733,0.17857590172643836,0.0001,1.012456238136814
1548,1.0144362815978802,0.7488960662429763,0.012974688295902152,0.25256552863072673,0.18126552994788056,0.0001,1.0127696601058116
1549,1.0150720246181526,0.7493634833283647,0.012973774519218152,0.25273476772267245,0.17954931125558657,0.0001,1.012579866173785
1550,1.0125351733174817,0.7490332960840654,0.012967300463399828,0.2505345778732464,0.1798113784913359,0.0001,1.0124699095804357
1551,1.0106478281485383,0.7488605760899325,0.012971171984566153,0.2488160787441184,0.17976283165673454,0.0001,1.0122590529507605
1552,1.011070797699702,0.7486198723437094,0.01296652354768517,0.249484402987101,0.18023200868109418,0.0001,1.0123728668593006
1553,1.0148298825018305,0.7491128144834879,0.012978747456842698,0.25273831938270624,0.18135097051609844,0.0001,1.012781541681193
1554,1.0098718225835062,0.7492214744763248,0.012968471519361887,0.24768187624022636,0.18000548987311232,0.0001,1.0124774946039636
1555,1.010054488815594,0.748930407223305,0.01297560449062448,0.2481484750765574,0.17989433588531872,0.0001,1.0122807944522185
1556,1.0129961462098251,0.7489372931919523,0.012968929012213469,0.2510899250333256,0.18377575275259617,0.0001,1.0122897988521546
1557,1.014585576120303,0.7489483293606833,0.012971758117056763,0.25266548684414697,0.18048838536589432,0.0001,1.0126100021612814
1558,1.0094108048365518,0.7494028481460246,0.012964034419030736,0.2470439230422461,0.1792372203078763,0.0001,1.0121074544851487
1559,1.0082767434100834,0.7489832563526007,0.012981807484346278,0.24631168173425821,0.18159700863622508,0.0001,1.0114279263643415
1560,1.0133311578032937,0.7481721761744115,0.01295970081074001,0.25219928131686264,0.17836547593074203,0.0001,1.0115075248129228
1561,1.0076310154632429,0.7489411272335246,0.012966404822003286,0.24572348420869022,0.18082705409120595,0.0001,1.0112058435443934
1562,1.0114888028972773,0.7489938384137338,0.012969001553363297,0.24952596262792545,0.18006481713866607,0.0001,1.011247644064151
1563,1.0135103355314863,0.7495347244502565,0.012964134042209835,0.2510114788072104,0.1800163270070635,0.0001,1.0111156893671165
1564,1.0124170558931378,0.7487061161540343,0.012963210835176356,0.25074772730197675,0.17967312068170274,0.0001,1.0113702126980797
1565,1.011989971324348,0.7487291709404688,0.01296650251075172,0.25029429739707626,0.17975513570569834,0.0001,1.0115637609489552
1566,1.010460239394925,0.7488893395021528,0.012964771195309158,0.24860612810806618,0.180713171558738,0.0001,1.0113101702674652
1567,1.0130100875307049,0.7488691827346539,0.0129806872071891,0.25116021823870965,0.17883209890211813,0.0001,1.0111526214085054
1568,1.0099521104027243,0.7488439819392037,0.012976556472314056,0.24813157459059787,0.1807630383702369,0.0001,1.0112067519651224
1569,1.0093816709808596,0.7492247680863309,0.012957676670855973,0.24719922762915764,0.18017948127179795,0.0001,1.0113172447222
1570,1.016137087320943,0.7487699482552178,0.01297681786225727,0.2543903196619684,0.18009331211840646,0.0001,1.0115978376739652
1571,1.013488331503607,0.7487019226710646,0.012972042720167921,0.2518143677747757,0.18196044457248936,0.0001,1.0121835692780015
1572,1.0100073710416442,0.7486928650621952,0.012953170656432486,0.24836133825488796,0.18007900769884638,0.0001,1.012035426092438
1573,1.0120131921091138,0.7483302305242836,0.012976229311728333,0.2507067318348324,0.17916001237430146,0.0001,1.011885711750201
1574,1.0141608120219945,0.7488984084758024,0.01296356507779135,0.25229883904268485,0.18079614107313793,0.0001,1.0120600873630865
1575,1.0127483510825988,0.7489931733322918,0.012972781430877005,0.250782394868607,0.1822224988112827,0.0001,1.0121359253389115
1576,1.0129362610726038,0.7483931982976669,0.012974371532881236,0.2515686917558887,0.18099933944294952,0.0001,1.0123835275066793
1577,1.006794675731272,0.7488336404728841,0.012965892923289332,0.24499514224442218,0.180033296951174,0.0001,1.0117619863267362
1578,1.0136843742028212,0.7486394527717729,0.012975317227671162,0.25206960344774004,0.18037723403794287,0.0001,1.0121352127067458
1579,1.0102871122031376,0.7486539535058198,0.012969095373250408,0.24866406649774278,0.18054805931769327,0.0001,1.0122257568289736
1580,1.013555745928573,0.7492793235043725,0.01296677574908274,0.25130964734007816,0.18065986019119046,0.0001,1.0119676226897363
1581,1.0134197196660613,0.748979712112922,0.012973428256129639,0.25146657956903895,0.18054104090099643,0.0001,1.0119607615059818
1582,1.0119082552907916,0.7491223595688841,0.012964927884192786,0.2498209692583123,0.1791271149024035,0.0001,1.0121508499308967
1583,1.00833725723727,0.7485009355670782,0.012953339435507753,0.24688298163017444,0.18076911650250457,0.0001,1.0117832564437124
1584,1.0100998004358148,0.7488883045817486,0.012969809661772382,0.2482416838195938,0.18130265714309762,0.0001,1.0113771552850945
1585,1.0134396330580024,0.748947622930786,0.01296844032666746,0.2515235686368681,0.18000275924287992,0.0001,1.0114462834826348
1586,1.0131199486840812,0.7489987573082016,0.012956575496201583,0.25116461533561923,0.1804017245648599,0.0001,1.0114646522437827
1587,1.0088481680616646,0.7486341804810035,0.012957781613719391,0.24725620738753926,0.1790472024231847,0.0001,1.0116700014768216
1588,1.0093422557471006,0.7485780268605292,0.012962853690915368,0.24780137587572934,0.18127184136039587,0.0001,1.0112357896312496
1589,1.010650017319538,0.7491670817922627,0.012941705285898329,0.2485412297275439,0.18020876546902298,0.0001,1.0112720801428896
1590,1.012208607448284,0.7480922698007394,0.012959689929567534,0.25115664841316293,0.1804011137986038,0.0001,1.0111373662948608
1591,1.006085921131815,0.7489266099359152,0.012963039638062761,0.24419627252505227,0.18228052127312938,0.0001,1.0104039864414363
1592,1.0105283024586722,0.7489139673434213,0.012961259961853646,0.248653075516103,0.18050462022635322,0.0001,1.0102659911582244
1593,1.0099913782570473,0.7476484886772976,0.012958906968757056,0.24938398333640419,0.18037807681497647,0.0001,1.010431403260202
1594,1.0138456742855404,0.7491862257644081,0.012956731459673713,0.25170271724281157,0.18057131398522105,0.0001,1.0108059906451747
1595,1.0124199467788604,0.7485902500442753,0.012958615836942413,0.25087108162305416,0.17892984598572792,0.0001,1.0107040220172605
1596,1.013545659202591,0.7485375424911236,0.0129657657344733,0.25204235399954217,0.1790188095148872,0.0001,1.0107465930691115
1597,1.0128069298746136,0.7483206741950091,0.012977931368907132,0.2515083249756579,0.17935361868832222,0.0001,1.0111424692504065
1598,1.012595182862775,0.7484253677586755,0.01296103871134667,0.2512087773448555,0.18054454406424902,0.0001,1.0114677619619736
1599,1.0107961064903537,0.7484289234840362,0.012962368874230685,0.24940481319509702,0.18220921181157443,0.0001,1.0114823708790552
1600,1.0071832752856473,0.7485968948135995,0.012953356119972214,0.2456330247752323,0.180930438861402,0.0001,1.0109798376627916
1601,1.0115727571880115,0.7489423685335,0.012967001110254872,0.24966339222920594,0.18038436096410965,0.0001,1.0115285212684113
1602,1.011136442120612,0.7490203821876712,0.012972527295048773,0.2491435339073622,0.1797234594640577,0.0001,1.0115893352346053
1603,1.0118382500586596,0.748843320605721,0.012957891634463297,0.25003703781847536,0.18212691771573034,0.0001,1.0117740224147664
1604,1.0118108681926379,0.7486050454162922,0.012963612954950236,0.25024221103041455,0.18048148516104623,0.0001,1.0115705418054763
1605,1.0117067327122176,0.7485537772004551,0.012967036171810623,0.2501859205791965,0.18172024075569052,0.0001,1.0114992203988122
1606,1.0138481375411847,0.7483406687121362,0.012964684629537029,0.2525427845622173,0.1811069819252583,0.0001,1.0115294682326714
1607,1.013031646397728,0.7483540089086876,0.012969211439090134,0.25170842768212603,0.17901263783476173,0.0001,1.0115519398849826
1608,1.0123955011367798,0.748758463540377,0.012958544988419415,0.250678490885131,0.17974024545590245,0.0001,1.0115319717123832
1609,1.0101686030565846,0.7483904663979645,0.012965761865611975,0.24881237662164968,0.17903493087867212,0.0001,1.0114692213690062
1610,1.0120881595185998,0.7483462727577643,0.012967907874627723,0.25077398058639094,0.18064582329734585,0.0001,1.0119597097923014
1611,1.0095464544895938,0.7489448016845672,0.012957143251600904,0.2476445092209454,0.17979046155303777,0.0001,1.0117570795224597
1612,1.01254814488409,0.7485995129445987,0.01295676095974131,0.25099187140290685,0.18079323144761833,0.0001,1.0118982497988074
1613,1.0112562312557538,0.7489408588312703,0.012964635543358978,0.2493507365486443,0.18108923579084463,0.0001,1.011840047918517
1614,1.0097496999204763,0.7479914263586002,0.012969428820735785,0.2487888447109149,0.18221952683059972,0.0001,1.011633931091301
1615,1.014234081243163,0.7490063877908502,0.012941339920307028,0.2522863535017803,0.18047677176961066,0.0001,1.0118866659443955
1616,1.012209042453379,0.7483064812772414,0.012947538561559837,0.25095502300750894,0.18008463758725907,0.0001,1.0117227564356148
1617,1.0122865061247324,0.7486407920023007,0.01295496411546007,0.2506907508532851,0.18114395312677775,0.0001,1.011648242408315
1618,1.007502120721171,0.7485330780669593,0.012973171944066912,0.24599587128442876,0.17979864035610252,0.0001,1.0111589043667544
1619,1.011411964893341,0.7487903907139452,0.012968589277828442,0.24965298813569375,0.18016852411246928,0.0001,1.01128324055043
1620,1.0125528396264052,0.7483393840083727,0.012957977233020094,0.2512554794731295,0.1809904181509908,0.0001,1.0113297085612105
1621,1.011611970878276,0.7484979843512993,0.012952042883356493,0.25016194364362027,0.17945710129839412,0.0001,1.0115362602000788
1622,1.0117214904837386,0.7480243340467101,0.012967312069983802,0.2507298470571123,0.18080294918095122,0.0001,1.0114535947600436
1623,1.0102833936228954,0.748799783221123,0.01295843158242185,0.24852518005859536,0.1817579466781558,0.0001,1.0113563109967578
1624,1.0067899253740755,0.7493026998899046,0.012948811900543152,0.24453841452061767,0.18166122901391307,0.0001,1.0110603335421176
1625,1.0108029200387534,0.7482680898409103,0.012965591877517545,0.24956923890972235,0.1811122735905599,0.0001,1.0107172174216768
1626,1.0101489265114976,0.7482526054488718,0.012972099060460955,0.24892422269735084,0.1809843738712597,0.0001,1.0105112058274885
1627,1.0094746341569911,0.747684969742448,0.012957212165693241,0.2488324537298984,0.17914286255836487,0.0001,1.0102300186307143
1628,1.0087104606580057,0.748447202161166,0.012956776918794273,0.24730648195586388,0.18121107297422437,0.0001,1.0103508526243978
1629,1.0105081917548036,0.7484678480978186,0.012967424750569868,0.24907292067460549,0.1826348970313585,0.0001,1.010260475310544
1630,1.0052476985943004,0.7483440873347238,0.012946340907176175,0.24395727009548376,0.1799769019802492,0.0001,1.0095299612073336
1631,1.0107354995686917,0.7488409541925117,0.012960575173399269,0.2489339706863883,0.18105992351414948,0.0001,1.0094423140763755
1632,1.0091453401360502,0.747940135050497,0.012946109984515888,0.24825909597757623,0.18136153477442435,0.0001,1.0091846990416067
1633,1.0115934693789144,0.7481218723931612,0.01296799879286884,0.2505035992810015,0.17973552118329442,0.0001,1.0093157066172085
1634,1.0093220214814733,0.7487541619710941,0.012961399966272814,0.2476064589395968,0.1817808239805771,0.0001,1.0095689162279482
1635,1.0103244387353894,0.7485859976820723,0.012959033190357757,0.24877940846746882,0.17941330188911778,0.0001,1.0095210680976119
1636,1.0118592937626172,0.7480414843462544,0.01295261208957881,0.2508652000470771,0.18021215773499277,0.0001,1.0096921048227236
1637,1.009270791107936,0.748332855667594,0.012956856230451418,0.24798108099319388,0.17982687881220186,0.0001,1.009671720517818
1638,1.0097757210354292,0.7487498396066816,0.012965861005183408,0.24806002010619665,0.18143851755840543,0.0001,1.0097782465555605
1639,1.0071218741592964,0.7477850565803945,0.012944068192952062,0.2463927509576747,0.17975737130303412,0.0001,1.0094396147960099
1640,1.0105567868292695,0.7484858941596614,0.012960686644966172,0.24911020671982795,0.1800553453198311,0.0001,1.0099705236195067
1641,1.0108633391997393,0.748320803197354,0.012958954845915943,0.24958358096000388,0.18087812312113585,0.0001,1.0099833075826115
1642,1.0098586946907198,0.7482551335079433,0.01295463308601302,0.2486489272655628,0.17907708822834564,0.0001,1.0100546430380786
1643,1.0078879327609622,0.748419936481886,0.012970228707814556,0.24649776868960438,0.18270580651914856,0.0001,1.0096840893762833
1644,1.006710588085724,0.7481924111654502,0.012950311084306264,0.2455678670752121,0.181928929855809,0.0001,1.0094229460367081
1645,1.0068247142960043,0.7479668071013676,0.012946123041922858,0.24591178280767997,0.17894269834304677,0.0001,1.0090729735927697
1646,1.0092007763245527,0.7485551753102161,0.012952753303017142,0.2476928489052258,0.1805625257155958,0.0001,1.0088071218489634
1647,1.0103404237822635,0.7484388484432538,0.012951622628295155,0.24894995419176308,0.18221954856271919,0.0001,1.008914085116396
1648,1.0109008042855872,0.7485649235108319,0.012956266712707148,0.2493796160947116,0.18044974780348688,0.0001,1.0090265934414118
1649,1.0091950160736487,0.7483548974168712,0.012968131543173026,0.2478719861463891,0.182108028876854,0.0001,1.0092339076328471
1650,1.00702709938885,0.748031473667578,0.01297401269599342,0.2460216137204644,0.1816933119393749,0.0001,1.0088809388888051
1651,1.0140396829309135,0.7486338359105418,0.012958728759332313,0.25244711484556026,0.17998610485277117,0.0001,1.0091985732619226
1652,1.0082062724637695,0.747942461445172,0.012958506299806173,0.2473053066834475,0.18260161702579708,0.0001,1.0090333310392277
1653,1.0082465572241113,0.7486877364029023,0.012959604331010737,0.24659921927094217,0.18123537688903343,0.0001,1.0090691934855427
1654,1.0095813984077795,0.7480178898536651,0.01294615133297129,0.2486173546217518,0.18142623597903376,0.0001,1.009356274517748
1655,1.0090270002521802,0.7483248172618796,0.012950637035872825,0.2477515447454085,0.18113689299891977,0.0001,1.0095765031133657
1656,1.0076807097779326,0.748582719063904,0.012960637800591954,0.24613735200667236,0.18143867448909287,0.0001,1.0094244964587036
1657,1.0099369617553076,0.7486771696963126,0.012950361379503478,0.2483094316618196,0.18045768480271887,0.0001,1.0093841502560081
1658,1.0114028340179102,0.7484953266853734,0.01295941185515986,0.24994809579474447,0.18417207760694787,0.0001,1.0094343532292402
1659,1.0109617175727055,0.7480793457485841,0.012947287085573765,0.24993508310637175,0.18170547222389893,0.0001,1.009611023379146
1660,1.008525599572528,0.7484778031616134,0.012960923612722277,0.24708687348582198,0.1819125609755758,0.0001,1.0097608733975139
1661,1.0098327613505582,0.7476692193661936,0.01295466718035344,0.24920887532540073,0.1800292935562424,0.0001,1.0093401812394782
1662,1.011290296700615,0.7480946768369926,0.012956784898320754,0.250238832154332,0.1820569212187618,0.0001,1.009648583663163
1663,1.0128347695961928,0.7480124265378677,0.012946194374053522,0.251876151555692,0.18013136119073594,0.0001,1.010107404900371
1664,1.0090993185797763,0.7481583092082102,0.012956537049392173,0.24798447171766425,0.1799885504567357,0.0001,1.0100591969175707
1665,1.0096990756282458,0.7480559819368513,0.012950837007642518,0.2486922563512717,0.1812034800618464,0.0001,1.0101264044551772
1666,1.0099643062626373,0.7482404931321831,0.012943658335455533,0.24878015326861194,0.17904122609033063,0.0001,1.0103547641036477
1667,1.0083229829525124,0.7486053620584112,0.012960408086950832,0.24675721365346387,0.1824752928398202,0.0001,1.010193366223368
1668,1.0127057440382472,0.7484302300710465,0.012942211864927961,0.25133330009227833,0.18208550249224503,0.0001,1.0103236572254017
1669,1.0106763026051782,0.7479515512139512,0.012949792898692658,0.2497749587645637,0.18042055830268783,0.0001,1.010295115728649
1670,1.0114234052371784,0.7487480923321861,0.012952850749961744,0.24972246121804081,0.17999034234403838,0.0001,1.010584896295114
1671,1.0122295058281379,0.7481152850522472,0.012953651846059679,0.2511605700783991,0.18015831633344384,0.0001,1.0108245707428722
1672,1.0124487191378224,0.7480952318976907,0.012948940298378347,0.2514045474555865,0.1782052824632633,0.0001,1.0109404129865929
1673,1.014276814750919,0.7476331561380661,0.012955692428604343,0.25368796706078744,0.18108708984227984,0.0001,1.0110846175020654
1674,1.011600378077122,0.7487890296001705,0.012952850991765578,0.24985849609481395,0.18290891551221844,0.0001,1.0113347234518
1675,1.011034751156039,0.7485608621736569,0.01294939513138777,0.24952449557384662,0.18174678770330324,0.0001,1.0114682910045794
1676,1.0122888934539733,0.7485797908194892,0.012951528808408044,0.2507575753071245,0.18069136801646157,0.0001,1.0117007497237132
1677,1.0075065311021785,0.7481007481685275,0.012949972800744232,0.24645581122102408,0.18057625715074868,0.0001,1.0116191045386798
1678,1.011205267591844,0.7485599850302536,0.012941069825425835,0.24970421193518938,0.18097385897114118,0.0001,1.0114690568940392
1679,1.0098806192860401,0.7483139520484584,0.01296322534340632,0.24860344252891037,0.1817918556759372,0.0001,1.0113894885621255
1680,1.0098249458879776,0.7481256465882848,0.01293902126335469,0.24876027811945814,0.18020420081717006,0.0001,1.0112296426272054
1681,1.0094745280051087,0.7481134647529942,0.012956402848264992,0.24840466330549538,0.18000035870510472,0.0001,1.0109541448449026
1682,1.009770352990342,0.7477603432614711,0.012947368815269238,0.24906264154833663,0.18248707814705056,0.0001,1.0106863082301545
1683,1.0097076196457744,0.747948708930799,0.012944000487878889,0.2488149115267922,0.18216369562531098,0.0001,1.0102293887196399
1684,1.009249729147789,0.7482104594035275,0.012953031861032482,0.24808623664398463,0.18164995228059394,0.0001,1.0099943238267066
1685,1.0082585933725925,0.748340235278766,0.012932881864040909,0.24698547820955455,0.18264948179223717,0.0001,1.0097167080483622
1686,1.0115128543991105,0.7479352695946762,0.012935406054251093,0.25064217927912913,0.18355659844304678,0.0001,1.0096391041428756
1687,1.0084514154865583,0.7482466130662884,0.012941200399495525,0.24726360307866613,0.18134525738671634,0.0001,1.0097335925813138
1688,1.0113957060036263,0.7482368431033276,0.012933483713780648,0.2502253776450186,0.18229061265383484,0.0001,1.0097526364224918
1689,1.0108605011481542,0.7484249899401868,0.012942213799358624,0.24949329684943747,0.18216233297003695,0.0001,1.0098506246087033
1690,1.009932033793196,0.7481628146181242,0.012947539045167501,0.24882167961607116,0.1801340801539334,0.0001,1.0098613333992252
1691,1.0076601091794988,0.7478754740457748,0.012960150565868942,0.2468244852177028,0.18020086697705134,0.0001,1.0096798915166643
1692,1.0110475260152294,0.748331821835307,0.012938021162702394,0.24977768322879837,0.18048444907152628,0.0001,1.0098076088191528
1693,1.009103397810435,0.7476852341549391,0.012947960267444169,0.2484702056700753,0.17917239097746102,0.0001,1.0097471866356191
1694,1.0123874598294194,0.7480245575943535,0.012941489596879506,0.25142141294044124,0.1803031267549155,0.0001,1.010060959703782
1695,1.007975004991218,0.7474720579615471,0.012944025393673663,0.24755892184757558,0.17981321236182904,0.0001,1.0100326008656446
1696,1.01261564599573,0.7479205355199307,0.012944368996920015,0.25175074087436977,0.1808202797452528,0.0001,1.0101428800253065
1697,1.0097451349059177,0.7479361368241223,0.0129565261682197,0.24885247256342344,0.1819430876213445,0.0001,1.0102722519672425
1698,1.0105374729899315,0.7480117207124799,0.012937174365680067,0.2495885779571098,0.1817848389820927,0.0001,1.010186428665873
1699,1.0094742239367889,0.7484917412181413,0.012944490866051726,0.24803799019019454,0.18241789903771322,0.0001,1.0100478009447365
1700,1.0073750039626812,0.7482743212465824,0.012953558751584066,0.24614712715330278,0.17904354695374294,0.0001,1.0097920979616848
1701,1.010955793378803,0.7485447586429047,0.012942688702086164,0.24946834304148963,0.18065851715225234,0.0001,1.0101216663816153
1702,1.0109081766426442,0.7480207933131869,0.01294213642213214,0.2499452497636329,0.1807406581862703,0.0001,1.010107731444357
1703,1.005284340942607,0.747994794081481,0.012946848937028804,0.24434269642793624,0.18135745950330343,0.0001,1.009725825757574
1704,1.0074242758460752,0.747491807047784,0.012950968307123707,0.24698150112590248,0.1800550586009364,0.0001,1.0092295073592397
1705,1.0130324861824391,0.7479515921997009,0.012937790965453607,0.25214310283593183,0.18054797574424356,0.0001,1.0097352554783616
1706,1.0053025696872455,0.7477090959616656,0.012956582024905067,0.2446368940733751,0.18044303614517737,0.0001,1.0090039478475135
1707,1.006582365679209,0.7484195136878844,0.01292938755685369,0.2452334641624416,0.182304585862595,0.0001,1.0086876709248425
1708,1.0101323675432263,0.7480962316356372,0.012951558066671809,0.24908457717595672,0.18152545389490726,0.0001,1.0086471603801719
1709,1.0094090424493167,0.7477419637521431,0.01293505374606676,0.24873202578230755,0.1813125768733073,0.0001,1.0086406422314247
1710,1.0086056586453205,0.7473263736912493,0.012954896893994561,0.24832438877037524,0.18055467413356774,0.0001,1.0087637076996887
1711,1.007804978691782,0.7481848533448534,0.012944806661857312,0.2466753202114579,0.1806551709499127,0.0001,1.0084486262309866
1712,1.010339694381002,0.7480274309492981,0.012953169447413322,0.2493590960849613,0.18188311603925292,0.0001,1.0083917780048224
1713,1.0090851543157628,0.7481292320555171,0.012938811135824022,0.24801711111686534,0.1803389728432011,0.0001,1.008771859342138
1714,1.0085733547413809,0.7477507382087243,0.01294405586095659,0.24787856038455788,0.181234919910015,0.0001,1.0088867672316684
1715,1.0101967553096176,0.7474870293667544,0.012938669196974192,0.24977105603559022,0.18163566871661443,0.0001,1.0086031941443865
1716,1.0131512032802883,0.7481873702809486,0.012949271086021563,0.2520145640442144,0.18087975523655603,0.0001,1.0093880575036906
1717,1.012309524761494,0.747834729495445,0.012945969738292887,0.25152882679722616,0.1805835609866446,0.0001,1.0099607734119194
1718,1.0068036535448768,0.7481899555266266,0.012938739803693358,0.24567495842613507,0.1814646717259173,0.0001,1.0096279020120842
1719,1.0112864128474532,0.74767719985989,0.012947702262754615,0.2506615099238334,0.1815607113419875,0.0001,1.0098156390518978
1720,1.008123414390711,0.7476192808296327,0.01294545566334444,0.2475586760237541,0.1795909339165349,0.0001,1.0097674146264368
1721,1.0107405093814006,0.7473567567055414,0.012938917287706603,0.2504448384258133,0.18152634530473674,0.0001,1.0100609676953987
1722,1.0093089396523172,0.747617950183141,0.012945027428756622,0.24874596405041388,0.18089348688328727,0.0001,1.0099578922225303
1723,1.0126369350096758,0.7480309998529678,0.01294696862992602,0.25165896818918343,0.1818642508971522,0.0001,1.0103130702919214
1724,1.0084973698213666,0.747515485688107,0.012938215814787766,0.2480436698297458,0.17874973005866424,0.0001,1.0103054717999203
1725,1.0091115158905122,0.7476036609065461,0.012956984628286613,0.24855087504062884,0.18103824335227872,0.0001,1.0101969478580095
1726,1.0112309656568763,0.7478715276863221,0.01295711399333714,0.2504023243701482,0.1810244991317482,0.0001,1.0100049240956683
1727,1.0066292223050193,0.7477783113415778,0.012951933829827919,0.24589897900759328,0.18074924996005595,0.0001,1.0094368938500209
1728,1.0093966420233613,0.7473706428951472,0.01294331642483601,0.2490826824766869,0.18000397702743268,0.0001,1.0096961926978694
1729,1.0123090253156775,0.7477118702979407,0.012953662727232154,0.2516434911797182,0.1818040459441365,0.0001,1.0097984539446918
1730,1.0094315687734747,0.7479431793607515,0.012949293815581842,0.24853909289196102,0.1807709562971916,0.0001,1.0099292693829682
1731,1.0091640836810485,0.7475033829226697,0.012932290411865978,0.24872841104169888,0.18029175611103282,0.0001,1.009771626812933
1732,1.0091486954060336,0.7479065506743611,0.012933091024356247,0.24830905455362967,0.18049735359802208,0.0001,1.0097556023883043
1733,1.01104487632883,0.7484081215839116,0.012937476620471018,0.2496992791823393,0.1810050861528389,0.0001,1.00959639652022
1734,1.0109513495079645,0.7478787955841235,0.012944397046164615,0.25012815986999876,0.18170000065654576,0.0001,1.0098417944888798
1735,1.0113710886808245,0.7477359881749259,0.012937985375735145,0.2506971156439965,0.18119674349774212,0.0001,1.010067751767911
1736,1.0072620408288364,0.7479379163794295,0.012933656603521072,0.2463904693722725,0.18039754392771884,0.0001,1.0096708592851071
1737,1.0092107359826201,0.7475233069539795,0.01293438781831134,0.2487530402128885,0.1814971443787066,0.0001,1.009929010652867
1738,1.0119791681336099,0.7478595047161497,0.012946053402419022,0.25117361007549216,0.1803279420243799,0.0001,1.010187263263892
1739,1.006497080621081,0.7475691313192279,0.012946239107762582,0.2459817101336396,0.18095406974546807,0.0001,1.0096060687944324
1740,1.0099656302595235,0.7474958443254777,0.012941302924320615,0.24952848396182786,0.1832192258467297,0.0001,1.0096594749430372
1741,1.0088203284609873,0.7470628961346454,0.012945789110829815,0.24881164499881545,0.18119007557570088,0.0001,1.0096250994210312
1742,1.0075359238088735,0.7472906309741022,0.012932967946205371,0.24731232503969336,0.18202865592243705,0.0001,1.0094638222613153
1743,1.0082279425605558,0.7471209804378223,0.012938543942588821,0.2481684194798402,0.18226102067055616,0.0001,1.0091821288844876
1744,1.0109122417277787,0.7481201422867378,0.012935702263946223,0.2498563992324272,0.18175888747641814,0.0001,1.009178218106469
1745,1.006199384436888,0.7476837737806912,0.012931044638519597,0.24558456624436814,0.1803690523634576,0.0001,1.0086610476820754
1746,1.0116054063878244,0.7478269064160438,0.01294646567795388,0.2508320330092438,0.1811623941449558,0.0001,1.0090953842379744
1747,1.009781322783921,0.7479434270887781,0.012939631576228577,0.24889826339350268,0.18109239356754758,0.0001,1.0091524429181042
1748,1.0062174496012333,0.7475038876881706,0.01292561783510096,0.24578794794682315,0.18112136094130077,0.0001,1.0085762710648667
1749,1.007787381296951,0.747896669844343,0.012943673327293164,0.246947038170653,0.18201690764141856,0.0001,1.0087053011324536
1750,1.0094087838401176,0.7468953317609327,0.01292509674784136,0.2495883557847257,0.18026899272844227,0.0001,1.008649616490513
1751,1.0059276847036567,0.7475712513343316,0.012938849340829598,0.2454175820487266,0.18070603390252615,0.0001,1.00836035211478
1752,1.0115283419345986,0.7478378173303895,0.012923083005522133,0.25076744292860825,0.1803757198925676,0.0001,1.0087595939273526
1753,1.0089702658188995,0.7480516815765876,0.012944710907539538,0.24797387431710052,0.1807534531151789,0.0001,1.0088338262531866
1754,1.0105173054621621,0.7476642906786704,0.012942290209369775,0.2499107245287837,0.1816806029112779,0.0001,1.0087943326266253
1755,1.0088041083807877,0.7486365127998723,0.012932560990354836,0.2472350352101829,0.18126844005700782,0.0001,1.009054805021015
1756,1.0061189592730926,0.7481483744559375,0.012934356142009247,0.24503622947612108,0.18280159314795874,0.0001,1.008506160309542
1757,1.0065431350626761,0.747567800793638,0.012940499893792019,0.24603483304532497,0.1812609231314843,0.0001,1.0081823415374174
1758,1.0050380960197527,0.7480956446568332,0.012936487642795029,0.24400596426418297,0.1820328954085859,0.0001,1.0080644061792694
1759,1.0064593092906788,0.7475930752183554,0.012925841503646262,0.24594039208506957,0.18022253785970002,0.0001,1.0079315989786424
1760,1.0066699398942216,0.7478769659754229,0.012950886577428234,0.24584208924557568,0.17927100574389915,0.0001,1.0076577145840526
1761,1.0078100124430704,0.7475708341018181,0.01293574143616713,0.24730343433591948,0.18259100954503607,0.0001,1.007845947357994
1762,1.0070779812021624,0.7472704016654534,0.012932188612452385,0.24687539201237368,0.17966264752297081,0.0001,1.0074009112847502
1763,1.0097236212562113,0.7475013215449954,0.01294341556440744,0.24927888254485797,0.1810276657040656,0.0001,1.0074762468284817
1764,1.0057107147290305,0.747460478338702,0.01292343144484514,0.24532680833073706,0.18155960333637486,0.0001,1.0069955877551684
1765,1.005894263424206,0.7474335410290267,0.01293719636982885,0.24552352676587463,0.17940723880913872,0.0001,1.0067046032595104
1766,1.0071637504724653,0.7474889544879689,0.01292828372235714,0.24674651137048767,0.18189974763935043,0.0001,1.0068090823794473
1767,1.009982439132056,0.7471781270257358,0.012930862076625863,0.2498734501808217,0.18295433518852713,0.0001,1.0071530127863855
1768,1.0090977946111204,0.7474525315766403,0.012939378165811845,0.2487058860323492,0.1836834879059337,0.0001,1.0075589826455222
1769,1.0048384037752907,0.7475820033835591,0.012947811316283189,0.2443085896043942,0.18131744154326573,0.0001,1.0073968920939833
1770,1.0062934741770762,0.7477181160909409,0.012949469365164426,0.24562589020201933,0.1828567366933726,0.0001,1.0073592455222689
1771,1.0073275754708064,0.7470555847121543,0.0129463580752483,0.2473256298422088,0.18068526573403612,0.0001,1.0073110018250426
1772,1.0077846249750613,0.7470833303720424,0.012937694243920501,0.24776359868158435,0.18116095837424784,0.0001,1.0073816662023325
1773,1.0095724908381882,0.7476572979536308,0.012946940822485252,0.24896825133666065,0.18075825095660306,0.0001,1.00736655316053
1774,1.0110269111503694,0.747841645205964,0.012935181418490458,0.250250086732375,0.18170798456572132,0.0001,1.007898172802664
1775,1.005701428857343,0.747591846975787,0.012918442548167633,0.24519113957519223,0.18038609750856008,0.0001,1.0078788893459776
1776,1.009842891117622,0.7477681613838939,0.012919291037816789,0.24915544026763636,0.18238347221702397,0.0001,1.0081468034104932
1777,1.0091514863058713,0.7473043765547793,0.012922153753392836,0.24892495659465239,0.18089855079960387,0.0001,1.008063708127875
1778,1.0074192323017315,0.7472857164321033,0.012938311810909372,0.2471952027892486,0.1804186188545962,0.0001,1.007895851896936
1779,1.0058601906043279,0.7476434451329539,0.01294701336363508,0.24526973147300388,0.18081132596090405,0.0001,1.0079980305798397
1780,1.0079877920615021,0.7477616371537802,0.012940121228989916,0.24728603410188857,0.18358990005982576,0.0001,1.0081674623682821
1781,1.0096077043676472,0.747243444527864,0.01293143563531717,0.24943282438581904,0.1856830394836275,0.0001,1.0083954752579665
1782,1.0056679953667986,0.7472568913599057,0.012956410827791474,0.2454546930581996,0.18216857033012845,0.0001,1.00818381229714
1783,1.0060310588647097,0.7469732183471897,0.012937600665837224,0.24612024057709422,0.18191379731857268,0.0001,1.0078296690997923
1784,1.0108532500557192,0.7470986174521533,0.012942673226640868,0.2508119587421901,0.18286699727631003,0.0001,1.0078123029903272
1785,1.009753875872668,0.7468776118924604,0.012936409056549383,0.24993985666162344,0.17893767408255873,0.0001,1.0082175476918598
1786,1.008475276446971,0.7474178775812501,0.01293266641682592,0.24812473329520854,0.18286434462781367,0.0001,1.0080807862247947
1787,1.01256579015608,0.7475143218862599,0.012915848960257447,0.25213561879572954,0.182571613552846,0.0001,1.0084222166098153
1788,1.0110838812214848,0.7479786741080681,0.01292778705728465,0.250177423320484,0.18261688240401402,0.0001,1.0087886815017908
1789,1.0066316491691867,0.748030860694862,0.01291792025188887,0.24568286888739643,0.18261461410270985,0.0001,1.0088658273582767
1790,1.0065163658066647,0.7471482550638443,0.012934247572088338,0.2464338638205799,0.18211452245833182,0.0001,1.0087186847327931
1791,1.0119865177611067,0.7470072469169663,0.012935861612672012,0.25204341198198693,0.18184245542507868,0.0001,1.0089565660721391
1792,1.0063624188575977,0.7479453840071967,0.012932286784808485,0.24548475006047418,0.18061889723154884,0.0001,1.009026008421219
1793,1.0090035998071667,0.7471639350751834,0.012935171746337147,0.2489044941342143,0.18126049692200358,0.0001,1.0093232625154647
1794,1.0097471999106493,0.7473177408108121,0.012926540558526772,0.24950291579079192,0.18142012393377857,0.0001,1.0092126575009577
1795,1.0053630063790095,0.7474844311845714,0.012931456430446787,0.24494711758519766,0.18313326228704704,0.0001,1.008773570551592
1796,1.007407750125831,0.7477426923070911,0.012934312859123184,0.24673074520142035,0.18404072653086626,0.0001,1.0086668179194778
1797,1.0105089700004393,0.7481513509402169,0.012935123627374428,0.24942249446563255,0.18213228065271164,0.0001,1.0084611359039137
1798,1.0072944129214567,0.7473309888801033,0.012926752136880437,0.24703667216138955,0.17986513903972826,0.0001,1.0080821890739107
1799,1.0082392279081365,0.7480646711575816,0.012929102953742532,0.2472454547942531,0.18149586037012916,0.0001,1.008242946947806
1800,1.0092701221576328,0.7466610705151278,0.012939828646352276,0.24966922329840746,0.17985133491229818,0.0001,1.0085183225829026
1801,1.0053081664787586,0.7471506635509204,0.012925300346668545,0.24523220578507043,0.1825065924719913,0.0001,1.0078504874546679
1802,1.0080269190650923,0.7476051382070623,0.012940904915211892,0.24748087517206857,0.1820130846321462,0.0001,1.0080169374754173
1803,1.0074227275761338,0.7475200730695202,0.012922609311813757,0.24698004839870075,0.18121840501049227,0.0001,1.007858850252314
1804,1.0099257581374224,0.7471600792712663,0.01293570540739605,0.24982997524206343,0.1836827215993622,0.0001,1.0078767060749914
1805,1.0064119405243508,0.7475184876826907,0.012922212511724197,0.24597123918892405,0.18243289489533307,0.0001,1.0079815994895251
1806,1.0105043803218896,0.7480569715190369,0.012930003189411898,0.24951740645975418,0.18269125772659,0.0001,1.0082912625091314
1807,1.0075134684541405,0.7471789786588348,0.012934019309270213,0.24740047116610872,0.18272251395497313,0.0001,1.0079917123545015
1808,1.0104475311526904,0.7474287673377604,0.012936903545387377,0.25008186079848854,0.18089240438797893,0.0001,1.0083070241776249
1809,1.0110576919319663,0.7476602070955427,0.012927416855616694,0.25047006894802226,0.18108165829346098,0.0001,1.008588870580008
1810,1.0075673817621043,0.7476106012810558,0.012931017314686495,0.2470257623502739,0.18094653894644963,0.0001,1.008418596540455
1811,1.0072630813107288,0.7469717364524006,0.012919178599034555,0.2473721670904943,0.180719192806654,0.0001,1.008614088023652
1812,1.0079355885484398,0.7469656989734023,0.012936331195715233,0.24803355710985212,0.18120942214923264,0.0001,1.0086049549719867
1813,1.0063567843446868,0.7475815154234245,0.01292846072276272,0.24584681043518483,0.18029588642275116,0.0001,1.0084983606488422
1814,1.0056777850367717,0.7471401971929214,0.012933557705753473,0.24560402814321539,0.18131951703623875,0.0001,1.008073563338777
1815,1.0115229241988237,0.7477286659921643,0.012934068879055929,0.2508601889648979,0.18047140626346364,0.0001,1.0085846617062242
1816,1.0094476947919835,0.7473593269593817,0.01293558281285284,0.24915278300975446,0.18198200038673912,0.0001,1.0084789931532336
1817,1.0054989654200557,0.7473881960398768,0.012914710064205146,0.24519605881725315,0.18166294842051686,0.0001,1.0082775428498252
1818,1.006771858758907,0.7469705789374531,0.012928296537960278,0.246872984190258,0.18097534349554692,0.0001,1.0079099756104468
1819,1.006410147307127,0.7475948475195476,0.012943202535230779,0.24587209645137342,0.18188770045856917,0.0001,1.0074452211479628
1820,1.005094635438242,0.7474619417354978,0.012922003835016526,0.24471069016998245,0.18230991721395062,0.0001,1.0071979465155767
1821,1.0113942158875069,0.7462511560737966,0.012929298573043235,0.2522137600316479,0.18042649086904816,0.0001,1.0076110599732542
1822,1.0068243133852497,0.7473497799395548,0.012924936673704073,0.2465495971951475,0.18123009680009033,0.0001,1.0074999324569354
1823,1.0069952694204225,0.7471111960875335,0.012934548376056293,0.2469495229015002,0.17957585711508203,0.0001,1.0075637809645088
1824,1.0077999328503018,0.7472489872762205,0.012921375386855182,0.24762956953737847,0.18260397787751823,0.0001,1.0077759957458619
1825,1.0045602701256773,0.7465805271092583,0.012921971433302936,0.24505777206672374,0.18080283710487474,0.0001,1.0070797303385475
1826,1.008270194274175,0.7471575396056107,0.012938064203784625,0.24817459001139744,0.1832828960602472,0.0001,1.0069619802867664
1827,1.0088071710681334,0.7470383489349551,0.012924772972509295,0.24884404932690923,0.18035439291542008,0.0001,1.0072928008515742
1828,1.0112077660299459,0.7476379491736391,0.012934774462639922,0.25063504172870643,0.18138322367145857,0.0001,1.007736391578678
1829,1.0111683429375624,0.74733975547806,0.012925045243624983,0.25090354298662704,0.18128212195260046,0.0001,1.0082122111417218
1830,1.0080779388274914,0.746858804753054,0.012919738616711227,0.2482993930850261,0.1811540641842701,0.0001,1.0085105414806468
1831,1.0093952083684368,0.7468720822015108,0.012938996599363749,0.2495841283132048,0.18031399012458252,0.0001,1.0083106407287394
1832,1.0079707846680228,0.7476994935687609,0.012910709661595961,0.24736058036466158,0.18412343946117415,0.0001,1.0084252878570168
1833,1.005893281700645,0.7473826595784201,0.01292525609656715,0.24558536555716282,0.18277893537319215,0.0001,1.0083150890850394
1834,1.0056171204448956,0.7472832351620734,0.012936367466290148,0.24539751875352184,0.18078625806688536,0.0001,1.0080968078444985
1835,1.0079074017174587,0.7470450576613931,0.012948971007465107,0.24791337283702217,0.1830570621011707,0.0001,1.0084315210036767
1836,1.0080584657603298,0.7467907924681116,0.012936134851003032,0.248331538501666,0.1830538262822807,0.0001,1.0084103481522921
1837,1.0043129541327456,0.7470012761758259,0.0129381739827247,0.2443735039590822,0.1807953463546161,0.0001,1.0079609264587535
1838,1.0093412291689288,0.7476455488262989,0.012937391505521886,0.24875828848951487,0.18377688847497317,0.0001,1.0077742727726515
1839,1.0056146882610437,0.7473044700119607,0.012924539390006849,0.2453856783603558,0.18080306506543808,0.0001,1.0072189073049997
1840,1.0053139556252206,0.7467348524813237,0.012935949871070971,0.24564315436094333,0.18204524197273758,0.0001,1.0069425089847728
1841,1.0050382592373397,0.7475407604755301,0.01291650618307489,0.24458099248805829,0.18356735333346932,0.0001,1.0065068140716629
1842,1.002496164783261,0.7471029673822027,0.0129159954933801,0.24247720287489358,0.18233580959858808,0.0001,1.0059593520831869
1843,1.003489347669706,0.7470869920074819,0.012914751170856716,0.2434876046424947,0.1822885733407603,0.0001,1.005718958680093
1844,1.0087659971950989,0.746629576533126,0.012924290090255273,0.24921213126690345,0.18110858729112947,0.0001,1.0060338463551133
1845,1.0070769108574966,0.7468804914134027,0.012916475232184296,0.24727994401544393,0.1828300287950837,0.0001,1.0059507972691168
1846,1.0108896964220198,0.7466898334437403,0.012919880313757225,0.2512799836921885,0.18093317565763214,0.0001,1.006233920335286
1847,1.0064928781913696,0.7470547055134183,0.012937743571902385,0.24650043042085718,0.1808274479896495,0.0001,1.0064519127411484
1848,1.0070100870383922,0.7466592757261791,0.012928755481634855,0.2474220528231431,0.17982527622707475,0.0001,1.0062187985280948
1849,1.0069133948844537,0.7465710134583603,0.012925930729260552,0.247416452842842,0.18361802864630855,0.0001,1.0063486691904358
1850,1.0065170473307674,0.7463825649712197,0.012930928572679872,0.24720355581197487,0.18283656711027058,0.0001,1.0064689783609904
1851,1.0073328188660178,0.7471822584860224,0.012913642983891176,0.2472369188620401,0.18036433806525767,0.0001,1.0066984343238583
1852,1.0059115532445617,0.7475008589742633,0.012923293616660468,0.24548739971664807,0.18355377526239738,0.0001,1.0070399731699886
1853,1.0062564268073495,0.7471864954936819,0.012905691748458521,0.24616424217971294,0.18203288543417778,0.0001,1.0073166810837528
1854,1.0108857386977872,0.7468839181364187,0.012920051027263154,0.251081770531546,0.18089750433306664,0.0001,1.0075286552340217
1855,1.0059872762910251,0.7471691570707557,0.012926331398211435,0.24589178779183246,0.18113084572686627,0.0001,1.0074196917773743
1856,1.009483544990934,0.7473641128617416,0.01294468817797926,0.24917474221324823,0.18213674120801457,0.0001,1.0072790766342656
1857,1.0066430990642756,0.7468231482389732,0.012923075267799487,0.24689687519479717,0.17996927515488367,0.0001,1.0072940987215564
1858,1.0078491949406405,0.7470692046757402,0.012932555670670516,0.24784743426174954,0.18435095700966175,0.0001,1.0073780095117812
1859,1.0059492627940845,0.7465133625885536,0.012924546160514166,0.24651135205013516,0.18180664004587982,0.0001,1.0072815963027444
1860,1.0060626857179173,0.7467460502959168,0.01292142519844473,0.24639521100941827,0.18249459851827873,0.0001,1.0072361601414594
1861,1.008155533919228,0.7465987418292744,0.01292288375916394,0.24863390848191708,0.18085654475867868,0.0001,1.0073184316467805
1862,1.0063669480851891,0.7466529795170798,0.012923070915330495,0.246790897410975,0.18075814713208235,0.0001,1.007363971130843
1863,1.0076665358417658,0.747092679838138,0.0129245744515626,0.24764928316912835,0.1816456014740056,0.0001,1.0075049820342847
1864,1.0050753901502907,0.7472391625446916,0.012923042140674398,0.24491318588808147,0.18283618291420578,0.0001,1.006923947179535
1865,1.0059503781142631,0.7468152428253669,0.012921033718039491,0.24621410290077783,0.1826727845485022,0.0001,1.006920257361859
1866,1.0091058117380973,0.7469880536168391,0.012918829192496217,0.249198927659292,0.1833717447930369,0.0001,1.006882484036575
1867,1.0055823223344211,0.7466337894813042,0.012929123748872149,0.24601940916469567,0.18272329044753108,0.0001,1.0067764063635898
1868,1.0082225486424583,0.7471976705787148,0.012913561737803367,0.2481113188951059,0.18048750450475703,0.0001,1.0068137417337715
1869,1.0075458659361631,0.7467179305654994,0.012920956582616841,0.24790697773771161,0.180356689024165,0.0001,1.0069734020479792
1870,1.0076954075821032,0.7471552410183765,0.012933458324378208,0.2476067093576911,0.1834483783518325,0.0001,1.0071366742343977
1871,1.0095102820870359,0.7465728106653473,0.012918545314796557,0.2500189258953137,0.18227204003392078,0.0001,1.0072721490511787
1872,1.007495353961813,0.7466617560289937,0.012916399063976977,0.24791720003630158,0.1840336352707648,0.0001,1.0073849896388412
1873,1.0046978401847593,0.747206171917867,0.012907659064441858,0.24458401077417524,0.18253529180619585,0.0001,1.0070881200731407
1874,1.0062832833545445,0.7470241619413813,0.012906378229539729,0.24635274374279484,0.18156874615086988,0.0001,1.0072089093935659
1875,1.0057836826626234,0.746439253461772,0.012929046129841833,0.2464153845369453,0.18110360661578226,0.0001,1.007192239848402
1876,1.0042873786622564,0.7461299106750721,0.012899754255345095,0.24525771551514253,0.18189193396007314,0.0001,1.0067103965408177
1877,1.0080464368659632,0.7469624885439148,0.01293084079788858,0.24815310917144856,0.18092115915571216,0.0001,1.0069568079939721
1878,1.009522687228166,0.7464744090792131,0.012909194760583718,0.25013908461250106,0.18335882110358737,0.0001,1.007086821852543
1879,1.005377401928389,0.7469915152805089,0.012922663234068462,0.24546322465305637,0.1817019949941074,0.0001,1.0068699754517654
1880,1.007008715406151,0.7467890517223196,0.012925213055484918,0.24729445229074776,0.18321041478709324,0.0001,1.0068013062341703
1881,1.0077044868324156,0.746969525035448,0.012927440794196138,0.24780752196998673,0.18300916009694035,0.0001,1.006620726708708
1882,1.0082217065606107,0.7461788093342501,0.012922704340720032,0.24912019270428779,0.18213172879591433,0.0001,1.006693361968588
1883,1.0051354260522019,0.7461413736275678,0.012925589785856359,0.246068461890697,0.181130457903744,0.0001,1.0067371205553322
1884,1.0091706864974077,0.746894063258026,0.012915529053786705,0.24936109596889836,0.18273253225047012,0.0001,1.0070258608696183
1885,1.009011564704516,0.7469441269280702,0.012925760982969953,0.24914167652144636,0.18294665876315042,0.0001,1.0073486490738075
1886,1.0088168846908012,0.7468634541571503,0.012906592467735553,0.24904683827749372,0.18222090629124013,0.0001,1.0078015996766623
1887,1.009475402125964,0.7473153063298239,0.012913179687747607,0.24924691514117722,0.180969791316841,0.0001,1.0079444962026625
1888,1.0044359816257176,0.7461411428258095,0.012909303572308461,0.24538553634594226,0.18110054262874092,0.0001,1.0074358256424176
1889,1.0098243863539087,0.7468620691047962,0.01292918419983034,0.25003313459078147,0.18008314130514194,0.0001,1.0078805240849698
1890,1.0064603142274078,0.7470692336922001,0.012919540337568364,0.246471540046512,0.1818732113915573,0.0001,1.0078256839670952
1891,1.0109243077390335,0.7472664210907586,0.012921905420856592,0.2507359810158399,0.1815701041816456,0.0001,1.008147666057757
1892,1.0087525353712194,0.7465128221569873,0.012916456129681508,0.24932325844469708,0.18207596777418805,0.0001,1.0082007489388176
1893,1.0091813308230277,0.7474887727723886,0.012922979513481713,0.2487695796252748,0.18188956452431593,0.0001,1.0086053394159005
1894,1.0065671661320854,0.7463721420170085,0.012901539976650028,0.24729348566481357,0.18170722010290405,0.0001,1.008344987379368
1895,1.0064373675272866,0.7467581028870588,0.012927160301750137,0.2467521053963694,0.18190856619490572,0.0001,1.0080875676616454
1896,1.0103069483387543,0.7464875484576815,0.01291223641099601,0.2509071633794003,0.1835257038927465,0.0001,1.0082365740264405
1897,1.0050022466671154,0.7471707131993215,0.012905902843204522,0.24492563042812368,0.18281549360399071,0.0001,1.0077892584805557
1898,1.0103050222503245,0.7470301215595454,0.012919941490126914,0.2503549621476363,0.18230747052186885,0.0001,1.0083761625430163
1899,1.0067316242937625,0.7468735325408997,0.012920582028479895,0.2469375093616772,0.1825878096944662,0.0001,1.0080668863370017
1900,1.0046337379886945,0.7467819943147547,0.012910795018348926,0.24494094950190423,0.18144465215186803,0.0001,1.0078842287131304
1901,1.0046209083609359,0.7467984989980655,0.012928242857509403,0.2448941673214489,0.1811366156196981,0.0001,1.0072538887753206
1902,1.0058310907220744,0.7466208720787544,0.012919238324581247,0.2462909797897929,0.183239570707385,0.0001,1.0069617443104062
1903,1.0097957977658596,0.7467687839668614,0.012927743290790921,0.2500992721630521,0.18394284763394214,0.0001,1.0070231910046892
1904,1.0063464410648384,0.7464807123006236,0.012918485105642198,0.2469472421926369,0.18204244242841283,0.0001,1.0070011184979646
1905,1.005200095882764,0.7465986955238404,0.012904129212091225,0.24569727226517504,0.18117530668120355,0.0001,1.006877391333512
1906,1.006265472809635,0.7467460554946992,0.012915815833132359,0.2466036016027052,0.1841229844165864,0.0001,1.0064732437806003
1907,1.0079538687972944,0.747315241042789,0.012915188352186345,0.24772343873735858,0.18251585912027418,0.0001,1.0067684059936184
1908,1.0071925091695109,0.7463573171449239,0.012920310240971873,0.2479148791691111,0.18157051470410268,0.0001,1.006457154685537
1909,1.011274438479851,0.7470013181287909,0.012918905118899704,0.2513542124060782,0.1821296547839898,0.0001,1.0069114361041458
1910,1.0103357865892608,0.7467773042876145,0.012908021044779502,0.25065046251122414,0.18212570652033205,0.0001,1.0074816409642025
1911,1.0085025692082805,0.7472210935114847,0.012913186216451092,0.24836828993372695,0.18328794362457965,0.0001,1.007869807048937
1912,1.0070951174770844,0.7462269648093481,0.0129126762521678,0.24795547794195508,0.18269607367307614,0.0001,1.0079962097244377
1913,1.008093632742551,0.7466097752172614,0.012911429027998423,0.2485724294342811,0.1837952393003216,0.0001,1.007825993222107
1914,1.0062583667994995,0.7464840548759059,0.012920841000384781,0.24685347043960137,0.18179485621969793,0.0001,1.0078171857955731
1915,1.004917946838704,0.7468561164989432,0.012911966074310983,0.24514986559537072,0.18018105257355418,0.0001,1.0077889708911671
1916,1.0045092530231206,0.7469616890195417,0.012922973468385893,0.24462459104902604,0.18044132009360175,0.0001,1.0076133489125159
1917,1.0058126786901307,0.7471499586927479,0.012914884404768567,0.2457478383733583,0.18096120882227745,0.0001,1.0073992299017993
1918,1.0054434198153188,0.7465110381283093,0.012916693822849112,0.24601568852912098,0.18316282235221978,0.0001,1.00722432096638
1919,1.0078419017743387,0.7462706547721646,0.012916611609545972,0.24865463639006896,0.18264135150106636,0.0001,1.0068810672958286
1920,1.0044639504705433,0.7470626127405534,0.012907831470574617,0.24449350890414467,0.18423489056542727,0.0001,1.006293883683957
1921,1.0070844233398748,0.747231728769461,0.012919291521424453,0.24693340324545487,0.1833699898110442,0.0001,1.0061520690971164
1922,1.0096836518080674,0.7466775944218432,0.012910139004550647,0.2500959167797232,0.18059325215178135,0.0001,1.006410922530215
1923,1.0031407019671272,0.7463341317844198,0.012903469571235456,0.2439031023343243,0.18219855757199727,0.0001,1.0059156294526725
1924,1.0083482654776583,0.7473533519866742,0.01290840817271575,0.24808650601345433,0.18187052047760444,0.0001,1.0061246193204885
1925,1.0043842492674233,0.7468799107214984,0.012900085284792143,0.24460425303444175,0.17964940722162775,0.0001,1.0060712495633604
1926,1.005080826384059,0.7467209734249308,0.012911269195664968,0.24544858388436494,0.1829185330480881,0.0001,1.006128406899454
1927,1.00831721774463,0.7467346554111999,0.012915103237237215,0.24866746189204963,0.18401441766935236,0.0001,1.006378860804904
1928,1.0049970804073265,0.7466081655291467,0.012907816478736987,0.24548110022808428,0.18180631004409906,0.0001,1.0063342268641047
1929,1.002971985881759,0.7470001759683869,0.012934173338311681,0.24303763303867942,0.18285837019916482,0.0001,1.0058472352748469
1930,1.0070673407454036,0.7467564462890006,0.012904862361312155,0.2474060321555418,0.183498867445495,0.0001,1.0061075743023327
1931,1.0054844343396279,0.7466103514357948,0.012915835902850477,0.2459582489505259,0.18230764622257883,0.0001,1.0059475754023084
1932,1.0095823802522423,0.7471646746322059,0.01291335789717235,0.24950434839538096,0.1809496596969407,0.0001,1.0059374482467258
1933,1.0053954684226556,0.7465697697403465,0.01290625490958502,0.2459194426090432,0.18261490895225843,0.0001,1.0061629248922785
1934,1.0040907200886802,0.7463798856638508,0.012911519462631875,0.24479931530979052,0.1834877367012399,0.0001,1.0057371703533806
1935,1.006103532913974,0.7467865803662468,0.01291534721730447,0.24640160595004507,0.18147773306219864,0.0001,1.0059090987180357
1936,1.005580743718099,0.7467327276301432,0.01293117110192413,0.24591684652753099,0.18374874562206422,0.0001,1.0059590904514397
1937,1.0090966523298144,0.7467218901032608,0.012921069021399074,0.24945369296335063,0.18080043336319876,0.0001,1.0060370339099582
1938,1.0069766963471263,0.7468912538601951,0.012911318523646851,0.24717412453756854,0.18345201864808375,0.0001,1.0062349955039382
1939,1.0049873754895966,0.7470283978609236,0.012901427779671628,0.24505755110335883,0.1830345429404512,0.0001,1.0064365344647217
1940,1.010558238982187,0.746969627802077,0.01291537091408008,0.2506732374550605,0.18257843746858485,0.0001,1.0067856242884001
1941,1.0060401827278291,0.7471086872518667,0.01291741294744774,0.24601408372242117,0.18214712338805442,0.0001,1.0068411991272206
1942,1.0084692682262366,0.7466655059228321,0.012901845133086972,0.24890191925587568,0.1821458150479663,0.0001,1.0067298879246198
1943,1.0069778862637875,0.7465834724008432,0.012917237881472822,0.24747717641974076,0.18263527977660027,0.0001,1.006888129708733
1944,1.007896396741422,0.74705190385331,0.01291221537406256,0.24793227789186803,0.1833666325461792,0.0001,1.0072686973740073
1945,1.0072161945803413,0.7464365482813929,0.012902738840052854,0.24787690939332602,0.18294507987479894,0.0001,1.0073799635406442
1946,1.0044439613940024,0.7465675666656262,0.012914848134193652,0.24496154674530995,0.18381995252856861,0.0001,1.0072662853082341
1947,1.0038348513732818,0.7466906795153512,0.012914528469526744,0.2442296420735955,0.1805505067956375,0.0001,1.006740105212581
1948,1.005403613826566,0.7462898254636335,0.01289809378842553,0.2462156953603694,0.18269031565885757,0.0001,1.006582796960525
1949,1.0064600124562246,0.7464439864090925,0.012917416816309065,0.2470986108629989,0.1802294458929472,0.0001,1.0067300606571878
1950,1.0088825727573032,0.7471570408852057,0.012918641310918163,0.24880689199688952,0.17986946835600096,0.0001,1.0065624940346996
1951,1.0055059345692214,0.7461310006058482,0.012916890651168978,0.2464580435842336,0.18139740794473921,0.0001,1.0065090692188385
1952,1.0059123665517533,0.746490764690461,0.012910825727435687,0.24651077714641,0.18330567512986143,0.0001,1.0062533790513903
1953,1.004601924100222,0.7470138758481395,0.012912882752640978,0.2446751654541033,0.1821999865721979,0.0001,1.0060157828350336
1954,1.004775314979089,0.7461672980209877,0.012899127741614414,0.24570888749363456,0.181772756256148,0.0001,1.0057036746588004
1955,1.0083274819546248,0.7463881969451904,0.012916681249049808,0.24902260471248724,0.18367042363778088,0.0001,1.0058148033962289
1956,1.0039591757811108,0.7471679669122909,0.012904652233781486,0.2438865561967689,0.1847992385860389,0.0001,1.0057663248349398
1957,1.0084872307448551,0.7462594718285072,0.012890714419057354,0.24933704332605336,0.18227854219943465,0.0001,1.0062315627720968
1958,1.0028151692048048,0.7466343351116529,0.012902889967448329,0.2432779461961489,0.1832956539629439,0.0001,1.005972718309921
1959,1.0089584910603615,0.7463544842921213,0.01290997191810221,0.24969403806915147,0.18167720744140733,0.0001,1.0062225661703346
1960,1.004660447881865,0.7467638931216382,0.012899745792210949,0.2449968074718547,0.18153386821490514,0.0001,1.0058003536827909
1961,1.0079384720591453,0.7467166369149941,0.012901917432432968,0.2483199173187871,0.183081628101109,0.0001,1.0060436074317831
1962,1.007090858223472,0.7460696908813461,0.012905904052223685,0.24811526410599025,0.18408805337445489,0.0001,1.006161456598955
1963,1.00989299855416,0.7463412483130217,0.012924159516185583,0.2506275928407363,0.1825417052599286,0.0001,1.0066905640443486
1964,1.0063497629658928,0.7467898207794097,0.012914449399673431,0.2466454913208741,0.18295724442111552,0.0001,1.0068480088430292
1965,1.0050131109133211,0.745782624514543,0.012912959404455963,0.24631752642003807,0.18294349884043842,0.0001,1.0065165717388989
1966,1.0050227538083678,0.7460563450024046,0.012915875800482883,0.24605053064789298,0.1818742230383426,0.0001,1.0066229295416245
1967,1.006397270648523,0.7462947791778534,0.012893826917992644,0.247208665247863,0.18378578304760837,0.0001,1.006413933531991
1968,1.0091408156236334,0.7468349592680863,0.012909418429129023,0.24939643711033022,0.18483436165063907,0.0001,1.0070464981738743
1969,1.0059788487020418,0.7466064922466239,0.012917370389973174,0.24645498603521931,0.18335217439983245,0.0001,1.0067485339380422
1970,1.0062119577525837,0.7467202927471416,0.012899027393023817,0.2465926384587317,0.1819429797768351,0.0001,1.006903684925114
1971,1.0075692904406581,0.7467651411921209,0.012902598593829853,0.24790154971771744,0.18436515872304388,0.0001,1.0068667667632654
1972,1.0036255273567494,0.7468008748416243,0.012892238992222908,0.24393241580492583,0.1837457004050454,0.0001,1.0065202336765933
1973,1.0056180123383327,0.7459577203522347,0.012901198791442005,0.24675909346668523,0.18339399506789433,0.0001,1.0060927350550106
1974,1.0066065066484602,0.7463103555762501,0.01291380982853578,0.2473823399288659,0.18475386844929043,0.0001,1.0061184094232671
1975,1.005467683620917,0.7465693335262322,0.01290602011806341,0.24599232885827882,0.1813008661927848,0.0001,1.006163866694027
1976,1.0057471351014189,0.7460667648131659,0.012909735675757603,0.24677063520189232,0.1825829772448685,0.0001,1.0062363048233318
1977,1.006069577248053,0.7461852462731801,0.012902608991394662,0.24698172270888974,0.18226252459971948,0.0001,1.0062035354832848
1978,1.0026096458609157,0.7463934804798381,0.012909645724731817,0.24330651985281138,0.18342438832862382,0.0001,1.005550418507013
1979,1.0036066140654605,0.7462280476069112,0.01291948641531366,0.24445908040594136,0.18216968973074676,0.0001,1.0053131950433551
1980,1.003032702945067,0.7467648799230796,0.012895697996050542,0.24337212212429085,0.18345131230886277,0.0001,1.0049952695626032
1981,1.002504908288952,0.7464259535255587,0.012912952392144813,0.24316600525778156,0.18318887662452327,0.0001,1.0044888313474325
1982,1.0075040562399502,0.7464603602765298,0.01288679816418197,0.24815689847931174,0.18247603566119444,0.0001,1.0048766842357528
1983,1.0070307177414033,0.7458990774822042,0.012891436445301977,0.24824020414637746,0.1824726343578064,0.0001,1.0050179547760596
1984,1.0066368922016926,0.7462930061512496,0.012890941472856316,0.24745294720720326,0.18491366076421062,0.0001,1.005020993331383
1985,1.0040983049913061,0.746299065271691,0.012898338735708116,0.24490089891346184,0.18323962722903092,0.0001,1.004884055468422
1986,1.003059442338305,0.7460287975007573,0.012902271191440296,0.24412837210460803,0.18333198187559177,0.0001,1.0046152861921105
1987,1.007088274670421,0.7469121484920896,0.012896325960604221,0.24727979946209017,0.1843461669664112,0.0001,1.0047171559343473
1988,1.0062951236419213,0.7457382092611301,0.01288440648247214,0.24767250726358403,0.18209188744335097,0.0001,1.005085703712448
1989,1.0094700726485881,0.7465817379419508,0.012915602562151865,0.2499727314644121,0.1815777119649593,0.0001,1.0056720495707605
1990,1.0084317273348873,0.7464604042848274,0.012899095581704656,0.24907222819376668,0.18370706852502802,0.0001,1.0062119520097428
1991,1.0065280842249098,0.7458962226252527,0.012903419276038242,0.24772844289790302,0.1832139360554078,0.0001,1.0066142696033382
1992,1.0051956723234474,0.7460690908451351,0.012907075108185744,0.24621950655147948,0.18134764480663362,0.0001,1.0063834312116882
1993,1.004545407411293,0.7465278731156556,0.012896020078755779,0.2451215151916532,0.18248689984694938,0.0001,1.0061349001786772
1994,1.005985119279935,0.7460982045102071,0.01290151386183609,0.2469854003940586,0.18426483416170425,0.0001,1.0060697228865014
1995,1.008749512702408,0.7464178829599346,0.012885515878456844,0.24944611378845288,0.18170286536700345,0.0001,1.0065348436576116
1996,1.001309252655772,0.7465411161070663,0.012893026789110041,0.24187511098372766,0.18179401208251775,0.0001,1.0063598246893584
1997,1.0073980562101754,0.7466230747907688,0.012902949692995021,0.24787203423512635,0.18186519508066815,0.0001,1.006390802843334
1998,1.0041939450567683,0.746064793991027,0.012910004803423466,0.24521914541600442,0.18440916091505943,0.0001,1.0061806849848183
1999,1.0072116079243394,0.7464458566408371,0.012906123368299998,0.24785962953226562,0.1822032009914487,0.0001,1.0059548385123935
2000,1.0070705407773264,0.74607123238078,0.012902334302240647,0.24809697355024712,0.18237535220251605,0.0001,1.0058187198566375
2001,1.0065350122674241,0.7461840336269587,0.01289754271749067,0.24745343699597924,0.18417736673330923,0.0001,1.0058194126608888
2002,1.0073107540244746,0.746364169019231,0.012900301941026296,0.2480462863890201,0.18189683221053884,0.0001,1.0060309208309917
2003,1.0047954406747954,0.7463177617858437,0.012912544227275113,0.24556513518306594,0.18141204040142392,0.0001,1.006055924157342
2004,1.0044126885416058,0.745954883267865,0.012900166289076118,0.24555763770008185,0.18312484521653058,0.0001,1.005898681083509
2005,1.007166933094512,0.7460837936062842,0.012905640244242143,0.24817749990894636,0.18386064911106295,0.0001,1.0057404231227194
2006,1.0086987274897268,0.7469926771479253,0.012904025961854637,0.248802024198594,0.18238945764774725,0.0001,1.0064793706061148
2007,1.0064433202540415,0.7457002802746291,0.012902561597843441,0.24784047956036265,0.18308335467115136,0.0001,1.0063838970105015
2008,1.0018098356757639,0.7465502307816403,0.012900522707925606,0.24235908102251696,0.18203437678954182,0.0001,1.0061454860724008
2009,1.0026710520651472,0.7457055168993333,0.012913934599313484,0.24405160316589156,0.18419169932301582,0.0001,1.005691430486482
2010,1.0042927712504326,0.7462690585041627,0.01290274633597167,0.24512096548842127,0.18551324187016632,0.0001,1.0054136535337923
2011,1.004581213964652,0.7462017401962203,0.012904859943273827,0.24547461337177556,0.18276152558790984,0.0001,1.0052182737035151
2012,1.007128266848125,0.7459455289656928,0.01290096448352806,0.24828177451724698,0.181820497551506,0.0001,1.0052000249858803
2013,1.004777257872885,0.7459705777874341,0.012902354371958765,0.2459043264691293,0.18274681536106743,0.0001,1.0051982067056893
2014,1.0061365803646993,0.7464284039655998,0.012897574635596595,0.24681060369793348,0.18220700263130737,0.0001,1.0053705958879984
2015,1.0039671313690124,0.7464361199259033,0.012895180777652268,0.24463583204071615,0.18360793608680942,0.0001,1.0050506157154486
2016,1.0055334474929205,0.7458750265848806,0.012895141847235194,0.24676327700547224,0.181557255058453,0.0001,1.0047340877157682
2017,1.0050850602482686,0.745692683886321,0.012904016047897494,0.24648836122081438,0.18301715316443606,0.0001,1.0045982617151907
2018,1.0043456867548806,0.7461437217845878,0.012901868829862584,0.24530009556614604,0.18318360620773347,0.0001,1.0048518468231022
2019,1.004836559779262,0.7469164062948788,0.012892974559482165,0.24502717819948952,0.18491286553185562,0.0001,1.0050683975945138
2020,1.0056062219834472,0.7462839564010048,0.012902815733671672,0.24641944954651607,0.18600284194849567,0.0001,1.0051997426678152
2021,1.0082059790348183,0.7465023971474437,0.01289487779744982,0.2488087052536059,0.18122618749707514,0.0001,1.005562219174832
2022,1.000908483114494,0.7457447934585942,0.012909675224799414,0.24225401409862007,0.18146365772154463,0.0001,1.004940240801469
2023,1.0073839797209532,0.7461130113679062,0.012903589022328838,0.24836737995034058,0.18276641440802607,0.0001,1.0052009129862758
2024,1.0054673553722142,0.7454842587755369,0.012897832398482316,0.24708526368436176,0.18135691756046327,0.0001,1.0051339904870271
2025,1.0035328428595351,0.7463200108032922,0.012903692997976926,0.24430913895247675,0.18507753750857184,0.0001,1.0050905616360795
2026,1.0064178688289185,0.7460282235793603,0.012893846504103098,0.24749579847342587,0.18340689708567537,0.0001,1.0051790037696793
2027,1.0028135161129021,0.7465130841514401,0.012899465299764946,0.243400966253653,0.1843146237168786,0.0001,1.0049518493561425
2028,1.0076014912152629,0.7455592036972665,0.01288790199867852,0.24915438499037199,0.18222781226915472,0.0001,1.0052774298021807
2029,1.0031268802182427,0.7463265520805761,0.01289078768561868,0.2439095416459544,0.18342759440564238,0.0001,1.005106461846079
2030,1.0054410475988176,0.7456842202685667,0.012902433200008246,0.246854395611291,0.18283637046330356,0.0001,1.0050899444076158
2031,1.0056647856627225,0.7460156150812067,0.01289971169787053,0.24674945903477272,0.18398287976972955,0.0001,1.0048358250704064
2032,1.0076371612703583,0.7456211305051498,0.01290451416379298,0.24911151533194537,0.18161623043897912,0.0001,1.0055086928859924
2033,1.0054277914290979,0.7460217324763718,0.012897596397941543,0.24650846121730718,0.18207982388036004,0.0001,1.0053130740568073
2034,1.0035014075149629,0.7460502853983556,0.01289569243456239,0.24455543107997332,0.18388828257397272,0.0001,1.005116479271082
2035,1.0035902503537841,0.7462480591712085,0.01289308192038391,0.2444491105014364,0.1836072179898771,0.0001,1.005122220020507
2036,1.0049088518711422,0.7459431647287179,0.012909713671608822,0.24605597637246154,0.18315288941347574,0.0001,1.0049713183247293
2037,1.0062105412657314,0.7463475687025043,0.012891615621942052,0.24697135636700093,0.18477220098822403,0.0001,1.0053110208400124
2038,1.004361821720131,0.746583790856491,0.012892245037318726,0.24488578671797295,0.1825190367551169,0.0001,1.0049870538904992
2039,1.0068037207663423,0.7464509140889011,0.012875542679374649,0.24747726321220398,0.18262679107169835,0.0001,1.005354737945309
2040,1.0033347249998281,0.7463366690320369,0.01291042844373846,0.2440876293375816,0.18569431691213265,0.0001,1.00514410568541
2041,1.0027095282537217,0.7460669686537968,0.012893652093821558,0.24374890779324526,0.1832145012718669,0.0001,1.00484857994451
2042,1.0065448916466193,0.7457317701459656,0.01290897060843075,0.24790415131537957,0.18416403911055707,0.0001,1.004739352982136
2043,1.0031582731262423,0.7455770015474749,0.012898955577285489,0.24468231453554626,0.18266551435356448,0.0001,1.0045124011518507
2044,1.0011003864947972,0.7453139384426404,0.012895592085971793,0.24289085638934169,0.18245504736054016,0.0001,1.004272299049834
2045,1.0062823377806565,0.7461249836801758,0.012897927910996258,0.24725942428527933,0.18076609740029967,0.0001,1.0045415077925213
2046,1.0035317812198075,0.7463257664599234,0.012886513561070812,0.24431950248717416,0.18154384791246533,0.0001,1.0044038007273879
2047,1.0061464709877725,0.7460547567139291,0.012899954952526285,0.2471917591550771,0.18500621903982414,0.0001,1.004397393699592
2048,1.0035977095184172,0.7454627176810955,0.012887144669074316,0.24524784802967345,0.18395415979152277,0.0001,1.0043209824794204
2049,1.002033469401315,0.7458656161842191,0.012890680324716935,0.24327717428275103,0.1819105795442937,0.0001,1.0038439573429176
2050,1.0052240708536841,0.7456489427819939,0.01289752700024154,0.24667760206888945,0.18130521987079365,0.0001,1.0040328919283035
2051,1.0048026756872754,0.7464925119649566,0.012915192462851503,0.24539497181108225,0.18262897332106354,0.0001,1.0042422066716585
2052,1.008480846035553,0.745828213604662,0.012883438783533433,0.24976919449367097,0.18255914209701468,0.0001,1.0044358021105522
2053,1.0068738887324535,0.746588802120023,0.012902844266523938,0.24738224219477925,0.18290848044667235,0.0001,1.0048073636711732
2054,1.0025083885715167,0.7456556691601117,0.012901607198115537,0.24395111203193665,0.1840774211390265,0.0001,1.0049481638788451
2055,1.0058800945659196,0.7460075127183786,0.012882996282519482,0.24698958592772727,0.18936887431821764,0.0001,1.0049079395573715
2056,1.0091225614895927,0.7462624539951765,0.012900775634734674,0.24995933346163188,0.18180325164877134,0.0001,1.0054670175843499
2057,1.0052162592599647,0.7450528101311736,0.01289669737129134,0.24726675128900497,0.18381989392136464,0.0001,1.0053739964115693
2058,1.0051377165390076,0.7454925067042724,0.012899199557352744,0.24674601044362263,0.18281526398102604,0.0001,1.0055279971136282
2059,1.00407582799513,0.7463078120417334,0.012888125909027657,0.2448798903012856,0.18247326860925972,0.0001,1.0057322329730098
2060,1.0043880752085672,0.746140063534402,0.012900055059313048,0.24534795474087248,0.18530821700487854,0.0001,1.005648633408498
2061,1.0054423161017243,0.7462801060376738,0.012897262225044668,0.24626494629750628,0.18173198547010247,0.0001,1.005712597449943
2062,1.0068807837687448,0.7460958535724431,0.012896773055890995,0.24788815789604768,0.18434499705901736,0.0001,1.0055525912232623
2063,0.9990132600975811,0.7461994244409139,0.012901819260076866,0.23991201901109416,0.18290211160574676,0.0001,1.0047665283597749
2064,1.0071709922554526,0.7463387845737697,0.012898557326372932,0.2479336503099718,0.18396233611609825,0.0001,1.0052327887281685
2065,1.0063785485031638,0.7456305261557774,0.012909794192285131,0.24783822848758155,0.18288756408265833,0.0001,1.005282634121893
2066,1.004039385618593,0.745966182519166,0.012893422138376603,0.24517978139931967,0.18169494641238246,0.0001,1.004774316534793
2067,1.0033298508390693,0.7459910033198931,0.012905902601400688,0.24443294700333362,0.1841378022159089,0.0001,1.0045856756927034
2068,1.0041215923930278,0.7457385726922907,0.012880700838735088,0.24550231945139883,0.18586876550141504,0.0001,1.0044840632781056
2069,1.005802333113146,0.7458484970773693,0.012907861696053713,0.24704597588122254,0.1835204625528676,0.0001,1.0046567137899072
2070,1.0047853280758035,0.7453317408871215,0.01290191670702147,0.2465516703909841,0.18196421408266372,0.0001,1.0046964390766306
2071,1.0082725951444305,0.746413051719356,0.012888851078722105,0.24897069425055754,0.1838103627699142,0.0001,1.0049794669809011
2072,1.009420825670989,0.7460101816281828,0.012904637241943854,0.2505060062265783,0.18201946465649904,0.0001,1.0052334711711257
2073,1.004988521639764,0.7461377084859728,0.012888357315295609,0.24596245669992167,0.1856629756897023,0.0001,1.005830997325344
2074,1.0064384158678035,0.7460061721579299,0.012889810072722831,0.2475424349368465,0.18336545611008187,0.0001,1.005757739686579
2075,1.004249025189127,0.7460933858434279,0.01289276733359749,0.24526287180052325,0.18486117113676323,0.0001,1.0055447873551753
2076,1.0067503874248713,0.7457777074336038,0.012882801872237943,0.24808987804346588,0.18281547782629062,0.0001,1.0058158875358032
2077,1.0037511514601793,0.7463635778088599,0.012883561861684307,0.24450401200121363,0.18433390237375882,0.0001,1.0058580175979142
2078,1.007762680310023,0.7454843262388063,0.012894378956142835,0.24938397431409867,0.1843965356719905,0.0001,1.0062221263896138
2079,1.0072181143818715,0.7459536867015986,0.01289953131221129,0.24836489639828704,0.1814871865341678,0.0001,1.0063637045164864
2080,1.00374746963412,0.7447424984365157,0.012879219064847935,0.2461257537649321,0.18281395340425247,0.0001,1.006259918672318
2081,1.005581203266283,0.7459457315973046,0.012893452605659531,0.2467420192295591,0.1819801446632246,0.0001,1.0059907794845033
2082,1.0048705569145404,0.7457494955759262,0.012881789439590176,0.24623927409037133,0.18412593236801347,0.0001,1.0055357526088584
2083,1.0037869940423094,0.7454028197282709,0.01289977480867088,0.2454844016362639,0.182913155361073,0.0001,1.0054155998491128
2084,1.0067152039999894,0.7462244547646621,0.012895875963671454,0.2475948744051113,0.18326524682871953,0.0001,1.0054432786623315
2085,1.0061931403365145,0.7457248410153341,0.012907693884193777,0.24756060797592688,0.18312586327111746,0.0001,1.0056376901770705
2086,1.0052014606235962,0.7455429512153533,0.012897278184097631,0.2467612305894101,0.1828883273666819,0.0001,1.0054827974969427
2087,1.0055071867503693,0.7455356435408215,0.012900403982243722,0.2470711405572253,0.1847030330925394,0.0001,1.0056584010259617
2088,1.0066122497312922,0.7458282356088108,0.012889047665238138,0.24789496875437955,0.18098240253528766,0.0001,1.0055433579680886
2089,1.0046728583426794,0.746330285410852,0.012901428988690792,0.24544114539395964,0.18446083938132435,0.0001,1.0052888323641693
2090,1.0049498199691154,0.7451781779225409,0.012889417866906094,0.24688222256260517,0.18141206799728635,0.0001,1.005409067397669
2091,1.0029647881070691,0.7456540784535979,0.012894224927101367,0.24441648223276796,0.18438919299635395,0.0001,1.0051474258817474
2092,1.0020290049771508,0.7457284221300973,0.012898540158300806,0.24340204314213496,0.18519554482149544,0.0001,1.0048632706880087
2093,1.005216587266864,0.7453415182250992,0.012889608650130143,0.2469854590012626,0.18401345371837308,0.0001,1.005006230010464
2094,1.005321443322706,0.7453683730796675,0.012889077165305735,0.24706399337998752,0.1817392351117144,0.0001,1.0048668539427357
2095,1.0021873589219719,0.7461455758154755,0.01289523953598363,0.24314654438660063,0.18366692068610666,0.0001,1.0044662758012817
2096,1.003657505671828,0.7455485012178247,0.012899975022244405,0.24520902923529336,0.183189101834568,0.0001,1.0043118803061046
2097,1.0040926442426794,0.7449769213281828,0.012895403720786073,0.246220319042583,0.1840841351246979,0.0001,1.0041704260553357
2098,1.0071932953946732,0.745947902633017,0.012898027534175354,0.24834736394289783,0.18285973122226298,0.0001,1.0042285306216736
2099,1.0061337964771728,0.7456848261080697,0.01288589671949344,0.24756307280329615,0.18255964834356406,0.0001,1.004374624435123
2100,1.0036263528750344,0.7455892103438929,0.012902524843660862,0.24513461735500042,0.18430140058360767,0.0001,1.004242277725715
2101,1.0024574627499068,0.7455816821442657,0.012893656688094382,0.24398212338860087,0.1840198384276752,0.0001,1.0041915451899988
2102,1.0031759533388862,0.746123796302455,0.01290597465894285,0.2441461850826687,0.18474556535905565,0.0001,1.0043062400261724
2103,1.0027425493478292,0.7454133922381527,0.012888622574100147,0.2444405368629382,0.18263012551632662,0.0001,1.0040588362342686
2104,1.0054000782918253,0.7460928986087049,0.012876200143995924,0.24643097996228122,0.18394095612346037,0.0001,1.0040666997311807
2105,1.0062545965941392,0.7459217173332616,0.012895288380357847,0.2474375929056268,0.18440901444238775,0.0001,1.0044734234983974
2106,1.0055518186600165,0.745761429924994,0.012890368881380341,0.24690001841793197,0.18418375703432496,0.0001,1.0046628547972163
2107,1.003419110910404,0.7454573752672146,0.012894688948656434,0.24506704722347897,0.18297545264265358,0.0001,1.004595501463989
2108,1.0052952317872348,0.7453871520489272,0.012884463789980503,0.24702361761072827,0.18385374056398265,0.0001,1.004405695103245
2109,1.0032028762612333,0.7457136730635142,0.012896442026443945,0.24459276166999558,0.18364965492523225,0.0001,1.004112603081651
2110,1.0028188368853401,0.7452886758663108,0.012886535081611927,0.24464362693485817,0.18409823008168782,0.0001,1.0040318514826816
2111,1.003030532755668,0.7463660310296452,0.012895715889534167,0.24376878885903658,0.18411502668267574,0.0001,1.0040891584832576
2112,1.0061323938940407,0.745461141120106,0.012884828188356474,0.24778642435888731,0.18377682690567226,0.0001,1.004384802538773
2113,1.0031020722331188,0.7452756284942008,0.012883983809372475,0.24494246177329979,0.18423350980509126,0.0001,1.004420754827302
2114,1.0018983771061074,0.7455502302361309,0.012886717643505661,0.24346142836504486,0.1831439716276726,0.0001,1.0040705847087303
2115,1.0046736553281121,0.7454057055361131,0.012901580116086267,0.2463663689807269,0.18473077297936105,0.0001,1.0039124905821275
2116,1.0033968888963696,0.7460332654310772,0.01288811043358236,0.24447551247253863,0.1822706102176322,0.0001,1.0036969976057628
2117,1.0054217974747897,0.7456387587299695,0.012877347019574705,0.24690568954901085,0.18302731554479193,0.0001,1.0038972662622014
2118,1.0051205730099706,0.7455409325160555,0.012888887832904684,0.24669075272146151,0.18329786964168895,0.0001,1.003879800384475
2119,1.0061569230793457,0.7455883387619777,0.012875129920232127,0.2476934563920174,0.18251673363406082,0.0001,1.0041752050662862
2120,1.005792588176882,0.7452197404952369,0.012886975648195216,0.24768587168585698,0.18447592331599028,0.0001,1.0044725801954404
2121,1.005724729920981,0.7460339372830265,0.01288627852774537,0.2468045148507335,0.18499001866663686,0.0001,1.0047419999119718
2122,1.0070201940758958,0.7458488360863428,0.012889080066951728,0.2482822760939598,0.1856011982561367,0.0001,1.0048307799301572
2123,1.0023841392437778,0.7463167353285737,0.012884135178571782,0.24318327080707763,0.1832116899093798,0.0001,1.0047589866312232
2124,1.0037976604929801,0.7459829361395226,0.012878514690283104,0.2449362089528757,0.18297281803876828,0.0001,1.0049489149699107
2125,1.0054098891196337,0.7461557729249069,0.012875259527086486,0.24637885609335639,0.18350189673368636,0.0001,1.0050225383490625
2126,1.0044413185990122,0.7453645024048146,0.012888495143480281,0.24618832173079072,0.18552499970243622,0.0001,1.0051269813193269
2127,1.0023631092017369,0.7451862112503748,0.012887161837146442,0.24428973717210742,0.18288574973782468,0.0001,1.0048211124920214
2128,1.0035608727598286,0.7456861942341555,0.012904917734389856,0.2449697613051165,0.18482732939067284,0.0001,1.0046651424670074
2129,1.004700732400403,0.7459714586787969,0.012881870685677983,0.24584740379156494,0.1825726941741746,0.0001,1.004519523399113
2130,1.0034719316277494,0.7453364906398084,0.012888121314754834,0.24524731902333835,0.18433165589525055,0.0001,1.0042874577442
2131,1.0024690877109705,0.7453722416991878,0.012887635772658652,0.24420920854649728,0.1841159471391906,0.0001,1.0039618935231989
2132,1.0085270227089858,0.7458754892765146,0.012883872579609405,0.24976766157827318,0.18284413496572638,0.0001,1.004112576386508
2133,1.0030641104821985,0.7450955009605531,0.012875088329972893,0.2450935215997164,0.18446293322116317,0.0001,1.0041805735103497
2134,1.002118760141833,0.7456353537692985,0.012897620820128651,0.24358578525015112,0.18276157385799996,0.0001,1.0040126834752352
2135,1.0038670056006487,0.7457680242782191,0.012887290960393136,0.2452116896366251,0.18459175091848895,0.0001,1.0038583951233366
2136,1.003497145117901,0.7457119878117018,0.01289436178807071,0.24489079479271694,0.18447317436911756,0.0001,1.0037639777752256
2137,1.003165183154371,0.7452367990302265,0.012891032632901266,0.24503735288161535,0.18241656591273225,0.0001,1.0038441851704891
2138,1.0030371823610689,0.7454800906819697,0.01289103625995876,0.24466605735357103,0.18355185809048388,0.0001,1.003791816130613
2139,1.0043507577439592,0.7450670017190202,0.01290553119071357,0.24637822655707778,0.1834287475983463,0.0001,1.0037568186649686
2140,1.0044179822320145,0.7452419249087754,0.012883641656949118,0.24629241631613782,0.18648392554470783,0.0001,1.003851423725395
2141,1.0064215226057336,0.7454942634091174,0.012888646270875756,0.24803861380227923,0.18316447967568952,0.0001,1.0042466672148715
2142,1.0013772267357088,0.7462072870552419,0.01288884019754963,0.24228110034434355,0.18507972652844434,0.0001,1.0035316876175437
2143,1.0030328702733193,0.7460183815588574,0.012883121295101019,0.24413136559071938,0.18369864595347438,0.0001,1.003528563596656
2144,1.0041563572554753,0.7456285213602001,0.012886772049368032,0.24564106366455435,0.18241560253603706,0.0001,1.0037323233080202
2145,1.0028221688212535,0.7452658480127733,0.012879231638647239,0.24467708929073495,0.1830546848067889,0.0001,1.0036278396300804
2146,1.0069244355265556,0.745358122652491,0.012872615160371421,0.24869369978413863,0.18320478248064223,0.0001,1.003970568670946
2147,1.0006860362830559,0.7454160936705723,0.012883744907185708,0.24238619648116597,0.18364258875227846,0.0001,1.0037226539838147
2148,1.0035980803245947,0.7459491503407941,0.012879992595308934,0.24476893614924702,0.18574250923208968,0.0001,1.003778743780167
2149,1.005949281050274,0.7460631916779292,0.012884039424254009,0.247002050975757,0.1837175501468941,0.0001,1.0039385961107987
2150,1.008924525722287,0.7459394681526246,0.012879059957925978,0.25010599752106,0.18359153710199902,0.0001,1.0043892504598257
2151,1.0019562408841889,0.7446941115551498,0.012883934481390592,0.2443781962606897,0.18289593826321995,0.0001,1.0039427222876713
2152,1.008268668612892,0.7453855193894485,0.012882326244098904,0.25000082278287916,0.18332945702042105,0.0001,1.0046318664753895
2153,1.0071603511941845,0.7451796956042973,0.012891160547128798,0.24908949827688462,0.18330702672261012,0.0001,1.0050446145674763
2154,1.0018890269146004,0.7454042296864198,0.012881318163920127,0.2436034786562165,0.18290922659284928,0.0001,1.0048178815333888
2155,1.0049938123076247,0.7453934465653997,0.012882858937942474,0.2467175078470615,0.18391297171251286,0.0001,1.0050350458820259
2156,1.0025264383813188,0.7450636804224753,0.012870083232438588,0.24459267449971386,0.18551942672860067,0.0001,1.004595246167502
2157,1.0024574036288696,0.7454501673367637,0.012885133828401082,0.24412210193475894,0.1847120889181056,0.0001,1.0047723829020831
2158,1.0032405361200685,0.7454635337690311,0.012885596640936985,0.24489140564964945,0.18436810341011922,0.0001,1.004736628481631
2159,1.003063923326032,0.7455091484903564,0.012870181162990857,0.2446845915115629,0.18594926365974226,0.0001,1.0044480927092068
2160,1.0067015174194476,0.7456363159067491,0.012887881687156568,0.24817732014290944,0.18548888073852532,0.0001,1.0042257918789226
2161,1.0035510902230687,0.7457380366131935,0.01288646447489276,0.2449265886211492,0.18377030814637035,0.0001,1.0043852768128105
2162,1.0058264243917097,0.7453219948627402,0.012881451881439642,0.24762297938549493,0.18526498749701054,0.0001,1.0041410523906924
2163,1.0042174469384895,0.7453658024631213,0.012883709845629957,0.2459679329068859,0.1845509955172123,0.0001,1.0038467619651228
2164,1.0050337136879897,0.7449614616001353,0.012869647743735788,0.2472026047823879,0.183026810144556,0.0001,1.0041612306424619
2165,1.004304573332804,0.7454429600108226,0.012884576712370402,0.24597703671540014,0.18420603284971226,0.0001,1.0040923067449798
2166,1.0043264147476056,0.7456831248972043,0.012882984434131677,0.24576030620213213,0.18496653086998882,0.0001,1.0042723043816084
2167,1.0027932922448397,0.7453075497435749,0.012875917958923093,0.24460982553978236,0.1829672255997242,0.0001,1.0043058932432056
2168,1.0060079111047013,0.7455382056942335,0.012868969725788727,0.24760073429430715,0.1833678332835617,0.0001,1.0045826307416688
2169,1.0043262209418338,0.7453727668971125,0.012888194339512328,0.2460652604155076,0.18484239833350113,0.0001,1.004708860503249
2170,1.0025380196967908,0.7456573619078429,0.012881606152284944,0.2439990535559809,0.1834490051375925,0.0001,1.0042925107309832
2171,1.0029851429119072,0.7453746707395897,0.012878856117294961,0.24473161563186568,0.18342112618334153,0.0001,1.004235915999867
2172,1.0037498411252097,0.7456372710318885,0.012866115715150658,0.2452464528064457,0.18531266906682184,0.0001,1.0040282576732171
2173,1.0025640573753063,0.7450727660805894,0.01288372677189825,0.24460756331379951,0.1825327920381728,0.0001,1.0038629187168986
2174,1.003430611463396,0.7453106673203908,0.012874978067425153,0.24524496731482462,0.18331819663908613,0.0001,1.0037026084944394
2175,1.0031218907170556,0.7453500194433494,0.012897743656475695,0.24487412681625534,0.18508938722629817,0.0001,1.0035843402328646
2176,1.004694694195993,0.7451263620210226,0.012874165848350912,0.24669416585812462,0.18191727361137436,0.0001,1.0036211681777034
2177,1.0047157953283608,0.7452423166309844,0.01287014561782744,0.2466033313869221,0.18497101333876412,0.0001,1.0038134184860554
2178,1.0032201139728631,0.7453294090518603,0.01288854664769666,0.24500215818262971,0.1839350833430977,0.0001,1.0035346387728716
2179,1.0029251615367603,0.7448970130200802,0.012876665616373987,0.2451514830060953,0.1835024575372255,0.0001,1.0033945328323643
2180,1.0069119861353242,0.7454572739514086,0.012878272402842679,0.24857644082385194,0.18499680625134984,0.0001,1.0038319294762175
2181,1.0058381550210485,0.7457648551971869,0.012870110798075523,0.24720318799811977,0.18474132626583803,0.0001,1.0041172306871318
2182,1.0038101745667372,0.745178832848222,0.012876343775472582,0.24575499797326797,0.18256363701868733,0.0001,1.0041232640312845
2183,1.0028011307996862,0.7449289047693868,0.01287654495626144,0.24499568210170428,0.18360674550518785,0.0001,1.0041469713737226
2184,1.003175032428989,0.745339254457617,0.012867863956861516,0.24496791483059857,0.18319619723556008,0.0001,1.0041214134702816
2185,1.0009993319579118,0.7456372721200057,0.012869334124164697,0.24249272492787902,0.1830088926921268,0.0001,1.0039091575943675
2186,1.006019215192079,0.7459200340158799,0.012894497440020887,0.24720468331302156,0.183915093269116,0.0001,1.004041609693976
2187,1.0031540286226641,0.7449072308037392,0.012872372389323329,0.24537442509712118,0.1832785399944255,0.0001,1.0038854330234064
2188,1.0062051944993815,0.7447864329839091,0.012884034829981187,0.24853472452436934,0.1846007920544723,0.0001,1.0041839410760582
2189,1.0014854887194373,0.7445535743212361,0.01287692966615936,0.24405498513252932,0.1831936260447299,0.0001,1.0040399737943257
2190,1.0086543972303612,0.7455239642947973,0.012894265550145272,0.25023616684135996,0.1851037674815853,0.0001,1.0042142149038296
2191,1.0040792323512915,0.7453589186707085,0.012875279355000772,0.24584503382686185,0.18458982869892043,0.0001,1.0040383226368539
2192,1.0049408689957362,0.7454352712534504,0.012867047627122118,0.24663854857366418,0.18334514446722808,0.0001,1.0041513920797538
2193,1.0017257537126059,0.7450614894379467,0.012883020462902758,0.24378124326769768,0.18256448575014034,0.0001,1.0040438543710457
2194,1.0005058105770521,0.7450805081557067,0.012863784242595185,0.24256151573048643,0.18446138226115438,0.0001,1.0037769321858518
2195,1.0030739656810104,0.745214595876891,0.01287492003450529,0.24498445205163763,0.18425028041216712,0.0001,1.003984395558162
2196,1.0019909448120705,0.7454829565409956,0.012879653586335405,0.24362833427669553,0.1846359022127929,0.0001,1.0035815685201612
2197,1.0028111564702,0.7448478458377459,0.012877299384219651,0.24508601165627852,0.18416100601395535,0.0001,1.0035472813049144
2198,1.0027115931375514,0.7452028606532796,0.01287891826087998,0.24462981253832156,0.1837560772654009,0.0001,1.0031979211687316
2199,1.0013308775352416,0.7451678983580027,0.012884962873091321,0.24327801766429422,0.18255556234239806,0.0001,1.003182460050312
2200,1.0058869075098096,0.7456069167922524,0.012873183641182239,0.24740680781689908,0.18361718635288263,0.0001,1.0029057110782569
2201,1.0067458505804592,0.7453516664901563,0.012878963478196706,0.24851521988669467,0.18336388229961087,0.0001,1.0031723729011737
2202,1.003079072940664,0.7454978897411974,0.012882621486578703,0.24469856219649558,0.18506242461789693,0.0001,1.0029861932956665
2203,1.0013170457514982,0.7447691888644777,0.012876633940071896,0.24367122303762495,0.18290133592927674,0.0001,1.002945322499556
2204,1.0055032753315707,0.7452797761553441,0.012881190007888763,0.24734231036224424,0.186990883329819,0.0001,1.0034450689750076
2205,1.0051439107068896,0.7449383004200144,0.012872567766820199,0.24733304236892753,0.18520108548429384,0.0001,1.0036520634775956
2206,0.9995371209680429,0.7458689726632217,0.012882675650637242,0.24078547384809046,0.18328266906689922,0.0001,1.0034066810931928
2207,1.002965793285602,0.745493679815567,0.01287578206516908,0.24459633101193465,0.18516471858077793,0.0001,1.003422144774733
2208,1.0039145127996711,0.7455933330992415,0.012856912903079639,0.2454642661928405,0.18389940150006548,0.0001,1.003542436740945
2209,1.0047542259369129,0.7456128400189398,0.012875126534978468,0.2462662578868334,0.1856803871978369,0.0001,1.003884771581112
2210,1.001907530227491,0.7451660809603956,0.012884403339022313,0.24385704586762202,0.18379260910935624,0.0001,1.0034868338528802
2211,1.003265212926613,0.7447926953404719,0.012868763225315551,0.24560375467819326,0.18558488768085263,0.0001,1.0031387700874954
2212,1.0056219370563422,0.7449213938587336,0.012883426935145628,0.24781711555216424,0.1838138425084205,0.0001,1.0033930564990632
2213,1.001452402096491,0.7450518270776915,0.0128686299914037,0.2435319462213023,0.18286564937106978,0.0001,1.0034065921335626
2214,1.0087496076104123,0.7454197832343544,0.012866191399750313,0.2504636337923955,0.18541130916221146,0.0001,1.0037312253614468
2215,1.0016619772263038,0.7447993147203936,0.012881014941913845,0.24398164818361856,0.18181507201755748,0.0001,1.0033830320133883
2216,1.0037688929700948,0.7450464497231567,0.01288019982119361,0.2458422449370185,0.18470991597818795,0.0001,1.0038062092135935
2217,1.0065588509818846,0.7448659997440981,0.01288070011332359,0.24881215085243358,0.1829980768671384,0.0001,1.0041655149832216
2218,1.004664574506075,0.7449957479327978,0.012872775476312541,0.24679605061335688,0.1834400756847544,0.0001,1.004240521153862
2219,1.0060905199989103,0.7446391367283602,0.012870337368266819,0.24858104602318506,0.1888125798462854,0.0001,1.0043741505600616
2220,1.005778677806893,0.7452747072215979,0.012894364931520536,0.2476096043843043,0.18671923770019538,0.0001,1.004761265318002
2221,1.0075296937331224,0.7448249831644566,0.012874215418136627,0.24983049533188223,0.18460708403200454,0.0001,1.0051877133986529
2222,1.0020452938505409,0.7447370087641006,0.012897109405022363,0.2444111766788587,0.18246532263306042,0.0001,1.0048300490780728
2223,1.0045806720822625,0.745846781237372,0.012863343676011897,0.24587054629233981,0.18443018687666066,0.0001,1.00514287607665
2224,1.0021451353784991,0.7445086653043967,0.012875716052722738,0.2447607566358835,0.18289617801172012,0.0001,1.0044824288534584
2225,1.0055941730193627,0.7448967466731584,0.012865749865951693,0.24783167921565852,0.18342232649756735,0.0001,1.0048756484327646
2226,1.004845539890003,0.74537508398234,0.012865450754610569,0.24660500402715338,0.18421064480443997,0.0001,1.0049833131247554
2227,1.0024074442971793,0.7448279750032792,0.012877790971411653,0.24470167777842972,0.18366955317420844,0.0001,1.0045681724562847
2228,1.0002824269975659,0.7450224173238263,0.012868974803669216,0.24239103431089898,0.18389328860849685,0.0001,1.0041299577054341
2229,1.0001760306513092,0.7451997936134648,0.012868136469781036,0.24210810020913578,0.18386588558463973,0.0001,1.0035385087706739
2230,1.000987319506206,0.7449885352871722,0.012877390302460769,0.24312139706002286,0.18414279936414218,0.0001,1.003059372940605
2231,1.002584090218341,0.7454040914955294,0.01288199473104419,0.24429800439981128,0.18402111678408803,0.0001,1.0025648125891269
2232,1.0031187598410292,0.7453819261844937,0.012876971981830094,0.24485986261169518,0.18396841603166916,0.0001,1.002672159188176
2233,0.9996361032460814,0.7452922868438473,0.012866722642770887,0.24147709388036515,0.18293253182760358,0.0001,1.0021777023045577
2234,1.0008992391957714,0.74512770753845,0.012869427944051808,0.2429021048769506,0.1836648423519386,0.0001,1.0020531126862848
2235,1.001320243969892,0.7456614411385016,0.012896006779544977,0.24276279440455698,0.18428037202261524,0.0001,1.0016257197813379
2236,1.000726853858143,0.744648099912833,0.012872870505218816,0.24320588765654555,0.185272831280865,0.0001,1.0012138511781519
2237,1.005685914844335,0.745359117433459,0.012863981070915052,0.24746281612838258,0.18768495463333557,0.0001,1.0015416982328673
2238,1.001955507976772,0.7443960492799538,0.012850807598106275,0.24470865239840733,0.18260782428131142,0.0001,1.001709006330788
2239,1.0022492139141168,0.7451979922958126,0.012872003154870705,0.2441792174206544,0.18371727920569947,0.0001,1.0019163246570688
2240,1.0026012983090011,0.7453183526925092,0.012872317741657126,0.24441063008129477,0.18236372167996412,0.0001,1.0020777225373483
2241,1.0050530118100784,0.7455990769074848,0.012863863312448497,0.24659007092518448,0.18581087173965832,0.0001,1.0023246146965221
2242,1.001643144576593,0.7446988025495054,0.012870225654896084,0.2440741171580541,0.1842199703319561,0.0001,1.0021770531700784
2243,1.0041143361018106,0.745430237502162,0.012868059334358386,0.24581604127528459,0.18391450940353635,0.0001,1.0026248764556513
2244,1.001051424241211,0.745047523573978,0.012886678471284755,0.24311722304226177,0.184827521443367,0.0001,1.0026400949601952
2245,1.007491967740939,0.7449378804067569,0.012873954269997247,0.24968013200629313,0.1844909336818401,0.0001,1.0032572673373
2246,1.002018945937708,0.7450099062726173,0.012872953443933452,0.2441360875888601,0.18525845078377404,0.0001,1.0033864765452565
2247,1.0031056173191109,0.744622113617632,0.012878387501467073,0.24560511547460034,0.18407772221502378,0.0001,1.0031284467927342
2248,1.001609374132408,0.744559191545173,0.012864417285029352,0.24418576336777476,0.1839961778017377,0.0001,1.0030938334082975
2249,1.0021956841070319,0.7449998896697472,0.0128744381194666,0.24432135820691048,0.18398841290638365,0.0001,1.0030884804275892
2250,1.0022524474358703,0.7445948648646202,0.012881963780153596,0.2447756176123029,0.18507479935219515,0.0001,1.003053595340276
2251,1.0038639178866062,0.7455823001948622,0.012867024655758005,0.24541459374628494,0.1839666452417509,0.0001,1.002934685947929
2252,1.0049847229015514,0.7448254897434862,0.012879140478602287,0.2472800887199251,0.18575549727158422,0.0001,1.0032688437804247
2253,1.0038203466494717,0.7452786281916481,0.012872389315591622,0.24566932977696704,0.18482278462718515,0.0001,1.0032394448351907
2254,1.0067237009866725,0.744588752063728,0.012860512394934107,0.24927443589327544,0.18396556199080563,0.0001,1.003806672509737
2255,1.0010424585177982,0.744240043129447,0.01286310042135614,0.24393931282098588,0.1836574257145547,0.0001,1.003161721587423
2256,1.0033794651166905,0.7455617174899118,0.01286176106992648,0.24495598685910688,0.18544163502012256,0.0001,1.0032977735053212
2257,1.0026699022879224,0.7446236126804933,0.012857950241522179,0.24518833936590695,0.1832601461582203,0.0001,1.0032542020022022
2258,1.0044601334761412,0.7453080490684896,0.012869388288223236,0.2462826966181488,0.18377154467072013,0.0001,1.0035392779365757
2259,1.0023711838780263,0.7448059532028183,0.012865736808544723,0.24469949462230017,0.1854461461728775,0.0001,1.003556827913675
2260,1.005536810017019,0.7455839445818269,0.012879885234407189,0.24707297941492248,0.1844839664368794,0.0001,1.00388526417179
2261,1.0025060969965938,0.744362882619939,0.012870462380848357,0.24527275198069354,0.18506634894297525,0.0001,1.0037494820827888
2262,1.0035776177961493,0.7449856509301532,0.012873179772320916,0.2457187874563809,0.18489626902353934,0.0001,1.0036087715722488
2263,1.0016836461140708,0.7447793743673251,0.012869374263600936,0.24403489810276707,0.18412219822164966,0.0001,1.0033951015187086
2264,1.0054878091957216,0.7444036963261649,0.012871051898592625,0.24821306156036094,0.18575556923844994,0.0001,1.0032715123396134
2265,1.000379193264379,0.74456102345101,0.012866370334586555,0.24295180126208563,0.18298290751526855,0.0001,1.0032051858142714
2266,1.0013502966801486,0.7448436399018789,0.012861315183658871,0.2436453410505523,0.18422723832043383,0.0001,1.0030022689706173
2267,1.0008649385966828,0.7448359258760061,0.012873959347877734,0.24315505364482834,0.18352157373215558,0.0001,1.0028217726014934
2268,1.003414437930434,0.7451309044269229,0.012855884753182742,0.24542764988378385,0.18268434648944204,0.0001,1.0027172030469225
2269,1.0006805400819372,0.7450859769120903,0.012869425042405815,0.24272513912488192,0.18343508745303744,0.0001,1.0025481386673136
2270,1.0048710487435362,0.7450138849128816,0.01289081041517896,0.24696635314344634,0.18490690709248517,0.0001,1.0024815625399655
2271,1.0013792196828986,0.7452352952521907,0.012867840260085904,0.24327608271979898,0.18265379433336895,0.0001,1.002368874808596
2272,1.003807109219549,0.7450521033385704,0.012881023888655656,0.24587398462193974,0.1856846420385291,0.0001,1.0023918239509357
2273,1.0009587642870859,0.7444488469050332,0.012871000394376247,0.2436389159146719,0.1837459768472772,0.0001,1.0023193357682374
2274,1.0014651006665722,0.7443868916851996,0.012869459862157732,0.24420874747192642,0.18318466056312074,0.0001,1.0019170649153222
2275,1.0055424288126809,0.7448726948086195,0.012868239961821458,0.24780149591621956,0.18399534678241544,0.0001,1.0024333884701524
2276,1.0038109952489453,0.7451144645470393,0.012868340794019719,0.24582818963585712,0.1844048198108499,0.0001,1.0026794583270324
2277,1.0002668279905107,0.7450089430470496,0.012858338578477593,0.24239954653122361,0.18281255804501007,0.0001,1.002619647266415
2278,1.002879730586348,0.7445679855878649,0.01285719508815247,0.24545455048461473,0.18253747735013826,0.0001,1.0025661765320062
2279,1.00347873199784,0.7452459253113846,0.012850363404465496,0.2453824439167251,0.18342931846696997,0.0001,1.0028459957235965
2280,1.0021701925424726,0.7443428317625189,0.012864706966020998,0.24496265514385385,0.18417930690681233,0.0001,1.0025759101034901
2281,1.0049237925672627,0.7449479367863576,0.012862862486384703,0.24711299353632435,0.1825829939897839,0.0001,1.0029303673919268
2282,1.0043151117483453,0.7451779287436913,0.012876593800635657,0.24626058971785145,0.1847513642985729,0.0001,1.0029811676448066
2283,1.0016697417891776,0.7451882116934833,0.012858045512232286,0.24362348556579005,0.18547766394233123,0.0001,1.0030522653950156
2284,1.0024304584605699,0.744679794350212,0.012875638675496254,0.24487502508726855,0.1853322856747838,0.0001,1.0031488011744152
2285,1.0047291416909099,0.7452357946980072,0.012869154222113124,0.24662419249876033,0.1833817820399093,0.0001,1.0030674724622384
2286,0.9992932888847336,0.744855722597598,0.012860186443367547,0.24157738232225723,0.1818367080200033,0.0001,1.0026157018258168
2287,1.0013899679841667,0.7449613583498987,0.012857360240170245,0.24357124910695557,0.18367735769516555,0.0001,1.0027280158251828
2288,1.0023343720252325,0.744908837469306,0.012871234944094026,0.24455430077551343,0.18507527821446046,0.0001,1.0026734799690713
2289,0.9997394043823769,0.7447573493025124,0.012864514731973954,0.24211754222187018,0.1842355884415141,0.0001,1.002299547207525
2290,0.9992803570948556,0.7447518994068277,0.012864054821084044,0.24166440520941848,0.1836489074793597,0.0001,1.002010563662763
2291,1.0017724960861052,0.7445446706205062,0.012864471932695555,0.24436335295861925,0.1861853181529964,0.0001,1.0016954340146473
2292,1.0044489252639832,0.7452552998041768,0.012870367835549748,0.24632325865192298,0.18355920756685323,0.0001,1.0017088153662113
2293,1.0034509133131944,0.7445475052868377,0.012859090588397477,0.24604431831449813,0.18543267585563852,0.0001,1.0018869325186128
2294,1.0026915508641674,0.7443503155911428,0.012867951248045142,0.24547328400986673,0.18540749346750504,0.0001,1.0019130417589726
2295,1.0042665206636425,0.744806385910777,0.012859797381000635,0.24660033670690432,0.18432546864900337,0.0001,1.001866779656246
2296,1.0062519605696565,0.7448718897227583,0.012875420084831439,0.2485046512456743,0.18339897235798788,0.0001,1.0025626468247384
2297,1.0023479555973416,0.7449723927051011,0.01286693325390922,0.244508630590434,0.18484525080263978,0.0001,1.0026584455860557
2298,0.9998593223989615,0.7449800884747844,0.012878987658579984,0.24200024644694995,0.1844993817939236,0.0001,1.0024109406234287
2299,1.0034336175686447,0.7445266146447064,0.012869812170342065,0.2460371900584103,0.18408679348580978,0.0001,1.0027803619420552
2300,0.9998751802570196,0.7450265816694341,0.012843385671263535,0.24200521429158128,0.18372353179943246,0.0001,1.0028398442582716
2301,1.0001265678637894,0.7443753703370781,0.012849372008751178,0.24290182604690594,0.1839395975788515,0.0001,1.0026752514360402
2302,1.0028132496450783,0.7452353292256292,0.012867045209083789,0.24471087687276682,0.1829157802021286,0.0001,1.0025116838741497
2303,1.0039892345364632,0.7449294771190589,0.012872910886458887,0.24618684710522937,0.1830884103056867,0.0001,1.0025655159964764
2304,1.003638355412783,0.7449432029927237,0.012851545825207693,0.24584360813635117,0.18331819597412558,0.0001,1.002660196451338
2305,1.0030590359869642,0.7451980019679659,0.012863958341354773,0.2449970765390696,0.18826285829771364,0.0001,1.0025394479836702
2306,1.0015619660729569,0.7441196858762003,0.012866215338329757,0.24457606507000526,0.1849384581401914,0.0001,1.0020704485340004
2307,1.0052910277857983,0.7451452291277795,0.01286617278085519,0.24727962528776687,0.18553717715503237,0.0001,1.002364755752846
2308,1.0029374485567182,0.7449393446498662,0.01287218934382193,0.24512591320288352,0.18705951018942782,0.0001,1.0026725683686215
2309,1.0014926944736535,0.7446641275171818,0.012854539114853432,0.24397402897507375,0.18608453745895176,0.0001,1.0024784760591223
2310,1.0029381549866156,0.7444433642449292,0.012863417909788554,0.24563137410136798,0.18483025521704924,0.0001,1.0027847735320823
2311,1.0042099862021316,0.7448163720463642,0.012867275406332576,0.246526340714091,0.1840617959869319,0.0001,1.0031931153659162
2312,0.9988740278789529,0.7445481603334206,0.012861567143252607,0.24146429845273615,0.1841785937366331,0.0001,1.0027991931893037
2313,1.0014136092657975,0.7442452687520767,0.012868986168449356,0.24429935380121273,0.18288230633034425,0.0001,1.0025416306622374
2314,1.0050202145054181,0.7449270919660526,0.012858062196696747,0.24723505886162028,0.18577460654487957,0.0001,1.002679816571501
2315,1.0035279002682915,0.7451675875191757,0.012858494783753555,0.2455018179653624,0.18269764826940957,0.0001,1.0027267029996334
2316,1.0051691481356204,0.7454055280520998,0.012853780576230062,0.24690984126036838,0.18390743573466373,0.0001,1.0030874212058998
2317,1.005991669020353,0.7451174762137763,0.012874091372770421,0.2480001042598885,0.18358592235655136,0.0001,1.0031574853293554
2318,1.006331220964389,0.744796451400308,0.012857596966122518,0.24867717410167622,0.18499359165074616,0.0001,1.0034968625701226
2319,1.0022937766678677,0.7443998079996322,0.01286261705549445,0.24503135254973088,0.18360368499407662,0.0001,1.0035769707895439
2320,1.0010350549680467,0.7443924827943226,0.012874837821202153,0.24376773526684264,0.18358895394187913,0.0001,1.003386660787687
2321,1.00369519623975,0.7449777821498275,0.012870374606057064,0.24584703884913037,0.1858625558883133,0.0001,1.0033351817914486
2322,1.001713207720743,0.745260500158306,0.012869570124705472,0.24358313843517226,0.18412785198819082,0.0001,1.0036190997756278
2323,1.0032673889193042,0.7445309813801222,0.012865049360248187,0.24587136026449183,0.185637781453181,0.0001,1.0038044777409785
2324,1.0043981058360596,0.7449712675918672,0.012864426715378829,0.2465624126169309,0.18506340147515582,0.0001,1.0037422668740426
2325,1.0016711864461763,0.7448711808748226,0.012865760021712669,0.24393424663775834,0.18457341922586878,0.0001,1.003556595491831
2326,1.0011065093305482,0.744594710351971,0.012844847859040236,0.2436669531597569,0.1842008614213665,0.0001,1.0031503316113235
2327,1.000273318005382,0.7452025415931222,0.012862881830691324,0.24220789411307347,0.18448682709712286,0.0001,1.0025784965098266
2328,1.0013526030051056,0.744735406209199,0.012887378009772929,0.2437298192395158,0.1844770431397653,0.0001,1.0020806347138984
2329,1.0031891057747615,0.7446947545115411,0.012853942826601844,0.2456404081645892,0.18509386851627976,0.0001,1.002170167624588
2330,0.999824414267743,0.7450794859300037,0.012852239802207715,0.24189268779500744,0.18597063549150075,0.0001,1.0020491035545571
2331,1.0015638690691206,0.7448864170552267,0.012853232890548861,0.24382421948605087,0.1820541952432532,0.0001,1.0018359708374944
2332,1.0006786011779043,0.7444830048398604,0.01286119428174249,0.24333440337110968,0.18667505687559835,0.0001,1.0017325101832104
2333,1.0003374461953587,0.7449552409547338,0.012865367815895931,0.24251683759096912,0.18469510600726455,0.0001,1.001439515910816
2334,1.0030880172644376,0.745378653732323,0.012853277866061755,0.24485608769116005,0.18298807991082963,0.0001,1.0013085070536536
2335,1.0037872482990395,0.7453327139057446,0.012848594125821188,0.2456059400105573,0.1858467676395335,0.0001,1.00152011323894
2336,1.000527407407277,0.7441892478819068,0.012847890718471689,0.24349026926028075,0.1855020764572867,0.0001,1.001462203046613
2337,1.005686741692541,0.7445475368422378,0.012848602347151503,0.2482906013092453,0.18372840738078886,0.0001,1.002003545415329
2338,0.9993383804634667,0.7442944573340503,0.01286884906567618,0.2421750754389995,0.18360003363530003,0.0001,1.001802123161165
2339,1.003705334711752,0.7449689428898191,0.012853061693435266,0.24588333157932057,0.18822572880536015,0.0001,1.001853746054864
2340,1.0025971470208004,0.744849747020381,0.01285499805852801,0.24489240384609656,0.1855056287671683,0.0001,1.0021310193301698
2341,1.0049241226294945,0.7447884458799149,0.012858289492299542,0.24727738580645703,0.182705145820401,0.0001,1.0024670446862074
2342,1.003551448334545,0.7443356524858223,0.012864899441871875,0.24635089838661964,0.18670733127947028,0.0001,1.0027543294018713
2343,1.0017761776703609,0.7443312592728868,0.012850533634363758,0.24459438490668126,0.18352567922875557,0.0001,1.0028982025493716
2344,1.0056205788442136,0.7450844589885302,0.012860815858744221,0.24767530644520303,0.18586675880163242,0.0001,1.0031514587073491
2345,1.0018139613327584,0.7450485761460619,0.012857498551962583,0.24390788637026087,0.18544443891691628,0.0001,1.0029541300107208
2346,1.0007543831036008,0.7444939812830447,0.012854541291087927,0.24340586188961477,0.18423826539129562,0.0001,1.0029768275803534
2347,1.0051483189116628,0.7447302051296583,0.012861534741539017,0.24755658003790626,0.1840962348675873,0.0001,1.0029229853022654
2348,1.0025075441925326,0.7450233076455385,0.012863212134726874,0.2446210249261005,0.18279777379596934,0.0001,1.003239901675172
2349,1.0027595153928528,0.7447972771603969,0.012862281431774581,0.24509995624151,0.18423281359140578,0.0001,1.003145319743282
2350,1.0045949736908533,0.7443888108822202,0.0128465076005483,0.24735965523075382,0.18442020255460218,0.0001,1.0033451024102873
2351,0.9984482669443436,0.7445400028393186,0.01285418245420011,0.24105408373638293,0.18489597849623426,0.0001,1.0026975168417724
2352,1.0025290398278537,0.7444497673313226,0.012867978330074411,0.24521129510344647,0.18590246597361612,0.0001,1.0025952759911034
2353,1.0033785190591948,0.7443872720426284,0.012845112150629442,0.24614613445789288,0.18502555569939874,0.0001,1.0027555101299868
2354,1.0022013512634602,0.7448046973946129,0.012861839414368295,0.24453481262583762,0.18351613619869186,0.0001,1.0024135873719113
2355,1.0003051405987924,0.7444587625548031,0.012855125489147875,0.24299125503333055,0.1858277188171963,0.0001,1.0022627052985147
2356,1.0048049430818151,0.7446213454068553,0.012856111081570205,0.24732748638181126,0.18648903328796912,0.0001,1.0026677612963362
2357,1.003973783029746,0.7439520900679892,0.012853629932442254,0.2471680604299232,0.18415221998101558,0.0001,1.0025503077081446
2358,1.003148856801387,0.7442836807417338,0.012850121842436567,0.24601505679393879,0.18367275517078732,0.0001,1.00261443896903
2359,1.000253099094298,0.7449742033322008,0.012867489160920738,0.24241140756839188,0.18821489823033796,0.0001,1.0023637973391746
2360,0.9992467200054842,0.7446456389543251,0.012859013936582491,0.24174206787021357,0.18358114772829517,0.0001,1.0018289719706375
2361,1.0015061697176455,0.7441335712194926,0.012850331486359572,0.24452226992855208,0.18562663414536335,0.0001,1.0021347622479675
2362,1.001318133264236,0.7438134835167782,0.01285540283814405,0.24464924396232948,0.18543998939391323,0.0001,1.002013671591606
2363,1.0004440791466658,0.74424028747222,0.01285561562551688,0.24334817718238425,0.1837693844557292,0.0001,1.001720227600353
2364,1.0036098573802692,0.7453140345596638,0.012849570529697875,0.24544625138414317,0.1854175780172522,0.0001,1.0018610782120339
2365,0.999073890474215,0.7441751409254016,0.01286184521766028,0.24203690588776527,0.18496344085881,0.0001,1.001737953199576
2366,1.00381531459081,0.7442538226835627,0.012853823617312294,0.24670766913624853,0.18560525496881342,0.0001,1.0016389903504757
2367,1.0025085989408513,0.7441323216981869,0.012862776162416408,0.24551350623369217,0.1858562671751328,0.0001,1.001492471941586
2368,1.0052286676654467,0.7454784771249937,0.012844454686008167,0.24690573532549895,0.1861444332657673,0.0001,1.0017004530279923
2369,1.0038098631234005,0.7450537658608226,0.012849965637160605,0.2459061330157893,0.18566516839708325,0.0001,1.0020561294309025
2370,1.0043700010974799,0.7448608014453013,0.01285603442975522,0.2466531679729419,0.18455210007712033,0.0001,1.002568457540102
2371,1.004330710029989,0.74458882726472,0.012852812877291356,0.24688906984263936,0.1856500502169495,0.0001,1.0028509115713362
2372,1.0006049669538502,0.7441757707034841,0.012855649236249633,0.24357354588066105,0.1828341228664526,0.0001,1.0027795949402978
2373,1.0043546760541673,0.7439008366021859,0.012844027902243345,0.24760981139861063,0.182751681300496,0.0001,1.0031706546310477
2374,1.0038870458187004,0.7447684442295748,0.012849877862369312,0.2462687230769084,0.18661854722920587,0.0001,1.0031983734748908
2375,1.0057183976831108,0.7446622976666774,0.012840129540851584,0.24821596860160208,0.18476911545041608,0.0001,1.0038628241957805
2376,1.0003753303272487,0.7446997361541036,0.012866027456751701,0.24280956580962904,0.18785370046057517,0.0001,1.0035188257694245
2377,1.0065565905996559,0.7450420161289811,0.012872882111802788,0.24864169204150446,0.18558266072800386,0.0001,1.0039236249353047
2378,1.0019544546792762,0.7443525584425936,0.012870859180937916,0.2447310368441665,0.18345123547569492,0.0001,1.003596203636688
2379,1.0032751944679277,0.7450284858746171,0.012846240407313102,0.24540046676539987,0.18469859514589484,0.0001,1.003542736771141
2380,1.0026852675915732,0.7449616279611723,0.012829996751239768,0.24489364429975863,0.18407922300073729,0.0001,1.0033742634205498
2381,1.0027537118590628,0.7442216072798259,0.012859818901541751,0.24567228458957788,0.18568077012443154,0.0001,1.0032165636034571
2382,1.0003038933746229,0.7445767011652128,0.012851470624215704,0.2428757238672181,0.18613456056640307,0.0001,1.0031864562455346
2383,1.0044502913347364,0.7447661612386878,0.012858782046706875,0.24682534883520424,0.18645430264076404,0.0001,1.0031960177735915
2384,0.9993470619464743,0.7441522254179748,0.012849299709405184,0.24234553757473132,0.18430136534069905,0.0001,1.002742019386369
2385,1.002077249919667,0.7441814246816035,0.012856539074354191,0.24503928651130225,0.18562642652654746,0.0001,1.0023779046100245
2386,1.0032755309379608,0.7444104963335497,0.012842163836496596,0.24602287255121777,0.1850323316170768,0.0001,1.0026679246710957
2387,0.9998750829309769,0.7445943697712726,0.012846698383772349,0.24243401297751596,0.18348348917511365,0.0001,1.001999773904228
2388,1.0016664134803215,0.7450608762234268,0.012839902970660289,0.2437656339084159,0.18666274809329553,0.0001,1.0019709697843324
2389,1.0010870056752017,0.744580282279976,0.012854777533432534,0.24365194657209197,0.18552120842991687,0.0001,1.00175215090506
2390,1.0040342175452752,0.7446856219434835,0.01284805804672396,0.24650053874897424,0.1830845355806196,0.0001,1.00188704590043
2391,1.0033623907435496,0.7441551902956701,0.012853166394494851,0.24635403446142862,0.1851150208506091,0.0001,1.0019479137888787
2392,1.0048833526897625,0.7448682296590438,0.012852043941103179,0.24716308106938434,0.1855119144578009,0.0001,1.0024058597203926
2393,1.0044200495338826,0.7437258606991952,0.012853048394224464,0.2478411397301643,0.1857958514296259,0.0001,1.0024028355403074
2394,1.0028785685980295,0.7439449445229273,0.012853757121258285,0.24607986991594094,0.18574471581296553,0.0001,1.0027559862054627
2395,1.0022022456958377,0.7439229440012036,0.012845877217956296,0.2454334237814917,0.18515748643971844,0.0001,1.0027684857830796
2396,1.001500564825704,0.7446884297695895,0.012844201517395267,0.24396793424901808,0.18517373589908376,0.0001,1.002590989171854
2397,1.0002841795917456,0.7446121747546941,0.012854466573703604,0.24281753802154418,0.18768452346687625,0.0001,1.0026318988379308
2398,0.9983418570570723,0.7445035287864793,0.012850785352153662,0.2409875398505532,0.18315255726568597,0.0001,1.0022994431956058
2399,1.0001286731288592,0.7440945338042222,0.012859279920798527,0.2431748582552703,0.18536248685259366,0.0001,1.0022036099409717
2400,1.0009460895346822,0.744179252436872,0.01285249514705511,0.24391434257037742,0.18408826555731814,0.0001,1.0018947971399126
2401,0.9977976998983,0.7441678843923805,0.0128425985997879,0.24078722012514517,0.18621443895128145,0.0001,1.0013383280553876
2402,1.0004280753599946,0.7444526241227047,0.012860445898880097,0.2431150051872822,0.1853083340077081,0.0001,1.000892800322411
2403,1.0031767151418611,0.744401382867995,0.012848089964829884,0.24592724279264408,0.1878164898732613,0.0001,1.0007684668832089
2404,1.0016202536122552,0.7446010784977106,0.012854362114447852,0.24416481260716552,0.18813842178358267,0.0001,1.0006426353846312
2405,1.0029363849825599,0.7443007061495984,0.012848801109902032,0.24578687729990265,0.1867717829727498,0.0001,1.0007160493133034
2406,1.0002008817984174,0.7441518914868818,0.012844294128263213,0.24320469405237607,0.1851428512929661,0.0001,1.0005860810105747
2407,1.005401177652951,0.7444436998686491,0.01285268447945616,0.24810479338040942,0.18628717194222533,0.0001,1.0010977808166952
2408,1.0012383289317814,0.7441504971250801,0.012850072272650852,0.24423776010833453,0.18398642340489865,0.0001,1.0013874280041661
2409,1.0043457128696944,0.7447426986500892,0.012853442776275696,0.24674956876081822,0.18553375182238843,0.0001,1.0018091319782498
2410,1.0040158964315729,0.7448104496659904,0.012848250038967172,0.24635719515489032,0.1841166096514669,0.0001,1.0021161126679388
2411,0.9994266802108795,0.7440776013699313,0.012857833208467125,0.24249124608586334,0.1837241135492286,0.0001,1.0022790106991968
2412,1.0005609013487795,0.7445096024151506,0.012860438402961282,0.2431908595483395,0.18516045415860885,0.0001,1.0022922932980751
2413,1.0007678387614825,0.7446073084525597,0.012858519447744497,0.24330201105764382,0.1837778230467868,0.0001,1.0020514056600374
2414,1.0043849410681889,0.7445893843807507,0.012849564242798223,0.24694599372922285,0.18499300394653065,0.0001,1.0023278744056308
2415,0.9980870328133294,0.7444999251839597,0.012854925517378182,0.24073218137146735,0.18694725031180506,0.0001,1.0018429391887076
2416,1.0025814200995176,0.744871197680189,0.012841030743736282,0.24486919327754278,0.18526060459096338,0.0001,1.0020809930188175
2417,0.9994300044090705,0.7443880331201921,0.012847977284243818,0.24219399516831547,0.18417999973524415,0.0001,1.0014838756944298
2418,1.0006946667454548,0.7437860588514781,0.012840350307750895,0.2440682603065189,0.1847819803210833,0.0001,1.001429509475797
2419,1.0006231689791651,0.745099760697773,0.012851510038240444,0.2426718981978134,0.1864901141208761,0.0001,1.001057255086744
2420,1.0002585099386636,0.7445220021156945,0.012853044041755475,0.24288346408346845,0.18524394820597304,0.0001,1.0006815164374532
2421,1.0006260903321704,0.7438910199710854,0.012852074891993772,0.24388299475879263,0.18481108114032668,0.0001,1.0008014574495823
2422,1.0005812285879805,0.7441548154997294,0.01284518735162143,0.24358122538903665,0.18518297570714118,0.0001,1.0008034901735023
2423,0.9983866070878917,0.7444098393525361,0.012849949194499978,0.24112682052062442,0.18334328886461548,0.0001,1.0005653670061432
2424,1.001933958661,0.7440101289120455,0.012847652541696421,0.2450761772374836,0.18454652181382594,0.0001,1.0003202687654242
2425,1.000674201798971,0.7439407202099689,0.01285059166728362,0.24388289110051206,0.18456297589968473,0.0001,1.0005789856639886
2426,1.0043595607333928,0.744357936401638,0.012847144753647625,0.2471544821472729,0.18443299733238336,0.0001,1.000756799727376
2427,1.0031964506870834,0.7436281140387421,0.012841245707343607,0.2467270877068715,0.18490120278894298,0.0001,1.0011334443551774
2428,1.0008080704458828,0.7447036100933083,0.012843614901296992,0.24326084572330692,0.18457162380218506,0.0001,1.0011447847252202
2429,1.0022340302051445,0.7446999804968766,0.012864395764488236,0.24466965524347511,0.18514839573394937,0.0001,1.0013058708478182
2430,0.997098353281466,0.7437015579631797,0.012837012931251139,0.24055978495620084,0.18357511520627545,0.0001,1.0009898551820982
2431,1.0007517054888588,0.7438885013423633,0.01285107164789165,0.24401213166740313,0.18541048325099518,0.0001,1.0010024166977671
2432,1.0012279343895205,0.744204185918185,0.012838512598621918,0.24418523813962453,0.18540648438988544,0.0001,1.0010670872779213
2433,1.0012549939310333,0.7443384187216691,0.012841932430228645,0.2440746428169174,0.18672065430794962,0.0001,1.0013539259622353
2434,1.0009581806935355,0.74408899069316,0.012848684560454642,0.24402050522834243,0.1852700193743193,0.0001,1.0012563481654886
2435,0.9991655014833137,0.7443094644053229,0.012849515640227838,0.24200652131686104,0.18637957059708377,0.0001,1.001105478133923
2436,0.99853399099733,0.7441146613134574,0.012848803044332694,0.24157052923893108,0.1840909981522067,0.0001,1.0005229211603168
2437,0.9997991180806808,0.7441263802153102,0.012855869761345111,0.24281686807380004,0.18618936546554912,0.0001,1.0001831878996765
2438,0.9982112287024214,0.7444266531820471,0.012850142395762352,0.24093443413716542,0.1852910935757852,0.0001,0.9999235037253305
2439,1.0053058346434973,0.7443425765385734,0.01284122321958716,0.2481220356711993,0.18422147138969894,0.0001,1.0002306841691657
2440,0.9997939307839585,0.7451555980388339,0.012850450937452955,0.24178788263887227,0.1845301545355431,0.0001,1.0005002419194151
2441,1.0012145721888204,0.7445303140015438,0.012845656692860818,0.24383860175133235,0.18575475052089768,0.0001,1.000546528589411
2442,0.9988143094654741,0.7446584793423542,0.012844004205467734,0.24131182688486746,0.1841659295026961,0.0001,1.0003051660970066
2443,1.0009354817214409,0.7436696084227572,0.012862942523453347,0.24440292890125065,0.18392733250259144,0.0001,1.0002732148760474
2444,1.0030622570558203,0.7444147802511528,0.01284485874021271,0.2458026169612248,0.18577303397365322,0.0001,1.000483622512276
2445,1.0041512747807144,0.7443394407055682,0.012847231803027418,0.24696460203787135,0.18584608904730235,0.0001,1.0009821998420159
2446,1.0029123123228914,0.7438516286759057,0.012844082066301884,0.24621660226075692,0.18457635563116287,0.0001,1.0014200319745719
2447,0.9998254873931529,0.7448978783150957,0.01285892519457587,0.2420686847297947,0.1870317383240493,0.0001,1.0014226689058192
2448,0.9962998157098859,0.744022971839015,0.012854439975282,0.23942240424318198,0.18553256178482552,0.0001,1.0012315276065658
2449,0.9993396905566326,0.7438625412828782,0.012842823960960032,0.24263432606843133,0.18541341143495896,0.0001,1.0006349131978793
2450,1.0029232161040238,0.7437794135985462,0.012832077715024504,0.24631172488112962,0.1853578250560509,0.0001,1.0009478417298858
2451,1.000905595855829,0.7440740117920339,0.012852121560133494,0.24397946179336275,0.18596069943953236,0.0001,1.0009169440965866
2452,1.0060334112532965,0.7443106756007212,0.012867072774720724,0.2488556649936382,0.18862244776973378,0.0001,1.0016388542753687
2453,1.005934861562315,0.7444479222471767,0.012839522371427525,0.24864741564401507,0.1848547202336619,0.0001,1.0021387922594562
2454,0.9976268217239612,0.7438972003561488,0.012851311517293748,0.2408783109839741,0.186000589576019,0.0001,1.0015952487262703
2455,1.0021945534323098,0.7444558577653603,0.012845965476355253,0.24489273214013774,0.18618797382404065,0.0001,1.0013995765914296
2456,0.9983419830368692,0.7440991575771123,0.012850152793327161,0.24139267156319977,0.1861611140427193,0.0001,1.0009425436628274
2457,1.0030217388338782,0.743692538317512,0.012852613389129328,0.24647658998354455,0.1843801061594462,0.0001,1.0012621688069
2458,1.000187804442632,0.7441605857854925,0.012852483298667304,0.24317473540381052,0.18654020514497893,0.0001,1.0016509676801748
2459,1.0028000065327658,0.7446162867497721,0.01285054862620139,0.24533317115679232,0.18565034869355557,0.0001,1.0019969992777882
2460,1.001926045509671,0.7439506128883748,0.012832932007965646,0.24514250216994277,0.18623417274342588,0.0001,1.0018972822183527
2461,1.003849214158242,0.7446305658706062,0.012834944541265709,0.24638370320231145,0.18447142519041684,0.0001,1.0021916440485943
2462,1.0001433868920828,0.744180951229699,0.01285130909925542,0.24311112771169652,0.18579836643129044,0.0001,1.0016026416124726
2463,1.0009597249737134,0.7440185006443434,0.012837195251341041,0.24410403027193542,0.18385638994812722,0.0001,1.0011051279536125
2464,1.0001003857074837,0.7447291734736058,0.012845146728577526,0.24252606617026107,0.18428479558193175,0.0001,1.0013524843519648
2465,1.005820014655711,0.7449660113810526,0.012844172259131504,0.24800983062259566,0.1872813708279244,0.0001,1.001715030474305
2466,1.00015010250993,0.7439010579735947,0.012829669107046379,0.2434193771370284,0.18438627569356264,0.0001,1.0018958424216113
2467,1.002226930240105,0.7445132652596093,0.012837948953887754,0.2448757172054016,0.18555785083867474,0.0001,1.0018163615622337
2468,0.9978806636396335,0.744439895931654,0.012843491581342284,0.2405972750989709,0.18649847551606005,0.0001,1.001585647481934
2469,1.0012216524468474,0.7438732540389829,0.012854772455552044,0.24449362655682205,0.1849849011605458,0.0001,1.001427812073342
2470,1.0007817207195213,0.7435591850754697,0.012842160451242939,0.2443803769609991,0.18364095364453584,0.0001,1.0013133795943272
2471,1.002237799926897,0.7443694200283615,0.012848146788730582,0.24502023347251073,0.1845132940681179,0.0001,1.0011522381711924
2472,1.0009214404146762,0.7440989061011262,0.012863611594658594,0.24395892247708767,0.18805637336043268,0.0001,1.0012300435234518
2473,1.0027223520781883,0.7445861157974414,0.012835614096078621,0.2453006218068498,0.185114238796563,0.0001,1.0014063062338991
2474,0.9982157395529215,0.7439443458166374,0.012832391576399427,0.24143900247725222,0.18525584465229003,0.0001,1.0012178416184434
2475,1.0019593304117602,0.7437970880078979,0.012844346357891091,0.2453178963180004,0.1855071065815177,0.0001,1.000831773194048
2476,1.001681856040297,0.7440293621098052,0.0128513598780603,0.2448011321180007,0.18725832078689011,0.0001,1.0009849485470848
2477,0.9991121479512228,0.7438089159632794,0.012832666507357274,0.24247056422622887,0.18512303347398978,0.0001,1.0006734703181965
2478,1.0002741990176467,0.743717842242297,0.012835292013373384,0.2437210649886673,0.18480906552402776,0.0001,1.0009128238559977
2479,1.0031638143028738,0.7443327803398968,0.012851449829086087,0.2459795820332202,0.1858434878727969,0.0001,1.0011070400416002
2480,1.0004681252079126,0.7446454725932882,0.012850292314138664,0.24297236113168647,0.18793383422052642,0.0001,1.0010756804904397
2481,1.0008109415036912,0.744430977843596,0.012834680975088,0.2435452819293701,0.18695523697149924,0.0001,1.0009329946481191
2482,1.0015740913261506,0.7441137287969763,0.01283355803808866,0.24462680512582072,0.18741669734036948,0.0001,1.0009982597392661
2483,0.999445479975269,0.7440215887210916,0.01284509788420331,0.24257879445809138,0.18367365830810267,0.0001,1.0006705725289744
2484,1.0014494106203742,0.7440962206277596,0.012846141509545501,0.24450704704735873,0.18666676348774236,0.0001,1.0009939396357197
2485,0.9997088888595844,0.744134588609119,0.012844578731374373,0.24272972100525791,0.18651008010515094,0.0001,1.0007688954805025
2486,1.0034594318204186,0.7439373096878098,0.012841622437715047,0.24668050090391302,0.18450354075939612,0.0001,1.0009466530585143
2487,0.9995277746453972,0.7441298095981683,0.012842853702831461,0.24255510876011896,0.18602063985915504,0.0001,1.000988215727932
2488,1.0014322756753733,0.7442728861350317,0.012841956852415754,0.2443174343805526,0.1853817974275798,0.0001,1.0011040233937045
2489,1.00054453050389,0.7443503603248519,0.012834420794163949,0.24335974921863412,0.18565108435149125,0.0001,1.0008420950138062
2490,1.0059046362041217,0.7448174547230254,0.012828809010813251,0.24825837552305652,0.18564906480588003,0.0001,1.001385746113427
2491,1.000831479837638,0.7442851055708183,0.012841233133544303,0.24370514018117292,0.1851943393387127,0.0001,1.0013877999468215
2492,1.004930518582675,0.7443924852123609,0.012846340030492199,0.24769169282598863,0.1861461734675007,0.0001,1.0017234426724744
2493,1.0032369384417428,0.744275326177508,0.012852246330911199,0.24610936578219608,0.18645515321597125,0.0001,1.0021025885191217
2494,1.0034416789457232,0.7440319992224053,0.012843629409526956,0.24656605119032984,0.18565109066861638,0.0001,1.0023018153516565
2495,1.0004297417511079,0.7438273578579963,0.01283636392976401,0.2437660188752304,0.18474844557518408,0.0001,1.0023739006408088
2496,1.0082281472475,0.74444540458567,0.012845588504179979,0.25093715498885083,0.18559184758102193,0.0001,1.0028507721835171
2497,1.0039654473262192,0.7444227956855031,0.012838694435104154,0.246703959517861,0.18599259771754242,0.0001,1.003294539451599
2498,0.9993560889671589,0.7445767506140967,0.012844928621520377,0.2419344098222183,0.1858934821149157,0.0001,1.0030869207807778
2499,1.0012487013489915,0.7445979449618418,0.012870080330792595,0.24378067776409656,0.18536302888611025,0.0001,1.003157337865288
2500,1.002391048909201,0.7439019562748335,0.012844167906662514,0.2456449244254501,0.18394967535809137,0.0001,1.002805979135796
2501,0.9979195036220744,0.7441559707175404,0.012833731169632918,0.24092980200693043,0.18569196763676998,0.0001,1.0025147815142395
2502,1.0005903086846064,0.7435646444015038,0.012846773101156672,0.24417889204337195,0.18500588456467248,0.0001,1.0020807605244326
2503,0.9997636670998579,0.7435227436661479,0.012837890679164058,0.2434030311072574,0.18709436207102956,0.0001,1.001733433390244
2504,1.0001660505608179,0.743830758949806,0.012844448157304683,0.24349084514633396,0.18563589311637452,0.0001,1.0014058705517537
2505,1.0028989132471064,0.744771788134778,0.012835574682053881,0.2452915512917008,0.1871638993522942,0.0001,1.0016527877013535
2506,1.00265544411135,0.7437271929174117,0.012835406628390113,0.24609284455043548,0.184758720636126,0.0001,1.0010955173877383
2507,1.0022947721742472,0.7444549973064214,0.012847989616239288,0.24499178588632153,0.18593831856037976,0.0001,1.000928449872541
2508,0.9980110975840029,0.7441150704455424,0.012829967009368339,0.24106606230532662,0.1874991529007229,0.0001,1.0007939507342256
2509,1.0023694598166986,0.7440290501828609,0.012839843728721262,0.24550056788488528,0.1837959694572201,0.0001,1.0009060265809961
2510,0.9948980292006874,0.7441763069034831,0.012850061391478379,0.23787166119286787,0.18641196194333431,0.0001,1.0001567246101448
2511,1.0030137617254353,0.744114504140966,0.012828868010948444,0.24607039188577,0.18692554228204258,0.0001,1.000666150420481
2512,0.9992701798133385,0.7437256913156103,0.012834882639484521,0.24270960700681196,0.18587520688349043,0.0001,1.0005341375333543
2513,0.9999655679805284,0.7438696796947271,0.012835814551455979,0.24326007384013454,0.18691664181543896,0.0001,1.0005543276214213
2514,1.0015670518120694,0.744053879688526,0.012842386054218903,0.24467078629601557,0.1877031624619424,0.0001,1.0006944277465464
2515,1.0012407432221495,0.7441410600050952,0.012840306541257165,0.24425937326031816,0.18671553411179093,0.0001,1.0005286107440508
2516,1.0009273681147346,0.7441387563399804,0.012838252659501701,0.2439503573319491,0.1884018964385406,0.0001,1.000355803144389
2517,0.9965767095103467,0.7437845756267679,0.012838455532917386,0.23995367670337278,0.19015107021249575,0.0001,0.999783996877999
2518,1.0034284653334782,0.7436130000901754,0.012823061575512374,0.24699240410605985,0.18545908833009475,0.0001,1.0003257336529465
2519,0.9961658349868976,0.743896594274842,0.012830311338026189,0.23943892775696624,0.18497088415506646,0.0001,0.9997053711699664
2520,1.0033339772214753,0.74386745159331,0.012828322259697905,0.2466382038823006,0.18750587314306844,0.0001,1.0005489659720452
2521,0.9957311264641628,0.7441027421980311,0.01284979178020485,0.23877859250103967,0.18687949657561087,0.0001,0.999820702445918
2522,0.9985290465925577,0.7439741300037376,0.012845900914731905,0.24170901788054808,0.18626000999678946,0.0001,0.9997465891238398
2523,0.9985713692756019,0.7437461752436949,0.012843417105761793,0.2419817783316299,0.1882726023574388,0.0001,0.9996071692533472
2524,1.00077610385829,0.744246195344364,0.01282437795557792,0.24370553166157818,0.18425254230566973,0.0001,0.9995280744579695
2525,1.0000406554456174,0.7437156585118834,0.012831831075115088,0.2434931683975591,0.1846678970309832,0.0001,0.9994080656803161
2526,0.9974694689679098,0.7441283830764569,0.0128420494632837,0.24049903626192898,0.18587967442087905,0.0001,0.999062275765634
2527,1.002803153730551,0.7438273778068125,0.012835752166067128,0.24614002561653844,0.18592546783523675,0.0001,0.9996849201876543
2528,1.0005252390314068,0.7434511407151909,0.012838941558621234,0.24423515662157996,0.1847202711366495,0.0001,0.999394597557447
2529,1.0014684693566684,0.744450089051322,0.012839412108879785,0.2441789688765398,0.18498432074067075,0.0001,0.999924860994424
2530,1.0012488663801073,0.7444378125498309,0.012830078964542907,0.243980976633924,0.18732038478822302,0.0001,0.9997163499102873
2531,1.0005848327950098,0.7439925729865718,0.01284146139636243,0.2437507996059818,0.18575543827144902,0.0001,1.000201720543372
2532,1.0025331244990985,0.7436242879766963,0.012842251369484057,0.24606658935425973,0.1873615552760041,0.0001,1.000602128334026
2533,1.0014774274632607,0.7434892049909363,0.012854257896995932,0.24513396460555387,0.18493139447595236,0.0001,1.0008927341527918
2534,1.0019253585449823,0.7435868463458203,0.012849298742189852,0.24548921307915364,0.187051258452282,0.0001,1.0010076596214612
2535,1.0004564005027679,0.744567224873007,0.012834767057252462,0.24305440840626827,0.18613511172801436,0.0001,1.0010492341271764
2536,0.9981415815817657,0.7439947164566474,0.012824961911834036,0.24132190558598443,0.18504221241686938,0.0001,1.001116445388562
2537,0.9970142837712054,0.7439782845562902,0.012845945406637133,0.24019005320376846,0.18551271150368465,0.0001,1.0005375583926275
2538,0.9983347592682674,0.7435765345004702,0.012834823397545495,0.24192340121912423,0.18530852648355897,0.0001,1.0003185104163133
2539,0.997569816349486,0.7435968176104718,0.012860802801337251,0.2411121954994076,0.1877800263691142,0.0001,0.9999286451155951
2540,1.001713316169762,0.743854819277479,0.012829826763145338,0.2450286691619223,0.18430978056746128,0.0001,0.9999750900945606
2541,1.0022330697603206,0.7438794508667069,0.012819428714728983,0.24553419178083508,0.18743330551572068,0.0001,1.0001399137910918
2542,1.001321334384276,0.7438850984370249,0.012830744892298329,0.244605491795477,0.1845956451087646,0.0001,1.0000187347796092
2543,0.9973009451165886,0.7433039807161018,0.012820646197026931,0.24117631926135166,0.1864752508926585,0.0001,0.9996010865449423
2544,1.0019298501720777,0.7439521119512361,0.0128304479571917,0.2451472894173365,0.18811427957508675,0.0001,0.9996015357076518
2545,0.9997504540921225,0.7439236189966028,0.012829226606032428,0.24299760912422233,0.18690411220578587,0.0001,0.9995309410665871
2546,1.0004182810957485,0.7439384755449895,0.012826931404051868,0.24365287464542756,0.1851940303738654,0.0001,0.9997586110179855
2547,1.0023556702277239,0.7436899587542242,0.012849454705661983,0.24581625746302382,0.18634366306039915,0.0001,1.0002927496636373
2548,1.0026437337935334,0.7439821659914136,0.012836500065321855,0.2458250665731169,0.18645822028601144,0.0001,1.0007236471161638
2549,1.001444817314767,0.7438757015773781,0.01282629473456021,0.24474282110861784,0.18538252468283228,0.0001,1.0011111472126921
2550,0.9968115192881463,0.744094830618427,0.012828744449189904,0.23988794494594087,0.1842764831822494,0.0001,1.0006209675245303
2551,0.9971142111395243,0.7438296322648472,0.01283059690835268,0.24045398222324088,0.18438951544176493,0.0001,1.0001090816624507
2552,1.000058621953999,0.744106348339491,0.012842783821523793,0.24310948746562247,0.1874172189414622,0.0001,0.9999828104194229
2553,0.9953492603002165,0.7437956057504032,0.01283520399677826,0.2387184510668683,0.18634908282128115,0.0001,0.9997876419377858
2554,1.0014829814554953,0.7441837162565266,0.01284247697246002,0.24445678760688638,0.18716948728774188,0.0001,0.9997429550661276
2555,0.9993674856654046,0.7431584521674723,0.012850867081849135,0.24335816579646077,0.18676347982206404,0.0001,0.9997046582234559
2556,1.0037273412785714,0.7439038402893964,0.01283277556088585,0.24699072660708282,0.18630162425505462,0.0001,1.000035564241738
2557,1.0059125121176606,0.7439604731650672,0.012838398225409022,0.24911364027380217,0.18741361772675544,0.0001,1.000391248430732
2558,0.998714206184867,0.7441529404319083,0.012844775801498072,0.24171649120581803,0.18751719787444837,0.0001,0.999998295669865
2559,0.9995147842180898,0.7433202462554219,0.012829334934149504,0.2433652011092004,0.18446715614374945,0.0001,0.9998052923601973
2560,1.0028530991585212,0.743693630182719,0.012830047771848482,0.24632942274545316,0.18601062062666818,0.0001,1.000409450347235
2561,1.0018018799669601,0.7435913561082031,0.012841082731560326,0.24536944152768436,0.18544644162693566,0.0001,1.0008782172299786
2562,1.0018032588533166,0.7444161205697979,0.012822635758962883,0.24456450323485457,0.1869972821846453,0.0001,1.0010526809199103
2563,1.0014677522874023,0.7439262810149976,0.01284194427861645,0.24469952670664624,0.18729544405279488,0.0001,1.0016645301186289
2564,0.9991593946066154,0.74386966095493,0.012834688229202982,0.24245504466684548,0.1871562906924416,0.0001,1.0014321714337409
2565,1.00218386812094,0.7435530040858968,0.012835163131930524,0.24579570073687282,0.18709828355491281,0.0001,1.0017138096792944
2566,0.9974026647349158,0.7437705483446256,0.01282986907881607,0.2408022478857582,0.18570541990939793,0.0001,1.001081342024929
2567,0.9970153535113615,0.7442088013488429,0.01282490798957933,0.23998164455075777,0.18642459879298723,0.0001,1.000191626164299
2568,1.0009714188488694,0.7436079223305894,0.01283374978852804,0.2445297460043406,0.1861419529025018,0.0001,1.0004173474306992
2569,0.9988320251023793,0.7438574820212853,0.012831301766525176,0.24214324134479429,0.18657534782591503,0.0001,1.000349071519128
2570,0.9993979212720302,0.7434788208462404,0.01282661971891144,0.24309248041973636,0.18774269986708797,0.0001,1.000003553730479
2571,0.996893309918185,0.7437614294384846,0.012829589311781568,0.24030229163641378,0.1833387806739575,0.0001,0.9995126967256015
2572,0.9996639283385287,0.7436946769515109,0.0128447501702918,0.24312450021928514,0.18768596126269133,0.0001,0.9992987636741226
2573,1.000688962713942,0.744076348221568,0.012842582157127271,0.2437700315191586,0.1864668951798646,0.0001,0.9992208847167768
2574,1.0009499569451834,0.7443063648428927,0.012833184451167047,0.24381040846721153,0.18636788261589607,0.0001,0.9993999409506336
2575,0.9998583554254342,0.7438930372195601,0.012828517878998608,0.2431367999641697,0.18684175154137564,0.0001,0.9991673896810829
2576,1.0010967367077455,0.7435951566599446,0.012834131838583802,0.2446674461992227,0.18832038778199628,0.0001,0.9995367968783659
2577,0.9985693514226175,0.7442883572278594,0.012838544033120177,0.24144245248899981,0.18732438585579275,0.0001,0.9996921966694915
2578,0.9985536666961036,0.743790922735574,0.012824344344845166,0.24193839762080271,0.1879336968759494,0.0001,0.999450421454215
2579,1.0029836201522704,0.744259329282246,0.012833140201065652,0.2458911516512867,0.18640139417885282,0.0001,0.9998655809592041
2580,1.00571023269309,0.7438078812846789,0.01283545716539116,0.2490668946510638,0.18441926583677953,0.0001,1.00049681210131
2581,0.9996998185560138,0.7434996077545274,0.012849036143227474,0.24335117530810663,0.1868235301113032,0.0001,1.0007774629650927
2582,0.9949628246483406,0.743603612660878,0.012848147755945914,0.2385110641408402,0.18548151690505338,0.0001,1.000307352596074
2583,0.9987857658529379,0.7437357059840498,0.012819341181741524,0.2422307186266955,0.18544862281840907,0.0001,1.0001170329099736
2584,1.003099575004036,0.7438683901548869,0.012810351157043333,0.24642083089624892,0.1857163064620074,0.0001,1.0003319947158589
2585,0.9993654206606728,0.7434013288838385,0.012836210142526375,0.24312788163430793,0.1860387977854959,0.0001,1.000282701239383
2586,0.9979078826507739,0.7440321994359789,0.012837611637541053,0.24103807039846029,0.18708809781026164,0.0001,0.9999638158336855
2587,1.0005972902866695,0.7428134691884504,0.01283722499321247,0.24494659524358067,0.1863713913708623,0.0001,1.000166609720091
2588,0.998855765039974,0.7435399082321182,0.012861129720119144,0.24245472817585387,0.18718447181080708,0.0001,1.000196819554478
2589,1.001764766947493,0.7436677141315313,0.012842394275549217,0.24525465775454988,0.1887902728684292,0.0001,1.0000749342340003
2590,0.9991183711355647,0.7439365741205506,0.012845329048667429,0.2423364699007773,0.18473418510347062,0.0001,0.9994157480782476
2591,1.000553311126469,0.7438872090217792,0.01283722934568146,0.24382887281945947,0.18516912367232674,0.0001,0.9995010973352931
2592,1.001980509404962,0.7439943114352274,0.012838130064958491,0.24514806734560468,0.1874997544784333,0.0001,1.0002028658109554
2593,0.9992353975410152,0.7435888970841259,0.012833087246026277,0.24281341198673112,0.18547035717456384,0.0001,1.0002478289797632
2594,1.0009193837521768,0.7443173878333148,0.012831995018113699,0.24376999978240557,0.18740506192128992,0.0001,1.0000298098545772
2595,1.002313137417149,0.7439769860697083,0.012831842923502894,0.2455043107361871,0.189014084350023,0.0001,1.0003245815302246
2596,1.0017872307653601,0.7441037864278828,0.012823863880629472,0.24485958130316124,0.1870773028710793,0.0001,1.0007125163416835
2597,1.0039425306097731,0.7439735600721038,0.012842293201547124,0.24712667797085722,0.18530312845479643,0.0001,1.001047040373994
2598,0.9990606245114402,0.7436792689694836,0.012834322863611681,0.24254703414428064,0.18680867029856474,0.0001,1.0010675263211404
2599,0.9984636506250857,0.7434986684675391,0.012834020850624564,0.2421309630297744,0.18588231047558737,0.0001,1.0007374146888997
2600,0.9977850882566967,0.743777325864254,0.012835817453101972,0.24117194439528197,0.18803783867349488,0.0001,1.0006040864010128
2601,1.002799114155721,0.7439451905583271,0.012834044547400175,0.2460198794429249,0.18818484143964176,0.0001,1.000828666703938
2602,0.9974227955085027,0.7440238888800507,0.01282538192509154,0.24057352175637625,0.18638259063627852,0.0001,1.000372895314292
2603,1.0005008122500252,0.743054362871584,0.01283148964810323,0.24461495815861298,0.18502266439051948,0.0001,1.000499436785193
2604,1.0016692952984003,0.743869665307399,0.012837076283855322,0.2449625559362751,0.18528581106880374,0.0001,1.0005744279398157
2605,1.000271989172419,0.7437395409928375,0.01282644537834802,0.24370600184913097,0.18583356678244067,0.0001,1.0003703131153423
2606,0.9951139499884831,0.7431627328207236,0.012837149792220481,0.23911406814628874,0.18824878963689048,0.0001,0.9997029850376545
2607,0.9995964115096396,0.7435732503208137,0.012835460792448652,0.24318769961051476,0.18549392797037748,0.0001,0.9992683731276413
2608,0.9998455875785549,0.7437530983292306,0.012825419888293284,0.24326707374372541,0.1866263621175023,0.0001,0.9993468694343528
2609,0.9990511229507338,0.7432986381813188,0.012839490211517767,0.24291299619007303,0.18751927243043154,0.0001,0.9994056166669176
2610,1.0038372189955103,0.7440039633979179,0.012849625660971744,0.24698362967970405,0.18700646399000836,0.0001,1.000010829740799
2611,1.0009081542612814,0.743733529628653,0.012822429983901203,0.2443521965529324,0.1862272640149927,0.0001,0.999821733751355
2612,1.000749975986945,0.7435101333544656,0.012841006805156839,0.2443988377919787,0.18529782720801796,0.0001,1.0001544517991994
2613,0.996311250734039,0.744112542144667,0.012824177983808227,0.23937453347698429,0.18593762440202685,0.0001,0.9997354956476006
2614,1.0001143035733917,0.7431932173926254,0.012837740035376249,0.24408334517817468,0.18792554037928824,0.0001,0.9995799964750998
2615,1.001946310605287,0.7439463856737706,0.012821129804692452,0.24517879539885337,0.18746477477328047,0.0001,0.9997474286183866
2616,1.003119873105875,0.7439899158042537,0.012817435042127876,0.2463125211864891,0.18897184245968446,0.0001,1.0005480209301258
2617,1.0002326868610498,0.7440906721970131,0.012825474535959487,0.24331654160912575,0.18556817640639223,0.0001,1.000611648465267
2618,1.001331383026154,0.7435298332336224,0.012833913006115152,0.2449676369073183,0.18638513024148304,0.0001,1.0007602280100267
2619,0.9992520026938185,0.7440110611867228,0.012836825291476917,0.24240411523329075,0.184756683438835,0.0001,1.000780315984335
2620,0.9978141743561317,0.7435205864132539,0.01281803544104462,0.24147555206356378,0.18617923947667012,0.0001,1.0001780115203973
2621,0.999996036956083,0.7440946825135794,0.012821651133755883,0.2430797036865662,0.1872306398095272,0.0001,1.0000867997898772
2622,0.9990947016837872,0.7436941617884452,0.01282968313166868,0.24257085951419197,0.18731431569337362,0.0001,0.9999212723595619
2623,1.000624501922793,0.7435695634168737,0.012836025646201978,0.24421891524753028,0.18558361065436085,0.0001,1.0003525974784373
2624,0.9971446825331172,0.7438202829196535,0.0128286049283784,0.24049579466997248,0.18747727452016022,0.0001,1.0000556353744097
2625,1.00198055280875,0.7433550797901579,0.0128321352643367,0.24579333980958795,0.18607468504088404,0.0001,1.0000590595947558
2626,0.997592657985842,0.744070216318173,0.012821141653080258,0.24070129842775104,0.1867958263137036,0.0001,0.9995063380827526
2627,1.0015465308879983,0.743089261330649,0.012800797245807145,0.24565647421574738,0.18700192708514524,0.0001,0.9996377224854476
2628,0.9947221367402687,0.7432319501350666,0.012827790533069665,0.23866239787054835,0.1843512925427052,0.0001,0.9989767978568589
2629,1.0008992347224006,0.743857982797023,0.012827423716655368,0.24421382946307954,0.186728244469809,0.0001,0.9991415210597172
2630,0.9992961962131167,0.7428505706013337,0.012830577564046059,0.24361504819886437,0.1859822418638949,0.0001,0.9992897232454157
2631,1.0000070578911726,0.7436122143486209,0.012809886651880601,0.24358495586300477,0.18689971986938925,0.0001,0.9992908253389245
2632,1.0003292137420685,0.7436659269594034,0.012813391840240293,0.243849897602267,0.18742529661007393,0.0001,0.9994142765447528
2633,0.9988969148535274,0.7437759439553498,0.012848798933667537,0.24227217367224954,0.18647528003002034,0.0001,0.9992415178378262
2634,0.9980628404607638,0.7441428283165241,0.012824032901508572,0.24109597975656422,0.1880565358526083,0.0001,0.9993333336305907
2635,1.0003669607711854,0.7436115320991067,0.012805820720432739,0.24394961003720397,0.18657687279201182,0.0001,0.9991719744268343
2636,1.0007463490503554,0.7437682652328368,0.012836844152175873,0.24414124010361232,0.18599365430961515,0.0001,0.9994873435332858
2637,1.0008763582662927,0.7432289950504264,0.012833671927693892,0.24481369095569208,0.18591745424464073,0.0001,0.9994203262711153
2638,0.9994137989580026,0.7440505160763105,0.012833601079170892,0.24252968180252138,0.1880279627702299,0.0001,0.9998894924928885
2639,1.0021724740825366,0.7438341779350993,0.012840965214897604,0.24549733014667735,0.19120699644814157,0.0001,1.0000168164289023
2640,1.0007383163270311,0.7437105582645408,0.012820434135065601,0.24420732450170884,0.18720393432927665,0.0001,1.0001610284402935
2641,1.000595312089514,0.7432940634946069,0.012838464963266865,0.24446278420592418,0.1846798987224184,0.0001,1.0002198538601275
2642,1.0012281886462508,0.7429696788168824,0.012830676461813658,0.2454278363447644,0.18487106620298197,0.0001,1.000309751350546
2643,0.9992722342996037,0.7435192413794341,0.012837476952806206,0.24291551817382326,0.18645427818835145,0.0001,1.0003472832951537
2644,1.001354370712025,0.7433583759391041,0.012840203291020577,0.24515579146678743,0.18542366343386033,0.0001,1.0006764363202798
2645,1.00119542664495,0.7440084586520708,0.012832028870650285,0.24435493927335641,0.18705409311861343,0.0001,1.0007592829076564
2646,1.0026700624829616,0.7439215921968766,0.012831857189929026,0.24591661497769202,0.18835702523377557,0.0001,1.0009516542509167
2647,1.0001825928446246,0.7439352889331794,0.012827342954175225,0.2434199592041921,0.18690059955173283,0.0001,1.0008822777087503
2648,1.002883123940435,0.7438993166232931,0.012816921208983261,0.24616688687890828,0.18754680491001563,0.0001,1.001229210206993
2649,1.0041073571595893,0.743560196782706,0.012823293948995656,0.24772386630698584,0.18612136463606332,0.0001,1.0014226985146988
2650,0.9974129696888566,0.7434332670594809,0.01281740820190244,0.24116229548536497,0.18701155858518628,0.0001,1.0010901638508813
2651,1.0007237389411694,0.7434298723754728,0.01282819918154703,0.24446566836647765,0.18597478103686055,0.0001,1.0011030065360464
2652,0.999270685304251,0.7432667686779649,0.012839103325385352,0.24316481470638548,0.18547068046628826,0.0001,1.0009072562018466
2653,0.9963703704412279,0.7444578486572173,0.01282736350750101,0.23908515770222546,0.18826301861365474,0.0001,1.0006170698160093
2654,1.0005065502549766,0.7431522240261519,0.012832754523952399,0.24452157084344608,0.1867804687780009,0.0001,1.0005322877703045
2655,0.9983148393476227,0.7436415528912573,0.012834001264514111,0.24183928544876784,0.1875099142291725,0.0001,1.0002442290405715
2656,1.0008904659482094,0.7436220086128669,0.012831605472139122,0.24443685542980992,0.18452414435015246,0.0001,1.0000662693870963
2657,0.9969606457569052,0.7431157290572811,0.012816026534802048,0.24102888951497436,0.1857026616833031,0.0001,0.9997440746783243
2658,1.0017965556883668,0.7440056210840933,0.012834037535089025,0.2449568969331697,0.18527791705020302,0.0001,0.9996354178531176
2659,0.9991559531335656,0.7432623564834285,0.012822431676528034,0.2430711661524028,0.18632534989599767,0.0001,0.999140277450515
2660,1.0018417377017332,0.7435772756292177,0.012827510524231329,0.24543695381519517,0.18643789350019266,0.0001,0.9995831542518028
2661,0.9957955183412192,0.7439080288153874,0.01283259178997295,0.2390548968064253,0.18919124764071032,0.0001,0.9990903321918078
2662,1.0045054140245697,0.7431809249320813,0.012818276761269714,0.2485062112128759,0.1859977792714237,0.0001,0.9996138050638397
2663,0.9950434107325865,0.743405233290326,0.012834038985912021,0.23880413933288736,0.18723707931762293,0.0001,0.9994811090929755
2664,0.9965722525821012,0.7429896669262079,0.012817469136468295,0.2407651181516009,0.18648520078789632,0.0001,0.9990876793256879
2665,1.0025495698195683,0.7435310411646691,0.012847000154955634,0.24617152872663484,0.18542355652634077,0.0001,0.9995111523728826
2666,1.0044731888277778,0.7437521186610022,0.012840793292372511,0.2478802774637998,0.18640699296524751,0.0001,0.9998694246608393
2667,1.00105555775683,0.7435657361458088,0.012825524831156702,0.24466429795865838,0.1897644868487035,0.0001,1.0002789158608318
2668,0.9996892286362561,0.7435629445205596,0.012827406306779409,0.24329887705328015,0.18524447231578053,0.0001,1.0000681831556206
2669,0.9991491727122912,0.7435630491007172,0.0128169332991749,0.24276918880112514,0.18758566456924344,0.0001,1.0000675051134933
2670,1.003376439304429,0.7437049962927798,0.012825517093434054,0.2468459264773868,0.18826584397053864,0.0001,1.0002209752737627
2671,0.9983035963157127,0.7434172422358762,0.012819305878381941,0.24206704850370936,0.1837629969959085,0.0001,1.0004717830712122
2672,1.0025821872221772,0.7431810359200406,0.012822580869492846,0.24657857073489842,0.18532084666086743,0.0001,1.0002794603909733
2673,0.9999342688924159,0.7432382572253384,0.012812309526284859,0.24388370486108574,0.18745796872079976,0.0001,1.000768546206956
2674,0.9995804105037125,0.7436974174352495,0.012820010978358271,0.2430629812286785,0.18612491392339703,0.0001,1.001069361999117
2675,0.9977572907298864,0.7432398326982107,0.012826882559677651,0.24169057523019416,0.18687566854890897,0.0001,1.000590134090149
2676,1.0024721155785643,0.743584751720119,0.01281890714386172,0.2460684562687579,0.18722093177857313,0.0001,1.0003900267652275
2677,0.9983528193547324,0.7429539133278884,0.012826420714357079,0.2425724855845163,0.1874304613585888,0.0001,1.0001197529250179
2678,0.9972567557079555,0.7433341548118824,0.01282079418097258,0.24110181010035425,0.1881614323501413,0.0001,0.9998765056321876
2679,0.9990126055346058,0.7428845294107046,0.012835797625187686,0.2432922778337529,0.18693506373111424,0.0001,0.9998628489144192
2680,0.9975219765492918,0.7433261345414555,0.012818159970018492,0.24137768311082228,0.18572590743431455,0.0001,0.9992774026389055
2681,1.0026433114831395,0.7437002917574095,0.012833986514480313,0.2461090337401955,0.18565175741245973,0.0001,0.999711374155648
2682,1.000664578248231,0.7438958029717992,0.012833239824244749,0.2439355365856424,0.18606563607650162,0.0001,0.9995196132582536
2683,0.9976801366883408,0.7433300318147299,0.012835235189472686,0.24151486989571647,0.1859109745366578,0.0001,0.9992942000378461
2684,0.9955103961981334,0.7436230661419294,0.012831284114845385,0.23905604459632482,0.18656801415747126,0.0001,0.9988871986072881
2685,0.9996619599344281,0.7430745187927695,0.012821639043564245,0.24376580134245734,0.18594694956683724,0.0001,0.9990776655277424
2686,1.0018179184524814,0.7434315234120429,0.01281873014345614,0.24556766406578176,0.18640008931469482,0.0001,0.999012245815134
2687,1.0021239134651168,0.7438444393643501,0.012822828718421426,0.24545664751324162,0.1867509412958946,0.0001,0.9993893552261724
2688,0.9977798314413725,0.7435689228785207,0.012823467564147577,0.24138744255531633,0.18689998512819378,0.0001,0.9994416627995142
2689,0.9956280840579684,0.7427626132481481,0.012815210688670316,0.24005026241828656,0.18732582289597083,0.0001,0.9991032106518503
2690,1.001915305671537,0.7437532390590613,0.012827681237737257,0.2453343852840621,0.1866749065945163,0.0001,0.9995425435640748
2691,1.0014856787772497,0.7435187564418475,0.01281714705376306,0.24514977827396162,0.18683056959515895,0.0001,0.9994267802934859
2692,0.998745520385719,0.7432838752110155,0.01283297093838272,0.24262867543022726,0.18668119038094372,0.0001,0.9992348745072348
2693,0.999900296904736,0.7434785517185745,0.012819067701606674,0.2436026785575594,0.18569005112981699,0.0001,0.9994568905288743
2694,0.9988717121236464,0.7435596578019628,0.01281285890459289,0.24249919538686532,0.1857759539060612,0.0001,0.9997930221214256
2695,0.9983534141921611,0.7438056406094626,0.012832609683456576,0.24171516326450673,0.1895640064748741,0.0001,0.9996621675471988
2696,0.999304166792856,0.7438376073179573,0.012825004711112434,0.24264155471844798,0.1854268598085001,0.0001,0.9994107923812363
2697,0.998187080599957,0.7429783022669701,0.012817782030627887,0.24239099616634435,0.18671205797011664,0.0001,0.9990171090947202
2698,0.9970434489404938,0.7428567103633532,0.012812967958121464,0.24137377078525918,0.1863748285821195,0.0001,0.9989434708446325
2699,0.997432028304249,0.7436871532252546,0.012836649016482835,0.24090822693905048,0.18749407139317742,0.0001,0.9991238652692604
2700,0.9991288669936313,0.7437766923382123,0.012814925118343826,0.2425372491290313,0.18713642998351046,0.0001,0.99884522140147
2701,0.9985330928169931,0.7434082004651579,0.012821511371140548,0.24230337940896984,0.18566862501309803,0.0001,0.9985499628054443
2702,0.998593237651531,0.7430790539445549,0.012817828456963777,0.2426963555522671,0.1852804457440096,0.0001,0.9985347345320257
2703,0.9984148304312515,0.7433617831969116,0.012838684762950843,0.2422143636955209,0.1892148460021609,0.0001,0.998386187884677
2704,1.001259544679166,0.7432339476765291,0.012825872545068211,0.24519972321832398,0.18690744692244346,0.0001,0.9986249711402291
2705,0.9992505238215773,0.7433828629296402,0.012824995280762957,0.24304266878484954,0.18614021300302316,0.0001,0.9987146821031706
2706,0.9984969710723381,0.7433847517802797,0.012817171717754,0.2422950483299414,0.18639369789533636,0.0001,0.9986339625311189
2707,0.9996532836502029,0.7430950181962994,0.012817804518384334,0.2437404602705586,0.18637161234933997,0.0001,0.9987805828361432
2708,0.9984631907141959,0.7434298225638832,0.012822020610012341,0.2422113476763149,0.1878550454943949,0.0001,0.9989225570135135
2709,0.9997394278373486,0.7435116637309231,0.012806906177838,0.24342085803437669,0.18685761266378553,0.0001,0.9991532969668235
2710,0.9988401684509571,0.7434976851722531,0.012824324758734712,0.2425181584595183,0.18597029584779218,0.0001,0.9991244271125563
2711,0.9994646561073242,0.7441814245607016,0.012815531562356389,0.24246770170711843,0.1885414432137298,0.0001,0.9992175834415893
2712,1.0004811528730102,0.7434588017860242,0.012805773326881518,0.24421657958874596,0.1863026317609493,0.0001,0.9994063749637373
2713,0.9979777014521508,0.7431846734959987,0.012809088457428659,0.24198393916624314,0.1865422399242316,0.0001,0.999362662065827
2714,0.9983078166389079,0.7433925925113608,0.01281565173886127,0.2420995730234208,0.18480012020281314,0.0001,0.9990674892618013
2715,0.9992288710137651,0.7438861264660199,0.012819419767987172,0.2425233268804289,0.18747753603100534,0.0001,0.99906532398102
2716,0.9972098886845804,0.7428356083846721,0.012820186527940855,0.24155409333369796,0.1870293666818321,0.0001,0.9989366157422441
2717,1.0008730766255765,0.7435319920582414,0.01282521362962394,0.24451587057500535,0.1878215646405249,0.0001,0.9990585950397814
2718,1.003376004420236,0.7438358473487606,0.012806867489224757,0.24673328832789318,0.1875678666585841,0.0001,0.9995498764103857
2719,0.9986622912646791,0.7432900838871273,0.012812212321144089,0.24255999764068614,0.18775235098346493,0.0001,0.9994421627531189
2720,1.0008243365897127,0.743000791232436,0.012827600233453283,0.24499594483668133,0.18718045384719453,0.0001,0.9996405795669941
2721,0.9995630984374041,0.7439261655536675,0.012818580950491328,0.2428183515252013,0.18513988478309484,0.0001,0.9996504238000024
2722,0.9978213513356918,0.7434560860871785,0.012825514433591893,0.24153975164612215,0.18834736127156998,0.0001,0.9993844436462703
2723,0.9983356807826741,0.7431037219252596,0.012813549496339253,0.24241840872634013,0.1869759327801923,0.0001,0.9994202415793227
2724,1.0005867657748488,0.7436028524296279,0.012807638118039763,0.2441762761943964,0.18502317465705756,0.0001,0.9996481364929167
2725,0.9994998911573244,0.7435175164717932,0.01280981918861126,0.24317255474128296,0.1877603104402279,0.0001,0.9996752385072727
2726,0.9958570111112227,0.7437907453724627,0.012820312991345388,0.2392459529287675,0.18831035603616106,0.0001,0.999539950749937
2727,1.0017449890866,0.7438701749089766,0.01280882223140879,0.24506599335169937,0.18754157650664177,0.0001,0.9996271419960394
2728,1.002701105621717,0.7439108243094981,0.012820912664850633,0.24596936845090278,0.18843602810742646,0.0001,0.9995596521161876
2729,1.0013028137824114,0.7432083948146982,0.01282094821001405,0.24527347021364054,0.18728935896866702,0.0001,0.9998237043679608
2730,0.9974894960076524,0.7429840614297569,0.012822984923697388,0.2416824497751,0.18632101967296058,0.0001,0.9994902203097548
2731,0.9977975606192924,0.7434083191908397,0.012811483040784484,0.24157775900729045,0.18722464150274984,0.0001,0.9993136665279435
2732,0.9972005342615062,0.7438968056113918,0.012814080739359827,0.24048965005676354,0.18822009015155855,0.0001,0.9992515848205249
2733,0.9988271659334581,0.7431863674527491,0.012825164301642057,0.24281563575079185,0.1876171729385732,0.0001,0.9993007333356033
2734,1.0000546795843097,0.7429935534392119,0.012808458074836654,0.24425266779823188,0.1861033264026197,0.0001,0.9992475247165494
2735,1.0016881246837592,0.7435857012837702,0.012836370216663662,0.24526605325888912,0.1866528093512595,0.0001,0.999466348069193
2736,0.9971437491703227,0.7430807054647326,0.012812272288494613,0.24125077203671783,0.18679774209524508,0.0001,0.9995950218751031
2737,0.9994979772799881,0.743219791392042,0.012821531199054834,0.2434566554445282,0.1857714629439263,0.0001,0.9993703206944419
2738,0.9986985097308672,0.7429147824554366,0.01283043659241156,0.2429532903052005,0.1855816082465963,0.0001,0.9989700611053566
2739,0.9975061477076935,0.743600202017817,0.012800619278186234,0.24110532490041628,0.1878295365199598,0.0001,0.9985903944978849
2740,0.9961111822428133,0.7434697629955671,0.012818813807582275,0.23982260534898747,0.1887899548963891,0.0001,0.9984525631214011
2741,0.9975101194565484,0.7433282318269989,0.012818918750445692,0.24136296844083446,0.18712120806953245,0.0001,0.9984238190051267
2742,0.998489559905766,0.7432662194205588,0.012806061557050167,0.24241728010695074,0.1897779010372278,0.0001,0.9985527215695524
2743,0.9974914288665895,0.7425272218112288,0.012820354823408455,0.24214385121939874,0.18697510167019363,0.0001,0.9984191478628656
2744,1.0004530504315667,0.7438414851260233,0.012810215021485489,0.2438013508583421,0.18675442520551702,0.0001,0.9984589849475916
2745,0.9988433744070738,0.7432048280872632,0.012826809534920157,0.24281173775210585,0.18779543707143462,0.0001,0.9981745099199228
2746,1.001503621588856,0.743503043666089,0.012826341644503766,0.2451742348123274,0.18838586103601823,0.0001,0.9986104971617763
2747,0.9968600996125784,0.7431409628589545,0.01280863918590739,0.24091049799087325,0.18710314813419482,0.0001,0.9983467093950352
2748,0.9966808563555472,0.7429625250504902,0.012810986133908162,0.24090734440039913,0.18662898931614524,0.0001,0.9981449440575034
2749,0.9997139486047849,0.7430262852150334,0.012839691634110457,0.2438479711511314,0.1880988882775239,0.0001,0.9983657241472125
2750,0.9987773956923649,0.7431950237881582,0.012825770987458452,0.24275660098475568,0.1860975209948499,0.0001,0.9986323454921676
2751,0.9958995695530038,0.7432356271250494,0.012820788135876763,0.23984315350621516,0.18496067964039276,0.0001,0.9984712905018132
2752,0.9966442807450981,0.7426537269269236,0.012815161844296097,0.24117539114267783,0.1870180612343078,0.0001,0.9982867625857462
2753,0.9999510654329529,0.7431270221425844,0.012818424745215364,0.24400561865094225,0.18653034816286385,0.0001,0.9985327262423827
2754,0.9990985006638038,0.7435047827192542,0.01281599171505013,0.24277772638062675,0.18769221681852127,0.0001,0.9983972712656064
2755,1.0018827174062903,0.7427945505774771,0.012827295560624005,0.24626087081480702,0.18605243491715398,0.0001,0.9987012055655281
2756,0.9973993876884724,0.7432251720109285,0.012810355509512324,0.2413638611352468,0.18696768527461355,0.0001,0.9982907821754898
2757,0.9981770988168388,0.7430260438948084,0.012806606341085375,0.24234444844493033,0.18751922675973262,0.0001,0.9984224820959158
2758,0.9964412883619266,0.743428791995948,0.012818576356218504,0.24019391863450076,0.1859719205277445,0.0001,0.9983985252965537
2759,0.995882995471993,0.7425266307217596,0.01282118832121998,0.24053517818209125,0.18591087990068278,0.0001,0.9980154299832744
2760,0.9975158892587039,0.7429732770997177,0.012816013235591246,0.24172659995106122,0.18814473966435052,0.0001,0.9978892793399083
2761,1.0007612879329473,0.743467986221004,0.012803415014100606,0.2444898876952835,0.18934469390471614,0.0001,0.9983754511779027
2762,0.9988542841124003,0.7427736645296186,0.012801059844769522,0.2432795592544045,0.18492968930554923,0.0001,0.998596451514633
2763,1.000541609755394,0.7431020428394449,0.012810835490120352,0.24462873258950987,0.1856552192877079,0.0001,0.998655505946877
2764,1.0002466150036207,0.743268565643148,0.012810548227167033,0.24416750001496282,0.18773953057447748,0.0001,0.9987703173808586
2765,0.9991712971584792,0.7430402365707722,0.012815319500395057,0.24331574435166364,0.18843260129373407,0.0001,0.9984991753560776
2766,0.9961706644139474,0.7436189408476406,0.012810428534269816,0.2397412953947427,0.18755230534270134,0.0001,0.9983763030286251
2767,0.996243710691982,0.7437149558299454,0.012824593644596743,0.23970416112676354,0.18920603016689874,0.0001,0.9981829642161394
2768,0.9958306835099118,0.7427914760417436,0.012803455395340677,0.2402357531609448,0.18556800808069915,0.0001,0.998121903730938
2769,0.9977714348032799,0.7433428152579565,0.012817583026073526,0.24161103786428367,0.1857463094815763,0.0001,0.9983107476640667
2770,0.9978271516051302,0.7436633606953263,0.012820425188323789,0.2413433657517056,0.19071065285384775,0.0001,0.9983418738987094
2771,0.9971847953709337,0.7434482605897389,0.01281099919131513,0.2409255357410071,0.18704054705632386,0.0001,0.9979842246425079
2772,0.9994594809007935,0.743579198211492,0.012822748923156614,0.24305753447644368,0.18864427237916911,0.0001,0.9980447443213473
2773,0.9961301990261426,0.7430398909121934,0.012810538796817554,0.24027976848593105,0.18609422744529483,0.0001,0.997603603248422
2774,0.9964457475873084,0.7429097381856814,0.01282006707684747,0.24071594181094644,0.188054687020503,0.0001,0.9972235165067909
2775,0.9973628199366479,0.7435203884968168,0.0128011113489859,0.2410413194409974,0.18781377084961284,0.0001,0.9970426687846079
2776,0.9997755065409214,0.7426117610254346,0.01281324530711764,0.24435050102445707,0.18582161109418463,0.0001,0.9974031529973051
2777,1.0000019893201322,0.743305915025862,0.012811517618732568,0.24388455669065034,0.188557175212893,0.0001,0.9977789808601202
2778,0.9984629435906788,0.7430529680261747,0.012817461156941814,0.2425925134101214,0.18833665392582605,0.0001,0.9980422068681969
2779,0.9995292098720465,0.7438722540592325,0.012815461197441055,0.24284149399575064,0.18770892573539433,0.0001,0.9982179843750736
2780,0.9988517264323592,0.7433939763546957,0.012809471958307417,0.2426482784669491,0.1872854932507927,0.0001,0.9983204418577964
2781,0.9976499768589863,0.7427265184646205,0.012817239664631006,0.2421062169010934,0.18737280202564796,0.0001,0.9983669600066015
2782,0.9953761718577836,0.7431675321431963,0.01281279240853888,0.23939584729093566,0.18707563771921046,0.0001,0.9979586291023006
2783,0.9950721220360809,0.7425777739250152,0.01281699906981741,0.23967735105124255,0.1869495158928161,0.0001,0.9978528214032945
2784,0.9975034318879459,0.743144539137641,0.012809423839344698,0.2415494714347876,0.18803346734380624,0.0001,0.9979585898333582
2785,1.0004043505351394,0.7429718291783671,0.012801860215455959,0.244630660461243,0.18787497535922223,0.0001,0.9982627428932075
2786,0.9984921663092793,0.7427339174200991,0.012825378298034049,0.24293287313008646,0.18748862210200234,0.0001,0.9981344088700433
2787,0.99919662163659,0.7431259624372873,0.012829948148669385,0.2432407104612364,0.18600280516408763,0.0001,0.9980538721016889
2788,0.9968519324463231,0.7433299087365791,0.012805114653241079,0.24071690790793476,0.1880772854022032,0.0001,0.9978927709872533
2789,1.0018466341084447,0.7431186455742099,0.01281937406706278,0.2459086131825892,0.1895037118428619,0.0001,0.9981245134108931
2790,0.9976305960399867,0.7433315775457309,0.01279993400612419,0.2414990823118972,0.1867674085298368,0.0001,0.998002400371656
2791,0.9984403047068365,0.7430545356404226,0.012797576660558611,0.2425881924663064,0.18727777599079373,0.0001,0.9980814331564408
2792,1.0002549415186017,0.7429271296845489,0.012805138350016688,0.24452267405832032,0.18761533459470917,0.0001,0.9985693101225228
2793,1.0008764939182428,0.7435540964347112,0.012816799823459216,0.24450559832503296,0.18750342865744662,0.0001,0.999149747310739
2794,0.9976404488207602,0.7427615299669773,0.012803244300594678,0.24207567670675367,0.18723530344982417,0.0001,0.9991634490040205
2795,0.9978322533032957,0.7429251178766603,0.012824150659975126,0.24208298446440552,0.18866190447285017,0.0001,0.9989062392808361
2796,0.9969694405250085,0.7428754936850821,0.012815666005287402,0.24127827986742373,0.1883558206275317,0.0001,0.9987539667024091
2797,0.9976505937005636,0.742735238878045,0.012817855538993046,0.2420975017015639,0.18531184448552665,0.0001,0.9985993639088064
2798,0.9973917449947303,0.7426949207487745,0.012816814573493013,0.2418800105036635,0.1859871418674384,0.0001,0.9986533451636472
2799,1.0000280483982869,0.7430798280795254,0.012813361856565031,0.24413485559077583,0.18962349641395632,0.0001,0.9984714865926312
2800,0.9990159406139691,0.7434880888244443,0.012818052850920579,0.24270979937687365,0.19035478601228392,0.0001,0.9986100210500295
2801,0.9986608191629452,0.7430891892731069,0.012810631649489335,0.2427609986181675,0.1882098798940438,0.0001,0.9986320724956403
2802,0.9980215599522387,0.7432584871384967,0.012821415858626608,0.2419416562901549,0.18928416532749578,0.0001,0.998408734339004
2803,1.000485444407434,0.7434279338341455,0.012812352809170922,0.2442451591847151,0.18877519380006538,0.0001,0.9983696293879232
2804,0.9990541035456784,0.7429751930323866,0.012818926971776006,0.24325998456918202,0.18915809829989505,0.0001,0.998510994860415
2805,1.0027539134025574,0.7432001402363574,0.012802342855906148,0.24675142857232876,0.18791732720985374,0.0001,0.9990031608703411
2806,0.9946361175657044,0.74309037048483,0.012817387648576655,0.2387283597950036,0.18760226361649998,0.0001,0.9987698285744108
2807,0.9976925321573176,0.7436880024403152,0.01281395669399362,0.24119057356706738,0.18824453618657033,0.0001,0.9987740224200863
2808,0.9976964291887883,0.7432698405538563,0.012808940231679177,0.24161764580386164,0.1877206200941581,0.0001,0.9988044908394921
2809,1.0018529720287053,0.7428640899745252,0.012812256571245484,0.24617662536203258,0.18716378791095278,0.0001,0.998986983202534
2810,0.9984522290210454,0.74280147789458,0.012806885624512213,0.2428438641266939,0.1865841211641536,0.0001,0.9989306120432415
2811,0.9959798123967092,0.7429377031616459,0.012818700159780878,0.24022340957400282,0.18732120912771438,0.0001,0.9986625113666179
2812,1.0009388573029463,0.7429053461817651,0.01280196201486955,0.24523154989217405,0.1877488102801673,0.0001,0.9989542411016886
2813,0.9942380778687963,0.7432452331450116,0.012815474496651857,0.238177371375701,0.18718663598533578,0.0001,0.9983295044478249
2814,1.0003235134585151,0.7428457474611836,0.012815263160102024,0.2446625022024944,0.18777285752020792,0.0001,0.9984564454391085
2815,0.995899258472373,0.7431530680424301,0.012820267048617164,0.23992592360801676,0.18674458944168826,0.0001,0.9977709799460902
2816,0.9966157521243995,0.7433388866710856,0.012804218528236868,0.240472646517033,0.19031369867479583,0.0001,0.9979689434019597
2817,1.0000729773639423,0.7434348636901886,0.012802167548127397,0.24383594420630839,0.18758552414166757,0.0001,0.998206987922622
2818,0.9970528314128125,0.7427763937694789,0.01280614328674564,0.24147029205945153,0.18707514900343897,0.0001,0.9981426281450245
2819,0.9999101096669752,0.7430030508892531,0.012807407678987144,0.2440996504337744,0.18683252678560677,0.0001,0.9979483419088515
2820,0.9962264345335429,0.7430160194333136,0.012806141594118811,0.24040427291671354,0.18503444465009483,0.0001,0.9977257624601013
2821,1.0006809862100086,0.743222629443627,0.01280104557834339,0.24465731088578338,0.18888345224741265,0.0001,0.9981958798414313
2822,0.9990110485597267,0.7435412092576404,0.0128100276235151,0.24265981101361056,0.1884133662219947,0.0001,0.9980030989671091
2823,1.0010848247255322,0.7433654726397919,0.01281720242684076,0.24490214825341475,0.18814341766234585,0.0001,0.9986877736527828
2824,0.9982142112317965,0.7425009790830631,0.012807324014861008,0.2429059068039513,0.18987820973019087,0.0001,0.9984768434301111
2825,0.9971937383647864,0.7428952931874181,0.0128160889201909,0.24148235743597118,0.1860707684233029,0.0001,0.9986062914193525
2826,1.0003187673328857,0.743278949908746,0.012808471132243622,0.24423134618610687,0.188719996090593,0.0001,0.9989765929402008
2827,0.9949591722014468,0.7430969729384834,0.01281391365291139,0.23904828441614553,0.18755670502388938,0.0001,0.9984652124239514
2828,0.9979541614863259,0.7424845083731909,0.012807796741354054,0.24266185904673582,0.1867353457647695,0.0001,0.9985553454313028
2829,0.9977564922936306,0.7430523942256796,0.012801550948353859,0.24190254542697032,0.18824687252542793,0.0001,0.9983399836939683
2830,1.0028783184519645,0.7436282366332853,0.012807949803180192,0.24644213379880237,0.18816985171779416,0.0001,0.9990051720858103
2831,1.0024069553698294,0.7433688717971709,0.012805356215270005,0.2462327280072363,0.18658351716840485,0.0001,0.9991777690017924
2832,1.00138727368496,0.7431965736298242,0.01278837118864543,0.24540232737032927,0.18791359400047974,0.0001,0.9994153915143158
2833,1.000562144099578,0.7428950297421423,0.012817619296648439,0.24484949273342535,0.18753410177588706,0.0001,0.9993631234517203
2834,0.9958829041910462,0.7430358387635639,0.01280314637004241,0.2400439179693226,0.18826542338299704,0.0001,0.9991299927476452
2835,0.9970153057551046,0.7426767043361315,0.012814851126371,0.24152375159229758,0.18937116123841694,0.0001,0.9991121494866771
2836,0.9997188203475055,0.7428725431947147,0.012815017729211772,0.24403125987696114,0.18694969458584854,0.0001,0.9990521547881391
2837,0.9988466414186582,0.7426669725781764,0.012807564851478437,0.24337210329381737,0.18708107253238104,0.0001,0.9994409017098604
2838,0.9975518745050953,0.7426151723939072,0.01279820293248546,0.24213849792434525,0.18781430076271236,0.0001,0.9994006730117373
2839,0.9991609185752713,0.7430351886739596,0.012812688674694626,0.24331304186135227,0.18876970887305045,0.0001,0.9995411156399012
2840,0.9970642336725464,0.7433633516574728,0.012776805469520678,0.24092407784524844,0.1880806760359971,0.0001,0.9989597071619596
2841,0.999410522274265,0.7432623273460667,0.012797616558191017,0.24335057799974513,0.1872489701722263,0.0001,0.9986600638524031
2842,0.9975351495384929,0.7426793630901747,0.012801313255186256,0.24205447337448477,0.18646509691498583,0.0001,0.9982748514377564
2843,0.9997431456921793,0.7432234197794545,0.012798098473229708,0.24372162737904407,0.18709678128815085,0.0001,0.9981929515970165
2844,0.9967898038531414,0.7423204761489651,0.012821790412763554,0.24164754079756823,0.18546234760395652,0.0001,0.998283641563226
2845,0.9991248691299625,0.7432709748556358,0.012809685471091745,0.243044207926696,0.18740097404614423,0.0001,0.9984945979007118
2846,0.9993761525192802,0.7430222786464266,0.012802322544384195,0.2435515516760625,0.18840467140955083,0.0001,0.9984603311178892
2847,0.9957706647760728,0.7427318640219512,0.012818680573670424,0.24022012250781302,0.1864762271151823,0.0001,0.9981527334536308
2848,0.9975365845233384,0.7429032521605733,0.012813074110004046,0.2418202593106527,0.19027547196732572,0.0001,0.998151204455455
2849,1.000610837467302,0.7428575293529348,0.012797813628314716,0.24495549330725874,0.18599541001701936,0.0001,0.998296196344658
2850,0.9988391648441493,0.7427366100266788,0.01280550202298116,0.24329705277937663,0.18689336843833962,0.0001,0.9984736894618184
2851,0.9984922724611619,0.7426394472015798,0.01281273026495386,0.24304009342290325,0.18728456720256417,0.0001,0.998381864480508
2852,1.0010109250008696,0.7426758843793346,0.012801879317958747,0.24553316199876232,0.18972078669990053,0.0001,0.9987294420267456
2853,0.9979445471241315,0.7430848093593821,0.012807547199798645,0.24205218899322573,0.1872886010950042,0.0001,0.9985495821699409
2854,0.9998393345314397,0.7426381929650994,0.012808458800248152,0.2443926816024113,0.1880030666778344,0.0001,0.9988545352377708
2855,0.9984154720577216,0.7433214922705722,0.012799677210453799,0.2422943010956472,0.18907061841860262,0.0001,0.9987835955305467
2856,1.0010159838997568,0.7420426899714596,0.012816865835905559,0.2461564300419351,0.18890320490025603,0.0001,0.9989475786685944
2857,0.9979365250401758,0.7433399651161797,0.012792208131863669,0.24180435275934772,0.1874042800183712,0.0001,0.9991641646950047
2858,0.9985888729714477,0.7434913471310908,0.012803082050222896,0.24229444335186456,0.18728703747051967,0.0001,0.9992693935398156
2859,0.9938129006486394,0.7427422144350125,0.012801191627858376,0.23826949449509202,0.18982625152711693,0.0001,0.9985895998579494
2860,0.9949588028460923,0.7431221815925583,0.012817468894664463,0.23901915523029002,0.1892328816966643,0.0001,0.9982015636581437
2861,0.9944277322316508,0.7426351461159046,0.012815723312795766,0.2389768646315919,0.18700583935025739,0.0001,0.9977951096351927
2862,0.9969423178726955,0.7425924591553864,0.012824047409738536,0.2415258129095209,0.18903650050230975,0.0001,0.9973882489223753
2863,0.9996837305007068,0.7427641153335571,0.012800972795389729,0.24411864264378924,0.1890206312190205,0.0001,0.9975621672600326
2864,0.9978330796678941,0.7432136469148477,0.012805118763906236,0.24181431545507592,0.189576132937087,0.0001,0.9973615417736781
2865,0.9995666284106566,0.7426576042513818,0.012806145462980135,0.24410287822779972,0.1871143144538388,0.0001,0.9974766574089715
2866,0.9981836767274033,0.7429043685688692,0.012798118542947828,0.2424811887692728,0.18910188199177716,0.0001,0.9971934266917362
2867,0.9971773238743052,0.7428104054129874,0.012794857576459224,0.2415720612929027,0.18722964720479374,0.0001,0.9971175065751492
2868,0.9963766603634275,0.7431803473836268,0.012811240269736393,0.24038507517344085,0.1866445091626707,0.0001,0.9968962853143472
2869,0.9973880468469121,0.7425305097388447,0.012796876154855105,0.24206066214711863,0.18799840303753743,0.0001,0.9972537999341743
2870,1.00111413243818,0.7426504539911452,0.012794600297181167,0.24566907935887272,0.18966135899507974,0.0001,0.9978693328933831
2871,0.9980061449579003,0.7423141292819628,0.012798981057219282,0.24289303676472715,0.1866371112046329,0.0001,0.9982271741660081
2872,0.996704539711045,0.7424945454084849,0.012819955363476736,0.2413900408432885,0.18768996254183942,0.0001,0.9982033963498431
2873,1.001006007194519,0.7434397923777117,0.012796170329467279,0.24477004391305587,0.18568054140823123,0.0001,0.9983356240192244
2874,0.999427087287632,0.7423760204237808,0.012793289962211438,0.2442577748614199,0.18566426731510047,0.0001,0.998495024781198
2875,1.0008396193173545,0.7432885703160361,0.012804123499330595,0.24474692400582665,0.1891456470044583,0.0001,0.9986223238718678
2876,0.9998278102816723,0.7423082875431672,0.012811020711856247,0.2447085033867954,0.18693210157371196,0.0001,0.9987867372272948
2877,0.9960208926916606,0.7432118440254707,0.012815279119154987,0.23999377139078917,0.18830613275086905,0.0001,0.9986710941090303
2878,1.0009581519188795,0.7433869745620124,0.01280478628363619,0.24476639081631424,0.18651828813625398,0.0001,0.9991292432645755
2879,0.9939788750412498,0.7432394366235326,0.012803967777662297,0.23793547065516757,0.18870612377448207,0.0001,0.9987883260840095
2880,0.9970145889276423,0.7423120897875355,0.012802353253470957,0.24190014494964607,0.18681184019568484,0.0001,0.9983783717329556
2881,0.9978598556944129,0.742580905889159,0.012793530315221202,0.24248542192318376,0.1888074121054481,0.0001,0.9983637428066068
2882,0.9989075862611767,0.7427384094099002,0.012807831077498307,0.2433613474361795,0.18863552693904775,0.0001,0.99858404746162
2883,0.9972695265773828,0.74256746679484,0.01279095196095248,0.24191110830519794,0.18936351189506948,0.0001,0.9982103993999065
2884,1.0000568529171585,0.7431645649683645,0.01279572105794601,0.24409656710242644,0.18833844130953234,0.0001,0.998273375962859
2885,0.9976028421587683,0.742589187791333,0.01279873369189837,0.24221492298778607,0.18922954821925134,0.0001,0.9979496982470003
2886,0.998508835902804,0.7430529092678434,0.01279466558421601,0.24266126139833769,0.1880078353818967,0.0001,0.9978178008091136
2887,0.9992283042255812,0.7425653495604804,0.012793589557160229,0.24386936414072527,0.18705542760374097,0.0001,0.9981385419625056
2888,0.999511170822515,0.7431355892523791,0.012792831502144525,0.24358274959949644,0.18751011450319696,0.0001,0.9979938438528692
2889,0.9960115741764556,0.7434640792755761,0.012807031915831034,0.23974046303038665,0.18858090958899948,0.0001,0.9981971137663896
2890,0.9985570621055232,0.7430512893030657,0.01279252344406159,0.24271325043895664,0.1868097728333657,0.0001,0.9983513610841778
2891,0.9982748123501667,0.7420739404570017,0.012806629070645656,0.24339424336657806,0.18989267337757482,0.0001,0.9983928567497531
2892,0.998461112772959,0.7426042930349617,0.012805819269609742,0.2430510015413921,0.189220027797846,0.0001,0.9983482094009315
2893,0.9968390921791959,0.7432333713370937,0.012801843530991498,0.24080387906418851,0.18881521200190693,0.0001,0.9983051659611129
2894,0.9988464431395153,0.7421705613997113,0.012794333587553632,0.24388154730593697,0.19018576271514623,0.0001,0.9981841249833483
2895,1.000084298861196,0.7427546737402012,0.012789460514912015,0.244540163895784,0.1906620549986377,0.0001,0.9984322706535911
2896,0.9978668543436464,0.7434725647765773,0.012791926188594671,0.24160236272862667,0.1876599186271973,0.0001,0.9983680724976753
2897,0.9948798982656993,0.7427141265017991,0.012792064016779344,0.2393737085480961,0.18807284325421703,0.0001,0.9979332319016873
2898,0.9979722657019904,0.7429978918835792,0.012807657704150217,0.2421667194239508,0.19087057571261215,0.0001,0.9977793413896349
2899,0.9962756489885265,0.7425665289586746,0.012808217480023058,0.24090090487719065,0.18595884661766385,0.0001,0.9978057488708417
2900,0.9972262086297629,0.742892551978268,0.012806097585821248,0.241527559337703,0.18764761525525525,0.0001,0.9976726635232659
2901,0.9984704091631132,0.7430143228167211,0.012802093797958405,0.2426539938481294,0.18793385604332233,0.0001,0.9976922232045606
2902,0.998463752908107,0.7427079115387876,0.012791370523386988,0.24296447137487828,0.18888235542522724,0.0001,0.9976924872180752
2903,0.9973054067600088,0.7427228561037694,0.012800829889324567,0.24178172262578174,0.1889339515572871,0.0001,0.9977391186761567
2904,0.9959684977908647,0.7427403633057709,0.012799853969055548,0.24042828033846364,0.186674573026129,0.0001,0.9974513241412915
2905,0.9956042378475893,0.7431754903909401,0.012789432223863582,0.23963931473406527,0.1870935730046723,0.0001,0.9970033180399307
2906,0.9994158999915055,0.7429282309801052,0.012804389967154295,0.24368327942206458,0.1875143308668543,0.0001,0.9971582226047169
2907,0.9984793299110134,0.7428334707178885,0.012796391579974253,0.2428494681874347,0.18974405369942376,0.0001,0.9975181657692482
2908,0.9994027795946381,0.742939520438351,0.012794918027417413,0.24366834050924735,0.18686250704538993,0.0001,0.997661217158513
2909,0.9961952947941561,0.7428859628238252,0.012811422348022461,0.24049791131493528,0.1891037192172985,0.0001,0.9976531817390757
2910,0.9957609608255583,0.7428008781001727,0.012799864124816523,0.24016021778448116,0.1889312446238303,0.0001,0.9975066569586554
2911,0.9961817221032195,0.7421016459774535,0.012797925341685452,0.24128214940882117,0.18967540825114532,0.0001,0.997277788252666
2912,0.9982942780423116,0.7424741572347181,0.012798938499744717,0.24302118251942717,0.18913417498431873,0.0001,0.9972608407660866
2913,0.9999447749062436,0.7432161336254638,0.01279755634903666,0.2439310870777521,0.1877979870439785,0.0001,0.99752477758071
2914,1.000823721682566,0.7427459154844768,0.012804152757594358,0.24527365467973944,0.18877158333636201,0.0001,0.9980102999698802
2915,0.9973320033680837,0.742533002010949,0.012807394379776342,0.24199160821660295,0.1866250715802214,0.0001,0.9981830765219296
2916,1.0001555412826384,0.7427395550764598,0.012797695144436664,0.24461829136399663,0.18928164790779292,0.0001,0.9982570406510428
2917,1.0001076831053526,0.7424747176151005,0.012793575532537928,0.24483939140853728,0.1872456399591651,0.0001,0.9984198759704768
2918,0.9979256709497308,0.741670203499088,0.012793777438738283,0.2434616900723556,0.18806646238355076,0.0001,0.9982721651059858
2919,1.0003872978034416,0.74292938075733,0.012795002175151214,0.24466291520344075,0.1906731844431972,0.0001,0.9986913654069147
2920,0.9946900951934876,0.7430114111358689,0.012791992442844848,0.23888669330740073,0.1887688132618794,0.0001,0.9985842788437076
2921,0.9955579593747431,0.7425860616304811,0.01279856467101927,0.24017333322437007,0.1880174993138768,0.0001,0.9985219025708598
2922,0.9979989933677426,0.7430289252292795,0.012798929794806738,0.2421711388877149,0.1878398781071812,0.0001,0.9984923741034031
2923,0.9996175468572497,0.743036970768207,0.01279124889605911,0.24378932803929698,0.18797689129203618,0.0001,0.9984596512985036
2924,1.000757608645828,0.7431707781178473,0.01279675646195789,0.24479007593244617,0.18845171141334285,0.0001,0.9984530399948298
2925,0.9959846828095086,0.7425927115985879,0.012801022123371612,0.24059094932935302,0.18969340758439734,0.0001,0.9983183079389724
2926,0.9966875499692457,0.7424805375915512,0.012785584641276703,0.24142142766085406,0.18959601169062917,0.0001,0.9979715088076331
2927,0.9988563938508411,0.742680660972247,0.012797393615057212,0.2433783391577477,0.19046815582995,0.0001,0.9978463798821819
2928,0.998690698016246,0.7424602739467582,0.012793453421602385,0.2434369712221695,0.18812785129880807,0.0001,0.9979228825888334
2929,0.9981257300106072,0.7423651364705626,0.012780902593662966,0.2429796910370581,0.18859638733143255,0.0001,0.9976967258095499
2930,1.001002114878223,0.7424652372122295,0.012801067098884506,0.24573581021951613,0.18961497304042987,0.0001,0.9983279277780234
2931,0.9958092681534634,0.7429244831415993,0.012791995102687007,0.240092788579256,0.18703179759621377,0.0001,0.9983530586558954
2932,0.997868302144095,0.7423974319113679,0.012783163701303106,0.24268770701503173,0.18825754057804905,0.0001,0.9983399895335309
2933,0.9967053022394315,0.7432964430861251,0.012791959557523592,0.24061690127329702,0.18750667656652825,0.0001,0.9980487650717491
2934,0.9986847254615768,0.7431560266332259,0.012784984967771456,0.24274371606703946,0.18900075509509498,0.0001,0.9978414767533238
2935,0.999087974580258,0.7424841144747473,0.012786642533045027,0.24381721946155807,0.18949768488233038,0.0001,0.9981518059303987
2936,0.9970681222408828,0.7420616970826356,0.012806213893464806,0.24220021298763475,0.1878757408497058,0.0001,0.9981898631575625
2937,0.9959496711862499,0.742639001678018,0.012799348115437413,0.24051132332722508,0.18744074282733228,0.0001,0.9978991908911035
2938,0.999461249937634,0.7415459378495903,0.012795727103041828,0.24511958392711006,0.18861394863704156,0.0001,0.9979762460832422
2939,1.0024611526763947,0.7423671574669968,0.012792275353329177,0.2473017210499752,0.18903513872357458,0.0001,0.9984097883498209
2940,0.9982096743873844,0.742859658677486,0.012799932555301194,0.24255008336617545,0.18760644491860157,0.0001,0.998130544300737
2941,0.9987258685046229,0.7425442716412806,0.012787246800823096,0.24339434861169626,0.18967562883669173,0.0001,0.9984222043358532
2942,0.9963236900904116,0.7425965607528996,0.012817069918340408,0.24091005851240718,0.18941977462952325,0.0001,0.9982677431304847
2943,0.9970569073791195,0.7426143113304587,0.012799346422810583,0.2416432497165266,0.18884674987130426,0.0001,0.9983029036444535
2944,0.9989355748130149,0.7427624320161754,0.012794161181420873,0.2433789825675212,0.18889623194267977,0.0001,0.9983279885795973
2945,0.9973430141474122,0.7423441714737526,0.012783795051110443,0.24221504713894146,0.18875959512549045,0.0001,0.9981534925363128
2946,0.9954543678320446,0.7428784822595531,0.012792468554591553,0.23978341589955723,0.18755990735294853,0.0001,0.997992117095429
2947,1.0000860302975405,0.7423229115971687,0.012795028531768985,0.24496809056153404,0.18801825313732543,0.0001,0.9984057530065579
2948,0.997240457404216,0.7424563562410599,0.01279842007232728,0.24198567959466763,0.18882571466070644,0.0001,0.9981836737532161
2949,0.9996831224849693,0.7423696131058204,0.012792554636756015,0.24452095321600625,0.1891717593399071,0.0001,0.9979058707340736
2950,0.996465855631335,0.7427358905393744,0.012798954700601512,0.24093100886497246,0.18809651711891437,0.0001,0.9977314888584686
2951,0.9974839325850682,0.7427698087257014,0.01280518139109892,0.24190894290653736,0.18916560824333292,0.0001,0.9976072952665131
2952,0.9957584963608949,0.7425297268989361,0.012792649423858457,0.24043611898020847,0.1864130661405366,0.0001,0.9975507758935613
2953,0.998366504847157,0.7422083287403501,0.012783664477040753,0.24337451041319066,0.1896593186845644,0.0001,0.9976817356403652
2954,0.9953783250000123,0.7428123762351262,0.012789788400909238,0.23977615889804116,0.18983072979455062,0.0001,0.9973260106590651
2955,0.9980900109902356,0.7425439888516981,0.012793411105931652,0.24275261091170397,0.18933701079950854,0.0001,0.9974007103433472
2956,0.997168495858175,0.7422463630324203,0.01280437545892433,0.242117758462504,0.18775171981501046,0.0001,0.9975721231459603
2957,1.0025066807110459,0.742057218754751,0.012815449832660916,0.24763400950913014,0.18927713340000982,0.0001,0.9978141881873108
2958,0.9993513108025216,0.7427975393937519,0.012797846997243638,0.24375592447197703,0.1910393738299306,0.0001,0.9980252735271415
2959,1.001984550430615,0.7426318968769019,0.01279956162822174,0.2465530944795444,0.18945881793876207,0.0001,0.9982554163217061
2960,0.9924037739422935,0.7416822396475693,0.012805305194661293,0.2379162301579547,0.18919706151161425,0.0001,0.9978492081528019
2961,0.9963525776689,0.7419053542202917,0.012781581337021524,0.24166564338105687,0.1898445539010224,0.0001,0.9977360726611849
2962,0.9973930286103765,0.7421938118054465,0.012797954599949216,0.24240126361046554,0.18735104167558117,0.0001,0.9978995258861334
2963,0.9973895220920957,0.7428281619147403,0.012792369656823952,0.2417689907321098,0.18951423841001538,0.0001,0.9978018276106271
2964,0.9952833930570746,0.7424668238080782,0.012797691759183005,0.24001887761071536,0.1863524776261912,0.0001,0.9977923344163333
2965,0.9927720935301171,0.7420257456887808,0.0127952891963007,0.23795105995984397,0.18927932773956663,0.0001,0.9972605426703215
2966,0.9967792126034626,0.7430052114064989,0.012791814475223935,0.2409821888375234,0.18872898294161589,0.0001,0.9972216143448502
2967,0.996191832042369,0.7429346282632066,0.012795899992782252,0.24046130197285154,0.18873470326466202,0.0001,0.9965901294779824
2968,0.9979266813270461,0.7427925168863416,0.012807350371478779,0.24232681618500918,0.18861690009462423,0.0001,0.9964476665304349
2969,0.9995111963328194,0.7420280280751582,0.012785895359201799,0.2446972735180816,0.18909237885934585,0.0001,0.9962003311206555
2970,0.9961128541954148,0.7422762353570176,0.012796628547730358,0.24103999095562748,0.18895720410903133,0.0001,0.9965712391459677
2971,0.994409836571792,0.7430001720937222,0.012796816912916079,0.23861284824522708,0.19150364936969827,0.0001,0.9963769650362568
2972,0.9936120282805716,0.7423987954431809,0.012794388477023669,0.238418843725632,0.19271964182355583,0.0001,0.9959988650032763
2973,0.9943992033691483,0.7426553682913403,0.012796448645678785,0.23894738611476174,0.18866079468393424,0.0001,0.9956998331309815
2974,0.9991107504459714,0.7425625557589967,0.012801244341093919,0.24374695111663056,0.18972567116754777,0.0001,0.9960825688698713
2975,0.9960707157668912,0.7424243431062292,0.012768646766399515,0.24087772929462895,0.18894138209839137,0.0001,0.9964124310935487
2976,0.9963871347009531,0.7430456240810681,0.01279254278836821,0.24054896765016398,0.18859202806171008,0.0001,0.9963732233032976
2977,1.0004567782003546,0.743437604657535,0.012808027905818174,0.2442111468157952,0.1897454737831081,0.0001,0.9967997179190963
2978,0.997148319020958,0.7423671337702211,0.012799061336091759,0.24198212556193374,0.18798866320937932,0.0001,0.9967218816884875
2979,0.9964894197775432,0.7418451517155398,0.012797652103354432,0.241846618920746,0.1902302415931926,0.0001,0.9964197040329598
2980,0.9991805496612378,0.7421780698923262,0.012800668847971949,0.24420181219040984,0.18971694090061691,0.0001,0.9967264735795421
2981,0.9976948830950816,0.742467409577863,0.01279577618921988,0.2424316995949097,0.1873086466629655,0.0001,0.997054978231871
2982,0.9998928980701594,0.7422916054967451,0.012791011686499171,0.2448102815669884,0.18803054151742984,0.0001,0.99768306521083
2983,0.9951443588757853,0.7423132060749293,0.01279820462511229,0.24003294788860163,0.19003188319912304,0.0001,0.9977575807614937
2984,0.9989940688527864,0.7424452607094879,0.012811196503242663,0.2437376147230547,0.19000407992947174,0.0001,0.997745912602175
2985,0.9959138691062618,0.7426653732876265,0.012801503554802637,0.24044699220338167,0.1903335490768386,0.0001,0.9977302279361122
2986,0.9957000338765235,0.7422714733932372,0.012785581497826876,0.24064297768576393,0.18761536095132691,0.0001,0.9976615178536692
2987,0.9949673339271159,0.7427161082051105,0.012788991657280294,0.23946223613517037,0.1887827364776971,0.0001,0.9971125734263454
2988,0.9967767402801746,0.7422418715262268,0.012794875469942847,0.24173999432678397,0.19030315799234362,0.0001,0.997075415552267
2989,0.9983973489813582,0.7424706080380608,0.012792864387465781,0.24313387616290041,0.18718686152786077,0.0001,0.9972662084726485
2990,0.99685320348817,0.7422444701920174,0.012797009146963124,0.2418117250257283,0.18934451430491936,0.0001,0.9970334738553417
2991,0.9965705708364444,0.7431483757181535,0.012797227495824105,0.24062496638322214,0.18781915186143067,0.0001,0.9969210426294779
2992,0.9949427656904921,0.7419571405008405,0.012794496805140745,0.24019112980510834,0.1907478648013082,0.0001,0.9964260293915113
2993,0.9998024691190971,0.7427437637930709,0.012802424827405453,0.24425627951629264,0.1894025897520309,0.0001,0.9968918404158422
2994,0.9950972696346879,0.742085263767784,0.012802325687834022,0.24020967999016055,0.1904383580111587,0.0001,0.9965021604940324
2995,0.9975644247285251,0.7423392703518664,0.012777638483724535,0.24244751489549332,0.1898316716507047,0.0001,0.9966672160562589
2996,0.9959152414639146,0.7418054532085906,0.01278870149268098,0.24132108476776137,0.18951400851502137,0.0001,0.9966887368149979
2997,0.9988436223769043,0.7425201099978016,0.012784476696114995,0.2435390357434387,0.18901717203383997,0.0001,0.9970763656599768
2998,0.9920119693990169,0.7426473388323678,0.012788445422422088,0.23657618479663411,0.18877352746940287,0.0001,0.9965998885718612
2999,0.9969495426085125,0.7423648733879925,0.012802604245849362,0.2417820658058714,0.1883374192954077,0.0001,0.9964551079345766
3000,0.9897220186722931,0.7419339934662438,0.012797479939025507,0.2349905460831118,0.1899670624527438,0.0001,0.9957419894529886
3001,1.0000160594015528,0.7421433334418291,0.012787513994058296,0.24508521325024824,0.18737980919846656,0.0001,0.9960865383094996
3002,1.0010515878215038,0.7423644064647914,0.012787020714239464,0.2459001597205959,0.18769102980350627,0.0001,0.9966974205226007
3003,0.9948388456572868,0.7424491524212743,0.012781758337427104,0.23960793622850646,0.18980132052429308,0.0001,0.9962010581764197
3004,0.9956601137563617,0.7421204008872321,0.012791733229136128,0.24074797985157184,0.1915165222803429,0.0001,0.9962573425885871
3005,0.9983107662829618,0.7425817225816042,0.012807231645796894,0.2429218110278944,0.1886941140430694,0.0001,0.9963319767440308
3006,0.9987141908303235,0.7422842915353136,0.012788340237754837,0.24364155763665754,0.18950421020056124,0.0001,0.9966118716806717
3007,0.9951653889178262,0.742660633086191,0.012798344145923792,0.2397064141793135,0.18867426633109427,0.0001,0.9962440483347639
3008,0.9985102817688221,0.7421745992819145,0.012799029417985835,0.24353665284223053,0.187721166056987,0.0001,0.9968938795717446
3009,0.9989462053558164,0.7423006159538671,0.012801202025423185,0.24384438860065796,0.19010485216038223,0.0001,0.9970935458464748
3010,0.9970337018279952,0.7420436110022586,0.012786798980124824,0.2422032928732781,0.18861266468891508,0.0001,0.997824714162045
3011,0.9943616627196028,0.741631132110379,0.012809542081418917,0.23992098822555,0.1893822571931456,0.0001,0.9972592744938501
3012,0.9957711817526672,0.742190427760807,0.01279209254963161,0.24078866191072348,0.19533955754663107,0.0001,0.9967312338869665
3013,0.9978160913769178,0.7428885523010703,0.01277802948052211,0.24214950835608082,0.1886368562253929,0.0001,0.9970289584589296
3014,0.997216498150545,0.7429463024313503,0.012803432907584232,0.24146676426243346,0.19111995408065904,0.0001,0.9971845968983478
3015,1.0002394653478937,0.741999679598315,0.01278656128695722,0.24545322343495507,0.18844885323158866,0.0001,0.997377466804841
3016,0.9989407148370878,0.7421592397815557,0.012779949402954226,0.24400152652911675,0.19094921470172024,0.0001,0.9974001192055175
3017,0.9959352016448975,0.742646699382132,0.01279892205708409,0.24048958005455395,0.18798450454616158,0.0001,0.9974771004782246
3018,0.9968680162700629,0.7422142698605211,0.012785187115775644,0.2418685588857223,0.18802964608761166,0.0001,0.9973128739283487
3019,0.9952789007045676,0.7426836951267405,0.01279377115183863,0.23980143418418468,0.18969712915696188,0.0001,0.9969461434632239
3020,0.9957909231011814,0.7422320157229054,0.012787246559019264,0.240771664563438,0.1871539996011262,0.0001,0.9968218655905423
3021,0.997118173095324,0.7423907609063278,0.01278562308808611,0.24194179080864964,0.1919421824432048,0.0001,0.9970975166281144
3022,0.9976223444841938,0.7422688928627339,0.012796443325994465,0.24255701027523432,0.190118181778016,0.0001,0.9972826329012671
3023,0.9961124558236004,0.7415525482827703,0.012790760210513102,0.2417691461061851,0.18706321335467557,0.0001,0.9971122693459356
3024,0.9978083831543371,0.7425286318902795,0.012799618210318607,0.24248013501839513,0.18883258881119153,0.0001,0.9971714578463147
3025,0.9986279586265827,0.7420403938022637,0.012794459083742835,0.2437931047582481,0.18879391286242564,0.0001,0.9970103071741836
3026,0.9957854698202431,0.7427385168917039,0.01280138893978591,0.24024556480484124,0.19101801611347083,0.0001,0.996694782672499
3027,0.9980442625513909,0.7422993161373641,0.012803974548169613,0.242940972742396,0.18869138078322034,0.0001,0.9969056887631483
3028,0.9959543682257012,0.7427596078683106,0.012789067100076115,0.24040569404317688,0.1891842309770913,0.0001,0.9968143239587123
3029,0.9990173532319601,0.7427226534721576,0.012789884397030844,0.243504814879164,0.19026946728297228,0.0001,0.9971881692114515
3030,0.9987273254936172,0.7418072174093544,0.012796718498756146,0.24412338834626196,0.19030260958125092,0.0001,0.9974818094506949
3031,0.9963903115197079,0.7421769262810991,0.012785119894310137,0.24142826584301905,0.1910499288392599,0.0001,0.9974090232931333
3032,0.9970451708255869,0.7430049005676719,0.012785867309957198,0.24125440400584958,0.18905599563407124,0.0001,0.9973513059272727
3033,0.9996597500892005,0.7426173309767222,0.012794584338128204,0.24424783604382017,0.18940968636204214,0.0001,0.9977060353538327
3034,0.9971580567031071,0.7424417720846908,0.012809584638893484,0.24190670144545862,0.1901709692473344,0.0001,0.9976410027087097
3035,0.9966762502343369,0.7421477178289247,0.01279097904298175,0.24173755377047443,0.18866843867737187,0.0001,0.9974458318694852
3036,0.998002329777027,0.7419141708716418,0.012798686298347147,0.24328947649101215,0.18855183216427693,0.0001,0.9976675178651636
3037,0.9976780828065853,0.7426433607966131,0.012780018317046562,0.24225470591449835,0.188069838085958,0.0001,0.9976308998906831
3038,0.9972975748547676,0.7426446358282233,0.012787374473246793,0.24186556286067074,0.18899703730071535,0.0001,0.9977652205535896
3039,0.9965753558924909,0.7426474154841828,0.012796918954133504,0.2411310220435715,0.18964340799236878,0.0001,0.9975210208196428
3040,0.9976424380199904,0.7423316315269857,0.012791081567806839,0.24251972530301638,0.18888559148592107,0.0001,0.99741253207228
3041,0.9980321382654125,0.7418727336742331,0.012783582505541447,0.2433758252895386,0.18958649903717195,0.0001,0.9975767147468504
3042,1.0004324534601905,0.7429856653145795,0.012792522235042425,0.24465426696846015,0.18838172821558513,0.0001,0.9979154430103108
3043,0.9958721425905672,0.7431037673843801,0.012779359885209956,0.23998901399105607,0.18948083115518696,0.0001,0.9975366822604474
3044,0.9986149920169528,0.7428243457666517,0.012802721762512083,0.2429879262106414,0.18862552055238951,0.0001,0.9976823757918319
3045,0.995364384646348,0.7422546711703101,0.012778102021671938,0.24033161160549335,0.1879334723610907,0.0001,0.9975511892330331
3046,0.9941171213047499,0.7417963738373762,0.012797631550028648,0.23952311555463934,0.1894774385869624,0.0001,0.9971626683858055
3047,0.9975135519828564,0.7419064932372459,0.012788046446098034,0.24281901226928704,0.18715011196977951,0.0001,0.9971462153034327
3048,0.9977531017202876,0.7423570136753106,0.012777150523590027,0.2426189384886024,0.19005010574753822,0.0001,0.9971917679899847
3049,0.9973872588082211,0.7417155553796471,0.012786315372459302,0.24288538748183067,0.18966538974406996,0.0001,0.9972729582815576
3050,0.999756974090669,0.7422496495092132,0.012790478750851769,0.24471684626887344,0.18813413112569774,0.0001,0.9974844118886255
3051,0.9949052782377897,0.7424780823154333,0.012780586314249717,0.2396466099934815,0.1886951685193586,0.0001,0.9971717258858632
3052,0.9952642765296642,0.7416121757780079,0.01278488002490804,0.24086722255538975,0.1901933252509177,0.0001,0.9966549081928106
3053,1.0014792958814764,0.7422074293509942,0.012793417392831304,0.246478450467572,0.18928944738109504,0.0001,0.9972156235219014
3054,0.9978227924865352,0.7419728076965766,0.012790923186296382,0.24305906279001227,0.1901347334619468,0.0001,0.9971364035688598
3055,0.9992068608198882,0.742576750611195,0.012779082778017613,0.24385102616120546,0.1886940261473762,0.0001,0.9975206511862137
3056,0.9989248312269214,0.7415774045077589,0.012784763475460648,0.2445626626543051,0.18889128808196612,0.0001,0.9980014221784309
3057,0.9979412855531332,0.7415546398859237,0.012795515041080499,0.2435911316235699,0.1879982375228139,0.0001,0.9980441955354585
3058,0.9941402886508687,0.7417389408328229,0.012791834544942055,0.23960951413452988,0.18929371784835994,0.0001,0.9976829142285167
3059,0.9953442275161434,0.7425425681332788,0.012800089244184822,0.24000157084897855,0.18863722718269782,0.0001,0.997478611099309
3060,0.9974198691985187,0.742197244936264,0.012788240372771906,0.242434384856698,0.1918072229587524,0.0001,0.997244900610094
3061,0.996153690631201,0.7423788417909015,0.012788103753606398,0.24098674591789382,0.1901529283238231,0.0001,0.9973697418494352
3062,0.9960621337861608,0.741731138911257,0.01278020474780162,0.24155079321010117,0.18952299696799466,0.0001,0.9974495275750848
3063,0.9994176858337124,0.7422368191560432,0.012766329076662508,0.24441453893092777,0.19108523803236035,0.0001,0.9972433665703082
3064,0.9995675450889866,0.7424796701203011,0.012799159992055525,0.24428871561136498,0.1892779772047097,0.0001,0.9974178418305535
3065,0.9967517540856259,0.7429340937558342,0.012790073971235728,0.24102758721998208,0.19230064698334398,0.0001,0.9971723311571272
3066,0.9978564779366731,0.7424674926374796,0.012792638784489815,0.24259634727034077,0.18835162007179995,0.0001,0.9970654958281024
3067,0.9966335980935707,0.7425702627725582,0.012784733491785386,0.24127860184433977,0.1883175277262624,0.0001,0.996934727082146
3068,0.9953501844744653,0.7422231452702025,0.012792921936777977,0.24033411956462125,0.19022482201366347,0.0001,0.9970557166645058
3069,0.9959132396908851,0.741889239808367,0.012794736190935177,0.2412292652330824,0.18858142278740905,0.0001,0.99711261788198
3070,0.9959182600220609,0.742060145064735,0.012787807785715099,0.24107030569056226,0.18989139375169184,0.0001,0.9969624569643342
3071,0.9969256417504673,0.7424688211077367,0.012779165233124584,0.24167765690576715,0.1918425364136454,0.0001,0.9970396520762608
3072,0.9969500908987033,0.7420920221849098,0.01278784889236667,0.24207021874842247,0.1889586274872929,0.0001,0.9971284477875152
3073,0.9972866114689902,0.7426839449100997,0.012783530517717403,0.24181913551222722,0.18793352453026763,0.0001,0.9969153403510427
3074,0.9982439695458867,0.7422144178444667,0.012792290345166808,0.24323726307910548,0.1924829334625124,0.0001,0.9967829827967328
3075,0.9992047347596886,0.742772748818504,0.012788484594642996,0.2436435008478213,0.1884838889143288,0.0001,0.9970282808641391
3076,0.9921614019914283,0.7424701946744087,0.012783273238439348,0.23690793476998806,0.18846341366095667,0.0001,0.9964587732696145
3077,0.9960295244839805,0.7420415369298831,0.012774851694551975,0.24121313474120282,0.19048430633109675,0.0001,0.9963983659086555
3078,0.9958981974371548,0.7416046576132397,0.012780583412603722,0.2415129597361141,0.18806556374983177,0.0001,0.9964531672049246
3079,1.0008042684433185,0.7425332080278145,0.012796868900740123,0.24547419159032752,0.18809047815886762,0.0001,0.9969422700801678
3080,0.9983793290343295,0.7424802034186543,0.012781861104056028,0.24311726537304523,0.190554136950636,0.0001,0.9971883769813946
3081,0.9958530975161894,0.7421978135379768,0.01277384385617703,0.2408814419809026,0.18900797677813871,0.0001,0.997081122557967
3082,0.9977083288390061,0.7426114827092231,0.012789599793919686,0.242307246819471,0.18830780687970516,0.0001,0.9971569463519974
3083,0.9937520345132684,0.7424070952388384,0.012770427651627794,0.23857451215174813,0.1880835830621255,0.0001,0.9968034886564251
3084,0.997817918809384,0.7419521653869815,0.012790974932316592,0.2430747800315853,0.18859211547379562,0.0001,0.9967608835827748
3085,0.9955028935088105,0.7418232268784157,0.012792314283746251,0.24088735054823254,0.18890399750299433,0.0001,0.9963906994576869
3086,0.9983617506210992,0.7417685164641173,0.01278784816695517,0.24380538896723644,0.19077208329891338,0.0001,0.9970107343206541
3087,0.9973555571167271,0.7415604139196461,0.012775869688687895,0.24301927402222617,0.18890009684446618,0.0001,0.9971433375839288
3088,0.9982110431179797,0.7418455340073994,0.01278685217696803,0.2435786598352583,0.19051829696789715,0.0001,0.9973746221520112
3089,0.9985262702009499,0.7424084689264123,0.012768512807076166,0.24334929090061247,0.18953615723226908,0.0001,0.9971468223277743
3090,0.9974506960437457,0.7423935172282174,0.012787089386527969,0.2422700899881717,0.18878874264309906,0.0001,0.997053959028716
3091,0.996835555314534,0.7418968718627403,0.01278899842778761,0.2421496856587412,0.18913951727729783,0.0001,0.9971522048085506
3092,0.9954928351947793,0.741654320735235,0.012788045478882702,0.24105047139869984,0.1914582964614729,0.0001,0.9969306554441278
3093,0.9996995690144583,0.742531502706284,0.012783122352847705,0.2443849438495375,0.18862940552389404,0.0001,0.9975254088942467
3094,0.9937030681490173,0.7422759339485401,0.012790101053264996,0.23863703304142303,0.18793189706957122,0.0001,0.9971139238282101
3095,1.0006031811116434,0.7419102743237788,0.012787639732051331,0.2459052684461853,0.18877036951134704,0.0001,0.9976239525884933
3096,1.0008710794468196,0.742531411546239,0.012791795856328813,0.2455478713339531,0.18964314031552593,0.0001,0.9978748854710654
3097,0.9954000022300117,0.7426416392742258,0.01277522358884676,0.23998313975987037,0.19096211529890375,0.0001,0.9976793299823938
3098,0.9995259331883088,0.741483999556025,0.012784966107072502,0.24525696696604,0.19346679033783337,0.0001,0.9978108189894268
3099,0.993863523248243,0.7417948868647066,0.012775921192904273,0.2392927148732646,0.18893777798203862,0.0001,0.9973445442941561
3100,0.996324830316385,0.7420151910723828,0.012781294074068205,0.24152834740661946,0.18949973571131243,0.0001,0.99723195772142
3101,0.9973243495513653,0.7425028015585506,0.012777858525212347,0.24204368949027139,0.18833524629503912,0.0001,0.9972808371451031
3102,0.9958805536159879,0.7424862627808995,0.012790200676444095,0.24060409106540873,0.19057515922472879,0.0001,0.9973196089872239
3103,0.9970990935639,0.7424151777737523,0.012785963064274972,0.24189795225737787,0.18809463404134127,0.0001,0.9970595614421681
3104,0.9979769806349253,0.7422423580355383,0.012778700002550353,0.24295592380585584,0.19081402033506978,0.0001,0.9974869526907589
3105,0.9997914341593853,0.7424839242960328,0.012769274730953193,0.24453823513239925,0.18824775501874108,0.0001,0.9974057779955332
3106,0.996756809961965,0.7420414340423522,0.012779231970982427,0.24193614403930688,0.18785874648340817,0.0001,0.9969943510470479
3107,0.9983487316609396,0.7422624365794973,0.012781741894766477,0.24330455376095994,0.1892291473387221,0.0001,0.9972892239901405
3108,0.9954112146737367,0.741767436810004,0.012802913754755296,0.2408408649855163,0.19081275781680798,0.0001,0.9968777521386833
3109,0.9918673552315811,0.7418558540740796,0.012791730327490135,0.23721977058820745,0.1892843635159622,0.0001,0.996678135337017
3110,1.0000302888316992,0.7425130823321081,0.012787209079425184,0.2447299976166315,0.18983015487571275,0.0001,0.9970486811885486
3111,0.9965041777908681,0.7420649551474782,0.012781537328723962,0.24165768711308194,0.1904403613559131,0.0001,0.9969666640124988
3112,0.9966535504159288,0.7419222705746278,0.012789142784675769,0.2419421372077528,0.1885027214129121,0.0001,0.9970439636924929
3113,0.997397906156389,0.7428022336524592,0.012782594978688454,0.24181307826576562,0.19068796603239574,0.0001,0.9970738449517418
3114,0.9967887871889265,0.7415840976378497,0.012770859513273104,0.24243383011336742,0.1896131159265433,0.0001,0.9969550256071418
3115,0.9955663376357444,0.7421663085539008,0.012775360449816102,0.24062466834488552,0.19089292621515827,0.0001,0.9965325159547778
3116,0.9971655097017423,0.7422503501358187,0.012775271707809479,0.24213988844751103,0.18774952345034657,0.0001,0.9965733859287556
3117,0.9945204516695189,0.7420409303649685,0.012771201907500291,0.23970832017535612,0.18914357631733644,0.0001,0.9961905579296136
3118,0.9958606241440918,0.7414202115840409,0.012770921656858123,0.2416694893768061,0.19104301926451328,0.0001,0.9962354988766491
3119,0.999147893449114,0.7422848319668799,0.012785909383824099,0.24407715146367498,0.18996743933424262,0.0001,0.9969635526984023
3120,0.9953151131256599,0.7418472465830449,0.012787951175387927,0.24067991722609403,0.19030272646317858,0.0001,0.9964920351277984
3121,0.9944041249234584,0.7420729183522006,0.012786207527949893,0.23954499976871946,0.1919592507107988,0.0001,0.9962820298410573
3122,0.9971030579377381,0.7420790329666215,0.012794423296775586,0.24222960135697352,0.19451941147779112,0.0001,0.9963269805932382
3123,0.991900424807357,0.7424132183163935,0.012770943661006904,0.23671626519510036,0.188954371467807,0.0001,0.995777232458335
3124,0.9918324132478261,0.7421127346176163,0.012785024381796196,0.2369346543844283,0.18859529307841288,0.0001,0.9952815950642251
3125,0.9974762249669971,0.7416011081747786,0.012778426764219334,0.24309669283896865,0.18866556931219042,0.0001,0.9954725837973504
3126,0.9966247553274066,0.7419497355002661,0.012773765995342882,0.24190125643118884,0.1940569168837027,0.0001,0.9954185083599167
3127,0.9972920925573693,0.7420510469537236,0.012778754650216557,0.24246229204154643,0.19072789778936708,0.0001,0.9956956724487018
3128,0.9929823351921948,0.7426175436431931,0.012787988896785837,0.23757680250108845,0.1903884609137297,0.0001,0.9954078435535122
3129,0.9935594734265403,0.7413353288874907,0.012779965362007187,0.23944418182177185,0.19021019886642634,0.0001,0.9948490015512548
3130,0.9945737540600992,0.7423550485355617,0.012790261127402284,0.23942844550036513,0.19204806522834617,0.0001,0.9947748656446986
3131,0.9984899363943336,0.7420273406268617,0.012773009874757841,0.24368958616474337,0.18940252231898705,0.0001,0.9951834467917863
3132,0.9964634391647323,0.7419273460370773,0.012785579079788549,0.2417505145012486,0.18979976986653907,0.0001,0.9951194849144855
3133,0.9958516526173868,0.7418407859473393,0.012773200174374222,0.2412376646519191,0.1883809407209528,0.0001,0.9955146076954886
3134,0.9914629882537811,0.7419384361280631,0.012776919842733573,0.2367476338698221,0.1886802055772855,0.0001,0.9954776651960839
3135,0.9969316255490146,0.7423837187324044,0.012781086364575863,0.2417668211925586,0.18995371049848095,0.0001,0.9954232052542858
3136,0.9999230578995137,0.7424071373127054,0.012767939006581026,0.24474798139887455,0.18955437313107884,0.0001,0.9957530355114965
3137,0.9976443222763572,0.7418955455687176,0.012786829931015417,0.24296194650459482,0.18916900443861498,0.0001,0.9957882584833955
3138,0.9962516850196808,0.7421629773433988,0.012783899268562363,0.24130480718358777,0.1887246144531223,0.0001,0.9961151934661439
3139,0.9977362871653651,0.7420449302839701,0.012785579563396213,0.24290577857235623,0.19051498513192724,0.0001,0.9965328748400264
3140,0.9960126075251349,0.7422443972881619,0.0127809021100553,0.2409873094870643,0.19121353965985605,0.0001,0.99667676018653
3141,0.9999507617273389,0.7415975991175576,0.012765496787870147,0.24558766437108812,0.19002296381136952,0.0001,0.9968228427198305
3142,0.9962602089674912,0.7425132390209918,0.012774954219377065,0.24097201575734795,0.19159325228864232,0.0001,0.9968025197001065
3143,0.9942856836028805,0.7422642214544888,0.012770598365133723,0.23925086629197273,0.18855022435014196,0.0001,0.9966459227986558
3144,0.9952538905714395,0.7415335225526991,0.012790854514007879,0.24092951377676178,0.18916837725992378,0.0001,0.9970250130304216
3145,0.9945207723014011,0.742377185676451,0.012780424305681767,0.23936316188099901,0.1915470640388512,0.0001,0.9967839277056603
3146,0.99590611034668,0.7418902222573395,0.012787373747835295,0.241228516155034,0.1919715334991896,0.0001,0.9963822329503771
3147,0.9976683732945827,0.7417733439567364,0.012774778427990649,0.2431202498368511,0.19130421509970033,0.0001,0.9963846380521995
3148,0.9995477885068309,0.7415964998773339,0.01277554591335583,0.24517574202095518,0.19142131516464342,0.0001,0.9967142484009145
3149,0.9978347506532804,0.7419656841556634,0.012780503133731247,0.24308856324298386,0.19083366154657175,0.0001,0.996724094749706
3150,0.9958738785002826,0.7416796440043265,0.012779451528862572,0.2414147849468624,0.18961294832626172,0.0001,0.9967102218472208
3151,0.9958817179014426,0.7417142996923435,0.012768857135734016,0.24139856249396263,0.19048301243878765,0.0001,0.9963033174646311
3152,0.9975288581654701,0.7424134172000459,0.012763821570916786,0.2423516166742143,0.1905881034372786,0.0001,0.9964301823844292
3153,0.995884768014989,0.7422504394823349,0.012768104400402634,0.24086622461585921,0.19122683424615958,0.0001,0.99659009082564
3154,0.9964353908873474,0.7421799661179826,0.012789495334663933,0.24146592961605373,0.1887230332374089,0.0001,0.9967082408572306
3155,0.9943744373369894,0.7422520032277213,0.012772257623034123,0.2393501787833703,0.18986019703727708,0.0001,0.9966936073607897
3156,0.9962064373565735,0.7421944334831005,0.012777099986588979,0.2412349039926732,0.18944279919047868,0.0001,0.9967236400617789
3157,0.9934659202490569,0.741452445243967,0.012780811191814182,0.23923266340523172,0.1896322455718116,0.0001,0.9963033947572262
3158,0.9974813965464703,0.7422179382664679,0.012768555364550732,0.24249490229582932,0.18975100147917595,0.0001,0.9960967555611904
3159,0.9980950719444553,0.7423058184842309,0.0127597650698184,0.2430294897505526,0.1916503246730046,0.0001,0.9961227876903077
3160,0.9997305317534394,0.7420501786361602,0.012765105791072574,0.2449152471297411,0.19123437296425352,0.0001,0.9965084530156234
3161,0.9955895349655384,0.7428576034658095,0.01278490904136797,0.23994702548090874,0.189275573735063,0.0001,0.9964792347220328
3162,0.9945260413278189,0.7418533096932495,0.012774074053425817,0.23989865812520225,0.18891524249956043,0.0001,0.9961789530382678
3163,0.9988245499786934,0.7421650511739704,0.012779249139054552,0.24388024975634492,0.18878281781446135,0.0001,0.9964729312346382
3164,1.0004745932186352,0.7416147941508109,0.012780139944374441,0.24607965939547904,0.1907119406103846,0.0001,0.9968768514677672
3165,0.9963513450738625,0.7424586622033109,0.012779332803180686,0.2411133493721848,0.1915439668944593,0.0001,0.9970745422414543
3166,0.9994445276308737,0.7415390720715629,0.01279548457379757,0.24510997361512987,0.18784184116137198,0.0001,0.9973983512688843
3167,0.9952486317007827,0.7417605074375686,0.012765270217678851,0.2407228527911778,0.1885713924017204,0.0001,0.997576622414057
3168,0.9967445372084334,0.7415446358568528,0.012776526911505338,0.24242337382045284,0.18962473236402197,0.0001,0.9975029364802535
3169,0.9947766844205875,0.7418562726365142,0.012786784230091025,0.2401336274481932,0.19053225470121202,0.0001,0.9971710977278665
3170,0.99508676108192,0.7419788461427902,0.012772276967340745,0.24033563739750496,0.1888955590026132,0.0001,0.9967067206607145
3171,0.9930680995055193,0.7422932490373964,0.01276717804991933,0.23800767522917315,0.18877007596149406,0.0001,0.9964545771147127
3172,0.9987754960814548,0.7427254389314091,0.012768149859523193,0.2432819060210524,0.19114020835555348,0.0001,0.9968795225900763
3173,0.9951379613508801,0.7419680246958626,0.012769381124639607,0.24040055612733108,0.1917522617938794,0.0001,0.996510863727295
3174,0.9965290934995995,0.7422608850452044,0.01278273836836128,0.24148547129505304,0.1895311858059185,0.0001,0.9961163137553914
3175,0.9985257425849868,0.7414806807984203,0.012765726259707438,0.244279333441301,0.19005122741506744,0.0001,0.9963337535065037
3176,0.9945229430953098,0.7416514784520828,0.012765867231341937,0.24010559934631565,0.19090772769272207,0.0001,0.9958415950529474
3177,0.9992930302755344,0.7414753805793082,0.012770405889282846,0.24504724296063005,0.19048326270575455,0.0001,0.9962460349104226
3178,0.9988007464466907,0.742192376820601,0.012775817217256187,0.24383255192522588,0.18962353597910844,0.0001,0.9964516558342483
3179,0.9959313614373275,0.7418848658188362,0.012762448125146706,0.2412840478258249,0.18779346301516944,0.0001,0.9965671235359223
3180,0.9976724846851511,0.7422899189150116,0.012794222599594394,0.2425883445609172,0.19037451076701012,0.0001,0.9968256958962453
3181,0.995791714646028,0.7412485068032998,0.012775085760662087,0.24176812274702664,0.19024337090657642,0.0001,0.9970980574102961
3182,0.9936254255428275,0.7421686904425553,0.012782426925024687,0.2386743073591596,0.19394158346778723,0.0001,0.9965830503564336
3183,0.9973230557799581,0.7418365115809876,0.012772933706550521,0.24271361185256657,0.19074460102385005,0.0001,0.9968015597993413
3184,0.9997873393323794,0.7422634961638924,0.012780776613866097,0.24474306767296355,0.19080277016994676,0.0001,0.9971273843826193
3185,0.995755665079817,0.7416340134448502,0.012768926291630185,0.24135272579671888,0.1897869672301333,0.0001,0.9968503766321023
3186,1.0010667474709949,0.7420299998645125,0.012779273077633995,0.24625747567741674,0.19104380842154697,0.0001,0.9975047570696709
3187,0.9988856558625645,0.7421016408995731,0.012771622162561629,0.24401239302712086,0.19150476532461194,0.0001,0.9974640196283738
3188,0.9972093684436342,0.7422877339755788,0.012775847200931448,0.2421457879320845,0.19189033099652303,0.0001,0.9973048818280683
3189,0.9961313351414508,0.7422589244997284,0.012765206623270835,0.24110720512923797,0.18963407684291353,0.0001,0.9973248791984805
3190,0.9955215229223998,0.7417118927769922,0.012787371813404632,0.24102226005485528,0.1901342774199182,0.0001,0.9971097830222055
3191,0.9944736502958843,0.7418486392522197,0.0127638430914579,0.23986117071783808,0.19027162979509962,0.0001,0.9969779765871911
3192,0.9958337517587457,0.742121661652416,0.012777632922236383,0.24093445767525726,0.18925672926719,0.0001,0.9971988092087829
3193,0.9958553628553967,0.741926518100754,0.012780757753167143,0.2411480883616221,0.1928926898548134,0.0001,0.9970520399163266
3194,0.9962394174649314,0.7422583789902817,0.012760547547021212,0.2412204904591336,0.1917308776905764,0.0001,0.9966972477295819
3195,0.9950264270358831,0.7417393395673431,0.012771081247387744,0.240516005828221,0.19183386762533905,0.0001,0.9966243239251884
3196,0.9935770981452045,0.7414236090487931,0.012787503596493487,0.239365984562928,0.18947249034355426,0.0001,0.9958753589926095
3197,0.996356414853922,0.7415062307586051,0.012785492755820253,0.24206469118836926,0.19283749151060595,0.0001,0.9956224348917452
3198,0.9936249844926366,0.7421552014157448,0.012769473977311388,0.23870031053529067,0.18935493254395575,0.0001,0.9952639964966454
3199,0.9993550426819745,0.742280044492795,0.012768332179613094,0.24430666903211426,0.1904039790978538,0.0001,0.9955863672506979
3200,0.996217073823569,0.7421981625818094,0.012776947408370508,0.24124196576781978,0.19153484481464292,0.0001,0.9956559223408148
3201,0.9984054664569258,0.7418348941551502,0.012752681910145355,0.24381789016493918,0.18925193490169595,0.0001,0.996049103956919
3202,0.9947937483961635,0.7417830812761798,0.01278062355203996,0.24023004544192347,0.19142667465592011,0.0001,0.9959451036206609
3203,0.9974675537606523,0.7421837019871989,0.01278285201616268,0.24250099942481057,0.18929229839941067,0.0001,0.9961063227111863
3204,0.9964870016183137,0.7418377600141761,0.012779057388615173,0.24187018531119606,0.19268628577068903,0.0001,0.9961310811265246
3205,0.9980361351618661,0.7424519513006385,0.012760619362759542,0.24282356594929105,0.19139895477836563,0.0001,0.996432051939123
3206,0.9991758236053265,0.7421870567735745,0.012772865034262016,0.244215903943499,0.18898288056284612,0.0001,0.9969919244851351
3207,0.99627291999047,0.7418245505125962,0.012770907148628158,0.24167746322089712,0.19073119272929417,0.0001,0.9969835749987899
3208,0.9967392542782951,0.7423281658735527,0.012771062870296454,0.24164002458234346,0.18907296757306336,0.0001,0.9972950019773557
3209,0.995540296934681,0.741769679540553,0.012773558044046708,0.24099705844331706,0.18952317977169222,0.0001,0.9969135274026264
3210,0.9975940247820066,0.741914533456489,0.012775205453559303,0.24290428433045896,0.19129954420528839,0.0001,0.99705122249847
3211,0.9953509956054223,0.7414720500942176,0.012768243679410304,0.24111070134818674,0.19027128401561877,0.0001,0.9967457754133197
3212,0.9935485765368169,0.7418172451352009,0.01276485044622518,0.2389664816203514,0.1903823932999288,0.0001,0.9966212582273851
3213,0.990303677550194,0.7420375541789537,0.012774899813514694,0.23549122302877976,0.19242661595949054,0.0001,0.9959048706063391
3214,0.9972094244212214,0.7418065416885438,0.012775344732566973,0.2426275387708604,0.1924215931498255,0.0001,0.99597711288663
3215,0.9934676040500463,0.7417917518780149,0.012770719267050102,0.23890513400821126,0.1914362820360288,0.0001,0.995520259775448
3216,0.9922280644064743,0.742133114328249,0.012775855180457929,0.23731909766339868,0.192169002206282,0.0001,0.9948254838555627
3217,0.9968519765755226,0.7423250151696118,0.012779082778017613,0.24174787834075112,0.19077868771722303,0.0001,0.9948833895140681
3218,0.994490830458202,0.741822599034764,0.012783670763940404,0.23988455928423824,0.1931837788399528,0.0001,0.9946585471320588
3219,0.9914793629675318,0.7419478505184878,0.012758776575750076,0.23677273706720034,0.18897446754254385,0.0001,0.9942524537353439
3220,0.9928325240558833,0.7414706894640507,0.012771542850904484,0.2385902917862664,0.19252102167683732,0.0001,0.9937763036627315
3221,0.996295859799182,0.7417979231954346,0.01277625198054749,0.24172168429071955,0.18977061412760016,0.0001,0.9938707900821075
3222,0.9967610207339087,0.741923221589102,0.012768556573569895,0.2420692455635593,0.18757246857845275,0.0001,0.9941920345018167
3223,0.9984905063259674,0.7418852714447656,0.012768973685181408,0.24383626044038342,0.1887824220118126,0.0001,0.9950107173793941
3224,0.9954327624177836,0.7418818049450191,0.01276147510652368,0.24078948227556435,0.19172158396026426,0.0001,0.9948330511790502
3225,0.9980729384306236,0.7416961392572878,0.012776610575631472,0.24360018942890496,0.19141417560422638,0.0001,0.995293584617108
3226,0.9942050977604384,0.7412475300367174,0.012771236001840712,0.24018633285533583,0.1904232040440577,0.0001,0.9954912879525045
3227,1.0015930254125691,0.7422748779912024,0.012776561489453423,0.2465415893473925,0.19480432633454128,0.0001,0.9959653928362091
3228,0.9968781259674088,0.7418002101760849,0.012774511234755448,0.24230340535754363,0.1895811285135954,0.0001,0.9962041223871297
3229,0.9944404971768842,0.7418735693482792,0.012770243397107231,0.23979668263308174,0.19047950144713596,0.0001,0.996500235808065
3230,0.9984062136307691,0.7420201909711347,0.012761800332678742,0.2436242236417641,0.19000338347398243,0.0001,0.9970576047655534
3231,0.9961221598950167,0.7419270669954544,0.012780068370439943,0.24141502442333326,0.19145194593718762,0.0001,0.9970402347751369
3232,0.9953421274498558,0.7422972355362851,0.01275660880438938,0.24028828445421513,0.19268457011204462,0.0001,0.9968983454467317
3233,0.9961785440754455,0.7418265376564939,0.012775571060954437,0.24157643588694308,0.19137464379079444,0.0001,0.9966671492216793
3234,0.9938861678144753,0.7415830362399258,0.012772934673765852,0.23953019812491555,0.19102561848642377,0.0001,0.9965124897613485
3235,0.9990522182011943,0.7420701821000291,0.012777705705190044,0.24420432967056369,0.18975736261260437,0.0001,0.9966104177384058
3236,0.9961632475649851,0.7416920388687939,0.012780429625366086,0.24169078008337871,0.1938339978698301,0.0001,0.9968062327188603
3237,0.9939006108783079,0.7417286855695697,0.012748846417750113,0.2394230783469295,0.1872966712676971,0.0001,0.9960369912654341
3238,0.9941409395867864,0.7416284426472491,0.012758677919786311,0.23975381874772161,0.19005607258959184,0.0001,0.9957632726273721
3239,0.9936024925046228,0.7420006894920226,0.012777256675472607,0.23882454754614685,0.1900812327922237,0.0001,0.9956794721601459
3240,0.9976495412493817,0.7416533756449547,0.012767829227640953,0.24322833775204528,0.19121448066969673,0.0001,0.9956038049220071
3241,0.9961070946699224,0.7414498402912767,0.012770253794672039,0.24188700088622847,0.19148964530072396,0.0001,0.9956022983994977
3242,0.9965461863707336,0.7422158678211499,0.012770002318685969,0.24156031624601046,0.19001039412273113,0.0001,0.9957227042915855
3243,0.993152213749489,0.741694966508699,0.012778781248638162,0.2386784659014754,0.19119152771290127,0.0001,0.99542007125899
3244,0.9972380267920891,0.7413342072804124,0.012781577951767865,0.2431222417563744,0.18986235598279785,0.0001,0.9957552571567513
3245,0.994814487064586,0.7418650215827911,0.012765317611230072,0.24018414788567755,0.19133053550734724,0.0001,0.9953314840430905
3246,0.9951379636480165,0.7424313046385744,0.012761817742554702,0.239944841523804,0.19189297424489538,0.0001,0.9952289556513936
3247,0.9963402860546693,0.7415471682683933,0.012760044353245239,0.24203307569238525,0.19151467505018804,0.0001,0.9954729231690298
3248,0.9970847433527391,0.7413645134010857,0.012778471739732228,0.24294175871064164,0.18975656103289876,0.0001,0.9957673035456249
3249,0.9964878904892029,0.7416429547460761,0.012783262357266872,0.24206167269067397,0.18984049141527914,0.0001,0.9960558433440829
3250,0.9943925867699707,0.7415730817806406,0.012770575151965778,0.24004893092548146,0.19076870883575076,0.0001,0.9957301478961418
3251,0.9982040185957362,0.74152685602103,0.012777961050037439,0.2438992017815853,0.19064870395113923,0.0001,0.9959398402887232
3252,0.9977422388040028,0.7419489208631534,0.012765183168299058,0.24302813244518837,0.1905846194067543,0.0001,0.9960594455320502
3253,0.9922296835249385,0.7414648004526057,0.012761074679376629,0.23800380815115227,0.19112132051411798,0.0001,0.995967192509595
3254,0.992712637473797,0.741418323096107,0.01275873740352917,0.23853557857611116,0.18870427893214003,0.0001,0.9955146535777659
3255,0.9898951733088155,0.7420220336372422,0.012770081872146948,0.2351030594618277,0.19196096803184456,0.0001,0.9950227222021889
3256,0.9958954594923565,0.7413236514549951,0.012755365690885161,0.24181644302654942,0.1889302313448691,0.0001,0.9950984717866227
3257,0.9938097951620152,0.7413958167207653,0.012772378041342838,0.23964160265170537,0.18942675738015474,0.0001,0.9948454226973574
3258,0.9895235280719781,0.7405969716956118,0.012768469524190102,0.23615808797051893,0.1892139028765367,0.0001,0.9940893011692813
3259,0.9966069729526434,0.7419616272918593,0.012771042800578336,0.241874300472393,0.19094697529597407,0.0001,0.9941012094156253
3260,0.9959245177843508,0.7416228687061983,0.012769067263264685,0.2415325791097074,0.1923318070644781,0.0001,0.9942544025170633
3261,0.9945123080791373,0.7421467195418011,0.012777753098741264,0.23958783554438404,0.18972525792479758,0.0001,0.9938852314654035
3262,0.998161837609738,0.741913428896581,0.012769831363376208,0.24347857635233996,0.1917288679380204,0.0001,0.993927191345977
3263,0.9917056770885692,0.7408723005416669,0.012767840834224926,0.23806553577312833,0.19100650159630767,0.0001,0.9938747907023402
3264,0.994964323348496,0.7413769479213815,0.012780513289492222,0.24080686095882864,0.19083252996508537,0.0001,0.99409995928981
3265,0.9968617791820008,0.7419045533659976,0.012757012133182425,0.24220021431755584,0.1905796532094116,0.0001,0.9947966198771286
3266,0.9976526571335705,0.7420709093250561,0.012771640297849086,0.2428101092788559,0.19049968200208692,0.0001,0.99497233964125
3267,0.994026495404466,0.740968543424084,0.012784303564570738,0.24027365078851126,0.18902050965214356,0.0001,0.994994009665495
3268,0.9955732453667367,0.7413632401830043,0.012782191408091578,0.24142781324669507,0.18991680373768294,0.0001,0.9955989813949708
3269,0.9970000146852304,0.7416359442484548,0.01276700370935591,0.24259706763418404,0.18944729160343657,0.0001,0.9956382855682296
3270,0.9966807314638676,0.7414965560663545,0.012762075505440423,0.24242209969560707,0.19158999881807254,0.0001,0.9957139069361812
3271,0.9984364510791539,0.741624189196929,0.012771584682967551,0.24404067774331595,0.19240203907837974,0.0001,0.9961063212361829
3272,0.9937088196949833,0.7411442781075019,0.012781659923267172,0.23978288137707218,0.19126418405203016,0.0001,0.9956610194447075
3273,0.999130543298702,0.7422371146403268,0.012761452860571067,0.24413197665923023,0.19036277379032082,0.0001,0.9964035060657206
3274,0.9951821327451277,0.7419015582628231,0.012780662724260868,0.2404999134053323,0.1932624944506504,0.0001,0.9964252870053839
3275,0.9986224977288236,0.7412233280119983,0.012772191126980114,0.24462698072074152,0.19118536999694716,0.0001,0.9966013588600664
3276,0.9980135115116653,0.7418544620094144,0.012769123119950052,0.24338992532440906,0.1911572686738465,0.0001,0.9966374442978758
3277,0.9982077492661698,0.7418054891164598,0.012769219841483158,0.2436330426658143,0.18998035601138102,0.0001,0.997055569684046
3278,0.9983362208515345,0.7418873408019664,0.012763074880681222,0.24368580527467612,0.19155011626818116,0.0001,0.9973318672325258
3279,0.9960972487805582,0.7418574025858247,0.012763579041672527,0.24147626919328077,0.18912533617769245,0.0001,0.9972415906420586
3280,0.9935289113565101,0.7408980420104873,0.012780723175219059,0.23985014647305858,0.18935798413855068,0.0001,0.9969264086313228
3281,0.9954471751352353,0.7417094638574921,0.012771068673588442,0.24096664468971277,0.19067719445750872,0.0001,0.996627481036931
3282,0.9952742658087013,0.7413762476574819,0.01275887063744102,0.24113914588160254,0.1908195036903598,0.0001,0.9967840256483027
3283,1.001047672171138,0.7417267674606663,0.01275832391897515,0.24656258047412907,0.1938282389186217,0.0001,0.9969757385355464
3284,0.9928275354010097,0.7416158412823087,0.012773514035749145,0.23843818101994163,0.1910054917630511,0.0001,0.9967402788011345
3285,0.9953295356361668,0.7420311579839695,0.012769623653883866,0.24052875384718603,0.1914590718356881,0.0001,0.9964109825918689
3286,0.994910044795843,0.7417005454067285,0.012765441898400112,0.24044405907755206,0.18930668636219497,0.0001,0.9961006359202866
3287,0.9988209061158356,0.7418970237155473,0.012763683017320613,0.24416019852154153,0.18987369972600415,0.0001,0.9961619516052531
3288,0.9932182605319768,0.7421859212627759,0.012773549580912561,0.23825879076129283,0.19014655951312298,0.0001,0.9956501555732975
3289,0.9939257423969602,0.7417853989659168,0.012774196647969027,0.23936614914066168,0.18948098210122957,0.0001,0.9954330049349377
3290,0.9927611182959519,0.7409706039554449,0.012764107141243274,0.2390264077282097,0.188267123747549,0.0001,0.9953562256288819
3291,0.9951665798017026,0.7411356163315067,0.012774470853515378,0.24125649231442572,0.1901756528968985,0.0001,0.9953281660955285
3292,0.992099723757885,0.741579198692198,0.012759234552209325,0.2377612923270065,0.19002956070353486,0.0001,0.9950107118904471
3293,0.9935379068217944,0.7413750145788367,0.01277796032462594,0.23938493280242712,0.19040552715621661,0.0001,0.9942597353555126
3294,0.9995243305125052,0.7413039034568756,0.012762477625214303,0.24545794884101857,0.19029748297729066,0.0001,0.9949294148666622
3295,0.9975636566386503,0.7421511710294604,0.012768503134922856,0.2426439816581792,0.19172638953941104,0.0001,0.9951528269669104
3296,0.9974338986568954,0.741405327832723,0.012787187075276403,0.24324138435340556,0.1916198076993892,0.0001,0.9954052123530157
3297,0.9931626813165073,0.7414866850293916,0.01276336649610353,0.23891263243574157,0.1898617778902847,0.0001,0.9948393898730827
3298,0.9951770871454514,0.7416735600989924,0.012772015819201362,0.24073151281409524,0.19092567739573743,0.0001,0.9950352725344305
3299,0.9951458472992779,0.7414634979762605,0.012753389428160011,0.24092895879162737,0.19331956931350197,0.0001,0.9951572830246622
3300,0.998020268357066,0.741528025626169,0.012773714974734169,0.24371852937322602,0.19128626004677515,0.0001,0.9956831980307737
3301,0.9937491859432166,0.7413070951465661,0.01276430542038614,0.23967778395566688,0.19142553509490726,0.0001,0.9955414586449252
3302,0.9922665819435043,0.741488911075476,0.012760037340934088,0.2380176335422069,0.1887625869643132,0.0001,0.995558144463487
3303,0.9942666387703065,0.7412853418692614,0.012786710721725866,0.2401945882346519,0.1921851967459518,0.0001,0.995631017658338
3304,0.9981274706354973,0.741363920135382,0.012768249724506122,0.243995303571466,0.19064656930690363,0.0001,0.9954913316706373
3305,0.9923837100274664,0.7415073199639698,0.012770731115437908,0.23810566061046012,0.1922669719307708,0.0001,0.9949733370095191
3306,0.9988228286981099,0.7414003995079056,0.012763845267692395,0.2446585848746145,0.19066622677971334,0.0001,0.9951122300136405
3307,0.9932778296315887,0.7412272570824768,0.01277200953230171,0.23927856179267834,0.18952800569258646,0.0001,0.9951237448451487
3308,0.9959111090364128,0.7423104173513262,0.012772685132210443,0.240828007489866,0.19029559545657215,0.0001,0.9951971470342448
3309,0.9900469287897462,0.7411512360127895,0.012764198301288226,0.23613149529175634,0.18893526693991183,0.0001,0.9946872551832916
3310,0.9941110816495172,0.7414953614345187,0.012773376691172138,0.23984234152894474,0.1912650938691764,0.0001,0.9942963365125367
3311,0.9924541876233858,0.7417054252498774,0.01276323592203384,0.23798552817432683,0.19270478578900227,0.0001,0.9941668366805535
3312,0.9939058525808926,0.7417958476722362,0.012761382737459566,0.2393486237731473,0.19215846995673846,0.0001,0.9943307637442924
3313,0.9979783597630855,0.7424719881334363,0.012758747801093978,0.2427476231333692,0.19233976120155674,0.0001,0.9947019358435701
3314,0.9927439751296208,0.74133702719671,0.01277192707719474,0.2386350199791771,0.18860848027358915,0.0001,0.9941635862929825
3315,0.994071649126784,0.7417488381055015,0.01276305722900143,0.23955975563603532,0.19257722402078384,0.0001,0.9943323802029143
3316,0.9948410869370126,0.7415152261029876,0.012753510330076392,0.2405723514258257,0.1927963018900966,0.0001,0.9939342060268046
3317,0.9935784686893285,0.7412957418521084,0.012751841641826514,0.23953088647997645,0.18997004803489237,0.0001,0.9939642699325786
3318,0.9937670136561984,0.7416191017651896,0.012757251760780691,0.23939066174729118,0.19244959820477522,0.0001,0.9937498603945573
3319,0.9939406930070378,0.7416163849782267,0.012758381226483513,0.23956592734638624,0.19049212732493997,0.0001,0.9941392368162862
3320,0.9966210222389345,0.7408120333543897,0.012773554175185383,0.24303543493605048,0.1930805213794747,0.0001,0.9943902308752278
3321,0.9981808916308575,0.7422575453715682,0.012765962743855877,0.24315738449776148,0.19054125533505337,0.0001,0.9949629012759752
3322,0.9929143902496199,0.7417895112027987,0.012766096461375394,0.2383587823587547,0.19230211585095155,0.0001,0.994863755042848
3323,0.9938033663235136,0.7412428911510878,0.01275710546946187,0.23980337094220863,0.19087881759625178,0.0001,0.9944462556988908
3324,0.9923953168532428,0.7414830631706826,0.01276487946268511,0.23814737505107575,0.19227223838802285,0.0001,0.994411389871253
3325,0.9985043099395644,0.7416870803184974,0.012762252264042172,0.244054977115221,0.19344876981652048,0.0001,0.994854655952531
3326,0.9910074964498168,0.7415345248295859,0.012771046185831995,0.236701926295825,0.19270607844206672,0.0001,0.9944712969038113
3327,0.9966135734718663,0.7418093571314706,0.012751353198084337,0.24205286352012995,0.1920659849174608,0.0001,0.9947748073820651
3328,0.9911163934104099,0.7417672656128904,0.012758902071939278,0.23659022478859032,0.19170531491478848,0.0001,0.9945097453574864
3329,0.9950681235679023,0.7420350421998371,0.01276572118182695,0.24026736128191192,0.19206569420880285,0.0001,0.9946224884135729
3330,0.9946037100488225,0.7416690707690333,0.012757289965786267,0.24017734952558126,0.19216539676000816,0.0001,0.9944207571945617
3331,0.991497617947886,0.7410069150325009,0.012767936346738866,0.2377227663268424,0.18843936702542566,0.0001,0.9937524298262644
3332,0.9962009399464358,0.741943022421359,0.012770040281887713,0.24148787728852722,0.1917876374528084,0.0001,0.994081084795946
3333,0.994281398838964,0.7417332831067439,0.012765791788546116,0.23978232784276077,0.1912140774618056,0.0001,0.9941288880474911
3334,0.9967911847948303,0.7419264628485782,0.012768580270345506,0.2420961414341027,0.19064614657335302,0.0001,0.9945684748416499
3335,0.9942528567981527,0.7415271635955052,0.012758838719335096,0.23996685501225823,0.1924475850367401,0.0001,0.9941433295275086
3336,0.992696597053845,0.7414341220749319,0.012768169929241312,0.23849430489854445,0.1901368909868701,0.0001,0.9943122395879115
3337,0.9968798084384771,0.74198375064993,0.01277154865419647,0.24212450936104174,0.19414316256800723,0.0001,0.9943388630845726
3338,0.9954700254765292,0.7410763010050172,0.012765834104216849,0.24162788906759955,0.19083415824186972,0.0001,0.9947742262911845
3339,0.9926992241315861,0.7412066986788117,0.012766872651678553,0.23872565319402705,0.19071179933649532,0.0001,0.9945373363475529
3340,0.9961452112961976,0.7412146652687878,0.012758265644251454,0.2421722808365406,0.19327403109286426,0.0001,0.9946914864722902
3341,0.9951546722928603,0.7413482408494543,0.012758009332188729,0.24104842425722622,0.19255893113767883,0.0001,0.9950571919067878
3342,0.9951774139433314,0.7412163643034186,0.01276907379196817,0.2411919754550133,0.18916046371566356,0.0001,0.9949548393064773
3343,0.9956837093370682,0.7416625783361238,0.012770957443825372,0.24125017473591268,0.19334533656465597,0.0001,0.9950950703562877
3344,0.9903635901321504,0.7408442185326474,0.012764869306924135,0.23675450090220684,0.1912868771906073,0.0001,0.9944523108900197
3345,0.9901679442330258,0.741229720459023,0.012763113085686797,0.23617510881433623,0.19107895367164882,0.0001,0.9940438196335071
3346,0.9965688419390402,0.7412568969126889,0.012757997000193257,0.24255394666601146,0.18935533390809267,0.0001,0.9944310441220268
3347,0.9951660712882423,0.74171386226921,0.012757168096654555,0.24069504198026948,0.19160119590725425,0.0001,0.994259670407003
3348,0.9973054909077426,0.7412407463510912,0.012763521008752663,0.24330122368391338,0.1908866492899146,0.0001,0.9944432169501244
3349,0.9958559611989809,0.7408203312156166,0.012777532573645787,0.24225809783287514,0.191887876717846,0.0001,0.9947588906568638
3350,0.9972385581560116,0.7415514211142039,0.012771933605898225,0.24291520142591508,0.19263087648286298,0.0001,0.9948682253428454
3351,0.9947790660674384,0.7414655365034726,0.01276894152527165,0.24054458817470872,0.18902593155903458,0.0001,0.9948306647203031
3352,0.9958074408418992,0.7413619736145283,0.012751931834656133,0.24169353572519509,0.19075477096057566,0.0001,0.9948936674101599
3353,0.994008154583751,0.7410012939397026,0.012753960568812991,0.2402528998787698,0.1897482192842762,0.0001,0.9947261119348282
3354,0.9939862377261535,0.7410154503450916,0.012762017472520561,0.24020877070951654,0.19425077929820783,0.0001,0.9950883766942284
3355,0.9914170265439558,0.7413257905726017,0.01275285842694327,0.23733837796756752,0.19070987264355588,0.0001,0.9952132849253216
3356,0.9982572727464517,0.7416056643634974,0.012752857701531771,0.2438987502884913,0.1913574609384092,0.0001,0.9953821280060628
3357,0.9948505084606504,0.7414650243629548,0.012753894314562815,0.24063159114327923,0.19156765127762337,0.0001,0.9953505717233035
3358,0.9935583510940506,0.7417719772814737,0.012748451310287384,0.2390379248598768,0.1926050204594769,0.0001,0.9949758577419343
3359,0.9951272171602772,0.741576927186993,0.012770981382404815,0.24077930754810029,0.19240168507756858,0.0001,0.9949029833380638
3360,0.9913205231179089,0.7409474649003747,0.012764342174568719,0.23760871614875465,0.19089239346086376,0.0001,0.9943111798342535
3361,0.9974406567113153,0.7419261931164027,0.012748370789611073,0.24276609263906132,0.19264502774992048,0.0001,0.9945773388986414
3362,0.9981511954603524,0.7414094711413973,0.012767197877833616,0.24397452622954308,0.1907296615367487,0.0001,0.9948117143604867
3363,0.9993131658851979,0.7416046850579747,0.012770717574423274,0.2449377641897898,0.19242795694309606,0.0001,0.9953422154906313
3364,0.9948621337844199,0.740993056408532,0.012770960587275197,0.24109811690951458,0.1904611295848541,0.0001,0.995429805096458
3365,0.9967682893571215,0.7410339304448141,0.01274923257847103,0.24298512711969883,0.19138292862483985,0.0001,0.9959649313777745
3366,0.9953692299115489,0.7412383572083215,0.01276954942010721,0.2413613249455214,0.19256068143472227,0.0001,0.9956761270942843
3367,0.9978101496522374,0.741450328493215,0.012764920327532847,0.24359489944111745,0.1916744919384227,0.0001,0.9959720912134429
3368,0.995692226997979,0.7414741458080362,0.012763548090781934,0.24145453421750368,0.1905289635092443,0.0001,0.9961854788038359
3369,0.9928515983885249,0.7412580598682226,0.012765289561985473,0.23882825003132133,0.19226870672214347,0.0001,0.9959579169266606
3370,0.9948128472718941,0.7412173977729999,0.012752798459592745,0.24084265070682123,0.19172884112802044,0.0001,0.9963071493420591
3371,0.9982870760360547,0.7414684064731637,0.012746695330853878,0.24407197643094083,0.19097448740358527,0.0001,0.9963917912745333
3372,0.9947115013613904,0.7413385848970007,0.01275865325579537,0.2406142631179179,0.19135052180314402,0.0001,0.9960478218646369
3373,0.9976231693979692,0.7415458407653515,0.012753914142477101,0.24332341281262662,0.1939159990203308,0.0001,0.995878822215914
3374,0.9937486770670506,0.7410023002063527,0.012781410865319427,0.23996496455966823,0.19156919848967274,0.0001,0.9957674765441771
3375,0.9941136868440114,0.7416419130551646,0.012766738692355204,0.23970503574633936,0.19175438785407897,0.0001,0.9955020162928662
3376,0.9936923331469599,0.7414263777026782,0.012766382515309548,0.2394995741077659,0.19203958806957724,0.0001,0.9953343266164071
3377,0.9942706346995448,0.7424278787618719,0.01275689340750054,0.23908586203145207,0.19165504271916395,0.0001,0.9949803751211379
3378,0.9968824652580895,0.7412743601063928,0.012766218330507104,0.24284188753148847,0.19073224518047627,0.0001,0.995099398947149
3379,0.9952932568399224,0.7413773286415162,0.012753106759479514,0.241162822466593,0.19374267950382001,0.0001,0.9953435647922886
3380,0.994390816524111,0.7413539648297834,0.012762916982778429,0.2402739337745593,0.19281338496817538,0.0001,0.9953013617175104
3381,0.9975230234389857,0.7413324537190172,0.012755583072530812,0.24343498645097197,0.19228349961567118,0.0001,0.9952249564578034
3382,0.9945133327228786,0.7414913870258215,0.012754645840875033,0.2402672996143782,0.19045096493758729,0.0001,0.9952051395939522
3383,0.9971100175356526,0.7413337667138291,0.012758082115142389,0.24301816814750976,0.19399253431609387,0.0001,0.9951538244077206
3384,0.9962921003540921,0.7409674958089786,0.012764597761219946,0.2425600066781044,0.18907012725456734,0.0001,0.9954081667364247
3385,0.9937010353041953,0.7410833189985573,0.012741979188899723,0.23987573687493438,0.1916774536424428,0.0001,0.9953669015824431
3386,0.9952396236616989,0.7413487402952709,0.012763745644513299,0.24112713763123836,0.18971995891470456,0.0001,0.9955216306339171
3387,0.9975574455445001,0.741516651052974,0.01277260243529964,0.243268190514727,0.19193118508398896,0.0001,0.9958503117184125
3388,0.9946919399149278,0.7411833325699425,0.012759111715862283,0.24074949582558858,0.19321610940276487,0.0001,0.9956312591840965
3389,0.9963318595538033,0.7415464774348431,0.012755887019948592,0.24202949358773765,0.1901315930951198,0.0001,0.9957351194554847
3390,0.9964574882515062,0.7416785713625245,0.012746012235026331,0.24203290565139624,0.1933013109176686,0.0001,0.9959417866282241
3391,0.9929632447795984,0.7411732994035098,0.012769395149261908,0.23902054989434643,0.19457531588919022,0.0001,0.9954858087622853
3392,0.9936054471056553,0.7419923714401756,0.012759204084926395,0.23885387200371005,0.19302219433547518,0.0001,0.995395020200563
3393,0.9940165303058122,0.7413423728749428,0.012761663955317066,0.23991249556111033,0.1917752754132114,0.0001,0.9950856714775791
3394,0.9939343318736094,0.7411892167453108,0.012768862213614505,0.23997625237062542,0.19245341813104874,0.0001,0.9948498946295306
3395,0.9932358326583073,0.7415542457456763,0.012758758198658786,0.2389228279432225,0.19335326881848774,0.0001,0.9948033743649418
3396,0.9888045258260886,0.7414143433677256,0.012766588048567395,0.23462359317055095,0.19306466754140525,0.0001,0.9941598645813808
3397,0.9986512534033213,0.7411244440272179,0.01276416106349798,0.24476265113868773,0.19217260562744876,0.0001,0.9942692453672631
3398,0.9972812377415129,0.7414552446069389,0.012749210090714584,0.24307678298340848,0.19057971846622096,0.0001,0.9945281751499214
3399,0.9958048187211368,0.7414551420821137,0.012758502128399893,0.2415911737096479,0.19473208991799346,0.0001,0.9944754710666549
3400,0.9968479216461491,0.741334359737729,0.01275672873909043,0.24275683265549658,0.19306070126336197,0.0001,0.9945145144061192
3401,0.9913187121281034,0.7409106160515946,0.012770269270117336,0.23763782716909723,0.19082238448077235,0.0001,0.9943500611409697
3402,0.9963962036746027,0.7415339588877153,0.012757398535707176,0.2421048460698273,0.1917432002556977,0.0001,0.9946291367978644
3403,0.9951708835472199,0.7418396237172171,0.012749764546903103,0.24058149673392273,0.1925109851856019,0.0001,0.9947445721220051
3404,0.9950668665506777,0.7408979266700589,0.012765593509403253,0.24140334690016133,0.19112631808550798,0.0001,0.994857825589712
3405,0.9960683353290597,0.7410454577171295,0.012762763437344626,0.24226011310158105,0.1933268700966245,0.0001,0.9951410758567871
3406,0.9995617537662901,0.7415621181530595,0.012774333025330703,0.2452253025425617,0.19176956848005253,0.0001,0.9962167986508075
3407,0.9990342782912341,0.7417015309991508,0.012748714634661259,0.24458403241561827,0.19239814757817172,0.0001,0.9962551011395986
3408,0.9926899654628297,0.741403310946954,0.012759120662604094,0.2385275360899571,0.1911420614796768,0.0001,0.9957959739117304
3409,0.9927533536121763,0.7415606320267033,0.01274805958807831,0.23844466152889976,0.1945169118911209,0.0001,0.9954908274008343
3410,0.9966202241653844,0.7415296052097066,0.012759783205105856,0.24233083573545935,0.19175279847748622,0.0001,0.9954680576527579
3411,0.9973990185749216,0.7412914254118899,0.012754048827211949,0.24335354327792813,0.1917270855112927,0.0001,0.9960760882974397
3412,0.9943556912530508,0.7409275970884559,0.012749608583430973,0.24067848505221806,0.18992544486967594,0.0001,0.9958720370552843
3413,0.9934200804083633,0.740877350735616,0.012763904993239088,0.23977882483063556,0.19213534559125106,0.0001,0.9956969567413987
3414,0.9930093487909792,0.7416840375799678,0.012765851514092806,0.23855946052811933,0.1922387914169149,0.0001,0.995491204965429
3415,0.9941256584308694,0.7415819889875261,0.012750206322505557,0.23979346386136197,0.1932124000412939,0.0001,0.99529693727561
3416,0.9911270702586454,0.7415313489780465,0.012749445849451525,0.23684627730512717,0.19201815590776247,0.0001,0.9944534689248454
3417,0.995562791582537,0.7413175586029191,0.012738471824305536,0.24150675955336187,0.19012966165678014,0.0001,0.9941063202539759
3418,0.9971906149846786,0.7415105706537954,0.012748839889046628,0.24293120327815565,0.19326116241378669,0.0001,0.9945563852061607
3419,0.9935184427013746,0.7413565533398131,0.012761129327042833,0.23940076210496392,0.19080176816508929,0.0001,0.9946328941150803
3420,0.9958246154427287,0.7419183278422327,0.012764148731502509,0.2411421383853858,0.19195124655055226,0.0001,0.9945533332428148
3421,0.9964412437491195,0.7414324637842469,0.012774833559264518,0.24223394620914246,0.19160492443167898,0.0001,0.9944575557602346
3422,0.9922671188689148,0.7411014181363413,0.012760292927585315,0.23840540957317874,0.19227153930291685,0.0001,0.994248698521821
3423,0.9925239815189679,0.7411813918523807,0.012762805753015359,0.23857978359620421,0.19072833639129422,0.0001,0.9941590886328815
3424,0.9938102973885758,0.740494346280127,0.012753168661260701,0.2405627821147079,0.19198063517680758,0.0001,0.9942391834926412
3425,0.9936955387403709,0.7412110996294698,0.012759224396448348,0.23972521426107046,0.19306519195346755,0.0001,0.9941961715235912
3426,0.9940853751213508,0.7410245612717061,0.012761660086455741,0.24029915137537594,0.19195396385134839,0.0001,0.9944920020098618
3427,0.9936659272012072,0.7413879773196053,0.012756964256023538,0.23952098486238513,0.19309325331848484,0.0001,0.9943023155717288
3428,0.9953778994252668,0.7409379674503335,0.01277360205234427,0.24166633161521586,0.19220495583682223,0.0001,0.9941210440157876
3429,0.9940829847695619,0.7407994057537334,0.012760497735431663,0.2405230804491962,0.1918429203074554,0.0001,0.9941774982226065
3430,0.9965292393073107,0.7411187095284221,0.01276533042683321,0.2426451980221344,0.19171500236219133,0.0001,0.9942479606090646
3431,0.9990825850146295,0.7413395464299417,0.012755158948608151,0.24498787885021728,0.1911760305959361,0.0001,0.9945120947356157
3432,0.99351279029498,0.7411459859679727,0.012750049150014263,0.23961675428534135,0.19451152232549254,0.0001,0.9946366618782223
3433,0.9946825437806924,0.7415996976121202,0.012762171017954365,0.2403206732917509,0.19136551986722386,0.0001,0.9948525181043946
3434,0.991494880970303,0.7413411851345163,0.012756530459947566,0.23739716564786845,0.19152031053031435,0.0001,0.9946209764625673
3435,0.9943775381084388,0.7412735932255372,0.012767363755262889,0.2403365817170356,0.19365113426536382,0.0001,0.994689176399374
3436,0.9933762896133485,0.7411246044640609,0.012754650918755522,0.23949703448744863,0.1909706477400739,0.0001,0.9946182678485738
3437,0.9937156073703727,0.7415952132391398,0.012777458098065297,0.23934293690970654,0.19215837069626512,0.0001,0.9946232358654903
3438,0.9928410058089251,0.7407935453960427,0.012751855666448814,0.23929560526026675,0.191230670887123,0.0001,0.9943695465038562
3439,0.9953763020691475,0.7409229185469978,0.012751549784600372,0.24170183269477036,0.19094695087378696,0.0001,0.9944988782338147
3440,0.9929110562583737,0.7410160046803782,0.012757361539720763,0.23913768947910344,0.1906361541508661,0.0001,0.994137059928921
3441,0.9939685726262493,0.7418144111942809,0.012755840110005036,0.23939832040764256,0.1941360718821899,0.0001,0.993625658690083
3442,0.9942498483957674,0.7417259292476801,0.012757629458367462,0.2397662902186657,0.1940986769799045,0.0001,0.9936993645001617
3443,0.9950138579517542,0.7402395110343097,0.012757939450881061,0.24201640727009782,0.191228970583022,0.0001,0.993732495917268
3444,0.9963794455808752,0.7417751398338024,0.01275004286311461,0.2418542634582423,0.19366126010311543,0.0001,0.9942209523783252
3445,0.9925911009432578,0.7411401913809245,0.01275268070112619,0.23869823049338304,0.19006899053620036,0.0001,0.9940423086618072
3446,0.9962591954467263,0.7411344110603023,0.012761449475317408,0.2423633345030626,0.1939772414931419,0.0001,0.9943305992451448
3447,0.9962194183535314,0.7407415117501729,0.012758948498275169,0.24271895793884327,0.19190801924914425,0.0001,0.9945809803434609
3448,0.9924641703737194,0.7409804499657111,0.012750568302843199,0.23873315150065547,0.19225971488391652,0.0001,0.9945432967999401
3449,0.9948960507617277,0.7417909687963026,0.012746938101901969,0.2403581446191602,0.19215204571250968,0.0001,0.9944952716691983
3450,0.9921094087267986,0.7411721891612116,0.012765902051093854,0.2381713178771988,0.19374857694817363,0.0001,0.9944151069160407
3451,0.9965547115275633,0.7413164158380056,0.012751972215896204,0.2424863228691519,0.19039347900822004,0.0001,0.9946737208061721
3452,0.9883974068788679,0.7408679961916399,0.012748751388843838,0.23478066139149859,0.19184518715793655,0.0001,0.9940884766544821
3453,0.9919940454481098,0.7416387019002655,0.012744903080845459,0.2376104415400033,0.1912031904860394,0.0001,0.9937864954041176
3454,0.9929178497370552,0.7409995515012838,0.012767165959727692,0.23915113309213162,0.19166653257233618,0.0001,0.9934403358197358
3455,0.9940575465227479,0.7414285783593602,0.012748196449047653,0.239880775144932,0.1952295706250363,0.0001,0.9935869803776848
3456,0.9955139437021638,0.7412551930419814,0.012748458322598532,0.24151029197487822,0.19429150353701555,0.0001,0.9935124552032286
3457,0.9950936271017512,0.7405150132537129,0.012751352714476673,0.2418272616927329,0.1906878498456541,0.0001,0.9933998760780505
3458,0.9972815413262249,0.7407869406452527,0.012752777422659296,0.2437418253136455,0.1924889139362571,0.0001,0.9938816131733011
3459,0.9969097944108758,0.7410075807184525,0.012768518610368151,0.24313369375213406,0.19351250507526901,0.0001,0.9940829875382159
3460,0.9948616585189866,0.7410769913549597,0.012762937052496549,0.24102172940123154,0.19130640656783662,0.0001,0.9943582125174346
3461,0.9954885954063756,0.7414209541636113,0.012771199247658132,0.24129643966774428,0.1925384803669448,0.0001,0.9942516009053157
3462,0.9952011183357625,0.7414371359179034,0.01274851949896822,0.24101546346294953,0.18986744577212458,0.0001,0.9949319720510053
3463,0.9953994575668784,0.7405497173024965,0.012760042660618408,0.2420896972712832,0.19251163010664935,0.0001,0.9952725132628821
3464,0.9914634005293159,0.7413602575327272,0.012741414576950228,0.23736172814760925,0.1936179137133198,0.0001,0.9951270683421083
3465,0.9921735852775418,0.7409326406327996,0.01274982378884213,0.23849112312281107,0.1909563817068723,0.0001,0.9949386722175875
3466,0.9945856761980734,0.741268355029108,0.012734965668730513,0.24058235581760232,0.19209590270117863,0.0001,0.9948458454671787
3467,0.9941164866905908,0.7408917740924363,0.012754412258372587,0.24047029925166472,0.19402971900017218,0.0001,0.9947481314260624
3468,0.9952020261882527,0.7404632131903457,0.012754757070638103,0.24198405476358792,0.1918628023555748,0.0001,0.9945401799122653
3469,0.9948617375888399,0.7415421464863945,0.01274668420787757,0.2405729073630627,0.19499029457931827,0.0001,0.9943353742300618
3470,0.9974681379587124,0.7411674663696521,0.012757409658683484,0.24354326199082768,0.19345090727172565,0.0001,0.9945960221740343
3471,0.9969910587548726,0.7411408921284318,0.012764767749314376,0.24308540109869917,0.19161388788818104,0.0001,0.994746268508884
3472,0.9973181898405296,0.7411396154041948,0.012754319405700808,0.24342425690461367,0.1915444314298475,0.0001,0.9949579756593607
3473,0.9971488802476539,0.7416442600031653,0.012762211399194435,0.24274240887551957,0.1934621707965104,0.0001,0.9951329179274382
3474,0.9930673464074822,0.7409066387412514,0.012753780424957586,0.23940692651586165,0.19444652959613723,0.0001,0.995293312515255
3475,0.9907827129470408,0.7410745977388192,0.012759613942422926,0.23694850167384254,0.1924493288957565,0.0001,0.9951542252822048
3476,0.997445720567181,0.7411279432913837,0.01275520972741303,0.24356256943747673,0.19327649020761795,0.0001,0.9954402297191155
3477,0.9947773173421198,0.7408530634750459,0.012748403433128497,0.24117584934582817,0.19221571039476454,0.0001,0.9955063127842685
3478,0.9977144114144192,0.7416794881617563,0.012765314709584079,0.24326960796879465,0.19298481808231036,0.0001,0.9957575513068851
3479,0.991273438712888,0.7406007791387623,0.012756296393837454,0.23791636334652833,0.19191344345317168,0.0001,0.99539872141929
3480,0.9950028469306218,0.7408745259832417,0.012747784898924296,0.24138053535326984,0.19190935491306546,0.0001,0.9951521923164808
3481,0.99557752614089,0.7411354055994664,0.012746731843232625,0.24169539288441985,0.19253743749723956,0.0001,0.9950108390550826
3482,0.9955212624996719,0.740953635371481,0.01275443619695203,0.24181319123349374,0.19314043474729356,0.0001,0.9948311463209969
3483,0.9959967061423869,0.7403077438443476,0.012754895866038108,0.24293406572170237,0.19445109427821564,0.0001,0.9947159289104702
3484,0.9957033883001934,0.7415408280509964,0.012749311406520511,0.2414132469838096,0.19380306003664377,0.0001,0.9949795330997413
3485,0.9892862822414653,0.7412214832905581,0.012750427089404867,0.23531437253401924,0.19193384737441313,0.0001,0.9948298900291836
3486,0.9956008421963659,0.7409745788477498,0.012739730413255053,0.2418865338874637,0.1933960042002235,0.0001,0.9946454021921023
3487,0.9915489603974998,0.741523205024959,0.01274076992793209,0.23728498434137862,0.19285611778074538,0.0001,0.9943225664976403
3488,0.9959563568204218,0.7410476924681518,0.01275719566229149,0.24215147062440914,0.19219033338477112,0.0001,0.9941467610382405
3489,0.9921782289992481,0.7407248396177079,0.012760692387517035,0.2386926956187639,0.19335779082218968,0.0001,0.9942372400668766
3490,0.9954200326550079,0.7413455512654226,0.012750893287194427,0.24132358908471907,0.19235632428049315,0.0001,0.9942789586393153
3491,0.9911047905743968,0.7408964300252361,0.012749585128459195,0.23745877764227424,0.1924254447221756,0.0001,0.9938316850826657
3492,0.9946367166347001,0.7410467144925502,0.012760091504992627,0.24082991169504897,0.19115696596567336,0.0001,0.9937432304961685
3493,0.9952459342581264,0.7408423543459987,0.0127453920081953,0.24165819109272038,0.1942026845460973,0.0001,0.9936681533077424
3494,0.9898168543773055,0.7417040664332392,0.012744127132346132,0.23536866124998967,0.19372234050690765,0.0001,0.9930794999154537
3495,0.9941647376782028,0.7413447290114892,0.012730380100846048,0.24008962812759813,0.19191450959649578,0.0001,0.9935673454591274
3496,0.992009916242673,0.7411028010124608,0.012746612392139242,0.23816050226378876,0.19204072672382572,0.0001,0.9932082528637581
3497,0.9969412331407017,0.7415992345577804,0.012751763539188532,0.24259023626786458,0.1925218167882904,0.0001,0.9937474801380782
3498,0.9914620887435233,0.7407371804390186,0.012759099142062979,0.23796581061326466,0.19144800108900903,0.0001,0.9932980533303886
3499,0.9941738457031715,0.7410539129926516,0.01274621897730334,0.24037371293224138,0.19523540054566962,0.0001,0.9934976150007809
3500,0.9905635380841655,0.7405285703483024,0.012752889861441529,0.23728207861494582,0.1925358209781666,0.0001,0.9930119655436966
3501,0.9946278197044774,0.7410306853164765,0.012771929011625402,0.24082520472652771,0.1913944087454078,0.0001,0.9933642684567048
3502,0.9942340914908094,0.7414026354679472,0.012745403614779273,0.24008605481100856,0.19390577407323323,0.0001,0.9933240059423157
3503,0.9933982366964251,0.7406005976649859,0.012751583153529292,0.2400460558930227,0.19128341232303672,0.0001,0.9931392361861455
3504,0.9934691827872704,0.7410363752024652,0.01273373706345626,0.23969907210818653,0.19207111599479196,0.0001,0.993504469027142
3505,0.99252347820429,0.7414631919735102,0.012756155905810621,0.23830413231229444,0.19288569634391134,0.0001,0.9933403430797508
3506,0.994620537782054,0.7415459668660502,0.012761389749770716,0.24031318245081582,0.19130702365121782,0.0001,0.9936014052336889
3507,0.9940142781449138,0.741382075734361,0.012745833058386256,0.23988636716081937,0.19416982400973476,0.0001,0.9933087097341101
3508,0.9928115040487014,0.7413758593205264,0.01274857729008425,0.23868706979567816,0.1962059431276747,0.0001,0.9934436512646277
3509,0.994340179899885,0.7409295449392307,0.012759987287540707,0.24065064901814742,0.19414300391446745,0.0001,0.9934602846842993
3510,0.9918080391796801,0.7408751803044131,0.01276329202052304,0.2381695692727822,0.1939814155411285,0.0001,0.9935847347938507
3511,0.9918382846075913,0.7413200809796007,0.01275764324118593,0.23776056372672016,0.19249316756793017,0.0001,0.9933057812841621
3512,0.9960796557381961,0.7408078237914653,0.01274851248665707,0.24252331952052475,0.19307620572511855,0.0001,0.9934903377089007
3513,0.9916808912284959,0.7407256496605477,0.012755896450298069,0.23819934715787006,0.19524114686262778,0.0001,0.9933186031621078
3514,0.9956216295882606,0.7409520769457788,0.012748165014549395,0.24192138990995607,0.19312931902510158,0.0001,0.9935338478422068
3515,0.9939098584240881,0.740532842054812,0.012739272920403472,0.2406377451717249,0.19102641964297265,0.0001,0.9936724858641867
3516,0.9934847877185194,0.7409732637976053,0.012751454272086432,0.23976007099386162,0.1916183018055697,0.0001,0.9935589108578332
3517,0.995719547929435,0.7412863148878844,0.01274237840702761,0.2416908548158758,0.19460728543887998,0.0001,0.9937294378362853
3518,0.9954688144020328,0.741246103515006,0.012748142043185282,0.24147457135255632,0.19115605076839184,0.0001,0.9939951688716183
3519,0.9972018699858783,0.7407938882738775,0.012751521009944273,0.24365646044514,0.1924562526160273,0.0001,0.9942813378802177
3520,0.9938687598729472,0.7401499786918594,0.012750129187082905,0.24096865281009286,0.19332938917872872,0.0001,0.9944874099495445
3521,0.9945704916427875,0.7407975627249201,0.012759540434057765,0.2410133873201287,0.19357135749854615,0.0001,0.9947606306530641
3522,0.9916575303184092,0.7413287774544458,0.012740701497447418,0.2375880511549375,0.19202012503727456,0.0001,0.9943184181110855
3523,0.9942313563267551,0.7410271378124461,0.012760395452410405,0.24044382214002144,0.19485645464661155,0.0001,0.9945734646209115
3524,0.9929004124163614,0.7413152875813219,0.012755300645654149,0.23882982403825795,0.19294110291144428,0.0001,0.9943013429037213
3525,0.994138703384941,0.7412790468691812,0.0127494847798686,0.2401101703152937,0.19239126009825036,0.0001,0.9943242273998066
3526,0.995702686222765,0.74096525561737,0.012759569208713864,0.24197786097352453,0.19192763419470488,0.0001,0.9945460172502314
3527,0.9934630487076409,0.7409334314522347,0.012761062347381159,0.23976855454531934,0.19138280612097308,0.0001,0.9943203673280518
3528,0.9940167522817306,0.7407618510795655,0.012757402162764667,0.24049749707474427,0.19546816018967308,0.0001,0.9941751611160216
3529,0.9925208218682852,0.7413555887843243,0.012754704357402561,0.23841052982978841,0.19394456487881967,0.0001,0.9937070563042623
3530,0.9945475006925648,0.7412772772278312,0.01275223820011224,0.24051798431251886,0.19259670972219586,0.0001,0.993774930386224
3531,0.9909844311449155,0.7408114538715045,0.01273703115706995,0.2374359457082971,0.19403081264868227,0.0001,0.993416324336437
3532,0.9947573884747333,0.7407606281566813,0.01275885395297656,0.24123790577567858,0.19092998519146903,0.0001,0.9937263101520692
3533,0.9916189896891131,0.7412336116872018,0.012742035529192756,0.2376433418833218,0.1930376310619331,0.0001,0.9934650734883052
3534,0.9936895524028833,0.7411957062765744,0.012764807163339116,0.2397290380562053,0.19440580916573988,0.0001,0.9935439874869573
3535,0.9939946578192179,0.7403876949517287,0.012749697809045262,0.2408572681716683,0.19203625613366374,0.0001,0.9935295829303851
3536,0.9955195999774198,0.7404246190015007,0.012739403252669328,0.24235557834287202,0.19183261641140642,0.0001,0.9935112743058505
3537,0.9933063407215095,0.7403405976102028,0.012751352956280505,0.24021438702668912,0.19394595754799446,0.0001,0.9934956035072375
3538,0.9935863685414467,0.7410447394388443,0.01274134300301573,0.23980028801890463,0.19253707013676666,0.0001,0.9934525651332089
3539,0.9929959567275057,0.7410781451219477,0.012751700186584348,0.239166115166933,0.19440320617770568,0.0001,0.993500078619131
3540,0.992255352331707,0.7407117573049441,0.012751361903022318,0.2387922351035095,0.19129931669810724,0.0001,0.9932708637830452
3541,0.990364479970255,0.7409410312257964,0.012761477524562007,0.23666196904366205,0.19324640548857908,0.0001,0.9932088686655792
3542,0.9960414074497339,0.7409995881345645,0.012750692106405571,0.242291126332225,0.19134152494748755,0.0001,0.9933372705630792
3543,0.993529660464784,0.7409119820014458,0.01273182221890463,0.2398858578161584,0.1933663251977905,0.0001,0.9935283376406463
3544,0.9935719194325182,0.7403020902289338,0.012751706957091666,0.24051812065965505,0.19359594308459493,0.0001,0.9935165743436098
3545,0.9927308966857182,0.7407062862514241,0.012746038349840269,0.23927857244715972,0.19384367222960047,0.0001,0.9933901982302598
3546,0.9927286253014153,0.7404670754020645,0.012742578862404968,0.23951897070446557,0.19180000580953052,0.0001,0.9931111007626594
3547,0.995190392401349,0.741106818824946,0.012742761424298702,0.2413408109430851,0.19582882695821913,0.0001,0.9932995059306433
3548,0.9939486433961571,0.7410419163790968,0.012747678988845547,0.2401590489047536,0.19318885662976434,0.0001,0.9933357334161144
3549,0.9929785838475333,0.741037853107491,0.012750891352763766,0.23918983925126386,0.19352588813154983,0.0001,0.993333996128117
3550,0.9947578809082387,0.7406385948401677,0.012749198725934444,0.24137008741770022,0.19415038255842415,0.0001,0.9935842489857702
3551,0.9969625460932269,0.7407644372924588,0.012745374114711676,0.24345273671116355,0.19327825815634117,0.0001,0.9942440555980674
3552,0.9927467332650391,0.7416986818245893,0.012741852967299022,0.2383062022966739,0.19147406542639703,0.0001,0.993914588179598
3553,0.9948706697015202,0.7408218189136977,0.01274518792576045,0.24130366174371926,0.19331868848259018,0.0001,0.9940486891032716
3554,0.9943805920908465,0.7412086726444005,0.012747897095902697,0.2404240221087396,0.19407366167821943,0.0001,0.9941295563691044
3555,0.9963406947031466,0.7410529598019427,0.012734819377411694,0.24255291269770984,0.19197469943677195,0.0001,0.9944905361708474
3556,0.9915956779861064,0.7406650885607118,0.01273580545344169,0.23819478437999683,0.1921323507601059,0.0001,0.9943772414393164
3557,0.9920992981831394,0.7407912563600598,0.012757931229550747,0.23855011060864156,0.19286608798750515,0.0001,0.9940681320174954
3558,0.99505405590452,0.7411612875563136,0.01273320896388551,0.24115955918785525,0.19220953179300435,0.0001,0.9941786732683318
3559,0.9951835725660498,0.7409431725196374,0.012758996133630223,0.24148140318737069,0.19263676416438685,0.0001,0.9943991721401835
3560,0.9943729069605318,0.7411532292017831,0.012745785423031201,0.24047389306112912,0.193848762321182,0.0001,0.9943606747454126
3561,0.9917605012715709,0.7412315186332253,0.012741660491448144,0.2377873244213647,0.19610844356051324,0.0001,0.9938404702632472
3562,0.9943773485342339,0.7408166445534805,0.012747427996467142,0.24081327760134943,0.1935119067921358,0.0001,0.9940035317901665
3563,0.9949213552910222,0.7409156285241458,0.012741593753590304,0.2412641312299829,0.19167886616975735,0.0001,0.9940086003491169
3564,0.991435063175449,0.740773535887078,0.012732207412410218,0.2379293212512202,0.19157199401400876,0.0001,0.993714047457577
3565,0.9938438271170456,0.7412667801607453,0.012735158869992888,0.23984188958813585,0.19736513525670732,0.0001,0.9934643606989668
3566,0.9904128876467505,0.741198565365093,0.012750054469698582,0.23646426998819348,0.1921709668321977,0.0001,0.9933460816650312
3567,0.991528147011693,0.7409833456875102,0.012751924338737317,0.2377928765774015,0.19090616461229615,0.0001,0.9932889665478866
3568,0.9922009665390541,0.7401663530429043,0.012743378265876074,0.23929123556275397,0.19051151452151563,0.0001,0.99300365761134
3569,0.9928265570627023,0.7410028425723496,0.012752969898510172,0.23907074608800377,0.19342159831983322,0.0001,0.9927679560610054
3570,0.9916160297683964,0.7408404850814696,0.012738826308724362,0.23803671958722158,0.19333809789489298,0.0001,0.9924922683417916
3571,0.9949943241918304,0.7403886940851656,0.012750117096891268,0.2418555135689449,0.19407433295588464,0.0001,0.9928156506338178
3572,0.997427139997966,0.7408103252521151,0.01273897671070834,0.24387783755153478,0.1940445003173414,0.0001,0.9931206297801909
3573,0.991436478695086,0.7405823237030308,0.012745084433720029,0.238109073006599,0.1914872020241213,0.0001,0.9927721421205972
3574,0.9930966211139067,0.7406250232373484,0.012749856915967217,0.23972173953243733,0.19300622264826273,0.0001,0.992938297914443
3575,0.9909531352002529,0.7401156375906288,0.01275395790897083,0.2380835374035168,0.19282134602688872,0.0001,0.9926492287227637
3576,0.9941497194839539,0.741013059630597,0.012752210392671473,0.2403844514253415,0.1947482135184638,0.0001,0.9930229119064841
3577,0.9927142158483153,0.7404888319437208,0.012738880230979069,0.23948650541158042,0.1912886178759484,0.0001,0.9931415187901462
3578,0.9953728977129861,0.7415082707366402,0.012740700530232086,0.2411239275493438,0.19337402628715816,0.0001,0.9934587119075395
3579,0.9942411301585772,0.7404209410443026,0.012737387092311774,0.2410828018935046,0.1954481381975855,0.0001,0.993600169217127
3580,0.9880734373783243,0.7411386784143429,0.012737993294520503,0.23419676816306298,0.19377718793330279,0.0001,0.9932459099781198
3581,0.9928914186437038,0.7407196346693058,0.012742572575505316,0.23942921136866718,0.19523124297056915,0.0001,0.993035619423307
3582,0.9915349357751997,0.7410161932873678,0.012755386244210945,0.23776335784557143,0.19418683019419472,0.0001,0.9924463990010304
3583,0.9946021191005049,0.7407196252389564,0.01274297058461404,0.24113952463708108,0.1903235864868996,0.0001,0.9927629630415723
3584,0.997081995010376,0.7411494111192638,0.012750077924670361,0.24318250457606982,0.1935987075975894,0.0001,0.9931615004312194
3585,0.9953053690357092,0.7408820821112116,0.012748849561199939,0.24167443645653328,0.19207243675755198,0.0001,0.993596723814765
3586,0.9936550577562189,0.7405702789705133,0.012742226070612971,0.2403425524884015,0.19328879167535484,0.0001,0.9935472576419915
3587,0.9935271168093652,0.7405114450754549,0.012751271468388866,0.24026440028063423,0.1937553710615901,0.0001,0.9936285477380965
3588,0.9918802831525977,0.7404564342198943,0.012741293916837681,0.2386825564213505,0.19317075075169848,0.0001,0.9932792862820579
3589,0.9909531783622371,0.7405490517374468,0.012737431100609336,0.23766669585666114,0.1939353325062301,0.0001,0.9929504911024237
3590,0.9971734909208503,0.7408460046166581,0.012755878798618277,0.24357160792873064,0.19371072666882017,0.0001,0.9938604964566762
3591,0.9938519750598962,0.7408966185113237,0.012733328414978894,0.24022202860208844,0.19461608211118842,0.0001,0.9939565520982956
3592,0.995124538215614,0.7411871366278395,0.01275316068173422,0.24118424078513837,0.19344909217125503,0.0001,0.9943155123423371
3593,0.9926106313179279,0.7410229608930391,0.012749261594930962,0.23883840827078656,0.191648036029953,0.0001,0.9941163635640793
3594,0.989362445854512,0.740554888398362,0.012744242472774359,0.2360633166760025,0.1919237724061428,0.0001,0.9933444086484929
3595,0.995804824040821,0.7405432315191923,0.012745989505466052,0.2425156010212811,0.19359929306511947,0.0001,0.993394354149004
3596,0.9942839993182834,0.7412657753449182,0.012748989082011442,0.2402692347628954,0.19504142539012748,0.0001,0.9934572483052104
3597,0.9919267637734481,0.7403988647170773,0.0127417502006701,0.2387861502762982,0.19499573359383046,0.0001,0.9932972130016186
3598,0.9946524817609884,0.740892858945332,0.01274117470754813,0.24101844945314208,0.1929888116237358,0.0001,0.9935744328624578
3599,0.9964529836879057,0.7410977612160766,0.012746969294596396,0.24260825594286406,0.19396062929780197,0.0001,0.9941244133950248
3600,0.9940736463055407,0.7409910285206885,0.012728254403352254,0.24035436463585733,0.19295103479229656,0.0001,0.9938144289334938
3601,0.9941572661815744,0.7399796903979706,0.012760539325690897,0.2414170382865544,0.1924034407245218,0.0001,0.9938449580456614
3602,0.9942066438541451,0.7406434272897655,0.012758165053857025,0.24080504954586648,0.192516545011354,0.0001,0.9937531686095147
3603,0.9934635317107968,0.7407839607757197,0.01274510015096916,0.2399344692879468,0.19237879236015296,0.0001,0.9938384586488015
3604,0.991418301454664,0.7409509023836611,0.012733227824584466,0.23773417082326165,0.19193030618750784,0.0001,0.9940440442088168
3605,0.99575171086174,0.741193581425394,0.012734135556172647,0.2418239943940064,0.19396490650534873,0.0001,0.9940387328909086
3606,0.9899713012557968,0.7407400392857333,0.01273465688523608,0.2364966042158449,0.19287816841631342,0.0001,0.99360746308466
3607,0.9932517846989584,0.7412872736400813,0.012746859032048656,0.23921765260111247,0.194959892371847,0.0001,0.9937399651772111
3608,0.9926622840018592,0.7407553116158104,0.012744820142130823,0.23916215348316255,0.19286691281060417,0.0001,0.9935409454012982
3609,0.9947288386961993,0.7407405569877392,0.012734594741651058,0.24125368569733888,0.19552038383290443,0.0001,0.9933685309021275
3610,0.9920187569535045,0.7409165523356889,0.012734946808031559,0.23836725750752927,0.19347608174078362,0.0001,0.9931630419669238
3611,0.9906417957184039,0.7408251855484612,0.012749137549564755,0.23706747388984803,0.1945053853139916,0.0001,0.9928114949206067
3612,0.99530825665708,0.740636281140194,0.012737183977092255,0.24193479078415683,0.19300506017633673,0.0001,0.9929216562009001
3613,0.9955794563399851,0.7411579362760935,0.01272519413404484,0.24169632677616018,0.1954730337156969,0.0001,0.993133248663819
3614,0.9904902895372247,0.7409221950699302,0.012744968126076473,0.2368231246032531,0.19267434604148595,0.0001,0.9930404474720753
3615,0.9958810547544313,0.7410564641439891,0.012755951339768106,0.2420686390288703,0.19427259483999945,0.0001,0.9930533818613444
3616,0.9945703158514011,0.7406127120370072,0.01274252203850427,0.24121508206303172,0.19209259703120643,0.0001,0.9935132833209048
3617,0.9920486686921265,0.7406844722813574,0.01274348925383531,0.2386207084112912,0.19369919933605387,0.0001,0.9933929717202215
3618,0.9979368768647525,0.7403968469849949,0.012747738956196072,0.24479229201167882,0.1914588788460041,0.0001,0.9939204310065108
3619,0.9968414295759452,0.7402345540557381,0.012733332283840219,0.24387354352350893,0.19649309213093763,0.0001,0.9941316900944855
3620,0.9968464188353285,0.7408765722481765,0.01274798076002883,0.2432218655853194,0.19407010265828145,0.0001,0.9946144562826678
3621,0.9930073830467209,0.7409850917529867,0.012749584161243865,0.2392727084472987,0.19288581491846585,0.0001,0.9948510150154994
3622,0.9942414943151493,0.7417768004216239,0.012740539972487135,0.2397241539512638,0.1946301029855291,0.0001,0.9947443387813065
3623,0.9962686649684248,0.7407948955077429,0.012743775549573299,0.24272999431915263,0.19418602160217796,0.0001,0.9948132596441503
3624,0.994121818827809,0.7401828695746029,0.012736456147555647,0.24120249296963578,0.19412296194333817,0.0001,0.9951764125732089
3625,0.9925575373622515,0.7407983225934646,0.012737348887306198,0.23902186488403993,0.19463158887008142,0.0001,0.994844060833991
3626,0.9934532777774648,0.7402756088403852,0.012741083547503178,0.2404365837574005,0.1905921226703613,0.0001,0.9947323570265973
3627,0.9952103705967174,0.7412268301778101,0.012741659282428982,0.24124188038084135,0.1938657137672993,0.0001,0.9950485272170566
3628,0.9915746011550238,0.7406411765796901,0.01273024444889587,0.2382031796730556,0.1948791752299237,0.0001,0.9944122996460836
3629,0.9925556127246447,0.7405795741516484,0.012741348080896218,0.23923468916973525,0.19513183668950992,0.0001,0.9939837179609533
3630,0.993336465731112,0.7402364929597711,0.012731912169930417,0.24036806288343415,0.19301862422278637,0.0001,0.9936327226505318
3631,0.9966850359347964,0.7405535969240912,0.012736899373981097,0.24339453847304318,0.195798330568155,0.0001,0.9940004879393394
3632,0.9934106106448609,0.7409713420616444,0.012741596897040129,0.2396976714292598,0.19241332131273606,0.0001,0.9939173995723106
3633,0.9934582573646947,0.7411706128420259,0.012727715664412864,0.23955992826885916,0.19128972836005034,0.0001,0.9936363588119377
3634,0.9920931434292822,0.7407344776766779,0.0127400200942467,0.23861864475159325,0.1942866767698079,0.0001,0.9934334912720848
3635,0.9905113704789724,0.7408323744973111,0.012742950031288256,0.23693604359278572,0.1932665162226733,0.0001,0.9932288745837567
3636,0.996609881248242,0.7405486744025658,0.012752831828521667,0.24330837448820863,0.19632710622241967,0.0001,0.9935445349308345
3637,0.9905347119238507,0.7407057085820676,0.012759685758161254,0.23706931880775378,0.1946467710677799,0.0001,0.9930769690635479
3638,0.9904745854664042,0.7409116639085038,0.012739566712060274,0.23682335387862477,0.19468131866948357,0.0001,0.9929669674946859
3639,0.993229907980797,0.7405763137896695,0.012737028497227791,0.23991656580724532,0.19560083777135576,0.0001,0.9930343970203014
3640,0.9935012390840852,0.7401146905659178,0.012745545070021437,0.24064100248093054,0.19213724130307444,0.0001,0.9930508743555986
3641,0.9931488785492237,0.7406288337030469,0.01272209735235868,0.23979794687419587,0.19505264539022232,0.0001,0.9926972586170415
3642,0.9930251671141108,0.7405716897749756,0.012738081552919462,0.23971539481900042,0.19293330389152433,0.0001,0.9926587142639663
3643,0.9912540023999088,0.740326783719943,0.012737389026742436,0.23818983102848273,0.19028995704457435,0.0001,0.9924382887674877
3644,0.9913385082451858,0.741184422017111,0.012738856534203457,0.23741522939161644,0.19387389532088267,0.0001,0.9923628252490782
3645,0.991459005019244,0.741112589231611,0.01273350589899214,0.23761291003976825,0.19488386187181028,0.0001,0.9924575887031052
3646,0.9917588551919794,0.7400006475361559,0.012734669942643047,0.23902353703310716,0.19338758063122902,0.0001,0.9919724860974789
3647,0.9977667965221598,0.7410993279840109,0.012731939251959687,0.24393552918040004,0.19529924739688695,0.0001,0.99269569455731
3648,0.9920144789600953,0.7407280586312315,0.01273483582007232,0.23855158514352648,0.1926137230096434,0.0001,0.992849683906679
3649,0.9925990824041695,0.7407590823047785,0.012738242110664414,0.23910175680993295,0.1946945927024613,0.0001,0.9927866013490162
3650,0.9891501015872065,0.7409713131660863,0.012735336595809967,0.23544345389575552,0.1952492254984548,0.0001,0.9923514875993285
3651,0.9923855620030215,0.7409805776381347,0.012731055942558614,0.2386739289663868,0.1915417239221066,0.0001,0.9922751559447083
3652,0.9898656292329212,0.7403952828769026,0.012729904714510843,0.23674044303187977,0.19420841230461128,0.0001,0.9919592021565892
3653,0.9932956641150779,0.7409803672688002,0.012745714090900537,0.2395695817881617,0.1934104553342591,0.0001,0.992163368328106
3654,0.9955860436808991,0.7410115198237901,0.012728426325877347,0.24184609766724627,0.19134152147155747,0.0001,0.9925881218716773
3655,0.9934612301010147,0.7406190572113827,0.012733709256015491,0.24010846529601795,0.1930334241890762,0.0001,0.9927883443798546
3656,0.9954777884676781,0.7400427567064157,0.012765237815965261,0.24266979285717977,0.1914092605181688,0.0001,0.9931602377074243
3657,0.9974799637378592,0.7403806782881096,0.012754082921552367,0.24434520310248128,0.1948305239662921,0.0001,0.9931315544289945
3658,0.9896576602850676,0.7404398539728857,0.01274735255367132,0.23647045298776084,0.19132754209679959,0.0001,0.9928958725614916
3659,0.9927500809182018,0.7407150512776559,0.012738545816278361,0.23929648305351786,0.1917771540476391,0.0001,0.9929109724128947
3660,0.9942021535569707,0.7405452999091777,0.012738538562163377,0.240918316052845,0.19266127717906031,0.0001,0.9934161776098712
3661,0.9952463586238528,0.7410200915278576,0.01274595879637929,0.2414803086320962,0.19264157500276702,0.0001,0.9937022572719544
3662,0.9924427724271468,0.7407317886971557,0.012750711692516025,0.2389602723246172,0.1918637733793162,0.0001,0.9939599715913768
3663,0.9963372821256549,0.7407660209866614,0.012748437527468915,0.24282282544016595,0.19440969667618463,0.0001,0.9942641333924346
3664,0.9919055112718811,0.7402788010136835,0.01274802525193406,0.238878685036489,0.1928850894465166,0.0001,0.9938960801515329
3665,0.9911859411496903,0.740797757981515,0.012721948884805366,0.2376662358853203,0.1925930856268014,0.0001,0.9936685512564003
3666,0.9943504944050772,0.7403584510752927,0.012757714089708928,0.24123432815195822,0.19281407181196233,0.0001,0.9935558218501402
3667,0.993099175529596,0.7406964836449459,0.012717616727337634,0.23968507821008594,0.19535708796180043,0.0001,0.9931177430293138
3668,0.9941399032155592,0.7402093047786195,0.012741766643330727,0.2411888310077466,0.19335340543765325,0.0001,0.9935659673223631
3669,0.9972163420661709,0.7408686691317065,0.012730319891691691,0.24361735304277277,0.1949165176910029,0.0001,0.9940125934371601
3670,0.9932651959858366,0.7409021120526003,0.012713608587005801,0.23964947874659698,0.1943199316579962,0.0001,0.9939188976800466
3671,0.996501524840117,0.7408002245015112,0.012743702283011972,0.24295759746619702,0.1944293264624555,0.0001,0.994044414301673
3672,0.9953344625101612,0.7412997254493512,0.0127394857077763,0.24129525133792093,0.19326761516064225,0.0001,0.9943335833099745
3673,0.9957195121424677,0.7404642542767477,0.012743570499923118,0.24251168881661994,0.19366311739835487,0.0001,0.9942718063116558
3674,0.9906123814911678,0.7406237061318712,0.01273448181926116,0.23725419259548913,0.19626853317324577,0.0001,0.9941424933335845
3675,0.9945588154193112,0.7404036762506435,0.012732749536603267,0.24142239046326516,0.19392400584041952,0.0001,0.9944797807605464
3676,0.9954509568262777,0.7411043192987268,0.012739310158193715,0.24160732691597503,0.19535737613151813,0.0001,0.9945898270026667
3677,0.9962698696351197,0.7407582417946558,0.012743489012031478,0.24276813648595771,0.19713596407225842,0.0001,0.9949068964132189
3678,0.9884806905266721,0.740291181007215,0.012738036577406568,0.23545147387904036,0.19596891271415154,0.0001,0.9943409751443302
3679,0.9898818286388931,0.7405171816295832,0.012734027469859403,0.23663062038576385,0.19395841630912455,0.0001,0.9936075238016023
3680,0.995105914121709,0.7410034024691243,0.012740147766670398,0.2413623650949335,0.19542670836313258,0.0001,0.9937915956151896
3681,0.9928199350229383,0.7402246585965881,0.012734292003252443,0.23986098440798495,0.19266426714390336,0.0001,0.9934234366334718
3682,0.9921099568960875,0.7413247126111152,0.012742745465245741,0.23804250008919658,0.1916664541976689,0.0001,0.9931009860720643
3683,0.9924414792602493,0.7401055739569132,0.012736582369156348,0.23959932328177272,0.19264719630714364,0.0001,0.9927731827838425
3684,0.9910936070262297,0.7408367779869095,0.012742769645629017,0.237514059348353,0.19514036583610286,0.0001,0.9928213053373487
3685,0.9919886031692459,0.7404732635248505,0.012733366136376805,0.23878197504951795,0.1960880401833304,0.0001,0.9925642841123421
3686,0.9944135737709293,0.7406666431175526,0.012740659423580518,0.24100627109378153,0.19592838273449795,0.0001,0.9924605458068074
3687,0.9932207807324237,0.7412256140254332,0.012752789996458598,0.23924237751150712,0.19500733005226747,0.0001,0.9921556369165379
3688,0.9932662247402431,0.7409888233906357,0.012732909127132888,0.239544491497063,0.19268037366697802,0.0001,0.9926341903378949
3689,0.9893431036032238,0.740792032550363,0.012746611908531576,0.2358044600662063,0.19729583065118073,0.0001,0.992580317834328
3690,0.9943305632405542,0.7407451323998627,0.01274655532643471,0.24083887557470773,0.19376541698317498,0.0001,0.9925027827462125
3691,0.9909340808164275,0.7408907934569926,0.01274398156643881,0.2372993079843434,0.19511620240932062,0.0001,0.9923141973255614
3692,0.9892458677533674,0.7410038585111529,0.012745483410044084,0.23549652534856275,0.1943028919837054,0.0001,0.9920277884112896
3693,0.9902481450028642,0.7408491486709935,0.012738959300832381,0.2366600387538906,0.19228183056471557,0.0001,0.9918084549855509
3694,0.989619458906549,0.7405161123730348,0.012731961739716134,0.23637138482402353,0.1928639272284556,0.0001,0.9916610401735827
3695,0.9922492371127765,0.7405449368407229,0.012759615151442088,0.2389446864203072,0.19590609307584125,0.0001,0.9916871035679359
3696,0.9896418460726013,0.7405277357623736,0.012743921357284454,0.23637019066823908,0.19454449907882218,0.0001,0.991209930798103
3697,0.992465765674506,0.740553156115704,0.012739364080448422,0.23917324646068153,0.19512914894923236,0.0001,0.9911344292923113
3698,0.9932262364314004,0.7401481828147934,0.012730427736201103,0.24034762579728575,0.19406790840940108,0.0001,0.9911304304614271
3699,0.9922490005077261,0.7405758419094898,0.01275390954820428,0.2389192486873263,0.1965449169791978,0.0001,0.9914210201518772
3700,0.9934962801710829,0.7409074978702692,0.012736258593824282,0.23985252417548433,0.1947500564263752,0.0001,0.9913375918449301
3701,0.990969701543541,0.7404950074927077,0.012750916742166206,0.23772377620543717,0.1920936902565598,0.0001,0.9913411539176415
3702,0.9926227224767813,0.7404304820190337,0.012747032163592914,0.2394452101379089,0.19402598497471027,0.0001,0.9916788393899829
3703,0.9953898550530718,0.7405626875391839,0.012737824031837573,0.24208934599076518,0.19281288440401606,0.0001,0.9921930103950036
3704,0.9916738017819232,0.7401560038388622,0.012729362106710128,0.23878843795213447,0.1951832566674776,0.0001,0.9923984446825409
3705,0.9906379468058959,0.7402535826874553,0.012728952974625098,0.23765541244351115,0.19084477306742215,0.0001,0.992237315651853
3706,0.9955253044925403,0.7404856525860258,0.012733524759691096,0.24230612630051,0.19717453701259158,0.0001,0.9928256614938469
3707,0.9952442346189859,0.7408915538091446,0.012739777565002441,0.24161290422716683,0.19622037050448374,0.0001,0.9931035083882949
3708,0.9911156186709298,0.7402264854245447,0.012732651364247165,0.2381564827586768,0.19314641546284209,0.0001,0.9928924466122477
3709,0.9949028784556515,0.7409593164316297,0.012734174970197387,0.24120938738630462,0.19397584329270445,0.0001,0.9931578344070404
3710,0.9890459792850951,0.740770243486091,0.012750392269652949,0.23552534384671864,0.19360556823728534,0.0001,0.9927128043184416
3711,0.9952686222281466,0.7407812373391514,0.012740878014245333,0.24174650713166648,0.19254417457517697,0.0001,0.9931426963869022
3712,0.997862180517363,0.740520475723197,0.012724929358847968,0.2446167773092978,0.1933674009225915,0.0001,0.9936666421909603
3713,0.9927871165604427,0.7397539367782175,0.012732005989817528,0.24030117504676504,0.19321581364645193,0.0001,0.9934063683416975
3714,0.993117481530559,0.7401687385586164,0.012732139949140877,0.2402166048514432,0.1963609126046995,0.0001,0.9935507363165611
3715,0.9928946632884337,0.7405422707116628,0.01273901612473308,0.23961337722278753,0.195007658210294,0.0001,0.9937764079648147
3716,0.9933218363574262,0.7403897394031347,0.012738255409875216,0.24019384204313673,0.19481239563069527,0.0001,0.9935560611513032
3717,0.9931521152144271,0.739750022095067,0.0127306122325255,0.24067148342577488,0.19137322666920706,0.0001,0.9933468492108475
3718,0.9944273212860371,0.7395927418801654,0.012733601653309914,0.24210097576523648,0.19433280018594637,0.0001,0.9936780194723582
3719,0.9940779051964471,0.7403987608623311,0.01274040818939828,0.24093873771644267,0.1982118841902963,0.0001,0.9935955221464378
3720,0.9942854223338392,0.7408953635494318,0.01273515717736606,0.24065490283117333,0.19632204418008276,0.0001,0.9941194664513121
3721,0.9864009571607408,0.7405805191210268,0.012736346610419407,0.23308409061320656,0.19584992150143243,0.0001,0.9932326999445718
3722,0.9889527758768557,0.7403914760382615,0.01273771884717032,0.2358235819586392,0.19339909835229296,0.0001,0.9923417594805208
3723,0.9943226178084136,0.7404748483071705,0.01273601122850337,0.24111175981423918,0.19467299354487452,0.0001,0.992495309605318
3724,0.9918869559711665,0.7402203594453436,0.012748525060456374,0.2389180724174691,0.1949679633908533,0.0001,0.9923722570493787
3725,0.9932123005511069,0.7405525346798539,0.012738865239141438,0.23992090235496388,0.19346213044549582,0.0001,0.992404020775646
3726,0.9925844998195253,0.7406820575073815,0.012737267641218391,0.239165177194753,0.19411409889587766,0.0001,0.992330287121856
3727,0.9909359622920503,0.740470794707718,0.012742567981232494,0.23772260214203994,0.19459820742781214,0.0001,0.9921086718296184
3728,0.9927479409542819,0.7403719456635914,0.012742165861458614,0.2396338314845644,0.19254610909651548,0.0001,0.9919407337964428
3729,0.9908990774144991,0.7410949890560359,0.01274386501699142,0.2370602244598145,0.19501902900530407,0.0001,0.9916228510182478
3730,0.9954399279116617,0.7413432136268693,0.012739405428903823,0.2413573099742313,0.19456464284936506,0.0001,0.99173830157603
3731,0.994214171086557,0.7404143112668159,0.012743459270160047,0.241056400262439,0.1943019232571004,0.0001,0.9925196229686118
3732,0.9886440756838414,0.7407344330638708,0.01274261924364504,0.2351670250387269,0.19487298807435297,0.0001,0.9924887529493105
3733,0.9942503816941205,0.7401283920173954,0.012747358598767139,0.24137463059435027,0.19417410850162198,0.0001,0.9924815293378811
3734,0.9942517238262942,0.7400318017837726,0.012718803258744988,0.24150111754453207,0.19283197774848396,0.0001,0.9927180061233937
3735,0.995782595618985,0.7405201423966135,0.01273190370679627,0.24253055036188864,0.19609188374592856,0.0001,0.9929750356301816
3736,0.9948389422579179,0.7404060675696476,0.01274826971560898,0.24168460450416646,0.19347727891155964,0.0001,0.9932004798740209
3737,0.9910104103069035,0.740350715407977,0.012742375021773951,0.23791732203827426,0.19491544671160213,0.0001,0.9932079246755062
3738,0.9911247513598893,0.7409844139768434,0.012740368533569708,0.23739996934819657,0.1935233405770443,0.0001,0.993045605716067
3739,0.9960729101366735,0.7405554002970759,0.01274122645356834,0.2427762865294791,0.19243263200862412,0.0001,0.9935629889882843
3740,0.9924701203197301,0.7409960880240852,0.012744259157238818,0.23872977420385422,0.19604199586727072,0.0001,0.9932660082290912
3741,0.9914133256153934,0.7407710218526287,0.012732327830718933,0.23790997665745733,0.19658954381096436,0.0001,0.9929859236819748
3742,0.9959341940483264,0.7406578698699905,0.012739102932309041,0.24253722144249246,0.1954700031882609,0.0001,0.9937149355184234
3743,0.9967136655085953,0.7411084230724745,0.012739976085949137,0.24286526597235314,0.19752112674785677,0.0001,0.9939612638998708
3744,0.9934446025813569,0.7408184193936129,0.012736030331006157,0.23989015374838943,0.19323798890167027,0.0001,0.9938805517753773
3745,0.9911829148538214,0.7404525329568565,0.012747945698473082,0.23798243544285486,0.197838857951319,0.0001,0.9934205836988609
3746,0.9946116543928459,0.7406759380568839,0.01273305638566704,0.24120265961781476,0.19552417824887358,0.0001,0.9933978549123536
3747,0.9913317293956362,0.7398571607790903,0.01272142271966528,0.23875314639560108,0.19452240685299493,0.0001,0.993429986821227
3748,0.9930509600871475,0.7405346771040988,0.012732942496061809,0.2397833424063048,0.19414343163522213,0.0001,0.9936226076939526
3749,0.9967629237300726,0.7403077674202213,0.012731867194417525,0.2437232886771643,0.19320174042158147,0.0001,0.9936916090532926
3750,0.9947049255061585,0.7403330805335518,0.012740075950932067,0.24163177071430136,0.19265871381662922,0.0001,0.9939150895719354
3751,0.9896623747343949,0.7404168852686157,0.012738094852130262,0.23650739567154078,0.19422074472323875,0.0001,0.9937399944838358
3752,0.9941340820300893,0.7401764357791227,0.01272969603780317,0.2412279495179774,0.19339597043836335,0.0001,0.993559983282012
3753,0.9946869486002119,0.7403943623297113,0.012724792256074794,0.2415677928960831,0.1941126711953726,0.0001,0.9933573115911736
3754,0.9939349565738114,0.7403640719262872,0.012743009273227282,0.2408278786688741,0.19567382637917632,0.0001,0.9934063469904191
3755,0.9945964620998374,0.7404182710463812,0.01273841258236651,0.24143977974055988,0.1943589198964121,0.0001,0.9937477017150206
3756,0.9920464136295821,0.7406419880733529,0.012716999402152597,0.2386874271968557,0.19350183880595118,0.0001,0.9934911776386942
3757,0.9912602433568324,0.7397842172676845,0.012745702726120398,0.23873032428490462,0.19612926166149472,0.0001,0.9934840290348138
3758,0.9950677122595828,0.7405660085939249,0.01272869376091638,0.24177301150669192,0.19441458286668417,0.0001,0.9936857042520574
3759,0.9980505319202647,0.7404181785564152,0.012738578701599616,0.2448937768989354,0.19537653781579425,0.0001,0.9938144650710766
3760,0.9965229317334312,0.7409142868755797,0.012725102490392225,0.2428835413700185,0.1958519603308993,0.0001,0.9939962656938037
3761,0.9928909158126336,0.7404556985317331,0.01272177309341895,0.2397134438247758,0.19555499626826078,0.0001,0.9943191198016276
3762,0.9937969806469962,0.7409596142130498,0.012747964559172036,0.24008940292510977,0.19539970047696367,0.0001,0.9942854096633184
3763,0.9960671410599297,0.7407101895697944,0.012720281889182316,0.24263667169406739,0.19376084005977753,0.0001,0.9944234289092903
3764,0.9920720433850317,0.7404494649498264,0.01273267361019978,0.2388899064269559,0.19355586941899924,0.0001,0.9942371375904122
3765,0.9891648436414784,0.740313296748465,0.012717962023210816,0.23613358420484207,0.1933435938239823,0.0001,0.9936939757445762
3766,0.9915713972542397,0.7412228104308943,0.012737093542458803,0.23761149474682236,0.1965882102628267,0.0001,0.993646474107042
3767,0.9947835728072734,0.7404087387765881,0.012734901107107167,0.24163993088335828,0.19491819856012085,0.0001,0.993998807052086
3768,0.9926696226272815,0.740405184985658,0.01272232416435381,0.23954211279719645,0.1932583846015814,0.0001,0.993758998088856
3769,0.9893988445854573,0.7397738419488284,0.012735743551660503,0.2368892592058704,0.19561031070853344,0.0001,0.9928938293553753
3770,0.9927173666731581,0.7398670497095368,0.012742428460420991,0.24010789199424323,0.19355867794029127,0.0001,0.992513272849348
3771,0.9891306974341372,0.7399169177602802,0.01271968898618439,0.2364940913072948,0.1965228142349038,0.0001,0.9921372510114983
3772,0.9912981357100528,0.7397230112770267,0.012739002825522278,0.2388361223631408,0.1953074928471331,0.0001,0.9918873665178041
3773,0.9899225817732589,0.7408830378408606,0.012731802874598009,0.23630774143561872,0.1941170206115889,0.0001,0.9912729105891369
3774,0.9914905347882129,0.7403110760220649,0.012728712621615335,0.2384507479920651,0.19323203387777899,0.0001,0.9912147597294549
3775,0.992549522411509,0.7402558963874291,0.012734736922304722,0.23955888928312802,0.19604025935304575,0.0001,0.991553227606458
3776,0.991495391297292,0.7404065129723075,0.012738848796480809,0.2383500316594,0.19505697775926842,0.0001,0.9915456270107633
3777,0.9974971245558701,0.74092023174371,0.012738965104124367,0.2438379277835995,0.1923288526447985,0.0001,0.991816982185623
3778,0.9958390293691995,0.7408056542065757,0.012730942052953383,0.24230243341192512,0.1947323562951407,0.0001,0.9921339228598148
3779,0.9954207891382987,0.7408292761439,0.012731828022196617,0.24185968618122125,0.19370189832020968,0.0001,0.992736117315099
3780,0.9918369891435573,0.7408418954023241,0.012720923878358296,0.2382741714043743,0.19393168105677708,0.0001,0.9926480795621389
3781,0.9902777006853425,0.7405003565561941,0.012733413529928026,0.23704392923907383,0.19526680321649895,0.0001,0.9927627798872593
3782,0.9928293592064182,0.7407951255840898,0.012721767773734629,0.2393124653952117,0.19410506842948844,0.0001,0.9929159022368961
3783,0.9923797819242033,0.7401322568889563,0.012722334320114785,0.23952519192415125,0.19208750545857645,0.0001,0.9931616222519903
3784,0.9931174416329266,0.739869299089691,0.012733007299488988,0.24051513666434413,0.19646367064958653,0.0001,0.9933243129364617
3785,0.993453033192888,0.7400122856755286,0.012744664904070191,0.24069608438147977,0.19431432168817422,0.0001,0.9934146640145997
3786,0.9936864517523357,0.7404368600787304,0.012739790622409411,0.24050980074138478,0.1954606502764607,0.0001,0.9936337700601039
3787,0.9935213436219562,0.7400070300692235,0.012738600463944564,0.24077571181931795,0.19461475899084102,0.0001,0.9932361919667126
3788,0.9913741272796723,0.740325465163643,0.01273998769253311,0.23830867292733512,0.19598791202715396,0.0001,0.9927897017577598
3789,0.9955340269612976,0.7403731469450325,0.012730169731511547,0.2424307099220477,0.194956729547489,0.0001,0.9928010255400599
3790,0.9956787267272903,0.7407810593715304,0.012725889803671692,0.24217177780900476,0.19326213821315377,0.0001,0.9931851992984331
3791,0.9925515843936928,0.740573411176461,0.012746666798001613,0.23923150563336773,0.19705495286664904,0.0001,0.9934125876692681
3792,0.9950803196696191,0.7404131566535145,0.012740407463986782,0.24192675753188667,0.19337062187054577,0.0001,0.9936376837155881
3793,0.9925722097770195,0.740461638201081,0.012723118006336761,0.23938745230013167,0.195265535136749,0.0001,0.9936569265008698
3794,0.9921702631346836,0.7404617391541812,0.012722586521512355,0.23898593715673527,0.19458188612248303,0.0001,0.9935622086510454
3795,0.9976334569420341,0.7405345054233775,0.012721212833938443,0.2443777401506538,0.1941881587853538,0.0001,0.9939802510259602
3796,0.9939552425854589,0.7400183146913927,0.012733699825666014,0.24120322970057598,0.19502063666831165,0.0001,0.9940071301092726
3797,0.9913561102342896,0.7404905317037632,0.01272647037467415,0.23813910891148912,0.19382072374617593,0.0001,0.9937906067705058
3798,0.9917491193233591,0.7406416517242215,0.012731899596131115,0.23837556715669303,0.1987251568336274,0.0001,0.9938281059748745
3799,0.9926832604843511,0.7400372993148123,0.012730358580304933,0.23991560404005688,0.19448773438983707,0.0001,0.9935430293271799
3800,0.9907946842920949,0.7400762701131267,0.012733595850017926,0.23798481977977326,0.1963885931589057,0.0001,0.9930546250836603
3801,0.9968945200254661,0.7402912032531677,0.012720987472766312,0.24388232846833147,0.19437123266847817,0.0001,0.9934889186468375
3802,0.988381850791993,0.7401500121816902,0.012733884080186577,0.23549795459056722,0.19217061929963908,0.0001,0.992819071759075
3803,0.9927198485476976,0.7403773481657249,0.012733179463817914,0.23960931995093943,0.1991401249146123,0.0001,0.9928338356361428
3804,0.99221539340203,0.7407286836941392,0.012716710446572448,0.2387699994880094,0.19440436728948512,0.0001,0.9928383486628775
3805,0.9922679749753848,0.7400576600438441,0.012727841402405899,0.23948247505552145,0.19395769818196673,0.0001,0.9923018004662124
3806,0.9922778958239371,0.7400934223471016,0.012714895225199918,0.23946957843298844,0.19470715788750328,0.0001,0.9921340657900602
3807,0.9948734939702868,0.7405318424377674,0.012729926718659624,0.24161172475340884,0.19722519990275889,0.0001,0.9924858041636601
3808,0.9922283839502393,0.7403404233905413,0.012731650538183372,0.23915631183504332,0.19406192306935424,0.0001,0.9925337306263481
3809,0.9924926778365826,0.7405153435577485,0.012724136967688014,0.2392531991473439,0.19399295396664562,0.0001,0.9925146723615711
3810,0.9931855904161325,0.739813015016049,0.012734229617863592,0.24063834714236657,0.1943821147779422,0.0001,0.9927537629739749
3811,0.9882393040473273,0.739649615108846,0.012730251703010852,0.23585943787020552,0.193981531214037,0.0001,0.9918882413761612
3812,0.99157223824797,0.7399384240349698,0.012731079639334224,0.23890273567689602,0.19528998513129855,0.0001,0.9922072801217589
3813,0.9916202330444213,0.7405225149758206,0.012712498223805766,0.2383852204946427,0.19666066143140348,0.0001,0.9920973185714314
3814,0.9955118483510511,0.7394975816744095,0.012716210638050134,0.24329805564566026,0.19302993568518098,0.0001,0.9924269640663332
3815,0.9948729754219674,0.7400601403466587,0.012718452401383654,0.24209438209964101,0.1948573786395075,0.0001,0.9926874641109915
3816,0.989311770178967,0.7398539378967053,0.012734004982102956,0.23672382665031097,0.1952815475376818,0.0001,0.9923908515464946
3817,0.9919516341439609,0.7400027283790387,0.012720319610580228,0.2392285867135133,0.19303674566697399,0.0001,0.9920986655638618
3818,0.9914372650411502,0.7406163785085234,0.012734485929926317,0.23808639948435778,0.1971422305999373,0.0001,0.992019553672953
3819,0.9940790073383169,0.7406167658782634,0.012741799770455815,0.2407204421580926,0.19475266080478143,0.0001,0.9921781866231264
3820,0.9930612352992169,0.7406216537009388,0.012728684088763069,0.23971089800823533,0.19448337188598833,0.0001,0.992165751111435
3821,0.9941890223998328,0.7405125231578432,0.012712720441528073,0.2409637803268481,0.19593046384941007,0.0001,0.9927607229466855
3822,0.9950083744453369,0.7405730115956274,0.012732664179850302,0.24170269902500854,0.19390349739947135,0.0001,0.9931043365664222
3823,0.9901889288159461,0.74007523313739,0.012734025777232575,0.23737967027914209,0.1944413918087497,0.0001,0.9929612061435746
3824,0.9948915179070787,0.7396698702905048,0.01271402448959815,0.24250762324032146,0.19642574435315316,0.0001,0.9928991730991774
3825,0.9933427671389937,0.7408398753731052,0.012719581141674978,0.2397833106091008,0.1951423169814549,0.0001,0.99274615227088
3826,0.9918658338018653,0.740176799814793,0.012713268127209274,0.23897576648704177,0.19761882803986572,0.0001,0.9930015586331699
3827,0.9982372447394938,0.7406704197307146,0.012740515792103859,0.24482630917133713,0.1940231179368907,0.0001,0.9936301196927232
3828,0.9944849794099587,0.7399624211309406,0.012732036215296623,0.2417905221392852,0.19563616253057795,0.0001,0.993934891129604
3829,0.9929168159047682,0.7411318752635081,0.012735090923115883,0.23904984955190403,0.19987528092600026,0.0001,0.9938186719862492
3830,0.9908434231189395,0.7396816399711624,0.012716952250405209,0.23844482925008326,0.1936556001101256,0.0001,0.9935968907682213
3831,0.992858930001636,0.7403641925863997,0.012742230181278128,0.23975250684102697,0.19475515337914048,0.0001,0.9934638815284018
3832,0.9933639610031314,0.7403354886579223,0.012741200338754402,0.24028727187043997,0.1931098256161924,0.0001,0.9932994401841813
3833,0.9954994848001801,0.7400465353749103,0.012738534209694388,0.24271441545737926,0.1967797302631529,0.0001,0.9938304957826045
3834,0.9915785742337999,0.7405796209406901,0.012728191776159569,0.23827076245394005,0.1939947723012425,0.0001,0.9934992014152767
3835,0.9880582874009866,0.7406954232142373,0.012718479483412922,0.23464438600303195,0.193227533636422,0.0001,0.992970753441476
3836,0.9899672874330749,0.7402167986421024,0.01273648177876192,0.23701400785852397,0.1929441613974484,0.0001,0.992780898804597
3837,0.9916521581626567,0.739820709697615,0.012717048246526814,0.2391144011706174,0.1949742599022074,0.0001,0.9921223901469132
3838,0.9906891740359834,0.7398313754228742,0.012718780770988541,0.23813901847685567,0.19822192588031412,0.0001,0.9917428096095158
3839,0.9933938293379654,0.7401431551086008,0.012709477368523093,0.24054119684572878,0.19870669033537047,0.0001,0.9917905109528353
3840,0.9948291656453517,0.7405912223258801,0.012704424393829903,0.2415335173916986,0.19472183840269974,0.0001,0.9921890852054764
3841,0.9923432061928523,0.7395636855226018,0.012719732752678119,0.24005978874877307,0.19604766387001255,0.0001,0.9921375128245982
3842,0.9939430583321298,0.7402198719688168,0.012735808838695349,0.2409873784767203,0.19494052294785305,0.0001,0.9921954225574983
3843,0.9918490092120837,0.7410203138664818,0.012727302421662676,0.23810139367957628,0.1949572705835648,0.0001,0.9918303749986885
3844,0.9917791632077757,0.7405344170440766,0.012721593191367375,0.23852315504277696,0.19707931910639603,0.0001,0.991850433896086
3845,0.989356055221016,0.73998125559418,0.012710061082975376,0.23666473731972867,0.1935030404198726,0.0001,0.9919802106780891
3846,0.9927925292183372,0.7402785554618913,0.012737120624488072,0.2397768535702272,0.19549078202634507,0.0001,0.9922627348566151
3847,0.9916955112927343,0.7403574208700633,0.012733940904087276,0.23860414833978996,0.19479160436993923,0.0001,0.9922670701696228
3848,0.9917555646045213,0.7401244752789125,0.012733671534617581,0.2388974190906869,0.19705667330091914,0.0001,0.9923737092264767
3849,0.9901906185411294,0.7396411823210803,0.012733213074550668,0.23781622405226283,0.19447973962971454,0.0001,0.9920533881467932
3850,0.9949209684048899,0.7402981727650393,0.012741786471245013,0.24188100879078706,0.1956859004304085,0.0001,0.9920625684227469
3851,0.9931731509388582,0.7400798895537974,0.012725020277089086,0.24036824165203025,0.19635551862615117,0.0001,0.9921455628973476
3852,0.9953835073397561,0.7404874731270827,0.012714058583938568,0.24218197529625457,0.19746570926892587,0.0001,0.9922896077981103
3853,0.9910405262488623,0.740135898212874,0.012724252066312407,0.23818037773786646,0.19510452969199987,0.0001,0.9922087595017881
3854,0.9907279229792814,0.7396323442700911,0.012733017455249964,0.2383625619642391,0.1957197495515158,0.0001,0.9921036354789387
3855,0.9955454980142218,0.7404402835373947,0.012720489598674658,0.242384726706794,0.19433293943472857,0.0001,0.9927225797582592
3856,0.9929997586091682,0.7395030407586397,0.012728479280916721,0.2407682385016044,0.19336210835052553,0.0001,0.9927433026973423
3857,0.9961307180580696,0.7402102741701849,0.012712920413297765,0.24320752568104687,0.1939573070038163,0.0001,0.9931868233738758
3858,0.9916291824460755,0.7404205062810112,0.012727428643263377,0.2384812486401436,0.1950656641388036,0.0001,0.9931741851580312
3859,0.9967279616765995,0.7409232108878315,0.012723326683044434,0.2430814240906108,0.19763316876022619,0.0001,0.9938279194715782
3860,0.9884629896398006,0.7400221141550168,0.012730368252458244,0.23571050629533571,0.19521060546682525,0.0001,0.9931821215950694
3861,0.9950378816461466,0.7403702680285997,0.012725620192398163,0.24194199353093793,0.19520908310011967,0.0001,0.9933685946657981
3862,0.9933086494645047,0.7399789269023687,0.012719933933466975,0.24060979023061949,0.1952625282154122,0.0001,0.9931611088782729
3863,0.9950079375058111,0.7409341723391782,0.012735712117162245,0.24133805227872082,0.19538359008502768,0.0001,0.9935578500039679
3864,0.9881911583652845,0.739933824442463,0.012727726061977673,0.23552960958369606,0.19690718297784277,0.0001,0.9933041735425683
3865,0.9971762404722326,0.7402074924588928,0.012723545515513081,0.24424520302677252,0.1925957380637194,0.0001,0.9934672477883693
3866,0.9950645980680206,0.7404892110921306,0.012738022552784268,0.24183736386393437,0.19880410569434717,0.0001,0.9936737317342546
3867,0.99034570257272,0.7401278775797413,0.01272756550423272,0.2374902588842365,0.1966352232450404,0.0001,0.9930952301857194
3868,0.9920264997540332,0.7397522766740037,0.012726050361416644,0.23954817347424992,0.19311052282731866,0.0001,0.9931349619165154
3869,0.9932601299537365,0.7401961465394521,0.012724324849266068,0.2403396580360724,0.19814399386516207,0.0001,0.992788178744229
3870,0.9932372456390041,0.7402202274204509,0.012722486172921758,0.2402945309272886,0.19397087706513627,0.0001,0.9932656043441493
3871,0.9940554509298313,0.7403685179733601,0.012721786634433584,0.24096514777286057,0.1960754439264959,0.0001,0.9931673612725179
3872,0.9910010153816873,0.7402608462327875,0.012723854057203684,0.23801631562064193,0.19527549074460238,0.0001,0.9929365978642363
3873,0.9931331031462726,0.7396914582948898,0.012726978162722946,0.24071466699091465,0.1959628198016246,0.0001,0.9927491144282822
3874,0.9916571217908337,0.7407672590222852,0.012733729567537443,0.2381561334125894,0.1959235276460164,0.0001,0.9930957107708371
3875,0.9926436969039406,0.7405561886984726,0.012728676834648086,0.2393588321189005,0.19410642821334195,0.0001,0.992642456414008
3876,0.9915372575756018,0.7405101795950961,0.012725864172465419,0.23830121208518804,0.19578954767866502,0.0001,0.992289722364766
3877,0.9926432276836031,0.7398477712944603,0.012720328315518207,0.24007512910129092,0.19623880632387938,0.0001,0.9925194748758545
3878,0.9975160042364264,0.7406111630416545,0.012730224620981584,0.2441746163168737,0.19529899855051758,0.0001,0.9930684253240937
3879,0.9907534214352497,0.7401740602982697,0.012717253779784662,0.23786210886846934,0.19562715476352352,0.0001,0.992817754472245
3880,0.9933585449599833,0.7399098153772026,0.012707512954185748,0.2407412176260358,0.19518492033829796,0.0001,0.9928298844043428
3881,0.9919505421578522,0.7404725790991019,0.012728296719022987,0.2387496653573992,0.1987809465997843,0.0001,0.9926193935271451
3882,0.9931018726095466,0.7407221581341045,0.012727779500624713,0.239651932330088,0.19599372375204888,0.0001,0.992829479249931
3883,0.9935198119155776,0.7401469230168248,0.01273738322345045,0.24063550668785585,0.19703959016238942,0.0001,0.9928681501268615
3884,0.9928101173037206,0.7404725373879407,0.012718620938655088,0.23961895930960503,0.19692474875682267,0.0001,0.9929834496781502
3885,0.9912198242744616,0.7400899020460024,0.012732704077482707,0.23839722059924026,0.19528037648171973,0.0001,0.9928410624152022
3886,0.9936317747069663,0.7406649006791337,0.012716394167159199,0.24025048073721222,0.19509695618437947,0.0001,0.9930505141283387
3887,0.9939906703531137,0.740625087315364,0.012703008632389092,0.24066257485874284,0.19638102880960545,0.0001,0.9931852583952898
3888,0.9900486656666769,0.7401067525087941,0.012729003028018479,0.23721290978227136,0.19540606977127145,0.0001,0.9924385245383149
3889,0.9935750004969552,0.7404623906946085,0.012721056145054815,0.240391551677523,0.1960381707422148,0.0001,0.9927206824444854
3890,0.9938203387763389,0.7397086903241294,0.012723266957497741,0.2413883821596722,0.19487689157407617,0.0001,0.9927668618261208
3891,0.9932117479084471,0.7402977314730445,0.012733623657458695,0.2401803967677072,0.1948970266396811,0.0001,0.9928929824011803
3892,0.9936023949367763,0.7403705475538304,0.012709901734249587,0.24052194752267603,0.19649734555103232,0.0001,0.9929430346339034
3893,0.9938533830836144,0.7409608869475235,0.012724483230776526,0.2401680134040347,0.19667026379408264,0.0001,0.9929763917507071
3894,0.9900244503427471,0.7397187202262104,0.012699389070816504,0.23760634178624435,0.19458338630368696,0.0001,0.9926978250546099
3895,0.9906594258776543,0.739979561153822,0.012733914063861838,0.2379459505088431,0.19699069198681907,0.0001,0.9926417852149291
3896,0.9889818084167419,0.7400857347987486,0.012725153027393271,0.23617091981985022,0.19540959028394905,0.0001,0.9921767885859067
3897,0.9939474056023372,0.7401848168208681,0.012729255954827547,0.24103333146649492,0.19678363228182763,0.0001,0.992172462110829
3898,0.9934786370753275,0.7403648323993413,0.012730474646144657,0.24038333061923844,0.19539705024650567,0.0001,0.9925154592516939
3899,0.9895215283542811,0.7394365069832328,0.012730707503235607,0.23735431380736174,0.19378879472885363,0.0001,0.9921101120374265
3900,0.994002891723331,0.7402166192236586,0.012706555652811851,0.24107971745892665,0.19398697306974422,0.0001,0.992128367332126
3901,0.9948191764872166,0.7405727267507124,0.012728384252010446,0.24151806651216007,0.19614952089336773,0.0001,0.9922891101900028
3902,0.9919835300039326,0.7397207297369626,0.012731680763662465,0.23953112167954202,0.19639790695893594,0.0001,0.9921272236967184
3903,0.9917019524632312,0.7392182183314047,0.012731319750540156,0.23975241500090877,0.19713570627914723,0.0001,0.9919120806346801
3904,0.9911924930663428,0.7399917965486615,0.012722639960159394,0.2384780579176684,0.1953692213154226,0.0001,0.9920288849070396
3905,0.9908523790492972,0.7399619757282806,0.012731467492681971,0.2381589380952456,0.19509333598807183,0.0001,0.9920481802242038
3906,0.9919385369602614,0.7403653938678408,0.012731166446910185,0.2388419761467899,0.19559504484670884,0.0001,0.992343853078556
3907,0.9912850506165448,0.7399527845227936,0.012723619507485906,0.2386086472436695,0.19605859751391846,0.0001,0.9920776175799768
3908,0.9914083512269459,0.7398490574490468,0.012717251119942501,0.23884204135826104,0.19369816891924604,0.0001,0.9918705889951385
3909,0.9911155404473898,0.74029208474904,0.012716327187497524,0.23810712831438677,0.19885559730670033,0.0001,0.9920299902044494
3910,0.9900291965892783,0.7400148070849947,0.012722167717274014,0.23729222214971546,0.19683175175838005,0.0001,0.9916326206910441
3911,0.9941630983691186,0.7402257328101153,0.01272214281147924,0.2412152232462446,0.19659139076908994,0.0001,0.9915670128792342
3912,0.989914946091828,0.7402290306516883,0.012725168019230902,0.23696074849391321,0.195358410840344,0.0001,0.9913601544880238
3913,0.9949212752539536,0.7403171650052796,0.01272400977887198,0.241880101225439,0.1954348285287679,0.0001,0.991682086767096
3914,0.9940670558211769,0.7402249227672755,0.012719727916601463,0.24112240890037215,0.19572170453550367,0.0001,0.9919695430425793
3915,0.9948808678990687,0.7401651954070549,0.012718313364179817,0.24199736177256334,0.19557788345441374,0.0001,0.9923723919275564
3916,0.988731621003296,0.7399733021825129,0.012717956945330327,0.23604036164876172,0.19372420983188776,0.0001,0.9920517003318601
3917,0.9909312920928243,0.7398196019942572,0.01271608683448776,0.23839560356633416,0.1970027730503624,0.0001,0.992016324479488
3918,0.9942671771465402,0.7401335304697435,0.012736001314546226,0.2413976451053339,0.19380139582176478,0.0001,0.9923022070714473
3919,0.9929227593220755,0.7402478588280281,0.012706944473374929,0.2399679549627807,0.197309691632737,0.0001,0.9924829289589161
3920,0.9902766188549947,0.7399077909955146,0.012724276730303349,0.2376445516278971,0.1955737531124699,0.0001,0.9925076711854878
3921,0.9934983723787458,0.740492683636973,0.012729114015977717,0.240276575783687,0.19949460585750867,0.0001,0.9924411985864504
3922,0.9921790131690778,0.7398790105361243,0.01272367415515211,0.2395763313945602,0.19344881249489698,0.0001,0.9926676052941754
3923,0.9890709173606811,0.7399355899731479,0.012728437932461319,0.23640689086055658,0.1952571395263227,0.0001,0.9920825695048482
3924,0.9918537972906782,0.739172572417385,0.012734744901831203,0.23994647968431998,0.1970142444055414,0.0001,0.9918612436517982
3925,0.9897309128217716,0.7402155997786996,0.012720035007469068,0.23679527909349476,0.19323921282199527,0.0001,0.9913462481440686
3926,0.9906493230717177,0.7394294721843263,0.012710868949580628,0.23850898140886492,0.1953239981349535,0.0001,0.9915380183509107
3927,0.9945861209962238,0.7395577083736598,0.01271143331972629,0.24231698076877342,0.19631871952850968,0.0001,0.9919035012412507
3928,0.9924266044556732,0.7399001590620432,0.012716356203957455,0.23981008781441326,0.19506168725161716,0.0001,0.991719443972164
3929,0.992545219512305,0.7395343041806869,0.012730577170969749,0.24028033745034955,0.19675750864204963,0.0001,0.9916816899911869
3930,0.99279166634136,0.7397331253268414,0.012721338330127646,0.24033720161138636,0.19637126114378112,0.0001,0.9919331947398234
3931,0.9930862080736528,0.739266030686864,0.012715650378569627,0.24110452644904776,0.1959329350845809,0.0001,0.991891978309314
3932,0.9935454727428197,0.7401199824427978,0.012720056286206352,0.24070543425561933,0.19580296123245425,0.0001,0.9920286242666883
3933,0.9937347895475237,0.7397510509703754,0.012724052819954212,0.24125968666395842,0.19627201134002717,0.0001,0.9924950114853726
3934,0.989652567533644,0.7392207113289204,0.012724971674518701,0.23770688596591505,0.1958853723613534,0.0001,0.9922748885096693
3935,0.9875164330610156,0.7400092196029292,0.012724906871091521,0.23478230716127896,0.19641989826188852,0.0001,0.9920534405335936
3936,0.9888884247437452,0.7400844870909716,0.012710321263899427,0.2360936185802214,0.19662368772116925,0.0001,0.9918773507007963
3937,0.9893149615059518,0.7404855910469504,0.012716044035209362,0.2361133255019149,0.19712234078386975,0.0001,0.9913502347517691
3938,0.9914836859364539,0.7399991400101605,0.012712360637424926,0.2387721845030059,0.19471352778632064,0.0001,0.9912559428998471
3939,0.9912187359154103,0.7396624819743948,0.01271985462180983,0.23883639969702425,0.19664737204388238,0.0001,0.9911232945401576
3940,0.9943757905921394,0.7404321112932588,0.012718571127065538,0.2412251067965558,0.1980331916112687,0.0001,0.9912817069652355
3941,0.9900923950435182,0.7405378661339471,0.012705646470400673,0.2368488829076653,0.19660154616736011,0.0001,0.9909823256622221
3942,0.988875746364284,0.7401942023157349,0.012712906388675465,0.2359686395640789,0.19634673782221929,0.0001,0.9905153530243686
3943,0.9938660453831206,0.7403437327177964,0.01270664318579931,0.24081566947952487,0.19569657996871168,0.0001,0.9905284786079281
3944,0.9898600684701792,0.7404592398697658,0.012722535742707475,0.23667829343199004,0.19549220259363703,0.0001,0.9905492287015818
3945,0.9929688443518555,0.7398738604771922,0.012731677862016472,0.24036330504543157,0.19717443482024674,0.0001,0.9910944698306657
3946,0.9895460967118068,0.7399404134760038,0.012721164473171892,0.23688452133179677,0.19762284920737902,0.0001,0.9911602370274719
3947,0.9891749360498502,0.7411181358488288,0.012711817304212713,0.2353449829119214,0.1970915432573574,0.0001,0.9911462344818618
3948,0.9932848770042946,0.7404581715804326,0.012727355134898219,0.24009935140730643,0.19524234448678596,0.0001,0.9913263535886457
3949,0.9918772213115653,0.7400090545718133,0.01272220253702593,0.23914596468633378,0.19657913470002264,0.0001,0.9913922021282614
3950,0.9910972927211507,0.7402206469501008,0.012712000833321779,0.23816464465058598,0.1961802139001734,0.0001,0.9910643523411625
3951,0.993846661904279,0.7399034461433457,0.012724880756277583,0.24121833364450906,0.19544002601147664,0.0001,0.9914397790272386
3952,0.991150506611528,0.739766857566021,0.012723048125029094,0.23866060191791874,0.19505380722741325,0.0001,0.9916672550519628
3953,0.9923822826594416,0.7398285503077943,0.01271465970826681,0.23983907246202774,0.1955477639760739,0.0001,0.9915188787795952
3954,0.9935852584200505,0.7400951998470763,0.012709692332130417,0.24078036837174008,0.195095551485464,0.0001,0.9918913977745822
3955,0.9935331565854999,0.7396619171206414,0.012723145088366031,0.2411480932883752,0.19471592968424242,0.0001,0.9919478289979466
3956,0.9907356448637786,0.7391957549971451,0.012726250091382504,0.23881364180035813,0.19640249938800416,0.0001,0.992066783813144
3957,0.9948581245559708,0.7403489607584646,0.01271435044116471,0.24179481332611602,0.1997149358475184,0.0001,0.992635102663756
3958,0.9902988800412501,0.7401548660309272,0.01273005342386799,0.23741396152344485,0.19453616506792226,0.0001,0.9923365029674514
3959,0.9938539215807499,0.7397846057255418,0.012724671837766079,0.24134464635991662,0.19579003781503404,0.0001,0.9925341729943697
3960,0.9900420819528204,0.7398188163736046,0.012700726004207836,0.23752253995282654,0.19345083016652848,0.0001,0.9924286519175368
3961,0.9910411802073279,0.7397247447687036,0.01272433718126154,0.238592099141458,0.19644004490385192,0.0001,0.9921481037478417
3962,0.9911306109921686,0.7403560960268636,0.01271756473951359,0.23805695018045317,0.19651464326023813,0.0001,0.9921461141859058
3963,0.9944587060936082,0.7398888003269992,0.01271742183344843,0.24185248415985167,0.1933412133861507,0.0001,0.9923537565293226
3964,0.9932483115496065,0.7399269955395201,0.012728591236091288,0.24059272374632876,0.19781290472279214,0.0001,0.9923200618422781
3965,0.9920342403783275,0.740170805255975,0.012721085161514746,0.23914235200105768,0.1958772424933393,0.0001,0.9921701702215608
3966,0.991524658265994,0.7399700371053591,0.01271465970826681,0.23883996293341653,0.19594694646812114,0.0001,0.9922490715617824
3967,0.9911422794779222,0.7409194718751656,0.012730349391759288,0.23749245875505598,0.19869052154780886,0.0001,0.9918774870539775
3968,0.9938591378939321,0.7402371054488796,0.012705382420615299,0.24091665070451054,0.19577358747713464,0.0001,0.9922335128392457
3969,0.9898683680240329,0.7400146757855135,0.012719462899600758,0.23713422864373268,0.19578496815587637,0.0001,0.9918349574835739
3970,0.9940600570510415,0.7401733801040882,0.01272051958234992,0.2411661582109169,0.19521739670882118,0.0001,0.9922367549933963
3971,0.9912471256198071,0.7393459721220917,0.012716015502357096,0.2391851383882894,0.19679059184951667,0.0001,0.9922573495346441
3972,0.99340162170828,0.7401268696204644,0.012721388383521028,0.24055336317534862,0.19622796764842879,0.0001,0.9924844506062552
3973,0.9942306900362939,0.7402757346992802,0.012718504147403864,0.2412364514314137,0.19719486851358511,0.0001,0.9924616490005238
3974,0.9940288601250484,0.7399397579458132,0.012730743290202854,0.2413583592215126,0.19704880204210418,0.0001,0.992539703858068
3975,0.9897490814781575,0.7398469313888473,0.012711077142680634,0.23719107495662406,0.19567370662582814,0.0001,0.9923111879680511
3976,0.9926196362135619,0.7405727913123357,0.01272267187826532,0.2393241747760386,0.19578179544778673,0.0001,0.9924206857628077
3977,0.9944759971229832,0.7401636600736189,0.012729008831310465,0.2415833281576029,0.195917499053309,0.0001,0.9927540575273138
3978,0.9910997710895345,0.7397268412079337,0.012738349471566159,0.23863458068206392,0.19578292914505663,0.0001,0.992478120846874
3979,0.990998167537047,0.7402494557005397,0.012732588253446815,0.23801612352260954,0.19930441426698867,0.0001,0.9925911007981755
3980,0.9934842301188811,0.7400981434460344,0.012715397935368227,0.2406706867123714,0.19558677146811998,0.0001,0.9925335181049594
3981,0.9917739566876487,0.7393940698060738,0.012737879646719106,0.23964200752199785,0.1963605923657485,0.0001,0.9925862012117437
3982,0.9918464118762143,0.7391705601258888,0.012732638548644029,0.23994320999778065,0.19584276057160166,0.0001,0.992430680228537
3983,0.989315986391497,0.7401156115967168,0.01269920022202312,0.23650117513192837,0.19471911408959247,0.0001,0.9919392098640574
3984,0.9931920132095383,0.7399853111280631,0.012714340769011399,0.24049235937803318,0.19605305703247294,0.0001,0.9918555251725063
3985,0.9925928136398052,0.7402028535732633,0.01271082711751756,0.23967913432428367,0.19555444432078703,0.0001,0.9921398983886711
3986,0.9960855222618846,0.7399357270759211,0.012715512308581122,0.2434342852651952,0.193851530400783,0.0001,0.9924864869935034
3987,0.9906362122261017,0.7398710612351223,0.012720882046295227,0.2380442685215275,0.19527961661317528,0.0001,0.9921025085038153
3988,0.9932335011857518,0.74018842876562,0.012721587146271557,0.24032348596904632,0.19880461747215922,0.0001,0.992315881513437
3989,0.987259714284243,0.7399995739271384,0.012701884728174422,0.23455825692106938,0.1947778938508179,0.0001,0.9919420361881566
3990,0.9934797567479751,0.7402173136842662,0.012717895043549142,0.24054454944075726,0.19929714818271613,0.0001,0.991941588851066
3991,0.9941344574305397,0.7394653204488464,0.012713501951515554,0.24195563465235925,0.19680709671418034,0.0001,0.9921776389253552
3992,0.9944782306649864,0.7399197150679195,0.012706748128662728,0.24185176684878176,0.20080101743914777,0.0001,0.9924408208042322
3993,0.9947177835458674,0.7400175195194887,0.012715605161252901,0.24198465996835586,0.19562012833707473,0.0001,0.9929810005196693
3994,0.99513487315323,0.7403016378139627,0.012711546000312357,0.24212169004925366,0.19740795554181384,0.0001,0.9931752865140385
3995,0.9905568132777727,0.7397074177105577,0.012709265548365595,0.23814012982238378,0.19664999195818486,0.0001,0.9929716864778351
3996,0.9943272296120139,0.7398216468083689,0.012720264479306359,0.2417853200471909,0.19639312377686916,0.0001,0.992795857212848
3997,0.9899590872605964,0.7394635343648357,0.012705266112971741,0.23779028776511701,0.19336274523159552,0.0001,0.9927281447162976
3998,0.9920126158615639,0.7405066845624974,0.012719539067808077,0.2387863930926845,0.1984452924126302,0.0001,0.9926060561838786
3999,0.9949730323971406,0.740734121741436,0.01270581960194493,0.2415330911746615,0.19684790972522015,0.0001,0.9933773879951685
4000,0.9948467345073305,0.7400572986680161,0.012707927889562766,0.2420815081613301,0.19665269813600467,0.0001,0.993514085771104
4001,0.9921919615225182,0.7396610799957725,0.012716000510519465,0.23981488089532446,0.19486082839433852,0.0001,0.9933198361803021
4002,0.9920807941448374,0.7402173685737362,0.012697699103829342,0.23916572559073296,0.19660964807680606,0.0001,0.993080092528287
4003,0.9905959615601003,0.740264119047664,0.01270606068036619,0.23762578077417842,0.1982233749502329,0.0001,0.9926679103297102
4004,0.9886043099554267,0.7396399272382864,0.012707972381467994,0.23625641145401505,0.19691006268013805,0.0001,0.9920148540099302
4005,0.9947773849262911,0.7400766011425738,0.012726088082814556,0.24197469579157915,0.1990473711103745,0.0001,0.9924369111747818
4006,0.9946457992702662,0.7403661862590009,0.012705897946386744,0.2415737148230748,0.20008480427956726,0.0001,0.9924687681406071
4007,0.9928231965939365,0.7404110451015449,0.012705587228461646,0.23970656517825067,0.19859048793693101,0.0001,0.9927551790739413
4008,0.9906286229710066,0.739778673068505,0.012712432694967088,0.23813751752490203,0.19474523431389135,0.0001,0.9926167797848855
4009,0.9967205478501852,0.7398744195276535,0.012717018504655385,0.24412911072464066,0.19535102201040086,0.0001,0.9927915313301898
4010,0.9912960063855014,0.7394799019453734,0.012709310282074655,0.23910679686323383,0.1974062503411852,0.0001,0.992436458518007
4011,0.9968957745037504,0.7400207725064508,0.012721554744557967,0.24415344731319266,0.19486856566360466,0.0001,0.9929068398161303
4012,0.9935114418759066,0.7393553896559663,0.0127258441027473,0.2414302078300509,0.19584227233943785,0.0001,0.993049904589237
4013,0.9931827737641866,0.739518421295932,0.012713780993138558,0.24095056884549937,0.19490274439356148,0.0001,0.9933085858096456
4014,0.9939982818541614,0.7396427021790711,0.01271396766569745,0.24164161217563293,0.19804679978691783,0.0001,0.9938479829995192
4015,0.9870865700452854,0.7397696228346525,0.012721724249044731,0.23459522329406854,0.1974979842470819,0.0001,0.9930789015114186
4016,0.9905764875257232,0.7398724184800355,0.012714057133115571,0.23799001239617987,0.19673774411059297,0.0001,0.9926719703369644
4017,0.993242614167699,0.7401282909433934,0.012729847648806311,0.2403844776308319,0.19731056720441545,0.0001,0.9927139120943407
4018,0.9893378524702896,0.7399336442986076,0.012713786071019048,0.2366904214357024,0.19672582952898848,0.0001,0.9925848350442689
4019,0.9952664854076765,0.739748871350627,0.01271538681239192,0.24280222954179403,0.1949995436363723,0.0001,0.992439428800018
4020,0.9869502706653448,0.7399851361829901,0.012716635487384293,0.2342485004760189,0.1971095303492904,0.0001,0.9920048552280024
4021,0.9894124177600018,0.7401985573236647,0.01270919494164643,0.2365046661596511,0.19708162573360768,0.0001,0.9912565195536276
4022,0.9950079597517636,0.7397948080337555,0.012703673109321518,0.24250947774726045,0.19550660412766147,0.0001,0.9914061713412133
4023,0.9940191148260786,0.7403378890445701,0.012717881986142172,0.240963344913709,0.19811154841530396,0.0001,0.9914898054474024
4024,0.9931457546855084,0.7397021685120542,0.012703217309096763,0.24074036901548473,0.1993334164000428,0.0001,0.9914045527305373
4025,0.9954832620601384,0.7408028386427471,0.012724245295805089,0.24195617760775298,0.19845436316958306,0.0001,0.9922442219320224
4026,0.9926591927816611,0.7402404343622452,0.012711751775374036,0.23970700809486498,0.1963064936849215,0.0001,0.9924524924576161
4027,0.9914388530878218,0.7404064960460393,0.012705977741651555,0.23832637893742528,0.19621297003773114,0.0001,0.9922721163496284
4028,0.9938134344306002,0.7396536332840368,0.012705181723434107,0.24145462037523185,0.19555123165461402,0.0001,0.9927196745456595
4029,0.9927019036807588,0.7401535384069834,0.012715536005356732,0.23983283009961942,0.1951396204455629,0.0001,0.9924632163729677
4030,0.9923157892652748,0.7398084804687732,0.012711523754359742,0.2397957843167303,0.19807794989364383,0.0001,0.9929997682329608
4031,0.9901311893250347,0.7398769405744139,0.012725632282589803,0.23752861441269849,0.1966618595693948,0.0001,0.9930716453894641
4032,0.9956358893647881,0.740211699724681,0.012715502636427812,0.24270868715480665,0.19951280123321813,0.0001,0.9931344383507665
4033,0.9922102738103808,0.7401128927544213,0.01271626020783585,0.2393811230092455,0.1952085522802558,0.0001,0.9929535542491967
4034,0.989286073202052,0.739798469669195,0.01271383104653194,0.2367737730757218,0.19518477731133088,0.0001,0.992567586100851
4035,0.9916025782211799,0.7400123641408723,0.012701475596089392,0.23888873904338956,0.1976562716958489,0.0001,0.9921795177169551
4036,0.9915144694987948,0.7400121438575806,0.012716634761972795,0.23878569118149623,0.19746959266870548,0.0001,0.9920650453886685
4037,0.9924738224573116,0.7403332436302371,0.012700433179766362,0.23944014620647952,0.19644246112865077,0.0001,0.9921685423256175
4038,0.9927501974676493,0.7399360228020085,0.01270292883712428,0.24011124467994813,0.19838402914468947,0.0001,0.9920622186293224
4039,0.9918919944376298,0.7401037644179307,0.012720283823612979,0.2390679449266159,0.1976098282221123,0.0001,0.9919812277050095
4040,0.9936425659284147,0.7397245226718833,0.012703398178363669,0.24121464613605947,0.1959885685245599,0.0001,0.9921139053713235
4041,0.9914142245211417,0.7399258906169064,0.012720778070647141,0.23876755494193663,0.19797361305108177,0.0001,0.9922422088909343
4042,0.9893575176505965,0.7396885001877017,0.01272444768561311,0.23694456959592886,0.19774630780635935,0.0001,0.9916143717195152
4043,0.9945473915181344,0.7399257701985976,0.012718196814732427,0.24190342353758898,0.19542411707235882,0.0001,0.9918480834902905
4044,0.9896839047058601,0.7403170292324275,0.012728404079924732,0.2366384709250129,0.19925701013685,0.0001,0.9918878666406712
4045,0.9932865432745062,0.7399471542414497,0.012696339682681565,0.2406430465847435,0.19696063404755468,0.0001,0.9920562631460038
4046,0.9917153354590611,0.7397443623136555,0.012706478275585367,0.23926449713673117,0.19661772015370413,0.0001,0.9920763497420305
4047,0.990708991431803,0.7401505689350152,0.012716564638861295,0.23784185924829865,0.19853258918797026,0.0001,0.9918998666394796
4048,0.99151772393658,0.7400854832018606,0.012721603830736018,0.23871063817345348,0.195155363477026,0.0001,0.9917766192863728
4049,0.9929661729031112,0.7398015543606895,0.012716767270473148,0.24044785388645246,0.19804934658578638,0.0001,0.9918840371329208
4050,0.9895029633814133,0.7398935948133952,0.012704154782556374,0.23690521503981907,0.19819008560499846,0.0001,0.9914700768782208
4051,0.9939180177317188,0.7401305793748666,0.012709629221330065,0.2410778071406405,0.19533252540756674,0.0001,0.9917204561992785
4052,0.9924081608683294,0.7399092128020512,0.012709983947552725,0.2397889649650388,0.19700613838543032,0.0001,0.9920255205210518
4053,0.992008867902156,0.738941765339331,0.01271494793843546,0.24035215610543806,0.19756692895782887,0.0001,0.9917716681594537
4054,0.9886655141325558,0.7396939992904663,0.012729480348784348,0.2362420344781924,0.19637883241471607,0.0001,0.9916698291021235
4055,0.9876230140244985,0.7399968504905701,0.012711521094517583,0.2349146433310625,0.19404946458025346,0.0001,0.9911034761771227
4056,0.995523270680503,0.7400487787099688,0.01272299879704721,0.2427514926143157,0.19484794064298364,0.0001,0.9914842696992668
4057,0.9946003617911503,0.739924365681035,0.012715952633360578,0.2419600435069802,0.19802026722663316,0.0001,0.9918734067352016
4058,0.9891325824159154,0.7395588535566117,0.012722804386765672,0.2368509256815572,0.19769595651065602,0.0001,0.9916348925831352
4059,0.9939520845065011,0.7402746730595525,0.012706466669001396,0.24097094441524142,0.20053953385739975,0.0001,0.9917334837434743
4060,0.9906438325529892,0.7398992724882903,0.012720118913399036,0.23802444245099538,0.19852624972621036,0.0001,0.9918475706606318
4061,0.9912161536922803,0.7398484157016746,0.012718852586726871,0.2386488871720693,0.1974225753340228,0.0001,0.9915773842566878
4062,0.9910768630780264,0.7398980893421366,0.01270966283206282,0.23846911185592956,0.1972702499516837,0.0001,0.9914442544776575
4063,0.9926071489800304,0.7401823671062384,0.012709988300021716,0.23971479296926068,0.19994197643794587,0.0001,0.9915040825854449
4064,0.9902365240315637,0.7402177271688202,0.012700681512302608,0.2373181164083326,0.19778052818702635,0.0001,0.9916611835753459
4065,0.9935986483072896,0.7393565662734165,0.012708094976011202,0.24153398406553944,0.1979976089380334,0.0001,0.992258747003625
4066,0.9906779308831716,0.7404567900342341,0.012715597907137919,0.23750554053887393,0.19672554274964285,0.0001,0.9917742130238917
4067,0.9900417642225842,0.739970562182382,0.01271803166271465,0.23735317067974238,0.19594885656727254,0.0001,0.9913183532670352
4068,0.9894723735039422,0.7399426837721896,0.01271025500964925,0.23681943493368177,0.20032837536586467,0.0001,0.9913523323758378
4069,0.9907167603471458,0.7402554889479709,0.01270406144627693,0.23775720996801075,0.20110532871124467,0.0001,0.9910287999599025
4070,0.9944664950786691,0.7399180023713722,0.012687733642469797,0.24186076028895911,0.1967482091084455,0.0001,0.9914110662124702
4071,0.9884333560964882,0.7398317290609797,0.012708718829899724,0.23589290841718716,0.19798582819485036,0.0001,0.991132786452891
4072,0.9914969446451137,0.7400095098884304,0.012708992068230743,0.23877844211416843,0.1966649548700325,0.0001,0.9911747946095998
4073,0.9891578888796406,0.7398332145828262,0.012725393380403035,0.23659927993408322,0.19822693227754404,0.0001,0.9908298685995609
4074,0.9894323009264638,0.7396587412691019,0.012719202476872875,0.23705435736184188,0.19840826205984816,0.0001,0.9907494462890508
4075,0.9911780581029385,0.7396774116684409,0.012712868425473723,0.23878777923315583,0.19878420753604742,0.0001,0.9905073872686158
4076,0.9907728715310474,0.7394180549327548,0.012714106944705119,0.23864071124042507,0.19628710240790617,0.0001,0.9905168813334034
4077,0.9909293531887914,0.7403809029238703,0.012705647437616005,0.23784280437636085,0.1984894368759759,0.0001,0.9906056402300241
4078,0.9884818098366139,0.7403246809938133,0.012700268511356253,0.23545686031633167,0.20084463516306925,0.0001,0.9905065838632913
4079,0.9948190726324704,0.7395020220390923,0.012693234196057427,0.24262381842242778,0.19487290404752108,0.0001,0.9909168150918237
4080,0.995305648440038,0.740308652664053,0.012727525122992649,0.24226947376621663,0.19571396968427585,0.0001,0.9910007304279607
4081,0.9946723573106298,0.7404059406226353,0.012689979516468474,0.2415764371261877,0.19799861922467216,0.0001,0.9916246305493749
4082,0.9900011834943512,0.7396796683027101,0.012716089252526088,0.2376054265133991,0.19714940008357862,0.0001,0.9914750544342986
4083,0.9949083935174691,0.7400930492437877,0.012708559964781601,0.24210678637934505,0.19794340619088185,0.0001,0.9920501048980814
4084,0.9945917031586049,0.7398440359088518,0.012700741721456965,0.24204692448551707,0.2000132542534242,0.0001,0.9925660451212955
4085,0.9902233312144483,0.7402118784177134,0.012724940481824275,0.2372865133879151,0.197901730061061,0.0001,0.9924705724324465
4086,0.9901802363308642,0.7400104152019803,0.012694133706315294,0.2374756879968527,0.19659090873314933,0.0001,0.9924113089124281
4087,0.991558839655793,0.7393270514557859,0.01270734925299097,0.23952443991423136,0.19798530390368999,0.0001,0.9924742575591283
4088,0.9966963482435045,0.7403377073289898,0.012699752985584808,0.24365888863922858,0.19689634351652968,0.0001,0.9932957113998174
4089,0.9888005712453056,0.7394281659600217,0.01270325720672917,0.23666914709622672,0.19802075307098413,0.0001,0.9926938612611007
4090,0.9912793730625516,0.7403836451002357,0.012713080971042718,0.23818264579736678,0.1970154165496207,0.0001,0.9922912337233522
4091,0.9889227617343106,0.739461196000871,0.012711665693209574,0.23674990075052874,0.19686157164177112,0.0001,0.9917162741657203
4092,0.9899077797516365,0.739906100182214,0.012710253800630086,0.23729142588969418,0.1984635137822517,0.0001,0.9917069337914487
4093,0.9898628834294982,0.7390532771665717,0.012697817587707395,0.23811179073055183,0.19808757607400054,0.0001,0.9912023827826518
4094,0.9905361600870051,0.7394423905540916,0.012713565062315904,0.23838020537736207,0.19574921461800773,0.0001,0.9907968284754919
4095,0.9873738546400477,0.7397234552288636,0.012714379215820807,0.2349360201651378,0.19864183987734527,0.0001,0.9905118808180516
4096,0.9863415804160778,0.7393895653633752,0.01269968213706181,0.23425233506164977,0.19824292179778913,0.0001,0.990128015226573
4097,0.9932926599442596,0.7396396636721086,0.01270665890304844,0.2409463367192547,0.19607325889638666,0.0001,0.9903013972554197
4098,0.9920963325800325,0.7398324750258037,0.012706175537186752,0.23955768225884583,0.1973125402632398,0.0001,0.9898413956890726
4099,0.9925669444985612,0.740514364131324,0.012714170297309303,0.23933840994902605,0.19815047517509538,0.0001,0.9902180330143981
4100,0.987501094718492,0.7398943431962576,0.012705139649567208,0.23490161306657364,0.1965018820931897,0.0001,0.9898402051799922
4101,0.9923883537491727,0.7403026884516161,0.012721528629744029,0.2393641366829253,0.1978141311518319,0.0001,0.9901867643814782
4102,0.9887008066109663,0.739283554331526,0.012720909611932162,0.23669634260705713,0.19929010455796975,0.0001,0.9900660670674112
4103,0.9918307064754726,0.7398170499966062,0.012713544992597785,0.2393001123779202,0.19962919305473506,0.0001,0.9902628493720087
4104,0.9908378114564907,0.7394799200806608,0.012715554624251856,0.23864233762811696,0.19833756167192246,0.0001,0.9902930145089572
4105,0.9896641044781126,0.7397854936292158,0.012713931878730201,0.23716468002805846,0.19780595827296105,0.0001,0.9905220394927637
4106,0.9902800604489463,0.7398658966679602,0.012723888151544103,0.23769027813815682,0.19778144924805083,0.0001,0.9909158874960505
4107,0.9927825631524679,0.7392325921184393,0.012708670710937005,0.2408412999452732,0.19572093714081493,0.0001,0.9908648778168715
4108,0.9928106669238325,0.7398397591244619,0.012690325295949321,0.24028058217094103,0.19757545677450075,0.0001,0.9909363112512516
4109,0.9916883954895437,0.7397943507827078,0.01271278065068243,0.23918126230307574,0.20102311782614454,0.0001,0.9908484563503496
4110,0.9873065955740443,0.739565909029746,0.0127101631241928,0.2350305226946941,0.19698823607596616,0.0001,0.9908290064359049
4111,0.992659597803081,0.7400749531285516,0.012713390963556316,0.23987125331804188,0.1993427365171982,0.0001,0.9908561308412958
4112,0.9925821503325843,0.7396222993761724,0.012717175435342848,0.2402426731408126,0.19520706394743967,0.0001,0.9912442652134577
4113,0.9954054273408035,0.740546818920855,0.012707659487308402,0.24215094863038517,0.197851183085606,0.0001,0.9916017372999907
4114,0.9952516540068884,0.7394415651567083,0.012711485307550334,0.2430986031043602,0.19711605400511992,0.0001,0.9920431215550305
4115,0.9910808324088431,0.7396723428555967,0.012713965973070621,0.23869452370107777,0.19827717730046285,0.0001,0.9921847943481035
4116,0.9917087083414167,0.7399084967000006,0.012707209248571803,0.23909300460686064,0.19806499380248072,0.0001,0.9923276591373504
4117,0.9914582843229205,0.7395374958703774,0.012696669744913283,0.23922411991664894,0.19866769822809324,0.0001,0.9921952312543958
4118,0.9915913099207694,0.7400430404632135,0.01271724144778919,0.23883102825157057,0.19851076536439738,0.0001,0.9920732955540895
4119,0.9917153575841118,0.7403453277767793,0.012711134691992832,0.23865889431436454,0.19827887080383108,0.0001,0.9920759917635461
4120,0.992897329054788,0.7398233731668329,0.012705312781111464,0.2403686423512066,0.196157967917334,0.0001,0.9926350651116206
4121,0.9916376822135028,0.739351683045014,0.012720954829248888,0.2395650455331464,0.19910772522612952,0.0001,0.9925328735526628
4122,0.9949985648265475,0.7396449323358207,0.012704225147471708,0.2426494051670206,0.19581830806833736,0.0001,0.9927745150020592
4123,0.9885896808235447,0.7402793188365913,0.012696914692195868,0.23561344765746328,0.19873415066673597,0.0001,0.9920929403503334
4124,0.9901673953383254,0.739645247043509,0.012701359046642002,0.2378207876008858,0.19813026233933276,0.0001,0.991584514483477
4125,0.9946207511739363,0.7401351040081852,0.012708794030891712,0.2417768529081683,0.19747229053451856,0.0001,0.9919385063599864
4126,0.9909765037271604,0.7391635128740849,0.012723509728545832,0.23908948246956355,0.1996350940959207,0.0001,0.9918652858985608
4127,0.9934784082079998,0.7398309939773281,0.012694699043676287,0.24095271533812276,0.19831059873104095,0.0001,0.9920672982870687
4128,0.988587002725195,0.7400138705787503,0.012710034484553772,0.235863097359636,0.1995895169448659,0.0001,0.9917668675675111
4129,0.9901655806005606,0.7397798597208143,0.012706497378088157,0.23767922492225563,0.2001140141825647,0.0001,0.9916118898691562
4130,0.9892214071194492,0.7390657344164278,0.012690664546726684,0.23746500963734324,0.19679031153842352,0.0001,0.9912442976756222
4131,0.9895219759331756,0.7399040506529276,0.012710793990392473,0.236907132302409,0.19837416735672322,0.0001,0.9910327270475895
4132,0.9894068005360648,0.7401750628169603,0.012697486558260347,0.23653424893927139,0.19852320547640687,0.0001,0.990473550618541
4133,0.9938312047151716,0.7400380531382609,0.012694380829832375,0.24109876982520126,0.19722643769657877,0.0001,0.990997703007704
4134,0.9900927623435402,0.7397249979373166,0.012715588960396106,0.2376521766850721,0.19748847673195613,0.0001,0.9909902397082252
4135,0.9888834954517125,0.7387135805029414,0.012700067330567397,0.23746984905391388,0.1983549432266073,0.0001,0.9904165141360031
4136,0.9929369367643979,0.7398684151757803,0.012712876163196371,0.24035564729940093,0.19981884379053214,0.0001,0.9906125574397266
4137,0.9911553246737977,0.7397172639626277,0.012702047703957702,0.23873601605998576,0.1990386905039058,0.0001,0.9903802490863065
4138,0.9937680680418112,0.7399117958714948,0.012715967867002043,0.2411403061621813,0.19642908209235865,0.0001,0.9908983556179681
4139,0.9903857761174139,0.739415225223402,0.012704009458452886,0.23826654113330414,0.19708434859589197,0.0001,0.9909203751696534
4140,0.9921983692031845,0.7393155749622755,0.012724142045568501,0.24015865429601127,0.20027417609464324,0.0001,0.991218071378027
4141,0.9940543331916144,0.7394375992111454,0.012703381493899208,0.2419133527283736,0.19769803245701123,0.0001,0.9916713071038709
4142,0.9931729907438189,0.7394238253394199,0.012716689167835166,0.24103247758159774,0.195143678820641,0.0001,0.9920479261246463
4143,0.9909797176628036,0.7400658748454545,0.012722216561648231,0.23819162634637728,0.1960529989693276,0.0001,0.9917627774194095
4144,0.995151808489167,0.7397218172497004,0.012703629101023954,0.24272636053649213,0.19690476826431785,0.0001,0.9922686820339722
4145,0.9910965241476681,0.7395884091181881,0.012696758728723738,0.23881135785736854,0.19948212893086564,0.0001,0.9924899849035678
4146,0.9925235860487994,0.7399486153411091,0.012721364444941584,0.23985360632319963,0.19803061531233254,0.0001,0.9924486498320079
4147,0.9896842862723082,0.739532564764816,0.012701661059629119,0.23745005881568723,0.19905981025516867,0.0001,0.9923015459918588
4148,0.9940622215580505,0.7398044134492081,0.012710694609017208,0.2415471126232863,0.1990976336640712,0.0001,0.9923309613434828
4149,0.9948063928021862,0.7399322247892074,0.01269659502752896,0.24217757392243972,0.19930522654651386,0.0001,0.99277302301196
4150,0.9934492715715637,0.7395303845405579,0.01271573815336092,0.24120314881719393,0.1989285980651635,0.0001,0.992898113248798
4151,0.9891564200422585,0.7402512848256326,0.012712565445271273,0.23619257069323174,0.19723854859266998,0.0001,0.9924083219338623
4152,0.9904395497836641,0.7397650042605448,0.01270074293047613,0.23797380485955408,0.19844248310547571,0.0001,0.992134977837847
4153,0.9909453336413927,0.7396300731275919,0.012702950357665397,0.2386123102014737,0.19874954036234843,0.0001,0.9921315394357059
4154,0.9923912914239369,0.7393074213370349,0.012704216926141395,0.24037965255625107,0.19533549557472096,0.0001,0.9918554877291827
4155,0.9881518660887744,0.7391648531927298,0.012700599782607135,0.23628641463982406,0.19665594522899837,0.0001,0.9915610219232935
4156,0.9934151443458232,0.7395886262580299,0.012715105594534419,0.24111141300709205,0.19860049362840324,0.0001,0.9916501777529959
4157,0.9946750371016063,0.7398114333771789,0.012704255372950803,0.24215934888042254,0.19560050520040925,0.0001,0.9921492528359256
4158,0.993701680557723,0.739324949092362,0.012711568488068804,0.24166516545578143,0.19873141495862306,0.0001,0.992113198735893
4159,0.992135333724728,0.7393566134251639,0.01268293238556651,0.24009578891143837,0.19808712695360667,0.0001,0.9918460928281471
4160,0.9892824755237262,0.7398782882680758,0.012708282857589258,0.23669590391445353,0.19777884227025339,0.0001,0.9914294132233634
4161,0.9933137182773489,0.7398586959916245,0.012723027813507141,0.24073199516740337,0.1979811727758837,0.0001,0.9918451430468724
4162,0.9868863528447025,0.7399751010821267,0.01270119341101656,0.23421005910719625,0.19919272126822635,0.0001,0.9914898233529763
4163,0.9886426710453768,0.7399917662022806,0.012706704603972831,0.23594419937769734,0.19673584516464335,0.0001,0.9912595570933747
4164,0.9942574530054058,0.7399791630238113,0.012699689391176792,0.24157860199590242,0.20047333165549844,0.0001,0.9914461732515214
4165,0.9944628565354957,0.7396294333146504,0.01270388976555567,0.24212953510257826,0.19918632990931884,0.0001,0.9920772722961935
4166,0.9910963924854812,0.7392641920105197,0.012708287210058247,0.23912391240347713,0.20000794285088475,0.0001,0.9918453971101595
4167,0.991699369151984,0.7397960835489733,0.012696115046920932,0.23920717081300627,0.200703398299991,0.0001,0.9915478303151973
4168,0.9905598733052763,0.7400393866863986,0.012715480148671365,0.23780500397660428,0.1965661902154435,0.0001,0.9912336495899525
4169,0.9905093184107457,0.7395319893925959,0.012700143740578549,0.23827718536824774,0.2004780258537548,0.0001,0.9910710480585545
4170,0.9934351311252276,0.740276407276641,0.012711020076976103,0.2404477020789837,0.19696281055407883,0.0001,0.9914863136187044
4171,0.9928088567803404,0.7396972763369097,0.012692989006971007,0.24041859439855656,0.20033758854527503,0.0001,0.9914358274690036
4172,0.9899226540726048,0.7394027098197241,0.012697130381214691,0.2378228168639885,0.1961672595318626,0.0001,0.9917394575917937
4173,0.9913877584871366,0.7397929078183358,0.012704676595227471,0.23889017430782075,0.1952025190328246,0.0001,0.9920139663359697
4174,0.9964152959007279,0.7398287566873655,0.01269032166889183,0.2438962179525145,0.19918772384796374,0.0001,0.992229750625502
4175,0.9909732575107056,0.7393118606136004,0.012711791189398775,0.2389496051183095,0.1982429491820732,0.0001,0.9918807907230232
4176,0.9919942674240283,0.7398849718469152,0.012706117262463058,0.23940317858667934,0.1980335055028691,0.0001,0.9919705782168776
4177,0.989631192074828,0.7395073571988584,0.012694261620542824,0.23742957429820577,0.19545503927897245,0.0001,0.991763760509162
4178,0.9938727549558721,0.7398006839877935,0.01269731608655825,0.24137475512332413,0.19792006090736777,0.0001,0.9920950486742216
4179,0.9908074274749833,0.7395117001165966,0.012719039501089595,0.23857668761549325,0.19604515004714168,0.0001,0.9921248595806456
4180,0.9921439512506218,0.739592782865915,0.012690801407696026,0.2398603686091866,0.1991564279033011,0.0001,0.9919957415931849
4181,0.9926269864455681,0.7398074174991244,0.012705758183771409,0.24011381305980875,0.19763507211909576,0.0001,0.9919775545597076
4182,0.99398609240205,0.7401008938437301,0.012702928111712782,0.24118227212412122,0.19762281109304988,0.0001,0.9923838983926523
4183,0.9897047136182959,0.740032487902148,0.012691543261854933,0.23698068225782734,0.19555075575444567,0.0001,0.9922155939057682
4184,0.9925554712694025,0.7390956595751625,0.012710452563380615,0.2407493585263498,0.19766643694762526,0.0001,0.9918296114426355
4185,0.9901851905286917,0.7393043721907038,0.012697178016569746,0.2381836425429909,0.19880155348511785,0.0001,0.9917508047444341
4186,0.993785309985008,0.740017588312679,0.012711894923243029,0.24105582606901263,0.1994766281052487,0.0001,0.9919299090005321
4187,0.9915448591626924,0.7393122639423935,0.01271290856490996,0.23951968729012393,0.197260209591587,0.0001,0.9921212757093185
4188,0.9916610503777046,0.7392527069329732,0.012707893069810848,0.2397004523244639,0.19698769682319361,0.0001,0.9919001052515017
4189,0.9907428427593703,0.7390405627583393,0.012694869273574551,0.23900741128662778,0.19482389491421698,0.0001,0.9918936467799406
4190,0.9900153245451968,0.7396226218215834,0.012700680303283444,0.23769202353867266,0.19883988691875465,0.0001,0.9916807841093981
4191,0.9940874609212121,0.7395348701225575,0.012702677602942043,0.2418499145860846,0.198097986998471,0.0001,0.9918268315569625
4192,0.9932976413450183,0.7393209895546006,0.012698314494583718,0.24127833848596222,0.1997427395705519,0.0001,0.9917579864512593
4193,0.9914445382586358,0.7399123990511556,0.012707740249788544,0.23882439844385847,0.19956857788151708,0.0001,0.9919319689152932
4194,0.9923824099691596,0.739406788687677,0.012710930609557981,0.24026469177515464,0.19703612834759224,0.0001,0.9919146627852691
4195,0.9900053306718869,0.7394623466244092,0.012694433301264085,0.23784855115425757,0.19784078954078604,0.0001,0.9918966767995885
4196,0.992306272470927,0.738975122661668,0.012706796973036946,0.2406243532140405,0.1984424474091849,0.0001,0.9917487730481802
4197,0.9918345889987134,0.7399609508427355,0.012708681833913311,0.23916495759153464,0.19871119242048166,0.0001,0.9917777460317824
4198,0.9919656666248855,0.7397029135096629,0.012695459516730317,0.23956729420300188,0.1977818338974978,0.0001,0.9918082076565005
4199,0.9936735113784217,0.7395552330278238,0.012690225914574057,0.2414280531614354,0.19920670505590418,0.0001,0.9921012745184058
4200,0.9912251157886358,0.7399377489186687,0.012702136687768158,0.23858523119475247,0.20176782774876872,0.0001,0.9922222536427496
4201,0.9892264142723161,0.7396977783216666,0.012707968512606669,0.2368206684203709,0.19738459448059964,0.0001,0.99173614897786
4202,0.9894783403762214,0.7391078846933392,0.012677421918021738,0.23769303571440387,0.1960544675044549,0.0001,0.9913542188809803
4203,0.9884532656195681,0.7393658179298618,0.0127028647591086,0.2363845848952539,0.19958885615544195,0.0001,0.9910550916170736
4204,0.990042707257532,0.7398920823304214,0.012710321505703259,0.23744030218216275,0.19829413379423516,0.0001,0.9908211213459108
4205,0.994377831295586,0.7396308153444565,0.01269085968241972,0.24205615536194544,0.195466979794038,0.0001,0.9912583714082807
4206,0.9921431320192364,0.7388530182548275,0.012694151357995086,0.2405959635852075,0.1976761061388387,0.0001,0.9912420573631117
4207,0.990514423373263,0.740225133015708,0.012697443517178116,0.23759184514774995,0.19788149126161184,0.0001,0.9911100408005666
4208,0.9921424045524055,0.7396913172023534,0.012711160323199104,0.23973992684550025,0.1973204386343095,0.0001,0.9911277145933186
4209,0.991847901387824,0.7392878311159161,0.012685108861865186,0.23987496047305287,0.19963554412307893,0.0001,0.9909451535942588
4210,0.9930255577482027,0.739715804555595,0.012699857928448226,0.24060989716836453,0.1989460967435798,0.0001,0.9911251977902156
4211,0.9927738597862136,0.7395496923348,0.012692847068121177,0.24053132092735105,0.20128416404521005,0.0001,0.9914799423416053
4212,0.991004884968423,0.7397219313811095,0.0127046081647428,0.2385783462839968,0.20008104734319218,0.0001,0.9916325968008254
4213,0.9904777636150801,0.7392245222782267,0.012705180514414945,0.2385480610037914,0.19904209038669632,0.0001,0.9918350466003767
4214,0.9892354751455372,0.7401841351758636,0.012694466186585339,0.2363568744178234,0.19827125111167862,0.0001,0.9917543233891772
4215,0.9978473578215129,0.7400443792101336,0.012698650360107422,0.24510433086577585,0.2004166722720825,0.0001,0.9921012760417698
4216,0.9886225940731428,0.7399206264265652,0.01269641367465439,0.2360055533825263,0.19892556297368016,0.0001,0.9917492222471604
4217,0.9888514322634885,0.7396219444081459,0.012699238185224861,0.23653024992703425,0.1973579738432689,0.0001,0.991582923136183
4218,0.989634446512613,0.7399551411429477,0.012693194782032687,0.23698611283943088,0.1993577972084707,0.0001,0.9913321273322037
4219,0.9900462728968499,0.7393169985823409,0.012689996200932934,0.2380392790959041,0.20009926508575618,0.0001,0.9911519644831064
4220,0.9895930320447647,0.7396925864306715,0.012702571934667128,0.23719787571964593,0.19816826740336466,0.0001,0.9908087119127625
4221,0.9928351437586075,0.7394622703353,0.012707641352020944,0.24066523193527187,0.1992008487786531,0.0001,0.990814840310002
4222,0.9904744000028645,0.7393960441343683,0.012709026646178827,0.23836932848179315,0.19924725023897377,0.0001,0.9907617918134463
4223,0.9950982702189478,0.7399445084239117,0.012695150733235884,0.24245861287532908,0.19871891772045808,0.0001,0.9912238424738329
4224,0.9905082849411645,0.7392857900497638,0.012697907538733183,0.2385245887430396,0.19901452272465456,0.0001,0.9913511234533955
4225,0.9884138021459444,0.7395536592475783,0.012704329848531294,0.2361558152562948,0.19859911177994996,0.0001,0.9904077678858387
4226,0.9898522866183314,0.7391200926434438,0.012704265045104114,0.2380279283857249,0.19762501815753342,0.0001,0.9905307371403577
4227,0.9931098803061743,0.7400771563241738,0.012699247857378172,0.24033347580725475,0.20039805068689234,0.0001,0.9909565819446262
4228,0.9909592291404461,0.7399881583681939,0.01271472281906716,0.23825634831589085,0.2008308545208364,0.0001,0.9910890602074094
4229,0.9886288106078792,0.7393298647224782,0.012698674298686865,0.2366002704381459,0.19865460442964736,0.0001,0.9909473139785124
4230,0.9863031634694422,0.7394675493965768,0.012696919528272524,0.23413869517932798,0.19961815866930732,0.0001,0.9906183271209802
4231,0.9889431551068598,0.7394323983734085,0.012713740611898488,0.23679701615177837,0.19936424950194406,0.0001,0.9902291282558053
4232,0.9916235248408984,0.7398621655139188,0.01270742711382512,0.23905393357330113,0.2017900192350693,0.0001,0.9903440407396088
4233,0.9914768983819664,0.74039953741534,0.012709485348049573,0.2383678752332019,0.2047154478743884,0.0001,0.9899819035559106
4234,0.9901247573430834,0.7394739162123953,0.012694401624961993,0.2379564384176088,0.20020707891630593,0.0001,0.9899435507961026
4235,0.9885008341158621,0.7396871788506576,0.012708083127623398,0.2361055725305124,0.19767497528276384,0.0001,0.9899522539930944
4236,0.9930662599828616,0.7395686616036762,0.01269997471969945,0.24079762455113762,0.19826309020209748,0.0001,0.9902736513295473
4237,0.9907085031089627,0.7391512175118947,0.01270190117083505,0.23885538413909096,0.19662027641314764,0.0001,0.9900335136098259
4238,0.989712551447731,0.7399205498956521,0.012698099772780226,0.2370939020362152,0.1987378008164934,0.0001,0.9899088458405547
4239,0.9905397340685552,0.7390071202001514,0.012710887810279584,0.23882172734270715,0.19963845504829414,0.0001,0.9900999381866222
4240,0.9870881567620361,0.7400223198091767,0.012696812650978445,0.2343690249517288,0.19735916992592764,0.0001,0.9901784375158817
4241,0.9921417187967358,0.7396811217855488,0.01271208062858659,0.23974851789387439,0.19809650767284764,0.0001,0.9904982938848693
4242,0.9906212543619091,0.7395338329050168,0.012696624769400389,0.2383907969292956,0.19791288126796544,0.0001,0.9903980668369702
4243,0.9912221828290464,0.7394760621005091,0.012693381454591576,0.23905273930417112,0.1981451464231309,0.0001,0.9903725952816783
4244,0.995378105683936,0.7391974608022833,0.012710704281170519,0.24346993970883063,0.20204664240865147,0.0001,0.9908979301157637
4245,0.9929207766515488,0.7397692806822291,0.012709348970687897,0.2404421438249565,0.19873177458137334,0.0001,0.9913399243693324
4246,0.9893990414137772,0.7394192974417495,0.012710059873956212,0.23726968505017415,0.19994010372771212,0.0001,0.9909732025124238
4247,0.9943119327388477,0.7396404845961209,0.01270095668506429,0.24197049233420143,0.19754506572023126,0.0001,0.9913335454754124
4248,0.9895208377625347,0.7393757557046825,0.012707901774748826,0.23743717888517504,0.20245532628005222,0.0001,0.9913143741068927
4249,0.9917471561180409,0.7391795450727064,0.012702162077170598,0.23986544895305112,0.19867919838815384,0.0001,0.9914351163118413
4250,0.988991025495239,0.7398186185780693,0.012702881685376893,0.23646952601765522,0.19975402065634001,0.0001,0.9916254031851615
4251,0.9907292634188283,0.7395956857209274,0.012710485206898037,0.23842309596693298,0.19764534077223608,0.0001,0.9914841576473707
4252,0.988637173756141,0.7394327560012771,0.012687524240350627,0.2365168930309056,0.19625425601706786,0.0001,0.9912857495867939
4253,0.9914467140095229,0.739303933679453,0.012704555209703426,0.23943822424382757,0.19886362564733015,0.0001,0.9913082027048417
4254,0.9936529121099089,0.738884440300189,0.01270294092731592,0.24206553169849196,0.19929052889347076,0.0001,0.991135683347439
4255,0.991239790863246,0.739188029969198,0.012700080629778199,0.23935168194178394,0.2001188670041353,0.0001,0.9909675847686087
4256,0.9901371325005383,0.7397517014226855,0.012710790846942646,0.23767464122835086,0.19828837308994895,0.0001,0.9910413938772846
4257,0.9901155238219256,0.7397035470357047,0.012685177050546023,0.23772680095980667,0.1978976319697034,0.0001,0.9906217529855924
4258,0.9892349370111074,0.7394314456663074,0.012699055381527295,0.237104437111841,0.2011729404481381,0.0001,0.9905931629104497
4259,0.9931750873039509,0.7393911146005318,0.012713333897851785,0.2410706393798515,0.19862072632230562,0.0001,0.990735956029041
4260,0.992220382903217,0.7398033342787025,0.012696610261170424,0.23972043648936445,0.19920397031500664,0.0001,0.9910588917698385
4261,0.9910626315925475,0.7398851489682227,0.012708907436889277,0.23846857624532727,0.19878738329691045,0.0001,0.9910922285872104
4262,0.9859082363923714,0.7398936671127412,0.012713870218752848,0.23330069937824477,0.1976819991702724,0.0001,0.9908193348508336
4263,0.9879280606825018,0.7397507993734874,0.012699723243713379,0.23547754042288838,0.19921890405926695,0.0001,0.9904674695181314
4264,0.9897678436420511,0.7392944390101559,0.012693221380454289,0.23778018331189185,0.19924456606530272,0.0001,0.9900789626713455
4265,0.9906595923595931,0.739227889154794,0.012681714903268563,0.23874998886070192,0.19658412810029655,0.0001,0.9900209428209804
4266,0.9899745752796923,0.7394326409026527,0.012701303431760467,0.23784063015563855,0.19800903670807155,0.0001,0.9900046870988959
4267,0.9927039714662347,0.7395599807251781,0.01269710233197009,0.2404468884997629,0.19879664946158565,0.0001,0.9902635318633267
4268,0.9882308933846123,0.7388722802272433,0.012708407628366962,0.23665020788658947,0.19620364874178206,0.0001,0.9901631275006771
4269,0.9925678783449633,0.7396121411971581,0.012694332952673488,0.2402614042858081,0.19789941515206808,0.0001,0.9901024066047786
4270,0.9880478233401239,0.7400290085867984,0.012698907881189311,0.23531990794514063,0.20151706952715018,0.0001,0.9896851506484691
4271,0.9883132890078408,0.7394626091024696,0.012704720603525035,0.23614595919605685,0.19691069019130955,0.0001,0.9894102163899985
4272,0.990032610738495,0.7399091246645543,0.01269754386576871,0.23742594364388236,0.19813835944292754,0.0001,0.9898226538246109
4273,0.9926443060077954,0.740291295259526,0.01270456343103374,0.23964844925166628,0.20350709309684337,0.0001,0.9902942783571402
4274,0.9912263318201108,0.7390932369425621,0.012688669423302578,0.2394444263005595,0.20084177816010876,0.0001,0.990440127174946
4275,0.9929210856768471,0.7393665625647647,0.012688094171984443,0.24086642912145076,0.20019072487678297,0.0001,0.9906662765066716
4276,0.99305722558716,0.7393356694652875,0.012675364892816447,0.24104619073033576,0.1992043530904739,0.0001,0.9909745415374184
4277,0.9903556948743051,0.7394412282030675,0.012697684595599378,0.23821678343578478,0.19771329097404441,0.0001,0.9907397138782252
4278,0.9910572144612821,0.7389849916432982,0.012708931133664888,0.23936329024860872,0.19940461188131606,0.0001,0.9910223459858922
4279,0.9964041705063825,0.7395109157049632,0.012697789296658962,0.24419546553498592,0.19989600478393796,0.0001,0.9914059752020343
4280,0.9929573638685818,0.7394773756998306,0.012702022314555262,0.24077796500788257,0.20109176475547147,0.0001,0.9918969292548802
4281,0.9910664183614704,0.7395573114526683,0.012694057538107975,0.2388150494764833,0.19884924182543648,0.0001,0.992172242190243
4282,0.9898222087604762,0.7395937751079428,0.012720195081606355,0.2375082382535596,0.19837362112186502,0.0001,0.992151201992441
4283,0.9884697360876366,0.7396354067156329,0.01268946495791236,0.23614486782957042,0.19882320163820627,0.0001,0.9917337450004252
4284,0.9929889671459159,0.7389664600393593,0.0126936104428212,0.24132889698110294,0.19652167818004654,0.0001,0.9919100085330058
4285,0.98622026162989,0.7399249751475955,0.012705018264043163,0.2335902702282457,0.19988311999468,0.0001,0.99123992612831
4286,0.991617477568845,0.7390615558043938,0.012690226156377889,0.23986569618235737,0.1965657259823101,0.0001,0.9910959513264785
4287,0.9903107200868231,0.7399543233623853,0.012691817467401284,0.2376645786676397,0.1995618303757894,0.0001,0.9910914538477303
4288,0.9924259518271286,0.7391233693271815,0.012697215012556157,0.24060536849994446,0.19894265149234516,0.0001,0.991228327584315
4289,0.9893263126241749,0.7396440875941309,0.012696901151181234,0.23698532611554826,0.20079316404359093,0.0001,0.9905205417960943
4290,0.9911366600777508,0.7397948527674646,0.01269903216835935,0.23864277715192123,0.19620315685233528,0.0001,0.9903384714170113
4291,0.9892098258039772,0.7390198354546971,0.012700327269687613,0.23748966214260273,0.19879758279415463,0.0001,0.9901528121612617
4292,0.9912329883169209,0.7398999943936331,0.0126924014236574,0.23864059417714453,0.19940516461465227,0.0001,0.9902938901169062
4293,0.9928721686405778,0.7395122488903951,0.012687586867543312,0.2406723346961681,0.1983766357809245,0.0001,0.9907341333722004
4294,0.9886936152440781,0.7393549656529456,0.01269020245960228,0.2366484480231819,0.19858039646554912,0.0001,0.9903045981820165
4295,0.9877822148872437,0.7393042780081108,0.01269987050224753,0.23577806864379627,0.19812928073667369,0.0001,0.990460793507752
4296,0.9926326440507451,0.740178578161081,0.012697707566963489,0.23975635773330384,0.1988441828963239,0.0001,0.9905623101559421
4297,0.986381219560186,0.7397628704626227,0.012697257811834556,0.233921089532651,0.19841532551250884,0.0001,0.9901693601032784
4298,0.9943200843087558,0.7394488393414093,0.012696943466851967,0.24217430066929385,0.20086614107505302,0.0001,0.990358773351441
4299,0.9913906110469516,0.7389762342338871,0.012688886079536731,0.2397254903254838,0.19762372852701687,0.0001,0.9905652031937187
4300,0.9936075543051559,0.7393746244254509,0.012686392114805644,0.24154653965399184,0.1969034262832715,0.0001,0.9908122926164591
4301,0.991529699875907,0.739915115233609,0.012693283282235476,0.23892130139028808,0.1985851520517535,0.0001,0.9910442800236521
4302,0.9896732410359335,0.7394319070280203,0.01270924330241298,0.237532089148888,0.19891637110323257,0.0001,0.9908883052955535
4303,0.9932946515615282,0.7392146349195051,0.01270123717751029,0.24137878047706632,0.19765284479148007,0.0001,0.9909305535876486
4304,0.988578587830913,0.7394162291929156,0.012698282818281626,0.23646407616730877,0.19837649568582888,0.0001,0.990919050846332
4305,0.9900337998088427,0.7391843480222365,0.012696632023515373,0.23815281991421813,0.19894694396375884,0.0001,0.991144209338492
4306,0.9932386844927109,0.7391909145680209,0.012704089253717698,0.2413436818648787,0.19979730849938268,0.0001,0.9912048133826884
4307,0.9891608988537508,0.7400050143924737,0.012698252109194865,0.23645763431673844,0.20083729194337407,0.0001,0.9914827813120448
4308,0.9932968397653127,0.739854039575217,0.012700144707793879,0.24074265557297828,0.20028310690762788,0.0001,0.9913804568577007
4309,0.9917591031618099,0.73965539555037,0.012704527644066491,0.23939918072301042,0.20148873994123137,0.0001,0.9914173060691864
4310,0.9878197347416597,0.7391255698629615,0.012690393484630158,0.23600377175677378,0.1973711647561791,0.0001,0.9908385241128368
4311,0.9898067657168932,0.7397950147760326,0.012687785146686175,0.23732396621733118,0.1968755358433385,0.0001,0.9906662306969356
4312,0.9951598316612399,0.7398943583089972,0.012700355077128382,0.242565118698271,0.19902101219546722,0.0001,0.9912148897594661
4313,0.989584897280223,0.739096133027067,0.012705276994144215,0.23778348889118758,0.19808415303849303,0.0001,0.9908439143313356
4314,0.9892973477893621,0.7397061930950467,0.012683666985610435,0.2369074864694603,0.19732902415142098,0.0001,0.9909157903271805
4315,0.9892993539148606,0.7400394282766578,0.01268486923426692,0.2365750573258129,0.1989822257121243,0.0001,0.9908423457377824
4316,0.9914282416475231,0.7392175306413044,0.012703460805556354,0.23950724980773114,0.19958418248028592,0.0001,0.9906613014532635
4317,0.9931625768572515,0.7397032658178473,0.012693349778289485,0.24076596073216888,0.2017828352734235,0.0001,0.9910614692536136
4318,0.9902929878863553,0.739278631326393,0.012696872860132801,0.2383174817049479,0.19761674825487466,0.0001,0.990761084065718
4319,0.9912877422559092,0.7386629645529432,0.012710401784575736,0.23991437688560563,0.20045984667890213,0.0001,0.9907139479751278
4320,0.9919106731792009,0.7396016841486066,0.012686121778120618,0.23962286670841504,0.19681601054044573,0.0001,0.9911230418188819
4321,0.9925114987588074,0.7394159636923072,0.01269171639339919,0.24040381938339972,0.20148896639052075,0.0001,0.9913935151230732
4322,0.9888312597787404,0.7391949993601677,0.01270457141056022,0.23693168977876222,0.19756848070370014,0.0001,0.9907606579348233
4323,0.9892428380722448,0.7392046451568604,0.012690208504698097,0.2373479830052016,0.20013118733257115,0.0001,0.9907264520140255
4324,0.9921755839071216,0.739429375825499,0.012708916625434922,0.24003729039829594,0.20203965923486328,0.0001,0.9910142756258015
4325,0.9918780278482495,0.7394866122435363,0.012695600246560985,0.23969581482920638,0.19587792135759977,0.0001,0.9912721430191404
4326,0.9858780424686765,0.7393968685645361,0.012698216080423784,0.23378295638800634,0.19920339497301207,0.0001,0.9907171231012557
4327,0.990847771598166,0.738368771743581,0.012696815310820604,0.23978218652353325,0.2003089874438775,0.0001,0.9904856425753472
4328,0.9872487712099877,0.7387831323528871,0.012709090240586843,0.23575654937215074,0.19941924068071779,0.0001,0.9901812209077103
4329,0.9917401953111072,0.7393459741774244,0.012689370654417583,0.23970485005610856,0.20464486627259554,0.0001,0.9902264662132303
4330,0.9903129925592434,0.7395059760153656,0.012704741398654651,0.2381022768227372,0.19919090949255844,0.0001,0.9900666981512345
4331,0.9905184709276196,0.7387140499650827,0.012694505600610079,0.23910991481786809,0.1992270768172359,0.0001,0.9898673953681157
4332,0.9899841395884934,0.739450914501902,0.01270341486282813,0.23782981161413522,0.19971510359892738,0.0001,0.9899826833490909
4333,0.9872555865719159,0.7394114345856178,0.012691835844492573,0.23515231667075148,0.19845418462767805,0.0001,0.9897839581990582
4334,0.9904668651536319,0.7386456905707385,0.012701428686145837,0.23911974591186033,0.19702521030003353,0.0001,0.9896130863237091
4335,0.9918291012607288,0.7388250075779387,0.012700985943328053,0.24030310852532455,0.19846445300878907,0.0001,0.9896081936649571
4336,0.989167954205983,0.7390379802934055,0.012702105736877566,0.23742786766186688,0.19847652418860073,0.0001,0.9899371848386878
4337,0.9871466884023036,0.7391335985965226,0.012703999544495742,0.23530909021594704,0.19780749306233852,0.0001,0.9895670765191014
4338,0.9901008257759512,0.7392736385608542,0.012700299220443015,0.23812688678563487,0.20043146419839492,0.0001,0.9898522819756976
4339,0.9911053473277218,0.7394184783312661,0.012690289025374406,0.23899658059070367,0.19843840686713948,0.0001,0.9897887971773592
4340,0.9917575856009555,0.7391942324793122,0.012688764210405021,0.2398745904527378,0.19872060188415328,0.0001,0.9899332564815305
4341,0.9915968717716287,0.7396243366943653,0.012698201330389985,0.23927433480476512,0.19889872716116372,0.0001,0.9900410965659313
4342,0.9910102225462273,0.7391944562687593,0.012687169997735634,0.23912859566011002,0.20022141999937215,0.0001,0.9901437048617048
4343,0.9879223844584297,0.7391880392786455,0.012704352819895405,0.2360299920425212,0.19987459955302503,0.0001,0.990210384650356
4344,0.9919926992052709,0.7398023225714663,0.01269564086960489,0.23949473679186606,0.19972664048294508,0.0001,0.99036296805552
4345,0.9894956638073099,0.7387922710869423,0.012690365677189392,0.23801302692983262,0.19834763597523222,0.0001,0.990129624310178
4346,0.9897574472862615,0.7396286611141104,0.01269936416502173,0.23742941986112034,0.2021807346334322,0.0001,0.9901885736182061
4347,0.9888678987417937,0.7388458990663834,0.01270302410783439,0.23731897585471792,0.19666726046957786,0.0001,0.990360694652155
4348,0.9924015491052284,0.739730616007567,0.012699675366554492,0.23997125739862663,0.19907773505238927,0.0001,0.9905907669850826
4349,0.9904160211826193,0.7387405747574193,0.012704408676580773,0.238971038050874,0.19925123809800913,0.0001,0.9905218343705725
4350,0.9904110210420636,0.7388655272507039,0.012696904536434893,0.2388485898292089,0.19616264098798045,0.0001,0.9903871779146833
4351,0.9882617034244731,0.7390246987342834,0.012699038455259002,0.2365379675195135,0.200923168393226,0.0001,0.9900536610799678
4352,0.990189721328008,0.7396794769149765,0.01270162793250403,0.23780861688857147,0.19716197793309637,0.0001,0.9899716109581458
4353,0.99064497640602,0.7394321071206919,0.012711202397066005,0.2385016683541979,0.20056158866408388,0.0001,0.9902438701529048
4354,0.9876985559598911,0.7397781505304224,0.012701028500802618,0.23521938007211587,0.20048317279946248,0.0001,0.9898144558283668
4355,0.9875403362161973,0.7400126799366779,0.012696046132828594,0.2348316115521756,0.20313305010297478,0.0001,0.9896189230692556
4356,0.988512205908313,0.7393890302514933,0.012695894763629286,0.23642728388551282,0.1983404379889641,0.0001,0.9894943989314606
4357,0.9888798964434656,0.7394379014659364,0.012692893494457068,0.23674910313036088,0.19847635138953676,0.0001,0.989495598701628
4358,0.9909285952546776,0.7394770606294365,0.012715551238998197,0.23873598403609064,0.1990705651758167,0.0001,0.989348303316573
4359,0.9904863958910077,0.739994463403133,0.012695574857158545,0.2377963579178582,0.2005423231250616,0.0001,0.9893553407874117
4360,0.9891327291908419,0.7389581850285946,0.01268281317627696,0.23749173047213717,0.19925251430841295,0.0001,0.9892275116022896
4361,0.9883555344345604,0.7387880797802072,0.012687762658929728,0.23687969263015848,0.19980881751550864,0.0001,0.9892368947032983
4362,0.9908819518998477,0.7390418765994646,0.012688062979290017,0.23915201343943573,0.20032019538400622,0.0001,0.9893061177604823
4363,0.9899541273803788,0.7391068984964073,0.012699542374446475,0.23814768641884865,0.20084635018697858,0.0001,0.9892370328579181
4364,0.9897363131476706,0.7394031530461496,0.012699426550410581,0.23763373528907555,0.19966511216777816,0.0001,0.989440808576696
4365,0.9897120865798625,0.739529691772577,0.01266849524592773,0.23751389883594629,0.1994999414102059,0.0001,0.9896579836130626
4366,0.9897745550283312,0.7392307570691524,0.012721459957455526,0.23782233886314938,0.20054960296192711,0.0001,0.9897842185250644
4367,0.9917661105159814,0.7391551880517305,0.012698727979137738,0.23991219575458317,0.1975744794638597,0.0001,0.990072839932316
4368,0.9885340334193944,0.7390622588490375,0.012706631579215338,0.236765142492421,0.20240291907748634,0.0001,0.9898333837487877
4369,0.9911823756312743,0.7396361170143917,0.012678474006498077,0.23886778314444887,0.20033311623226072,0.0001,0.9899029817228143
4370,0.9892802396845866,0.7388137491914853,0.012686448213294843,0.23778004421423704,0.19996505730896885,0.0001,0.9899177327721886
4371,0.991318649017303,0.7392400194858683,0.012693878845075566,0.23938475104906495,0.19890510724596755,0.0001,0.9902140442304631
4372,0.9891657316660543,0.7391441387046906,0.012697427558125153,0.23732416479872884,0.20033706588629052,0.0001,0.9900424222070837
4373,0.9896902855463009,0.7395624396283534,0.012691141142081053,0.23743670362729813,0.1993926058978628,0.0001,0.9900160380236759
4374,0.991230761666327,0.7390223205935883,0.01270058793421933,0.23950785413596015,0.20019464324744188,0.0001,0.9901654828755415
4375,0.9894434237818689,0.7388607519877126,0.012696531674924776,0.23788613997566047,0.19859242260939694,0.0001,0.9901386165957422
4376,0.989764363480388,0.7393714164140016,0.012691610483320442,0.23770133637148758,0.2004959680910768,0.0001,0.9901375974409479
4377,0.9928257929625908,0.7390626058375376,0.012714292408244846,0.24104889541199434,0.20117974235972816,0.0001,0.9902435656856088
4378,0.9896322013640259,0.7398812998139108,0.012678059312924895,0.23707284004584286,0.20378698979865223,0.0001,0.990353382480072
4379,0.9902704435478118,0.7389008794546611,0.01267944049641762,0.2386901240803407,0.20000238284377975,0.0001,0.9902621892717258
4380,0.9887128482000339,0.7391913910424733,0.01270093661534617,0.23682052048176347,0.2017894127306058,0.0001,0.9902054501232704
4381,0.9937511956957726,0.7393806933389474,0.01269629373995334,0.24167420994679295,0.19917179341853028,0.0001,0.9904487047911174
4382,0.9927269464574044,0.7390928791937915,0.012703624990358797,0.24093044318001847,0.19873826991592894,0.0001,0.9908048262702523
4383,0.9939671658115503,0.7389926368759805,0.012703578080415242,0.24227095180725713,0.1991728226867699,0.0001,0.9912325142967774
4384,0.9922747007489929,0.7394306426357787,0.012679169434321095,0.24016489003903968,0.20057449059118848,0.0001,0.991336908205044
4385,0.9899801004972709,0.7395101104982,0.01268948599484581,0.23778050466918557,0.20287978210869959,0.0001,0.9913905758765841
4386,0.991133100120823,0.7395034492862153,0.012679866796574776,0.23894978612359108,0.2006716971223301,0.0001,0.9915274495406277
4387,0.9899302654527505,0.7396912354726578,0.012691292994888028,0.23754773925211561,0.20226239922322317,0.0001,0.9912378967896436
4388,0.9926915513332669,0.7397882535781628,0.012700559884974729,0.24020273870133,0.20219886085324548,0.0001,0.9915438317865679
4389,0.990358935045664,0.7394940537564895,0.012689649212432923,0.23817523274170216,0.20046990768300108,0.0001,0.9915526809363531
4390,0.9902352940963683,0.7394890428556632,0.012695445008500353,0.23805080744122395,0.20161587105682366,0.0001,0.9917049255259865
4391,0.9913412250321487,0.7392046613577171,0.012696733097517466,0.2394398310756345,0.20085732986428917,0.0001,0.991463928459624
4392,0.9890568301111883,0.7393865289117453,0.01269514251190557,0.2369751589595667,0.20188523414894244,0.0001,0.9910969168250023
4393,0.9905236493985019,0.7394718365785317,0.012698491736793131,0.2383533210982899,0.1993703377899727,0.0001,0.9907525651836975
4394,0.9904083677286066,0.740254022649529,0.012694570645841091,0.23745977385895248,0.20171399329907996,0.0001,0.9905659318816591
4395,0.9916765889338015,0.7392837100531944,0.012687442268851322,0.23970543641529024,0.19847560312757628,0.0001,0.990735580725312
4396,0.9928789896848961,0.7391236048441147,0.012688570041927314,0.24106681383163886,0.19815774479574896,0.0001,0.9909101696817194
4397,0.9892868404456133,0.7391049374673236,0.012691058686974082,0.23749084270447796,0.2014129299058392,0.0001,0.9908458271810057
4398,0.9928663468505983,0.7396345802301325,0.012697203164168351,0.24053456342607193,0.19882750870852633,0.0001,0.9908633067327386
4399,0.9902603631087298,0.7396764223280592,0.01267973839873958,0.23790420387809225,0.1986866058369921,0.0001,0.9908534495390453
4400,0.9912973234909785,0.7390155188935765,0.012706560730692339,0.23957524373825134,0.2040546729888684,0.0001,0.9909596524785064
4401,0.9864693860736871,0.7380304394580771,0.012692626301221867,0.2357463198610058,0.19821782757737816,0.0001,0.99047246858266
4402,0.9875625555703896,0.7398263621040096,0.012675933857234931,0.2350602595184686,0.2013698157686249,0.0001,0.9903230411285803
4403,0.9926348619964012,0.7389452140664957,0.012689274174688313,0.24100037381566805,0.1992343416320383,0.0001,0.9905341623883703
4404,0.9874808966025378,0.7384792546955132,0.01268163317357309,0.23632000866544417,0.19691575498416505,0.0001,0.9902414152757633
4405,0.9915886396810443,0.7394959675129239,0.012689755122511671,0.23940291619929532,0.19972754643123,0.0001,0.9902326203504875
4406,0.9869827073195885,0.739497748639956,0.012682203830618403,0.2348027563300626,0.20096549836061064,0.0001,0.9896429921139569
4407,0.9885299832051956,0.7388486098082505,0.01269183463547341,0.2369895395171086,0.19914648033542517,0.0001,0.9895673063899151
4408,0.9915048272082578,0.7399054349798702,0.012683682461055732,0.23891571065898357,0.19982837856904004,0.0001,0.9894311544256811
4409,0.9945641629110727,0.7383379971279818,0.01269742634910599,0.2435287400007127,0.19835151780328691,0.0001,0.9898615344059154
4410,0.9917323068237691,0.7397415716556216,0.012676269722758636,0.2393144658383201,0.20207817628828556,0.0001,0.9899050327391944
4411,0.9879621105310158,0.739395460299014,0.012690767071551774,0.23587588306977347,0.20133024009802278,0.0001,0.9900543051849272
4412,0.9882033484219054,0.73928535891353,0.012676698924561785,0.2362412898735149,0.19945781141459096,0.0001,0.9901183844700787
4413,0.9915282784320761,0.738997650436649,0.01270036281485103,0.23983026537704177,0.20255319523279372,0.0001,0.9900077261136463
4414,0.988327968314018,0.7390037458276651,0.012690250336761164,0.2366339732377089,0.19830134184558784,0.0001,0.9900924332847942
4415,0.9915776904407911,0.7393356957010033,0.012682376478554995,0.23955961992363417,0.2000592764444332,0.0001,0.990091338360769
4416,0.9897772165631183,0.7390484356493302,0.012677108782058313,0.23805167169346045,0.20086095081623379,0.0001,0.9903707892851221
4417,0.992218081172533,0.7396690614566842,0.012698240260807061,0.23985077845760097,0.20427493793364712,0.0001,0.9907395990818557
4418,0.9896687936589393,0.7392463129142235,0.01268609397067985,0.23773638749944753,0.1985877226078486,0.0001,0.990555995726924
4419,0.9878352029328414,0.7392214099001932,0.012701994265310664,0.23591180044485155,0.19974985452742897,0.0001,0.9898830997291006
4420,0.9916994427812511,0.7383754354945061,0.012683139369647352,0.24064086954927347,0.20306761825785918,0.0001,0.9898798133248489
4421,0.9884614177939858,0.7389459161439241,0.012693983304331318,0.23682151973610233,0.20134421357881224,0.0001,0.9899297440511459
4422,0.9899428479569921,0.7393034500717875,0.012701120144455234,0.23793827857195002,0.1993183383291198,0.0001,0.9901036940046547
4423,0.9892441309973385,0.7392438520766175,0.012694712584690923,0.2373055667289614,0.19877885847256102,0.0001,0.9898752792611809
4424,0.9883207782770509,0.738754119882719,0.012693735213598905,0.2368729233167476,0.1996455512049232,0.0001,0.9898745602574843
4425,0.9938247235261403,0.738878963322475,0.012692793629474137,0.2422529674960682,0.20211827972597815,0.0001,0.9900992635660192
4426,0.98641452622462,0.73894307688332,0.012699383025720686,0.2347720670561036,0.20337671812238364,0.0001,0.9897629945321691
4427,0.9883702099927782,0.7387388642371063,0.01269007043470959,0.2369412754947588,0.19955292655415757,0.0001,0.9893782074141937
4428,0.9913675591621631,0.7392227906000783,0.012671458310094374,0.2394733106449216,0.1987817302557808,0.0001,0.9895480839645163
4429,0.9917760504670365,0.7393216955008903,0.012691761610715916,0.23976259414129278,0.19886363332460183,0.0001,0.9899421687179357
4430,0.9921155260010617,0.7393295751623885,0.012688700374193172,0.24009725196064122,0.19655558983767007,0.0001,0.9899837770399167
4431,0.9919671579500241,0.7391152537860445,0.012693907619731663,0.24015799790439452,0.20403282858174424,0.0001,0.9903343510555205
4432,0.9891782679857637,0.7393547497221229,0.0126884916974855,0.23713502470728834,0.2017844894836689,0.0001,0.9902578930583978
4433,0.9902423991392882,0.7391592544667861,0.012708165099122704,0.23837497978495778,0.20209827834766728,0.0001,0.9903577198725928
4434,0.9922782590132939,0.7392233110828283,0.012690203668621442,0.240364743052825,0.20126453797667312,0.0001,0.9907534679462169
4435,0.9925036037427658,0.7393293380737305,0.012700189683306773,0.2404740762124197,0.2023033887812864,0.0001,0.9906213559678795
4436,0.9903485015729862,0.7395233758564653,0.012697687739049203,0.2381274384913048,0.20117418195969192,0.0001,0.9910147535027163
4437,0.990399609835588,0.7394766710834619,0.012680747687937522,0.2382421916082471,0.2017442617285808,0.0001,0.9912176934869972
4438,0.9881158164016616,0.7392213826972621,0.012693746820182877,0.23620068903022556,0.20254199660211258,0.0001,0.990892519210947
4439,0.9920674494749151,0.7395729890459691,0.012681113295332655,0.23981334804037763,0.20082131333452694,0.0001,0.9909216591117348
4440,0.9938198996605786,0.7394700387670351,0.012690987354843418,0.24165887347824916,0.20018646393054398,0.0001,0.9910920964776866
4441,0.9899856777026735,0.7396289579283152,0.012698060358755488,0.23765865917379908,0.19981117334980025,0.0001,0.9908939484529515
4442,0.987454084426346,0.7393933073985891,0.01269764445616314,0.2353631329796377,0.20016984393703044,0.0001,0.9907215300970098
4443,0.991249713646229,0.7393768568793369,0.012689715224879267,0.23918314331020352,0.20208143145148216,0.0001,0.9908222615477037
4444,0.9928601293486465,0.7392598729104589,0.012683499657358165,0.24091675888150024,0.19923543395062732,0.0001,0.9908804485812389
4445,0.9907527958887344,0.7393995828125588,0.012699555673657275,0.2386536584301846,0.1999618008763021,0.0001,0.990705367795836
4446,0.9891391508961305,0.7395020482748081,0.01268418057695122,0.23695292072956267,0.20104816549931773,0.0001,0.9905844327281503
4447,0.9902850302431211,0.738999067407109,0.01269573299686517,0.23859023005072533,0.20085116365497543,0.0001,0.9905729747689037
4448,0.987767242756625,0.7394371042386997,0.012687080530317512,0.2356430589245976,0.20183138283343635,0.0001,0.9905381174044001
4449,0.9905444029378601,0.7387730725880327,0.012684274638642162,0.2390870588697478,0.19927501932360822,0.0001,0.9903858127506945
4450,0.9922832381169162,0.7397014305267566,0.012700830947071253,0.23988097655241195,0.20603079725109782,0.0001,0.9902321465963283
4451,0.986578459792882,0.7394400699627085,0.012676241673514036,0.234462146494258,0.1981687599275465,0.0001,0.9898914248053492
4452,0.9918515379965668,0.7388521014555957,0.012688807976898751,0.2403106291232438,0.2001472351879909,0.0001,0.9903311701623713
4453,0.9906339553500286,0.739511202242505,0.012675241331057907,0.23844751295525934,0.20158282481511755,0.0001,0.9902695943327512
4454,0.9927949807464955,0.7392957839230737,0.01268058277772358,0.2408186131238212,0.20313893186030474,0.0001,0.9902630794725361
4455,0.9925479462132251,0.7392502330379602,0.012678503264761842,0.24061921278192352,0.20348904963439182,0.0001,0.9904425945049852
4456,0.9858455152588974,0.7394619395476567,0.012703798121903054,0.23367978062699823,0.20117143304304466,0.0001,0.9901132309412619
4457,0.9884281986625393,0.7390220612589776,0.012673218400193035,0.2367329187313393,0.1983091943343803,0.0001,0.9899275477832037
4458,0.9936740183201571,0.739601404502474,0.012694644396010084,0.2413779694518985,0.20262358747196005,0.0001,0.9905182253395568
4459,0.9871142094323891,0.7392537096934676,0.012680664991026718,0.23517983337263548,0.19822391459593666,0.0001,0.9901752059890099
4460,0.9886272737027182,0.739239004876986,0.012700971193294254,0.23668729785912904,0.20240825840836849,0.0001,0.98980960954759
4461,0.9944752424532212,0.7388587240998692,0.012696380789333134,0.24292013813830293,0.20196337230186193,0.0001,0.9905992878136238
4462,0.9920443019567107,0.7393483038364511,0.01269267998167274,0.24000331786655751,0.2017439096319748,0.0001,0.9906185642096382
4463,0.9898785219714801,0.7393613470978959,0.01268296913974909,0.23783420759270205,0.20281689703222705,0.0001,0.9905430208717834
4464,0.9900974632518529,0.7389909152326912,0.012691245601336805,0.23841530016602658,0.19981153076609057,0.0001,0.990273269122319
4465,0.9891616403452039,0.7393669367561959,0.012696987716953363,0.2370977158116037,0.20274155240876196,0.0001,0.989934638535517
4466,0.9879749596239829,0.7385364549638775,0.012696326625274597,0.23674217897182062,0.20118781428549884,0.0001,0.9901475829720254
4467,0.9906823833380461,0.7389195039112718,0.012710356325455176,0.2390525247712769,0.20062006408496028,0.0001,0.9903730014395762
4468,0.9913730712014328,0.739088326994836,0.012679910804872338,0.23960483383999392,0.20207762482441946,0.0001,0.9901429067277038
4469,0.9864871477742224,0.7390711642423943,0.01267564030738196,0.23474034292219134,0.198560814042604,0.0001,0.9900802005618872
4470,0.9907794293718938,0.739236423983777,0.012679172577770922,0.23886383290102225,0.20271524741610938,0.0001,0.9902954161288047
4471,0.9876207757673205,0.739572617635282,0.012692979818425362,0.23535517902391193,0.20069049256447605,0.0001,0.9896099694602146
4472,0.9904676690304739,0.739238281883526,0.012675930713785106,0.2385534569167704,0.1986974829592521,0.0001,0.9894523061675911
4473,0.9892443932335953,0.7388963672742399,0.012686470942855124,0.23766155524319132,0.20076593823171773,0.0001,0.9893888932938026
4474,0.9934246808471835,0.7394733842439632,0.012683566878823674,0.24126773120544504,0.20070861110701765,0.0001,0.9897216150533357
4475,0.9894984956928973,0.7391059210044133,0.01269188468886679,0.23770069096683247,0.19724667909541913,0.0001,0.9897553005881049
4476,0.9907825833401864,0.7393515188602114,0.01268184354290759,0.23874922207052277,0.19785625767151677,0.0001,0.9900360629597251
4477,0.9917357393500771,0.7392443915409684,0.012691729209002326,0.23979962023228227,0.19898061263875594,0.0001,0.9901413985609283
4478,0.9888439594369389,0.7390500778600604,0.012690967043321467,0.23710291711783554,0.20008180412873777,0.0001,0.9898884873844789
4479,0.9915457100703798,0.7392635499004419,0.012679779263587317,0.2396023816317622,0.20135798457911724,0.0001,0.9903943436140945
4480,0.9911640489560837,0.7393165976715862,0.012687294768513336,0.23916015737741037,0.2025711413087516,0.0001,0.9904328055725136
4481,0.9864340781198312,0.7387543355717379,0.012698616991178501,0.23498112483150335,0.20030200260768796,0.0001,0.9903141358077647
4482,0.9928314898608906,0.7394535048254605,0.012683678350390576,0.24069430666992678,0.20301452756653451,0.0001,0.9905505178908063
4483,0.9911186016839126,0.7392252355995333,0.012677451659893167,0.23921591507433393,0.2007632125584639,0.0001,0.9907379387358383
4484,0.9916578146797165,0.7386307502373237,0.012689015686391091,0.24033804736562964,0.20099658178992977,0.0001,0.9905612521190914
4485,0.9892996647536876,0.7389204018498048,0.012688887530359728,0.2376903757966798,0.2007834086493111,0.0001,0.9905413690251704
4486,0.9921882008684093,0.7386033077994418,0.012696760421350569,0.24088813264761688,0.2028204805045776,0.0001,0.9906819307779926
4487,0.9919421779214731,0.7399578160978476,0.012695665775399663,0.23928869678875012,0.20073309915544538,0.0001,0.9907025746351323
4488,0.9939565051641716,0.7393594276590715,0.012686450631333172,0.24191062796188417,0.20064875175212993,0.0001,0.9912138292078556
4489,0.9927893896373725,0.7394300077798158,0.012687303957058981,0.24067207791561046,0.20405123076018164,0.0001,0.991338197164555
4490,0.9893471839219997,0.7390043685934364,0.012668605024867802,0.23767420936670555,0.19958861885520557,0.0001,0.9911565106611466
4491,0.9890894437658375,0.7391886083639659,0.012679629345211005,0.23722120687274856,0.20346878756132378,0.0001,0.9914220472257472
4492,0.9898463376395359,0.7391611548031077,0.012677092581201518,0.23800808857771252,0.20125141089997475,0.0001,0.9911235320036116
4493,0.9887495108598627,0.7389667666466193,0.012680468162706852,0.23710227713109755,0.20056231942549196,0.0001,0.9908866229212068
4494,0.9925916220305174,0.7392986784358537,0.012693101929360906,0.24059984113635688,0.20216085986965326,0.0001,0.9909800036562867
4495,0.9916942356566145,0.7391929177918733,0.012681412890281445,0.23981990364453856,0.20191662829618667,0.0001,0.9912194607465794
4496,0.9923707076308693,0.7389646414327331,0.012686817205943635,0.2407192491886582,0.20244485009877242,0.0001,0.9912377114228252
4497,0.9912188505304271,0.7392016152339339,0.012683293882296488,0.2393339439984751,0.20084901507679395,0.0001,0.9911653786837207
4498,0.9905601453345881,0.7389063430122623,0.012686851058480221,0.23896695074245605,0.20400266999163444,0.0001,0.9908257427007623
4499,0.9873138810026234,0.739688081867071,0.01269532555740697,0.2349304742279933,0.19946631777117266,0.0001,0.9902781918372876
4500,0.9923071168499109,0.7388606586514331,0.012685838625832455,0.24076062094790457,0.2014884384420774,0.0001,0.9905741851300787
4501,0.9923099615511014,0.7394321379506805,0.012679095200544438,0.2401987263294311,0.2007403899943853,0.0001,0.990896236908605
4502,0.9900731750240674,0.7393969284109847,0.012677964767626285,0.23799828502668813,0.2024628444448204,0.0001,0.9909189206470581
4503,0.9857155745943468,0.7391763491514488,0.012682410572895413,0.23385681727292815,0.20114824378345367,0.0001,0.9906155270205066
4504,0.9892307139071683,0.7392475725912903,0.012692371923589803,0.2372907711000278,0.19942499198488,0.0001,0.9902794362081717
4505,0.9927184441510368,0.7395151515036036,0.012673461654848792,0.24052983209581452,0.1978312779149951,0.0001,0.9903818570576138
4506,0.9913976566061287,0.738807856432081,0.012683703981596848,0.23990609504388263,0.20110527642116585,0.0001,0.9902845519551399
4507,0.9901127292950304,0.7391584388624582,0.012698809467029379,0.23825548215944917,0.1992881757492468,0.0001,0.9901739398316002
4508,0.9929312581222874,0.7388517183174226,0.012662388248327537,0.24141715282600743,0.20097981511216617,0.0001,0.9904110511103701
4509,0.9892271360567568,0.7391228130574642,0.012699904596587949,0.23740441740526388,0.20344936082982146,0.0001,0.9906023766157833
4510,0.9901219404493335,0.7391128912416965,0.012685262890906653,0.2383237878280044,0.2025974049227233,0.0001,0.9903838589757257
4511,0.9867649216197325,0.7383235805416688,0.012682206248656732,0.23575913673361223,0.199399179939566,0.0001,0.9898293549825888
4512,0.9904039693168888,0.7384891285132201,0.012682958016772782,0.23923188426794434,0.19802959486993282,0.0001,0.989862434411871
4513,0.9904670122912641,0.7391965580276737,0.012690303049996706,0.23858015198434343,0.202064897661035,0.0001,0.9903375781815628
4514,0.9903957470193596,0.7388094248926422,0.012687430178659682,0.23889889280948387,0.20253278744269093,0.0001,0.9904540814927818
4515,0.9911661757416947,0.7391047903296913,0.012685977179428628,0.23937540913933913,0.20094983065104147,0.0001,0.9902988546518477
4516,0.989126630414572,0.739142891843227,0.01268633480729728,0.23729740414942255,0.20231139324378775,0.0001,0.9900717520326922
4517,0.9898119108188467,0.7387270975789966,0.012676319534348184,0.23840849230001712,0.19909218407064133,0.0001,0.9900416701850737
4518,0.9906061095833537,0.7387595816267915,0.012676474772408816,0.2391700532446043,0.20019359913849202,0.0001,0.9898091553311803
4519,0.9915899242639058,0.7383533744009223,0.012689554425330481,0.24054699625374096,0.19654601951399875,0.0001,0.9900454341518952
4520,0.9918046023009032,0.7392746349135471,0.012692498870602002,0.23983746815404833,0.20415584516331825,0.0001,0.9902137003370521
4521,0.9888277400821508,0.7391541322152948,0.01269818851478685,0.23697542157364182,0.19996079636272987,0.0001,0.990419982183294
4522,0.9883530162894459,0.7389955907516015,0.012689647278002262,0.23666777736819056,0.2005979864882649,0.0001,0.9902148868805497
4523,0.9944509145696071,0.7385299955371911,0.012673224687092687,0.24324769334788254,0.1997838100119972,0.0001,0.990613277108384
4524,0.9902084367028599,0.73940165156525,0.012695214811251566,0.23811156985786333,0.20247224045815382,0.0001,0.9905945460767338
4525,0.9946004325187714,0.7393253921978856,0.012682448294293325,0.24259259176967593,0.20050611000878332,0.0001,0.9909379717544416
4526,0.9912137506457903,0.7388187684345439,0.01268597137613664,0.23970901184766336,0.2038726674857536,0.0001,0.9911466837775634
4527,0.9915911836991688,0.7386071960050726,0.012678778921131189,0.24030520794176427,0.20201848142045506,0.0001,0.9913246110655958
4528,0.989249007334332,0.7384039139409094,0.012683681977448067,0.23816140946643105,0.20297999534959968,0.0001,0.9911889008406934
4529,0.9866852576544028,0.7385338508575006,0.012679824722707875,0.23547158165103765,0.20271390809490522,0.0001,0.9906984341797431
4530,0.9908362240143287,0.7392625593510409,0.012676782830491753,0.23889688204437434,0.2004784201149041,0.0001,0.9906015963510857
4531,0.9894242846458001,0.7386715305746206,0.012693822504782532,0.23805893418090096,0.2012917784479037,0.0001,0.9906612508074506
4532,0.9891446741792783,0.739282992016713,0.01268074478629153,0.23718093875153312,0.20276464509794725,0.0001,0.9907404165964341
4533,0.9881087061599593,0.7391627285833533,0.012683566395216008,0.23626240957943953,0.20008408844954587,0.0001,0.9901061957554692
4534,0.9889011491868366,0.7390380621440028,0.01268361741582472,0.2371794705186606,0.20208125236551855,0.0001,0.989975467003867
4535,0.9894506026958597,0.7390170652290871,0.012676007365600091,0.23775752896771712,0.19912298413609394,0.0001,0.9894604840215756
4536,0.9878096728005709,0.7392419049512542,0.012676831433062138,0.23589093777640113,0.2007340371729636,0.0001,0.9891200762370538
4537,0.9929162342456485,0.7388492953221164,0.012677847976375061,0.24138909058445124,0.19859080998941078,0.0001,0.9892525812917017
4538,0.9940223337187003,0.7388747548476677,0.01268173739102501,0.24246584108707628,0.20584718366181876,0.0001,0.9897299139301385
4539,0.995549906218995,0.7390505102053133,0.012678721613622825,0.24382067492900467,0.19890073772980765,0.0001,0.9906163787865978
4540,0.9934604065171604,0.7392546256463861,0.012683363763604155,0.2415224172734102,0.20035099278961668,0.0001,0.990878797036881
4541,0.9857043555010163,0.7380018173801971,0.012679795706247944,0.23502274415253627,0.20272201777229928,0.0001,0.9905068041224027
4542,0.9927323379574634,0.7391838825498585,0.01269625166608644,0.2408522033485873,0.20107348925201696,0.0001,0.9908655705002211
4543,0.9923593764614623,0.7392098426093436,0.012682967930729925,0.24046656728153537,0.20105038840195227,0.0001,0.9912906375303713
4544,0.9875998170574103,0.7393530879252823,0.012666583061218262,0.23558014758218374,0.2013364439078325,0.0001,0.9911605043174285
4545,0.9886656426512929,0.7384951277872128,0.012678085669542665,0.2374924303279929,0.20076997635572483,0.0001,0.9910820083129719
4546,0.9895248172491123,0.7399189049041779,0.012678504473781006,0.23692740472770366,0.20376297133326773,0.0001,0.9912535227578262
4547,0.9891976873724746,0.7384341917705343,0.012686295876880204,0.2380771991356633,0.20262767555868408,0.0001,0.9908816680705088
4548,0.9915317207514394,0.7389480083515871,0.01268217457235464,0.2399015402455359,0.20028110812692082,0.0001,0.9906326067737826
4549,0.9877197660248855,0.7391615641769966,0.01267200478675641,0.23588619833815896,0.2030651154370627,0.0001,0.9898495927543717
4550,0.9929515378470353,0.738793473093795,0.012668283909377897,0.24148978373039567,0.19978279767002585,0.0001,0.9897987058873593
4551,0.9861994799203854,0.7390995210614698,0.012659578971398529,0.23444038099074702,0.19978981593559528,0.0001,0.9898482183292963
4552,0.9880647071718445,0.7388669275366994,0.012687837618117884,0.23650994224371824,0.20220926249849386,0.0001,0.9893814552507342
4553,0.9896693614143387,0.7386270447144886,0.012688756714486205,0.238353559516869,0.19994182041402278,0.0001,0.989112453746022
4554,0.9889398379209801,0.7392724158797738,0.012682046658127109,0.23698537743841175,0.20063219366039756,0.0001,0.9892464558323789
4555,0.9882986136914267,0.7381765419281037,0.012690607964629817,0.23743146372312948,0.2051426317641024,0.0001,0.9892097529363924
4556,0.9902347063921528,0.7392746536533441,0.012682103240223976,0.23827795110053512,0.2003521613066385,0.0001,0.9892807418506964
4557,0.9910109478368236,0.7385086819801563,0.01266222019466377,0.23984004348576915,0.2006451779217072,0.0001,0.9894620678971313
4558,0.9866990015424532,0.7391713039144783,0.012682089215601676,0.2348456074753833,0.2008108755093801,0.0001,0.9889787959762326
4559,0.992195592448871,0.7390452561707332,0.012698489560558636,0.24045184665712818,0.20376257148040477,0.0001,0.9894263786186311
4560,0.989717214392842,0.7388724880576375,0.012680012362482097,0.23816471453189367,0.20118027883175663,0.0001,0.9891029462732119
4561,0.9899835885175585,0.7388889058124705,0.012686822767431789,0.23840785853217147,0.20294683679001327,0.0001,0.9894813571329291
4562,0.9839271049470495,0.7384925392771832,0.01268048218732915,0.23275408268156206,0.20246159824831733,0.0001,0.9890675969104497
4563,0.9892826812987879,0.7386834906757966,0.01266568838703705,0.23793350330895874,0.2015963288942167,0.0001,0.9890289288988944
4564,0.9894998424193439,0.7387247009403082,0.012683678350390576,0.23809146330999795,0.19739909548667575,0.0001,0.9890849293487308
4565,0.9852623623960158,0.7394859819818462,0.012679188295020051,0.2330971918924585,0.1992765841571119,0.0001,0.9887813042191897
4566,0.9894940981274928,0.7385385193640998,0.012672291566102065,0.23828328752977126,0.20148944603864852,0.0001,0.9887072433927238
4567,0.9883492499529469,0.7393613391183694,0.012679469996485216,0.23630844240981716,0.2018106816143825,0.0001,0.9884410736043362
4568,0.9883647234638129,0.7393987809910494,0.012681368881983882,0.23628457454288224,0.2021877724548866,0.0001,0.988607645796472
4569,0.9894357300675182,0.7385151969008223,0.012685450530680875,0.23823508531096982,0.2011906496470163,0.0001,0.9883316595583368
4570,0.990101781747404,0.7385581512963796,0.012685024955935218,0.23885860513238347,0.20193532997889643,0.0001,0.988370116293793
4571,0.9917668786058561,0.7386035139372092,0.012688205401747511,0.24047515915355383,0.1996456415791057,0.0001,0.9885484453026228
4572,0.9894030911443683,0.738991447684731,0.012679558013080341,0.23773208689737996,0.2021149303197377,0.0001,0.9890960439223546
4573,0.9887986505974621,0.7386700084194934,0.012673512917261336,0.23745513028837362,0.20218472249246755,0.0001,0.989047640852222
4574,0.986578284606005,0.739047454167573,0.012682525187912142,0.23484830379969693,0.1973391232698491,0.0001,0.9887554850708881
4575,0.9890153898912317,0.7389661816022459,0.0126852285547624,0.2373639783740769,0.20176912433114544,0.0001,0.9891307878204098
4576,0.9888099551684474,0.7386334773009495,0.012682807372984974,0.23749367119725528,0.20204307809925467,0.0001,0.9890623735245054
4577,0.9887132008709241,0.7391574049092693,0.012685458510207356,0.23687034006595128,0.20280333056773908,0.0001,0.989098768616303
4578,0.9889564835759254,0.7390522690863929,0.01268687185360984,0.23721734257547172,0.20152572432105972,0.0001,0.9891579446275143
4579,0.9898720127332041,0.7390672499219496,0.012677257491415461,0.23812750681600028,0.2004945085329168,0.0001,0.9892015728940828
4580,0.9926706784637173,0.7385773387932149,0.012669920195914185,0.241423420880073,0.19880363982903787,0.0001,0.9894584625657142
4581,0.9895512088075371,0.7389599586597079,0.012670213020355658,0.23792103684033147,0.2030917993665467,0.0001,0.9892368955858822
4582,0.990644630868343,0.7396542484329873,0.01268293577082017,0.2383074463622807,0.20396941743080804,0.0001,0.9893610495582799
4583,0.9921496500833523,0.7394534004871066,0.012690791493738883,0.24000545792115388,0.20151327245133885,0.0001,0.9896961495068688
4584,0.9906538282398278,0.7391118130384062,0.012689327613335352,0.23885268928071307,0.20128965105778304,0.0001,0.9901037038702512
4585,0.990295787612033,0.7395944306381333,0.012673008514466198,0.23802835013694743,0.2032227943562591,0.0001,0.9902317436423311
4586,0.9884295556656487,0.7392223807425818,0.012691825688731598,0.23651535030733983,0.20081002481327095,0.0001,0.9901937036920513
4587,0.9903042740802495,0.7390954153532914,0.012689234277055907,0.23851962582516137,0.20334131447466103,0.0001,0.9903528110129839
4588,0.988913496053243,0.7385027926060056,0.01268237526953583,0.23772832882754943,0.20310415333594076,0.0001,0.9903485122607156
4589,0.9909441826551487,0.7394046876541741,0.012671641597399605,0.23886785401564098,0.20472964260568483,0.0001,0.99045572925291
4590,0.9958951725921089,0.7391498689719195,0.012689835643187982,0.24405546767474673,0.20290950122034332,0.0001,0.9907781786657491
4591,0.989852943599345,0.7393317024316072,0.012677271757841594,0.2378439709853993,0.20264053477718671,0.0001,0.9908083521449301
4592,0.9886304314189702,0.73928584469743,0.01267728626607156,0.23666729994163552,0.2022994849793084,0.0001,0.9906069321999927
4593,0.9905944956243643,0.738818370667239,0.012686668254782655,0.23908945671745535,0.20520166641679302,0.0001,0.990451416754094
4594,0.9892025103917228,0.738224167852808,0.012672993039020902,0.2383053482908748,0.19978917388596834,0.0001,0.9903062849692834
4595,0.9898540095915417,0.7394469863986388,0.012685603834310845,0.23772142147437553,0.20542078088916096,0.0001,0.9902621071672343
4596,0.9889630969107513,0.7392594379053639,0.012678832359778229,0.2370248267060603,0.2024767870956212,0.0001,0.9903154612917445
4597,0.988993293977896,0.7382210704666122,0.012680675872199192,0.23809154688344766,0.20184017276546293,0.0001,0.990184363281509
4598,0.9900877798546642,0.7385764604407924,0.012695021126381524,0.2388162984386177,0.2034949362882494,0.0001,0.9903017916616512
4599,0.9879157263898947,0.7388845117532216,0.012694956564758176,0.23633625677221928,0.19930599723577982,0.0001,0.989998946035126
4600,0.9889579447964868,0.7387994866342138,0.012676314698271528,0.23748214375114343,0.2010053142633206,0.0001,0.9893052232555638
4601,0.9918973334662571,0.7388954220630576,0.012684089900513933,0.2403178241927532,0.201292277500789,0.0001,0.989509662242255
4602,0.9877872919214183,0.7374515048630581,0.012692405534322557,0.23764338167516502,0.2017291680008596,0.0001,0.9894253482924997
4603,0.9906532036605278,0.7387918586905056,0.012681080893619065,0.23918026326031522,0.20258167038461983,0.0001,0.9894312190961161
4604,0.991886232373197,0.739192295267906,0.012688228614915456,0.24000570820323353,0.199983422310067,0.0001,0.9896995912942635
4605,0.9870182337432072,0.7391084190798096,0.01268675022628196,0.23522306691560493,0.200787402220962,0.0001,0.98941601370943
4606,0.9917248822370842,0.739217805814066,0.012678042386656601,0.23982903639394904,0.2004944160127253,0.0001,0.9896921922420635
4607,0.9896155495430828,0.738813234874733,0.012684858111290612,0.23811745554450559,0.2037743176758652,0.0001,0.9897544177985822
4608,0.9867406008693316,0.7386209517415107,0.012681810415782502,0.23543783810752883,0.20624978305360125,0.0001,0.9894196999000489
4609,0.9896481677920049,0.7386533813834432,0.012677460848438812,0.23831732717718604,0.202407336652158,0.0001,0.9895929440402599
4610,0.9892827365509637,0.7384825101005137,0.012659796111240348,0.23814043008229313,0.2023403007408668,0.0001,0.9896254232157075
4611,0.9895422630329402,0.7386148247950943,0.01267964457885247,0.2382477942483904,0.20050222775757193,0.0001,0.9893899161723757
4612,0.9861964668028254,0.738808080463332,0.012682783918013196,0.23470560279929856,0.20205582563461202,0.0001,0.9892308336605165
4613,0.9879961432114576,0.7389773973103227,0.012676428829680592,0.23634231965573274,0.2016327741421744,0.0001,0.9889651276156094
4614,0.9932477262634293,0.739052865979154,0.012686808259201824,0.24150805095206893,0.2018995055925048,0.0001,0.9891012770046327
4615,0.9886097307137495,0.7389180376128299,0.012679566234410656,0.23701212520410758,0.20189144726819971,0.0001,0.9892604267016869
4616,0.9912495542975033,0.7391039015797041,0.012676011959872913,0.2394696419669455,0.20172244313401577,0.0001,0.9892128939077288
4617,0.9906596719130542,0.7391244875490061,0.01266987763843962,0.23886530598508418,0.20127272905128238,0.0001,0.9893173061447259
4618,0.9875457417408786,0.7386918275883425,0.01267323024858084,0.2361806844782394,0.2041570567214223,0.0001,0.9893978202318807
4619,0.9867046670062547,0.7392826189133991,0.012684417061099658,0.23473763266393186,0.20309179434911717,0.0001,0.9891034701533057
4620,0.9923147751400002,0.7387455781623268,0.012676548280773975,0.24089264804705163,0.2042070084060665,0.0001,0.9894066740122094
4621,0.9905228256937456,0.7384386196823197,0.012682988967663376,0.23940122051969262,0.2026544501041544,0.0001,0.9895047302782898
4622,0.9902087957815514,0.7387198559169111,0.012673986852773546,0.23881495281540113,0.2026383428858937,0.0001,0.9899059631761624
4623,0.9867110912504835,0.7388916355359385,0.01267497800668403,0.23514447826703228,0.20214158777170202,0.0001,0.989777457980065
4624,0.9891615534167261,0.7381911126643601,0.012665989674612669,0.23830445314819865,0.2009782531198575,0.0001,0.9893688406953949
4625,0.9940212005050381,0.7391154854341163,0.012677833226341263,0.2422278828269086,0.20114214237756708,0.0001,0.9899099876745237
4626,0.9940461852487638,0.7395977785330998,0.01269586961603068,0.24175253711474595,0.20014764637540852,0.0001,0.9901896507696495
4627,0.9865299435464654,0.7384455153231205,0.012682624085679741,0.23540180481773845,0.2007705734298389,0.0001,0.9897766779329906
4628,0.9867365070095411,0.7388976749493674,0.012687056591738069,0.2351517755742247,0.20161747769216495,0.0001,0.9896957544598569
4629,0.9896828845354897,0.7393150391249821,0.012680527888253542,0.23768731611676922,0.20537912047658924,0.0001,0.9899935762127805
4630,0.992562608714036,0.738898012386616,0.012670065520017674,0.2409945331952151,0.20179562394565792,0.0001,0.990018359570184
4631,0.9882677931330992,0.7390682872603921,0.012679246811547579,0.2365202602852914,0.2028208354423786,0.0001,0.9897928563141194
4632,0.9844430720104891,0.7389707588278981,0.012680156477566424,0.2327921573850978,0.20099635990468773,0.0001,0.9892162839370131
4633,0.9914581115540819,0.7389825421704723,0.012687361748175011,0.2397882088595665,0.2028677125308383,0.0001,0.989690985967373
4634,0.9913700860122154,0.7389642271018657,0.012671234641549069,0.23973462582541286,0.2015080378517418,0.0001,0.9899118392269219
4635,0.9877528860167606,0.7383855656242757,0.012667840682952448,0.23669947980020883,0.20094104537373866,0.0001,0.9892850077780941
4636,0.9927045100842722,0.7393510402095246,0.012680735114138218,0.24067273412587434,0.2040779267194063,0.0001,0.989150840261645
4637,0.9886383747957783,0.7390422333810199,0.012680972081894323,0.23691516898527107,0.20393706205287762,0.0001,0.9893616833865764
4638,0.9898393898900092,0.7386523477929601,0.012669883683535438,0.23851715791479328,0.19968414847676702,0.0001,0.9896719716746233
4639,0.9907623454475016,0.7387929370146977,0.012683730821822285,0.23928567638684964,0.20473556320275543,0.0001,0.9897799177658244
4640,0.9919007192035234,0.7389930059895312,0.012692139308302687,0.2402155760516985,0.1995143247182664,0.0001,0.989713728814773
4641,0.990253643863825,0.7387323148593942,0.012666593942390735,0.23885473667910326,0.19982870346271484,0.0001,0.9899123138878456
4642,0.9919341418128952,0.7386135709213195,0.012678690420928397,0.2406418800928288,0.20098281777171045,0.0001,0.9906614208680862
4643,0.991486759625874,0.7385725753786114,0.012675554467021332,0.2402386300976088,0.19959310307705863,0.0001,0.9906642856752654
4644,0.9934222204931851,0.7393296432301674,0.0126863541516039,0.24140622457734953,0.20393127121378876,0.0001,0.9908694991233624
4645,0.9864587017295326,0.7393057065851548,0.012675996968035282,0.23447699870528846,0.20250903069972992,0.0001,0.9907400806946397
4646,0.9867889639330201,0.7391000244970496,0.012696222407822677,0.23499271858475995,0.2038350960364448,0.0001,0.9901485260795143
4647,0.9899366140123796,0.7383820352883175,0.01267361133142127,0.23888096761933206,0.20286384043538788,0.0001,0.9902783500011745
4648,0.9890577801584473,0.7382430667567689,0.01267379365151117,0.2381409191305449,0.2034634479584123,0.0001,0.9902001890280184
4649,0.9901202397220759,0.738813706392207,0.012681938330010033,0.2386245967378239,0.20212896697177848,0.0001,0.9901359784554759
4650,0.9897474801322751,0.7389358845492163,0.012676642826072584,0.23813495473675506,0.20365924026975768,0.0001,0.989920654548351
4651,0.9912871822382325,0.73842986614177,0.012674515194148127,0.24018280270073042,0.20430014646682004,0.0001,0.9900240083857919
4652,0.9903192850203834,0.738971318603771,0.012677985804559734,0.23866998248603233,0.20346813408646575,0.0001,0.9898625227065405
4653,0.9868535453842813,0.7385172117312588,0.01267755273389526,0.2356587815840878,0.20391410274873156,0.0001,0.9893992012823813
4654,0.9909827001921787,0.7386995395588827,0.012671630474423299,0.23961153118653908,0.20022967173651798,0.0001,0.9891552492522807
4655,0.991374028019199,0.7391468935757574,0.012670213987570988,0.23955692077323826,0.2012690792642307,0.0001,0.9896467818812473
4656,0.9878881397160265,0.7389775171241219,0.01266121453252332,0.23624941005426295,0.2017266202952267,0.0001,0.9897566994595481
4657,0.9882045002544627,0.7381198432817904,0.012673667913518136,0.23741099085757023,0.20220259593659917,0.0001,0.9895834880837564
4658,0.9899057378391707,0.7391218261351208,0.012680155026743427,0.23810375658663002,0.20274303091829737,0.0001,0.9896682838518286
4659,0.9890616248393881,0.7388935715383255,0.012663811747490997,0.23750424206740475,0.20363170869693795,0.0001,0.9895624223635598
4660,0.9874258763166277,0.7384987749144223,0.012677964525822451,0.23624913486638852,0.20110589193282213,0.0001,0.9893302619819953
4661,0.986511110413147,0.7388050506613075,0.012667531415850346,0.23503852949967008,0.20330723004819898,0.0001,0.9888526547994865
4662,0.9883110176235377,0.7391861180262923,0.01266392853874222,0.23646097010640055,0.20117637436481808,0.0001,0.988651828059802
4663,0.9876553899859801,0.7391784654185931,0.012683297509353979,0.23579362743585153,0.20175196036968462,0.0001,0.9887320125199718
4664,0.99023627207197,0.7392029769522181,0.012672541591265138,0.23836075422367267,0.20405934877980794,0.0001,0.9886573697079509
4665,0.9883114415056565,0.7394135902667868,0.012681835805184942,0.23621601649157659,0.20156724031629233,0.0001,0.9883511110565968
4666,0.9911563323912708,0.7387806348820003,0.012674996141971488,0.2397007021531614,0.1997735464669628,0.0001,0.9886779303241211
4667,0.9918665344284707,0.7385784124022323,0.012674263476358224,0.24061385910905156,0.1999838103749931,0.0001,0.989044133741522
4668,0.9897745078765838,0.738335551886723,0.012689315523143714,0.23874963993777126,0.20144292464362681,0.0001,0.9890310107452633
4669,0.9880547522289516,0.7388389318516482,0.012676564965238436,0.23653925789055427,0.201156186041919,0.0001,0.9889303234842195
4670,0.9887256787950078,0.7391080371506558,0.012664476708031088,0.23695316446026973,0.20197395242856434,0.0001,0.9890603037320576
4671,0.9931343463806787,0.7390109107170337,0.012665792604488968,0.24145764429084426,0.20071237387691018,0.0001,0.9897226273288107
4672,0.9895201296400105,0.7389898685848012,0.012684064752915326,0.23784619281125116,0.2052162236120348,0.0001,0.989843538530458
4673,0.9885857661403943,0.7388134552789266,0.01267827983802037,0.237094032776525,0.20166023927939108,0.0001,0.9899365761458994
4674,0.9875989011044918,0.738865104819408,0.01267025074175357,0.23606354658610923,0.19945119330413927,0.0001,0.9896728390491518
4675,0.9876357330270036,0.7384714971449505,0.012669367915960161,0.23649486699887753,0.202337623519056,0.0001,0.9896052682012864
4676,0.9892129164196657,0.73865751538267,0.012680716737046929,0.23787468624949212,0.2059372245479549,0.0001,0.9894109266041259
4677,0.9888223247644142,0.7391973264802542,0.012682250498758126,0.23694274851081337,0.19947297910405945,0.0001,0.9891065056377201
4678,0.9894347273070236,0.7387312020781558,0.012673030035007315,0.23803049430220896,0.2022460885572627,0.0001,0.9890725275807639
4679,0.9887061719962115,0.7389457028729437,0.012666801410079245,0.23709366487199346,0.19933476025506885,0.0001,0.9891376695574902
4680,0.9910758245305648,0.7389620981400201,0.012675048613403196,0.23943867968134658,0.1998445821159026,0.0001,0.9893726841310458
4681,0.9899285908403068,0.738707848301282,0.012676464133040174,0.23854427778636225,0.20066237268293122,0.0001,0.9890521085770088
4682,0.9920617591053187,0.7391633120560017,0.012683549227143882,0.24021489795818773,0.20235489843825055,0.0001,0.9893062715235394
4683,0.9897219036945707,0.7388859307790141,0.012677681857141954,0.23815828945646422,0.2026012660463248,0.0001,0.9894198852789572
4684,0.9896577262975139,0.73884441185191,0.012673105477803136,0.23814020762276697,0.2035413001480741,0.0001,0.9896257677982593
4685,0.9883834648325768,0.7388804059241413,0.012672584148739705,0.23683047585536934,0.20149550800028485,0.0001,0.9897005409788167
4686,0.9891022065348364,0.7388643856948094,0.012688708353719652,0.23754911390690484,0.20332789690088307,0.0001,0.9896894699903337
4687,0.9896126753418247,0.7391660942509015,0.012674153213810485,0.2377724312472537,0.20149642631079073,0.0001,0.9897685050480748
4688,0.9893025090921723,0.73853381990661,0.012671904921773482,0.23809678435446524,0.20187453239491213,0.0001,0.9897552832265898
4689,0.9924431860326028,0.7392467775402881,0.012677273450468422,0.24051913436177294,0.2038659399288421,0.0001,0.9901289846302287
4690,0.9867986762257667,0.7385806633541115,0.012676237321045046,0.2355417758906468,0.20312904963991463,0.0001,0.9897012697997492
4691,0.9893536104633649,0.7394441437527809,0.012676135521631453,0.2372333320806041,0.2032732122991438,0.0001,0.9896437717620549
4692,0.9910599722339948,0.7388673881730008,0.012678924728842342,0.2395136598006465,0.2027657021131767,0.0001,0.9895435930749225
4693,0.9875615584922852,0.7391893083860618,0.012668390303064311,0.2357038605436834,0.20202401298538425,0.0001,0.9893275585546938
4694,0.9929524309494916,0.7389395554941034,0.012673032694849474,0.2413398438184305,0.2027996976465047,0.0001,0.9896570290198916
4695,0.990365095844617,0.7392933845036412,0.012669630998530204,0.23840207843824043,0.20286887545614649,0.0001,0.9898551921210956
4696,0.9920633795537039,0.7395352243651725,0.012674461030089589,0.23985369373528517,0.2025813461256801,0.0001,0.9901513094229824
4697,0.9865309956349417,0.7390950006597182,0.012681362836888064,0.23475463148848763,0.20398940514720235,0.0001,0.9898431414522941
4698,0.9867653649670599,0.7389444165974554,0.012666420569042647,0.23515452864687536,0.2003130491739838,0.0001,0.9895894270397829
4699,0.9864416650777899,0.7385480744843551,0.012683490710616354,0.235210100426877,0.20269775354354425,0.0001,0.9889892749443014
4700,0.9904190311567295,0.7385694164533402,0.012665111684895916,0.2391845025046602,0.19944113598754876,0.0001,0.9893513104373979
4701,0.9880871180346723,0.7385878797476964,0.012681478902727788,0.2368177607141692,0.20328825890534305,0.0001,0.9892246611945286
4702,0.9854485757694283,0.7390026797145666,0.012675958037618208,0.23376993893912065,0.20292442825454726,0.0001,0.9886635215480719
4703,0.9866515207000485,0.7387013228621493,0.012667024595016882,0.23528317451235248,0.20345433700157228,0.0001,0.9885725177688481
4704,0.9871227858516314,0.7386432442413624,0.012683093910526794,0.23579644565952235,0.20503692531440612,0.0001,0.9879895532590621
4705,0.9879944771830499,0.738984624826884,0.01267700601542939,0.2363328454793104,0.20293206484274254,0.0001,0.9877524913929054
4706,0.9898356820700377,0.7384643843643081,0.012678191821425246,0.2386931066852796,0.2067646453153289,0.0001,0.9875297216445388
4707,0.9881345166637738,0.7386443246208871,0.012671175641413877,0.2368190174593645,0.20159648056567078,0.0001,0.9876900737474221
4708,0.9864071387548233,0.7383180009182279,0.012674063746392364,0.23541507520854593,0.20103052726986442,0.0001,0.9876542511261983
4709,0.9897131296006951,0.738445850100527,0.01268111015188283,0.23858616945407454,0.20159082332319953,0.0001,0.987981397578489
4710,0.9876947242154552,0.7382541832043723,0.012675393909276378,0.23676514765342158,0.20153873406244824,0.0001,0.9877089668843615
4711,0.9878104185235912,0.7384640350786716,0.012676926220164579,0.23666945908362194,0.20126315906009132,0.0001,0.9876812969332533
4712,0.9902216353232672,0.7390698803849443,0.012672877456788842,0.23847887835807297,0.2023479717558828,0.0001,0.9881586028886373
4713,0.9927434881367017,0.7386517359083613,0.012689978065645478,0.2414017747974299,0.20295069957601614,0.0001,0.9887677996323028
4714,0.991275901001317,0.7384196935754277,0.01268599942538124,0.24017021171824202,0.20121643775375087,0.0001,0.9891831111472712
4715,0.987418950208544,0.7384453754396032,0.012677385163839159,0.2362961873381907,0.20262753095999209,0.0001,0.9891255584498208
4716,0.9881675846678248,0.7385988085555256,0.012671805298594383,0.23689697469767887,0.2022375656975694,0.0001,0.9889587487095992
4717,0.9910355065221961,0.7391282231764184,0.012687762658929728,0.2392195218203034,0.20172114664231547,0.0001,0.9892488476954415
4718,0.9875686393548219,0.7389839534585423,0.01268932833874685,0.23589535852474808,0.2022813817610847,0.0001,0.9893649977554414
4719,0.9871303917911909,0.7386862002086446,0.012667519083854877,0.2357766731183137,0.2006972393750177,0.0001,0.9891067239744908
4720,0.9901206887517933,0.7387890890694051,0.012672284553790915,0.23865931479611696,0.20077741871499144,0.0001,0.9893493204281247
4721,0.9925840512734155,0.7394479230257851,0.012672585115955036,0.24046354096299735,0.20362791270924388,0.0001,0.9898266837031071
4722,0.9895697695488378,0.7389971235460974,0.012691059170581748,0.23788158983959387,0.2025501009900478,0.0001,0.9897614971256642
4723,0.9872985976704719,0.7386740122073563,0.012681709583584241,0.23594287649915377,0.2045447263889332,0.0001,0.9892170080790412
4724,0.9896429708231294,0.7386201875204972,0.012687696888287218,0.23833508697351627,0.2008559409128483,0.0001,0.9890537150612225
4725,0.9916356294198646,0.7389778297764776,0.012672715690024726,0.23998508408937685,0.20356674570945407,0.0001,0.9894753829823546
4726,0.9862955363720474,0.738298867585451,0.012677069126229741,0.23531960021953796,0.2019871830275286,0.0001,0.9892881781527768
4727,0.990165231435826,0.7385541562134548,0.012686929161118203,0.23892414672621365,0.20290944560546179,0.0001,0.9892011506441399
4728,0.9916974104200367,0.7390537245036622,0.012674771506210854,0.23996891308024254,0.2040783114595297,0.0001,0.9896140277506612
4729,0.9899960963044157,0.7393272818948385,0.012666674704870878,0.23800214174492607,0.2035031893553163,0.0001,0.9899005982019837
4730,0.9867058959742346,0.739093951231084,0.012663699550512596,0.23494824448233928,0.20219419310228337,0.0001,0.989559118924228
4731,0.9881172104007574,0.7377877862893544,0.012670793591358115,0.23765862860072698,0.20206640793754896,0.0001,0.9891124348369621
4732,0.9872119166788175,0.7378902505425846,0.012677250720908143,0.23664441541910292,0.20135537983800528,0.0001,0.9888766495499601
4733,0.9902347020396838,0.7391245843914411,0.012664732294682315,0.23844538334356602,0.20335739530607846,0.0001,0.9891702599868812
4734,0.9915510781154672,0.7389498083393182,0.012691682782666436,0.23990958785490865,0.20294279721518318,0.0001,0.9893610707161151
4735,0.9911544634894474,0.7385893335932409,0.012654923522206398,0.239910205799716,0.20038449860973243,0.0001,0.9893129541230733
4736,0.9858750479700116,0.7391191313523067,0.012674925051644656,0.23408099183808959,0.2036418392800898,0.0001,0.9892709052828698
4737,0.9868730897835737,0.7389771874245958,0.01268607124111957,0.23520983312785262,0.20455369347249278,0.0001,0.9889416911176445
4738,0.9902200089506881,0.738989582651769,0.01268961052381968,0.2385408175886282,0.20382121595238575,0.0001,0.9887939509707098
4739,0.9907896689178978,0.7387794755535242,0.012684750750388867,0.23932544175255854,0.20071095264465766,0.0001,0.9888733082320579
4740,0.992319444009305,0.7384645705532592,0.012673796553157163,0.24118107657040833,0.1992599118130686,0.0001,0.9894346630355649
4741,0.9880595316026081,0.7387716478798501,0.012674519304813284,0.2366133658083167,0.20039618665137107,0.0001,0.98942889515575
4742,0.9882653598611302,0.7384216709262701,0.01266700694333709,0.2371766834876842,0.2014857224107514,0.0001,0.9895342394739813
4743,0.991591690761806,0.7388933320316291,0.012670428951178312,0.24002792956742022,0.2045464212222225,0.0001,0.9896699383461934
4744,0.9942457260031246,0.7388122028559748,0.012672081196767564,0.24276144334075417,0.20273223682542843,0.0001,0.9899394031349594
4745,0.990122029433144,0.7383604678372583,0.012667093509109219,0.23909446987007985,0.20224875347730353,0.0001,0.9898361597293288
4746,0.9899257257066923,0.7388572209263429,0.01265824929212218,0.23841025641010452,0.2012896906229352,0.0001,0.990241227502997
4747,0.9873792728594302,0.7386117997082445,0.012675682139445029,0.23609179054324575,0.20463129844796102,0.0001,0.9902918458105825
4748,0.995909924439436,0.7384443555110367,0.01268404153974738,0.2447815269352698,0.20361808238600138,0.0001,0.9908608373594575
4749,0.9891316102436057,0.7388991292785195,0.012665100078311944,0.23756738022181373,0.20052329189395324,0.0001,0.9906950314920282
4750,0.9876237372597623,0.7385652020543391,0.012676896720096982,0.2363816404499824,0.20448484932191474,0.0001,0.990225460817074
4751,0.9855862895808887,0.7388004640053059,0.01265122779242649,0.2341345990526265,0.20317399244883966,0.0001,0.989978136614902
4752,0.9863466812679299,0.7385096403696474,0.012675546003887185,0.23516149587672333,0.20208280776867277,0.0001,0.9897862687555821
4753,0.9880504693994657,0.7388920236310901,0.012685959769552668,0.2364724864219797,0.2029422380740454,0.0001,0.989432146619348
4754,0.9899175463293436,0.7387260578225157,0.01268617545857149,0.23850531434795194,0.20200574984415065,0.0001,0.9889993286519697
4755,0.9860987195378627,0.7386310940823739,0.012662621105418485,0.2348050023249632,0.2022606994329553,0.0001,0.9885969976624416
4756,0.987162606590418,0.7383967628343594,0.012684837557964828,0.2360810053215549,0.2048232902680159,0.0001,0.9883206857508144
4757,0.9881861290873669,0.7381871797250202,0.01268645933627115,0.2373124911746437,0.20281544303555518,0.0001,0.988401371373608
4758,0.9903189242490649,0.7392718087103497,0.012676622998158298,0.23837049243476763,0.20638892640932094,0.0001,0.9878422713545708
4759,0.9901742440691826,0.7385686106420676,0.012683082062138988,0.2389225510022703,0.20240524096856494,0.0001,0.9879465347371286
4760,0.9902266184166527,0.7385058322010852,0.012657466814919369,0.2390633195668882,0.20405104886324846,0.0001,0.9882068228528176
4761,0.9898390511228395,0.7387004121080132,0.012680992393416276,0.23845764631915528,0.20364054342312454,0.0001,0.9886320990070125
4762,0.9923165904822746,0.7389744424674864,0.01267294467825435,0.240669204606004,0.20395721606985792,0.0001,0.9892290899284472
4763,0.988237170370307,0.7385119454855851,0.01266741244836463,0.23705781352447447,0.2006405108357056,0.0001,0.9892477600255312
4764,0.9882399833951954,0.7384433097094599,0.012667940547935377,0.2371287322763739,0.20091278107485472,0.0001,0.9890800037321166
4765,0.9927554552501887,0.7388207755272577,0.012661711197595809,0.24127297033886397,0.2046018824676471,0.0001,0.989745677303349
4766,0.9877397025090927,0.738834603079434,0.012665184467849576,0.23623991526406388,0.20362310371461795,0.0001,0.9898033868952165
4767,0.9884061624747502,0.7386530103354618,0.01268518019399585,0.2370679718848416,0.2038549890866386,0.0001,0.9898253902339548
4768,0.9889182961011271,0.7391714344885479,0.012688548763190031,0.23705831374104075,0.20481668352234436,0.0001,0.9896853274191612
4769,0.9879957965856634,0.7386049078154032,0.01268799140535552,0.2367028972440027,0.20151137030148844,0.0001,0.9894674826708091
4770,0.989886401874782,0.7386464029248297,0.012665412730667703,0.23857458668777956,0.2034411489298571,0.0001,0.989433461016622
4771,0.9913984261468265,0.7386658057479781,0.01267217550026234,0.2400604444754293,0.20493965144089704,0.0001,0.9895893985190207
4772,0.9887090067834448,0.7389013398491586,0.012668477594247938,0.23713918864485217,0.20612925753511233,0.0001,0.9892286401491379
4773,0.986501595432328,0.7388407666591311,0.0126737960695495,0.23498703342905877,0.20207419081706304,0.0001,0.9890550826553399
4774,0.9886906865160557,0.7389980311567836,0.012667621125072302,0.23702503266247485,0.20592734918874853,0.0001,0.9891001529674261
4775,0.988475258645373,0.7384604301462309,0.012671272846554647,0.23734355477604857,0.20060674803856662,0.0001,0.9886721333069444
4776,0.9892315061774264,0.7392847207932153,0.012685312944300035,0.23726147283284224,0.20401967466482043,0.0001,0.9888213136737779
4777,0.9924296953131655,0.7384637080389878,0.012683268251090214,0.241282718584818,0.20392650885707708,0.0001,0.9892236669576191
4778,0.9904582739843558,0.7389688449505618,0.012685428768335926,0.23880399941914462,0.2029269528376887,0.0001,0.989377664745942
4779,0.9856207432418034,0.738867927153744,0.012669380006151799,0.23408343633882414,0.2020067552342618,0.0001,0.9891401594115561
4780,0.989195108897304,0.7382653465619193,0.01266940201030058,0.23826036121673563,0.2040996969229793,0.0001,0.9890710301138084
4781,0.9929776410543895,0.7386811633139063,0.012673721352165176,0.2416227601816156,0.20371571319219306,0.0001,0.9892289516045645
4782,0.9860622769195216,0.7383485419513246,0.012677942038066005,0.2350357935346406,0.20444979949365039,0.0001,0.9889642786181723
4783,0.987673046864554,0.7387366984001763,0.012676791051822067,0.23625955765435952,0.2060011729265565,0.0001,0.9890814237613949
4784,0.9905749513459737,0.7383635324590346,0.01267651878070638,0.23953490045382575,0.20348818838959049,0.0001,0.9892698502443867
4785,0.9910502113386777,0.7380968842496737,0.012677067675406745,0.2402762615898318,0.20461748087019271,0.0001,0.989527345513717
4786,0.9898762814171658,0.738510291668271,0.01267113042409715,0.23869485924167758,0.2050088555769311,0.0001,0.989591823037691
4787,0.9897329428858496,0.7381652581522479,0.012681798567394698,0.23888588683116752,0.20420817915977377,0.0001,0.9893221477949595
4788,0.9880934389077626,0.7381882815041841,0.01267244632055503,0.2372327110225724,0.20418303355604833,0.0001,0.9890856642873003
4789,0.9884988689761133,0.7386372982851148,0.012666522852063905,0.23719504880614986,0.20330590822754718,0.0001,0.9893734768607312
4790,0.9933276407375297,0.7386579590927032,0.012657641880894287,0.2420120395372412,0.20537811345430224,0.0001,0.9897867300447537
4791,0.9894557550519282,0.738432374735633,0.012665254590961078,0.23835812868743106,0.20465517911538633,0.0001,0.9894345414445075
4792,0.9849532495647608,0.7384343188384483,0.012662765462306644,0.2338561654755842,0.20402023752369214,0.0001,0.9893236387090315
4793,0.9886872982398491,0.7388088130080434,0.012664970229653752,0.23721351551598516,0.2034079463921986,0.0001,0.989425063846561
4794,0.9906186618621161,0.738418777864313,0.012662624007064478,0.23953726106374307,0.20230762116444764,0.0001,0.9894294348981753
4795,0.9842406639462794,0.7387291275221726,0.012675697856694158,0.23283583842384162,0.20187117887800654,0.0001,0.9887484801589354
4796,0.9923977194161251,0.7380401908021428,0.012678899581243736,0.24167863006040485,0.2039466187448579,0.0001,0.9890006239588314
4797,0.9919980778897268,0.7385146945533597,0.012669530891743441,0.24081385043462925,0.20135740742359393,0.0001,0.9892271374592191
4798,0.9894345557472043,0.7387095074382806,0.012668674422567805,0.23805637390146875,0.2036076046632221,0.0001,0.9893612491431633
4799,0.9915442807679244,0.7378427513230886,0.012662420650041127,0.24103910861344174,0.1996127458602855,0.0001,0.9896657903223444
4800,0.9866305066170605,0.7391425117276019,0.01265637361979146,0.23483162083139766,0.2037229701785964,0.0001,0.9889960769102976
4801,0.9872184318412873,0.738641879863236,0.012663010893196896,0.2359135415080111,0.2021104066838599,0.0001,0.9887723445892334
4802,0.9906660191427622,0.7387730954384949,0.012664175178651635,0.23922874888832138,0.20630383799816,0.0001,0.9893436215470336
4803,0.988433713603455,0.7386705038755467,0.01268706723110671,0.23707614272349262,0.20101727542238834,0.0001,0.9893182630833941
4804,0.9860889411117677,0.7382676145609688,0.012670690099317693,0.2351506396100439,0.20416423258263972,0.0001,0.9888652910083593
4805,0.9866589391207357,0.7381340163716438,0.012666342708208498,0.23585858034313814,0.20505632375486,0.0001,0.9891071185258047
4806,0.9909423415607661,0.7390411399440882,0.012679433725910303,0.23922176787565494,0.20512030501878287,0.0001,0.988961580740269
4807,0.9869314296734019,0.7380151442775378,0.012672001401502752,0.2362442850975913,0.20142740047485785,0.0001,0.9884549159186363
4808,0.9896060157015648,0.7386817770120339,0.012674651813313637,0.23824958639260962,0.20457549172531034,0.0001,0.9884720619140726
4809,0.9910971386921091,0.7385348184355374,0.012676843765057608,0.2398854775494059,0.20280184800798945,0.0001,0.9884273477064909
4810,0.9872995191848786,0.7385799283913618,0.012681320037609665,0.23603827229740654,0.20307367236087095,0.0001,0.9884942489632728
4811,0.9885199409711192,0.7387982681847005,0.012684583422136598,0.2370370900896935,0.20551420545723084,0.0001,0.988624399876256
4812,0.9897971906478217,0.7378726536313612,0.01266673878288656,0.23925779865673058,0.20210070091981674,0.0001,0.9885375170267621
4813,0.9885839321792247,0.7384582991290528,0.012675723729704262,0.2374499069024293,0.20297376476001547,0.0001,0.9885525388843389
4814,0.991787658622734,0.7390263084223981,0.012672660558750857,0.24008868970203592,0.2067505478496242,0.0001,0.9891224106354356
4815,0.98887695804329,0.7386655461715637,0.012673692577509077,0.23753771932444273,0.2054151524817968,0.0001,0.9893442125276911
4816,0.992447604151333,0.7389808796482202,0.012655569622047533,0.24081115359648247,0.20051559101616392,0.0001,0.9894947387867477
4817,0.9879431153891295,0.738656996350743,0.01266267309324253,0.23662344774355995,0.20242215620455828,0.0001,0.9895959073583205
4818,0.9906141728948628,0.7391236609426038,0.012652787185343961,0.23883772602127243,0.20148596735803398,0.0001,0.9896967230776503
4819,0.9875527713410027,0.7381863303890577,0.01267701738020953,0.23668942405534324,0.2052721229153279,0.0001,0.9893422863425396
4820,0.9899373776288836,0.7382280907572888,0.012680345568163642,0.2390289433587637,0.20453526768795616,0.0001,0.9896060721869402
4821,0.9886441791758818,0.7384770634691807,0.012682702671925387,0.23748441498431908,0.20162996075458023,0.0001,0.9896184960074164
4822,0.9879168875318995,0.7394611094350989,0.012656989977761166,0.23579878749186078,0.20551845177433795,0.0001,0.989430465695824
4823,0.9893311803771323,0.7384117575736365,0.012675666905803564,0.2382437562755107,0.2022972040135285,0.0001,0.9895051905156148
4824,0.9877316325479782,0.7382166280465967,0.012670731447773096,0.23684427287225548,0.20357430733846119,0.0001,0.9890995879081392
4825,0.9891127921021251,0.7387106510495075,0.012673648811015348,0.23772849311814104,0.20429378409414697,0.0001,0.9891231713140229
4826,0.9877707339203624,0.7379064123480605,0.012680764856009647,0.23718355679185588,0.20118596234016922,0.0001,0.9886554842909258
4827,0.990469880931034,0.7385976414893268,0.012670478279160196,0.2392017600442043,0.20088540981797612,0.0001,0.9889081608451162
4828,0.988509134878735,0.7387756808050747,0.012674606354193077,0.2370588493969813,0.20692209554855046,0.0001,0.9886976570435035
4829,0.990193946124574,0.7385873774002338,0.01267796525123395,0.2389286046518999,0.20473621725189758,0.0001,0.9889617745218606
4830,0.9874608342594355,0.7392707994211518,0.012667523678127698,0.23552251271676825,0.20321039864547838,0.0001,0.9887141201849158
4831,0.9881077050920916,0.7384288778895055,0.01266538008715028,0.23701344796174922,0.20464532216349673,0.0001,0.9886604727765367
4832,0.9882969933639434,0.7392380132394678,0.012644267952708153,0.236414715557021,0.20772327930037437,0.0001,0.9886984833597412
4833,0.9925988688913853,0.73858790332357,0.012657756254107182,0.24135320943460986,0.2037527928427315,0.0001,0.9890252522111664
4834,0.9898247226740235,0.7377735262710231,0.012667093267305385,0.23938410571997354,0.20408089214116032,0.0001,0.989234561223771
4835,0.9858528703269803,0.737988350962045,0.012668973292105097,0.2351955469493692,0.20263635849251466,0.0001,0.9889085690462565
4836,0.9894903343299339,0.738374196491667,0.012668323323402637,0.2384478150135847,0.20358156628952065,0.0001,0.9890805290872138
4837,0.9909781160751172,0.7385515884985546,0.0126599854436414,0.23976654319081298,0.20546523525434382,0.0001,0.9891313526016221
4838,0.9863502631081045,0.7390847949662508,0.012666926422660782,0.2345985420667859,0.20348480416359815,0.0001,0.9889154654245589
4839,0.9880679547182203,0.7385672543643697,0.01266600297382347,0.23683469816588967,0.20196664632575748,0.0001,0.9887028662839235
4840,0.988595956842024,0.7383689390718332,0.012672079504140734,0.23755493663387414,0.20416992316381444,0.0001,0.9888163785421824
4841,0.988521906110868,0.7381496933604351,0.012682652134924342,0.23768955919491108,0.20355894037240901,0.0001,0.9888577986440602
4842,0.9830849161012661,0.7383174901076311,0.012672913001952259,0.23209451314281015,0.20325771125286637,0.0001,0.9883365909177924
4843,0.9912230646876244,0.738658012773154,0.012680679015649017,0.2398843730499488,0.20216319968444096,0.0001,0.9881990104974163
4844,0.9914872452888721,0.7386942827435584,0.01267090361210202,0.24012205990042695,0.20372728302198298,0.0001,0.9883652627589011
4845,0.9907842313542086,0.739053333023257,0.012663875583702846,0.239067023774915,0.20561107068226256,0.0001,0.988858398861624
4846,0.990604193287979,0.738975661884215,0.01267559654088823,0.23895293630614242,0.20148637038457223,0.0001,0.9889697847574285
4847,0.989782955777089,0.7389423193119119,0.012659350950384236,0.23818128494050875,0.2065828143945814,0.0001,0.9888502687276256
4848,0.9866625702888923,0.7378570738477107,0.012673157223823346,0.23613233832570651,0.2047971662050812,0.0001,0.9888814994457045
4849,0.9885991375296401,0.7386688012138584,0.01266430962158265,0.23726602772186542,0.2035019249933003,0.0001,0.9889346177268463
4850,0.9879707880242601,0.7384651823169561,0.012662367936805585,0.2368432385412481,0.20365974639540513,0.0001,0.98887210084507
4851,0.9874467977887477,0.7387131450142387,0.012650598860657482,0.23608305371738592,0.2006906322666404,0.0001,0.9887645900128579
4852,0.9900157605175073,0.7382598027254457,0.012666208990688982,0.23908974854445603,0.20543408538942162,0.0001,0.9894576744544821
4853,0.9865185949671824,0.7385748876277621,0.01267536513462028,0.23526834333825547,0.20367225886721158,0.0001,0.9889872274824381
4854,0.9912164390208029,0.7390684226705385,0.012685098464300376,0.23946291487852894,0.20441905008610073,0.0001,0.988960146855631
4855,0.987869379123858,0.7384807422726923,0.012675951025307058,0.23671268698953954,0.20374184363270387,0.0001,0.9886686616325958
4856,0.9898020808885354,0.7385310980417665,0.012672846989505914,0.23859813804861016,0.20669706120452339,0.0001,0.9885884503926515
4857,0.9842951354583911,0.7385190024095423,0.012672764050791279,0.2331033684388861,0.20163682665350954,0.0001,0.9880396683607817
4858,0.9879694533880052,0.7381121297395253,0.012673606495344615,0.23718371650328743,0.20279512791677132,0.0001,0.988170356670693
4859,0.9892302590741588,0.7387280314253987,0.01265681321915942,0.23784541553283076,0.20268233202050231,0.0001,0.9882334688251448
4860,0.9885246860086313,0.7387728421489801,0.012687693019425893,0.23706415230616112,0.20379949619513738,0.0001,0.9882888586235821
4861,0.9880641018159491,0.7381215800378192,0.012673302064319169,0.23726921873148266,0.20452024758950207,0.0001,0.9883505890263022
4862,0.988914566156105,0.7381985724335026,0.012669101931744125,0.23804689014356953,0.20427952528483487,0.0001,0.9882404695901619
4863,0.993095598525498,0.7386728045181136,0.012671442109237579,0.24175135041709847,0.20445372484639499,0.0001,0.9888981699459934
4864,0.9863891813140854,0.7380510916816294,0.01266525217292275,0.23567283709682751,0.20784009019815897,0.0001,0.9884154441753218
4865,0.9898467361322523,0.7383240810756025,0.012668411581801594,0.2388542428098876,0.2020644661016445,0.0001,0.988613179876161
4866,0.986965148250665,0.7381758313875412,0.012652983530056162,0.23613633430783937,0.2043838203557848,0.0001,0.9883294866123741
4867,0.9895543632594374,0.7390885631162787,0.012668144630370227,0.23779765725075352,0.20476096931988522,0.0001,0.9888554093924787
4868,0.9878982254747929,0.7382837495262192,0.012670790206104456,0.23694368699682652,0.20486208421705218,0.0001,0.9888482866011573
4869,0.9880863234672779,0.7384204442554265,0.012663144610716411,0.2370027343895566,0.20041141600081694,0.0001,0.9887338930404692
4870,0.993187673314348,0.7382958688552191,0.012677174310896992,0.2422146307376287,0.20421731843788773,0.0001,0.9892001917710411
4871,0.9862699729917499,0.7381349826197595,0.0126766643466137,0.2354583255266563,0.20528327394087947,0.0001,0.9890207788886209
4872,0.9873510009135,0.7387069142130761,0.012674177635997595,0.23596990846747318,0.20355021001480172,0.0001,0.9888644223643608
4873,0.9899481961741651,0.7393520166134012,0.012673451982695481,0.23792272800122508,0.20715025865282055,0.0001,0.9885496821292274
4874,0.9884417231136113,0.7388561476800312,0.012676703277030774,0.23690887129512325,0.2052082828043924,0.0001,0.98875493630918
4875,0.9829037790366167,0.7380905132022881,0.012667411239345465,0.23214585630272272,0.20360549580132017,0.0001,0.9880606405996165
4876,0.9873481650381495,0.7392931660338783,0.012677392176150309,0.23537760607248387,0.20483904880514978,0.0001,0.9880989422783649
4877,0.9885155725430765,0.7389436878007034,0.012662649154663086,0.23690923501342595,0.20725653899368843,0.0001,0.9879950632067288
4878,0.9889542189621296,0.7387540874810055,0.012675364651012613,0.2375247696561939,0.2063941967656598,0.0001,0.9881006625554625
4879,0.9842982610147333,0.7384206281472413,0.012664322920793452,0.23321331007515683,0.20553232242804753,0.0001,0.9877218563102079
4880,0.9875936196251767,0.7378196050139034,0.012671150252011437,0.23710286449527643,0.20415910395357237,0.0001,0.9871624509412908
4881,0.98915794751707,0.7387316428865429,0.012648172600999565,0.23777813249802252,0.20711528269562712,0.0001,0.9874512483938229
4882,0.9907206381552118,0.7389185166262227,0.012650441446362353,0.23915168101961665,0.2053300165561827,0.0001,0.9877882121179941
4883,0.9871021136792629,0.7385386389360951,0.012677485754233586,0.23588599043975736,0.20343774554091099,0.0001,0.9875036038685039
4884,0.9906663489631901,0.7384321237432545,0.01267949224243783,0.23955473388426202,0.202514409142382,0.0001,0.9877260664534617
4885,0.9907489886873876,0.7385196793393721,0.012666983730169145,0.23956232570852276,0.20238614559898996,0.0001,0.9885105874185388
4886,0.9863745762416848,0.7385393535873227,0.01265519966218341,0.23518002290150214,0.20497671549508828,0.0001,0.9884132285388925
4887,0.9937390026166038,0.7388695810919601,0.012654597328836004,0.24221482277521014,0.20702677070490003,0.0001,0.988935571546245
4888,0.9921467536361416,0.7385254885555522,0.012672775415571418,0.24094848954411596,0.20301560440967822,0.0001,0.9892548250136463
4889,0.9894065113386808,0.7383762478344823,0.012656119000355563,0.23837414359707862,0.2055120125987225,0.0001,0.989765650046041
4890,0.9874855613611775,0.7384857519644995,0.01266465032318301,0.2363351596024409,0.20158256454351708,0.0001,0.9897548442196411
4891,0.9900911438295855,0.7384849119379845,0.012653728285861063,0.23895250405912224,0.20618533583369264,0.0001,0.9898481638508928
4892,0.9894666714068601,0.7382019223838017,0.012681061549312445,0.23858368830494658,0.20464305319723203,0.0001,0.9897227671760576
4893,0.9914909768056193,0.7384481049212674,0.01268496740662302,0.24035790399412113,0.20747154189413508,0.0001,0.990161653488693
4894,0.9846611415880447,0.738599513655502,0.012674357296245334,0.23338726797645523,0.2013749786431601,0.0001,0.9895611327511787
4895,0.9872323967380408,0.7384524330889719,0.012678595875629788,0.2361013697380952,0.20549081719308548,0.0001,0.989209473556244
4896,0.9911005185051815,0.7383078744155156,0.012672219266756069,0.24012042569944872,0.20396464059609187,0.0001,0.9896820677825936
4897,0.9843078699363415,0.7384145557275892,0.012663600652744997,0.23322971602694015,0.2082734948541765,0.0001,0.9887389545145673
4898,0.988242366734673,0.7379145653687916,0.012665150131705325,0.23766265223161687,0.20425244597585884,0.0001,0.9883485158244204
4899,0.9896307656537688,0.7386053712324486,0.012663965776532466,0.23836142885636608,0.2025787135166764,0.0001,0.9883709412559292
4900,0.9911285320837164,0.7386144463720961,0.012656455833094599,0.23985762794409515,0.2023778927737269,0.0001,0.9887352383281833
4901,0.9879075381867058,0.7383450692855804,0.012666806487959733,0.23689566242827848,0.20351564140639006,0.0001,0.9885168777638951
4902,0.9898761062302889,0.7384567037073643,0.012660678937033756,0.23875872397882217,0.20308210644833213,0.0001,0.988557821246238
4903,0.9866430307256764,0.7382195695902223,0.012671260998166841,0.23575220155788484,0.2042328282797796,0.0001,0.9880730266382439
4904,0.9894283643600665,0.7382105029137092,0.012673039948964458,0.23854482337137264,0.2047377424900237,0.0001,0.988549748915446
4905,0.9850739912861017,0.7386375421442801,0.012662593781585383,0.23377385641812795,0.20296181348467937,0.0001,0.988333908370252
4906,0.9903183635059767,0.7380645538682145,0.012667450653370205,0.23958636020852392,0.206846113832437,0.0001,0.9882556928703317
4907,0.9877182545091269,0.7383601085167627,0.012658783194984915,0.23669936439932965,0.2034854373571597,0.0001,0.9885967313276103
4908,0.9880657420922486,0.738465379024374,0.012677952435630814,0.23692241187148838,0.20412087207754534,0.0001,0.9885790688633677
4909,0.9878544264584478,0.7388413001992882,0.012675362474778119,0.23633776251491137,0.20411419481583107,0.0001,0.9884014349438355
4910,0.9884395565512698,0.7384257558393188,0.012657488577264318,0.23735631177198088,0.20303801793234827,0.0001,0.9881325373905911
4911,0.9864741942219996,0.7379369474569634,0.012658853801704081,0.2358783943234786,0.20327055384735548,0.0001,0.9879892029941203
4912,0.9881795514186063,0.7380603449097995,0.012674004504453338,0.23744520218570625,0.20599576450022916,0.0001,0.987819547512952
4913,0.9906059111833089,0.7384986275349863,0.012671933454625747,0.23943535110046124,0.20567152445142217,0.0001,0.9882158355587152
4914,0.9858287998435463,0.7389147107547969,0.012666304019595256,0.23424778478201214,0.20556128297084245,0.0001,0.9878558791070633
4915,0.9878978214205884,0.7383260346087674,0.012685079361797589,0.23688670712509938,0.2035158332172804,0.0001,0.9881382621205119
4916,0.989081924754756,0.7385497834329431,0.012672892448626474,0.23785924733168698,0.20509695580595647,0.0001,0.9880146182453899
4917,0.9903258661952996,0.7383712771939941,0.012663509009092381,0.239291080460708,0.2040205971464424,0.0001,0.988275379414007
4918,0.9888238318068019,0.7380445084513806,0.012671232465314574,0.23810809008913156,0.2036051879548156,0.0001,0.9883511883854623
4919,0.9894740891021357,0.7387965569389761,0.01266646554455554,0.238011065228232,0.2043919249552984,0.0001,0.9885131546498311
4920,0.9884517811858388,0.7383892914586329,0.012668319696345146,0.23739417051446848,0.2067778977068636,0.0001,0.9885143771132882
4921,0.9879307946375369,0.7382701069539749,0.012655064010233232,0.2370056271341461,0.20480028054777072,0.0001,0.9886600371548419
4922,0.9887913327671694,0.7380298312005358,0.012666521884848573,0.23809498054321107,0.20341299969937207,0.0001,0.9887212152896983
4923,0.9886391529205121,0.7381223142751574,0.012666858233979943,0.2378499825120456,0.20329209349097394,0.0001,0.9885245394634186
4924,0.9874155198584705,0.7386915658356935,0.012663633054458587,0.23606031913967693,0.20539614667031633,0.0001,0.988683211464911
4925,0.9884181868957458,0.7382772364190819,0.012669823716184914,0.2374711254910088,0.20421426161428494,0.0001,0.9887352480124267
4926,0.9912940799343658,0.7378619483711754,0.012655496113682373,0.2407766366887528,0.20367513110381352,0.0001,0.9889564635303877
4927,0.989722383312473,0.7385734220547319,0.01265951852044034,0.2384894462585691,0.20513206357646424,0.0001,0.9888961152421052
4928,0.9900117198545599,0.7381112164464491,0.012674496575253005,0.2392260083290191,0.20357266630652468,0.0001,0.989014904046881
4929,0.9880549087969334,0.7384767060831159,0.012657506228944109,0.23692069745208863,0.20152557733455487,0.0001,0.9888729860163604
4930,0.9850417594397044,0.7379849158967968,0.012667412206560796,0.23438943394329437,0.20484010648533973,0.0001,0.9885319838417471
4931,0.9893921312647466,0.7378700791459538,0.012648610024133028,0.2388734414977065,0.2045532597066423,0.0001,0.9886781175044682
4932,0.9893541823294293,0.7385346043182435,0.012649352603703435,0.2381702262840213,0.20745812676862094,0.0001,0.9887344024606939
4933,0.9886377571078875,0.7383650642863152,0.01266950985480999,0.23760318370728656,0.20628464264270016,0.0001,0.9887342628794317
4934,0.9884288104262362,0.7385304154295467,0.012682608126626778,0.23721578714209202,0.2042099369829615,0.0001,0.9888355919362081
4935,0.9870885073775936,0.7385147356600114,0.012644002935707449,0.23592976591045425,0.20459969583558746,0.0001,0.988702623984393
4936,0.988416690130021,0.7382848899939964,0.01266139757802472,0.23747040412972473,0.203825845226313,0.0001,0.9884148850039585
4937,0.9895117524671264,0.7378915070762015,0.01267956236554933,0.23894068308582653,0.20557177680380204,0.0001,0.9883938219194238
4938,0.9914915954607254,0.7385747616479653,0.012680730761669229,0.24023610481928134,0.20472829442841528,0.0001,0.9885418094800406
4939,0.9888879755931258,0.7386969261430582,0.01266820870838591,0.2375228433108475,0.20273275416472863,0.0001,0.9886251161596598
4940,0.9910647717982712,0.738626506217353,0.01266118575786722,0.23977707970214907,0.20532509122368772,0.0001,0.9892274173955163
4941,0.9884640824722228,0.7385973568862156,0.012661149245488475,0.23720557768555248,0.2046346240667494,0.0001,0.989134612516264
4942,0.989021177345067,0.7387171833800495,0.012662526318316044,0.23764146642256945,0.20477266636871663,0.0001,0.9891013120178277
4943,0.9858981674389713,0.7378485454265292,0.012652638717790645,0.23539698398983744,0.20432034730306745,0.0001,0.988827353050936
4944,0.9870163020932892,0.7380078226992857,0.012652606074273223,0.23635587440784755,0.20405323564643552,0.0001,0.9886861022176413
4945,0.9894718502404481,0.7381299116306808,0.01265687294470611,0.2386850634888268,0.20353772909839546,0.0001,0.9889244365039268
4946,0.9865495863599177,0.7382284280736354,0.012660598416357447,0.23566056151721346,0.20581138203521288,0.0001,0.9887377261269166
4947,0.9860792328087844,0.738220433071709,0.012657034469666394,0.23520176602304585,0.20271651029707694,0.0001,0.9883944741610822
4948,0.9888164917305565,0.7388377551132961,0.0126779021404336,0.23730083405367017,0.20533410473358316,0.0001,0.9881269637880654
4949,0.9909913681341717,0.7383919315937808,0.012670303213185278,0.23992913266224503,0.20523095687069226,0.0001,0.9883373030421699
4950,0.9885986472723692,0.7386145411591984,0.012664129477727245,0.2373199770359311,0.2056230491605298,0.0001,0.9880906905895797
4951,0.987125377384209,0.7386574041529069,0.012661036081294742,0.2358069362583557,0.20462013397207124,0.0001,0.9879568200807786
4952,0.9886368054889036,0.738636735728498,0.012666846869199803,0.23733322388864675,0.20367679622545687,0.0001,0.987918382895162
4953,0.9878381390358807,0.738872008802441,0.012661194704609033,0.2363049376143887,0.2044506259489253,0.0001,0.9881123800548531
4954,0.9874500811220908,0.7381221621805466,0.012663232385507704,0.23666468909497676,0.20299041271209717,0.0001,0.9881557579577332
4955,0.9899972616779876,0.7381997954772888,0.012666501815130455,0.23913096517143095,0.2060697537225352,0.0001,0.9882082991014872
4956,0.9875552523692288,0.7380535375273978,0.01267181980682435,0.23682989486876657,0.20719618868634376,0.0001,0.9883088657024182
4957,0.9893998370692889,0.7391147316106677,0.01265770958596746,0.23762739622024687,0.20682925965191143,0.0001,0.9886409261284687
4958,0.9910021085768153,0.738273822632571,0.012674902322084377,0.24005338555659048,0.20461193023298624,0.0001,0.9888594878130945
4959,0.9895483168336973,0.7387293733157686,0.012678790044107496,0.2381401552420117,0.20535801804452591,0.0001,0.9887151826830471
4960,0.9925070415887581,0.7385005478201241,0.01265832715295633,0.2413481691546179,0.20561809580901574,0.0001,0.9891060221146862
4961,0.988896611375209,0.7385496933610154,0.012670045692103388,0.23767687189893355,0.20725846326858954,0.0001,0.989283145513786
4962,0.9878556520411741,0.7381104986517715,0.012662675269477024,0.2370824796160868,0.20351125780515691,0.0001,0.989205030169013
4963,0.9861160376492668,0.7385392609764548,0.012666655360564256,0.23491012267239436,0.20627811106779512,0.0001,0.9890328200303518
4964,0.98768346002571,0.7386826517373989,0.012655771286444054,0.23634503893629774,0.20498882001360338,0.0001,0.9890561579207138
4965,0.989038987285467,0.7381447489556627,0.012661128933966523,0.23823311025726385,0.2042418781811519,0.0001,0.9889603304814616
4966,0.9906056824368831,0.7385004304243633,0.012649123857277645,0.23945612744494335,0.20612810833217166,0.0001,0.9892653734882269
4967,0.9879365521076968,0.7382373662314116,0.012649086861291231,0.23705009896965587,0.20454034710994357,0.0001,0.9891190449920678
4968,0.9886933149237178,0.7382917156325877,0.012664383855359307,0.23773721637276074,0.205473831289922,0.0001,0.9888881656267582
4969,0.9898504501182216,0.7383502785864515,0.012654266057585122,0.23884590882921317,0.20464587084661875,0.0001,0.9889183789552106
4970,0.9891720713998434,0.7381283870575153,0.012654309582275019,0.23838937527388637,0.20207218717005385,0.0001,0.9885848819363192
4971,0.9847176685536367,0.7380353307869081,0.012647764919737532,0.23403457482675993,0.20814595103989267,0.0001,0.9881669876541619
4972,0.9853662830337307,0.7381933225095877,0.012655017583897341,0.23451794295535852,0.20455446367815106,0.0001,0.9879180507534174
4973,0.9878494371990645,0.7385997757708567,0.012652120048569375,0.23659754180279513,0.2052823494341504,0.0001,0.9880913907083972
4974,0.9908198515977144,0.7381636861855312,0.012658323042291173,0.23999784454612655,0.20523233977703728,0.0001,0.9884050298655976
4975,0.9889977599737853,0.7383320145384535,0.012656416902677525,0.2380093283513013,0.204229951902287,0.0001,0.9884009071344295
4976,0.9856313334033648,0.7387950878597902,0.012657803164050739,0.23417844283290615,0.20921068171579504,0.0001,0.9879034722310776
4977,0.9857758160295158,0.7386521237617091,0.012657796635347255,0.2344658941967492,0.20125409159771568,0.0001,0.9876873986232596
4978,0.9904326871490865,0.7384767388475353,0.012656564403015508,0.23929938308244786,0.2066829936318175,0.0001,0.9878613358457964
4979,0.9878240250670643,0.7387754936489082,0.012678288059350685,0.23637024597330944,0.20325164061651751,0.0001,0.9876586933406808
4980,0.9883792957717942,0.7382218447224848,0.012670422180670996,0.23748702930690793,0.2053324250432589,0.0001,0.9875794157778758
4981,0.9867209879186526,0.7385686076195197,0.012676115935521001,0.23547626520992535,0.20634250312620436,0.0001,0.9877797477143773
4982,0.9904173018966195,0.7380933426698372,0.012659331364273782,0.23966462784739584,0.20629871456787505,0.0001,0.9882848496006661
4983,0.9901449584815856,0.7385527552020478,0.01266311559425648,0.23892908884896227,0.20742822766424918,0.0001,0.9885144017289182
4984,0.9866508998687079,0.7379435858184861,0.01265218436838889,0.2360551312308887,0.20205493528267432,0.0001,0.9880975065560177
4985,0.9877923736707676,0.7386284083672034,0.012666658987621749,0.23649730793300555,0.204378570945703,0.0001,0.9879769679257159
4986,0.9898907739298822,0.738081888905887,0.012671772896880793,0.23913711303387888,0.2066091266715744,0.0001,0.9884029119783676
4987,0.9859677676496834,0.7381126607407421,0.01266011940296475,0.2351949887830031,0.20705334322326807,0.0001,0.9884221071403843
4988,0.9889180130697409,0.7377037998387103,0.012654499156479903,0.23855971410477622,0.2058398343063513,0.0001,0.9882706397324498
4989,0.989847392992364,0.738507638475716,0.012647474513334386,0.23869228079673244,0.20542384892641652,0.0001,0.9884729765249798
4990,0.9847254703543007,0.7381197724332674,0.012653572322388933,0.2339521260671393,0.20500378878919395,0.0001,0.9881075939832303
4991,0.9862341773195634,0.7388543485386134,0.01266660313093638,0.23471322660211616,0.20750207787957684,0.0001,0.9880589129233215
4992,0.9871230306780121,0.7381453862296641,0.012653241292941885,0.23632440227886725,0.203588839869712,0.0001,0.9877294858014608
4993,0.9839924211192567,0.7386544163038474,0.012654105741644002,0.23268389869594672,0.2052743420397776,0.0001,0.9871142320652279
4994,0.9895075999699064,0.7384422530267108,0.012652132622368679,0.23841321421503778,0.20460335136548016,0.0001,0.9873999020753479
4995,0.9867132568456096,0.7381640285797584,0.012674123713742888,0.23587510544376006,0.20573165105999605,0.0001,0.987291990392832
4996,0.9906894633542693,0.7385571929068885,0.012657584815189755,0.23947468315370185,0.20601222883252537,0.0001,0.9873718593352706
4997,0.9852899780863439,0.7382050886840897,0.012675959488441205,0.23440892822118609,0.2059546285601707,0.0001,0.9873040803789367
4998,0.9889961863144416,0.7379737717626544,0.012659548745919435,0.23836286512579444,0.20282839948942405,0.0001,0.9873118977034068
4999,0.9845630586993622,0.737982263913261,0.01267449439901851,0.23390630114271965,0.205368438852728,0.0001,0.9867834642741065
