step,train/total_loss,train/recon_loss_weighted,train/mmd_loss,train/triplet_loss_weighted,train/grad_norm,train/lr,train/smooth_total_loss
0,0.6411785068966094,0.44853824377059937,0.018443853514535088,0.1741964062054952,0.042842576227017815,0.0001,0.6411785068966094
1,0.5645675193695795,0.3903789718945821,0.015888635317484537,0.15829991627307166,0.037898492139010205,0.0001,0.6028730131330944
2,0.5572496777489072,0.38559471312023347,0.015617913291567849,0.15603705119519007,0.0369296727790719,0.0001,0.5876652346716987
3,0.5511637437911261,0.3790255223001753,0.01577172392890567,0.15636649983269826,0.03607695102691651,0.0001,0.5785398619515556
4,0.5476375154086521,0.3682350013937269,0.01610057694571359,0.1633019343728111,0.03483061536791779,0.0001,0.5723593926429749
5,0.5426132230531602,0.35961211579186575,0.016387402443658737,0.16661370297273,0.036245796048925034,0.0001,0.5674016977113391
6,0.5379934600421361,0.355105675969805,0.01647055262611026,0.1664172303108942,0.03771669509864989,0.0001,0.563200520901453
7,0.522704781804766,0.3517446296555655,0.015807076862880163,0.1551530734414146,0.03974570000455493,0.0001,0.558138553514367
8,0.5112049204962594,0.34912994560741245,0.01458303587777274,0.14749193745000022,0.04174378187883468,0.0001,0.552923705401244
9,0.5088928126153491,0.34694620739846005,0.014196062088012695,0.14775054383845557,0.04254217130087671,0.0001,0.5485206161226545
10,0.5063954719475338,0.3449530595824832,0.013911217734927223,0.14753119392054423,0.04237609303423336,0.0001,0.5350423126277468
11,0.5027428002584549,0.3431264843259539,0.013718409765334356,0.14589790815398807,0.041600721506845385,0.0001,0.5288598407166345
12,0.4982494144212632,0.3412617402417319,0.013508261953081404,0.1434794125102815,0.04240981386530967,0.0001,0.5229598143838701
13,0.4963369125411624,0.3400296503589267,0.013269877433776856,0.14303738730294363,0.04320207834243774,0.0001,0.5174771312588737
14,0.4937644016175043,0.3388949374357859,0.013106545947846913,0.14176291837578728,0.044776115318139395,0.0001,0.5120898198797589
15,0.49172421977633524,0.33795385218801954,0.0128977446329026,0.14087262174912862,0.04698115161487034,0.0001,0.5070009195520765
16,0.49031221298944383,0.3369131162053063,0.01279043129512242,0.1406086673339208,0.04649405756167003,0.0001,0.5022327948468073
17,0.4897366634437016,0.3362875614847456,0.012630752154758998,0.14081834909461793,0.04832538277620361,0.0001,0.49893598301070086
18,0.4875319676739829,0.33555269496781487,0.012524394761948358,0.13945487822805133,0.049688357611497244,0.0001,0.4965686877284732
19,0.48775758374305,0.33483900938715255,0.012401050613040017,0.140517524878184,0.049444042359079635,0.0001,0.4944551648412431
20,0.4858426823502495,0.33385811817078365,0.012360130037580217,0.1396244350643385,0.050797726923511144,0.0001,0.4923998858815148
21,0.484966269277391,0.3329961294219607,0.012300744510832287,0.13966939420927138,0.051614972062054135,0.0001,0.4906222327834084
22,0.4833474650269463,0.3323040471190498,0.012196407999311175,0.1388470090570904,0.051231991428704486,0.0001,0.4891320378439767
23,0.4836089514550709,0.3314975908824376,0.012187754540216355,0.13992360688391187,0.051665796765259335,0.0001,0.48785924173536754
24,0.4827971617380778,0.330906925031117,0.012195798328944615,0.13969443710077376,0.05076180263644173,0.0001,0.4867625177474249
25,0.480791494676045,0.33028933519408815,0.012095113027663458,0.13840704680908295,0.05084586530214264,0.0001,0.48566924523739585
26,0.4801640905085064,0.3296326946644556,0.012032181876046317,0.13849921496141523,0.05253002838719459,0.0001,0.4846544329893022
27,0.4790313195614588,0.3289985196931022,0.012022737094334194,0.1380100648318018,0.05264584585314705,0.0001,0.483583898601078
28,0.478656469356446,0.3283318502562387,0.011957416080293201,0.13836720401332492,0.053127117916232064,0.0001,0.48269634876932416
29,0.47690727228210084,0.32759311624935694,0.011937303770156133,0.13737685268833524,0.05298214047437622,0.0001,0.48161131762322923
30,0.476143893741426,0.3271371568952288,0.011837357566470192,0.1371693812665485,0.05267206501393091,0.0001,0.4806414387623469
31,0.4756207511538551,0.3264629588240669,0.011806285948980422,0.13735150687751316,0.053630357625938596,0.0001,0.4797068869499933
32,0.4744989406494867,0.3260328420570919,0.011808337484087264,0.13665776217267628,0.05563505955395245,0.0001,0.47882203451224736
33,0.4743451430684044,0.32553338408470156,0.011772292000906808,0.1370394664151328,0.056266732123636067,0.0001,0.47789565367358067
34,0.47423397983823506,0.3248129753839402,0.011692006247384208,0.13772899771020525,0.056275628613574165,0.0001,0.47703933548359645
35,0.4730766004040128,0.32427275833629426,0.0116480929510934,0.13715575138727823,0.0571315613530931,0.0001,0.4762678460563932
36,0.47280948956807456,0.3236660971528008,0.011640909739903041,0.13750248288824446,0.059399004599877764,0.0001,0.47553238596235003
37,0.47153614191781906,0.3228190839290619,0.01160482679094587,0.13711223325559072,0.058176844389665694,0.0001,0.4747828681979861
38,0.47279717581612724,0.32224031601633346,0.01154446942465646,0.13901239065896898,0.05748004196655183,0.0001,0.4741969388439542
39,0.4708873493330819,0.32149619743937535,0.01148948215302967,0.13790167094696135,0.05812248520198322,0.0001,0.4735949465490522
40,0.4697139813786461,0.3208011834394364,0.011441289810907272,0.13747150642531258,0.05766224687298139,0.0001,0.47295195531277434
41,0.4695244976452419,0.3202210727192107,0.011362390291123164,0.1379410356992767,0.057802857494070416,0.0001,0.472342329961913
42,0.46847411138670786,0.31961619541758585,0.0113537107195173,0.13750420539152056,0.05848379081913403,0.0001,0.47173984703563504
43,0.4687317473547799,0.319017349538349,0.011292523429507302,0.13842187594799768,0.05857585828219141,0.0001,0.47117850746427264
44,0.46828767231532503,0.3184935771283649,0.011259583064488002,0.13853451226438795,0.05820966001067843,0.0001,0.47058387671198165
45,0.46678273592676434,0.3178764207022531,0.011191279547555106,0.1377150366703669,0.05893967336132413,0.0001,0.46995449026425684
46,0.4666943745953696,0.3174971912588392,0.011151039032709031,0.13804614487148467,0.05872884484983626,0.0001,0.4693429787669863
47,0.46694236057145255,0.31710593700408934,0.0111585571652367,0.13867786753745306,0.05961794157822927,0.0001,0.4688836006323496
48,0.46494601028306143,0.3163774847984314,0.011075786181858607,0.13749274001235054,0.06019044582332884,0.0001,0.4680984840790431
49,0.46493824464934214,0.31599298885890414,0.011071710359482538,0.1378735472758611,0.06019000627455257,0.0001,0.4675035736106691
50,0.46402938479468936,0.3156787316004435,0.011006233805701846,0.13734442052387055,0.05945921157087598,0.0001,0.46693511395227344
51,0.46529949477740695,0.315273589463461,0.010980375607808431,0.1390455308414641,0.05902757360821678,0.0001,0.46651261366548996
52,0.46394286382766,0.3148948059195564,0.011000843275161017,0.1380472143491109,0.058946266628447035,0.0001,0.46605948890958515
53,0.46386906050500415,0.3143793483575185,0.010942119643801734,0.13854759236176808,0.05969709576595397,0.0001,0.4655732202246076
54,0.46320826013882954,0.31408402692703974,0.010987305641174316,0.13813692927360535,0.06087300887420064,0.0001,0.46506527900695804
55,0.46189532166435604,0.31380557815233867,0.010917911075410389,0.13717183293331237,0.060021617937655675,0.0001,0.4645765375807171
56,0.46134620223726547,0.31337617124829975,0.010842299461364746,0.13712773088897978,0.06084420592302368,0.0001,0.46404172034490676
57,0.4610384171917325,0.3130909522374471,0.010856123197646369,0.13709134111801782,0.060450428121146704,0.0001,0.4634513260069347
58,0.46053539571307955,0.31261409237271265,0.010833730016435896,0.13708757076944625,0.06130392636571612,0.0001,0.4630102645499365
59,0.4609091682093484,0.31243705863044374,0.010798207918802897,0.13767390151818593,0.059715943038463594,0.0001,0.4626073569059372
60,0.4602323835804349,0.3121741689386822,0.010776596977597192,0.13728161915427162,0.062144648603030615,0.0001,0.4622276567845117
61,0.4595272651740483,0.3117694295587994,0.010742009253728958,0.1370158280645098,0.06119729479153951,0.0001,0.4616504338241759
62,0.45939968285106475,0.3114741180624281,0.010765349297296433,0.13716021648475102,0.061998608850297475,0.0001,0.46119611572651636
63,0.4597952235312689,0.311295162212281,0.010780723889668782,0.1377193385646457,0.060684349281447274,0.0001,0.4607887320291429
64,0.4590663225877853,0.3109307255063738,0.01074360211690267,0.13739199688037237,0.06056130858404296,0.0001,0.46037453827403835
65,0.45708526372909547,0.3106078369276864,0.01075555369967506,0.13572187501759755,0.0609118334594227,0.0001,0.45989353248051235
66,0.4573388746806553,0.3105802606968653,0.010758219446454729,0.136000394821167,0.06321491496193976,0.0001,0.45949279972485135
67,0.4577209969361623,0.31023801678702945,0.010686123938787552,0.13679685720375606,0.061799790603773934,0.0001,0.45916105769929433
68,0.45693345609165376,0.3099643343970889,0.010675709588187081,0.1362934124611673,0.06241224170440719,0.0001,0.4588008637371517
69,0.45683968464533486,0.3095954003788176,0.010668067705063592,0.1365762192578543,0.06180952045889128,0.0001,0.45839391538075036
70,0.455827005704244,0.30935518486159186,0.010672001611618768,0.1357998217145602,0.06126252842091379,0.0001,0.45795337759313137
71,0.4563744828814552,0.30916776855786643,0.01064000129699707,0.13656671373617082,0.06213348479498,0.0001,0.457638099363872
72,0.45565639450436546,0.3089749696708861,0.01066281795501709,0.13601860950390499,0.06254680671152614,0.0001,0.4572637705292021
73,0.45561284933771407,0.3086172259989239,0.010627902121770949,0.13636772299096697,0.06257925650903157,0.0001,0.4568455331098466
74,0.45533661984262014,0.3087459638005211,0.0106265317826044,0.13596412383374715,0.06365769296174957,0.0001,0.45647256283533
75,0.4545935497397468,0.30823180079460144,0.010644687925066267,0.1357170623682794,0.0633103724746477,0.0001,0.45622339143639523
76,0.45348600007238843,0.3078898500828516,0.01064250355675107,0.13495364629086995,0.06317845859697886,0.0001,0.45583810397556845
77,0.4542324781417847,0.3079563217503684,0.010645596186319987,0.13563056055988584,0.06375936954503968,0.0001,0.4554892520961308
78,0.4529434976123628,0.30745596403167363,0.010649753752208892,0.1348377811766806,0.06324233622068451,0.0001,0.4550902562482017
79,0.45200145414897375,0.3072676107996986,0.010614689191182454,0.13411915522246134,0.06368665883228893,0.0001,0.45460643319856553
80,0.45200430467015223,0.30724026901381357,0.010639307612464542,0.13412472854057947,0.06469013928657487,0.0001,0.4542241630951563
81,0.4525622722648439,0.30700545679955255,0.010571494556608654,0.13498532069580896,0.06327323509114129,0.0001,0.45384294203349523
82,0.4519212578024183,0.30691885550816855,0.010597535542079381,0.13440486568780172,0.06360865490777153,0.0001,0.4534694283633005
83,0.4511901753289359,0.30668214446022396,0.010589302153814407,0.13391872906968708,0.06582801664868991,0.0001,0.4530271609624227
84,0.4508128535179865,0.3065625440506708,0.01053894247327532,0.13371136749074572,0.06497491104971795,0.0001,0.4525747843299593
85,0.4509691820258186,0.30624940338588896,0.010543065979367211,0.13417671351205734,0.0641569404020196,0.0001,0.45221234755856654
86,0.45027861311322165,0.30598779973529633,0.010632561502002534,0.13365825364987055,0.06554794577615601,0.0001,0.4518916088626499
87,0.450801538285755,0.30572016863595874,0.0105672211874099,0.13451414690131233,0.06491439168651898,0.0001,0.4515485148770469
88,0.4488846503552936,0.30586766997973125,0.010572343780880882,0.13244463730426062,0.06534917563909576,0.0001,0.45114263015133993
89,0.4496595141433534,0.3056557107539404,0.010612329982575917,0.13339147361971082,0.06524577885866165,0.0001,0.4509084361507779
90,0.447315205846514,0.3051841542834327,0.010606118610927038,0.13152493309407007,0.06826050813708986,0.0001,0.4504395262684141
91,0.4486720178808485,0.3052723935672215,0.010540327571687245,0.13285929773535046,0.06522047441630137,0.0001,0.4500505008300145
92,0.447443748939605,0.3048549654937926,0.010521014531453451,0.13206776863052733,0.06687572190449351,0.0001,0.4496027499437332
93,0.4474110790661403,0.30466976165771487,0.010601494425819034,0.13213982234398525,0.06691113972947711,0.0001,0.44922484031745363
94,0.4464608765783764,0.30477370364325385,0.010554268246605283,0.13113290603671754,0.06685528875816436,0.0001,0.4487896426234926
95,0.4459872285525004,0.3045503956930978,0.010545391128176734,0.13089144407283693,0.06676325865444682,0.0001,0.44829144727616077
96,0.44628764050347464,0.30439010234106156,0.010505885169619606,0.1313916523541723,0.06762788267362685,0.0001,0.4478923500151861
97,0.4460762577397483,0.3043273321219853,0.010513122876485188,0.13123580231553034,0.06763516068458557,0.0001,0.4474198219605855
98,0.44539629533177333,0.30409413945107233,0.010540471758161273,0.1307616847611609,0.06819519766029858,0.0001,0.4470709864582334
99,0.44485915587061925,0.30403994350206287,0.010532793544587634,0.13028641988833745,0.0691552683711052,0.0001,0.44659095063096005
100,0.4444985244955335,0.30369123106911067,0.010558985528491792,0.13024830711739405,0.06927310969857943,0.0001,0.44630928249586194
101,0.4436395460651034,0.30353398152760097,0.010532810574486143,0.12957275226002649,0.06826710459731875,0.0001,0.4458060353142875
102,0.4434341501621973,0.30343708310808454,0.010552895636785598,0.1294441709915797,0.06847085221892311,0.0001,0.44540507543654667
103,0.44319903226125806,0.30329677349045164,0.010542351858956474,0.12935990662801833,0.06703856182949884,0.0001,0.4449838707560585
104,0.4430585373015631,0.3031672020753225,0.01051324549175444,0.12937808994735991,0.06892028795111747,0.0001,0.4446436368283771
105,0.442157498995463,0.3030485913867042,0.010502185140337263,0.12860672417141142,0.06936254394905908,0.0001,0.4442606638726733
106,0.4425625182333447,0.30289765369324456,0.010493566876366024,0.12917129667032332,0.06881815975620634,0.0001,0.4438881516456604
107,0.4424535810947418,0.30279713443347384,0.010469878287542434,0.1291865667416936,0.06936827663864409,0.0001,0.4435258839811597
108,0.4420181305635543,0.3026820951984042,0.010474864641825359,0.12886117015566145,0.06862704097515061,0.0001,0.4431880675043378
109,0.4414397622857775,0.3025212591602689,0.010483952930995397,0.12843454976876575,0.07043668013953028,0.0001,0.44284612814585367
110,0.4415050043946221,0.3024965396949223,0.01048710232689267,0.12852136137939635,0.07027752559099879,0.0001,0.44254677613576254
111,0.44035849571228025,0.30228196978569033,0.010448376337687174,0.12762815058231353,0.07086857543105171,0.0001,0.4422186711004802
112,0.4401615134307316,0.30215333104133607,0.01045838991800944,0.1275497936067127,0.07094612731820062,0.0001,0.4418914074273337
113,0.43986883220218476,0.3019048971789224,0.010444011007036482,0.12751992515155247,0.07118287200019473,0.0001,0.44155838742142633
114,0.4395222198395502,0.30187792948314124,0.010448406991504488,0.1271958819457463,0.07095857738029389,0.0001,0.441204755675225
115,0.44023789366086324,0.30178125074931555,0.010418921425229027,0.1280377216282345,0.07107776208292871,0.0001,0.44101279514176506
116,0.440107418241955,0.30153583799089706,0.010419893264770507,0.1281516847156343,0.07280152298155285,0.0001,0.4407672851426261
117,0.4387522169521877,0.30134071963174003,0.010397193545386905,0.12701430178823925,0.07145730196720078,0.0001,0.4403971487283707
118,0.4392683383964357,0.3013300501164936,0.010400584765842982,0.12753770301739376,0.07228808857145763,0.0001,0.4401221695116588
119,0.4376991172631582,0.30121988682519824,0.010371505646478561,0.1261077250043551,0.07317610673961185,0.0001,0.4397481050093969
120,0.4382399067992256,0.3009912496521359,0.01036143075852167,0.1268872265304838,0.07255416948880468,0.0001,0.43942159524985724
121,0.4378801246484121,0.30093075576282685,0.010356756619044713,0.12659261176983516,0.07383402319891112,0.0001,0.43917375814347037
122,0.438100909051441,0.3008525712149484,0.010328773089817592,0.12691956311464309,0.07343518215985526,0.0001,0.43896769770554134
123,0.4379225790500641,0.3006113690989358,0.010322376659938267,0.12698883222682136,0.0737141031949293,0.0001,0.43877307239032926
124,0.4376381439822061,0.3005842986561003,0.010335104806082589,0.1267187400942757,0.07302464743455252,0.0001,0.4385846648045949
125,0.4369696810131981,0.30045354990732104,0.01028639248439244,0.126229736776579,0.07363726127715338,0.0001,0.43825784353982833
126,0.43725618436222985,0.3003328309172676,0.010330147970290412,0.1265932035588083,0.07382429887851079,0.0001,0.43797272015185584
127,0.43713795060203187,0.3002370732171195,0.010261927332196916,0.1266389487754731,0.07252238495718866,0.0001,0.4378112935168402
128,0.4368245916707175,0.30020851350965955,0.010274253572736468,0.1263418245173636,0.07398056338230768,0.0001,0.4375669188442684
129,0.43711933663913183,0.2999977676641373,0.010252680097307478,0.12686888760044462,0.07434973489670527,0.0001,0.4375089407818658
130,0.43646939680689856,0.299940425157547,0.010272410937717982,0.12625655957630702,0.0753332929951804,0.0001,0.4373318897826331
131,0.4363071566536313,0.29968314284370057,0.010261876242501395,0.12636213919946127,0.07627549384321486,0.0001,0.43717459298315503
132,0.4362521415665036,0.29964653225172133,0.010238495327177502,0.1263671120717412,0.07553112251417977,0.0001,0.43698971623466126
133,0.43647086932545615,0.2995389529636928,0.010202329499380929,0.12672958558514005,0.07572995637144361,0.0001,0.4368445452622005
134,0.43662563874607996,0.2992891714686439,0.010199515024820964,0.12713695225261507,0.0756277899656977,0.0001,0.4367432947385879
135,0.4355466164293743,0.2992467619123913,0.010199147179013207,0.12610070804754894,0.07715419023519471,0.0001,0.43660098828020544
136,0.43592586914698284,0.29941018564360483,0.010182586170378186,0.1263330965524628,0.07755262298243386,0.0001,0.4364679567586808
137,0.4357769645395733,0.2992893724214463,0.010186709676470075,0.12630088265453066,0.07768913003660384,0.0001,0.4363318581524349
138,0.43499356451488674,0.2989811976750692,0.010155491601853143,0.12585687275443758,0.07715911751701718,0.0001,0.43614875543685183
139,0.43562544328825814,0.29898295260611035,0.010146050226120721,0.126496440526985,0.07870508489154635,0.0001,0.43599936610176454
140,0.43534875540506274,0.29890554405394054,0.010140153339930943,0.12630305751448587,0.07866752310877755,0.0001,0.4358873019615809
141,0.4343337498960041,0.29869140159516105,0.010150351978483654,0.12549199625140145,0.07854076226552327,0.0001,0.4356899612858182
142,0.4342520483902523,0.29846839166822886,0.010166567847842261,0.12561708937088648,0.07891743594691866,0.0001,0.435489951968193
143,0.433984629313151,0.2985591919649215,0.010158416203090123,0.1252670210032236,0.07952559228454317,0.0001,0.4352413279669626
144,0.43492729862531027,0.29838387994539173,0.010066514923459008,0.12647690219538552,0.07816165699845269,0.0001,0.43507149395488554
145,0.43448772402036756,0.29839130157516114,0.01013086409795852,0.12596555763766878,0.07942830501567749,0.0001,0.4349656047139849
146,0.4348495003722963,0.2982331074419476,0.010121045793805803,0.12649534600121634,0.07959102541208267,0.0001,0.4348579678365162
147,0.4337598973796481,0.29799139414514814,0.010094810667492094,0.12567369093497593,0.07785109338306245,0.0001,0.4346562611205237
148,0.43392302848043895,0.2979906488032568,0.01010199955531529,0.1258303789865403,0.08109083083413895,0.0001,0.4345492075170789
149,0.43453831814584276,0.29803235332171124,0.010078159968058269,0.1264278028692518,0.0806576091618765,0.0001,0.43444049500283743
150,0.4342037144161406,0.29799287830080307,0.010073342777433849,0.12613749206066133,0.08024801995073046,0.0001,0.43432599090394514
151,0.43337280863807315,0.2978330243201483,0.010084429241362072,0.12545535564422608,0.0812846866391954,0.0001,0.4342298967781521
152,0.4338616547130403,0.29772072122210547,0.010046879450480143,0.12609405184075945,0.08158910111302421,0.0001,0.4341908574104309
153,0.434751311086473,0.29759741936411177,0.010037914911905924,0.12711597610087622,0.08099050252210527,0.0001,0.43426752558776316
154,0.4327161524977003,0.29748976344153993,0.010015134584336054,0.1252112546137401,0.08139371630691347,0.0001,0.4340464109750021
155,0.43332778073492506,0.29751701695578436,0.010024716740562802,0.1257860473224095,0.08299615297998701,0.0001,0.43393041664645793
156,0.4329887174424671,0.297492321899959,0.010032331375848679,0.1254640628184591,0.08186708312659037,0.0001,0.4337443383534749
157,0.4330583050137474,0.2972822776862553,0.01000637553987049,0.1257696522133691,0.081557459348724,0.0001,0.4336741791168849
158,0.43291374019214085,0.2971062935533978,0.009998181888035366,0.12580926233813877,0.0819785061336699,0.0001,0.43357325028805505
159,0.4327411299660092,0.29704044120652334,0.010009958630516416,0.12569073083854856,0.08382241647867929,0.0001,0.43339353147007176
160,0.4336673691159203,0.2970977820101238,0.00998057070232573,0.12658901654538654,0.08233006192105156,0.0001,0.43333989694004965
161,0.43204841840834846,0.29692538721220835,0.009995943024044945,0.1251270876044319,0.08368585407733917,0.0001,0.4332074579170772
162,0.43203293283780414,0.2969337219283694,0.009985274360293435,0.12511393697488876,0.08335733924593244,0.0001,0.43302458572955355
163,0.4320937667574201,0.2967845218522208,0.009969931557064965,0.12533931313526062,0.08460722061849776,0.0001,0.43275883129664827
164,0.4325969968523298,0.29668204188346864,0.0099693877356393,0.12594556737513768,0.08538627283913748,0.0001,0.4327469157321112
165,0.4313455036708287,0.29647107152711777,0.009993625822521392,0.12488080525682085,0.08363172901528222,0.0001,0.4325486880257016
166,0.4308562355382102,0.29650938170296803,0.00997038001105899,0.12437647169544583,0.08605410818542752,0.0001,0.4323354398352759
167,0.4315348261878604,0.29643186671393257,0.009948095821198964,0.125154861169202,0.0846658713051251,0.0001,0.43218309195268717
168,0.43096079514140173,0.29649241538274856,0.009941506385803222,0.12452687323093414,0.08404498263483956,0.0001,0.4319877974476133
169,0.4308662530921754,0.296291792960394,0.009938932600475493,0.1246355271765164,0.08769137795482362,0.0001,0.4318003097602299
170,0.4306203058787755,0.29630634387334187,0.00995535623459589,0.1243586044935953,0.08760691512198675,0.0001,0.4314956034365155
171,0.43162853405589147,0.2962232760020665,0.009904542423429943,0.12550071555943715,0.08544163036914099,0.0001,0.4314536150012698
172,0.43075598762148903,0.2961011494909014,0.00990250791822161,0.12475232886416572,0.08447360069978804,0.0001,0.4313259204796382
173,0.4312022206329164,0.2959901145526341,0.009879686718895322,0.12533241787127086,0.08556698660055796,0.0001,0.4312367658671879
174,0.4315350629034497,0.29592865052677336,0.009908864611671085,0.12569754592009952,0.0857254194361823,0.0001,0.4311305724722998
175,0.4300906714938936,0.29589749517894925,0.009905649366832915,0.12428752510320573,0.08742425810723077,0.0001,0.43100508925460634
176,0.43136599149022786,0.29597383453732445,0.009895875340416319,0.12549628147057124,0.08606183181206385,0.0001,0.4310560648498081
177,0.43064335329192027,0.2957944963659559,0.009897455714997791,0.12495140050138746,0.08692871112199056,0.0001,0.4309669175602141
178,0.4306301074368613,0.29560530242465793,0.009869505110241117,0.12515529890855154,0.08723313765866415,0.0001,0.43093384878976
179,0.4306327604112171,0.29584376925513856,0.009872016452607654,0.12491697271664938,0.08875009233043307,0.0001,0.43091049952166427
180,0.42986731160254704,0.2956804179009937,0.00984846069699242,0.12433843279168719,0.09005027484326135,0.0001,0.4308352000940413
181,0.42940019851639155,0.2955461729140509,0.00982013429914202,0.12403389038074585,0.0881095270315806,0.0001,0.43061236654009144
182,0.43009441438175383,0.29541473672503515,0.009845147814069475,0.12483452828157515,0.08868003423724856,0.0001,0.43054620921611786
183,0.43119387882096427,0.2954123840445564,0.009834817477634974,0.12594667552482514,0.08689455595754442,0.0001,0.43054537503492263
184,0.4296101442405156,0.295282879329863,0.00984060423714774,0.12448666038967314,0.0895203547108741,0.0001,0.43035288316862924
185,0.4312890785081046,0.2952153668517158,0.009866369338262649,0.12620734231812614,0.08873404342503775,0.0001,0.43047272387005037
186,0.43001635926110404,0.2951585664635613,0.00982276371547154,0.12503502674046016,0.0910720543492408,0.0001,0.4303377606471379
187,0.42932204859597345,0.29502805812018257,0.009811912264142717,0.12448207750206902,0.09279387550694602,0.0001,0.4302056301775433
188,0.42824668061165583,0.2949671921275911,0.009818770771934873,0.12346071898937225,0.090757331323056,0.0001,0.4299672874950227
189,0.4297796144371941,0.29477581069582987,0.009789064952305386,0.12521473779564812,0.09129140440906797,0.0001,0.4298819728976205
190,0.4289244396345956,0.2948218047618866,0.009814475831531343,0.12428815748010363,0.09168719748655955,0.0001,0.42978768570082526
191,0.4297137901896522,0.29471663662365505,0.009839299746922084,0.12515785268374852,0.09253601282835007,0.0001,0.4298190448681514
192,0.4294638278938475,0.2948113696915763,0.009819956052870978,0.12483250243323189,0.0925545803138188,0.0001,0.4297559862193607
193,0.4296735371862139,0.2947075843811035,0.009843377839951288,0.12512257326216925,0.09442765329565321,0.0001,0.4296039520558857
194,0.42842031178020296,0.29464502788725355,0.009780914442879813,0.12399436866953259,0.09205196315333956,0.0001,0.4294849688098544
195,0.4280127173378354,0.29484335893676394,0.009806754475548154,0.12336260371264957,0.09237772964295887,0.0001,0.4291573326928275
196,0.42817166646321614,0.2944194143726712,0.009769681521824428,0.12398256822710946,0.0917391565584001,0.0001,0.42897286341303864
197,0.42846162631398155,0.29442073220298404,0.009771710350399926,0.12426918354772386,0.09161203652620316,0.0001,0.42888682118483956
198,0.4273821322690873,0.29448076883951824,0.009755856650216239,0.12314550557306835,0.09411790846359162,0.0001,0.4288003663505827
199,0.42838079106240046,0.29438378612200417,0.009793261119297573,0.12420374204715093,0.0946963145619347,0.0001,0.42866048401310336
200,0.4278334452992394,0.29441541319801695,0.009771845454261416,0.12364618529876073,0.09704810870545251,0.0001,0.4285513845795677
201,0.42834371612185523,0.2941820916675386,0.009756737663632347,0.12440488714547385,0.09494376083215078,0.0001,0.428414377172788
202,0.427009383837382,0.2941125458195096,0.009762376830691383,0.12313446033568609,0.0933361821940967,0.0001,0.42816893276714146
203,0.4262706481275104,0.29400621028173535,0.009776748929704938,0.12248768806457519,0.09638438146738779,0.0001,0.4278286438612711
204,0.4277634095577967,0.29417974125771296,0.00977428640638079,0.12380938011975516,0.09452854629073824,0.0001,0.4277629536390304
205,0.4270234002953484,0.2940444827079773,0.009744893936883835,0.12323402237324488,0.09317275448924019,0.0001,0.42766402193478176
206,0.4277674371287936,0.29398212943758284,0.009757535798209054,0.12402777267353875,0.09503250867128372,0.0001,0.42762359900133956
207,0.4267543852329254,0.29376675827162607,0.0097750152860369,0.12321261188813619,0.09698105227379572,0.0001,0.4274528748932339
208,0.4271734779789334,0.2938978178160531,0.009753261293683733,0.12352239808865956,0.09530400420938219,0.0001,0.4274320094642185
209,0.4269354701042175,0.2938361295631954,0.009745811280750093,0.12335352819590341,0.0958664473323595,0.0001,0.4272874773684002
210,0.42697114121346247,0.29366544854073295,0.009787529990786598,0.12351816303673245,0.0971729719213077,0.0001,0.42720124695982253
211,0.4258011304196857,0.2937076880818322,0.00976582027616955,0.12232762149402074,0.0988621969308172,0.0001,0.4269469883896056
212,0.4254985298429217,0.29367172377450124,0.009774770055498396,0.12205203395514261,0.09836028615633646,0.0001,0.4267959029901595
213,0.42786350335393636,0.29362020208722067,0.009722907202584403,0.1245203917934781,0.09896213759978613,0.0001,0.4269551885128021
214,0.4263229327542441,0.29360432312602086,0.009730899901617142,0.12298770788170042,0.09646158381586983,0.0001,0.42681114083244687
215,0.42646034076100303,0.2934414307276408,0.009725993020193918,0.12329291559401012,0.09783428886107036,0.0001,0.42675483487901233
216,0.42494434061504543,0.29349042517798285,0.009738866488138835,0.12171504625252315,0.09976601508401689,0.0001,0.4264725252276375
217,0.4252816413130079,0.2933740825880142,0.0097160123643421,0.122191545296283,0.10032441381897245,0.0001,0.42632525083564576
218,0.4250590134234655,0.2931373650119418,0.009730142638796851,0.12219150414069493,0.09912701667774292,0.0001,0.42611380438009905
219,0.42464286855288913,0.29326908389727274,0.0097354185013544,0.12163836523180917,0.10216396280697414,0.0001,0.4258845442249662
220,0.42515786119869775,0.29315188186509267,0.009726909228733607,0.12227907003391357,0.10070573495967047,0.0001,0.4257032162234897
221,0.42458166338148573,0.2931865956102099,0.009729775928315662,0.12166528935943331,0.09851620119242441,0.0001,0.4255812695196696
222,0.4238401974950518,0.2930777572450184,0.009725383349827357,0.12103705732595353,0.09893937699851535,0.0001,0.42541543628488265
223,0.42518475027311414,0.29300005946840557,0.009719890639895484,0.1224647989585286,0.10075547063634509,0.0001,0.4251475609768005
224,0.4253472589311146,0.29300598360243296,0.00970880076998756,0.1226324717203776,0.10202680485589163,0.0001,0.4250499935944875
225,0.42432048462686084,0.2931166535332089,0.009706312134152366,0.12149751683076222,0.10225186489877247,0.0001,0.4248360079810733
226,0.42499909883453735,0.2928425090653556,0.009682977767217727,0.12247360930556343,0.102908778829234,0.0001,0.42484148380302245
227,0.42354200085004173,0.29289333309446064,0.009702283995492118,0.1209463825538045,0.10104703158140182,0.0001,0.4246675197567259
228,0.42436541347276596,0.292930699530102,0.009693730445135208,0.1217409807301703,0.10203311194976171,0.0001,0.4245981597616558
229,0.42362434977576846,0.2928027025290898,0.0096477815083095,0.12117386424825305,0.10237371148098083,0.0001,0.4244963078839438
230,0.4241524983020056,0.2927484957944779,0.009676298641023182,0.12172770407937822,0.10428680855603445,0.0001,0.4243957715942746
231,0.42308397122791835,0.2926189697924114,0.009681467782883417,0.12078353379453932,0.1012010817016874,0.0001,0.4242460023789179
232,0.4248196278299604,0.2925546600705101,0.009632480712164016,0.12263248747303372,0.10006663685753232,0.0001,0.4243439454124087
233,0.42403046233313424,0.2925180616832915,0.009661246481395902,0.12185115168491999,0.1037338986992836,0.0001,0.4242285166184107
234,0.4240666267417726,0.2924531837304433,0.009662301199776785,0.12195114088909967,0.10386316790467216,0.0001,0.4241004533994766
235,0.42398061326571873,0.29253020542008534,0.00967725572131929,0.12177315198239826,0.10134316838922955,0.0001,0.4240664662633623
236,0.42176405191421507,0.29231656278882706,0.009646484965369816,0.11980100309564953,0.10182387623048963,0.0001,0.4237429615713301
237,0.42314293327785674,0.29249575421923685,0.009648239044916062,0.12099893845262982,0.1069400722072238,0.0001,0.42370305481411163
238,0.42342637919244314,0.29244938010261173,0.009633751142592658,0.12134324752149128,0.10537618874084381,0.0001,0.4236091513860793
239,0.42281787253561476,0.2922466919535682,0.009630028406778972,0.12094114990461441,0.10333322719449088,0.0001,0.423528503662064
240,0.42249632562909806,0.29233946942147754,0.009620562053862072,0.12053629266364234,0.10395049615984871,0.0001,0.42336288639477315
241,0.42229096605664207,0.2922533006895156,0.009599958147321428,0.1204377043105307,0.10710153608095078,0.0001,0.4232835858776456
242,0.42192630086626326,0.2921997294539497,0.009605246498471215,0.12012132363659996,0.10905579470452809,0.0001,0.42299425318127587
243,0.42282854801132563,0.29214470301355633,0.009587524050757999,0.12109631896018982,0.10635729006358556,0.0001,0.4228740617490951
244,0.4227645141737802,0.2921490252017975,0.00965110801515125,0.12096438060204188,0.10505144915410451,0.0001,0.4227438504922958
245,0.42121751109759015,0.2920797526836395,0.009584007944379533,0.11955375046957106,0.10659468039160683,0.0001,0.4224675402754829
246,0.42341118795531135,0.29192592416490826,0.009590520177568708,0.12189474134218126,0.10709878021762484,0.0001,0.42263225387959247
247,0.42158698382831755,0.2918810946600778,0.00956828480675107,0.12013760315520423,0.1066129540403684,0.0001,0.42247665893463865
248,0.42220957903634937,0.29198606894129797,0.009571260497683571,0.1206522476815042,0.1097090266290165,0.0001,0.4223549789190292
249,0.4206705723490034,0.29202089479991367,0.009584287234715053,0.1190653879018057,0.10974959993646258,0.0001,0.42214024890036805
250,0.42176296029772076,0.29201493007796153,0.009556570507231212,0.12019145630654834,0.10915080308914185,0.0001,0.4220669123672304
251,0.4212905940555391,0.2919560841151646,0.009554626828148251,0.11977988041582562,0.10712618309827078,0.0001,0.42196687516712006
252,0.42138269543647766,0.29182659472737993,0.009555690629141671,0.12000040937037695,0.10736713161071142,0.0001,0.4219125146241415
253,0.4211028592927115,0.29186039169629413,0.009582465035574778,0.11966000128360021,0.11063121564331509,0.0001,0.42173994575228
254,0.42174957933880036,0.29179818147704717,0.00955469948904855,0.1203966967406727,0.1087226316332817,0.0001,0.42163845226878216
255,0.421056573447727,0.29171545590673176,0.009515259379432315,0.11982585610378356,0.10890801137401944,0.0001,0.4216223585037958
256,0.421037518126624,0.2917753304753985,0.009541879381452288,0.11972030741827829,0.10919365407455535,0.0001,0.42138499152092707
257,0.4210152853102911,0.29168574128832137,0.009532136008853003,0.11979740616821108,0.1096856537319365,0.0001,0.4213278216691244
258,0.4218956010682242,0.2916531562805176,0.009526398068382626,0.12071604530016582,0.10855944859130041,0.0001,0.4212964238723119
259,0.4208485234351385,0.29161327055522374,0.009493265833173479,0.11974198442129862,0.10818368622234889,0.0001,0.4213142189809254
260,0.42172780803271703,0.29153913060824077,0.009488365763709658,0.12070031187364033,0.11006274592308771,0.0001,0.42131070375442514
261,0.4215564577352433,0.29153208108175366,0.00948358036222912,0.12054079614934467,0.10843304778848376,0.0001,0.42133729012239546
262,0.42068442957741875,0.29168170094490053,0.009461195128304617,0.11954153265271868,0.11191354500395911,0.0001,0.4212674635364896
263,0.4197524553253537,0.2915704837867192,0.009515816824776785,0.11866615322374162,0.11205076930068789,0.0001,0.4211324231397538
264,0.4215729358650389,0.29156100977034793,0.009461364291963124,0.12055055868057978,0.11097054261536825,0.0001,0.4211147587923777
265,0.42093416367258346,0.2913840796266283,0.009451979682559059,0.1200981032990274,0.11170417261975152,0.0001,0.4211025178148633
266,0.42027389463924225,0.2913337460586003,0.009477950277782622,0.11946219659986951,0.11020362384262539,0.0001,0.4210261554661251
267,0.4210255143188295,0.29137329828171504,0.00946156865074521,0.12019064681870596,0.11377775754247393,0.0001,0.4210271783669789
268,0.42024857855978465,0.29139821529388427,0.009437631425403414,0.1194127293569701,0.10995178485200519,0.0001,0.42086247611613503
269,0.4210057102498554,0.2913831500780015,0.009406353178478422,0.12021620337452207,0.11332849640221823,0.0001,0.4208781947976067
270,0.42068845743224736,0.2913179017248608,0.009432961827232723,0.11993759146758488,0.11163509339094162,0.0001,0.4207742597375598
271,0.4201933366911752,0.29121494605427695,0.009437833513532366,0.11954055577516556,0.11244025386515118,0.0001,0.4206379476331529
272,0.41984811396825883,0.29110459231194996,0.009427650769551595,0.11931586918376741,0.1122284838131496,0.0001,0.4205543160722369
273,0.41960381014006476,0.2910695708933331,0.009416549546378,0.11911768750065849,0.11487076928218205,0.0001,0.420539451553708
274,0.42051893160456705,0.2910337439605168,0.009418880371820358,0.12006630592402957,0.11082680033785956,0.0001,0.42043405112766086
275,0.4201292878105527,0.29120111891201567,0.009394910222008114,0.11953325747024446,0.11698186028571356,0.0001,0.42035356354145775
276,0.4210757445721399,0.29094737739790055,0.009397387504577637,0.1207309779666719,0.11193016753310249,0.0001,0.4204337485347476
277,0.41974935162635074,0.29083974957466124,0.009419622875395276,0.1194899782538414,0.1138081390942846,0.0001,0.4203061322654997
278,0.41961876295861744,0.2909799215339479,0.009369583356948126,0.11926925572611037,0.11391782952206475,0.0001,0.4202431507053829
279,0.42152381510961623,0.2908380491392953,0.009377336502075196,0.12130842932632992,0.11406745924836113,0.0001,0.420294961191359
280,0.42037552737054373,0.29084207529113404,0.009351255780174619,0.120182195518698,0.11307867467403412,0.0001,0.4202636681851887
281,0.41971322212900436,0.290705444699242,0.009356049128941127,0.11965172510771524,0.11597684224446615,0.0001,0.4202156567289716
282,0.41915840251105174,0.2906894067923228,0.009346624783107212,0.11912236994221097,0.11463932927165713,0.0001,0.42014668558325086
283,0.41915185281208583,0.29069926142692565,0.009360527992248536,0.11909206161896388,0.11310821636801674,0.0001,0.42010148985045304
284,0.41880346082505726,0.29063152954691934,0.009331855319795154,0.11884007482301621,0.11538365965797788,0.0001,0.41992994277250195
285,0.42070196498008,0.29068158609526495,0.009308719635009765,0.12071165662436258,0.11348930859849567,0.0001,0.41998721048945475
286,0.41930804394540333,0.2906866539092291,0.009321216174534389,0.11930017144907089,0.11641916270766939,0.0001,0.4198104404267811
287,0.4191359412102472,0.2906030183746701,0.009322416214715867,0.11921050513074512,0.11590364774068197,0.0001,0.4197490993851707
288,0.4194016379969461,0.29063422140621004,0.009303727604094005,0.11946368792227337,0.11604752490917841,0.0001,0.41972738688900363
289,0.4198151764415559,0.29046164751052855,0.009283061254592169,0.12007046668302446,0.1120658828389077,0.0001,0.4195565230221976
290,0.41880427513803753,0.2905398584547497,0.009284113702319918,0.11898030234234673,0.11861292166369301,0.0001,0.41939939779894697
291,0.42026699412436713,0.29047856274105255,0.009280661174229213,0.12050776886088507,0.1148189060035206,0.0001,0.41945477499848327
292,0.41836461169379097,0.29034036256018136,0.009268552916390555,0.11875569344986053,0.11619866554226194,0.0001,0.4193753959167571
293,0.4191933271430788,0.29050408403078715,0.009279791514078777,0.11940945010809671,0.11602048880997158,0.0001,0.4193795433498565
294,0.4190246650150844,0.29033923801921663,0.009267959140595935,0.11941746565557662,0.11485326467525392,0.0001,0.4194016637688591
295,0.4195067876861209,0.29037055174509685,0.009263403075081961,0.11987283130486806,0.11721755578404382,0.0001,0.41928214603946323
296,0.4189648801372165,0.2904140128975823,0.009230695452008929,0.11932017072325661,0.11663790040072941,0.0001,0.41924782965864454
297,0.41900999006770906,0.29013810611906504,0.009282485644022623,0.11958939610492615,0.11820353205714906,0.0001,0.4192352345443907
298,0.4191085426580338,0.290361293724605,0.009249226252237955,0.1194980202686219,0.11667319848423913,0.0001,0.41920592501049947
299,0.4187083817663647,0.29026306016104564,0.009245600019182478,0.11919971903165182,0.11959256316934314,0.0001,0.41909524554298033
300,0.41953072264080954,0.2902606697309585,0.009255596569606237,0.12001445456629707,0.11607762958322253,0.0001,0.4191678902932575
301,0.4180706506683713,0.2901657833939507,0.009238079616001675,0.11866678765841893,0.11515268427985055,0.0001,0.41894825594765794
302,0.41901331543922427,0.29018412374314806,0.009220509302048456,0.11960868154253279,0.11553663462400436,0.0001,0.41901312632220133
303,0.41891633215404694,0.2900798979259673,0.009222773143223353,0.11961365952378228,0.11505225584620521,0.0001,0.4189854268232981
304,0.4188473863261087,0.29008804162343343,0.009234000387645902,0.11952534289587112,0.11531934064059031,0.0001,0.41896769895440056
305,0.41810422369412015,0.2901190332004002,0.009218461172921317,0.11876672783068248,0.11959658570232845,0.0001,0.4188274425552005
306,0.41990906369118464,0.29021984736124673,0.009205465089707147,0.12048374911149343,0.11898098446073986,0.0001,0.4189218609105973
307,0.41808518909272696,0.29005989999998183,0.00919634047008696,0.11882894486188889,0.11786074900910967,0.0001,0.41882938081309906
308,0.41838216668083555,0.28999663704917544,0.009186089606512161,0.11919943732874734,0.11587198149590265,0.0001,0.41875674321537926
309,0.4186397507077172,0.28996111580303735,0.00920696258544922,0.11947167075815655,0.11823136267207918,0.0001,0.4187498801095145
310,0.4184367216768719,0.28994049287977675,0.009148601123264858,0.11934762632563001,0.11983459584769748,0.0001,0.4186404800131207
311,0.419138522091366,0.28994136310759044,0.009159633091517858,0.1200375266727947,0.11723762764817193,0.0001,0.4187472671554202
312,0.4186770762716021,0.2899638772010803,0.009209250268482027,0.1195039464604287,0.11714808444182077,0.0001,0.41871364323865806
313,0.4186518598170508,0.28995991462752935,0.009162898290724981,0.11952904569251196,0.11990488710857573,0.0001,0.4186871960049584
314,0.4175914886451903,0.2898304195631118,0.009174072174798875,0.11858699456566855,0.11877715112197967,0.0001,0.41856160623686656
315,0.4187019348144531,0.2898627777894338,0.009169742039271763,0.1196694131408419,0.12107308095409756,0.0001,0.41862137734889987
316,0.4184335297062283,0.28978610833485924,0.009146033014569963,0.11950138608614604,0.1185111165756271,0.0001,0.41847382395040417
317,0.4175200950531732,0.2896155902317592,0.009160628772917248,0.11874387533891768,0.12175312013853164,0.0001,0.41841731454644887
318,0.41761416111673627,0.28962287647383556,0.009165317671639578,0.11882596675838743,0.12013199499675206,0.0001,0.41834051399003896
319,0.4184348165988922,0.28971588412920635,0.009139633178710938,0.11957929687840597,0.11928729223353522,0.0001,0.41832002057915646
320,0.4175810569808597,0.2895858108997345,0.009113191422962007,0.11888205338092077,0.11925753979455857,0.0001,0.4182344541095552
321,0.4180416663487752,0.289603632972354,0.009130610738481794,0.11930742207027617,0.12108860022964932,0.0001,0.4181247685352961
322,0.41901191416240874,0.289532219512122,0.009116598537990026,0.12036309419643311,0.12086741704316366,0.0001,0.4181582523243768
323,0.4171386256104424,0.2895731962862469,0.009106869924636114,0.11845855641932715,0.11984039346377055,0.0001,0.41800692890371594
324,0.41749063787006196,0.2895995480673654,0.00910931768871489,0.11878177048194977,0.12195532690911066,0.0001,0.41799684382620317
325,0.4173199687685285,0.28954355801854814,0.00911586738768078,0.11866054073685692,0.12356038391590118,0.0001,0.41785864722161065
326,0.4167655036562965,0.2895742328394027,0.009079153197152273,0.11811211570387795,0.12088133671454021,0.0001,0.41769184461661746
327,0.4179980104877835,0.2894828004496438,0.0091203734988258,0.1193948344815345,0.12332782908564523,0.0001,0.4177396361600786
328,0.4179851032438732,0.28946937436149234,0.009117108299618676,0.11939861958935147,0.12025195913655418,0.0001,0.4177767303727922
329,0.41759100783438907,0.2893573905740465,0.00909764085497175,0.11913597484429678,0.1209728771022388,0.0001,0.41769234949634193
330,0.4177675752412705,0.2893351404439835,0.00908674058460054,0.11934569158724376,0.12138136937504723,0.0001,0.4177110013223829
331,0.41763476445561365,0.28931513343538556,0.009083028066725958,0.11923660068284897,0.12266659034149988,0.0001,0.4176703111330668
332,0.41778257205372765,0.28937114988054546,0.009103614943368095,0.11930780637831916,0.12317310302030472,0.0001,0.4175473769221987
333,0.41776130085899715,0.28924201414698647,0.009071129844302223,0.11944815488088699,0.12159208605686823,0.0001,0.4176096444470542
334,0.4164939372312455,0.28915469419388545,0.00908714703151158,0.11825209501243773,0.12328071338789803,0.0001,0.41750997438317256
335,0.41693309602283296,0.28901331907226924,0.00906250590369815,0.11885727055016018,0.12324717541535696,0.0001,0.41747128710860293
336,0.41672409914788744,0.2892229469049545,0.009078343709309896,0.11842280746925445,0.12306263943513235,0.0001,0.417467146657762
337,0.4168682847704206,0.28932367932228814,0.009085789180937267,0.11845881364175252,0.12208824029990605,0.0001,0.41735417408602576
338,0.4161155274936131,0.28923879152252563,0.009039696057637532,0.11783703892003922,0.12321657013325464,0.0001,0.41716721651099975
339,0.4162343768846421,0.289130350237801,0.009048455102103097,0.1180555699127061,0.12629707072462354,0.0001,0.41703155341602505
340,0.41703944575218926,0.2891392123131525,0.009058926219031925,0.11884130544605709,0.12484940645240603,0.0001,0.41695874046711684
341,0.4176961532660893,0.2891561031341553,0.009050813175383069,0.11948923468589782,0.125080834542002,0.0001,0.4169648793481645
342,0.41668327365602764,0.2891196188472566,0.009033515339805967,0.1185301369144803,0.1257829188590958,0.0001,0.4168549495083945
343,0.41672741997809637,0.2891863519237155,0.009043990998041061,0.11849707620484488,0.12539939809413184,0.0001,0.41675156142030445
344,0.4163749453567323,0.28900998319898336,0.008997548194158645,0.11836741197676885,0.12125629860730398,0.0001,0.4167396622328531
345,0.4158208279382615,0.2890161795275552,0.009027568499247234,0.11777707771176384,0.1242013958947999,0.0001,0.416628435424396
346,0.4166965146859487,0.2890014804544903,0.009030849593026297,0.11866418243873687,0.1252172412616866,0.0001,0.4166256769782021
347,0.41666460292679924,0.28899406847499665,0.009016633033752441,0.11865390077942893,0.1236700157324473,0.0001,0.41660530879383995
348,0.41632620238122486,0.2887595207918258,0.008996408326285225,0.11857027007000787,0.1256385767034122,0.0001,0.41662637628260113
349,0.4164785385131836,0.2887565266518366,0.009025006067185174,0.11869700565224602,0.12484194622153327,0.0001,0.41665079244545533
350,0.41712707167580015,0.2888342550822667,0.008990286645435152,0.11930252966426667,0.12476959008546103,0.0001,0.4166595550378164
351,0.4162345698901585,0.2888795551799592,0.008997172401064919,0.11835784025135494,0.1242992143545832,0.0001,0.4165133967002233
352,0.4151362410613469,0.2888812138920739,0.009020310356503441,0.1172347143292427,0.12552343706289928,0.0001,0.41635869344075527
353,0.4144791767710731,0.28884864421117873,0.008990546635219029,0.11663998486030669,0.12841360178731737,0.0001,0.41613386912005285
354,0.4152454055490948,0.28886082427842275,0.009005389894757953,0.11737919009867169,0.12971264379365102,0.0001,0.4160209151392891
355,0.4158639995824723,0.2887844150974637,0.009016658010936918,0.11806292533874511,0.13021214107672374,0.0001,0.4160252323037102
356,0.41551661803608847,0.28877038813772654,0.008985894066946847,0.11776033356076195,0.12611063094366165,0.0001,0.4159072426387242
357,0.4153552611668905,0.2887315043381282,0.008958533832005093,0.11766522228717805,0.1270258184699785,0.0001,0.4157763084627333
358,0.4162815057096027,0.28865221710432143,0.008964421635582333,0.11866486469904582,0.12849455582244054,0.0001,0.4157718387955711
359,0.415181531224932,0.2887298711708614,0.008960134642464774,0.11749152441819509,0.127055847573848,0.0001,0.41564213806674594
360,0.4162265908150446,0.28877738260087515,0.008983782359531947,0.1184654230163211,0.12652345030080706,0.0001,0.4155520899806704
361,0.41585643859136673,0.28872049990154447,0.008969425019763765,0.11816651168323698,0.1278099347438131,0.0001,0.41551427685079123
362,0.4158960052898952,0.28864797694342476,0.008943194434756324,0.11830483171201887,0.129468496853397,0.0001,0.41559025327364607
363,0.41608944847470236,0.2886173475356329,0.008933115005493163,0.118538983804839,0.13035684547254017,0.0001,0.415751280444009
364,0.415768715881166,0.2888132078307016,0.00891467843736921,0.11804082883255822,0.13516873369614282,0.0001,0.41580361147721606
365,0.41551349191438586,0.28858125181425187,0.00893600895291283,0.11799622894752593,0.12597467941897256,0.0001,0.41576856071040746
366,0.41518018188930694,0.28849273238863266,0.00890535627092634,0.1177820928040005,0.12800376188187373,0.0001,0.4157349170957293
367,0.41522619468825206,0.2885089701130277,0.008913641884213402,0.1178035807751474,0.12664041852667218,0.0001,0.4157220104478655
368,0.41629917508079894,0.28839369728451686,0.008888241222926549,0.11901723323833374,0.12551714316720053,0.0001,0.415723777384985
369,0.4160498332409632,0.28856809706914993,0.008908725920177642,0.11857300840672992,0.12722232611406417,0.0001,0.4158106075865883
370,0.41537292628061206,0.2883913820698148,0.00893114067259289,0.11805040055797214,0.12775560872895378,0.0001,0.41572524113314496
371,0.4150298856553577,0.28843331535657246,0.008887321608407156,0.1177092466325987,0.1262594304624058,0.0001,0.41564258583954394
372,0.41578326991626197,0.28842895683788117,0.008909991809300013,0.11844431779214314,0.12806256349597658,0.0001,0.4156313123021807
373,0.4157162955829075,0.288297164440155,0.008886760757082985,0.11853237017279579,0.1252678366644042,7e-05,0.4155939970130012
374,0.4156574711913154,0.288283953496388,0.008867227463495164,0.11850628881227403,0.12428656731333051,7e-05,0.41558287254401616
375,0.41536298791567483,0.2882524246261233,0.008883409273056756,0.11822715330691565,0.1244250020810536,7e-05,0.415567822144145
376,0.41677716147331967,0.2882901586237408,0.008872042383466448,0.11961495855024883,0.12631941260326476,7e-05,0.4157275201025463
377,0.41468140454519364,0.2882421311878023,0.008889827274140857,0.1175494447350502,0.12449689621017093,7e-05,0.4156730410882405
378,0.4146556757745289,0.28829513816606434,0.008882553236825125,0.11747798380397614,0.12450204782542729,7e-05,0.41550869115761346
379,0.41463666217667716,0.2882321698325021,0.00886367502666655,0.1175408158983503,0.12474324391001747,7e-05,0.41536737405118485
380,0.41448689358575,0.2881516045048123,0.008835808436075846,0.11749947709696633,0.12746831391538893,7e-05,0.4152787707816987
381,0.4151966563292912,0.2881622388249352,0.008859542437962123,0.11817487215711957,0.12822820572626023,7e-05,0.415295447849092
382,0.4154226459207989,0.28820763201940625,0.008869882992335728,0.11834513055426733,0.1253832423970813,7e-05,0.4152593854495457
383,0.41447693989390416,0.28817473962193446,0.008862153689066569,0.11744004495087124,0.12884859144687652,7e-05,0.41513544988064544
384,0.41445834721837727,0.2881710898308527,0.008857940492175875,0.11742931434086391,0.1288897094982011,7e-05,0.4150155374833515
385,0.41527421587989444,0.28822087957745507,0.00885774294535319,0.11819559179601215,0.1302758801551092,7e-05,0.4150066602797735
386,0.41470171894345964,0.2881159277189346,0.00882258755820138,0.11776320352440789,0.1280996165814854,7e-05,0.41479911602678754
387,0.41403318785485765,0.2879817375114986,0.008819071451822917,0.11723237754333588,0.12741088909762247,7e-05,0.414734294357754
388,0.4154403800056094,0.28809510724885123,0.008839156514122372,0.11850611333336149,0.12917221507855825,7e-05,0.414812764780862
389,0.4153426323618208,0.2880747386387416,0.00882733662923177,0.11844055588756289,0.12799866000811258,7e-05,0.41488336179937635
390,0.414463692619687,0.28788095939727054,0.008826132047744024,0.1177565987621035,0.12980950410876954,7e-05,0.41488104170277007
391,0.41394813401358466,0.2880565637633914,0.008823437917800176,0.11706813020365579,0.13040439961921602,7e-05,0.41475618947119947
392,0.41523547342845374,0.2880391645999182,0.008826725823538644,0.11836958186967032,0.13231476240214848,7e-05,0.4147374722219649
393,0.41498887283461433,0.2880869848387582,0.00879432927994501,0.1181075557356789,0.1282835894397327,7e-05,0.41478866551603594
394,0.4146265810444241,0.2879184643427531,0.008821270579383486,0.11788684569654011,0.13019179048992338,7e-05,0.41480548889864066
395,0.41434110204378766,0.2879327921640305,0.008816099166870118,0.11759220957756042,0.13168176575785592,7e-05,0.41471217751503
396,0.4150603399390266,0.2881171501818157,0.008797194844200497,0.11814599179086231,0.12979995253540222,7e-05,0.4147480396145865
397,0.4148145590509687,0.28787653077216374,0.008800672349475678,0.11813735351676033,0.12778571077755518,7e-05,0.41482617673419775
398,0.4151757157984234,0.28774667382240293,0.008808045160202753,0.11862099497091202,0.12785467391922362,4.899999999999999e-05,0.4147997103134792
399,0.41523323030698867,0.28792993483089263,0.008784976459684827,0.11851831830683209,0.12793191479785102,4.899999999999999e-05,0.41478877010799586
400,0.41536800180162703,0.2879868950162615,0.00880036126999628,0.11858074367046356,0.12754872490962346,4.899999999999999e-05,0.4148792010261899
401,0.4141460986364455,0.2878464491594405,0.008770790554228284,0.11752885622637613,0.12886245201031368,4.899999999999999e-05,0.414898997488476
402,0.4139798260870434,0.2878045164403461,0.008767328943525042,0.11740797878730865,0.12899201356229328,4.899999999999999e-05,0.41477343275433487
403,0.4144597252209981,0.28776103258132935,0.008768773078918457,0.11792991977362406,0.12823237010410854,4.899999999999999e-05,0.41472051799297327
404,0.4152110326857794,0.28760454541160946,0.008777217637924922,0.11882926850091843,0.1279911492552076,4.899999999999999e-05,0.4147789631571088
405,0.41341966532525565,0.2877352549916222,0.008763583501180013,0.11692082498754774,0.12823721596172877,4.899999999999999e-05,0.41468681948525565
406,0.41465746334620884,0.28773861016545976,0.008752965927124023,0.11816588597638267,0.12877847190414157,4.899999999999999e-05,0.4146465318259739
407,0.41433900112197514,0.28776505220504034,0.008781268483116514,0.11779267894370216,0.12737115153244563,4.899999999999999e-05,0.4145989760330745
408,0.4153279321534293,0.2877196459543137,0.00878560429527646,0.1188226804846809,0.1299610653803462,4.899999999999999e-05,0.4146141976685751
409,0.41427204665683565,0.2876748808792659,0.008795137632460821,0.11780202580349786,0.12937799223831722,4.899999999999999e-05,0.41451807930355977
410,0.414200207449141,0.28762832511039005,0.00876529784429641,0.1178065816561381,0.13022526169107074,4.899999999999999e-05,0.4144012998683112
411,0.414747535047077,0.28782725163868494,0.008735347929454984,0.11818493242774691,0.12980381768374216,4.899999999999999e-05,0.4144614435093743
412,0.41466015520549954,0.28778741757074994,0.00874804315112886,0.11812469377404168,0.12964005974077042,4.899999999999999e-05,0.4145294764212199
413,0.41422631541887917,0.28776625735419137,0.008767200651622955,0.11769285578103293,0.1290955995519956,4.899999999999999e-05,0.4145061354410081
414,0.4138598677657899,0.2877214877378373,0.0087547120593843,0.11738366605270477,0.13049416903938565,4.899999999999999e-05,0.4143710189490092
415,0.4156413197517395,0.28765502458526976,0.00876687140691848,0.1192194225532668,0.1272527914671671,4.899999999999999e-05,0.4145931843916575
416,0.4151404414858137,0.28771966497103374,0.00876447700318836,0.1186562981633913,0.1301948531752541,4.899999999999999e-05,0.414641482205618
417,0.41386372049649556,0.28763886236009145,0.008750747499011812,0.11747410886344456,0.13078780330362774,4.899999999999999e-05,0.41459395414307004
418,0.4147775726658957,0.28760186831156415,0.008749407813662574,0.118426294199058,0.1285730860063008,4.899999999999999e-05,0.4145389181943167
419,0.4138813370750064,0.28767545166469755,0.00876077243259975,0.11744511141663506,0.13485403309265773,4.899999999999999e-05,0.4144998472361337
420,0.41413506893884566,0.28765388216291154,0.008751208441598074,0.1177299772699674,0.13375470978873116,4.899999999999999e-05,0.4144933333851043
421,0.4131773747148968,0.28763278183482943,0.008722399529956636,0.11682219051179432,0.13234977622826893,4.899999999999999e-05,0.41433631735188614
422,0.41490384198370434,0.28750784680956887,0.00874901499067034,0.1186469785514332,0.128897725045681,3.4299999999999993e-05,0.41436068602970655
423,0.4152786260559445,0.28750901080313185,0.008731379963102795,0.11903823287714095,0.12927455398298446,3.4299999999999993e-05,0.4144659170934132
424,0.4143941405273619,0.2876220989794958,0.008734810919988723,0.11803722807339259,0.12901921492247354,3.4299999999999993e-05,0.4145193443695704
425,0.4143063570771899,0.2875189304351807,0.008737186023167202,0.11805023927064169,0.12985495364382155,3.4299999999999993e-05,0.41438584810211543
426,0.4147768423670814,0.28757175973483495,0.00874966893877302,0.11845541113898868,0.13045073399941126,3.4299999999999993e-05,0.4143494881902422
427,0.4144617106233324,0.28742416699727374,0.008776159513564337,0.1182613832609994,0.1308739877172879,3.4299999999999993e-05,0.4144092872029259
428,0.4139986779008593,0.287440082856587,0.008745310420081729,0.1178132841984431,0.12885498645759763,3.4299999999999993e-05,0.41433139772642225
429,0.41363913956142606,0.28743040362993877,0.00872813860575358,0.1174805951260385,0.13277060850745157,3.4299999999999993e-05,0.4143071779750643
430,0.4143665972210112,0.28745718683515276,0.008728245326450893,0.11818116215013322,0.12970383252416337,3.4299999999999993e-05,0.41433033080328086
431,0.41448048069363547,0.28745790209089006,0.0087313141141619,0.1182912630694253,0.13024776932739077,3.4299999999999993e-05,0.41446064140115463
432,0.4144154418082464,0.28747505801064627,0.008711230187189011,0.11822915219125293,0.13124159893819265,3.4299999999999993e-05,0.41441180138360884
433,0.414518110808872,0.287485028448559,0.00870368140084403,0.11832939861785798,0.13043042116221928,2.4009999999999995e-05,0.41433574985890165
434,0.4147723436355591,0.2874585855574835,0.00871449765704927,0.11859925829228901,0.1315392213917914,2.4009999999999995e-05,0.41437357016972126
435,0.413822504168465,0.2871820279530117,0.008718826657249814,0.11792164856479281,0.1302323594689369,2.4009999999999995e-05,0.41432518487884884
436,0.4145654227052416,0.2873419886543637,0.008732389268420992,0.11849104286659332,0.1300060971861794,2.4009999999999995e-05,0.41430404291266487
437,0.41476583310535975,0.287294849611464,0.008700076738993328,0.11877090519382841,0.12689274705591655,2.4009999999999995e-05,0.4143344551608676
438,0.4142481622241792,0.2872491723015195,0.008729723521641322,0.11826926505281812,0.12874492534569332,2.4009999999999995e-05,0.4143594035931996
439,0.4130455831686656,0.2873325484139579,0.008689586321512859,0.11702344694307872,0.13103212742578416,2.4009999999999995e-05,0.4143000479539235
440,0.4138842645145598,0.28729779181026277,0.008709490866888138,0.11787698034729277,0.13077555554253714,2.4009999999999995e-05,0.41425181468327843
441,0.41389226629620507,0.287367665483838,0.008712613014947801,0.11781198666209267,0.12973214394989468,2.4009999999999995e-05,0.4141929932435354
442,0.4138480189300719,0.28731239097458977,0.00871577262878418,0.11781985447520302,0.13003842057216736,2.4009999999999995e-05,0.4141362509557179
443,0.4142427657331739,0.2872280779339018,0.008706229073660714,0.11830845851273764,0.13224980377015613,2.4009999999999995e-05,0.41410871644814806
444,0.41445499403136116,0.2874502752508436,0.008675735337393624,0.11832898081768127,0.13202551518167768,2.4009999999999995e-05,0.41407698148772826
445,0.41472648353803726,0.28746567907787507,0.008694816771007719,0.11856598591520673,0.1326374861456099,2.4009999999999995e-05,0.41416737942468557
446,0.4144280186721257,0.2873239395164308,0.008703498613266717,0.1184005787684804,0.1328938494126002,2.4009999999999995e-05,0.414153639021374
447,0.4150565522057669,0.28743961169606164,0.008699170748392741,0.118917767845449,0.13024768105575016,2.4009999999999995e-05,0.4141827109314146
448,0.41506277294386,0.28713855204128086,0.008700469561985561,0.1192237492828142,0.130942802911713,2.4009999999999995e-05,0.4142641720033827
449,0.41388508336884633,0.2874091917560214,0.00869369733901251,0.11778219242890677,0.1305258252790996,2.4009999999999995e-05,0.4143481220234008
450,0.41431879968870255,0.2871670075825283,0.008707561947050548,0.11844422810134433,0.13120311463163012,2.4009999999999995e-05,0.41439157554081507
451,0.4127803331329709,0.2872910380363464,0.008686221213567824,0.11680307047707694,0.13270584564833415,2.4009999999999995e-05,0.41428038222449165
452,0.41430513830412,0.2872315506140391,0.008688288643246606,0.11838529663426535,0.13122109380506333,2.4009999999999995e-05,0.4143260941618965
453,0.41471804011435737,0.2873386615798587,0.008709987004597982,0.11866939082032159,0.13016008195422946,2.4009999999999995e-05,0.4143736216000148
454,0.4140761156876882,0.2873807492710295,0.008679337728591193,0.11801602705603555,0.13163857268435614,2.4009999999999995e-05,0.41433573376564753
455,0.41421608272052945,0.28733758273578824,0.008686394918532599,0.11819210329226085,0.13189690290462402,2.4009999999999995e-05,0.41428469368389675
456,0.4136749003614698,0.2872765322526296,0.008669049399239676,0.11772931615511577,0.1318441405892372,1.6806999999999997e-05,0.4142093818528312
457,0.41424663606144135,0.28725275510833376,0.00868364969889323,0.11831022877068746,0.13104780451172873,1.6806999999999997e-05,0.4141283902383986
458,0.4132779405230568,0.2872626628194537,0.008669166337876092,0.11734610959177925,0.13118702045508793,1.6806999999999997e-05,0.4139499069963183
459,0.4139680118787856,0.287242652404876,0.008662162508283342,0.11806319519167854,0.13084429474104017,1.6806999999999997e-05,0.4139581998473122
460,0.4147683208897,0.2872403650056748,0.008681797981262207,0.118846157902763,0.13095721815313613,1.6806999999999997e-05,0.41400315196741194
461,0.4148762101218814,0.2872054792585827,0.008683735983712332,0.11898699502150217,0.12948714402459915,1.6806999999999997e-05,0.414212739666303
462,0.41444438298543296,0.2872313851401919,0.008671819596063522,0.11854117619139808,0.13285163740317027,1.6806999999999997e-05,0.4142266641344342
463,0.41373953024546306,0.2870704369885581,0.00868564106169201,0.11798345056318102,0.13199050185226258,1.6806999999999997e-05,0.41412881314754485
464,0.41414665409496854,0.2871939099970318,0.008679557981945219,0.11827318398725419,0.13107198845772516,1.6806999999999997e-05,0.4141358669882729
465,0.41365980023429505,0.28721561772482734,0.008671402931213379,0.11777277815909613,0.12951711955524625,1.6806999999999997e-05,0.41408023873964944
466,0.4139714439709981,0.2871988126209804,0.008680594535101028,0.11809203418947402,0.1328335770538875,1.6806999999999997e-05,0.4141098931006023
467,0.413737914675758,0.2872665019262405,0.008672121592930385,0.11779928902784984,0.13141338065976188,1.6806999999999997e-05,0.41405902096203395
468,0.4142188120455969,0.2870336030210767,0.008683790479387556,0.11850141641639528,0.12943782820588068,1.6806999999999997e-05,0.41415310811428796
469,0.4140210549036662,0.2873384251481011,0.008685993012927827,0.11799663716838474,0.13206610899595989,1.6806999999999997e-05,0.41415841241677603
470,0.41404974432218644,0.2872384392079853,0.008688844953264508,0.11812245810315722,0.13211657710018612,1.1764899999999996e-05,0.41408655476002465
471,0.4135745147864024,0.28708785743940446,0.008675856817336309,0.11781079769134521,0.13133057944831394,1.1764899999999996e-05,0.4139563852264768
472,0.4131356500443958,0.2872765768141974,0.008683654240199498,0.11717541615168253,0.1311325286115919,1.1764899999999996e-05,0.41382551193237305
473,0.41405098636945087,0.28706584544408886,0.008693539528619676,0.11829159997758411,0.13049274746860776,1.1764899999999996e-05,0.4138566575447718
474,0.41496057709058126,0.2871698836485545,0.008681011199951173,0.11910968032621203,0.13172950694958369,1.1764899999999996e-05,0.41393804984433313
475,0.4137367722533998,0.28716500146048407,0.008681590216500418,0.11789017830576215,0.12988862019209635,1.1764899999999996e-05,0.41394574704624365
476,0.4149375725360144,0.28704906900723776,0.008665714945111955,0.11922278617109572,0.12996431099517006,1.1764899999999996e-05,0.4140423599027452
477,0.41500373369171506,0.28710265102840604,0.008665893191382999,0.11923518833659943,0.13098658812897546,1.1764899999999996e-05,0.41416894180434094
478,0.41338887214660647,0.2872394300642468,0.00865167776743571,0.11749776225714456,0.13347416534310297,1.1764899999999996e-05,0.4140859478144419
479,0.41455036061150685,0.2872234724816822,0.008677555265880767,0.11864933094808033,0.13177948736009143,1.1764899999999996e-05,0.41413887838522595
480,0.41354653381166007,0.28713626520974295,0.00866107145945231,0.11774919409127463,0.13056228217624483,1.1764899999999996e-05,0.4140885573341733
481,0.4141801885196141,0.28698044617970786,0.008675758043924968,0.11852398266394933,0.13202163051991236,1.1764899999999996e-05,0.4141491247074945
482,0.41350708036195666,0.2872759515330905,0.008666563034057616,0.11756456451756614,0.13189982913789294,1.1764899999999996e-05,0.41418626773925055
483,0.41362401303790863,0.28712749367668516,0.00865477266765776,0.11784174570015499,0.13165196371929985,1.1764899999999996e-05,0.4141435704060964
484,0.4137799004713694,0.2871176594779605,0.008663740612211682,0.11799849896203904,0.13056683504865282,8.235429999999996e-06,0.41402550274417516
485,0.41411804358164467,0.28716743616830737,0.008655133701506116,0.118295471512136,0.12979934293599354,8.235429999999996e-06,0.41406362987699963
486,0.41434796764737086,0.2871929180054438,0.008654115313575381,0.11850093219961438,0.13236538852964128,8.235429999999996e-06,0.41400466938813524
487,0.4135696530342102,0.2869763351622082,0.008647232963925316,0.11794608242454983,0.12988034032640003,8.235429999999996e-06,0.41386126132238477
488,0.4139270898841676,0.2870499781199864,0.00866447062719436,0.11821263943399701,0.13004578948020934,8.235429999999996e-06,0.4139150830961409
489,0.4135103347755614,0.287205160515649,0.008639580862862723,0.11766559190693356,0.1315876068103881,8.235429999999996e-06,0.41381108051254634
490,0.4141576131184896,0.28721979884874255,0.008675387927464076,0.11826242414258775,0.13083582584347045,8.235429999999996e-06,0.4138721884432293
491,0.41416710246176947,0.28695633581706453,0.008689152626764207,0.11852161245686667,0.13295249286152067,8.235429999999996e-06,0.41387087983744486
492,0.4145299968265352,0.2871359700248355,0.008683015051342191,0.11871100955066227,0.13192215576058341,8.235429999999996e-06,0.41397317148390267
493,0.4130032933893658,0.2870509794780186,0.008658523786635626,0.11729378806693214,0.13154587752762295,8.235429999999996e-06,0.4139110995190484
494,0.41356824466160363,0.28703249267169406,0.008656441597711471,0.11787930819250289,0.12956822755790892,8.235429999999996e-06,0.41388993393807183
495,0.41409751375516257,0.2870996097723643,0.008641337213062105,0.1183565657053675,0.12907057716732934,5.764800999999997e-06,0.4138878809554236
496,0.4130585985524314,0.28711237708727516,0.008645910308474586,0.11730030902794429,0.132987338801225,5.764800999999997e-06,0.41375894404592967
497,0.4129969965843927,0.2871297078473227,0.008673977851867676,0.11719330904029665,0.12993841703448977,5.764800999999997e-06,0.41370167840094796
498,0.4144855328968593,0.28707283110845655,0.00867586817060198,0.11873683006990524,0.13107570083368392,5.764800999999997e-06,0.4137575227022171
499,0.4146886553083147,0.28702844580014547,0.00866316727229527,0.11899703968138922,0.129683613493329,5.764800999999997e-06,0.4138753547554924
500,0.41350158452987673,0.28708139288993106,0.008660909107753209,0.11775928125495003,0.13029066161030814,5.764800999999997e-06,0.41380975189663116
501,0.41362557950473966,0.2871013383070628,0.008662567819867815,0.11786167096524011,0.13198993298269454,5.764800999999997e-06,0.4137555996009281
502,0.4141330946059454,0.2871335131781442,0.008677849315461658,0.118321730977013,0.12937555604037784,5.764800999999997e-06,0.41371590937886926
503,0.41498679603849137,0.2871612006709689,0.008670955612545921,0.1191546381229446,0.1294030547851608,5.764800999999997e-06,0.4139142596437817
504,0.41465639897755213,0.28717304610070726,0.00867754164196196,0.11880580960285096,0.12939397685584567,5.764800999999997e-06,0.41402307507537656
505,0.4134674373127165,0.28703290820121763,0.008665084838867188,0.11776944221485229,0.1314687525232633,5.764800999999997e-06,0.413960067431132
506,0.4138532374586378,0.28717747756413053,0.008674187887282598,0.11800156845932915,0.1299465639250619,5.764800999999997e-06,0.41403953132175264
507,0.4136711290904454,0.2869877644947597,0.008656227020990281,0.11802713395584197,0.1316713857508841,5.764800999999997e-06,0.41410694457235786
508,0.4139335970083872,0.2872555868966239,0.00864624750046503,0.11803176012777147,0.1303487099352337,5.764800999999997e-06,0.41405175098351066
509,0.4134955939792451,0.28710515868096126,0.00864361013684954,0.11774682260694957,0.1320447141925494,4.035360699999998e-06,0.41393244485060376
510,0.41324060616039093,0.2870615558964866,0.00864029952457973,0.11753875024261928,0.13080709810767854,4.035360699999998e-06,0.41390634701365514
511,0.41288839692161194,0.2870066205660502,0.00864761783963158,0.11723415702581405,0.1314447202143215,4.035360699999998e-06,0.4138326287553424
512,0.4142165623960041,0.28712800656046183,0.008632305690220424,0.11845624936478479,0.1298467782281694,4.035360699999998e-06,0.41384097553434823
513,0.41266169462885177,0.28701217288062686,0.008653532891046433,0.11699598545119876,0.13166093975305557,4.035360699999998e-06,0.41360846539338436
514,0.4139503430752527,0.2870785182430631,0.008658561252412341,0.11821326145104,0.13106317002148854,4.035360699999998e-06,0.4135378598031544
515,0.41423612378892444,0.2869521697362264,0.008667890230814617,0.11861606346709387,0.13267016276007607,4.035360699999998e-06,0.4136147284507752
516,0.41340531735193164,0.2871048825127738,0.008659788540431432,0.11764064317657834,0.1337133506933848,4.035360699999998e-06,0.41356993644010454
517,0.4148596139181228,0.2871474933056604,0.00865614754813058,0.11905597164517358,0.13180098491055625,4.035360699999998e-06,0.41368878492287225
518,0.4150081966604505,0.2870664789563134,0.008668331872849237,0.11927338526362465,0.13134393777166095,4.035360699999998e-06,0.4137962448880786
519,0.4134365606875647,0.2869488852364676,0.008671150888715472,0.11781652193693888,0.13085922861383076,4.035360699999998e-06,0.4137903415589105
520,0.41468328861963183,0.28708298348245165,0.008643866720653716,0.1189564368554524,0.1307215078955605,4.035360699999998e-06,0.4139346098048346
521,0.41363268806820824,0.28708579767318,0.008649283363705589,0.11789760667653311,0.1320310347136997,4.035360699999998e-06,0.41400903891949425
522,0.4143367991560981,0.28708390224547614,0.008654700006757464,0.11859819449129559,0.13193871478239697,4.035360699999998e-06,0.4140210625955037
523,0.4143603909583319,0.28709678990500315,0.008649971371605282,0.1186136265595754,0.13131578422728038,4.035360699999998e-06,0.4141909322284517
524,0.4143411905992599,0.28707957154228575,0.008648312659490676,0.11861330512024107,0.13120483379988443,4.035360699999998e-06,0.41423001698085243
525,0.414200754960378,0.2871653690224602,0.008666995593479701,0.1183683876480375,0.1320818441254752,4.035360699999998e-06,0.41422648009799773
526,0.41385380228360497,0.2867918184825352,0.008673913138253348,0.11838806839216323,0.1302863385705721,2.8247524899999986e-06,0.4142713285911651
527,0.41224000255266824,0.2870545583111899,0.008637369246709915,0.11654807201453618,0.13200434715974899,2.8247524899999986e-06,0.4140093674546196
528,0.4138847915899186,0.2868871433394296,0.00867448988414946,0.11832315751484462,0.1317627762754758,2.8247524899999986e-06,0.41389702694756647
529,0.41317357477687655,0.28699499510583426,0.008659126645042783,0.11751945196163087,0.13120189940645582,2.8247524899999986e-06,0.41387072835649763
530,0.4132672116869972,0.28711345593134563,0.008642201196579706,0.11751155243033455,0.13148941482816423,2.8247524899999986e-06,0.4137291206632342
531,0.4132281984601702,0.2871529533749535,0.008643384206862677,0.11743185988494328,0.1304034994471641,2.8247524899999986e-06,0.41368867170243034
532,0.4144449259553637,0.287011042095366,0.008664453597295852,0.11876942827588036,0.13155459591320584,2.8247524899999986e-06,0.413699484382357
533,0.4136074332963853,0.28708357158161346,0.008659990628560384,0.11786386860268457,0.13159798234701156,2.8247524899999986e-06,0.41362418861616224
534,0.4140083460580735,0.2870968319120861,0.008653294472467331,0.11825821768669854,0.1324003096137728,2.8247524899999986e-06,0.4135909041620437
535,0.41327988505363467,0.2870011065687452,0.008667984462919689,0.1176107916094008,0.13341649884269352,2.8247524899999986e-06,0.4134988171713694
536,0.41354994007519313,0.28708322218486243,0.008664620490301223,0.117802095413208,0.13169878387735004,2.8247524899999986e-06,0.4134684309505281
537,0.4138743057137444,0.287073415517807,0.008667304402305967,0.11813358316818873,0.13091008741231192,1.977326742999999e-06,0.4136318612666357
538,0.4139421414761316,0.28692959064529056,0.008642502058120002,0.11837004870176315,0.1307558605358714,1.977326742999999e-06,0.41363759625525703
539,0.41416769595373243,0.2871442510968163,0.00864267803373791,0.11838076568785168,0.13115930138599305,1.977326742999999e-06,0.4137370083729427
540,0.4138393790948959,0.2870705783367157,0.00864546639578683,0.11812333258844557,0.13166649660893848,1.977326742999999e-06,0.4137942251137325
541,0.4137870416754768,0.2870588929880233,0.008636870838346935,0.11809127621707462,0.12997462181817918,1.977326742999999e-06,0.4138501094352631
542,0.41353741657166254,0.2869094851471129,0.00865757011231922,0.11797035889966147,0.13034394057024093,1.977326742999999e-06,0.413759358496893
543,0.4137330568972088,0.28696242656026566,0.008639710290091378,0.11813091955014637,0.13176178250994,1.977326742999999e-06,0.41377192085697534
544,0.4147384155364264,0.28703359706061227,0.008655640057155065,0.11904917785099574,0.1314097477566628,1.977326742999999e-06,0.4138449278048106
545,0.4140399745532444,0.28686175999187286,0.008656296275910877,0.11852191587289175,0.130274907322157,1.977326742999999e-06,0.4139209367547717
546,0.4130544778846559,0.28697111890429544,0.008658535139901297,0.11742482171172187,0.13185835445211047,1.977326742999999e-06,0.413871390535718
547,0.41428070948237466,0.2870631036304292,0.008646128291175479,0.11857147607065383,0.13161913610640028,1.977326742999999e-06,0.41391203091258094
548,0.41459467183975945,0.2871071069013505,0.008652087620326451,0.11883547625371388,0.1299100643112546,1.3841287200999992e-06,0.4139772839489437
549,0.413569237220855,0.2869533677895864,0.008643293380737304,0.11797257441849936,0.13017827832982654,1.3841287200999992e-06,0.413917438075656
550,0.4129489245868865,0.28710301092692786,0.008644853319440569,0.11720105892135983,0.13030312799272084,1.3841287200999992e-06,0.41382839262485505
551,0.41354508456729705,0.28692747496423265,0.008661188398088727,0.11795641886336462,0.1325575985369228,1.3841287200999992e-06,0.4138041969140371
552,0.4140057413350968,0.28698219656944274,0.008631172634306409,0.11839237064123154,0.13186721141849245,1.3841287200999992e-06,0.41385102939038054
553,0.41441788162503923,0.2870120990844,0.008649057433718728,0.11875672404255186,0.13063091919535683,1.3841287200999992e-06,0.4139195118631635
554,0.41378882839566183,0.28700157886459715,0.008651192982991536,0.11813605441933586,0.13116907825072607,1.3841287200999992e-06,0.41382455314908706
555,0.41405749973796663,0.2869588119643075,0.008647424834115165,0.11845125882398515,0.1321261221454257,1.3841287200999992e-06,0.41382630566755924
556,0.41367662094888236,0.2870144980294364,0.008636659667605446,0.1180254611940611,0.13075555023692903,1.3841287200999992e-06,0.41388851997398196
557,0.41423686004820326,0.2870518431777046,0.008657138688223702,0.11852787555683227,0.13052702198425928,1.3841287200999992e-06,0.41388413503056476
558,0.41323635861987157,0.2871706559544518,0.008645313126700265,0.11742038570699237,0.13039119293292364,1.3841287200999992e-06,0.41374830370857607
559,0.4134157566797166,0.2870472428344545,0.008655313083103725,0.11771319842054731,0.13109303734132222,9.688901040699995e-07,0.4137329556544621
560,0.4141806210790362,0.28699010128066654,0.008654186839149113,0.1185363307595253,0.13046954565104985,9.688901040699995e-07,0.4138561253036771
561,0.4142288707551502,0.286924801270167,0.008651463190714519,0.11865260544277373,0.1307276786792846,9.688901040699995e-07,0.41392450392246244
562,0.4133100137824104,0.2869946037020002,0.008659013112386068,0.11765639377491814,0.13228710272482463,9.688901040699995e-07,0.41385493116719385
563,0.41436733773776463,0.2870077556087857,0.008663975624811082,0.11869560458830425,0.1303147886480604,9.688901040699995e-07,0.41384987677846635
564,0.4131179576828366,0.2869249000435784,0.008660838717506045,0.11753221665109907,0.1303266431604113,9.688901040699995e-07,0.41378278970718385
565,0.4136373460292816,0.28697492338362196,0.008645188240777878,0.11801723156656538,0.13107388345968154,9.688901040699995e-07,0.4137407743363153
566,0.4130757601488204,0.2869338046936762,0.008639039312090193,0.11750291273707435,0.1320100371326719,9.688901040699995e-07,0.4136806882563091
567,0.4136892409551711,0.28700821342922395,0.008654779479617165,0.11802624740770885,0.1311547793802761,9.688901040699995e-07,0.4136259263470059
568,0.4138290192399706,0.2870825282164982,0.008638437589009602,0.11810805194434665,0.13078083183084216,9.688901040699995e-07,0.4136851924090158
569,0.4132214605808258,0.2869739600590297,0.008626783461797806,0.11762071592467171,0.130557824245521,9.688901040699995e-07,0.41366576279912676
570,0.4141847857407161,0.2872495004108974,0.00866157440912156,0.11827370829525448,0.13076917536201932,6.782230728489996e-07,0.4136661792652947
571,0.4138679569675809,0.2869659982976459,0.00864714327312651,0.11825481270040784,0.1297709821945145,6.782230728489996e-07,0.4136300878865378
572,0.4143989457970574,0.28705946036747526,0.008636962799798874,0.11870252071391968,0.1310520121029445,6.782230728489996e-07,0.4137389810880025
573,0.41377307573954264,0.2869233982903617,0.008645249548412505,0.11820442790076846,0.13079196789434977,6.782230728489996e-07,0.4136795548881803
574,0.41500121241524107,0.28692548587208705,0.00864401204245431,0.11943171201717286,0.13043689280748366,6.782230728489996e-07,0.41386788036142075
575,0.4136966904004415,0.2869926041080838,0.00865748609815325,0.11804659749780383,0.13030951349508194,6.782230728489996e-07,0.4138738147985368
576,0.41421845668838136,0.2869843045870463,0.008650042897179014,0.11858410714637665,0.13203537634440832,6.782230728489996e-07,0.4139880844524929
577,0.4128365224316007,0.28688357813017706,0.008675477618262881,0.11727746576070786,0.13105494550296237,6.782230728489996e-07,0.41390281260013584
578,0.4143062583037785,0.2869293973559425,0.008643086751302083,0.11873377100342795,0.1312453351560093,6.782230728489996e-07,0.41395053650651653
579,0.41397065236454916,0.2869589774381547,0.008651326951526461,0.11836034520750954,0.13242475028548922,6.782230728489996e-07,0.4140254556848889
580,0.4132698856648945,0.2868545376119159,0.00866190024784633,0.11775344532160532,0.13053189650887534,6.782230728489996e-07,0.4139339656773068
581,0.4126652249268123,0.2869452144418444,0.008654476347423735,0.1170655308734803,0.13162346262307395,4.747561509942997e-07,0.4138136924732299
582,0.41320602751913527,0.28703797856966656,0.008668094589596703,0.11749995286975588,0.13034325391054152,4.747561509942997e-07,0.4136944006454377
583,0.41252271419479736,0.2870031913121541,0.008668052582513719,0.11685146881001336,0.13042742900905155,4.747561509942997e-07,0.41356936449096315
584,0.41472718602135067,0.28704645690463837,0.008645221165248325,0.11903550702901114,0.1301050188995543,4.747561509942997e-07,0.41354196185157416
585,0.41320800412268865,0.28682265054611933,0.00864546639578683,0.11773988675503504,0.13265069801182974,4.747561509942997e-07,0.4134930932237989
586,0.41269222980453857,0.28691479847544715,0.008645860354105632,0.11713156827858516,0.13043909250270752,4.747561509942997e-07,0.41334047053541456
587,0.413277781861169,0.2871285378932953,0.008633661270141601,0.11751558142048972,0.1317857510277203,4.747561509942997e-07,0.41338459647837134
588,0.413453627768017,0.2870207025891259,0.008660460653759184,0.11777246402842657,0.13096200284503756,4.747561509942997e-07,0.4132993334247953
589,0.41314073375293187,0.2868575266429356,0.008648373967125303,0.11763483193658647,0.1327199636470704,4.747561509942997e-07,0.41321634156363346
590,0.4135900676250458,0.2871327735128857,0.00866045043582008,0.11779684147664479,0.1319572735400427,4.747561509942997e-07,0.4132483597596487
591,0.41403635768663316,0.2870436131954193,0.008638601076035273,0.11835414171218872,0.13270134791022256,4.747561509942997e-07,0.4133854730356307
592,0.41339115727515446,0.2870129866259439,0.008650781994774228,0.11772738680953071,0.13452072108075733,4.747561509942997e-07,0.41340398601123257
593,0.41383812058539615,0.28706656921477547,0.00864887691679455,0.11812267246700468,0.13091183687959398,4.747561509942997e-07,0.41353552665029253
594,0.4130881247066316,0.28684573826335724,0.00865858168829055,0.11758380390348888,0.13176045758383614,4.747561509942997e-07,0.41337162051882065
595,0.41380656929243176,0.28689914232208613,0.00864763032822382,0.11825979472625824,0.13075163995935804,4.747561509942997e-07,0.41343147703579497
596,0.4131473433403742,0.2869350853420439,0.00866460573105585,0.11754765212535859,0.1327056082941237,4.747561509942997e-07,0.4134769883893785
597,0.4138539101396288,0.28706375559171043,0.008651051067170642,0.1181391016358421,0.1320852993499665,4.747561509942997e-07,0.41353460121722446
598,0.4133076301642827,0.28689331412315366,0.008655839874630882,0.11775847496021362,0.13015123839889253,4.747561509942997e-07,0.4135200014568511
599,0.4143152449812208,0.2868025419257936,0.008645876248677572,0.11886682652291797,0.1302591005251521,4.747561509942997e-07,0.4136374525796799
600,0.41419719798224314,0.28709209305899486,0.008642693928309849,0.11846241014344351,0.13133280866202854,4.747561509942997e-07,0.4136981656153996
601,0.4151366480759212,0.28680351773897805,0.008630867231459845,0.11970225906088239,0.12982886809678304,3.3232930569600976e-07,0.41380819465432844
602,0.41372138772691996,0.28692702111743745,0.0086604186466762,0.11813394597598485,0.1304092485280264,3.3232930569600976e-07,0.41384121769950505
603,0.41424727950777324,0.2870989141010103,0.00866974876040504,0.11847861416283108,0.1296768510625476,3.3232930569600976e-07,0.41388213359174275
604,0.4143172292482285,0.2871576243922824,0.00865348293667748,0.11850611908095224,0.13166822705950057,3.3232930569600976e-07,0.41400504404590244
605,0.41362998627481007,0.28700487046014694,0.008653929120018368,0.11797118655272892,0.1303925714322499,3.3232930569600976e-07,0.4139873857441403
606,0.4133447479634058,0.2871833846682594,0.00864751452491397,0.11751384735107422,0.13153457655793144,3.3232930569600976e-07,0.4140071262064434
607,0.41477662041073754,0.2870046743324825,0.00865402789342971,0.11911791690758296,0.13035924498523985,3.3232930569600976e-07,0.41409939723355427
608,0.41370964447657266,0.28694425452323186,0.008660187040056501,0.11810520184891564,0.13092813080265409,3.3232930569600976e-07,0.4141395986647833
609,0.4131510921886989,0.2870323978719257,0.00865529491787865,0.11746339883123125,0.13342490380718594,3.3232930569600976e-07,0.414023183385531
610,0.41399028698603313,0.2870463076091948,0.008649463880629767,0.11829451457375571,0.13334571016686303,3.3232930569600976e-07,0.4140024922859101
611,0.4137789970352536,0.28715264257930573,0.008644295874096099,0.11798205964622044,0.13279700336002168,3.3232930569600976e-07,0.41386672718184336
612,0.4144892283848354,0.28703464950834,0.008654241334824335,0.11880033505814416,0.1336455128732182,2.326305139872068e-07,0.4139435112476349
613,0.4133795755250113,0.28705150485038755,0.008660121191115606,0.11766794756764458,0.13125971726008823,2.326305139872068e-07,0.41385674084935864
614,0.4142233507973807,0.28697483653113953,0.008647830145699637,0.11860068220467794,0.1305234432930038,2.326305139872068e-07,0.4138473530042739
615,0.4133337670848483,0.28691859529131936,0.00864219551994687,0.11777297528017135,0.1315526186000733,2.326305139872068e-07,0.4138177310852777
616,0.41432881695883617,0.28697845566840396,0.008641274770100911,0.11870908453350976,0.13003239021414803,2.326305139872068e-07,0.41391613798482074
617,0.4135894624959855,0.2870073937234424,0.008645860354105632,0.11793620643161593,0.13268985258681434,2.326305139872068e-07,0.41379742219334553
618,0.41394372610818775,0.28698412208330065,0.008638857659839448,0.1183207455135527,0.1300389161422139,2.326305139872068e-07,0.4138208303565071
619,0.4143306621483394,0.28691065793945675,0.00867367358434768,0.11874632899250304,0.13033451196693238,2.326305139872068e-07,0.41393878735247114
620,0.412809206474395,0.2868964189574832,0.008666558492751348,0.11724622760500227,0.13101184573911484,2.326305139872068e-07,0.41382067930130734
621,0.4129240078585488,0.2869763961860112,0.008652883484250024,0.11729472492422377,0.13150123811903455,2.326305139872068e-07,0.4137351803836369
622,0.4134969509783245,0.28695423148927235,0.00865765753246489,0.11788506174371356,0.13268167695828847,2.326305139872068e-07,0.41363595264298575
623,0.4143636274905432,0.2869011382261912,0.00866739409310477,0.11879509332634154,0.13080365572656905,1.6284135979104476e-07,0.4137343578395389
624,0.4147520383199056,0.287139934585208,0.008664963358924502,0.1189471376084146,0.13126890936068125,1.6284135979104476e-07,0.4137872265917915
625,0.41387686190151035,0.2869577734243302,0.008652927761986142,0.1182661608571098,0.13097763402121407,1.6284135979104476e-07,0.41384153607345764
626,0.4137356122334798,0.28693849557922,0.008653734979175386,0.1181433794044313,0.13056715166284924,1.6284135979104476e-07,0.413782215600922
627,0.41338096204258146,0.28691551032520474,0.00864898817879813,0.11781646062930425,0.13039865962096622,1.6284135979104476e-07,0.4137613655555816
628,0.4144164133639563,0.2870791148571741,0.008653714543297178,0.11868358289911633,0.13026745844454993,1.6284135979104476e-07,0.4138086342811585
629,0.4148678265866779,0.287074373449598,0.008637942586626325,0.11915551005374818,0.12965844160034543,1.6284135979104476e-07,0.4138623507249924
630,0.415394678853807,0.2869893062682379,0.008654795374189105,0.11975057479881104,0.13038243729443777,1.6284135979104476e-07,0.4141208979629335
631,0.4139233387651898,0.28700935698690866,0.008650185948326474,0.11826379391409102,0.1324716146503176,1.6284135979104476e-07,0.4142208310535976
632,0.4134089163371495,0.28705217440923053,0.008646300860813685,0.11771043815783092,0.1310612169050035,1.6284135979104476e-07,0.41421202758948006
633,0.41413838863372804,0.2870672594933283,0.008660927272978283,0.11841020129975818,0.13099246017989657,1.6284135979104476e-07,0.4141895037037986
634,0.41458493840126764,0.2870018442471822,0.008649858974275134,0.11893323127712523,0.12959523222276143,1.1398895185373132e-07,0.4141727937119348
635,0.41376020851589385,0.2870860888844445,0.0086593230565389,0.11801479607820511,0.1325667149254254,1.1398895185373132e-07,0.41416112837337316
636,0.4142369383857364,0.28705296516418455,0.008639116514296758,0.11854485592671803,0.13029158115386963,1.1398895185373132e-07,0.4142112609885988
637,0.4129188554627555,0.2870157267366137,0.008664110728672573,0.11723901572681608,0.131476543985662,1.1398895185373132e-07,0.4141650503306161
638,0.4136629479272025,0.2870909475144886,0.008661842346191407,0.11791015579586937,0.13158286660909652,1.1398895185373132e-07,0.41408970378694077
639,0.4141657795224871,0.28701041653042747,0.00865899267650786,0.11849636988980429,0.13074681482144765,1.1398895185373132e-07,0.41401949908052166
640,0.4148711968035925,0.28698691385132924,0.0086537690389724,0.1192305110040165,0.13009550926231203,1.1398895185373132e-07,0.41396715087550023
641,0.41294521802947637,0.2870743356999897,0.008646529061453682,0.11722435220366433,0.1302609635960488,1.1398895185373132e-07,0.41386933880192894
642,0.4144093541871934,0.28705026564143954,0.008650667326790946,0.11870841901926767,0.13322117087386903,1.1398895185373132e-07,0.41396938258693333
643,0.4128245819182623,0.28703218386286783,0.008642225038437616,0.11715016939810344,0.13139846119142715,1.1398895185373132e-07,0.4138380019153868
644,0.41368359327316284,0.2868745460396721,0.00864347049168178,0.11816557234241849,0.130843809956596,1.1398895185373132e-07,0.4137478674025763
645,0.4141295103799729,0.286978326525007,0.008658262661525182,0.11849291913566135,0.13028180925619035,1e-07,0.4137847975889842
646,0.41415719985961913,0.287079804284232,0.008666161128452846,0.11841123217628116,0.1324985555240086,1e-07,0.4137768237363725
647,0.41447728929065525,0.2870676855246226,0.008635707128615607,0.11877389465059553,0.1294102140125774,1e-07,0.41393266711916243
648,0.4137553345589411,0.2869730821677617,0.00867636317298526,0.11810588744424638,0.13089312456903004,1e-07,0.41394190578233625
649,0.41378241380055747,0.2869423982642946,0.008652218182881673,0.11818779706954956,0.1313846319204285,1e-07,0.41390356921014326
650,0.4135165961015792,0.28698317067963736,0.008645240465799968,0.11788818445943651,0.13202283595289502,1e-07,0.413768109139942
651,0.4141118903954824,0.2869912644227346,0.008641464369637626,0.11847915990012033,0.1323350577836945,1e-07,0.41388477637654264
652,0.4144783485503424,0.2870286825157347,0.008650246120634534,0.11879941735948835,0.1317292842127028,1e-07,0.4138916758128575
653,0.41465115490413845,0.2870413785889035,0.008629947616940453,0.11897982656955719,0.13058392178444636,1e-07,0.4140743331114451
654,0.41428324296360924,0.28684560117267427,0.008653485207330613,0.11878415516444615,0.131392154168515,1e-07,0.41413429808048974
655,0.41471394186928157,0.287014673437391,0.008648521559579032,0.11905074559506916,0.132004733028866,1e-07,0.4141927412294207
656,0.4135003027461824,0.2871057941800072,0.008653523808433896,0.11774098397720428,0.13317481243894214,1e-07,0.41412705151807694
657,0.4143551497232346,0.2869701737449283,0.008659476325625465,0.11872549915597552,0.1319203393090339,1e-07,0.4141148375613349
658,0.41409420796803065,0.28696682538305013,0.008652467954726446,0.11847491264343261,0.12950868422076817,1e-07,0.4141487249022438
659,0.41332390166464306,0.28686743151573907,0.008628249168395996,0.11782821949039186,0.1309013863404592,1e-07,0.4141028736886524
660,0.4129364164102645,0.286911986555372,0.008656456356956846,0.11736797122728257,0.13165031458650317,1e-07,0.41404485571952093
661,0.414385860306876,0.2870585975192842,0.008657709757486979,0.11866955097232545,0.12984231078908556,1e-07,0.4140722527106603
662,0.41390649733089263,0.2871926866826557,0.008626618839445568,0.11808718982196989,0.130527730569953,1e-07,0.41401506758871526
663,0.4143145453362238,0.28696649897666204,0.008670359566098167,0.11867768594196865,0.13090802473681315,1e-07,0.41398140663192395
664,0.41360887516112554,0.2870081512700944,0.008654009728204636,0.11794671416282654,0.13134601577406838,1e-07,0.4139139698516755
665,0.4136865156037467,0.28701749188559394,0.00864807197025844,0.11802094919340951,0.12964658134040377,1e-07,0.41381122722512204
666,0.41345788609413875,0.2870434218928927,0.008647511118934269,0.11776695208890098,0.13133090273255393,1e-07,0.41380698555991763
667,0.41381403292928426,0.2867908849602654,0.00864257017771403,0.11838057750747318,0.13119357235374904,1e-07,0.41375287388052256
668,0.41436000296047754,0.28705870196932837,0.008637653078351702,0.11866364656459717,0.1307901810322489,1e-07,0.4137794533797673
669,0.41442598672140213,0.2868347576686314,0.00864524387177967,0.11894598276842208,0.129228457453705,1e-07,0.4138896618854432
670,0.41372555607841127,0.286918971935908,0.00865264960697719,0.11815393332924162,0.13149395074163164,1e-07,0.4139685758522579
671,0.4140442797115871,0.2871845469588325,0.00867371672675723,0.11818601503258659,0.13206176665567215,1e-07,0.41393441779272894
672,0.4139115021342323,0.2870123170671009,0.008660903431120373,0.11823828085547401,0.13297533300660905,1e-07,0.413934918273063
673,0.4149013346149808,0.28700216582843235,0.008656340553646997,0.1192428259622483,0.13194527001607986,1e-07,0.41399359720093865
674,0.41341443544342404,0.2870300829410553,0.008645867166065035,0.1177384832075664,0.13043296805449894,1e-07,0.4139741532291684
675,0.4137874203068869,0.28687247037887575,0.008657915251595634,0.11825703382492066,0.13137993954476856,1e-07,0.4139842436994825
676,0.4144431457633064,0.2871182779471079,0.008656074887230282,0.11866879307088397,0.13112932379756656,1e-07,0.4140827696663993
677,0.41430832601728895,0.28692232852890376,0.00864528360820952,0.11874071302868071,0.13043176645324345,1e-07,0.4141321989751997
678,0.41399580495698113,0.28697705751373653,0.008650005431402298,0.11836874002502078,0.13124726159232003,1e-07,0.4140957791748501
679,0.41454751860527767,0.28690324567613146,0.008673709914797828,0.11897056124040059,0.1314065545087769,1e-07,0.4141079323632376
680,0.4142487750166938,0.28702482268923807,0.008653209322974795,0.11857074130149114,0.13168980614060447,1e-07,0.41416025425706593
681,0.4138169098468054,0.28696411308788117,0.008649838538396926,0.11820295800765356,0.13169944854009719,1e-07,0.41413751727058773
682,0.41332736639749434,0.28699741278375895,0.00864418801807222,0.11768576417650495,0.1326821587625004,1e-07,0.414079103696914
683,0.4144288485958463,0.28696419908886867,0.008642012732369558,0.11882263471682866,0.13080643528983707,1e-07,0.41403185509500046
684,0.4131522221224649,0.28705980351993016,0.008658918880280994,0.11743349752255848,0.13163375102338337,1e-07,0.4140056337629045
685,0.4136441094534738,0.2869560866128831,0.0086445342926752,0.11804348776737848,0.13069530321019038,1e-07,0.41399130267756334
686,0.4145698388417562,0.28706124084336415,0.008660241535731724,0.11884835511445999,0.13074833012762524,1e-07,0.41400397198540817
687,0.41317951877911885,0.286967746984391,0.008633078847612654,0.11757869174083074,0.13074706693490346,1e-07,0.4138910912615913
688,0.41336419866198587,0.2868970879486629,0.008650582177298409,0.11781652711686634,0.13121165760925838,1e-07,0.41382793063209167
689,0.4143975734710693,0.2869358573641096,0.00864423116048177,0.1188174823919932,0.13012660635369164,1e-07,0.4138129361186708
690,0.41408024714106606,0.2869990459510258,0.008641120365687779,0.11844007940519424,0.12966405061029251,1e-07,0.4137960833311081
691,0.4145748873551687,0.2869015608515058,0.008628098169962566,0.11904522577921549,0.13085053712129593,1e-07,0.41387188108194445
692,0.4135383668399992,0.2869451136816116,0.008644965716770717,0.11794828559671129,0.13000316662447794,1e-07,0.41389298112619494
693,0.4144039548578716,0.2869379114537012,0.008643820172264463,0.11882222159987404,0.13071567983854385,1e-07,0.41389049175239745
694,0.41477470653397697,0.2868940279597328,0.00865422316959926,0.11922645497889746,0.13241384079058965,1e-07,0.41405274019354865
695,0.4142015888577416,0.2871639365241641,0.008660641170683362,0.11837701024044128,0.13187059603986287,1e-07,0.4141084881339755
696,0.41519221635091874,0.2870628061748686,0.008644253867013113,0.119485157089574,0.13157899081707,1e-07,0.4141707258848917
697,0.41447103534426005,0.286989001149223,0.008635121300106957,0.11884691097906658,0.1311448546392577,1e-07,0.4142998775414058
698,0.4137613404364813,0.2870107928911845,0.008646568797883534,0.11810397725729715,0.1312885895371437,1e-07,0.41433959171885537
699,0.4132189915293739,0.28697768506549653,0.00863808450244722,0.11760321976173492,0.13148859930889947,1e-07,0.41422173352468583
700,0.4148287838413602,0.2870803526469639,0.00863375323159354,0.11911467689843405,0.13035676238082705,1e-07,0.4142965871947152
701,0.41494385798772176,0.28706870334489004,0.008644961175464448,0.11923019190629323,0.1305480276544889,1e-07,0.4143334842579705
702,0.41452878827140444,0.2869618631544567,0.008642791566394624,0.11892413248618444,0.13127489749874388,1e-07,0.414432526401111
703,0.41302081091063364,0.2869629510811397,0.008645088332039969,0.1174127710717065,0.13113311770416441,1e-07,0.4142942120063872
704,0.414206858476003,0.2870251244022733,0.008641700517563593,0.11854003234988167,0.13112043057169234,1e-07,0.41423742720058987
705,0.4136467987582797,0.28710334641592844,0.008671177001226516,0.117872273567177,0.13085807540587016,1e-07,0.41418194819064375
706,0.4136183267547971,0.28697429810251507,0.008639284542628698,0.11800474304528463,0.13060928554761977,1e-07,0.4140245592310315
707,0.41347639106568834,0.2870898383004325,0.00866130647205171,0.11772524572554088,0.13077142494065422,1e-07,0.41392509480317435
708,0.41404490158671425,0.28696435633159817,0.00862714790162586,0.11845339593433199,0.13085218561547143,1e-07,0.4139534509181976
709,0.4136804208869026,0.2868773820854369,0.008635533423650832,0.11816750417153041,0.12895203197286242,1e-07,0.4139995938539506
710,0.41308533379009793,0.2868351527622768,0.008643417131333124,0.11760676190966651,0.13163957397143047,1e-07,0.4138252488488243
711,0.4132423801081521,0.2870338990574791,0.008630973952157157,0.1175775056083997,0.13058563286349886,1e-07,0.4136551010608673
712,0.41347803246407283,0.2869253581478482,0.008632268224443709,0.11792040538220179,0.13144083349477678,1e-07,0.41355002548013414
713,0.4133086533773513,0.28693860059692744,0.008645208676656087,0.11772484360706238,0.1326692767086483,1e-07,0.41357880972680594
714,0.41350405045918054,0.28700055792218165,0.00864655063265846,0.11785693828548705,0.1299444311431476,1e-07,0.41350852892512363
715,0.41448713228816075,0.2870309985819317,0.008635049774533226,0.11882108237062182,0.13057128950243904,1e-07,0.41359256227811175
716,0.41360542547135126,0.2869546492894491,0.008646277018955775,0.11800449781474613,0.13085326552391052,1e-07,0.41359127214976715
717,0.41288865634373256,0.2868171362649827,0.008651550610860188,0.11741996790681566,0.12997431535096396,1e-07,0.4135324986775717
718,0.4137697234040215,0.2869925663584755,0.008664680662609283,0.11811247453803107,0.1320945966101828,1e-07,0.4135049808593023
719,0.41433091873214356,0.2870926456792014,0.00865710349310012,0.1185811691340946,0.13047855013892765,1e-07,0.4135700306438264
720,0.4130581977821532,0.28689639029048736,0.00864707628885905,0.11751472928694316,0.1314844127921831,1e-07,0.41356731704303196
721,0.4135623894986652,0.28699832132884434,0.008638328597659157,0.1179257360242662,0.1318142702182134,1e-07,0.41359931798208327
722,0.4144817596390134,0.286884457724435,0.008653748603094192,0.11894355139562061,0.13088716048569907,1e-07,0.41369969069957735
723,0.41358342199098497,0.28712805765015736,0.00864435491107759,0.11781100829442342,0.13121421422277177,1e-07,0.4137271675609407
724,0.4136453259558905,0.28701777855555216,0.008641404197329566,0.11798614178385053,0.13069759330579211,1e-07,0.4137412951106117
725,0.41491967127436685,0.2869329923675174,0.008662325995309013,0.11932435241483506,0.1299983302752177,1e-07,0.41378454900923234
726,0.4140082901432401,0.28689305328187487,0.008644511586143856,0.11847072272073655,0.13152693744216645,1e-07,0.4138248354764212
727,0.41432653211411974,0.28715859538032895,0.008635131518046062,0.11853280386754445,0.1317835482813063,1e-07,0.4139686230534599
728,0.4134710314727965,0.28696731187048413,0.008650984082903181,0.11785273353258768,0.13081915967521213,1e-07,0.41393875386033746
729,0.4133264612583887,0.28683063813618254,0.008637032054719471,0.11785878688097,0.1307412558368274,1e-07,0.41383830811296185
730,0.41505839427312213,0.28702614392553055,0.00865437076205299,0.1193778782373383,0.13142186005910236,1e-07,0.4140383277620588
731,0.4141853908697764,0.28692933434531803,0.008656689098903112,0.11859936543873378,0.13030005998554683,1e-07,0.41410062789917
732,0.41341377865700496,0.2870391099225907,0.008668255805969239,0.1177064102320444,0.13157095447892234,1e-07,0.41399382980096905
733,0.41457333394459317,0.286902110633396,0.00866998036702474,0.11900124053160349,0.12937771209648677,1e-07,0.4140928209963299
734,0.4131557163738069,0.28685983334268844,0.008626303218659901,0.11766957867713201,0.1311036874141012,1e-07,0.41404386003812155
735,0.4126743867283776,0.28694468168985277,0.008637945992606026,0.11709175776867639,0.13181991513286317,1e-07,0.4138193315835226
736,0.4142386246295202,0.2868345178308941,0.00864510763259161,0.11875899675346556,0.13113112045185907,1e-07,0.41384236503215066
737,0.4140988559949966,0.28705964315505256,0.008648554484049479,0.11839065729152588,0.13001224959180468,1e-07,0.4138195974202383
738,0.4148083896864028,0.28694833204859777,0.008643226396469843,0.11921682826110296,0.13002306790578932,1e-07,0.4139533332415989
739,0.41339957004501704,0.28696217054412476,0.0086526734488351,0.11778472562630972,0.1301345032595453,1e-07,0.4139606441202618
740,0.41489145642235165,0.28707675281025113,0.008646564256577265,0.11916813878785996,0.132562654429958,1e-07,0.4139439503351848
741,0.41431810231435867,0.28687623058046613,0.00864681743440174,0.11879505288033258,0.1322290125347319,1e-07,0.413957221479643
742,0.41351048549016317,0.2869983548209781,0.008654780614943732,0.11785734742879868,0.13156198241880962,1e-07,0.41396689216295873
743,0.414720071213586,0.28700800651595704,0.008638128780183338,0.1190739346402032,0.13213533688159215,1e-07,0.41398156588985807
744,0.4139444444860731,0.28706773803347635,0.008660789898463658,0.11821591513497488,0.13163105440991266,1e-07,0.4140604387010847
745,0.41491150515420094,0.2870816307408469,0.008645514079502651,0.11918435841798783,0.13117281461045854,1e-07,0.414284150543667
746,0.414949935958499,0.2870957632859548,0.008668211528233119,0.11918596029281617,0.13177092430137452,1e-07,0.41435528167656493
747,0.41353705326716106,0.2870391729332152,0.008650775182814825,0.11784710273856208,0.1301112751875605,1e-07,0.4142991014037814
748,0.4147343363080706,0.28703700673012505,0.008649647803533646,0.11904768205824352,0.13079822588534581,1e-07,0.4142916960659481
749,0.4145154637949807,0.2869051070440383,0.008654853275844029,0.11895550198498227,0.13098569093715576,1e-07,0.41440328544094446
750,0.41398182880310785,0.28711675348735993,0.00864129520597912,0.11822377847773688,0.13147805411191213,1e-07,0.4143123226790201
751,0.4128150383631388,0.28699133594830833,0.008645891007922945,0.11717781020062311,0.13175447824455444,1e-07,0.4141620162838981
752,0.4137171714078812,0.28707699208032517,0.008644645554678781,0.11799553192797162,0.13079187614577156,1e-07,0.4141826848756699
753,0.41468661172049387,0.28697642087936404,0.008642834708804175,0.11906735556466239,0.13169888456662496,1e-07,0.4141793389263607
754,0.41466954804602124,0.287140299025036,0.008663770130702428,0.11886547661962964,0.13059942637171065,1e-07,0.41425184928235553
755,0.41458607741764614,0.2870484607560294,0.008644460496448335,0.11889315524271556,0.13028343483096078,1e-07,0.41421930650870004
756,0.4149764495236533,0.2870656382469904,0.008623679478963217,0.11928713073333104,0.13215179244677225,1e-07,0.41422195786521543
757,0.4134936466103508,0.2870786167326428,0.008668006034124466,0.11774702327592032,0.13125874733641035,1e-07,0.4142176171995344
758,0.41292520392508736,0.2868182253269922,0.00866188094729469,0.11744509587685267,0.13102400373844875,1e-07,0.4140367039612361
759,0.4137207715284257,0.2868958822318486,0.008683460099356515,0.11814142806189401,0.13079103330771127,1e-07,0.4139572347345807
760,0.41319061319033307,0.2870866639273507,0.00866282099769229,0.11744112656230019,0.13121805361339023,1e-07,0.41387811317330314
761,0.4141732837472643,0.28702923144612996,0.008638246854146322,0.11850580317633493,0.129898564517498,1e-07,0.4140139377117157
762,0.4142796283676511,0.2869194141456059,0.008674033482869466,0.11868618045534407,0.13182692527770995,1e-07,0.41407018340769264
763,0.41500448414257596,0.28712234582219803,0.008660705884297688,0.11922143215224856,0.13088308856600805,1e-07,0.41410197064990084
764,0.4136327618644351,0.2870430750506265,0.008632855188278925,0.11795682935487656,0.13272578914960226,1e-07,0.4139982920317423
