step,train/total_loss,train/recon_loss_weighted,train/mmd_loss,train/triplet_loss_weighted,train/grad_norm,train/lr,train/smooth_total_loss
0,1.355979963067616,0.8082123880751395,0.019329175424347655,0.528438397072719,0.20165330182279698,0.0001,1.355979963067616
1,1.2719563710632507,0.7483602063507555,0.019455413498946923,0.5041407489320308,0.1849106666253229,0.0001,1.3139681670654333
2,1.2498076692152251,0.7175777812608691,0.019792067092001153,0.5124378254253898,0.17372393465498417,0.0001,1.2925813344486972
3,1.183207473971627,0.707237793498062,0.01842926164563193,0.45754041946960977,0.1869586642885037,0.0001,1.2652378693294297
4,1.1696165643240277,0.6945878901835264,0.017730462779268694,0.45729820743987437,0.18513415331404176,0.0001,1.2461136083283493
5,1.1669502258300781,0.6888896835762919,0.017506652186361795,0.4605538889979632,0.18250775690141477,0.0001,1.232919711245304
6,1.1594035688199495,0.6846252166483391,0.01742614342265152,0.45735220981842023,0.17688208716836842,0.0001,1.2224174051845391
7,1.1546285038359427,0.6805937223172074,0.017349443082033733,0.4566853375811326,0.18281280094285332,0.0001,1.2139437925159646
8,1.1512276838270672,0.677505555763199,0.017242054905047256,0.4564800730875234,0.18039090656920484,0.0001,1.206975335994976
9,1.153551398852225,0.6751110405442817,0.01713066352041144,0.4613096959995881,0.1796151447203456,0.0001,1.2016329422807008
10,1.1495616031035283,0.6726774641771636,0.016997666165018768,0.4598864714066948,0.17600831742349424,0.0001,1.180991106284292
11,1.1477785446997464,0.6699747233584737,0.01688759663458646,0.4609162261326347,0.1784130664069972,0.0001,1.1685733236479419
12,1.1472497454100248,0.6681177634656714,0.016767517516487522,0.46236446478435295,0.17630693840495706,0.0001,1.1583175312674219
13,1.144448535864433,0.6657263331436084,0.016682547530489106,0.4620396519106541,0.1683396510601614,0.0001,1.1544416374567024
14,1.1419449026504773,0.6641076602148668,0.016569241097098904,0.46126800497468007,0.16544040689984577,0.0001,1.1516744712893474
15,1.1414631083251185,0.6628454698329908,0.016520673578435726,0.4620969638442309,0.16273590191557077,0.0001,1.149125759538851
16,1.1354915719283254,0.662272619145909,0.01643524728893663,0.45678370520829015,0.16245762465530605,0.0001,1.146734559849689
17,1.1310882767992156,0.6614434736197075,0.016286040036872243,0.45335876449728696,0.1542306370748002,0.0001,1.144380537146016
18,1.121947254290421,0.6608954814917734,0.016198779977679822,0.4448529908246401,0.15687816169415936,0.0001,1.1414524941923516
19,1.1143515865768543,0.6587864599729839,0.016129890412234803,0.4394352358351484,0.15464878930714712,0.0001,1.1375325129648144
20,1.1010488054969094,0.6578533814854599,0.016087805540367747,0.42710761690253846,0.152886162694704,0.0001,1.1326812332041525
21,1.09771066904068,0.6554646345131705,0.016021555120294743,0.4262244785516456,0.15616473206207512,0.0001,1.1276744456382457
22,1.092118361920261,0.6544421660272699,0.015961972435125323,0.42171422181802504,0.15673377265057495,0.0001,1.1221613072892693
23,1.087150702351018,0.6526330582547987,0.015932374878933554,0.41858526615149666,0.15844148169293928,0.0001,1.116431523937928
24,1.0827971664056824,0.6516189083243101,0.015908850722335742,0.4152694047923293,0.16380549400474467,0.0001,1.1105167503134485
25,1.0748467398317236,0.6507743053744284,0.01586668827887357,0.40820574318392994,0.16770434525737352,0.0001,1.103855113464109
26,1.0737897655325073,0.6499097449927809,0.01581900684457076,0.4080610104867716,0.16369284135088966,0.0001,1.0976849328245273
27,1.0743989579415207,0.6490414875546141,0.015811830616453616,0.40954563720374587,0.16596225611687276,0.0001,1.0920160009387578
28,1.0684951000521627,0.6476302209653353,0.015766334590729344,0.405098546492426,0.16507607327693957,0.0001,1.0866707855149318
29,1.0662934389410976,0.6471061097662985,0.015724755930558346,0.40346257374332284,0.16954468037380557,0.0001,1.0818649707513561
30,1.0679237400515798,0.6460530467010571,0.01570039388665742,0.40617029564945323,0.16693606897832103,0.0001,1.0785524642068232
31,1.0621668317101218,0.6448288504301646,0.015668554169139225,0.4016694249005979,0.16927463051519895,0.0001,1.0749980804737675
32,1.0615956308453847,0.6439588800001372,0.015629102453660736,0.402007648605479,0.16717041738366967,0.0001,1.07194580736628
33,1.0589929188837846,0.643155282336559,0.015610374332044683,0.40022726071793496,0.1670026394168726,0.0001,1.0691300290195564
34,1.0562680419267079,0.6417502648237219,0.015587402017492997,0.398930375335034,0.1701798124604248,0.0001,1.0664771165716593
35,1.0521903471513228,0.6409358540505313,0.015565223671032481,0.3956892691445693,0.16697925409417974,0.0001,1.0642114773036189
36,1.0521496149341456,0.6398825765226446,0.015536876671622244,0.39673015960095603,0.17014914875823345,0.0001,1.062047462243783
37,1.0509086311148685,0.6383707673070533,0.015536574085363361,0.397001293144728,0.16913722375291956,0.0001,1.0596984295611178
38,1.0540430306247548,0.637850163941178,0.015500765953337747,0.4006921013006183,0.17009811258415855,0.0001,1.058253222618377
39,1.0479410970895484,0.6364648658693122,0.015452475924240915,0.3960237533709649,0.1654492384580334,0.0001,1.0564179884332219
40,1.0471018415889102,0.6360667474817431,0.01546956220882361,0.3955655321835331,0.17022600864465728,0.0001,1.054335798586955
41,1.0426763939230066,0.634792754952417,0.015413152829311681,0.39247048614127783,0.16887265358244974,0.0001,1.0523867548082433
42,1.042524729619186,0.6338231418121374,0.01540395603225562,0.39329763234517223,0.17386431086576726,0.0001,1.0504796646856236
43,1.0422789005286386,0.6328158676624298,0.015411216961710076,0.39405181583320126,0.16753490807479648,0.0001,1.048808262850109
44,1.0427734633667047,0.6317326359486466,0.015361818400296297,0.39567900823349017,0.16721864206867926,0.0001,1.0474588049941087
45,1.0407972782137291,0.6307995567481484,0.01534754266008806,0.39465017794992363,0.16758034160833038,0.0001,1.0463194981003494
46,1.0411826507611708,0.6304500061644321,0.01532830404893063,0.39540433954964416,0.16720959487143885,0.0001,1.0452228016830518
47,1.0405580602479323,0.629642566710568,0.015305902113754783,0.39560959006895857,0.16361911981656221,0.0001,1.044187744596358
48,1.0366094376196702,0.6291928589344025,0.015321483737544009,0.3920950955894005,0.17107642333259424,0.0001,1.0424443852958496
49,1.036313874584636,0.6282950073623201,0.015286493244353664,0.3927323740492597,0.16504857833519507,0.0001,1.0412816630453583
50,1.0386668529236716,0.627413638328251,0.015264359672674152,0.3959888535680953,0.16500066288492896,0.0001,1.0404381641788347
51,1.0369671342190372,0.6266792520666807,0.015278618301501115,0.39500926477772197,0.16462475874207236,0.0001,1.0398672382084377
52,1.0383708565429066,0.6269156534991196,0.01524676831715415,0.39620843372846903,0.16638971180721904,0.0001,1.0394518509008095
53,1.0308649395926717,0.625479702173808,0.01522675199371776,0.39015848499736144,0.1669234969791328,0.0001,1.0383104548072128
54,1.0322220402471187,0.624368384409179,0.015213938135849802,0.39263971627614147,0.1628066007422203,0.0001,1.0372553124952544
55,1.0325007532772266,0.6244517681701331,0.015212974194704632,0.3928360105559016,0.167084220119498,0.0001,1.036425660001604
56,1.0309056116348247,0.6238206066012952,0.015200351984306956,0.39188465055381283,0.16648198348697293,0.0001,1.0353979560889697
57,1.0312395707557076,0.6233059540034481,0.01518196580512672,0.3927516514462147,0.1674886146230561,0.0001,1.0344661071397472
58,1.030433501353104,0.6227014006324932,0.01519036863409161,0.39254173415414456,0.16279951057009148,0.0001,1.0338485135130902
59,1.0305581124205339,0.6221742356222782,0.015167832374572754,0.3932160436394112,0.16037736339360903,0.0001,1.0332729372966802
60,1.029192487446315,0.6215252602499638,0.015149970088849227,0.39251725803436843,0.16527751533751284,0.0001,1.0323255007489447
61,1.0284997143528678,0.6210931190178155,0.01516276683533591,0.3922438246496556,0.16297512549603954,0.0001,1.0314787587623278
62,1.0257142137682609,0.6204376165091136,0.015137869775580447,0.3901387266279978,0.16185354772937355,0.0001,1.030213094484863
63,1.026708945988468,0.619340961772289,0.015114441157528087,0.3922535446984916,0.16111334848204298,0.0001,1.0297974951244426
64,1.0260346499071167,0.6193156702951952,0.015111076204400314,0.39160790376400834,0.16236157913170934,0.0001,1.0291787560904424
65,1.0272581150942441,0.619003329265631,0.015090718223717794,0.39316406667802895,0.15650006909475941,0.0001,1.0286544922721443
66,1.0224801488755422,0.6185482763217397,0.01510444155150053,0.38882742815040516,0.1608452187521321,0.0001,1.027811945996216
67,1.0221688161341198,0.6180332418549004,0.015072273295461847,0.38906329959345776,0.1595657031323636,0.0001,1.026904870534057
68,1.0267545304229955,0.6175533352000862,0.015077231888565721,0.39412396433250757,0.15752848161108185,0.0001,1.0265369734410463
69,1.024350382779774,0.6169095243278303,0.015072499450884368,0.3923683577177057,0.16344096281668216,0.0001,1.0259162004769704
70,1.0201873254547849,0.6164224398763556,0.0150566189483022,0.3887082659884503,0.16219723035701725,0.0001,1.0250156842778175
71,1.0211507230284111,0.616220167236465,0.015071980405652352,0.38985857371080435,0.15883282431218612,0.0001,1.0242807851453717
72,1.0249405470476196,0.6157153484068418,0.01505222474559072,0.394172973895187,0.15898311751310906,0.0001,1.0242034184733075
73,1.0219326442793797,0.6155238058863645,0.015028490974572286,0.39138034920087844,0.1572624082414157,0.0001,1.0237257883023987
74,1.0200636605041449,0.6148294545531843,0.015044120510229084,0.39019008387218823,0.15507909874810558,0.0001,1.0231286893621014
75,1.0199906838852824,0.6143045962997601,0.015031569882443077,0.3906545190577302,0.15782026559756132,0.0001,1.0224019462412053
76,1.019296849173222,0.6144484103296362,0.015022989095112923,0.389825448607714,0.15803652012533548,0.0001,1.0220836162709734
77,1.0201839677739941,0.6136798242632853,0.014994797238892917,0.3915093471986825,0.15442611337706233,0.0001,1.0218851314349606
78,1.0168410528219487,0.6131528715767929,0.014993107775181674,0.3886950725787564,0.15387516987452096,0.0001,1.0208937836748562
79,1.0177641797579076,0.6130403844933761,0.015000748577300441,0.3897230461168517,0.15616875853050838,0.0001,1.0202351633726696
80,1.0198330082106248,0.6128542391877425,0.01498104368100326,0.3919977259122584,0.15559139689118667,0.0001,1.0201997316482534
81,1.0178829843632913,0.6121611297130585,0.014979883814542487,0.3907419712634748,0.1549075174025086,0.0001,1.0198729577817416
82,1.017393901159889,0.6114149100757672,0.014968726908761349,0.3910102645674961,0.15703994078499278,0.0001,1.0191182931929683
83,1.0182109014554457,0.6114099620346818,0.014965482876061252,0.3918354571863795,0.15532033264850886,0.0001,1.0187461189105749
84,1.0183983102939915,0.611329099207974,0.014963977930078096,0.3921052313022066,0.1533261651271268,0.0001,1.0185795838895595
85,1.0182417301755202,0.6111155677069887,0.014965766069421358,0.39216039440278233,0.15732801290291348,0.0001,1.0184046885185833
86,1.0156846254636227,0.6107651628375623,0.014958980551176664,0.3899604817896939,0.1588732517328844,0.0001,1.0180434661476234
87,1.0150998150617883,0.6098552823922281,0.01495482562261335,0.3902897039098603,0.15367920010497696,0.0001,1.0175350508764027
88,1.016448158539083,0.6101172861585207,0.014937032067604612,0.39139383860181964,0.15341769873596836,0.0001,1.0174957614481164
89,1.0160428751883894,0.6091646406639135,0.014936683850995662,0.3919415496040189,0.15194656988650418,0.0001,1.0173236309911646
90,1.015965379453732,0.6092352420804603,0.01494987729633824,0.39178026121769227,0.1547850670569251,0.0001,1.0169368681154753
91,1.017428295891821,0.6085544217146185,0.014914652377224424,0.3939592217999782,0.1512278484349901,0.0001,1.0168913992683284
92,1.0154127964847965,0.6090890703874342,0.014921679451134786,0.3914020470027148,0.15075234211446567,0.0001,1.016693288800819
93,1.0134956838126388,0.608471335263914,0.014925352409125516,0.3900989985637117,0.1522052228700316,0.0001,1.0162217670365383
94,1.0124706161079224,0.608149936895051,0.014915274090744092,0.3894054049795324,0.15202789725156493,0.0001,1.0156289976179316
95,1.012783181581771,0.6078283698364878,0.014899374195263146,0.3900554364805587,0.15312985475197363,0.0001,1.0150831427585565
96,1.0151311047909932,0.6077018547001067,0.014906171121095357,0.392523078256817,0.14962777352789372,0.0001,1.0150277906912937
97,1.0121259707868384,0.6073579270588724,0.014891787008805708,0.3898762552040901,0.1490020353935267,0.0001,1.0147304062637985
98,1.0127360161982084,0.6072588945119575,0.014902749130029997,0.39057437084508284,0.15246066759434043,0.0001,1.0143591920297113
99,1.01340083571142,0.6070126510407936,0.014866067176800595,0.39152211678085147,0.15251939164465694,0.0001,1.014094988082014
100,1.014328878889814,0.6066219140753222,0.014903250493501363,0.3928037131802317,0.1512008095472053,0.0001,1.0139313380256223
101,1.0102554036384563,0.6062139438099838,0.014895590298483816,0.3891458691022042,0.15255905648595408,0.0001,1.0132140488002856
102,1.0129373401546022,0.6063316872245387,0.01488380626057894,0.39172184731116133,0.1512842881872038,0.0001,1.0129665031672666
103,1.0134578137591694,0.6055640740828081,0.014878081362783624,0.3930156576006036,0.1503917705535033,0.0001,1.0129627161619195
104,1.0119795243135479,0.6056797937913374,0.014876852765608062,0.3914228801807148,0.15250443086099397,0.0001,1.012913606982482
105,1.010804131840975,0.6053261986474672,0.01486297115754853,0.3906149610377955,0.14972912457784968,0.0001,1.0127157020084023
106,1.0106768324329523,0.6050696468524386,0.014862172911612041,0.3907450145226346,0.15074662839254124,0.0001,1.0122702747725987
107,1.0091787975940978,0.6050385697321459,0.014844696487536271,0.38929553272906675,0.14928833625176877,0.0001,1.0119755574533245
108,1.0094698654692709,0.6048440359996267,0.014861504997362931,0.38976432340282,0.1482379819360076,0.0001,1.0116489423804307
109,1.0112257631201493,0.6045549527594918,0.014863319944536857,0.39180748870498255,0.1490564044903625,0.0001,1.0114314351213034
110,1.0114459439613033,0.6043460487463828,0.014837055970607192,0.3922628372479854,0.1479611474503741,0.0001,1.0111431416284524
111,1.0085843336639222,0.603563064165663,0.01485090649299074,0.3901703610802381,0.15058719325792846,0.0001,1.0109760346309993
112,1.0105221714984858,0.6038004928513577,0.014833401549946178,0.39188827809534577,0.1486281666672971,0.0001,1.0107345177653877
113,1.0093366900129181,0.6033951071175662,0.014827931611731862,0.39111365085583555,0.14725080456887707,0.0001,1.0103224053907625
114,1.0072272017812045,0.6028594560029974,0.014815146558022385,0.38955259772293876,0.14691907719989714,0.0001,1.009847173137528
115,1.0074821138781223,0.6028408048825972,0.014811968974519574,0.389829340591385,0.1482236698519385,0.0001,1.0095149713412426
116,1.0131280072853326,0.6028042767892043,0.0148194383776359,0.3955042938296304,0.14847209167323613,0.0001,1.0097600888264808
117,1.0061517687220323,0.6022338523533926,0.014803956570237448,0.3891139617234326,0.14625158522759327,0.0001,1.0094573859392741
118,1.0079525006159642,0.6022772252844851,0.01481128252294075,0.3908639915251846,0.14757335644090575,0.0001,1.0093056494539434
119,1.007839672873465,0.6019404701639021,0.014822770819139252,0.39107643295988515,0.14551779221404681,0.0001,1.008967040429275
120,1.0101198797876185,0.6014128639652399,0.01479811246315258,0.3939089064250152,0.1477818646820253,0.0001,1.0088344340119066
121,1.008923215586603,0.6015141957114187,0.0148052467683856,0.39260377367717797,0.14465977403036714,0.0001,1.0088683222041748
122,1.0069158291132256,0.6016580703441036,0.014783606289676503,0.39047415347760944,0.14838721371438515,0.0001,1.0085076879656483
123,1.0060542126021317,0.6011261881538555,0.014796813424124101,0.3901312102398804,0.15200439427030144,0.0001,1.00817944022457
124,1.0048510167016937,0.6005756810806585,0.014787972828988253,0.3894873602966373,0.14734474423399382,0.0001,1.007941821716619
125,1.0078036082133153,0.6004491605256733,0.014792456296072051,0.39256199153416466,0.14310268895549066,0.0001,1.0079739711501383
126,1.0041643837422276,0.600614457466956,0.014785821928361956,0.38876410327744826,0.14470716874208747,0.0001,1.0070776087958275
127,1.006574226480922,0.6004824587032556,0.014779254009849146,0.3913125149085761,0.14607775509000964,0.0001,1.0071198545717166
128,1.0065127579789412,0.6001379074947686,0.01478112428382253,0.39159372612905274,0.14656395044480786,0.0001,1.0069758803080142
129,1.0020313133178145,0.6000818459040811,0.014772618216190612,0.3871768481280815,0.14632086999464833,0.0001,1.0063950443524492
130,1.0079942781959423,0.5999993637703253,0.01478598049382844,0.3932089317928661,0.14758164100527194,0.0001,1.0061824841932818
131,1.006059402911857,0.5998431348629545,0.014778286076048345,0.3914379826858283,0.14884394763759448,0.0001,1.0058961029258071
132,1.004426513704957,0.599104928913299,0.014768166975541548,0.39055341781611647,0.1451310969390082,0.0001,1.0056471713849802
133,1.0065326866065487,0.5993297110048778,0.014738577975040417,0.3924643994803634,0.14522941029100328,0.0001,1.005695018785422
134,1.0056142106866153,0.5992150738764037,0.014758051012121319,0.39164108422954685,0.14376864238290124,0.0001,1.0057713381839144
135,1.0026657337492162,0.5990783664883609,0.01475220177162207,0.38883516406328483,0.14737726428933692,0.0001,1.0052575507375043
136,1.0010149243630861,0.599258265141665,0.01476141225778315,0.3869952451812023,0.1471811994446807,0.0001,1.0049426047995902
137,1.0034861115462472,0.5982236615493537,0.014752216886675528,0.3905102325398386,0.14461309063520159,0.0001,1.0046337933061227
138,1.0016188612965304,0.5983756535361258,0.014758546101419549,0.38848466030433415,0.14855535750825438,0.0001,1.0041444036378813
139,1.0023694045520855,0.5980907973775453,0.01474757029109024,0.3895310343167428,0.14751681683665258,0.0001,1.0041782127613086
140,1.0018457505121185,0.5981038184257216,0.01475057932748749,0.38899135382837086,0.14411353749450315,0.0001,1.0035633599929263
141,1.0023409119633395,0.5975049069623628,0.014756994669517262,0.3900790091194034,0.14175699481909926,0.0001,1.0031915108980742
142,0.9988520290863001,0.5975627735185851,0.01474262053886669,0.38654663410198176,0.14502901063438808,0.0001,1.0026340624362087
143,1.001544990037617,0.5972470728119025,0.014739006044761986,0.38955891132354736,0.14308075503441706,0.0001,1.002135292779316
144,1.0013967441599905,0.597708111174369,0.014737803114658337,0.3889508292292864,0.14211116121573883,0.0001,1.001713546126653
145,1.001595165170551,0.5971888665947618,0.014730476876765347,0.3896758226971877,0.14081251546384044,0.0001,1.0016064892687866
146,1.0013822599461204,0.5975286266164916,0.014741803755600486,0.3891118267934288,0.14480916041720426,0.0001,1.0016432228270902
147,1.0022694863485948,0.5966319902376696,0.014734130441857297,0.3909033625319814,0.14806884422042724,0.0001,1.0015215603073249
148,1.0010977009551947,0.5969107799838034,0.01473557834990287,0.38945133934180703,0.1458041691288138,0.0001,1.001469444273191
149,1.0013846424207733,0.596936126502507,0.014730009165677157,0.3897185076794556,0.14683508971019796,0.0001,1.0013709680600598
150,1.0021657363364571,0.5969664682611895,0.01471802093195573,0.3904812445053073,0.14021767871944527,0.0001,1.0014029666424937
151,1.0019490872843984,0.5960945702340614,0.014711497217844548,0.3911430204028718,0.1425566040335945,0.0001,1.0013637841745997
152,1.0017538525556262,0.5962363702543615,0.014738286225989675,0.390779195362301,0.1436339013064592,0.0001,1.0016539665215323
153,0.9995243209971195,0.5958013376265622,0.014721379325720683,0.38900160176331916,0.14591970556732,0.0001,1.0014518996174826
154,1.0019687897565832,0.5960409843750547,0.014720086846055027,0.39120771817898636,0.14071031499422337,0.0001,1.001509104177142
155,0.9996444939426258,0.5954275208226801,0.014713132210325396,0.3895038404818357,0.14317015834758726,0.0001,1.0013140370543494
156,1.0001745175516776,0.595599800205687,0.014686914722314861,0.3898878024097835,0.13795789167213668,0.0001,1.0011932628149052
157,1.0011955800524168,0.5955324910188976,0.014704156435277473,0.3909589316000779,0.1407944029954632,0.0001,1.0010858721852873
158,0.9989654550141696,0.5955081549272583,0.014720361768914182,0.3887369359651821,0.14313429455009943,0.0001,1.0008726475911847
159,0.9998585114068392,0.5952504616605038,0.014691983683827962,0.3899160659199126,0.1449140262518203,0.0001,1.000720034489791
160,1.0009849302506333,0.5953539919339869,0.014683469630884781,0.390947467402408,0.13917589143061182,0.0001,1.0006019538812088
161,0.9991575228540521,0.5947486761084013,0.014703178805027282,0.3897056660868905,0.13533478344313837,0.0001,1.0003227974381743
162,1.0012557221371592,0.5948102478490492,0.014691719883366636,0.391753753335282,0.14130785644197008,0.0001,1.0002729843963276
163,0.9964152084012922,0.5944125829130839,0.014700445547058252,0.3873021796559603,0.1436017578975721,0.0001,0.9999620731367449
164,0.9988249931038852,0.5942083868113431,0.014691229071913723,0.3899253760085722,0.1388977176942038,0.0001,0.999647693471475
165,1.0016380010894612,0.5946259253333059,0.014707411875565086,0.3923046637379952,0.14449219316529316,0.0001,0.9998470441861584
166,0.9966369968567168,0.5941495012723658,0.014690387762334358,0.38779710682385277,0.1406501403087349,0.0001,0.9994932921166626
167,0.9973514192697535,0.5943460732555845,0.01470268400091874,0.38830265980303,0.14045911713650353,0.0001,0.9991088760383962
168,1.0005251569896223,0.593865445926429,0.014677587308381734,0.39198212154459156,0.1379862289038001,0.0001,0.9992648462359416
169,0.9995447454269993,0.593444872700997,0.014669108333770168,0.39143076268109406,0.14063548813596297,0.0001,0.9992334696379576
170,0.9960000386648771,0.5935222091572137,0.014674834657513925,0.3878029938163369,0.13843718224592758,0.0001,0.9987349804793819
171,0.9989092509712328,0.5938114021953783,0.014667339302135997,0.3904305100440979,0.14492993924820252,0.0001,0.9987101532911
172,0.9967220240232477,0.5935435735723048,0.014682359387429707,0.38849609013664665,0.1416123269669462,0.0001,0.9982567834797088
173,0.9985935656647933,0.5934718651919844,0.014668505727959592,0.39045319609950035,0.1397812221751829,0.0001,0.998474619206059
174,0.9963860112514222,0.5932121820141825,0.01466383346530239,0.3885099958075861,0.13986490693602835,0.0001,0.9982307210208126
175,0.9981367491078719,0.5932279280498267,0.014672716553701738,0.3902361021515285,0.13889132552383618,0.0001,0.9978805958226538
176,0.9992399922968668,0.5925793008941213,0.014654155268053118,0.39200653371058014,0.13531599864007182,0.0001,0.9981408953666687
177,0.9973397544411381,0.592949591470107,0.014660305098483437,0.3897298597262807,0.139668169061533,0.0001,0.9981397288838071
178,0.998956534565921,0.5926237037877717,0.014663617291518946,0.3916692141996046,0.14114677235840611,0.0001,0.997982866641437
179,0.9992777177591643,0.5929468045964765,0.014664914334219608,0.3916659998979295,0.1404428532142103,0.0001,0.9979561638746535
180,0.9980432697745601,0.5926898625193601,0.014659406465776799,0.3906940014311001,0.14500055786525234,0.0001,0.9981604869856218
181,0.9974818249638571,0.5921474873449244,0.014657020854037344,0.3906773186186284,0.1405539035832768,0.0001,0.9980177443848843
182,0.9990802016554837,0.5926043854660965,0.014665935028112677,0.3918098795214338,0.1406111848233134,0.0001,0.998253562148108
183,0.995425427359257,0.5916732827727305,0.014654287025688937,0.38909785649137635,0.13925060346437412,0.0001,0.9979367483175542
184,0.9960823113268072,0.5917237613474924,0.014640348379691822,0.38971820131443335,0.1382047150230579,0.0001,0.9979063783250928
185,0.997416324022284,0.5920372556841544,0.014647399124346282,0.390731670354542,0.13932907408433098,0.0001,0.997834335816534
186,0.9969692689380006,0.5918945490458365,0.014631792974243895,0.3904429295559249,0.13652562401725343,0.0001,0.9976072634806472
187,1.0013809430827365,0.5920671291613693,0.014626439963801625,0.39468737253161706,0.13817764080740047,0.0001,0.9980113823448071
188,0.9976869301077281,0.5916819918954201,0.014639023673591432,0.3913659128988759,0.13635694998445694,0.0001,0.997884421898988
189,0.9959595250455957,0.5911871561308226,0.014630779980472401,0.3901415873657573,0.14515947047888378,0.0001,0.9975526026276309
190,1.0005539327717283,0.5913989561026176,0.014634678808695963,0.3945202975039277,0.13587279915453143,0.0001,0.9978036689273478
191,0.9960209011461176,0.5915601560088436,0.01462671089400515,0.38983403231823843,0.1372728793208964,0.0001,0.9976575765455739
192,0.9938771423825807,0.5912529231543746,0.014648837335942464,0.38797538010982807,0.13950635382290663,0.0001,0.9971372706182837
193,0.9938244240706047,0.5911867146571858,0.014624238584600567,0.38801347047233126,0.14094325256618587,0.0001,0.9969771702894183
194,0.9969107143616562,0.5909319665443384,0.014632600346250397,0.39134614490436026,0.13679424921077404,0.0001,0.9970600105929032
195,0.995462997963554,0.5905305331118369,0.014610965856524745,0.39032149806832583,0.13785052262068365,0.0001,0.9968646779870302
196,0.9955440230631942,0.5909249001142511,0.014623232435381583,0.38999588915891054,0.1377537701474993,0.0001,0.9967221533995497
197,0.9948877873318047,0.5909262256759206,0.014628502740814356,0.38933305934285434,0.13665460836160126,0.0001,0.9960728378244564
198,0.9956354930925597,0.5905799855741017,0.014606625839853971,0.3904488817499015,0.13595167538552194,0.0001,0.9958676941229395
199,0.994407417814127,0.5905378882964832,0.014629085953726152,0.38924044563154286,0.1379043193952889,0.0001,0.9957124833997927
200,0.9955586736852472,0.5904423149578879,0.014620368845725174,0.3904959876001166,0.14069535043179704,0.0001,0.9952129574911446
201,0.9937754922221151,0.5900323139993768,0.014626159337148711,0.3891170166753696,0.13826458858388463,0.0001,0.9949884165987444
202,0.9930403790120302,0.5898428262706008,0.014598407528617165,0.38859914378686383,0.14214498043488089,0.0001,0.9949047402616893
203,0.99653156009017,0.5898722555648768,0.01462267346359326,0.39203663156078195,0.13700781719821492,0.0001,0.9951754538636459
204,0.9946557846651123,0.5899632634443529,0.014599257393887169,0.39009326375557474,0.13819094839991564,0.0001,0.9949499608939913
205,0.995243066663377,0.5897763532599763,0.014614883222078023,0.3908518295396458,0.13870792026725112,0.0001,0.9949279677639737
206,0.9967111813965026,0.5897662280278914,0.014603327906302858,0.39234162553360585,0.1339989077282009,0.0001,0.9950446835973045
207,0.9945957374059412,0.5898521156117106,0.014608318155462091,0.3901353036387685,0.14113397432856584,0.0001,0.9950154786047183
208,0.992925022064784,0.5894042979302019,0.014598908606898841,0.3889218138878425,0.137140504962377,0.0001,0.9947444315019405
209,0.9946554691027226,0.5900340780401915,0.014598207040266558,0.39002318480653625,0.13558519405254907,0.0001,0.9947692366308003
210,0.9966534008249712,0.5891096487855226,0.014587786779449316,0.39295596747021927,0.13420910053133395,0.0001,0.9948787093447725
211,0.9954076047149001,0.5892644621538774,0.014596316517825333,0.39154682490243864,0.13810018849287306,0.0001,0.995041920594051
212,0.9917327232623214,0.5887087633450065,0.014585111700176623,0.3884388483597331,0.13347556737906624,0.0001,0.9949111550190803
213,0.9956012925748049,0.5892552130245136,0.014589868664171137,0.39175621102871505,0.1336871331031813,0.0001,0.9948181282675437
214,0.9999908227384375,0.5885695016555239,0.014592952990645997,0.3968283730117898,0.13789194447999936,0.0001,0.9953516320748761
215,0.9931605502463984,0.588914161521282,0.01459306763690054,0.3896533191631856,0.1346519501371817,0.0001,0.9951433804331785
216,0.9919696095172298,0.5888793082043314,0.01459618789727608,0.3884941148415707,0.13679424279400607,0.0001,0.9946692232452513
217,0.995335971909847,0.5889583877399207,0.014593497988139614,0.39178408589659697,0.14029164223722293,0.0001,0.9947432466956417
218,0.9919143802526464,0.5880126029110411,0.014580617681074371,0.38932116015961293,0.13545192726419875,0.0001,0.994642182514428
219,0.9935538694618992,0.5879812075190567,0.014588098491778214,0.3909845628806849,0.1357827055931947,0.0001,0.9945320225503455
220,0.997013955310201,0.5883459108012715,0.014587388369455292,0.39408065571168965,0.13587943302315958,0.0001,0.9945680779988685
221,0.9924474600969889,0.588236952655053,0.014589032202816465,0.38962147424095556,0.13439190389508265,0.0001,0.9942720635370774
222,0.995735425555535,0.5882389461309716,0.014575362490695059,0.3929211167912734,0.13394404969146947,0.0001,0.9946723337663987
223,0.9962619286404842,0.5884147859646373,0.014569878863375723,0.3932772644897967,0.13310161036880394,0.0001,0.9947383973729668
224,0.9942132435632094,0.5883783559764971,0.014586179735557885,0.3912487092058054,0.136357108478626,0.0001,0.9941606394554439
225,0.996352868359625,0.5875032847863065,0.014576683489329507,0.39427289908582513,0.13176585673287725,0.0001,0.9944798712667666
226,0.9923496647029402,0.5880032090479107,0.014553206103840513,0.3897932502641632,0.13431410883602343,0.0001,0.9945178767853375
227,0.9932440194216642,0.5876096770809027,0.014573388692864961,0.3910609526497325,0.1395719912812185,0.0001,0.9943086815365195
228,0.9917371931828951,0.5871922522070305,0.014573121755317067,0.38997181886406035,0.13773573632017846,0.0001,0.9942909628295442
229,0.9936346842341446,0.5876226572043588,0.014577976824564227,0.3914340489575167,0.1371746154136635,0.0001,0.994299044306769
230,0.9929457898630479,0.5872575729087209,0.014544963266290546,0.3911432544010108,0.13241572603226848,0.0001,0.9938922277620534
231,0.9930894695685811,0.5873973127187154,0.014558570807059986,0.391133586256698,0.13352447587765004,0.0001,0.9939564287092126
232,0.9917988226744547,0.5876988250958292,0.014553305349851909,0.3895466920148813,0.1346855006898134,0.0001,0.9935627684211046
233,0.9885511746246849,0.5873466168294112,0.01456296871723741,0.3866415890067388,0.13046015799045563,0.0001,0.9927916930195246
234,0.9911384265958978,0.5870890407756185,0.014562039854423852,0.3894873453241786,0.136733788551326,0.0001,0.9924842113227935
235,0.9917592956688985,0.5864840513496308,0.014574541429583535,0.3907007031035766,0.133688914897054,0.0001,0.9920248540537211
236,0.9935114757296001,0.5871574298331612,0.014557849277149548,0.3917961964766945,0.13369113730899454,0.0001,0.992141035156387
237,0.9937987033830306,0.5868635639619599,0.014559490258613842,0.3923756494476464,0.13427980926832514,0.0001,0.9921965035525234
238,0.9906061700941843,0.5867505750872872,0.014551277080791418,0.38930431699923923,0.1329627921314616,0.0001,0.9920834012436524
239,0.9914756977672212,0.5866159012443141,0.014546474771636524,0.3903133216086757,0.1369616025301258,0.0001,0.9918675025969602
240,0.9898542904397517,0.5865893989944002,0.014543273232199928,0.3887216200668846,0.13112402202909074,0.0001,0.9915583526546305
241,0.9919180206990128,0.5864215170937862,0.014543460316635205,0.3909530405079919,0.1346870506779429,0.0001,0.9914412077676736
242,0.9894533593688856,0.5864866291792199,0.014559304314937318,0.3884074287979226,0.1334143187405105,0.0001,0.9912066614371167
243,0.9927240131004005,0.5867471550925497,0.014540421050131036,0.39143643624474556,0.13428905121447368,0.0001,0.9916239452846882
244,0.9916462784178519,0.5863706258495459,0.014547454398214532,0.39072819595987146,0.12991688694608838,0.0001,0.9916747304668837
245,0.9919035015494059,0.5861087284590069,0.014551781866539038,0.39124299272110585,0.13165284903568514,0.0001,0.9916891510549345
246,0.9932438503041792,0.5860073008890928,0.014543880401045511,0.39269266744549763,0.13694217100596884,0.0001,0.9916623885123922
247,0.9917472397026262,0.5864020584587846,0.01453405419034821,0.39081112623357317,0.13318742692256658,0.0001,0.9914572421443518
248,0.9894420836815994,0.586198843552165,0.014543294051047147,0.38869994793212015,0.13154667715706894,0.0001,0.9913408335030933
249,0.9912989782659631,0.5859673314117358,0.014540835145557896,0.3907908119225616,0.13264704900281282,0.0001,0.9913231615529676
250,0.9891771450282284,0.5856760570592288,0.014547235372534209,0.3889538532381423,0.13576769401011854,0.0001,0.9912554470118154
251,0.9897270630421251,0.5854548203032552,0.01453038836209968,0.38974185173876547,0.13392413341614048,0.0001,0.9910363512461267
252,0.9892920549406389,0.5856872215225366,0.014538777787149237,0.3890660529216511,0.1331588649436047,0.0001,0.9910202208033019
253,0.9902605368760213,0.5857706608954799,0.014541467125906328,0.38994840949631193,0.13227000991194443,0.0001,0.9907738731808641
254,0.988629006883174,0.5853936981641504,0.014536694191289291,0.38869861495551883,0.13235572836045442,0.0001,0.9904721460273963
255,0.9889312459236127,0.585255024820994,0.014533922432712391,0.3891422973152553,0.130630181772572,0.0001,0.9901749204648169
256,0.9926604611451546,0.5853048152330389,0.01452168922104904,0.3928339574753383,0.13140260859539635,0.0001,0.9901165815489146
257,0.9895351710216851,0.5850115951738859,0.014533685154892041,0.38998988912436383,0.13572723874777698,0.0001,0.9898953746808203
258,0.9886946712384383,0.585481712977852,0.014524271328483471,0.38868868743118484,0.13407392580614705,0.0001,0.9898206334365043
259,0.988658429760682,0.5854884883718627,0.014540145556892505,0.3886297951902499,0.1352817904400198,0.0001,0.9895565785859759
260,0.9887413100192421,0.5848923867399042,0.01452515199423977,0.3893237692887703,0.13233304749193944,0.0001,0.9895129950850773
261,0.9890933688462636,0.5848495171686109,0.014534307153601395,0.3897095432406978,0.13353778651813,0.0001,0.9894496256654912
262,0.9903306316530875,0.584919631195981,0.014523238086244136,0.39088776201437536,0.13166829416056,0.0001,0.9895534833367361
263,0.9898228063537744,0.5850803606818167,0.014530253752566981,0.3902121907786319,0.13774022468896002,0.0001,0.9895097102845115
264,0.9869857477514368,0.5852504157278526,0.014527083298806368,0.38720824943775195,0.13369715582739794,0.0001,0.9893453843713378
265,0.9897918893674914,0.5847122115951976,0.014525272059098385,0.39055440585579027,0.1329230905006947,0.0001,0.9894314487157256
266,0.990886551911751,0.584749494870884,0.014524585037140185,0.3916124734296753,0.13025887782850334,0.0001,0.9892540577923853
267,0.9877779097363139,0.5846902776562997,0.014520739539388264,0.3885668922197876,0.13146922386220197,0.0001,0.9890783316638482
268,0.9886841949378474,0.584183459789559,0.014519311309431158,0.38998142219901655,0.12872089980321638,0.0001,0.989077284033789
269,0.9864674756686653,0.5845492810153505,0.014520757791528291,0.387397436933084,0.1327911194538671,0.0001,0.9888581886245873
270,0.9896996979508104,0.5839933978313464,0.014518045067216791,0.3911882544105703,0.12963161425014433,0.0001,0.988954027417744
271,0.9913533064737274,0.5844720127194692,0.01450145615344983,0.3923798405240027,0.13529068290403015,0.0001,0.9891800211804906
272,0.9913507113901622,0.5834547100169807,0.014502082430004504,0.39339391837279764,0.127983273626372,0.0001,0.989282029154198
273,0.9889663306719949,0.584168550643054,0.014504777472555352,0.39029300462401084,0.1305324423469995,0.0001,0.98919638158602
274,0.9885997333024678,0.5842472725507746,0.014499371131641443,0.3898530897626466,0.13153916722136821,0.0001,0.9893577801411231
275,0.988783964414916,0.5841964411963686,0.014503138202229185,0.3900843841607491,0.12757719885647012,0.0001,0.9892569876458657
276,0.9866919812688417,0.5839119108670066,0.014507291990033748,0.3882727758450942,0.13320003375054545,0.0001,0.9888375305815746
277,0.9919876325073425,0.5837679984466881,0.014517058596086273,0.3937025738960248,0.13077524840903054,0.0001,0.9892585028586776
278,0.9877483566697134,0.584141797996594,0.014514812442104211,0.38909174501895905,0.1309923816418819,0.0001,0.9891649190318642
279,0.9900049481665689,0.5838482395598763,0.014516519017196729,0.3916401900172804,0.1304293445280294,0.0001,0.9895186662816545
280,0.9895583871734199,0.5832743563435294,0.01449858685999966,0.3917854447541625,0.1309377937689067,0.0001,0.9895045352039153
281,0.9875108880574623,0.5832713581443403,0.014500675018894616,0.3897388509728692,0.1296610887291614,7e-05,0.9891202933622889
282,0.9904243275879673,0.5833042822956469,0.014500210159703306,0.39261983292239705,0.12751831911040834,7e-05,0.9890276549820693
283,0.9909772389528284,0.5833080808796951,0.014498163638502787,0.3931709957179841,0.12783530816150623,7e-05,0.9892287458101527
284,0.9899064494947497,0.5833645857977525,0.01447890820115377,0.3920629561375203,0.12887371689722868,7e-05,0.9893594174293812
285,0.9890407112796912,0.5826861541807367,0.014503580816624837,0.391850977351791,0.12856823902880177,7e-05,0.9893850921158585
286,0.9864124406182595,0.5827947184799961,0.014494584793109073,0.3891231375590466,0.1278125505413165,7e-05,0.9893571380508004
287,0.9883684678511186,0.5833671074449731,0.014489517257544413,0.3905118435050882,0.1288014918957886,7e-05,0.988995221585178
288,0.9856383367018267,0.5832007284940145,0.01448185535138874,0.3879557510026904,0.12770704014235706,7e-05,0.9887842195883894
289,0.9878086399233512,0.5828785732317199,0.014491573190004632,0.39043849492757515,0.12790994807792622,7e-05,0.9885645887640674
290,0.989356951850453,0.5826637516751814,0.01449131708966488,0.3922018822745986,0.12871368452193635,7e-05,0.9885444452317709
291,0.9868515614402351,0.5823688485690851,0.01448526593486658,0.38999744451217105,0.1291191901066942,7e-05,0.988478512570048
292,0.9847995074171769,0.5828118814806048,0.014479407853487006,0.3875082182078555,0.1268396226056455,7e-05,0.9879160305529691
293,0.9870785613094221,0.5823279095893842,0.014484821324143114,0.3902658279717824,0.13074284282169843,7e-05,0.9875261627886285
294,0.986992071262387,0.5825743290225854,0.014475603423050145,0.3899421375333978,0.12865033813498236,7e-05,0.9872347249653922
295,0.9910782939224152,0.582659614143189,0.014474607540659927,0.39394407109780744,0.1289488417252399,7e-05,0.9874384832296645
296,0.9900845527363736,0.5829180989539224,0.014469323831311824,0.3926971308067084,0.1292601671943254,7e-05,0.9878056944414759
297,0.9893531368679978,0.5827811468731273,0.014485177240873637,0.3920868131817813,0.12911842704603546,7e-05,0.9879041613431638
298,0.9881684838584736,0.5824293167682356,0.014484050456416663,0.39125511570695487,0.1267139939814093,7e-05,0.9881571760588285
299,0.9917292352498434,0.5827168328910353,0.014477708978516064,0.39453469323769713,0.12557809274091106,7e-05,0.9885492355914778
300,0.9888702867704146,0.5824147655347888,0.014481347143364865,0.39197417509042476,0.12749308976901774,7e-05,0.9885005690834738
301,0.9876342605460774,0.582251700345409,0.014466933371347674,0.390915627043213,0.12603539609880537,7e-05,0.9885788389940581
302,0.9868943869497218,0.5825531775015963,0.014478461594102486,0.38986274657066927,0.12852076656724276,7e-05,0.9887883269473126
303,0.9887474048080627,0.5822815491537158,0.014478432504754318,0.3919874238625668,0.1285775863881887,7e-05,0.9889552112971767
304,0.9875940777468339,0.5822986987504092,0.014477595187830582,0.3908177854484348,0.1260654260203884,7e-05,0.9890154119456215
305,0.9901825041291816,0.5824606133419932,0.014463214783006878,0.39325867507731516,0.12468484901426512,7e-05,0.988925832966298
306,0.9912680319051423,0.5819286515838221,0.014461312852978137,0.3948780658285013,0.12255504768359604,4.899999999999999e-05,0.9890441808831749
307,0.9905386540022764,0.5821653777047208,0.014481494871623209,0.39389178228150146,0.1245482372182408,4.899999999999999e-05,0.9891627325966029
308,0.9873836935992446,0.5815602933105669,0.014469362902299068,0.39135403916881417,0.1274984847558172,4.899999999999999e-05,0.9890842535706799
309,0.9880765183120253,0.5820586725570368,0.014463644563866574,0.391554199693876,0.12625443452354254,4.899999999999999e-05,0.9887189818768981
310,0.9883153431438373,0.5815914588396629,0.01446329406574012,0.3922605902384343,0.12299365899636985,4.899999999999999e-05,0.9886634875142402
311,0.9872458120852566,0.5814236441012205,0.014464476462186238,0.3913576930190958,0.12454660249312528,4.899999999999999e-05,0.9886246426681582
312,0.9868376768376839,0.5814560158401014,0.014459421760157534,0.39092223620728445,0.12338692365151843,4.899999999999999e-05,0.9886189716569544
313,0.9864314040213681,0.5817861430097425,0.014470128351421448,0.3901751333018809,0.12597824608167393,4.899999999999999e-05,0.9883873715782852
314,0.9869545338826887,0.5819694933138395,0.014457903980638422,0.39052713865583594,0.1271606283217811,4.899999999999999e-05,0.9883234171918704
315,0.9885258335245853,0.5818120399445438,0.014456445805764084,0.3922573469187084,0.12867928772237883,4.899999999999999e-05,0.9881577501314108
316,0.9873918002587186,0.5814475849199523,0.014466505301626105,0.39147771046492474,0.12391911240285663,4.899999999999999e-05,0.9877701269667686
317,0.9880884420928773,0.5814108838590138,0.014464861753454619,0.39221269434148615,0.12456476877323178,3.4299999999999993e-05,0.9875251057758285
318,0.9885753899384914,0.5811287953237597,0.01445547815715297,0.39299111481773796,0.12329072072103833,3.4299999999999993e-05,0.9876442754097534
319,0.9868438546167037,0.5811573669100493,0.01445112530694624,0.3912353634691695,0.12466324397037475,3.4299999999999993e-05,0.9875210090402211
320,0.984149415669829,0.5810514183706074,0.0144546345660561,0.38864336430170887,0.12437311518919525,3.4299999999999993e-05,0.9871044162928204
321,0.9893079869199598,0.5809857719822934,0.014453465003145939,0.3938687500771153,0.12248288665376782,3.4299999999999993e-05,0.9873106337762906
322,0.9844383804136486,0.5813957832076333,0.01445237728967621,0.38859022027282625,0.1258276847133226,3.4299999999999993e-05,0.987070704133887
323,0.989816280928525,0.5812147613347433,0.014444319255044016,0.3941572006952249,0.12415507505313632,3.4299999999999993e-05,0.9874091918246026
324,0.9890931987306147,0.5815608762382891,0.014460280181118175,0.393072042132964,0.12446263505582604,3.4299999999999993e-05,0.9876230583093953
325,0.9890264296930943,0.5813048413495698,0.014446491259707218,0.39327509551527395,0.12370975016121659,3.4299999999999993e-05,0.9876731179262462
326,0.9876150594373639,0.5816367090318761,0.01445645322069597,0.3915218970421969,0.12318471945715292,3.4299999999999993e-05,0.9876954438441107
327,0.987001224282826,0.5816124689065668,0.014445124915912391,0.3909436327418642,0.1276497800776548,3.4299999999999993e-05,0.9875867220631056
328,0.9885242012414065,0.5809801717123917,0.01446485890155774,0.3930791713404313,0.1221818376564238,3.4299999999999993e-05,0.987581603193397
329,0.9879348333657644,0.5810874664897554,0.014445171401831523,0.3924021962584491,0.12197306789636042,3.4299999999999993e-05,0.9876907010683033
330,0.987205620302538,0.5812136954382846,0.014438712710969186,0.3915532119393919,0.12364956622488761,3.4299999999999993e-05,0.987996321531574
331,0.9875595502591019,0.5811192959404448,0.014436458286486174,0.3920037953191967,0.12544010654448323,3.4299999999999993e-05,0.9878214778654882
332,0.9885222683682966,0.5812574783295535,0.01444873883963772,0.39281604863239816,0.12351630945382507,2.4009999999999995e-05,0.988229866660953
333,0.98478794910691,0.5808613763756729,0.014445951110438296,0.389480623688424,0.12261761216954752,2.4009999999999995e-05,0.9877270334787915
334,0.9882870865495581,0.5804836963922784,0.014461939699912186,0.3933414513842341,0.12076008681689153,2.4009999999999995e-05,0.987646422260686
335,0.9871417094360698,0.5808400533130865,0.014437355208054684,0.3918642994176828,0.12499546929837414,2.4009999999999995e-05,0.9874579502349835
336,0.9861582665922539,0.581279190676064,0.01444590548008823,0.3904331709351836,0.12493650736420919,2.4009999999999995e-05,0.9873122709504726
337,0.987413768562974,0.5809321259482626,0.014447187978114808,0.3920344522124843,0.1216162586825316,2.4009999999999995e-05,0.9873535253784873
338,0.986978326260188,0.5811584512012427,0.014442269026377555,0.39137760253899406,0.12441281152612856,2.4009999999999995e-05,0.9871989378803654
339,0.9868228682205438,0.581357736764342,0.014454322853727204,0.39101080867377197,0.12442345188208745,2.4009999999999995e-05,0.9870877413658434
340,0.9883437553090912,0.5808581572970705,0.014456825108049019,0.39302877183451035,0.12416399272078532,2.4009999999999995e-05,0.9872015548664986
341,0.9881688166748394,0.5812054893902044,0.014444185215890692,0.39251914171225716,0.12633868941422285,2.4009999999999995e-05,0.9872624815080726
342,0.9854010661538137,0.581018649505086,0.014441605389973763,0.38994081264905384,0.12345963593518905,2.4009999999999995e-05,0.9869503612866243
343,0.9884405428427828,0.5811045780136255,0.01443785086773229,0.39289811410402,0.12304801420803275,2.4009999999999995e-05,0.9873156206602115
344,0.989091716314617,0.5813644327330247,0.014460794092935809,0.39326649077201004,0.1233158031719153,2.4009999999999995e-05,0.9873960836367173
345,0.9882660545230482,0.5812417435589019,0.014451385399941622,0.39257292449474335,0.12469705830564339,2.4009999999999995e-05,0.9875085181454152
346,0.9854722934191307,0.5810710254468416,0.014453057467081901,0.3899482095070433,0.1257828342501056,2.4009999999999995e-05,0.9874399208281028
347,0.9827776631099756,0.5802707077498641,0.014453547422965748,0.38805340715287406,0.12340921742850514,2.4009999999999995e-05,0.9869763102828031
348,0.9851033466569544,0.5812713077479001,0.014444876230504524,0.3893871626785497,0.12382596012864387,2.4009999999999995e-05,0.9867888123224796
349,0.9877113815414849,0.5804818765968798,0.014442868495101563,0.39278663605736774,0.12307012425156301,2.4009999999999995e-05,0.986877663654574
350,0.9915807659260965,0.5809963962963324,0.014444615852319452,0.396139754846906,0.12534350383153373,2.4009999999999995e-05,0.9872013647162744
351,0.9859087119262184,0.580513502422132,0.01445256808157743,0.3909426397113709,0.12286117221964032,2.4009999999999995e-05,0.9869753542414121
352,0.9866659661229147,0.5808950930691221,0.014450170777060768,0.39132070297188165,0.12645456332125163,2.4009999999999995e-05,0.9871018442383223
353,0.9860257238292238,0.5806027603776831,0.014451398518667266,0.3909715665014167,0.12215933524535603,2.4009999999999995e-05,0.9868603623369665
354,0.9852599249216929,0.5805240665611467,0.014430726258948659,0.3903051322085435,0.1241579843087915,2.4009999999999995e-05,0.986477183197674
355,0.9862166156894282,0.5805671002591055,0.014446071745676288,0.3912034410466418,0.1252162421754958,2.4009999999999995e-05,0.9862722393143122
356,0.9918911652416704,0.5804045114790994,0.014443275175596538,0.3970433786582719,0.12152627598868602,2.4009999999999995e-05,0.9869141264965661
357,0.9880536455286747,0.5810509030328413,0.01444700117886922,0.39255574081788225,0.12495519131707232,2.4009999999999995e-05,0.9874417247384359
358,0.9868348282204861,0.5805503569151226,0.014437826626608816,0.39184664368059074,0.12581031548492075,2.4009999999999995e-05,0.9876148728947889
359,0.9878043301367874,0.5811741473286917,0.014452681301883534,0.39217750229048387,0.12270548221383369,2.4009999999999995e-05,0.9876241677543194
360,0.9900475737580843,0.5807200581833506,0.014453003281041196,0.39487451150942077,0.12414490855766826,2.4009999999999995e-05,0.987470848537518
361,0.9818945799432873,0.5804366520717383,0.014436057594974646,0.3870218706330614,0.12610285296038007,2.4009999999999995e-05,0.9870694353392249
362,0.9891808301067808,0.5803483971283196,0.014446120227923234,0.3943863130357277,0.12349152360022353,2.4009999999999995e-05,0.9873209217376114
363,0.9861180025139494,0.5800609990740507,0.014442438999431555,0.39161456280062645,0.12211869113396799,2.4009999999999995e-05,0.9873301496060842
364,0.9901104727715396,0.580755017590865,0.014446771601170444,0.3949086834369094,0.12545946652167722,2.4009999999999995e-05,0.9878152043910686
365,0.9856890739436355,0.5806880259627931,0.0144392482972031,0.39056180182256195,0.12257997237110252,2.4009999999999995e-05,0.9877624502164896
366,0.9862144617943102,0.5802970869404277,0.014439261130739057,0.3914781130458179,0.12477424403911001,2.4009999999999995e-05,0.9871947798717535
367,0.9910110356419851,0.5801526640305679,0.014441603964025324,0.3964167684316635,0.1244052420036074,1.6806999999999997e-05,0.9874905188830846
368,0.9884706627238881,0.5806706918483716,0.014422996192457573,0.3933769733284079,0.12060386641173843,1.6806999999999997e-05,0.9876541023334248
369,0.9855087867193815,0.5804867560498452,0.014438467447837574,0.39058356165315544,0.12254235672465923,1.6806999999999997e-05,0.9874245479916841
370,0.9892209570088455,0.5803886204244988,0.01442882119183335,0.39440351560640563,0.1208162371728694,1.6806999999999997e-05,0.9873418863167602
371,0.9889004085052526,0.5802178746490387,0.014447001749248596,0.39423553274864215,0.12140843824764187,1.6806999999999997e-05,0.9880424691729568
372,0.9877206363746424,0.5800139005674699,0.014438993052432412,0.3932677453214472,0.12242465343272857,1.6806999999999997e-05,0.987896449799743
373,0.9860422940630662,0.5802665522509214,0.014451204874869169,0.39132453650949106,0.12390603189263047,1.6806999999999997e-05,0.9878888789546547
374,0.9850257066163149,0.5808291881563561,0.01443308934070277,0.3897634263386567,0.12380724145393622,1.6806999999999997e-05,0.9873804023391323
375,0.9834142243177697,0.5802489308078894,0.014446827783538965,0.38871846479947486,0.12276877298879851,1.6806999999999997e-05,0.9871529173765456
376,0.9887766063783727,0.5800910724692367,0.014448783614418724,0.3942367509363941,0.12288557014396886,1.6806999999999997e-05,0.9874091318349519
377,0.9862605684111563,0.5805254102323614,0.014440339147759397,0.391294818603251,0.12390154767692374,1.6806999999999997e-05,0.986934085111869
378,0.983064193474619,0.5804496146560285,0.014436972483493495,0.3881776057468932,0.12758141793488886,1.1764899999999996e-05,0.986393438186942
379,0.9859397488347651,0.5802322109920557,0.014432951023704127,0.39127458539305693,0.12126679399438452,1.1764899999999996e-05,0.9864365343984804
380,0.9867583718596463,0.5805006824326857,0.014443494201276861,0.3918141943701146,0.12590211187823538,1.1764899999999996e-05,0.9861902758835607
381,0.9854441169631538,0.5802931764194269,0.01444320216703643,0.3907077398739363,0.12235046211968768,1.1764899999999996e-05,0.9858446467293506
382,0.9861019855481016,0.5798742880946711,0.01443538511769053,0.39179231090979144,0.12259944783229577,1.1764899999999996e-05,0.9856827816466964
383,0.9871929796974054,0.5802278006761268,0.014433034013903312,0.3925321442231037,0.12445316764940485,1.1764899999999996e-05,0.9857978502101306
384,0.9853454592980837,0.5803834666190535,0.014444873948987021,0.3905171177318792,0.12287307862174568,1.1764899999999996e-05,0.9858298254783072
385,0.9840201835312912,0.5807395148220245,0.014438855305813146,0.388841814829402,0.12226460230621425,1.1764899999999996e-05,0.9858904213996593
386,0.9889937348342969,0.5803090944244531,0.014439820958096445,0.3942448199508293,0.12306204823215612,1.1764899999999996e-05,0.9859121342452519
387,0.9854014947939147,0.5803047447113329,0.014438477429476652,0.39065827258180774,0.12238912460835356,1.1764899999999996e-05,0.985826226883528
388,0.986156108847075,0.5801569517149309,0.014440414437837008,0.3915587415535484,0.12376318187519694,1.1764899999999996e-05,0.9861354184207732
389,0.9857389042822368,0.580247242342342,0.014440395615317604,0.39105126468473644,0.12201496940908249,1.1764899999999996e-05,0.9861153339655205
390,0.9864272576484954,0.5798554105336586,0.01443754229248996,0.39213430881500244,0.1240774928168817,1.1764899999999996e-05,0.9860822225444054
391,0.9876068742081309,0.580331135309484,0.014447952571668123,0.3928277881094143,0.12321502521063722,1.1764899999999996e-05,0.9862984982689031
392,0.9850973348583331,0.5804444387483825,0.014438341679185202,0.3902145531474118,0.12291137703012621,1.1764899999999996e-05,0.9861980331999263
393,0.9875196315455095,0.5799196654814852,0.014438530189568916,0.3931614375855934,0.12190198010662526,1.1764899999999996e-05,0.9862306983847366
394,0.9864805574622451,0.5802133539647006,0.014442696525719747,0.3918245071144195,0.12087083791502926,8.235429999999996e-06,0.9863442082011529
395,0.9856431589742597,0.580468994008297,0.014433581292914431,0.3907405810350436,0.12293782972833187,8.235429999999996e-06,0.9865065057454496
396,0.9883514132225912,0.5800689560089385,0.01443082350863224,0.3938516334198308,0.12491545596262485,8.235429999999996e-06,0.9864422735842793
397,0.9874942763285204,0.5806219785977779,0.014422789429933832,0.3924495066609679,0.12309214982547258,8.235429999999996e-06,0.9866515517377398
398,0.9850213442122537,0.5799342343966927,0.014436451156743977,0.3906506601560629,0.12209618489066379,8.235429999999996e-06,0.9865380752742576
399,0.9856893492942792,0.5799245067190325,0.014438342249564577,0.391326500824764,0.1234426604111514,8.235429999999996e-06,0.9865331197754618
400,0.9846331964839589,0.5803501345038984,0.014418017350885857,0.3898650440587952,0.12264763446230638,8.235429999999996e-06,0.986353713659008
401,0.9861931987641531,0.5796172587495101,0.014431912933240096,0.3921440281508642,0.122507080542699,8.235429999999996e-06,0.9862123461146105
402,0.9850804877053038,0.5799476377416456,0.014426519996241519,0.39070633089428314,0.1252217021855441,8.235429999999996e-06,0.9862106613993074
403,0.9862763078874378,0.5800469387946516,0.014432503846273467,0.39179686553170234,0.12458119831943626,8.235429999999996e-06,0.9860863290335005
404,0.9832415878772736,0.5803561237725344,0.014430381464615963,0.38845508018036207,0.12236433230233534,8.235429999999996e-06,0.9857624320750032
405,0.983677500457855,0.5803610076459401,0.014442273019033185,0.3888742184382306,0.1231785167240355,5.764800999999997e-06,0.9855658662233626
406,0.9870137060373023,0.5804043358022516,0.014421315854816345,0.3921880542376395,0.12168708277875157,5.764800999999997e-06,0.9854320955048339
407,0.985507381732384,0.5802441992257771,0.014433604678468841,0.3908295764021896,0.12550353754365273,5.764800999999997e-06,0.9852334060452203
408,0.9856539461316104,0.5802937068722465,0.014418515577270655,0.39094172460895976,0.1218338366152282,5.764800999999997e-06,0.9852966662371557
409,0.9881070780982241,0.5800642211471448,0.014427679862702292,0.3936151760902131,0.12168590662082987,5.764800999999997e-06,0.9855384391175501
410,0.9842308602835003,0.5804883789217643,0.014432005619888671,0.3893104777381751,0.12314547240092423,5.764800999999997e-06,0.9854982054975043
411,0.9883079949463384,0.5802694480670126,0.014420301435096412,0.39361824480255253,0.12318798286492745,5.764800999999997e-06,0.9857096851157229
412,0.9848870791886982,0.5801077828738108,0.01443142839596032,0.3903478684893065,0.12112074306136683,5.764800999999997e-06,0.9856903442640623
413,0.9899317508108878,0.5799500364721106,0.014429937994651247,0.3955517749894749,0.12093565580947548,5.764800999999997e-06,0.9860558885564072
414,0.9871834924346522,0.5800843524020254,0.014445109515669243,0.39265402951879363,0.12310551090887858,5.764800999999997e-06,0.9864500790121454
415,0.9889349985921212,0.5794355916349512,0.014432689789949993,0.3950667169533278,0.12516030972226386,5.764800999999997e-06,0.9869758288255719
416,0.9846706530123807,0.5799466642466459,0.014420880655352578,0.39030310689832604,0.12514320101464194,5.764800999999997e-06,0.9867415235230798
417,0.9875661789230182,0.5806169954783609,0.01443300007633045,0.3925161813007017,0.12143914750888588,5.764800999999997e-06,0.9869474032421431
418,0.9840900582845131,0.5801401005692459,0.014431582683581485,0.38951837346314244,0.12134592144184135,5.764800999999997e-06,0.9867910144574334
419,0.9854383919227636,0.5805301787465383,0.014426127004851564,0.39048208538710216,0.12178626367777728,4.035360699999998e-06,0.9865241458398873
420,0.9867099821567535,0.5801601581025922,0.01443529043471414,0.39211453543753144,0.122868801685469,4.035360699999998e-06,0.9867720580272128
421,0.9870777934361873,0.5800649954371475,0.014434789071242776,0.39257800714536145,0.12378948386847688,4.035360699999998e-06,0.9866490378761975
422,0.9894924815476797,0.5801524713849336,0.014426274162730532,0.39491373400368757,0.12228886155705702,4.035360699999998e-06,0.9871095781120959
423,0.9845111857761036,0.5793343326121426,0.014421526895185407,0.39075532776602145,0.1216241540699199,4.035360699999998e-06,0.9865675216086173
424,0.9853753788334331,0.5799006068250209,0.014434762833791486,0.3910400085329439,0.1253235069009961,4.035360699999998e-06,0.9863867102484954
425,0.9860730315224405,0.580276392008129,0.01443156414625177,0.39136507679400834,0.12060234055778626,4.035360699999998e-06,0.9861005135415274
426,0.9851056532711504,0.5804541136659503,0.014422680202283357,0.39022885819086045,0.12067203394819105,4.035360699999998e-06,0.9861440135674042
427,0.9861037637058058,0.5801592045708707,0.014435517730895412,0.3915090415466345,0.124384284910688,4.035360699999998e-06,0.9859977720456831
428,0.9886449692351966,0.579920655374892,0.014431668810867236,0.3942926434808941,0.1216410318095433,4.035360699999998e-06,0.9864532631407513
429,0.9860295858679776,0.5802134848667674,0.014420696422814181,0.3913954044358012,0.12208036242418312,4.035360699999998e-06,0.9865123825352728
430,0.985025392194684,0.5798833725269902,0.01441936230545409,0.3907226560788862,0.12096974299997804,2.8247524899999986e-06,0.986343923539066
431,0.989398705189308,0.5795196625604584,0.014427169373160914,0.39545187425385253,0.12095164979972908,2.8247524899999986e-06,0.9865760147143778
432,0.988049443401218,0.579988793750699,0.014435758716181704,0.3936248927880702,0.1227004020764497,2.8247524899999986e-06,0.9864317108997318
433,0.9852257333874133,0.5798004208284132,0.014432364673705763,0.39099294973902726,0.12030764218223722,2.8247524899999986e-06,0.9865031656608627
434,0.9858952217410055,0.5801476230176442,0.014438021411165666,0.39130957716960085,0.12190317665560964,2.8247524899999986e-06,0.9865551499516199
435,0.9872906496079915,0.5799893595670399,0.014432510690825977,0.3928687822020225,0.12296665174681604,2.8247524899999986e-06,0.9866769117601752
436,0.9899351250326804,0.5801618067841781,0.014428014390206223,0.3953453023610503,0.1227606182035647,2.8247524899999986e-06,0.9871598589363281
437,0.985478580283206,0.58001544957526,0.014436250953583056,0.3910268803960399,0.12300020885881055,2.8247524899999986e-06,0.9870973405940682
438,0.985786257320614,0.5798595616121611,0.014436972768683182,0.391489723510149,0.12272589088698323,2.8247524899999986e-06,0.9868114694026099
439,0.9849877954955306,0.5798219060213372,0.014434174772654995,0.3907317158066485,0.12131884407127302,2.8247524899999986e-06,0.9867072903653652
440,0.9885529984127391,0.5801329742493242,0.01442204080700304,0.3939979829821005,0.12339603542639878,2.8247524899999986e-06,0.9870600509871708
441,0.9865157444511304,0.5801908286849847,0.01443448106637982,0.391890434058089,0.12282838319477282,1.977326742999999e-06,0.9867717549133529
442,0.9852841583450446,0.579368561934056,0.014449148086839886,0.39146644682690285,0.12259149781325787,1.977326742999999e-06,0.9864952264077355
443,0.9854213866320524,0.5801480679135573,0.014429536162380966,0.39084378277000625,0.12276178564537656,1.977326742999999e-06,0.9865147917321995
444,0.9835692378892853,0.5801406248904871,0.01442957837045478,0.3889990353769663,0.12228300411735425,1.977326742999999e-06,0.9862821933470276
445,0.987155283467051,0.5800418611348531,0.014435467822700027,0.3926779523705752,0.12048307428377096,1.977326742999999e-06,0.9862686567329334
446,0.9884811909290022,0.5800550806750521,0.014431995638249593,0.3939941129045623,0.12174188245854309,1.977326742999999e-06,0.9861232633225654
447,0.9835842073534093,0.5800014199537523,0.014442589294397089,0.3891401969645012,0.12427609902249569,1.977326742999999e-06,0.9859338260295859
448,0.9856881082913522,0.5799755506823507,0.014439967545596037,0.3912725892078363,0.12302991496532728,1.977326742999999e-06,0.9859240111266597
449,0.9883515670824279,0.5794722114168286,0.01443093045476521,0.39444842563861865,0.12119477915992007,1.977326742999999e-06,0.9862603882853496
450,0.9873138949916693,0.5798631716858257,0.014440016598222359,0.3930107031427502,0.12424664174398167,1.977326742999999e-06,0.9861364779432424
451,0.9858094308364904,0.5799939053480705,0.014437555696405292,0.3913779682947688,0.12153194602311514,1.977326742999999e-06,0.9860658465817783
452,0.9817706894076041,0.5798491792815724,0.014436879511655232,0.38748462769118225,0.12441005716412261,1.3841287200999992e-06,0.9857144996880344
453,0.9862146390397013,0.579895172107733,0.014424560457895818,0.39189490861299503,0.12258060354935496,1.3841287200999992e-06,0.9857938249287994
454,0.9859527684569929,0.5800515548749403,0.014430367490321255,0.3914708442379983,0.12231600509163296,1.3841287200999992e-06,0.9860321779855701
455,0.9894285283305428,0.5801938506975128,0.01443330294777902,0.39480137618249683,0.12460556893685218,1.3841287200999992e-06,0.9862595024719193
456,0.9864728512090929,0.5799695973476154,0.014428497216347872,0.392074755611317,0.12455883775458952,1.3841287200999992e-06,0.9860586684999284
457,0.9876485685127203,0.5798128368466665,0.01442894068631259,0.39340679040936194,0.12073839664387931,1.3841287200999992e-06,0.9864651046158593
458,0.9878331201783778,0.5800891859394511,0.014431559012837387,0.3933123770085248,0.12368930496596263,1.3841287200999992e-06,0.9866796058045619
459,0.9842165558817284,0.5803688837295514,0.014429979061966308,0.38941769419532074,0.12276149042057649,1.3841287200999992e-06,0.986266104684492
460,0.9869300087102862,0.5797900339347895,0.01443367740183926,0.392706299298688,0.12231289852036244,1.3841287200999992e-06,0.9862277160563538
461,0.9877563384161041,0.580168235672718,0.014430964962717448,0.39315713963440163,0.1197444832567393,1.3841287200999992e-06,0.9864224068143151
462,0.9850210363499856,0.5802653909585123,0.01443253521713914,0.39032311095860583,0.12543520146009454,1.3841287200999992e-06,0.9867474415085533
463,0.9858235664059671,0.5800573199844816,0.014427771693781802,0.3913384742999191,0.12029016604335115,9.688901040699995e-07,0.9867083342451798
464,0.9872920638636539,0.5803988200910924,0.01441766713794909,0.39247557713369435,0.11975129775738602,9.688901040699995e-07,0.9868422637858458
465,0.9870835247507506,0.5804950887221468,0.014419296141446492,0.3921691384255601,0.12208451232627819,9.688901040699995e-07,0.9866077634278667
466,0.985165923833847,0.580121350345429,0.014437433350029174,0.39060714020968623,0.12113561190700417,9.688901040699995e-07,0.9864770706903421
467,0.9847055509615172,0.5799297509296089,0.01443291223790657,0.3903428874731634,0.12318206922503179,9.688901040699995e-07,0.9861827689352218
468,0.9883098734908127,0.5799715454783736,0.014427006529849112,0.3939113220529693,0.12327718175056449,9.688901040699995e-07,0.9862304442664651
469,0.9835297382619392,0.5803069221346002,0.014435160673406135,0.3887876555965278,0.1224159933091921,9.688901040699995e-07,0.9861617625044865
470,0.9877482810944461,0.5800030272828335,0.014416757953224,0.39332849475327863,0.12173802316474001,9.688901040699995e-07,0.9862435897429023
471,0.9901109858277882,0.5800495361597344,0.014430743085140247,0.3956307057986419,0.12180492495806024,9.688901040699995e-07,0.9864790544840707
472,0.9871663525344082,0.579869604852211,0.014433930079902759,0.39286281460780276,0.12176268399831211,9.688901040699995e-07,0.9866935861025132
473,0.9865226200893165,0.5798203795435326,0.014438114668193617,0.3922641258775903,0.12315283496485373,9.688901040699995e-07,0.9867634914708481
474,0.9837588619387321,0.5799211236563596,0.014432572862177945,0.3894051652063023,0.1231820510441892,6.782230728489996e-07,0.9864101712783556
475,0.9878650073799791,0.5800849591430864,0.014409657585563842,0.3933703900096519,0.1231039455026816,6.782230728489996e-07,0.9864883195412786
476,0.9890377453069368,0.5799893364666752,0.014432801299117969,0.39461560340589313,0.12173267917342163,6.782230728489996e-07,0.9868755016885874
477,0.9836173904569525,0.5798449717355116,0.014431219066729386,0.3893411967315172,0.12262503640574701,6.782230728489996e-07,0.9867666856381312
478,0.9856780533585252,0.5796421221568824,0.014422880975823654,0.39161304773040934,0.12382059840209177,6.782230728489996e-07,0.9865035036249024
479,0.9881129386037161,0.5797918886659248,0.014430522063132108,0.39389052730427976,0.12316976681922041,6.782230728489996e-07,0.9869618236590801
480,0.9850255906867068,0.579848916479275,0.014424633181266237,0.3907520405270837,0.12310033986728157,6.782230728489996e-07,0.9866895546183063
481,0.9870888130231337,0.580146819923483,0.014428302146601334,0.392513689028019,0.12193593773188774,6.782230728489996e-07,0.9863873373378407
482,0.9871449132570239,0.5794769408600182,0.014427951933664569,0.3932400190373927,0.12174748139161813,6.782230728489996e-07,0.9863851934101022
483,0.9879137072266574,0.5801111934572886,0.014424261579102877,0.3933782520476711,0.12262921899771007,6.782230728489996e-07,0.9865243021238363
484,0.9849604651973578,0.5796324720508174,0.014432849781364915,0.3908951437929601,0.1227210683293605,6.782230728489996e-07,0.9866444624496988
485,0.9868977061299046,0.5800202307803779,0.014433981414046584,0.3924434943632646,0.12367226568420538,4.747561509942997e-07,0.9865477323246914
486,0.9884175501371685,0.5802434762699182,0.014425628778466768,0.3937484453739732,0.12230152141249351,4.747561509942997e-07,0.9864857128077146
487,0.9888855312999926,0.5798753383056969,0.0144382141993947,0.3945719795078752,0.1240940983785967,4.747561509942997e-07,0.9870125268920186
488,0.9871158363146074,0.5798628472825557,0.014437187231328499,0.39281580101645164,0.12156540656275155,4.747561509942997e-07,0.9871563051876269
489,0.9869126362378517,0.5798714515980351,0.01443178488307022,0.3926093976891212,0.12379077092953847,4.747561509942997e-07,0.9870362749510406
490,0.9876070055379822,0.5797584252209185,0.014442722192791661,0.39340585755389273,0.12186488523437645,4.747561509942997e-07,0.987294416436168
491,0.9871246096049769,0.5801620045632266,0.014434678988023237,0.3925279261250245,0.12103569545030024,4.747561509942997e-07,0.9872979960943523
492,0.98897387893006,0.5798589758325422,0.014432992946588251,0.3946819098657398,0.12331714725309012,4.747561509942997e-07,0.987480892661656
493,0.985730849527286,0.5801479013627796,0.014439447359605269,0.3911434970974352,0.1266277386989605,4.747561509942997e-07,0.9872626068917189
494,0.9865708443821902,0.5793075143720545,0.014436076702683737,0.39282725337874946,0.11959004423549871,4.747561509942997e-07,0.987423644810202
495,0.9858302562430715,0.5796417676661003,0.014427321094074888,0.39176116698381436,0.1219733816584902,4.747561509942997e-07,0.9873168998215187
496,0.9843529114882912,0.5797475296914862,0.014434790782380903,0.39017058987366526,0.12474506189734742,3.3232930569600976e-07,0.986910435956631
497,0.9843967870662087,0.5795284322859567,0.014428141014427659,0.3904402136232294,0.12276291809797857,3.3232930569600976e-07,0.9864615615332525
498,0.986558483120357,0.580493968211863,0.014427000540865665,0.3916375129773286,0.1201685117513084,3.3232930569600976e-07,0.9864058262138276
499,0.9890394480319685,0.580012460359546,0.014428629544363067,0.3945983586271414,0.12323548077966608,3.3232930569600976e-07,0.9866185073932392
500,0.9877948937803934,0.5802624469453638,0.014424131817794873,0.3931083145181528,0.1231947474930275,3.3232930569600976e-07,0.9866372962174802
501,0.9876473162448007,0.5802045865207197,0.014434391231628126,0.3930083371378018,0.11949054255154715,3.3232930569600976e-07,0.9866895668814626
502,0.9833758094094016,0.580126967726712,0.014430499247957074,0.38881834179305574,0.12367792661038883,3.3232930569600976e-07,0.986129759929397
503,0.985671791876332,0.5802987009714665,0.014419985730111884,0.39095310574513303,0.12358280426363626,3.3232930569600976e-07,0.9861238541643015
504,0.9840312237944899,0.5800685819826628,0.014425773084448855,0.38953686726578113,0.12292649566628146,3.3232930569600976e-07,0.9858698921055314
505,0.9883838111989236,0.5795182597123835,0.014425779643811677,0.3944397704880774,0.12211704332577555,3.3232930569600976e-07,0.9861252476011166
506,0.9886733823986145,0.5802885279701087,0.014434556071267745,0.39395029664609993,0.12017584618840492,3.3232930569600976e-07,0.9865572946921489
507,0.989303896444266,0.580134195288973,0.01443563865132309,0.39473405936688327,0.12117513550810836,2.326305139872068e-07,0.9870480056299547
508,0.9869930049734252,0.5802938176684402,0.014433039432507382,0.3922661452701217,0.11993211629002859,2.326305139872068e-07,0.9870914578152614
509,0.9854593981396068,0.58009505842291,0.014434423743252548,0.39092991747069017,0.12091285890440621,2.326305139872068e-07,0.9867334528260254
510,0.9882352537515631,0.5796364249224868,0.014425200138365823,0.3941736286907105,0.12246056325270228,2.326305139872068e-07,0.9867774888231423
511,0.9859685750954459,0.5799022027465145,0.014438024833441922,0.3916283468025153,0.12314102030470611,2.326305139872068e-07,0.986609614708207
512,0.9890657509342905,0.5801867807025545,0.014422734958703437,0.3944562353443301,0.12202202436028485,2.326305139872068e-07,0.9871786088606959
513,0.9860728495714197,0.5797195317642541,0.01443569768558849,0.39191762133363334,0.12238609482440652,2.326305139872068e-07,0.9872187146302045
514,0.9872949866301706,0.5798493606622139,0.01442769925560107,0.39301792578548905,0.12459211942681855,2.326305139872068e-07,0.9875450909137726
515,0.9864129127497878,0.5802260540318831,0.014432005049509295,0.39175485566472323,0.12237997982276684,2.326305139872068e-07,0.987348001068859
516,0.9895422244756416,0.5803361606369749,0.014443550383645382,0.3947625124568574,0.12233236449899856,2.326305139872068e-07,0.9874348852765618
517,0.9885892414590388,0.5799621759989615,0.014435361446946432,0.3941917046548077,0.12170454585238506,2.326305139872068e-07,0.987363419778039
518,0.9832305970944857,0.5794875174047844,0.014432465060475911,0.38931061413014334,0.12269343892067813,1.6284135979104476e-07,0.9869871789901449
519,0.9864791238136839,0.5799936441143164,0.014439655833267138,0.39204582393739784,0.12246329793661975,1.6284135979104476e-07,0.9870891515575527
520,0.9856148751443653,0.5802280007366929,0.014423740822732734,0.39096313329975,0.12348203123970465,1.6284135979104476e-07,0.986827113696833
521,0.9855430616716448,0.5799517449009362,0.014423804134843453,0.3911675137053266,0.1222286893313296,1.6284135979104476e-07,0.9867845623544529
522,0.9865096516586377,0.5799839004660338,0.014421811229304263,0.3921039393216229,0.12153130056755394,1.6284135979104476e-07,0.9865289524268877
523,0.9845450817112718,0.5798224552966761,0.014431341983484879,0.39029128229218807,0.1219642686180806,1.6284135979104476e-07,0.9863761756408728
524,0.9861946519482079,0.5797254764007039,0.014427512456355483,0.3920416611661181,0.12188690207435184,1.6284135979104476e-07,0.9862661421726765
525,0.9867150847706498,0.5801110196341738,0.014426579600886294,0.3921774871754304,0.12460255687031449,1.6284135979104476e-07,0.9862963593747628
526,0.986897296312323,0.5801629448336277,0.014431860743527206,0.39230249094906033,0.12298715909559761,1.6284135979104476e-07,0.9860318665584309
527,0.987912624789197,0.5800951014865529,0.014423668954931378,0.3933938527791694,0.1211199164747051,1.6284135979104476e-07,0.9859642048914466
528,0.9854638817492855,0.5796907756602365,0.014438314015785473,0.39133479157418155,0.1217873996952504,1.6284135979104476e-07,0.9861875333569265
529,0.9866652209222602,0.580280561766556,0.014428361466056422,0.3919562957646174,0.1209917456695908,1.1398895185373132e-07,0.9862061430677844
530,0.9865912499895506,0.5804363899824152,0.014435662607256875,0.39171919533225336,0.12359023183299024,1.1398895185373132e-07,0.9863037805523028
531,0.9869517388811522,0.5800282250751149,0.014432745972318512,0.3924907680476111,0.12412593647409854,1.1398895185373132e-07,0.9864446482732536
532,0.9864223915994452,0.579972143663744,0.014434870920683207,0.392015377015018,0.12221395256416649,1.1398895185373132e-07,0.9864359222673343
533,0.9876729409660449,0.5800574979428469,0.014433074225649309,0.39318236851235894,0.12058481998278194,1.1398895185373132e-07,0.9867487081928117
534,0.9852351263949746,0.5801609556355545,0.014430444491536994,0.3906437256975037,0.12452148134557255,1.1398895185373132e-07,0.9866527556374882
535,0.9874029895335293,0.5800637572861174,0.014428460997257506,0.39291076789917556,0.12132795734339924,1.1398895185373132e-07,0.9867215461137763
536,0.9870759183139892,0.5799149809556715,0.014419352894194389,0.3927415835729056,0.12272479021520706,1.1398895185373132e-07,0.9867394083139429
537,0.9842057829838621,0.5797281484854849,0.01442816554074082,0.3900494708826667,0.12116075547759612,1.1398895185373132e-07,0.9863687241334093
538,0.9866470121310659,0.5798230245352932,0.014432434545179304,0.3923915530505933,0.11894461382447817,1.1398895185373132e-07,0.9864870371715874
539,0.9888919848574406,0.5794205257767125,0.014433638901231392,0.39503782238971674,0.12185424111747856,1.1398895185373132e-07,0.9867097135651054
540,0.9825783675652372,0.5797422720769946,0.014431691911231958,0.38840440250754926,0.12337843843838245,1e-07,0.9863084253226742
541,0.9875405959820633,0.5798656883422267,0.014428528016834167,0.39324638019338176,0.12088459870960724,1e-07,0.9863673110327651
542,0.9889593892975858,0.5799280107021332,0.014429871545453962,0.3946015074777831,0.12743455679579216,1e-07,0.9866210108025791
543,0.9850948287539505,0.5801353849577562,0.014439047523662804,0.3905203961655854,0.1217560885233457,1e-07,0.98636319958137
544,0.988261452559649,0.5798097123084456,0.014421703142412541,0.3940300408875543,0.1222969193599726,1e-07,0.9866658321978374
545,0.9870987466077485,0.5797995639759959,0.014431563575872395,0.3928676167030654,0.11900263302848099,1e-07,0.9866354079052592
546,0.9854173988246462,0.5803518855685823,0.014430533185529937,0.3906349767908525,0.12390083534438073,1e-07,0.986469555956325
547,0.9851896734328932,0.5802413775590047,0.014443857532939272,0.39050443712889293,0.12149739326044703,1e-07,0.986567945001228
548,0.9897498555445785,0.5800718693641954,0.014416711752494557,0.39526127499826785,0.11905815837343343,1e-07,0.9868782293425793
549,0.9854578370112551,0.5797086867133966,0.014426636638823879,0.3913225145146037,0.12137737697320121,1e-07,0.9865348145579608
550,0.9880586893934953,0.5801435633424367,0.014429955961601586,0.39348516764752034,0.12242031740871342,1e-07,0.9870828467407865
551,0.9846464783381047,0.5800248910650683,0.014427744885951138,0.39019384281486985,0.1213774424242346,1e-07,0.9867934349763907
552,0.9866610132336047,0.5797447218564138,0.01443114434703115,0.3924851453903189,0.12158744470283175,1e-07,0.9865635973699926
553,0.9856117690008793,0.5796187815198488,0.01443178488307022,0.3915612008868222,0.12044598431321993,1e-07,0.9866152913946854
554,0.9837126746132043,0.5797420310917083,0.014432801299117969,0.38953784065383473,0.12155374504946635,1e-07,0.986160413600041
555,0.986384461228357,0.5797026431161251,0.014434011358963815,0.39224780589769903,0.12154472856359048,1e-07,0.9860889850621017
556,0.9903322137428813,0.5797890069667232,0.014424734708795137,0.3961184698571429,0.12318551353219023,1e-07,0.9865804665539255
557,0.9832161920207539,0.5801666990706795,0.014419030059467663,0.388630461749848,0.12303240673892805,1e-07,0.9863831184127114
558,0.982407568031521,0.5801021354050158,0.014431843346956245,0.3878735913471742,0.12312296578330857,1e-07,0.9856488896614056
559,0.9877733585366792,0.5800770173232521,0.014432893700576856,0.3932634461225505,0.12058585210208687,1e-07,0.9858804418139482
560,0.9848174820676374,0.5795280317370402,0.01443383653768512,0.3908556102993386,0.1215360082115568,1e-07,0.985556321081362
561,0.984650122491937,0.5797301721915104,0.014436211312216434,0.3904837363502055,0.1255240051619459,1e-07,0.9855566854967455
562,0.9856236755277552,0.5800882469524037,0.014426827430725098,0.3911086028557645,0.12140608732209822,1e-07,0.9854529517261605
563,0.9867612916316713,0.579594623956954,0.01443004465559453,0.39273662109409224,0.12251605369756667,1e-07,0.9855679039892398
564,0.9828598241201428,0.5800662495588002,0.014429167126924798,0.3883644065788488,0.12176038340874837,1e-07,0.9854826189399335
565,0.9874640184156062,0.5799502734647414,0.014418844400980827,0.3930949011915608,0.12464967006416412,1e-07,0.9855905746586584
566,0.9855344977105063,0.5802734723786989,0.014431464329860998,0.3908295608593516,0.12214640214254982,1e-07,0.9851108030554212
567,0.9866944360390805,0.5799052134940499,0.014436441745484275,0.39235277766245974,0.12208585264651399,1e-07,0.9854586274572537
568,0.987539975837087,0.5801245768389633,0.014429667634827099,0.3929857307216197,0.121905543961736,1e-07,0.9859718682378104
569,0.9854027651713796,0.5794541757357748,0.014429944268824381,0.3915186448815907,0.12249707059854525,1e-07,0.9857348089012803
570,0.9845935812121943,0.5798001749949022,0.014427535841909893,0.39036586695310604,0.12208474611052486,1e-07,0.985712418815736
571,0.9842902597342952,0.5801360080972242,0.014429563825780695,0.3897246861001521,0.12181137282953879,1e-07,0.985676432539972
572,0.9870152684490076,0.5800089915973718,0.014431479159724769,0.392574798190993,0.12272352627233456,1e-07,0.9858155918320971
573,0.986754232473921,0.5797647357557378,0.01443590615925036,0.3925535912719069,0.12337046884820221,1e-07,0.985814885916322
574,0.984997810786991,0.579766584355295,0.014427440018174751,0.390803787803821,0.12221842006062777,1e-07,0.986028684583007
575,0.9861449398207323,0.5799643849356894,0.014433738717622165,0.39174681516925686,0.12325511081367019,1e-07,0.9858967767235194
576,0.9894308439282139,0.5796991635167428,0.014418305392470656,0.3953133752328927,0.11904926307535058,1e-07,0.9862864113452903
577,0.9850509055493551,0.5799791710228441,0.014421130766708885,0.3906506059700222,0.12157857649776924,1e-07,0.9861220582963177
578,0.9878993514907417,0.579967900754162,0.014433224520614843,0.39349822593077516,0.12013878899684363,1e-07,0.9861579958616831
579,0.9873989063301726,0.5799312567311611,0.014447101850829055,0.39302054696391076,0.12468591016944516,1e-07,0.9863576099775624
580,0.9862353073067642,0.579765272054946,0.01441929243398055,0.3920507435308119,0.12222790730555662,1e-07,0.9865217825870195
581,0.9850112224024449,0.5799065001273269,0.014426311807769336,0.3906784094691847,0.12374417777908475,1e-07,0.9865938788538344
582,0.9848373264216921,0.5798740867507515,0.014429971647034422,0.39053326381735826,0.12241558650392664,1e-07,0.9863760846511029
583,0.9857636353615938,0.5799727690847296,0.014411197324688926,0.3913796695938521,0.12190900589718202,1e-07,0.98627702493987
584,0.9838280633591009,0.5797483416265278,0.014421615874368039,0.3896581067137741,0.12238171564762672,1e-07,0.9861600501970811
585,0.9909880889945053,0.5802667878176037,0.014420931704306717,0.39630037047075883,0.12299087640058481,1e-07,0.9866443651144584
586,0.9854203933163693,0.5795337666164745,0.014429364192999151,0.3914572632911673,0.12512049731312758,1e-07,0.986243320053274
587,0.9867631581981787,0.5800822077755723,0.014433303232968708,0.3922476465479609,0.12220826377851542,1e-07,0.9864145453181564
588,0.9908233477453295,0.580018370202854,0.014430200083974446,0.39637477660293213,0.11960648558142653,1e-07,0.9867069449436151
589,0.9837576175135289,0.5801821807354831,0.014419083675128992,0.38915635413672933,0.12160497586550324,1e-07,0.9863428160619507
590,0.9873855216651442,0.5799674046666998,0.014431475452258827,0.3929866416174829,0.1238004108935452,1e-07,0.9864578374977888
591,0.9875313411489057,0.5798895920862992,0.014426523703707462,0.39321522543019655,0.12522339368123186,1e-07,0.9867098493724349
592,0.9866374745323327,0.5799871278151371,0.014431033693432238,0.39221931152651757,0.12415369526977744,1e-07,0.986889864183499
593,0.9846719105563095,0.5801066686377001,0.014422572400581323,0.3901426686624591,0.11974502887808536,1e-07,0.9867806917029706
594,0.9878766245819165,0.5802594909542486,0.014431816824315267,0.39318531644686555,0.12133394331452949,1e-07,0.987185547825252
595,0.9863798802263999,0.5799730733821267,0.014419041752244868,0.3919877641651619,0.12206049161878499,1e-07,0.9867247269484414
596,0.9877057765659533,0.5796779402705471,0.014445051051783219,0.39358278567140753,0.12216921320015733,1e-07,0.9869532652734
597,0.9871450239106229,0.5800148332803443,0.014430481851386111,0.3926997079946208,0.11928475660641798,1e-07,0.9869914518446443
598,0.9897261733928936,0.5801119687454552,0.014428954660607297,0.39518524977293884,0.12060929542523252,1e-07,0.9868817344094006
599,0.9866254666205229,0.5796921013645008,0.01444025758350865,0.39249310824289274,0.12348811426445057,1e-07,0.9871685193201003
600,0.9870547894655802,0.5800410875578246,0.014422577248806018,0.3925911259779519,0.12203935722700146,1e-07,0.9871354461001436
601,0.983970379572736,0.5796333507202459,0.014435492634202875,0.38990153429325686,0.12214412009031579,1e-07,0.9867793499425266
602,0.9812640489288494,0.5800058150120329,0.014435835717397443,0.3868223977003371,0.12649066428961367,1e-07,0.9862420073821785
603,0.9852714260514273,0.5799049303006898,0.014430303893020848,0.3909361909308502,0.11957319387408535,1e-07,0.9863019589316903
604,0.9851246697195409,0.5796780734541314,0.014433539655219995,0.3910130581074354,0.12158751403957463,1e-07,0.9860267634454527
605,0.9854924603227223,0.5799317770597467,0.014421577373760168,0.3911391043919696,0.12096237426882155,1e-07,0.985938021455085
606,0.9844891809675682,0.5799285599774722,0.014433037436179567,0.39012758394605235,0.12510037224329829,1e-07,0.9856163618952463
607,0.9869112112875761,0.5796334659368798,0.014439305335140684,0.3928384389460942,0.12424563725242775,1e-07,0.9855929806329418
608,0.9836300106710224,0.5798116682819202,0.014435082816621333,0.3893832580039376,0.12264215267089565,1e-07,0.9849833643607546
609,0.9869918077471154,0.5800857292978387,0.014435367721119566,0.39247071350875656,0.12228460012796963,1e-07,0.9850199984734139
610,0.9865947796397232,0.5799044198111484,0.014419062571092085,0.39227129668710337,0.12453224853964513,1e-07,0.9849739974908281
611,0.990356925001555,0.5795050906507593,0.014435680574207214,0.3964161521367479,0.12008783164206874,1e-07,0.98561265203371
612,0.9895433265911905,0.5803576198776373,0.014432453652888394,0.39475325341715195,0.1237014219093551,1e-07,0.986440579799944
613,0.9878020710066745,0.5801660417084489,0.014427679292322916,0.3932083530182188,0.12001686530749194,1e-07,0.9866936442954689
614,0.9850775100397722,0.5798265578929317,0.014424446667210338,0.39082650341200487,0.12292829954453062,1e-07,0.986688928327492
615,0.9861488869886079,0.5801633237081282,0.014422318866948763,0.391563242559798,0.11950277954197386,1e-07,0.9867545709940806
616,0.9845718484746212,0.5801085394820528,0.014421989758048901,0.3900413190206272,0.1233801570092662,1e-07,0.9867628377447859
617,0.9864939990226161,0.5798255255062614,0.014432104865900066,0.39223636733145234,0.12205895580101812,1e-07,0.98672111651829
618,0.9843002236916117,0.5795754304057673,0.014414796133360793,0.39030999501356095,0.12143067525405633,1e-07,0.9867881378203489
619,0.9834964256822778,0.5794458096962797,0.014434259473992307,0.3896163544443806,0.1200676153293637,1e-07,0.9864385996138652
620,0.9841150896686116,0.5796979765572616,0.01442210383392407,0.3899950083505594,0.12031115142352274,1e-07,0.9861906306167538
621,0.9825523545582329,0.5795176884774386,0.014424703337929466,0.3886099630280545,0.12244263949077666,1e-07,0.9854101735724218
622,0.9889744116643969,0.5800857388516932,0.01442811762887325,0.39446055390047685,0.12193553078402743,1e-07,0.9853532820797424
623,0.9882865787693188,0.5798740138847862,0.014430303322641473,0.3939822614905937,0.122458585283973,1e-07,0.9854017328560069
624,0.9868138831768309,0.5798836611389544,0.014423062071275482,0.3925071594675192,0.12101580209709241,1e-07,0.9855753701697125
625,0.9862892690457796,0.5799401874462383,0.014418234665428051,0.3919308475044926,0.12209446378872155,1e-07,0.9855894083754297
626,0.9867758471429633,0.579771291553689,0.01442923243536333,0.3925753240807775,0.11960434225615132,1e-07,0.9858098082422639
627,0.9861747032147276,0.5802639069739711,0.014422243576871151,0.3914885541611311,0.12039375034245578,1e-07,0.9857778786614751
628,0.9867979437825782,0.5797810615820177,0.01443554254239826,0.3925813415118952,0.12254705661506744,1e-07,0.9860276506705719
629,0.9871161294896067,0.5795329703668658,0.014438089856690768,0.39314506862437326,0.12184220069404424,1e-07,0.9863896210513048
630,0.9827783639636336,0.5800038101285269,0.014433004639365456,0.3883415506216898,0.12237306358069894,1e-07,0.9862559484808069
631,0.9867014728094402,0.5799009601750442,0.01442583012238644,0.3923746846509322,0.12103098814496013,1e-07,0.9866708603059277
632,0.9886924779871434,0.579832320293171,0.014434914839895148,0.39442524178461597,0.12056530744692925,1e-07,0.9866426669382022
633,0.9873733302337702,0.5798859848645315,0.01443769030593799,0.3930496557049774,0.12153340451882787,1e-07,0.9865513420846475
634,0.9894364899710605,0.5801188105886633,0.01443778099625875,0.3948798962472158,0.12109428597836974,1e-07,0.9868136027640704
635,0.9884446587003589,0.5800910944288428,0.014421788984508606,0.39393177371846433,0.12162947271500478,1e-07,0.9870291417295283
636,0.9853555008269953,0.5801942401240316,0.01442984017458829,0.39073142081356504,0.12391312290250399,1e-07,0.9868871070979315
637,0.9852589002351442,0.5801853213869214,0.01444102018073415,0.39063255802581187,0.12127718561146247,1e-07,0.9867955267999733
638,0.9872825486523112,0.5800114420897653,0.014415263844448984,0.3928558422903125,0.12290886017765724,1e-07,0.9868439872869464
639,0.9860036751014765,0.5798216275336069,0.014435374280482388,0.39174666943732633,0.12283043606144389,1e-07,0.9867327418481334
640,0.9862135387778852,0.5800267430869016,0.01442386887290261,0.39176292674678365,0.12137779873310094,1e-07,0.9870762593295586
641,0.9876969242780402,0.5801513159389131,0.014423525789708042,0.39312208361888046,0.12390499943466278,1e-07,0.9871758044764185
642,0.9874801719873145,0.5799685187602157,0.01442186798205216,0.3930897834626111,0.12142114769043534,1e-07,0.9870545738764356
643,0.9887439946523694,0.5799889342066203,0.01443512017647045,0.3943199393424121,0.123390901299042,1e-07,0.9871916403182954
644,0.9864166260621194,0.5796950763207304,0.014422001450826106,0.39229954886094237,0.1268295049489115,1e-07,0.9868896539274015
645,0.9849110498097524,0.5800472365326859,0.014417767524719238,0.3904460477486752,0.12327507772799313,1e-07,0.9865362930383409
646,0.9883579971117266,0.5800411599960054,0.014432928208529094,0.393883908194218,0.12435622786006859,1e-07,0.986836542666814
647,0.9888856372479616,0.5800590044573734,0.01442107943256506,0.3944055516468851,0.12167599911324715,1e-07,0.9871992163680957
648,0.9827403640062615,0.579830169107355,0.01442837258845425,0.38848182081320637,0.12193748210534525,1e-07,0.9867449979034907
649,0.985379672078995,0.5799631792962836,0.014440816840486663,0.39097567530054794,0.12149747183020605,1e-07,0.9866825976012427
650,0.9888647468181319,0.580121198624515,0.014430412265102258,0.39431313685538094,0.12325470794758728,1e-07,0.9869477184052673
651,0.9864291568692221,0.5795457877896049,0.014423398024727854,0.3924599728373249,0.12162676886722232,1e-07,0.9868209416643856
652,0.9874084470659922,0.5801739706947473,0.014424522812857011,0.39280995512693123,0.1219294882918659,1e-07,0.9868137691722533
653,0.9881802238345716,0.5801580618157911,0.014425200423555511,0.3935969630211734,0.12162054577869091,1e-07,0.9867573920904734
654,0.9860735645419673,0.5801959940406124,0.014426951773429031,0.3914506176584645,0.12109714054890226,1e-07,0.9867230859384583
655,0.9850203370648708,0.5799760769999198,0.014428695993560352,0.3906155630019293,0.12309560728700537,1e-07,0.98673401466397
656,0.9855385633746973,0.5800807115278745,0.01443501180438904,0.3910228384738904,0.12223189600418059,1e-07,0.9864520712902672
657,0.9859160996224892,0.5799715985236555,0.01444253311202857,0.39150196670345144,0.12388249748702825,1e-07,0.9861551175277199
658,0.9878630017834987,0.5800277117336766,0.01442496884952892,0.3934103190613706,0.12089019484425846,1e-07,0.9866673813054436
659,0.9852362453367152,0.5800788667783783,0.01442101754640278,0.3907363578748475,0.12432250530240638,1e-07,0.9866530386312157
660,0.9858804578986464,0.5800269414363295,0.014429714976315292,0.3914238016998939,0.12654217191789138,1e-07,0.9863546097392671
661,0.9869480479562112,0.5800655785074644,0.014428607584757098,0.3924538595824721,0.1211460739837594,1e-07,0.9864064988479659
662,0.9852739243130935,0.5796968871326538,0.014434971022263668,0.39114206458963274,0.12366024133833972,1e-07,0.9861930465726761
663,0.9871713665969064,0.5800145545074243,0.014427449999813827,0.3927293609489094,0.12331017835787608,1e-07,0.9860921608489095
664,0.9877268483764247,0.5800721495630639,0.014419435599203886,0.3932352619308034,0.12140588382143153,1e-07,0.9862574892323555
665,0.9879159807588496,0.579701355627279,0.014423462192407635,0.39379116465030106,0.12169760834586107,1e-07,0.9865470536017533
666,0.9857748012508502,0.5801536670427003,0.014434805327054986,0.39118632816812066,0.12417277119804228,1e-07,0.9865706773893684
667,0.9871374116274729,0.5794185263118105,0.014424454937711287,0.39329443130481756,0.12149006083750269,1e-07,0.986692808589867
668,0.9887442564565029,0.5800158639558765,0.014430582808535635,0.3942978084087372,0.12234640087593686,1e-07,0.9867809340571672
669,0.9862627876147129,0.5799957759072336,0.014423083460502077,0.39184392903124887,0.12324907375793707,1e-07,0.9868835882849671
670,0.9864091538071063,0.5801239080691452,0.014435887907110333,0.39184935929244785,0.12251692177932799,1e-07,0.9869364578758131
671,0.9873417787004316,0.5796266765685744,0.014445150582984304,0.3932699487682735,0.12250624663022716,1e-07,0.986975830950235
672,0.9847896429910614,0.5797284998391804,0.014431870154786908,0.39062927050168433,0.12170835976537905,1e-07,0.9869274028180317
673,0.9846537522436899,0.5799384164182764,0.014426589297335684,0.3902887454586166,0.1229181722448203,1e-07,0.9866756413827102
674,0.9877728446248616,0.5798870400663768,0.014433486609938042,0.39345231495405497,0.12085904434109418,1e-07,0.9866802410075539
675,0.9840821294408095,0.5800641947670987,0.014428716812407571,0.38958921579367806,0.12509304151366774,1e-07,0.9862968558757499
676,0.988659423076365,0.5799086654300325,0.014429851296986118,0.39432090585026447,0.12122237939013249,1e-07,0.9865853180583015
677,0.9853544111171978,0.5796776505178242,0.01443340048265229,0.3912433589759626,0.12293773413631334,1e-07,0.9864070180072739
678,0.986925195706518,0.5797987286553999,0.01442872508290852,0.39269774196820967,0.12179140751940783,1e-07,0.9862251119322755
679,0.9867359609409952,0.5793031265861109,0.014430340112111214,0.3930024965242906,0.12126594482426438,1e-07,0.9862724292649038
680,0.9866632227407118,0.5797513419646395,0.014425048702641538,0.39248683257251266,0.12182651166068881,1e-07,0.9862978361582642
681,0.9848919308356692,0.5798605125771755,0.014431222774195328,0.3906001964824622,0.11992509005386293,1e-07,0.9860528513717879
682,0.9838160624344383,0.5803947743901796,0.014455666097157309,0.38896562073504526,0.12207990332225864,1e-07,0.9859554933161256
683,0.9840428561114809,0.5801411741658261,0.01444171433243455,0.38945996675765115,0.1224973831307945,1e-07,0.9858944037029047
684,0.9844054237507177,0.5798152201768885,0.014446712852094732,0.3901434885115144,0.12205618263431714,1e-07,0.9855576616154902
685,0.9849443954714178,0.580214454796896,0.014425679257041529,0.3903042607758034,0.12158982794393193,1e-07,0.9856438882185511
686,0.9876096071809103,0.579675400798971,0.014431212507366564,0.3935029929477062,0.12211700929908091,1e-07,0.9855389066290057
687,0.9841789152633631,0.58002986078057,0.014426453832233921,0.3897226012565873,0.12227773948006652,1e-07,0.9854213570436222
688,0.9838463063730577,0.5797294968623293,0.014427357598354942,0.38968945105680436,0.1240744054246177,1e-07,0.9851134681102763
689,0.9833271390798559,0.5799227478116323,0.01443139274724933,0.3889729967385388,0.12310836480208562,1e-07,0.9847725859241623
690,0.9830009760468771,0.5799706633866689,0.014432986672415117,0.3885973245618446,0.11986764030236947,1e-07,0.9844063612547789
691,0.9855426762377817,0.5797369445910294,0.01441597082968534,0.3913897586068468,0.12259982640378213,1e-07,0.9844714357949901
692,0.9856369647968328,0.5798850471608377,0.01443364859768078,0.39131826889571963,0.12311857944113787,1e-07,0.9846535260312294
693,0.9865644517127407,0.5798263549804688,0.014421806951458945,0.3923162902798949,0.12290620967817079,1e-07,0.9849056855913554
694,0.9872441297512876,0.5802746020150527,0.014430380894236587,0.392539148481839,0.12055499179725442,1e-07,0.9851895561914125
695,0.9858626908662786,0.5802498432722959,0.014434921114068282,0.3911779264086171,0.12199291438933765,1e-07,0.9852813857308986
696,0.9878428532746419,0.5800728742300608,0.014419770697087192,0.3933502062085713,0.12356524714870316,1e-07,0.9853047103402718
697,0.9862925634144596,0.5798121967384119,0.014428346065813275,0.392052018186122,0.12062661383639682,1e-07,0.9855160751553813
698,0.9872317987195612,0.5801120427521792,0.014438697310726037,0.3926810596548199,0.12335562820069527,1e-07,0.9858546243900316
699,0.9853711745670538,0.5800039736848128,0.01442339431726191,0.3909438046399486,0.1218605375175841,1e-07,0.9860590279387514
700,0.9868114060192017,0.5797267362261503,0.014430817804838481,0.3926538521308078,0.12047047795433748,1e-07,0.986440070935984
701,0.9869743813738299,0.5801916729890558,0.014430048933439847,0.39235265823927795,0.1241892365712013,1e-07,0.9865832414495888
702,0.9849180726058175,0.579728395174565,0.014436785969437595,0.3907528908201382,0.12335188868656113,1e-07,0.9865113522304872
703,0.9863134863559139,0.5798869642059198,0.014423698044279546,0.39200282232327893,0.12205206977123279,1e-07,0.9864862556948045
704,0.9881141559358989,0.5795644583029039,0.014435759286561082,0.39411393930894906,0.11983892993564811,1e-07,0.9865732583132656
705,0.9897541013060575,0.5797283851929258,0.01442326826341985,0.3956024479210092,0.12143920315652373,1e-07,0.9869623993572436
706,0.9866408198073721,0.5796980140597056,0.014442223681217175,0.3925005834211003,0.12370554792681379,1e-07,0.9868421960105167
707,0.9842776000214536,0.5802260326426565,0.014439186981420198,0.3896123786149413,0.12192071737213568,1e-07,0.9866406996712159
708,0.9856747826605893,0.580148366221971,0.014425855219078977,0.39110055993618575,0.12312046746816932,1e-07,0.9864849980653189
709,0.9840066947720267,0.5797151891808761,0.01442133039949043,0.3898701727675479,0.12216113404366388,1e-07,0.9863485500858162
710,0.9882750568207371,0.5799556780945171,0.014443574624768855,0.39387580146344653,0.12305573136969046,1e-07,0.9864949151659695
711,0.9890707430371828,0.5797994074068571,0.014427574342517761,0.39484376128780785,0.12192615820317748,1e-07,0.986704551332305
712,0.9872568657523707,0.579609689530003,0.014436708968221856,0.39321046657682035,0.12160580058060765,1e-07,0.9869384306469602
713,0.9877586564378875,0.580169314973092,0.014424288386933541,0.3931650525787801,0.12101208053208425,1e-07,0.9870829476551577
714,0.9851935028174277,0.5799962697131782,0.014422505095814974,0.39077472643989125,0.12277393183853638,1e-07,0.9867908823433105
715,0.9828989524305152,0.5798842885562677,0.014431975389781752,0.38858268741500435,0.12174067787077439,1e-07,0.9861053674557564
716,0.9853022551992864,0.5802223688107359,0.014439602502795497,0.39064028224591435,0.12339215157063384,1e-07,0.9859715109949476
717,0.9840209419932662,0.5795794234891828,0.01443386676779204,0.3900076513085069,0.12103799384746826,1e-07,0.985945845192129
718,0.9891857111282896,0.5802414326006146,0.014422872134943327,0.394521405251973,0.12105433580478983,1e-07,0.986296938038899
719,0.9852433034963015,0.5800510157238353,0.014437586782081275,0.3907547014894668,0.12287856064487303,1e-07,0.9864205989113266
720,0.9876640832595278,0.5797127086009706,0.014415340275285347,0.39353603459716413,0.12055987349608868,1e-07,0.9863595015552054
721,0.9876195186633242,0.5799720284471102,0.01442791457381545,0.3932195731469889,0.12166603305265664,1e-07,0.9862143791178196
722,0.9861628947931044,0.5801433440315666,0.014420097239279861,0.3915994530944733,0.12179545461062039,1e-07,0.986104982021893
723,0.9846008956147153,0.5798068879323713,0.014433136397001275,0.3903608692890149,0.12306597399298083,1e-07,0.9857892059395758
724,0.9858437581210615,0.5793492055395574,0.014424849069859993,0.39206970336904934,0.12172262502486626,1e-07,0.9858542314699392
725,0.9865051261260749,0.5799350710006422,0.014425593985324841,0.39214446042713363,0.12142668455910455,1e-07,0.9862148488394953
726,0.9858791709801797,0.5797303686872053,0.014421234860944977,0.39172756757462424,0.1214777277559755,1e-07,0.9862725404175844
727,0.9886550837726684,0.580265586741233,0.014426869923988598,0.3939626256814984,0.12139004269285066,1e-07,0.9867359545955248
728,0.9891714908574757,0.5800661319180539,0.014426416187195116,0.3946789410410886,0.12149440106806572,1e-07,0.9867345325684435
729,0.985963272991363,0.5800906181620639,0.014428620133103367,0.3914440315591091,0.12364200212097054,1e-07,0.9868065295179494
730,0.9848185321360684,0.5799421394270573,0.01442022101160442,0.39045617226778606,0.12267382779831522,1e-07,0.9865219744056036
731,0.9844293361930756,0.5796519217023439,0.01442589856791154,0.3903515144968717,0.12214380285243669,1e-07,0.9862029561585788
732,0.9857111116915799,0.5798567771626432,0.014426350593566895,0.3914279839353698,0.12277061534983119,1e-07,0.9861577778484263
733,0.9880267996251868,0.5800183304188925,0.014419409076562908,0.393589058454242,0.1206891777163202,1e-07,0.9865003682494734
734,0.9859422174367037,0.5798782335514087,0.014430622164712569,0.3916333602589854,0.1211790130005784,1e-07,0.9865102141810376
735,0.9864932660851182,0.5799800332938655,0.014417585288508656,0.3920956449360368,0.1277441981128243,1e-07,0.9865090281769419
736,0.9862570497407868,0.5803544534165324,0.014431679077696002,0.3914709171039636,0.12501832842826843,1e-07,0.9865468160530024
737,0.9849603745070371,0.5799190715739602,0.014430734814639298,0.39061056783324793,0.12269587051925476,1e-07,0.9861773451264396
738,0.9868841797256014,0.5799747443085081,0.014422732391996247,0.3924867026686098,0.12215982489822584,1e-07,0.9859486140132521
739,0.9878755987546091,0.5797524972680653,0.014422213061574544,0.39370088871015885,0.1241149381337839,1e-07,0.9861398465895768
740,0.9853777576006201,0.5797878067459216,0.01444487537493546,0.39114507576495267,0.12173475465919983,1e-07,0.9861957691360319
741,0.9887195742871773,0.5798043524534509,0.014436123473792556,0.3944790985738261,0.12082089824183136,1e-07,0.986624792945442
742,0.9841198124098436,0.579859316919409,0.014416699204148288,0.3898437941473637,0.12223836205650175,1e-07,0.9864656630172683
743,0.9869215770771629,0.5802124469188982,0.01443626692420558,0.39227286280627455,0.12136245592002663,1e-07,0.986355140762466
744,0.9855920582581935,0.5799337311794883,0.014436011394245203,0.39122231589835227,0.12145869180774005,1e-07,0.9863201248446151
745,0.9876731251985833,0.5802206834822751,0.014444464701784855,0.39300797337835486,0.12293419375587879,1e-07,0.9864381107559614
746,0.9848577181973526,0.57996835491874,0.014426324356115607,0.39046303763914336,0.1241123172405519,1e-07,0.9862981776016181
747,0.9855624135031084,0.579961943426771,0.014444748750714024,0.39115571968578267,0.1236651018440153,1e-07,0.9863583815012251
748,0.9845963598153238,0.5803568313281502,0.014436192489697032,0.3898033333594719,0.12254040887909072,1e-07,0.9861295995101974
749,0.9864372323004252,0.5798251395020189,0.014424176592575876,0.39218791485117954,0.12165875768547423,1e-07,0.985985762864779
750,0.9862611339423075,0.5799586477747374,0.014416700630096728,0.3918857851809862,0.12297534439980128,1e-07,0.9860741004989478
751,0.9862017476102382,0.5800605447668779,0.014434460817911979,0.39170674159766383,0.12449726291250383,1e-07,0.9858223178312538
752,0.9872430013982874,0.580219472709455,0.014432081765535346,0.39259144706589183,0.12278027165877192,1e-07,0.9861346367300982
753,0.9856916333784898,0.579623805563986,0.014428944964157907,0.3916388812818025,0.12204618514938788,1e-07,0.986011642360231
754,0.9880161342438328,0.5798157626076749,0.014426962325447485,0.3937734095959002,0.12335053376817817,1e-07,0.9862540499587948
755,0.9859243185041053,0.5801566937608582,0.014422659953815515,0.39134496186623735,0.12316363636386451,1e-07,0.9860791692893471
756,0.9886018494099521,0.5799985503751125,0.01443100032623875,0.3941722975678421,0.12073477329106992,1e-07,0.9864535824106071
757,0.9853303935824399,0.5801828660463032,0.014427262915378552,0.39072026447816327,0.1206843909143546,1e-07,0.9864303804185403
758,0.9879105526009245,0.5799700011762136,0.014419838572232916,0.39352071313766773,0.12404834758935933,1e-07,0.9867617996971003
759,0.9878448678545975,0.5800000447690772,0.014415277248364316,0.393429545338074,0.12139675031866183,1e-07,0.9869025632525176
760,0.9855701374380212,0.579763554072266,0.01442847839382847,0.3913781036172757,0.12224962774432446,1e-07,0.9868334636020888
761,0.9848086476040799,0.580214971132826,0.014432291665145655,0.39016138384359306,0.12076100847866547,1e-07,0.9866941536014731
762,0.9855770246263896,0.5800386546045969,0.014427694977755753,0.39111067639868796,0.12244828769037028,1e-07,0.9865275559242832
763,0.9864118532700972,0.5801241932588331,0.014434278581701397,0.3918533797184246,0.11944196036343939,1e-07,0.9865995779134439
764,0.9856715081125925,0.5801990953358737,0.014426810034154134,0.39104560341989025,0.12166091658923614,1e-07,0.9863651153003199
765,0.9844532032902731,0.5798271078812448,0.014443056720295592,0.39018303982949143,0.12235333073581235,1e-07,0.9862180037789369
766,0.9879501576058602,0.5799626638159228,0.014428711678993188,0.3935587822535392,0.12182908528373002,1e-07,0.9861528345985275
767,0.9876755146603835,0.5796257324481124,0.014440523665487481,0.39360925961624493,0.12115254857394683,1e-07,0.9863873467063218
768,0.9895047715120908,0.5800558743579536,0.01443055200804934,0.39501834614425185,0.12160625900520662,1e-07,0.9865467685974384
769,0.9874845313968841,0.5797779023932498,0.014423803849653765,0.3932828243697089,0.12084506630327142,1e-07,0.9865107349516673
770,0.9837929396823263,0.5799911254615875,0.014417397633694005,0.3893844157314757,0.12093683784943449,1e-07,0.9863330151760976
771,0.9861810444074385,0.5799710526705929,0.014436542987823486,0.3917734470378839,0.12349058293768664,1e-07,0.9864702548564335
772,0.9822706679978439,0.5801340010747955,0.014436317117590653,0.3877003502332423,0.11915241005389314,1e-07,0.986139619193579
773,0.9841555443962225,0.5797919275943172,0.014434382390747801,0.3899292336981833,0.12574672429826841,1e-07,0.9859139883061914
774,0.9848875630130037,0.5798343678125354,0.014431512241728568,0.39062168131889907,0.12052702490222511,1e-07,0.9858355937962326
775,0.9868148221638784,0.5798776125508632,0.014438987348638653,0.3924982195550745,0.12061856949086965,1e-07,0.9860717556835933
776,0.9884451604916148,0.5800227920689651,0.014423920777425811,0.3939984463618703,0.12293280700319692,1e-07,0.9861212559721688
777,0.9846855751350165,0.5798605845875717,0.014429112655694404,0.39039587632320716,0.1240610727710587,1e-07,0.9858222620196319
778,0.9856371822539699,0.5803808464387957,0.014430113386309317,0.3908262238548133,0.12455864075981259,1e-07,0.98543550309382
779,0.9874236787620344,0.5802324197509072,0.014424523668426075,0.3927667356991882,0.12528073853639324,1e-07,0.985429417830335
780,0.9837349838617315,0.5799720511196903,0.014439821813665508,0.38932311164135,0.12069671996757744,1e-07,0.9854236222482754
781,0.9878802172590101,0.5799234131591742,0.014429522758465634,0.3935272797015295,0.12018566309478865,1e-07,0.9855935395334325
782,0.9868956787164131,0.5797368009980215,0.014442570471877686,0.3927163058918629,0.12148766012853413,1e-07,0.9860560406052896
783,0.9905035619815571,0.579937426097085,0.01443001014764229,0.3961361242395839,0.1201467110316434,1e-07,0.9866908423638229
784,0.9845205459868509,0.5790801373395053,0.01442706014551044,0.3910133487870248,0.1239166109149821,1e-07,0.9866541406612077
785,0.9829336922419699,0.5800592564224627,0.01443312498941376,0.38844131157871636,0.12383514621326228,1e-07,0.9862660276690167
786,0.9842400870254736,0.5798154889681693,0.01442682172693134,0.38999777383496315,0.12116786224419991,1e-07,0.9858455203224027
787,0.9824464487972442,0.5801711564429068,0.014432276550092195,0.38784301594684,0.1235402166023494,1e-07,0.9856216076886254
788,0.9847219261256132,0.5797045933858059,0.014429466861286802,0.3905878643812745,0.12323189350335222,1e-07,0.9855300820757898
789,0.9878416894155256,0.5796519536435889,0.01443908231680473,0.39375065060323505,0.11920543152250741,1e-07,0.9855718831411389
790,0.988251254176409,0.5798028902859209,0.014430205787768205,0.39401815667677154,0.12238227214182963,1e-07,0.9860235101726067
