step,train/total_loss,train/recon_loss_weighted,train/mmd_loss,train/triplet_loss_weighted,train/grad_norm,train/lr,train/smooth_total_loss
0,1.3153910865053606,0.8047309773105183,0.01672072672958009,0.4939393832495338,0.26968515011967653,0.0001,1.3153910865053606
1,1.241582585008521,0.7583675073664724,0.01609006566864452,0.4671250089076147,0.28624995195409325,0.0001,1.2784868357569408
2,1.1973613215405405,0.7181471988344877,0.01570359371495589,0.4635105237863851,0.26587975813013515,0.0001,1.2514449976848072
3,1.1417000450586017,0.6988251584283472,0.01409988226502706,0.42877500493560683,0.20426576249479678,0.0001,1.2240087595282558
4,1.0971844581325658,0.6929328001001805,0.01176750659942627,0.392484151076472,0.15909375079225696,0.0001,1.198643899249118
5,1.073587727461135,0.6860070385430989,0.010681547901847145,0.3768991394476457,0.15122601445140452,0.0001,1.1778012039511208
6,1.0629074202770252,0.6815077797933058,0.010065629436638936,0.37133401108272907,0.14947742205915268,0.0001,1.1613878062833929
7,1.056345909976503,0.6778380820910896,0.0098085965266068,0.36869923028934515,0.150569502602924,0.0001,1.1482575692450316
8,1.0498683150305133,0.6735649240073975,0.009413801026686527,0.3668895894973472,0.1491324271846331,0.0001,1.137325429887863
9,1.0421486203179975,0.6691895945790852,0.009266049097599595,0.3636929732190365,0.1488757878363703,0.0001,1.1278077489308764
10,1.0361530421453229,0.6641687228919216,0.00916470637161766,0.362819613951245,0.15064820802311576,0.0001,1.0998839444948725
11,1.0244790274275548,0.6607951258073013,0.009202555891429409,0.3544813476895031,0.14716195751819314,0.0001,1.0781735887367758
12,1.0154897703223251,0.6567978860373702,0.009335106069391424,0.3493567736525285,0.1523733543116225,0.0001,1.0599864336149545
13,1.0106298414428838,0.6534904623716071,0.009581604642731152,0.3475577733590842,0.1551027366775645,0.0001,1.0468794132533825
14,1.0036164291167373,0.6511267651781512,0.009631803731598923,0.3428578606347718,0.15203515458049957,0.0001,1.0375226103517998
15,0.9952015076812945,0.6493112961070959,0.009830610603807076,0.3360596001148224,0.1649408878214907,0.0001,1.0296839883738156
16,0.9895847864698565,0.6474704124995966,0.00976109761370426,0.3323532749662559,0.16742677097186517,0.0001,1.022351724993099
17,0.9828577677598981,0.6460479718931554,0.009846076155393317,0.32696371967570065,0.17806764533431335,0.0001,1.0150029107714382
18,0.9771328919241873,0.6438853670820666,0.00980181756772493,0.323445707630883,0.19164958246872185,0.0001,1.0077293684608057
19,0.9733977309254368,0.6423866994072946,0.009744119701202977,0.3212669128864005,0.2022920422719426,0.0001,1.0008542795215496
20,0.968220174882971,0.640346935063458,0.00966803508512141,0.31820520466309415,0.20444780807389598,0.0001,0.9940609927953146
21,0.9638934340773587,0.6391613741525622,0.009551851943349154,0.31518020716152695,0.20633174028051526,0.0001,0.988002433460295
22,0.9580975809450926,0.6370476246165316,0.009404814129240775,0.311645141842833,0.2181984595597931,0.0001,0.9822632145225718
23,0.9562270591418709,0.6353626259776394,0.009195359985223797,0.3116690727868719,0.21018058168545864,0.0001,0.9768229362924703
24,0.9510556791672866,0.6339972940358248,0.009082493884711745,0.3079758891613004,0.2111506666007795,0.0001,0.9715668612975252
25,0.9484887895971964,0.6332025898700696,0.009068072982952355,0.3062181263876874,0.22897302054546095,0.0001,0.9668955894891154
26,0.9464591326610894,0.6315337500788949,0.00891005764737654,0.30601532489916927,0.21874019562413818,0.0001,0.9625830241082388
27,0.9427245486010775,0.6300976540198167,0.008758586274379749,0.30386830777215046,0.21043819845007938,0.0001,0.9585697021923567
28,0.9393542590038628,0.6289010306009265,0.008695697385158265,0.3017575323367803,0.2170510516640102,0.0001,0.9547918389003243
29,0.9413030764988165,0.6273188649467304,0.008631687130083878,0.30535252527757123,0.2251866803321827,0.0001,0.9515823734576621
30,0.9350781570496172,0.6265111622627842,0.008611223344027141,0.29995577215577995,0.23229842586665633,0.0001,0.9482681716743266
31,0.933161018140008,0.6254578168597518,0.008516097182862496,0.29918710530944986,0.23040105142234044,0.0001,0.9451949300805917
32,0.9325510327610673,0.6243737382751903,0.00843236663124778,0.29974492696341143,0.23113827911789336,0.0001,0.9426402752621893
33,0.9265909113667228,0.6227658594909468,0.00840533264516073,0.2954197209417535,0.2275778128983872,0.0001,0.9396766604846745
34,0.9255016145238466,0.6220152694642829,0.008328796288613497,0.2951575485570579,0.23799821711256744,0.0001,0.9371212540203306
35,0.9257483010371906,0.6213284777967554,0.008309460712962173,0.2961103627770141,0.23212544538045043,0.0001,0.9348472051643297
36,0.9232726169830304,0.6199676488575182,0.008238480992294385,0.2950664853507822,0.22962969448863035,0.0001,0.932528553596524
37,0.9198587549645365,0.6192277283474589,0.008220121620944813,0.2924109051743763,0.23900890578493547,0.0001,0.9302419742328698
38,0.918715509073586,0.6181657965958974,0.008182770042328173,0.2923669423105899,0.23812390270344377,0.0001,0.9281780992398421
39,0.9146689404711199,0.6170909794038563,0.008116605179161546,0.289461356387184,0.24026945359897955,0.0001,0.9255146856370725
40,0.917055391238637,0.6163763141518004,0.008075951674338163,0.2926031258759316,0.23642284569272584,0.0001,0.9237124090559746
41,0.9159136072300268,0.6155879844033547,0.00800254099677054,0.29232308197249635,0.23350482387691024,0.0001,0.9219876679649763
42,0.9149460148012809,0.6152240863542238,0.007969978893772838,0.2917519476995514,0.22418063657991052,0.0001,0.9202271661689977
43,0.913901447251653,0.614646021401483,0.007966789617492823,0.2912886354127569,0.2267270165018773,0.0001,0.9189582197574909
44,0.9090723962875075,0.6134253706087907,0.007913102088362406,0.28773392309127244,0.24510034792232172,0.0001,0.9173152979338569
45,0.9093836250772886,0.6125503873996188,0.007872472539472809,0.2889607658868201,0.2399927666811852,0.0001,0.9156788303378669
46,0.9089223694002799,0.6121397186694533,0.007922645961268666,0.2888600053042886,0.23800759912250144,0.0001,0.9142438055795916
47,0.9070245894518766,0.611834008585323,0.007811675801801909,0.2873789052786439,0.24001470094092153,0.0001,0.9129603890283257
48,0.906421147037351,0.6114478941169081,0.007773412756942676,0.2871998404486898,0.2352120741738372,0.0001,0.9117309528247022
49,0.9038948877291246,0.610291417420766,0.007771613495201586,0.2858318559219392,0.22350970431092823,0.0001,0.9106535475505027
50,0.9061524933605103,0.6098741073357431,0.0077527550418981525,0.2885256320523303,0.22546286144824118,0.0001,0.90956325776269
51,0.9003006318254334,0.6090069564335654,0.007650142936615282,0.28364353199181946,0.23717324813587243,0.0001,0.9080019602222308
52,0.9009549184279009,0.6085465015692003,0.007655574374221728,0.28475284219928904,0.23735330631715829,0.0001,0.9066028505848924
53,0.9032744445869226,0.6081265845652403,0.007646213022715737,0.28750164842491516,0.2265237164483116,0.0001,0.9055401503184196
54,0.8969123533182737,0.6069509486832687,0.00760975808047792,0.282351647552691,0.22821105727881336,0.0001,0.9043241460214961
55,0.8984251259046309,0.6071675402696053,0.007644895731547232,0.2836126895826399,0.23285301163364824,0.0001,0.9032282961042302
56,0.8977454470105148,0.6062814502054424,0.007633091445174513,0.2838309063224131,0.22610045457927233,0.0001,0.9021106038652539
57,0.8991357217850298,0.6055723227667467,0.007573488511537251,0.2859899116118559,0.22663233013886014,0.0001,0.901321717098569
58,0.8966913475659475,0.6051661583225122,0.007536578976936888,0.2839886103734445,0.2206363461947327,0.0001,0.9003487371514289
59,0.895232074140932,0.6044813236266232,0.00749975243253571,0.2832509977609347,0.22497431178127178,0.0001,0.8994824557926095
60,0.8947477175288223,0.6041885965178457,0.007465294388492712,0.28309382669378125,0.2291205778682346,0.0001,0.8983419782094408
61,0.8943512056147653,0.6035076861746573,0.007430208356756913,0.2834133102634307,0.22475438980323276,0.0001,0.8977470355883739
62,0.8938318787579331,0.6032267958638771,0.007418091217296545,0.283186992354085,0.2230088973159425,0.0001,0.8970347316213771
63,0.8915252955051131,0.6029829348673661,0.007463813113253653,0.2810785472393036,0.23292876116967087,0.0001,0.8958598167131961
64,0.8934107465607127,0.6022688563930931,0.007399711597479131,0.2837421782136534,0.22566457901987733,0.0001,0.8955096560374403
65,0.8922261103773802,0.6017436661788721,0.007381922890695088,0.28310051966797223,0.21873260899023575,0.0001,0.8948897544847151
66,0.8903380250246331,0.6012748613882293,0.00738201728848179,0.28168114536758243,0.22446905737787343,0.0001,0.894149012286127
67,0.8904768868781733,0.601102301806354,0.007355770140743712,0.2820188152162652,0.22827514086328626,0.0001,0.8932831287954415
68,0.8885384902144163,0.6005772156863691,0.007346694549305017,0.2806145806917163,0.23025625163430802,0.0001,0.8924678430602884
69,0.8843202203084407,0.5997883875689438,0.007269041960319264,0.2772627919912338,0.22849038243293762,0.0001,0.891376657677039
70,0.8900318731816762,0.5997669515712409,0.007328808022458017,0.2829361134810311,0.2273147589210688,0.0001,0.8909050732423245
71,0.8856305569838109,0.5990422366623673,0.007317634860864667,0.27927068499714564,0.2274163874249424,0.0001,0.890033008379229
72,0.8843032971523596,0.5989727845602628,0.00727476143951051,0.2780557509386939,0.2175658521148862,0.0001,0.8890801502186715
73,0.8846584934937326,0.5982208632681358,0.00727954777804288,0.2791580826257975,0.2333740694492913,0.0001,0.8883934700175334
74,0.8798071174530321,0.5979452047621805,0.007242302575179834,0.2746196122545945,0.2308773212134838,0.0001,0.8870331071067655
75,0.8841122133594951,0.5977373851828598,0.007248943502252752,0.2791258845317877,0.2284419562257648,0.0001,0.8862217174049769
76,0.8821817563766498,0.5971386947415092,0.0072436184403999,0.27779944387206623,0.2295463918819667,0.0001,0.8854060905401788
77,0.8818826524264505,0.5968596570229416,0.007151430303400213,0.277871564315837,0.22776667181955,0.0001,0.8845466670950064
78,0.8832437480180457,0.596270277739712,0.0072017226492959345,0.27977174855590436,0.21732359466869294,0.0001,0.8840171928753693
79,0.8815371444065605,0.5962328072369955,0.0071482892241774565,0.2781560477314954,0.22292573063781387,0.0001,0.8837388852851813
80,0.8818667415511665,0.5959267028781216,0.007116552745326284,0.27882348649809807,0.22153519618026377,0.0001,0.8829223721221304
81,0.8787084877776187,0.5955608596927241,0.007141421286112954,0.2760062083316762,0.21749890998504948,0.0001,0.882230165201511
82,0.88001946769833,0.5949563570855337,0.007152879637394225,0.27791022905037166,0.21311038247706218,0.0001,0.8818017822561082
83,0.8794070475124286,0.5946037696594256,0.007082059052572296,0.27772122001248684,0.22211668260716366,0.0001,0.8812766376579777
84,0.878209274921691,0.5942517202436639,0.007120257074182684,0.27683729913673905,0.21610446784057116,0.0001,0.8811168534048436
85,0.8754308143871252,0.5938557216710452,0.007100792307602732,0.2744743030821307,0.21677442513513223,0.0001,0.8802487135076065
86,0.8754398266664533,0.5935766025308217,0.0070652257312427864,0.2747979985469836,0.21968243643641472,0.0001,0.879574520536587
87,0.8749900287703464,0.5938020628034784,0.007014778812536212,0.27417318825944187,0.21113924348824903,0.0001,0.8788852581709765
88,0.8733980334831767,0.5931908006303048,0.007054672857220663,0.2731525591400822,0.20743058254701668,0.0001,0.8779006867174897
89,0.871820231088611,0.5922949469545812,0.007010170147179417,0.2725151147354733,0.20451606537380287,0.0001,0.8769289953856948
90,0.8733564595286356,0.5925703045854158,0.006995286952935908,0.27379086720601226,0.1973397216300645,0.0001,0.8760779671834416
91,0.8727264977528147,0.5921817451858065,0.006959054458654668,0.2735856990173958,0.2086217773623729,0.0001,0.8754797681809612
92,0.8752852343201067,0.592035524440154,0.006986432953884727,0.27626327735385253,0.21166283412698353,0.0001,0.8750063448431389
93,0.8700610849845922,0.5916135077271165,0.006955269991495963,0.2714923068381953,0.2039552573738486,0.0001,0.8740717485903552
94,0.8707073273841274,0.59158983612745,0.0069545915252284,0.2721629012286948,0.2136508106793228,0.0001,0.8733215538365989
95,0.8719739280819323,0.5906769888537923,0.0070157370498876255,0.27428120495885183,0.21983685761547545,0.0001,0.8729758652060797
96,0.8690131869897888,0.5909547352334529,0.006920946271795975,0.27113750591232444,0.2092201943424615,0.0001,0.8723332012384131
97,0.8716624765590048,0.5903341964101106,0.006912196081791198,0.2744160835323722,0.2193372324643808,0.0001,0.872000446017279
98,0.8708066164591666,0.5903274404089986,0.006910227417375483,0.27356894938141535,0.21319219347036056,0.0001,0.871741304314878
99,0.8672563022974005,0.5900581225253748,0.006912447048716568,0.27028573197468614,0.2101217652515076,0.0001,0.8712849114357569
100,0.8689965130894949,0.5900437983029196,0.006883732154608913,0.27206898150903186,0.21576609163050448,0.0001,0.870848916791843
101,0.8711221600263312,0.5896114649955165,0.006901376840600557,0.2746093184754039,0.2156250286294798,0.0001,0.8706884830191944
102,0.8686451418548109,0.5889484494496761,0.006863220171494918,0.2728334726614245,0.21037959155925154,0.0001,0.8700244737726649
103,0.8653427409498315,0.5884407178351754,0.0068633088654878605,0.2700387139283299,0.2099824504989186,0.0001,0.8695526393691889
104,0.8688340051607653,0.588215391601672,0.006890100440340179,0.2737285136891324,0.20819232853477082,0.0001,0.8693653071468527
105,0.866223979794808,0.588391140745017,0.006882645296708249,0.2709501930044599,0.20754297512570066,0.0001,0.8687903123181403
106,0.8652451354921149,0.5883810185074236,0.006875627634057588,0.2699884914895564,0.2253167503936724,0.0001,0.8684135071683727
107,0.8653242488226822,0.5878970879687077,0.006852272594944712,0.2705748874391095,0.20786535583044352,0.0001,0.8677796843947407
108,0.8648131686534608,0.5876743133273421,0.006868576889403129,0.2702702768325235,0.2116966399600346,0.0001,0.86718033961417
109,0.8653166199985304,0.5875717893456728,0.006815588645387494,0.270929242506552,0.20855765319184252,0.0001,0.8669863713842829
110,0.8651655771230397,0.58744176666132,0.006828170644039172,0.27089564031676244,0.21482413149835392,0.0001,0.8666032777876376
111,0.8650886588975003,0.58680240075554,0.006856191386446428,0.2714300686092468,0.2095795082347245,0.0001,0.8659999276747545
112,0.8637093489535117,0.5871096631271417,0.006807464161558014,0.26979222170046074,0.20408065495878885,0.0001,0.8655063483846245
113,0.8632873104234632,0.5864052903709229,0.006834179875953346,0.2700478414242918,0.21198830630576782,0.0001,0.8653008053319876
114,0.8650716734274723,0.5865517653631822,0.006796021495709579,0.2717238872815547,0.19239412435290346,0.0001,0.8649245721586583
115,0.8611649194972937,0.5859652053226124,0.006883485465528862,0.26831623034899316,0.19731331627334706,0.0001,0.8644186661289069
116,0.8613650205603056,0.5860233907209059,0.0068485286247216915,0.26849310296146495,0.20515828618877813,0.0001,0.864030654635726
117,0.8616303309584349,0.5858681803685056,0.006802613084966486,0.2689595389665599,0.19640277008833498,0.0001,0.8636612628493012
118,0.861849526469217,0.5852298007912613,0.006832137062218771,0.2697875876888704,0.20781859299212552,0.0001,0.8633648986308768
119,0.8619550262626848,0.5852717922635056,0.006888327416050377,0.2697949070822109,0.2184331293026226,0.0001,0.8630287392572923
120,0.8609495349763113,0.5850535569864027,0.006878795235921322,0.26901718261139246,0.2088629088083808,0.0001,0.8626071350426194
121,0.8599240675782472,0.584939316129,0.006884494751834413,0.2681002568400077,0.21153805770300793,0.0001,0.8620906759106941
122,0.863642918293556,0.585308929236882,0.006934850409840853,0.2713991384685895,0.21443422404273846,0.0001,0.8620840328446986
123,0.8579044503173189,0.5847495784314626,0.0068218354403117056,0.266333036409896,0.19908598906685862,0.0001,0.8615457468340841
124,0.8603694503102006,0.5844769392287332,0.006820989282507645,0.2690715222980417,0.1993156764032453,0.0001,0.861075524522357
125,0.8599569007540434,0.5839508422538995,0.006845688990999067,0.26916036925960385,0.2125473007488479,0.0001,0.860954722648032
126,0.8578846256413528,0.5844603001215811,0.006803849097073934,0.2666204781694846,0.1984465930200935,0.0001,0.8606066831561368
127,0.8547990250815615,0.5838858465258585,0.0068340675112163055,0.26407911204265067,0.20189182968302208,0.0001,0.8599235525684493
128,0.8559721993487417,0.5836400268465708,0.006851296961022336,0.2654808743647411,0.2085091193790356,0.0001,0.8593358198564018
129,0.8552264428595037,0.583440138535066,0.006830180946149324,0.2649561236634779,0.19186170064091113,0.0001,0.8586629615160837
130,0.8549648315142216,0.5835274137093119,0.006834145938380483,0.2646032742549928,0.19258143029144506,0.0001,0.8580644911698748
131,0.8524212335285387,0.5834148939716759,0.00680555852406333,0.26220077985639206,0.18759200680983124,0.0001,0.8573142077649039
132,0.8538381197806181,0.5835483128374274,0.006837033483970679,0.26345277385135585,0.2006412709586358,0.0001,0.8563337279136102
133,0.8547835119032974,0.5832459061054521,0.006830057744204142,0.26470754812493846,0.209026319879379,0.0001,0.8560216340722079
134,0.8511583961938557,0.5825586300432397,0.006809309909218236,0.2617904579168872,0.20018780104922906,0.0001,0.8551005286605735
135,0.8531729671658511,0.5826405338123084,0.006789532289550635,0.26374290263253536,0.1967869814503136,0.0001,0.8544221353017543
136,0.8515657537291494,0.5827976860212938,0.006788219276227449,0.2619798491446025,0.19576434113762595,0.0001,0.853790248110534
137,0.8525762783283252,0.5823151579028681,0.006763681840668455,0.2634974387986808,0.19416737727571332,0.0001,0.8535679734352103
138,0.8512523853037346,0.5821410946583634,0.006771120728488174,0.2623401714854263,0.20560330842314153,0.0001,0.8530959920307095
139,0.8530217115388533,0.5821261377425856,0.006803034595325233,0.26409253830972473,0.20854703306652714,0.0001,0.8528755188986444
140,0.8496533088992086,0.5818785892434097,0.0067781740398498245,0.26099654500992103,0.2064194576235479,0.0001,0.8523443666371433
141,0.848997745930293,0.5818155723040184,0.006692902037971898,0.26048927369157665,0.1977254429288458,0.0001,0.8520020178773186
142,0.8467630329029412,0.5811821168119257,0.006671446362180573,0.2589094687663197,0.19219222550757192,0.0001,0.851294509189551
143,0.8492382703500502,0.5810704011666147,0.006712525084828646,0.26145534545325777,0.1902108011704883,0.0001,0.8507399850342262
144,0.8469798968454297,0.5810663292282506,0.00673267402146992,0.25918089495036023,0.21379906575431665,0.0001,0.8503221350993837
145,0.8466608964940577,0.5814595305178154,0.006657804883838271,0.258543562090568,0.19274392050276531,0.0001,0.8496709280322043
146,0.8452342202503715,0.5810471910038634,0.006696897830689353,0.2574901314158189,0.1988183122716452,0.0001,0.8490377746843265
147,0.8479506883894998,0.5808650630227686,0.006632106155870064,0.26045351867613037,0.19814101275074425,0.0001,0.8485752156904439
148,0.8451692641636972,0.5806375616475156,0.006647287943716825,0.25788441475070834,0.19402524374389762,0.0001,0.8479669035764402
149,0.8472091979102084,0.5806155097826816,0.006602448424654144,0.25999123923943945,0.20357022921077944,0.0001,0.8473856522135759
150,0.846605394445538,0.5805163594524255,0.006610677287909403,0.2594783597728282,0.19657840285646289,0.0001,0.8470808607682088
151,0.8444812871052317,0.5803126886700899,0.006580631413528223,0.2575879679128314,0.19697016249433089,0.0001,0.8466292148857025
152,0.845724868859971,0.5803464743794436,0.006631731701809824,0.2587466636164622,0.21424908149969635,0.0001,0.8465253984814056
153,0.8453366803495508,0.579932453957471,0.006570100213922382,0.2588341253225883,0.20713750057314573,0.0001,0.8461352394813556
154,0.8436672832977259,0.5800980171233273,0.006568436417283054,0.2570008305770358,0.2072090710820764,0.0001,0.8458039781265854
155,0.8434101241912568,0.579290692886097,0.006539118346985447,0.25758031324336406,0.21031684758204022,0.0001,0.8454789008963051
156,0.8471084771829359,0.5797285189468895,0.006545011221506949,0.2608349475492701,0.20001068597204946,0.0001,0.8456663265895615
157,0.841877856465618,0.5791417937814904,0.006536213690013976,0.25619985049135946,0.19694629019242155,0.0001,0.8450590433971733
158,0.8435693621350248,0.5788551365074358,0.006522690850581849,0.2581915362386042,0.19557156445877405,0.0001,0.8448990531943062
159,0.8422659715396936,0.5788522941644112,0.006505954493746233,0.25690772241810295,0.1892474506175119,0.0001,0.8444047305572546
160,0.8442462701261328,0.5790120070916044,0.006519519256062485,0.2587147445983864,0.19860316183792348,0.0001,0.8441688181253142
161,0.8407528644258325,0.57906928116625,0.0065829944952823325,0.2551005886573541,0.19136219501994442,0.0001,0.8437959758573742
162,0.8431635929636978,0.5786254976354718,0.006513963475752105,0.2580241334210172,0.1902603184242853,0.0001,0.8435398482677469
163,0.8419642595297983,0.578747381291321,0.006478191562816857,0.2567386872460397,0.1989445334665798,0.0001,0.8432026061857716
164,0.845943654980956,0.578210908973046,0.006568875894592139,0.2611638696498848,0.19050048371892797,0.0001,0.8434302433540946
165,0.8418678253461299,0.578249910516602,0.006502489724227686,0.2571154262104103,0.19032451982774803,0.0001,0.843276013469582
166,0.8422500230193708,0.5777611836577147,0.006412881698334616,0.2580759581624036,0.1969517821080662,0.0001,0.8427901680532255
167,0.8422321429092918,0.5779627813962087,0.006485969255985826,0.25778339261358435,0.19278322841134368,0.0001,0.842825596697593
168,0.8391583373672084,0.5778869995089809,0.006464858089337508,0.2548064794658759,0.19865346067188458,0.0001,0.8423844942208112
169,0.8419162076340908,0.5779723420953066,0.006445301776867734,0.25749856461748555,0.19977488866049137,0.0001,0.8423495178302509
170,0.8417705681050223,0.5779615033186224,0.006483519761756276,0.25732554648624084,0.20778240844536056,0.0001,0.84210194762814
171,0.837443974457289,0.5776139822873202,0.0064539997771596224,0.25337599399700117,0.19735264651584283,0.0001,0.8417710586312855
172,0.8393103554488369,0.5773178289096321,0.006412032688633677,0.25558049524087084,0.1885292165017014,0.0001,0.8413857348797995
173,0.8407012580684498,0.5773734083871522,0.006404355952614232,0.2569234949407395,0.19802356709204794,0.0001,0.8412594347336645
174,0.8381337661777387,0.5768818173682291,0.00642234828483545,0.2548296007742152,0.19957012053953405,0.0001,0.8404784458533427
175,0.8399539040891748,0.577146356613442,0.006437138792430385,0.256370410572684,0.19416413941024022,0.0001,0.8402870537276474
176,0.8368041643685702,0.5769626463999589,0.006342288694883648,0.25349923098486576,0.1912561850755979,0.0001,0.8397424678625672
177,0.8370230410372812,0.5763495938059245,0.006369083977201909,0.25430436304026244,0.1976040772665916,0.0001,0.8392215576753662
178,0.8384816613779114,0.5768914124326843,0.006385015243548526,0.255205233523435,0.19714634141853551,0.0001,0.8391538900764365
179,0.8370767034697191,0.5762495880491996,0.006375195877403734,0.2544519202204412,0.19550944978825785,0.0001,0.8386699396599994
180,0.8350332031409706,0.576192172235279,0.006383728752866316,0.25245730202805483,0.20202922462775377,0.0001,0.8379962031635941
181,0.8373044847586508,0.575905490720101,0.006396154182379325,0.2550028389649528,0.2012003682838958,0.0001,0.8379822541937305
182,0.8372071359716534,0.5762769042304828,0.00639278666254436,0.2545374463976285,0.19760203725128084,0.0001,0.837771932246012
183,0.8353148979718605,0.5758106722786096,0.0063705241851259075,0.2531337010803405,0.19519272797772189,0.0001,0.8372332962363531
184,0.8328192938457836,0.5756464261187321,0.006355465028844952,0.2508174040885063,0.19547840585691506,0.0001,0.8367018490031576
185,0.8361437869699377,0.5762302149711043,0.006355629583294882,0.2535579425581334,0.1973730319103841,0.0001,0.836320837291234
186,0.8327537234605215,0.5756689489743356,0.006322071597906961,0.2507627012840869,0.19547818073530518,0.0001,0.8359157932004291
187,0.8358797137246748,0.5746656895824597,0.006332979818280233,0.2548810436466094,0.1911289606546386,0.0001,0.8358014604691684
188,0.8336018293953398,0.5756393347345471,0.006331937164781197,0.251630558672419,0.1949383087242334,0.0001,0.8353134772709112
189,0.8359220566932094,0.5747869247169586,0.006321936132805199,0.2548131968059608,0.19388681584211628,0.0001,0.8351980125932602
190,0.8337192351453042,0.5752494223950583,0.00629180527189702,0.25217800779918736,0.19130758178291138,0.0001,0.8350666157936935
191,0.8346787912138341,0.574913076806867,0.006313296881589023,0.25345241666980906,0.20592108914298873,0.0001,0.8348040464392119
192,0.836612306285703,0.5751505478432304,0.0063264230221652526,0.2551353365254174,0.19808496417183624,0.0001,0.8347445634706169
193,0.8324019184523221,0.5749239291300614,0.006293874608272571,0.251184114250555,0.19234521524829157,0.0001,0.834453265518663
194,0.8319904004272661,0.5746792333833338,0.006275662394801966,0.2510355062533223,0.1953272485490621,0.0001,0.8343703761768113
195,0.8348523388353831,0.5749488417326548,0.006292381355066619,0.25361111635368977,0.2135816237679794,0.0001,0.8342412313633558
196,0.8317665001422024,0.5747431164438074,0.006242402147448234,0.25078098267388116,0.19046783932088093,0.0001,0.8341425090315239
197,0.8322418851145147,0.574559184352747,0.006261822994816246,0.25142087915725114,0.1988989827022598,0.0001,0.8337787261705077
198,0.8312436299460927,0.5744395745142795,0.006245492748096229,0.25055856211333755,0.1913141631944613,0.0001,0.8335429062255832
199,0.831804944710298,0.5741225100305092,0.006217599485479473,0.25146483569339134,0.19586356338915642,0.0001,0.8331311950272919
200,0.830595838253578,0.5740834090983469,0.006204952748768638,0.25030747519440627,0.1842554599830979,0.0001,0.8328188553381194
201,0.8318024769639284,0.5739316686488795,0.006227897114730908,0.25164291187764354,0.18610032740534777,0.0001,0.832531223913129
202,0.8338765805703031,0.5739556726371272,0.006247428330508145,0.25367347953137026,0.1937219890538585,0.0001,0.8322576513415889
203,0.8307453010356027,0.5740551660505778,0.00624461350828837,0.25044552236795425,0.20638019349158665,0.0001,0.8320919895999168
204,0.8309099254996012,0.5734696182908053,0.006185943715309982,0.2512543619605913,0.19898504516083088,0.0001,0.8319839421071504
205,0.830008692575984,0.5733107058910661,0.006183267495278536,0.25051472125726454,0.18904597570665144,0.0001,0.8314995774812106
206,0.8295099879280802,0.5735557442932038,0.006164309225584331,0.24978993533615862,0.18870120099857093,0.0001,0.8312739262597983
207,0.8322026867900739,0.5736844841943404,0.006230542534276059,0.25228766045359335,0.19840578923812893,0.0001,0.8312700064273543
208,0.8286710006483434,0.5729624393739199,0.0061838595490706595,0.24952470250962452,0.19414979100013463,0.0001,0.8310127434975794
209,0.8311520197459955,0.5726437962226321,0.006221282710298967,0.2522869412052004,0.19114466218286724,0.0001,0.8309474510011491
210,0.8309372277065897,0.5731393180110238,0.0062024088567523864,0.2515955014804904,0.19236850123585125,0.0001,0.8309815899464501
211,0.8291301191138308,0.5729143397089397,0.006192250114878969,0.25002352857703797,0.1963895527227073,0.0001,0.8307143541614405
212,0.8311124974460693,0.5729920608860454,0.006180438128384677,0.25193999795038163,0.20189039676525947,0.0001,0.8304379458490171
213,0.832152638566551,0.5725686912331285,0.006177408273140209,0.2534065398089053,0.19285204275800852,0.0001,0.8305786796021118
214,0.8295500880223142,0.5722613622697347,0.006147775638616826,0.25114095111212664,0.18811599819355035,0.0001,0.8304426958543832
215,0.8281969845865331,0.5718497558358754,0.006134139008499219,0.2502130904194841,0.19045191482778942,0.0001,0.830261525055438
216,0.8314357230252627,0.572523580926457,0.006154579979380922,0.2527575634384269,0.19965271109884436,0.0001,0.8304540985651563
217,0.8297688289407338,0.5720202221254412,0.006160790555214768,0.25158781798904023,0.19511113740040353,0.0001,0.8302107127802223
218,0.8271902341876874,0.5723037641299399,0.0061459732397891684,0.24874049692490455,0.18502729557205044,0.0001,0.8300626361341568
219,0.8276851533702686,0.5722554959178541,0.006149046729055889,0.2492806110798457,0.1963637417725969,0.0001,0.8297159494965841
220,0.8317473057354466,0.5724292262033983,0.006168771303441536,0.2531493098684475,0.19161201312995413,0.0001,0.8297969572994697
221,0.8279716008873077,0.5720595312460758,0.006128223889182059,0.24978384710670087,0.1884522183161033,0.0001,0.8296811054768174
222,0.8248987801052167,0.571943290068202,0.0061103236732300385,0.24684516632813586,0.1825319056412535,0.0001,0.8290597337427321
223,0.8265920439690494,0.5717169569725055,0.0060878424553209515,0.24878724514725106,0.18826025389313128,0.0001,0.8285036742829821
224,0.8269716123359625,0.5716522345987803,0.0061311034494609925,0.24918827582061576,0.18862895981261604,0.0001,0.8282458267143469
225,0.8282225961890517,0.5715175138421036,0.006115039569909493,0.2505900432761206,0.18880800918885396,0.0001,0.8282483878745988
226,0.8280845340073965,0.5716593040233594,0.006086196055252587,0.2503390369945736,0.1899656865514066,0.0001,0.827913268972812
227,0.8269421903140237,0.5714263890348553,0.0060562845052144175,0.24945951632834507,0.18778984876055466,0.0001,0.8276306051101411
228,0.8267580463270251,0.5711755397502315,0.006057172585902602,0.2495253345969191,0.18750772660856613,0.0001,0.8275873863240749
229,0.8274458735183096,0.5714247513330725,0.006070857698267157,0.24995026455826735,0.19268186725497816,0.0001,0.827563458338879
230,0.8267427148145922,0.5712922041496021,0.00609311047923622,0.2493574012908639,0.18905138468556998,0.0001,0.8270629992467935
231,0.8268996150584883,0.5708965190004504,0.00604047815195111,0.24996261829822258,0.18403527987274257,0.0001,0.8269558006639116
232,0.8262211624800303,0.571249332581981,0.0060468609823564595,0.24892496873744938,0.18610626018860124,0.0001,0.8270880389013928
233,0.8237737050752321,0.5711076904141732,0.006038594474062395,0.24662742104256552,0.18670190489320665,0.0001,0.8268062050120111
234,0.8251014408882725,0.5711971109278464,0.006046474835519015,0.2478578567469234,0.1896923381175721,0.0001,0.8266191878672421
235,0.824020467591628,0.5709254252568386,0.006060713215878135,0.2470343295823444,0.19065151613152198,0.0001,0.8261989750074997
236,0.8258231785593991,0.5707008567723361,0.006049671811920604,0.2490726502246834,0.18512754229623735,0.0001,0.8259728394627001
237,0.8251948489241623,0.5703525787050073,0.0060359476285688045,0.24880632180631446,0.1908910179323557,0.0001,0.825798105323714
238,0.8233194465272164,0.5710397955903597,0.006084440142344059,0.24619521125794597,0.18505693130801168,0.0001,0.8254542453437331
239,0.8248978461089888,0.5701812946340113,0.006010411743912401,0.24870613998060592,0.18913275265451254,0.0001,0.8251994426028011
240,0.8275837578841944,0.5706589963447535,0.006043537381733434,0.25088122479938435,0.188861727785836,0.0001,0.8252835469097614
241,0.8256851136684418,0.5704415712915539,0.006060503601457514,0.249183039310161,0.19466553922546537,0.0001,0.8251620967707567
242,0.8260166838979036,0.5698896894614662,0.006026393488833779,0.250100601517983,0.18324004821301076,0.0001,0.8251416489125438
243,0.8254061248599057,0.5700113510971434,0.0060338993962301595,0.2493608752577499,0.18626471414591708,0.0001,0.8253048908910113
244,0.8248885514918697,0.5700666612130033,0.006028907150743111,0.24879298088225452,0.18959636945259628,0.0001,0.825283601951371
245,0.8231207254971044,0.5699403318777039,0.005996493631572814,0.2471838989183663,0.18951100574440932,0.0001,0.8251936277419185
246,0.8225614305888637,0.5696356392077853,0.005981311843726053,0.24694447992948823,0.18536153355497492,0.0001,0.8248674529448652
247,0.8233507912980312,0.5698359470333209,0.005986622075715133,0.24752822233159005,0.19060463634760758,0.0001,0.8246830471822519
248,0.8191807133158998,0.5695504762909629,0.005970749558444228,0.2436594880368721,0.19031810002962937,0.0001,0.8242691738611203
249,0.8242104485559691,0.5700292279275411,0.0060109527487503854,0.24817026723800092,0.18686051256776426,0.0001,0.8242004341058184
250,0.8220974852879082,0.5693584703372426,0.005977079058377937,0.24676193571404406,0.17886501048027614,0.0001,0.8236518068461898
251,0.8238620361642974,0.5696303124347942,0.005976367510106575,0.24825535718191183,0.18631657845737262,0.0001,0.8234694990957753
252,0.8218041796718488,0.5692399038652484,0.005951328711076217,0.24661294787979582,0.1872082433739062,0.0001,0.8230482486731697
253,0.8212855187329379,0.5692163848420649,0.005969736279483047,0.2460993980035257,0.18312719171982633,0.0001,0.8226361880604729
254,0.819047730790371,0.5692368945436614,0.005965979190534381,0.24384485727006738,0.18188562283390447,0.0001,0.8220521059903232
255,0.8203049374824506,0.5691205759367874,0.006001046970130154,0.24518331498549314,0.19223321517973996,0.0001,0.8217705271888578
256,0.8228240456592524,0.5693821484962719,0.00598251363307095,0.2474593832090711,0.19878299400638166,0.0001,0.8217967886958967
257,0.8200919002151945,0.5689356123146257,0.005932685005607788,0.24522360367923263,0.18894397009288866,0.0001,0.821470899587613
258,0.82032280347564,0.569013968181382,0.005939607700092371,0.24536922780805798,0.19074725791027672,0.0001,0.821585108603587
259,0.8215045407057949,0.5689100299440503,0.005954619229695444,0.24663989228067215,0.1895607134157961,0.0001,0.8213145178185697
260,0.8208723829693771,0.568829174817464,0.005917117070923582,0.24612609129488183,0.1875910499806039,0.0001,0.8211920075867164
261,0.8223561584664304,0.5688598218717074,0.0059166986976514025,0.24757964014294045,0.1888880341995561,0.0001,0.8210414198169298
262,0.8227582948915125,0.568460538484263,0.005920063080399801,0.24837769357639067,0.1871614152093253,0.0001,0.8211368313388961
263,0.8179461412737814,0.568623717892113,0.005961882155477716,0.24336054234912521,0.19400548510716864,0.0001,0.8208028935929805
264,0.8218390930212286,0.5686675341505754,0.005943892104774,0.2472276666589331,0.1912364880398415,0.0001,0.8210820298160663
265,0.820832750015852,0.5688103453109139,0.005909877245506031,0.24611252802981143,0.18562476304872183,0.0001,0.8211348110694064
266,0.8191179379321741,0.5681174609934885,0.005918639413477702,0.24508183859466937,0.19879927186732088,0.0001,0.8207642002966986
267,0.8250503374629043,0.5690049624614169,0.005933304152420263,0.2501120722037183,0.1898689699942986,0.0001,0.8212600440214695
268,0.8206079583704187,0.5680563880496048,0.005892187214354009,0.2466593845324083,0.18845599055575413,0.0001,0.8212885595109475
269,0.8172925562379463,0.5684031554671566,0.005860526310770135,0.24302887470956053,0.18736826398512393,0.0001,0.8208673610641626
270,0.8203129781205118,0.5677019858189176,0.0059039310405128885,0.2467070614749735,0.18980011582802359,0.0001,0.820811420579276
271,0.8188251513613468,0.5682749105127234,0.005896334157606061,0.24465390715445057,0.18753894204585747,0.0001,0.8204583198687677
272,0.8213364822727641,0.5681182347131117,0.0059431982382632895,0.2472750490718481,0.19532254411344324,0.0001,0.8203161386068928
273,0.8222772306517551,0.568122735148982,0.0058930878433884615,0.24826141086776862,0.18597171361152634,0.0001,0.8207492475446901
274,0.8185602937018472,0.567413149980837,0.005889085776497873,0.2452580580158097,0.18550388343881763,0.0001,0.820421367612752
275,0.8160537140506307,0.567047815431248,0.005848248039136092,0.24315765175665394,0.17745537353617152,0.0001,0.81994346401623
276,0.8194934061269441,0.5680218524339666,0.005886976798755701,0.24558457832017014,0.18650795521134395,0.0001,0.8199810108357068
277,0.816706325591466,0.5678600164121418,0.005871039828615325,0.24297527049146772,0.1892113141786824,0.0001,0.819146609648563
278,0.8187508776997835,0.5675971041740984,0.005876737348200602,0.2452770361418359,0.18784827441333585,0.0001,0.8189609015814995
279,0.8146734170651322,0.5677325738388956,0.00583536231346678,0.24110548308734117,0.180855027992617,0.0001,0.8186989876642181
280,0.8194523111484838,0.5675569747053265,0.005837733665721838,0.24605760267048932,0.18716311741745073,0.0001,0.8186129209670152
281,0.8175123928551469,0.5673690980130975,0.005840810006885438,0.24430248458562284,0.1906751961621086,0.0001,0.8184816451163954
282,0.8176865047244934,0.5672831173148452,0.00585217082329344,0.2445512159090293,0.18428627904237171,0.0001,0.8181166473615683
283,0.8168379096893602,0.5672305769612345,0.005836037072268399,0.24377129797302366,0.18731071138709926,0.0001,0.8175727152653287
284,0.8166186251993955,0.5671113505603024,0.005807717165878515,0.24369955979038083,0.18548815189437431,0.0001,0.8173785484150837
285,0.8188102102735967,0.5671101165445227,0.005857865776171525,0.24584222941449954,0.18193624261321062,0.0001,0.8176541980373802
286,0.8132878512001493,0.5668453662589407,0.005842173213593697,0.24060031301096865,0.18700628118081528,0.0001,0.8170336425447008
287,0.8176403181119398,0.5670977943536768,0.0058391430731595416,0.2447033814337265,0.1840395921903649,0.0001,0.8171270417967481
288,0.8155511276858846,0.5665357368129292,0.005813707290083597,0.24320168518706373,0.18786975933889452,0.0001,0.8168070667953582
289,0.8174140032683833,0.5673993770300486,0.005823742259632458,0.2441908867593017,0.186952139344512,0.0001,0.8170811254156835
290,0.818335733202656,0.5670429796123049,0.0058093347617884,0.2454834191850498,0.1887448891177417,0.0001,0.8169694676211006
291,0.8184911054002041,0.566731372090618,0.005842992848756781,0.2459167407816677,0.1879558918471827,0.0001,0.8170673388756065
292,0.8132586068513861,0.5666791063746767,0.005789202936528402,0.24079029780754632,0.18681951589062454,0.0001,0.8166245490882955
293,0.8177724781504088,0.5668983165727278,0.005796956958953273,0.2450772060803249,0.19416712039110193,0.0001,0.8167180059344006
294,0.816846518282685,0.5670025091992611,0.00580645063847446,0.24403755880143654,0.1807172508045817,0.0001,0.8167407952427294
295,0.8172183230733187,0.5665636848319661,0.005791928779565547,0.24486271024605874,0.18587890306585714,0.0001,0.8165816065227016
296,0.8162224846023122,0.566281145697005,0.005796224591834693,0.2441451146343108,0.1908906440130261,0.0001,0.8168750698629179
297,0.8163224646919652,0.5659922911789999,0.005811183931724877,0.24451899214794762,0.18495661159308904,0.0001,0.8167432845209202
298,0.8161207722704946,0.5664870309772674,0.005808896710427754,0.24382484461844822,0.18274636554161897,0.0001,0.8168002489793814
299,0.8173853362861433,0.5663935035894933,0.0057870577396958636,0.24520477684633585,0.1865822571958081,0.0001,0.8167973822811574
300,0.8148352115918575,0.5658980791933799,0.0057848044559716035,0.24315232847723664,0.18643398786132986,0.0001,0.8164473301200775
301,0.8159881882975546,0.5666052475215145,0.005760095906599857,0.24362284586760416,0.1902773580981784,0.0001,0.8161970384098126
302,0.8156572116904282,0.5661584375577681,0.00574278232583589,0.2437559933040701,0.1854867837146709,0.0001,0.8164368988937168
303,0.8159961266951128,0.566328370970402,0.005765754355197888,0.24390200076348473,0.18688116989067297,0.0001,0.8162592637481874
304,0.8146863045019396,0.5659464574886851,0.005780015265542354,0.24295983160511728,0.18612950976100265,0.0001,0.8160432423701127
305,0.8129983126546778,0.5660255686803297,0.005748063183287114,0.2412246837499039,0.18616003719599625,0.0001,0.8156212413282485
306,0.8148831842048316,0.5660597520867033,0.0057658555975371,0.2430575756650222,0.18986742731415485,0.0001,0.8154873112885005
307,0.8138921018422506,0.5659854233835302,0.0057612777326666,0.24214540208070473,0.18399350045685564,0.0001,0.8152442750035291
308,0.8162936836338499,0.5657926006465437,0.005761388671455201,0.24473969288990258,0.18749426020104348,0.0001,0.8152615661398646
309,0.8142403394126436,0.5656646686877931,0.0057561152289358625,0.2428195558880505,0.18239527129741948,0.0001,0.8149470664525147
310,0.8148819704375199,0.5658846015565133,0.005778669455405058,0.2432187007802525,0.1953246153570248,0.0001,0.814951742337081
311,0.8159998889174758,0.5658263132047425,0.005762999137622888,0.2444105788209792,0.1913011836235603,0.0001,0.814952912399073
312,0.8123614364548734,0.5656727375596334,0.005766068349044288,0.24092263222168508,0.1914266321326842,0.0001,0.8146233348755174
313,0.8116133573808169,0.5652474691137743,0.0057271687608016165,0.2406387207539458,0.1804707061196343,0.0001,0.8141850579440877
314,0.8133847625061655,0.5657199216231205,0.005704638205076519,0.24196020260667117,0.1841774575733112,0.0001,0.8140549037445105
315,0.8161044267661264,0.5654344145190773,0.005746360315660541,0.2449236524661192,0.18284320692268854,0.0001,0.8143655151556553
316,0.815645100682546,0.565623303919888,0.0057435916941702084,0.24427820692222085,0.18082246838502908,0.0001,0.8144417068034269
317,0.8144597462489844,0.565365866896068,0.005718160188939583,0.24337571937786906,0.18662249976011555,0.0001,0.8144984712441001
318,0.8124642377835142,0.5652058230062421,0.00572429091166081,0.24153412443599062,0.19794579303007948,0.0001,0.8141155266590667
319,0.8115832489072992,0.5648750339113354,0.005710035134730727,0.24099817939779974,0.18002564449344524,0.0001,0.813849817608532
320,0.811923278575879,0.5647331240930056,0.005701085597134093,0.24148907024039035,0.18076203487207446,0.0001,0.8135539484223682
321,0.8144120709462599,0.5650325752616498,0.005739395698291834,0.24364010126967178,0.1892584491004214,0.0001,0.8133951666252465
322,0.8121786600950232,0.565003022622834,0.005721049445667906,0.2414545900763222,0.19230467016902267,0.0001,0.8133768889892614
323,0.8124246555937534,0.5647781425685974,0.005701462617901523,0.24194505165495941,0.1889719254377356,0.0001,0.8134580188105552
324,0.8151868434899161,0.5653851668230084,0.005744025752875223,0.24405765045059924,0.19394047952225904,0.0001,0.8136382269089303
325,0.8147215808977921,0.5654290084633531,0.005701821956908304,0.24359075208172273,0.19150196272505526,0.0001,0.8134999423220967
326,0.8093634898012335,0.5649117267017729,0.005705427324942995,0.23874633684397883,0.18694146212778592,0.0001,0.8128717812339655
327,0.8115673316152472,0.5648674964904785,0.005681435172067304,0.24101840022006674,0.18045077264380227,0.0001,0.8125825397705917
328,0.8129668696360155,0.5647987254213488,0.005685608067580957,0.24248253639662665,0.1934794856493838,0.0001,0.8126328029558418
329,0.8098869420694963,0.5646449738142023,0.005649364450901889,0.23959260455301504,0.18040517792462163,0.0001,0.8124631722720617
330,0.8103075294118178,0.5646726449140521,0.005666074855475905,0.23996881003442563,0.185108863797627,0.0001,0.8123015973556555
331,0.8092949896623073,0.5643224989968624,0.005632199453965329,0.23934029231658963,0.177285105667331,0.0001,0.8117898892272601
332,0.8123898317939356,0.5645687095286173,0.005655901283738716,0.24216522087463352,0.17963688145057435,0.0001,0.8118110063971515
333,0.8114673850353825,0.5644619938289149,0.005658280621305037,0.24134711097729833,0.17971738884180927,0.0001,0.8117152793413144
334,0.8126878843923505,0.5643710312945991,0.005671580442401211,0.24264527254840404,0.18649347272643632,0.0001,0.8114653834315579
335,0.8131861857820356,0.5642501400988638,0.005661946734743255,0.24327409912667206,0.18195602210443557,0.0001,0.8113118439199821
336,0.8111375403461274,0.5638720184992375,0.005668595076748059,0.24159692759006218,0.18687572266068755,0.0001,0.8114892489744715
337,0.8142862542394246,0.5644374612415807,0.005657105069411428,0.2441916889622451,0.18814361852963576,0.0001,0.8117611412368892
338,0.8131242498541563,0.5644910734806334,0.0056398442487397265,0.24299333169699855,0.1877429023135507,0.0001,0.8117768792587035
339,0.8115787277951765,0.564277070703689,0.005628198813023179,0.24167345859930275,0.18594456947092233,0.0001,0.8119460578312715
340,0.8106952513519087,0.564255533321052,0.005622603106156491,0.2408171137126439,0.18337351098014978,0.0001,0.8119848300252805
341,0.8095691316720972,0.5641745361700012,0.005660562709187777,0.23973403275725944,0.1868678031391219,0.0001,0.8120122442262595
342,0.8109780819507307,0.5637139766410207,0.0056420131163163615,0.24162209401147788,0.1867647585080286,0.0001,0.811871069241939
343,0.8073468238257906,0.5641217698035628,0.00561854086424175,0.23760651412050118,0.18400442427353997,0.0001,0.8114590131209798
344,0.8100835444254167,0.5639668456390143,0.005613290807276822,0.24050340801477432,0.18004146792244113,0.0001,0.8111985791242864
345,0.8131652260511115,0.5640114997847799,0.005646278413288902,0.24350744806693503,0.19371978557138353,0.0001,0.8111964831511939
346,0.809952033050893,0.5640598294552434,0.0056206583976745605,0.2402715464100313,0.183529178402498,0.0001,0.8110779324216706
347,0.809561727862609,0.5638222817028539,0.005630561609587601,0.24010888654649543,0.1883888239994574,0.0001,0.810605479783989
348,0.8089860706238085,0.5637895722993823,0.005613230632252671,0.2395832666940096,0.1837697073852902,0.0001,0.8101916618609544
349,0.8064008071376947,0.5637120357825995,0.005626177673704887,0.2370625946439054,0.18888496202929167,0.0001,0.8096738697952061
350,0.8115837157628183,0.5639970298303941,0.005629108853317334,0.24195757829116293,0.19190839642400376,0.0001,0.809762716236297
351,0.8091735125443582,0.5635697448082517,0.0056033123052861705,0.24000045500303568,0.19063252551062254,0.0001,0.8097231543235232
352,0.8093584681812086,0.5636892611045016,0.005597877160213781,0.24007133198411842,0.18010651218620213,0.0001,0.8095611929465709
353,0.8123982527324457,0.5636975365962709,0.0056145579050602525,0.24308615848065562,0.18476729039726644,0.0001,0.8100663358372365
354,0.8088862672091671,0.5638644371591687,0.005617262929250179,0.2394045678693712,0.18849333808824206,0.0001,0.8099466081156115
355,0.8093980539358404,0.5633995570064161,0.005634792113418214,0.2403637057785212,0.18166004411840553,0.0001,0.8095698909040843
356,0.8100567291798204,0.5632536291505732,0.0056400949304754085,0.24116300775460078,0.19144980555943894,0.0001,0.809580360516977
357,0.8108924266539121,0.5636838627488989,0.005611702300715104,0.24159686163994684,0.18643048826302067,0.0001,0.8097134303961073
358,0.8112827170123323,0.5634606449227584,0.005604423689499997,0.2422176477940459,0.18452410433780064,0.0001,0.8099430950349598
359,0.808965159802916,0.5631247744605872,0.00561186742554441,0.24022851734640496,0.18730387537245546,0.0001,0.810199530301482
360,0.8097068482038507,0.5631334158507261,0.005591215699483333,0.24098221761615654,0.1857795438698034,0.0001,0.8100118435455853
361,0.8083961946827373,0.563467575887744,0.005564204243381628,0.23936441519328852,0.18465876575719797,0.0001,0.809934111759423
362,0.8100765005253149,0.5630350902890474,0.005581698349218049,0.24145971352689005,0.18527566709301688,0.0001,0.8100059149938337
363,0.8078327803520494,0.5629156432938918,0.005562641118702136,0.23935449565426584,0.18499311090014767,0.0001,0.8095493677557941
364,0.8088303921325355,0.5627619287614046,0.005532553321436832,0.24053591001404528,0.18308082925218144,7e-05,0.8095437802481309
365,0.8115427739312204,0.5626359209774784,0.00555164962293999,0.24335520468545302,0.1799295281002111,7e-05,0.8097582522476688
366,0.8087536510097924,0.56251463964225,0.005535618825392289,0.24070339542969563,0.18079071374315964,7e-05,0.8096279444306662
367,0.8065854698847356,0.5627547898931367,0.005553702418313642,0.23827697846450305,0.17956604583982075,7e-05,0.8091972487537484
368,0.8081799652873044,0.5627113596389168,0.005540643582503761,0.23992796220847865,0.17890585397490474,7e-05,0.8088869735812457
369,0.8063903130127482,0.5629140978509729,0.005538506085792797,0.23793771153574356,0.175033064104581,7e-05,0.8086294889022287
370,0.8046563129390826,0.5619069078322233,0.005500094457106156,0.23724931111318642,0.1770621172228213,7e-05,0.8081244353757521
371,0.8087249473806774,0.5621859160336581,0.005556509255222156,0.2409825228938931,0.19373747123556845,7e-05,0.808157310645546
372,0.8066950159494957,0.5624289495522896,0.005539492271733626,0.23872657679912576,0.1815395013709958,7e-05,0.8078191621879641
373,0.8066922471854105,0.5622318157453856,0.005542834124496679,0.23891759827804337,0.18369910964056066,7e-05,0.8077051088713002
374,0.8051271003684358,0.5623684069186307,0.005540885423359118,0.23721780920285357,0.1831519493218244,7e-05,0.8073347796948903
375,0.8096920000879388,0.5624790090408052,0.005530244140533739,0.24168274754827673,0.17933201987706304,7e-05,0.8071497023105622
376,0.8082864374350133,0.5622091300464703,0.005528839866510419,0.24054846834195287,0.183134564871423,7e-05,0.8071029809530842
377,0.8066818833921514,0.5624378928157131,0.005525685383372329,0.23871830579909412,0.18024550547653978,7e-05,0.8071126223038257
378,0.8064441521201978,0.5625086132989546,0.005509295817197225,0.23842624571334803,0.18058797932769122,7e-05,0.8069390409871152
379,0.8083391105444238,0.5621776251416457,0.0055083227499820395,0.24065316436393408,0.17760724223187666,7e-05,0.8071339207402828
380,0.8065319700104198,0.5625795217222004,0.005498379326323003,0.23845407006700645,0.1851687639345678,7e-05,0.8073214864474163
381,0.8060322073087738,0.5624739945505224,0.005472979762337424,0.2380852335662933,0.18199915360463292,7e-05,0.807052212440226
382,0.8069712667944329,0.5623481309299834,0.005502641201019287,0.23912049655281187,0.17739021170296168,7e-05,0.8070798375247199
383,0.8062198939220757,0.5621093880902067,0.005513604748192016,0.23859690186794866,0.18200361807095378,7e-05,0.8070326021983864
384,0.8067180421648984,0.561947694378036,0.005506223183499569,0.2392641254945805,0.18272487999220785,7e-05,0.8071916963780325
385,0.8051760404874263,0.5622974886563405,0.005478634503469513,0.23739991982302597,0.1867707401834892,7e-05,0.8067401004179814
386,0.8094511020696905,0.5622618935610119,0.005501792761697723,0.24168741688773962,0.17663827089316536,7e-05,0.8068565668814491
387,0.8087099208786157,0.5619481642280469,0.005492164757833527,0.24126959281960172,0.18251539741834386,7e-05,0.8070593706300956
388,0.8055899337147981,0.5619115675465342,0.005499640149933299,0.23817872689172412,0.17983476723138794,7e-05,0.8069739487895555
389,0.8049652328331505,0.5622686669586948,0.005488945536636279,0.23720762065865778,0.18294326371054329,7e-05,0.8066365610184281
390,0.8070511104957909,0.561873559461256,0.005461271584889535,0.2397162806973503,0.18610897266337176,7e-05,0.8066884750669653
391,0.804891078095687,0.5617333047412799,0.005477604683506432,0.23768017002555172,0.17562373182134766,7e-05,0.8065743621456566
392,0.8047468663687911,0.5619694775941839,0.005473538163746373,0.23730385307062185,0.18459165745089498,7e-05,0.8063519221030925
393,0.809252736813714,0.5612847566889804,0.005489889229313608,0.24247809125190717,0.18403827885620333,7e-05,0.8066552063922563
394,0.8065659573488828,0.5620085279051767,0.005474103980087207,0.23908332649743158,0.18458536657633964,7e-05,0.8066399979106545
395,0.8062581358628981,0.5615502928147476,0.0054752147939216575,0.2392326298584208,0.18361856544203164,7e-05,0.8067482074482019
396,0.8062805035753113,0.5616365525711096,0.005472803229920602,0.23917114852290405,0.18261988737295118,7e-05,0.806431147598764
397,0.8052471531064886,0.5614463056673844,0.005465959247789885,0.23833488968856026,0.18853884334698248,7e-05,0.8060848708215511
398,0.8069410749029314,0.5618596313672773,0.00545689591950777,0.23962454907774355,0.1842634928497401,7e-05,0.8062199849403646
399,0.805505491757507,0.5617542102861632,0.005468140663712789,0.23828314194838968,0.18464203661922632,7e-05,0.8062740108328003
400,0.8071876463422365,0.5616180498919419,0.005484589834532669,0.24008500886163073,0.19315717542214256,7e-05,0.8062876644174448
401,0.807427128678874,0.5619345110569274,0.005486580173364667,0.24000603826850225,0.1903059396839313,7e-05,0.8065412694757634
402,0.8043949723814092,0.5616794579337088,0.0054702165594511624,0.23724529746046477,0.18507017909981419,7e-05,0.8065060800770253
403,0.8036562806111204,0.561807079606079,0.00545639398565703,0.2363928080888456,0.18236953396189726,7e-05,0.805946434456766
404,0.8042161441875987,0.5611881998737464,0.005454956914819599,0.23757298711384311,0.18702685016621814,7e-05,0.8057114531406375
405,0.8082109152129963,0.5616849451258993,0.0054818021053332465,0.24104416794611505,0.18974031210302167,7e-05,0.8059067310756474
406,0.8049508567061721,0.5610516067041734,0.005514516499624298,0.23838473464313306,0.1845224162287404,7e-05,0.8057737663887334
407,0.8065537113036836,0.561596991342791,0.005478074961301813,0.23947864560561888,0.19024186754269462,7e-05,0.8059044222084528
408,0.804915471225264,0.5612455328400625,0.005462932814821672,0.23820700681808463,0.1852525882422924,7e-05,0.8057018618406863
409,0.8063100791718971,0.5613473635256006,0.005472089685321425,0.2394906263887597,0.18557065800188832,7e-05,0.8057823205821253
410,0.8053367725399693,0.5613569573067022,0.005467587395718223,0.23851222924567295,0.18610954913867717,7e-05,0.8055972332018984
411,0.8049730786866549,0.5615329153514935,0.005443537349335885,0.2379966264492587,0.18311989770836806,7e-05,0.8053518282026765
412,0.803487292459707,0.5613034454544196,0.005465908198835747,0.2367179415157537,0.18556070530956442,7e-05,0.8052610602105064
413,0.8049341528609609,0.5616252979878603,0.005461693950817345,0.2378471602449577,0.18393134272269654,7e-05,0.8053888474354902
414,0.8031329836286426,0.5609959181415978,0.005444726305144826,0.23669233985922553,0.18099790021919748,7e-05,0.8052805313795949
415,0.8046956279061057,0.5610734154447985,0.005459727853108822,0.23816248467949588,0.18547195055339324,7e-05,0.8049290026489058
416,0.8053994275736467,0.5610675930121298,0.0054430935941814805,0.23888874171595825,0.1859118199448266,7e-05,0.8049738597356532
417,0.8048611269042822,0.5615833840872112,0.0054527255907013085,0.23782501843842593,0.1880362871766946,7e-05,0.804804601295713
418,0.8046906907022284,0.5615123035519888,0.005435310482408442,0.23774307656088514,0.18358010381602785,7e-05,0.8047821232434094
419,0.8053516685677488,0.560787437920365,0.005445487476421885,0.23911874488209994,0.18531612075116646,7e-05,0.8046862821829948
420,0.8033112163463848,0.5609330283968073,0.005454217988338197,0.236923971244593,0.1857414331162375,7e-05,0.8044837265636362
421,0.8053214826652307,0.5609241892276198,0.005426738250768926,0.23897055522249075,0.19552235485335287,7e-05,0.8045185669614938
422,0.8057234127555738,0.560882928411356,0.005453607397216359,0.2393868772321911,0.20480305822699835,7e-05,0.8047421789910804
423,0.8050011698709151,0.5610025218514164,0.005452495157433469,0.23854615293336257,0.1851235466995878,7e-05,0.804748880692076
424,0.8023606784035715,0.5603696384498377,0.005461607253152217,0.2365294339839351,0.17936343464412188,7e-05,0.8046716501695688
425,0.8050329351539247,0.5613393595344142,0.005444786194979289,0.2382487910643719,0.18812859498641707,7e-05,0.8047053808943506
426,0.807229647653525,0.5612253518195814,0.005451933333748265,0.2405523619298159,0.18891887284779663,7e-05,0.8048884029023384
427,0.8043016078369469,0.5609242485470749,0.00546455554414594,0.23791280435175416,0.18987940169835205,7e-05,0.804832450995605
428,0.8030350258190666,0.5611258709544771,0.005443786605123128,0.2364653677603845,0.19232433790153863,7e-05,0.8046668845072888
429,0.8033126387299533,0.5609083268345828,0.00544355446071716,0.23696075911014275,0.19191501717390627,7e-05,0.8044629815235093
430,0.8059261665104679,0.5610423073814246,0.0054470466084457474,0.23943681123724395,0.1908397542660316,7e-05,0.8047244765399176
431,0.8013392112186651,0.560660549898467,0.005435610216770446,0.23524305367013484,0.18223978746593283,7e-05,0.8043262493952609
432,0.8000672074596277,0.5602991821948421,0.005424522326893784,0.23434350397170445,0.18656843369514747,7e-05,0.8037606288656663
433,0.8066513819272438,0.5608983942481319,0.005441783432755174,0.2403112051019258,0.1878756738165349,7e-05,0.8039256500712992
434,0.8016482098250868,0.5608570542917297,0.005428216959300794,0.2353629379323795,0.18638007717126864,7e-05,0.8038544032134508
435,0.8039561712570737,0.5606717397436571,0.0054437432562905634,0.2378406875441519,0.19128646125847643,7e-05,0.8037467268237657
436,0.8034241145307367,0.5602887990086843,0.005422429034584447,0.23771288534670926,0.18798704356240314,7e-05,0.8033661735114869
437,0.8054298185275502,0.5608083829640201,0.0054270599447369,0.23919437643871352,0.18797554621143203,7e-05,0.8034789945805472
438,0.8047330266836157,0.5604939405142405,0.005406466112182471,0.23883262080581566,0.186683389433976,7e-05,0.803648794667002
439,0.8036437717636237,0.5607211652554964,0.0054296680044329335,0.23749293992964274,0.19270112550857535,7e-05,0.8036819079703692
440,0.8024968101362292,0.5605693673403069,0.005410823525424209,0.2365166208746901,0.18593145472010927,7e-05,0.8033389723329453
441,0.8035978080268111,0.5606624439857794,0.005424214036841141,0.23751114818610644,0.1880535630945954,7e-05,0.8035648320137598
442,0.8035136354311802,0.5604055960212598,0.00543434654126327,0.2376736935459826,0.19110003024624866,7e-05,0.803909474810915
443,0.8042702411065261,0.5611376783779364,0.005408786700673081,0.23772377736474337,0.19033176555302725,7e-05,0.8036713607288434
444,0.8020929126648241,0.5601774479783893,0.00542523045288889,0.23649023491087143,0.19154897401706453,7e-05,0.803715831012817
445,0.8034327708933342,0.5596396625041962,0.005414836144333251,0.23837827124664088,0.19286718433410927,7e-05,0.8036634909764431
446,0.8042921354040575,0.5603451581948111,0.005444175603857451,0.23850280185492986,0.19648919780359883,7e-05,0.8037502930637752
447,0.8031553647449713,0.5602670396058753,0.005421830706619189,0.23746649425423316,0.1902713543561657,7e-05,0.8035228476855172
448,0.8040690735766762,0.5600575885989449,0.005397544808364942,0.23861394198745062,0.1845858531634203,4.899999999999999e-05,0.8034564523748233
449,0.8008670092484598,0.5607374796741887,0.0054181537559728305,0.23471137638867756,0.1909363905422425,4.899999999999999e-05,0.8031787761233069
450,0.8035845251745014,0.5597712501669615,0.005410111121583783,0.23840316488412008,0.18478167349356783,4.899999999999999e-05,0.8032875476271343
451,0.801908975725539,0.560122377707057,0.005417864003249903,0.23636873415782692,0.1881735982578337,4.899999999999999e-05,0.803118664397007
452,0.8020543528800946,0.5602999929891249,0.005402898959565961,0.23635146118094477,0.18850423397416133,4.899999999999999e-05,0.8029727361418985
453,0.8038028547067961,0.5599011482234206,0.005389844971980775,0.23851186382856096,0.18513822642881334,4.899999999999999e-05,0.8029259975019254
454,0.8000275642392738,0.5599117909321945,0.005402825951005854,0.23471294863942707,0.1918061722479939,4.899999999999999e-05,0.8027194626593703
455,0.8015100760608198,0.5603996067526238,0.0054033706633097815,0.23570709846664273,0.19072042361044428,4.899999999999999e-05,0.8025271931761189
456,0.8030139900850908,0.5599840207818593,0.005386519660219621,0.23764345062335143,0.1875795204744955,4.899999999999999e-05,0.8023993786442224
457,0.8007623327976209,0.5598709614653337,0.0053924002715845425,0.2354989737700047,0.18975076414466474,4.899999999999999e-05,0.8021600754494873
458,0.8042446086851603,0.5599113858202428,0.005390672877644808,0.2389425514310456,0.18446390665889356,4.899999999999999e-05,0.8021776289603357
459,0.8006765138019215,0.5597100640027717,0.005392720539604078,0.235573729473438,0.18622179111938156,4.899999999999999e-05,0.8021585794156818
460,0.8013647346975701,0.5600973290689825,0.005391432908163117,0.23587597368293972,0.18892453158158434,4.899999999999999e-05,0.8019366003679886
461,0.8013118417069102,0.5595364165648319,0.005394055227343546,0.2363813726240368,0.1900768669669708,4.899999999999999e-05,0.8018768869661258
462,0.8014285839630656,0.5598671499051546,0.005402882418564062,0.23615855342178255,0.19315666277585417,4.899999999999999e-05,0.8018143100744229
463,0.8017279862216785,0.5599289135784624,0.005406545394915713,0.2363925284247079,0.18920474959332406,4.899999999999999e-05,0.8016068232259113
464,0.8015972360184318,0.5599029229588486,0.005382985019227534,0.23631132818295053,0.18728889396601317,4.899999999999999e-05,0.8017637904038268
465,0.8036242794762388,0.5598951032002006,0.005383097954343951,0.2383460801576028,0.19102987721918874,4.899999999999999e-05,0.8019752107453689
466,0.7996240413645238,0.5595701453788429,0.005389898302452416,0.2346639985566219,0.18506001552754042,4.899999999999999e-05,0.8016362158733121
467,0.7975593463085485,0.5601431268253966,0.005401437077225681,0.23201478237027756,0.18731082034738442,4.899999999999999e-05,0.8013159172244049
468,0.7998087126672553,0.5598082124616541,0.00538743055608284,0.2346130706476823,0.18240159179605364,4.899999999999999e-05,0.8008723276226144
469,0.8005788885235217,0.5595476095471086,0.005393540459956849,0.23563773837386137,0.18805504492238947,4.899999999999999e-05,0.8008625650947744
470,0.8033310974899092,0.559966891148444,0.0053814706619846765,0.23798273571512915,0.1945533778108478,4.899999999999999e-05,0.8010592013740083
471,0.7995398733319278,0.5592745375690278,0.005381003236086175,0.23488433259811128,0.1892012828274777,4.899999999999999e-05,0.80088200453651
472,0.8019842190320412,0.5595122664168691,0.005375108650426545,0.23709684485596333,0.1914814757316877,4.899999999999999e-05,0.8009375680434075
473,0.8033434128362026,0.5601731099580464,0.005366260925548498,0.2378040441271791,0.18724070289773803,4.899999999999999e-05,0.8010991107048602
474,0.8027384610552537,0.5596762320926886,0.005354299499657736,0.23770792928466386,0.1814485383732467,4.899999999999999e-05,0.8012132332085422
475,0.7993189317472814,0.5596985694324,0.005360191803799862,0.23426017108146083,0.19356488108492353,4.899999999999999e-05,0.8007826984356466
476,0.8003337617125807,0.5596848970109766,0.0053556321910693885,0.2352932336156448,0.188968565707144,4.899999999999999e-05,0.8008536704704522
477,0.8003785369213688,0.5595838433247434,0.005368031383131109,0.2354266624630353,0.19522675326423783,4.899999999999999e-05,0.8011355895317342
478,0.7971926314408699,0.5597262540787601,0.0053736279455668615,0.23209274977303007,0.2003323710634948,4.899999999999999e-05,0.8008739814090957
479,0.801067155656632,0.5594729088139876,0.005372502587058328,0.23622174336436833,0.18925422219711058,4.899999999999999e-05,0.8009228081224068
480,0.8011334294622595,0.5592690803217546,0.00538684762836073,0.23647750218946967,0.1965864815138744,3.4299999999999993e-05,0.8007030413196418
481,0.8019042023631374,0.5594211970790152,0.00537101560802551,0.23711199028212487,0.19100151449869696,3.4299999999999993e-05,0.8009394742227629
482,0.7999818156780809,0.5593020686407408,0.005369053502972616,0.23531069406909805,0.18862930343054127,3.4299999999999993e-05,0.8007392338873667
483,0.798871390557175,0.5596477586116517,0.0053615912295984875,0.23386204071592487,0.18781341284370878,3.4299999999999993e-05,0.8002920316594638
484,0.7989476986193771,0.5595772672783245,0.005364637055465479,0.2340057963532124,0.1938175331248621,3.4299999999999993e-05,0.7999129554158764
485,0.800207278232255,0.5592168954570899,0.005348432292208147,0.2356419511602826,0.1893535097036065,3.4299999999999993e-05,0.8000017900643737
486,0.7985575967713406,0.559292288630773,0.005351513766786128,0.2339137947659173,0.19183288938833765,3.4299999999999993e-05,0.7998241735702496
487,0.799051080166438,0.5591302545447099,0.0053490023863943,0.23457182483952582,0.19298292728559824,3.4299999999999993e-05,0.7996914278947566
488,0.8016051034037577,0.5595452083925311,0.005356599269301127,0.23670329627665607,0.18995405205984436,3.4299999999999993e-05,0.8001326750910452
489,0.79896730241593,0.5593494077048233,0.005367720241181588,0.23425017632365797,0.1946636516440428,3.4299999999999993e-05,0.7999226897669751
490,0.7990222817117517,0.5596803408205224,0.005385875416714609,0.23395606572405572,0.1942122105919003,3.4299999999999993e-05,0.7997115749919244
491,0.8015305241614438,0.5592242042984118,0.005350428620023591,0.2369558901378983,0.1901752892079536,3.4299999999999993e-05,0.799674207171755
492,0.8018528864714518,0.5587669016356673,0.005355113716216749,0.23773087311589547,0.18433686374334626,3.4299999999999993e-05,0.7998613142510921
493,0.7995252460954292,0.5591236304438285,0.005364526401866566,0.23503708914278798,0.19601495669147614,3.4299999999999993e-05,0.7999266998049175
494,0.8005927558720968,0.5594703299862346,0.005361248431593607,0.23576117741861982,0.18837644284564342,3.4299999999999993e-05,0.8000912055301894
495,0.7981389826564698,0.5589684530308372,0.00535233910574297,0.23381819069813314,0.19362941794275668,3.4299999999999993e-05,0.799884375972611
496,0.7997206341136586,0.5587230430265363,0.005350389834226033,0.23564720250060114,0.19631860369557969,3.4299999999999993e-05,0.8000006797068429
497,0.800791949176332,0.5593258202361148,0.005373137419303639,0.2360929937667824,0.18873648548668082,3.4299999999999993e-05,0.8001747666078322
498,0.8012189651220039,0.5591978683140859,0.005352593780134283,0.23666850374075785,0.1960247618516096,3.4299999999999993e-05,0.8001361527796569
499,0.8011256255316392,0.5588622744859121,0.005343982762697211,0.23691936860386834,0.19012193192848179,2.4009999999999995e-05,0.8003519850912278
500,0.7991237470692996,0.5590721066488603,0.0053520211192409385,0.23469961965768532,0.19060518375138916,2.4009999999999995e-05,0.8003621316269826
501,0.7980372463687185,0.5592679856211374,0.005345484001214425,0.23342377735239467,0.1880774124743836,2.4009999999999995e-05,0.8000128038477099
502,0.8007557397824155,0.5590964632741572,0.005345269538569108,0.23631400725487886,0.18273082881738123,2.4009999999999995e-05,0.7999030891788064
503,0.7974393044077038,0.5592210860343642,0.00532456163013951,0.23289365866823059,0.18682357725914586,2.4009999999999995e-05,0.7996944950100338
504,0.8018207156487058,0.5587523399927969,0.005341694115451648,0.23772668243167502,0.18980010798530716,2.4009999999999995e-05,0.7998172909876947
505,0.7987855563038274,0.5593993472710751,0.005339600537952624,0.23404661002769425,0.1860366360636419,2.4009999999999995e-05,0.7998819483524304
506,0.7990610464052721,0.5586144821495531,0.00533280560844823,0.23511375989497563,0.18450765343801828,2.4009999999999995e-05,0.7998159895815918
507,0.8007408933776418,0.5591043898363433,0.005325244659442081,0.23631125988002027,0.18735239070140575,2.4009999999999995e-05,0.7998108840017227
508,0.7991340779231496,0.5592592024917238,0.005341534409226413,0.23453334280463498,0.19621734852283196,2.4009999999999995e-05,0.7996023952818373
509,0.7984449197515917,0.5591085799858331,0.005343244121405496,0.23399309812193853,0.19076967378409856,2.4009999999999995e-05,0.7993343247038325
510,0.7997278659537649,0.5591369385354257,0.0053554091727334345,0.23523552002804132,0.19325238822749927,2.4009999999999995e-05,0.7993947365922791
511,0.8004965134784936,0.5593216694428019,0.005360530323959424,0.2358143131057041,0.19154127986664976,2.4009999999999995e-05,0.7996406633032567
512,0.7980289544785422,0.5589730119305935,0.0053253866839066645,0.23373055634529968,0.18610026316637057,2.4009999999999995e-05,0.7993679847728693
513,0.799673441351886,0.5592953984817249,0.005331417875426808,0.23504662567205978,0.1972226365759042,2.4009999999999995e-05,0.7995913984672874
514,0.7996456832691813,0.5593424011645705,0.005341801917153682,0.23496148079348522,0.19154719744572798,2.4009999999999995e-05,0.7993738952293351
515,0.7996077085510965,0.5591589614535063,0.00533835026636078,0.23511039872061124,0.1892643436504323,2.4009999999999995e-05,0.7994561104540621
516,0.7991163114611612,0.5590765511875517,0.005324331482061359,0.23471542893414293,0.18918283401351227,2.4009999999999995e-05,0.799461636959651
517,0.8016718476297753,0.5589718744515232,0.005333701959637363,0.23736627292975285,0.18758327143186587,2.4009999999999995e-05,0.7995547323848642
518,0.8019467278530723,0.5583654605030444,0.005355896276720403,0.23822537182193054,0.19135795252032256,2.4009999999999995e-05,0.7998359973778565
519,0.7991569090688058,0.558925995416048,0.005328309307828474,0.23490260409538827,0.18277396717995548,2.4009999999999995e-05,0.7999071963095779
520,0.7978373851502341,0.5591105554948013,0.005332971018467223,0.23339385949253466,0.1861777187249307,2.4009999999999995e-05,0.7997181482292248
521,0.7994666838189631,0.5585977576280895,0.005328535178061308,0.23554039204662497,0.19557064532805857,1.6806999999999997e-05,0.7996151652632718
522,0.7984819781552092,0.5585893793254377,0.005324693958154706,0.23456790526375246,0.19212386261618308,1.6806999999999997e-05,0.7996604676309385
523,0.7990186599453101,0.5590612069841777,0.005322292946172103,0.2346351597297705,0.18762200621611763,1.6806999999999997e-05,0.7995949894902808
524,0.7969273353022251,0.5587595880887155,0.00531132854343031,0.2328564174936719,0.1836928459303231,1.6806999999999997e-05,0.7993231546935853
525,0.798655371489137,0.5582825226361672,0.00529660876287798,0.2350762422290145,0.1859323562760102,1.6806999999999997e-05,0.7992279209873894
526,0.8000699790756097,0.5588676574412715,0.00531421551864113,0.23588810818332234,0.1905410402414331,1.6806999999999997e-05,0.7993232877488342
527,0.8003826576271696,0.5589436526503859,0.005332903428511186,0.2361061036158977,0.1923749104641271,1.6806999999999997e-05,0.7991943687485736
528,0.7980190354386015,0.5588199496269226,0.005326498353310179,0.23387258781485581,0.18920967774242875,1.6806999999999997e-05,0.7988015995071265
529,0.7994992094176808,0.5587344101171174,0.0053277067020178984,0.23543709345411457,0.1880200619689015,1.6806999999999997e-05,0.7988358295420139
530,0.7993965622340663,0.5588016937794298,0.005311381018332888,0.23528348818492661,0.1924328027587188,1.6806999999999997e-05,0.7989917472503972
531,0.7985684291312569,0.5587624208778856,0.005310285034362209,0.23449572393198334,0.18525109643285925,1.6806999999999997e-05,0.7989019217816267
532,0.8004004019869572,0.558691887906864,0.00532149926327062,0.2363870141038484,0.19037277390511984,1.6806999999999997e-05,0.7990937641648015
533,0.7956054488722788,0.5586895212602387,0.005328407698270807,0.23158752194574575,0.19000923822513607,1.6806999999999997e-05,0.7987524430574984
534,0.7998158438354017,0.5587946398976887,0.005334195622987154,0.23568700941983592,0.19269169663841074,1.6806999999999997e-05,0.7990412939108159
535,0.798132511559856,0.5587303889425177,0.005307505290474047,0.23409461750510777,0.19130354977110356,1.6806999999999997e-05,0.7989890079178879
536,0.7976209517015794,0.5582592085217745,0.005328528903888173,0.23403321477499875,0.19398771771831375,1.6806999999999997e-05,0.7987441051804848
537,0.8004464866441973,0.5588613682956787,0.005338360247999857,0.23624675892043911,0.18874090025869852,1.6806999999999997e-05,0.7987504880821875
538,0.7978973956199354,0.5587431066914609,0.0053195368730280385,0.23383475198414908,0.19234573787621903,1.6806999999999997e-05,0.798738324100321
539,0.7993253177147733,0.5585880939755143,0.005307732586655321,0.23542949054657558,0.1900222621252092,1.6806999999999997e-05,0.7987209349300303
540,0.8001954866368235,0.5586711894096941,0.005337873714392265,0.23618642347708843,0.18899733305832986,1.1764899999999996e-05,0.798800827370306
541,0.7984925474276383,0.5584014155077592,0.005325400943391061,0.23476573290151842,0.191221212103749,1.1764899999999996e-05,0.7987932391999442
542,0.7978774458882911,0.5583594608249847,0.005304568121878154,0.23421341790394348,0.190490221863158,1.1764899999999996e-05,0.7985409435900775
543,0.7989911201753115,0.5590354448015039,0.005311798821225691,0.2346438782280712,0.19566655005707126,1.1764899999999996e-05,0.7988795107203808
544,0.7960127105838374,0.558712323886926,0.005300756561699096,0.23199962963613027,0.18761133969400487,1.1764899999999996e-05,0.7984991973952243
545,0.8005219736452879,0.5589703569571938,0.00532390883094386,0.23622770700158113,0.18807983662237962,1.1764899999999996e-05,0.7987381436037675
546,0.7979609790886418,0.5585581539065073,0.005326916726582359,0.23407590824165983,0.19337998380501303,1.1764899999999996e-05,0.7987721463424737
547,0.7982937262959457,0.5581474327014394,0.0053352057648617685,0.2348110885069701,0.19148697379673496,1.1764899999999996e-05,0.7985568703076487
548,0.7980849002822165,0.5587176664879447,0.005324480351078453,0.2340427537283829,0.19211580607879675,1.1764899999999996e-05,0.7985756207738767
549,0.7983587863342614,0.5585104264140699,0.005309293429817309,0.23453906788067383,0.1927669548104254,1.1764899999999996e-05,0.7984789676358255
550,0.8000826835632324,0.5587435783952047,0.005312963250721471,0.2360261430224163,0.19188017540713817,1.1764899999999996e-05,0.7984676873284664
551,0.7996571661467757,0.558745094178396,0.005310425632878354,0.23560164758320631,0.19043517440700075,1.1764899999999996e-05,0.7985841492003802
552,0.7990695135445116,0.5586380398159392,0.005315747557644639,0.23511572667000966,0.1934692349516604,1.1764899999999996e-05,0.7987033559660022
553,0.7992141359445581,0.5588016525695199,0.005304778591867839,0.2351077053000767,0.18972504791317946,1.1764899999999996e-05,0.7987256575429269
554,0.7992753624630887,0.557931078535518,0.005313411283721194,0.23603087314293145,0.19142809898801968,8.235429999999996e-06,0.7990519227308519
555,0.7993095635512228,0.5584497819676923,0.005312923609354849,0.23554685893669083,0.1886038146734808,8.235429999999996e-06,0.7989306817214454
556,0.7969913921858135,0.5581292387401088,0.005310424492119602,0.23355173070037194,0.18830939360925456,8.235429999999996e-06,0.7988337230311626
557,0.797659802094601,0.5584338528402685,0.005318946245184355,0.23390700357952757,0.1908712799897034,8.235429999999996e-06,0.7987703306110282
558,0.799401131685841,0.558668276197032,0.005321196391822048,0.23541165984561,0.19113098862068506,8.235429999999996e-06,0.7989019537513906
559,0.7994975554600857,0.5580868991938505,0.005314016456238961,0.23609664059426796,0.1911041914133364,8.235429999999996e-06,0.7990158306639731
560,0.7999306931450036,0.5585149162979217,0.005324653746408709,0.23609112488310874,0.19312760319435995,8.235429999999996e-06,0.7990006316221503
561,0.7984737725349135,0.5584715684635218,0.005302379291023364,0.23469982438823253,0.1869799649102266,8.235429999999996e-06,0.798882292260964
562,0.7987116752058695,0.5584742620801241,0.005306581275885185,0.2349308327054293,0.1938779760134277,8.235429999999996e-06,0.7988465084270998
563,0.7982133301821622,0.5582958595319227,0.00531131342837685,0.23460615715056515,0.18969106107379832,8.235429999999996e-06,0.7987464278508603
564,0.7969574607445292,0.5585094225463685,0.005299634910656504,0.2331484036439914,0.18913752617733331,8.235429999999996e-06,0.7985146376790043
565,0.797153289808611,0.5581410485876804,0.00531307304875132,0.2336991683860715,0.19981533199833912,5.764800999999997e-06,0.7982990103047432
566,0.7968138827091199,0.5580164999767924,0.00530749388288653,0.2334898900258484,0.18521852627325286,5.764800999999997e-06,0.7982812593570736
567,0.7979585619634418,0.5590522818302994,0.005303196359479256,0.23360308509266547,0.1903140102490854,5.764800999999997e-06,0.7983111353439578
568,0.7972378362879229,0.5581701827106293,0.005307711482618414,0.2337599437701645,0.18581833376696236,5.764800999999997e-06,0.798094805804166
569,0.7970588914515299,0.558375782516014,0.005308333481327769,0.23337477859127465,0.19361880182792124,5.764800999999997e-06,0.7978509394033104
570,0.7989625052401894,0.5583629869102862,0.005308976298884342,0.2352905422805599,0.19367923715896013,5.764800999999997e-06,0.797754120612829
571,0.794961634149962,0.5584466490163758,0.005298387205771853,0.23121659831995028,0.18894011445307846,5.764800999999997e-06,0.7974029067743338
572,0.7988325200582805,0.5585241029707438,0.005302839872369356,0.235005577749898,0.18947579123471914,5.764800999999997e-06,0.7974149912595749
573,0.8002642816618869,0.5584524673137938,0.0053224868751598885,0.2364893280967856,0.19035204136343092,5.764800999999997e-06,0.7976200864075473
574,0.7982184932562724,0.5580053252466558,0.005305408861078144,0.23490776100227137,0.192866394572566,5.764800999999997e-06,0.7977461896587218
575,0.7984732025833221,0.5587242619272624,0.00531226938421076,0.23443667116490277,0.18743565126041475,5.764800999999997e-06,0.7978781809361928
576,0.799917347123178,0.5585620826796481,0.00529998398283452,0.2360552790703956,0.1889968095926577,5.764800999999997e-06,0.7981885273775986
577,0.800645944604463,0.558458830180921,0.00529652919495505,0.236890585335533,0.1904216586616621,5.764800999999997e-06,0.7984572656417007
578,0.79670095072979,0.558476872991717,0.005317770978480435,0.23290630811424345,0.19139992328066574,5.764800999999997e-06,0.7984035770858874
579,0.7981522498233466,0.5579085524002331,0.0053100660086818855,0.23493363141443172,0.19512778331645939,5.764800999999997e-06,0.798512912923069
580,0.7990545949867468,0.5585068572651256,0.005299933789449446,0.235247805251174,0.19254298825440794,5.764800999999997e-06,0.7985221218977248
581,0.7971157606994136,0.55785974261293,0.0053007628358722305,0.23395525546450363,0.19232247274315528,5.764800999999997e-06,0.7987375345526699
582,0.801174760007402,0.5586119716247303,0.005297030843616103,0.23726575711127104,0.1926182080684096,5.764800999999997e-06,0.7989717585475822
583,0.8013171235625254,0.5589327522727291,0.005299393069801148,0.23708497768526443,0.19503670078858235,4.035360699999998e-06,0.799077042737646
584,0.7947272222007861,0.5583016049633757,0.005290615216396642,0.2311350029122316,0.18962699941328268,4.035360699999998e-06,0.7987279156320973
585,0.7984697908590855,0.5584195669758263,0.0053002857135243395,0.23474993977392689,0.19153948541748467,4.035360699999998e-06,0.7987275744596737
586,0.7958657694490332,0.5582789855710627,0.005302735778133265,0.23228404845632433,0.19307693550318622,4.035360699999998e-06,0.7983224166922592
587,0.7997770215335646,0.5584636932354795,0.005313568423239238,0.2359997601956842,0.19086613295751326,4.035360699999998e-06,0.7982355243851694
588,0.7982639017287624,0.5583602278426504,0.005309013373543771,0.2345946615107322,0.1963126041601149,4.035360699999998e-06,0.7983918194850665
589,0.7973553573971159,0.5586783529468701,0.005304650256508275,0.233372354764117,0.1933528425163059,4.035360699999998e-06,0.7983121302424435
590,0.7993544963273135,0.5582220414608859,0.005304032535644239,0.23582842347154206,0.18792648356782193,4.035360699999998e-06,0.7983421203765002
591,0.795315553126723,0.558467960386185,0.005283914114299573,0.2315636801234843,0.18910931218326377,4.035360699999998e-06,0.7981620996192311
592,0.7981134332253031,0.5583747469922572,0.005307325620970658,0.23443136007734464,0.1901550542866214,4.035360699999998e-06,0.7978559669410212
593,0.7967991463875657,0.5581253751328117,0.005299605821308337,0.23337416659202873,0.19175079953299756,4.035360699999998e-06,0.7974041692235254
594,0.7979020437840639,0.558304405526111,0.005315439267591996,0.23428219963203778,0.19518385185864554,2.8247524899999986e-06,0.797721651381853
595,0.7987291231109765,0.5581432625152277,0.005310076560700339,0.23527578506886104,0.1893913308113956,2.8247524899999986e-06,0.7977475846070421
596,0.7960271096685857,0.5583474002956774,0.005287813798092199,0.23239189639473645,0.18777798412091423,2.8247524899999986e-06,0.7977637186289974
597,0.7987806049830606,0.5586987351686761,0.005321015866749595,0.23476085416152717,0.20086883828400426,2.8247524899999986e-06,0.797664076973947
598,0.7996204330019974,0.5584083411967355,0.005306523382378537,0.2359055695992908,0.19902393799364282,2.8247524899999986e-06,0.7977997301012705
599,0.7996495257724415,0.5585319250109093,0.005299306086946332,0.2358182957083985,0.19392370101082268,2.8247524899999986e-06,0.798029146938803
600,0.7968574797993071,0.5576670275350507,0.005298856913187857,0.23389159581450183,0.19087328052406677,2.8247524899999986e-06,0.7977794452860024
601,0.7991668753076399,0.5582339378635278,0.005315664282255766,0.23561727465910204,0.1899472776283488,2.8247524899999986e-06,0.7981645775040941
602,0.7993210022244157,0.5586556534162549,0.005299604110170209,0.23536574437715221,0.19437615919198717,2.8247524899999986e-06,0.7982853344040055
603,0.7987398408246382,0.558200420945455,0.005323183023188103,0.23521623657080545,0.1907919890929067,2.8247524899999986e-06,0.7984794038477127
604,0.7992805529154089,0.5579056038240496,0.005285018083581514,0.23608993286151064,0.1941130445405627,2.8247524899999986e-06,0.798617254760847
605,0.7980829411716552,0.5582014529043408,0.0052960623394359245,0.23458542756771927,0.18610513352891475,1.977326742999999e-06,0.798552636566915
606,0.7978533596228184,0.5586136244415667,0.005308454116565759,0.23393128124292958,0.19318828560661472,1.977326742999999e-06,0.7987352615623383
607,0.7980366486111327,0.5587167577310042,0.005303802957945463,0.23401609023934916,0.1898401391705828,1.977326742999999e-06,0.7986608659251455
608,0.7963280171583714,0.5584043762045043,0.005306164613751133,0.23261747719568499,0.1917745210765081,1.977326742999999e-06,0.798331624340783
609,0.799534153424952,0.5582567406328101,0.005302899191824443,0.2359745123169639,0.18502628218614314,1.977326742999999e-06,0.7983200871060341
610,0.7966377678100002,0.5585072200264086,0.005296205504659261,0.2328343437048807,0.1905256506928987,1.977326742999999e-06,0.7982981159071033
611,0.8009515622871344,0.5585933758311294,0.005307923663746227,0.23705026371912521,0.1890157996253534,1.977326742999999e-06,0.7984765846050527
612,0.7973555889711426,0.5582356060806074,0.005294425921006637,0.23382555937581656,0.1861152291725697,1.977326742999999e-06,0.7982800432797255
613,0.7965376298678549,0.5588386550759584,0.0053038822406787055,0.232395093068124,0.1924922994235486,1.977326742999999e-06,0.7980598221840471
614,0.7973049247378938,0.5583245905392478,0.005302672751212234,0.23367766137613635,0.19537496734321402,1.977326742999999e-06,0.7978622593662956
615,0.7990987151148217,0.558224215461877,0.005302611150239643,0.23557188989300476,0.19220743959315084,1.977326742999999e-06,0.7979638367606122
616,0.7952278008301292,0.5582127014986066,0.005316727469412334,0.2316983733950049,0.1872889768492662,1.3841287200999992e-06,0.7977012808813433
617,0.7998586214330208,0.5584893558869521,0.005300610829768569,0.23606865553622042,0.18831730530592813,1.3841287200999992e-06,0.7978834781635322
618,0.7961155668114931,0.558433671317032,0.00531241882360723,0.23236947838199196,0.19097107146202663,1.3841287200999992e-06,0.7978622331288443
619,0.8009718796282864,0.5586241289759367,0.005311452600944556,0.2370362994060562,0.1957957313605473,1.3841287200999992e-06,0.7980060057491777
620,0.7952711113046801,0.5584593542169726,0.005296755350377571,0.2315150035554142,0.18934492752597662,1.3841287200999992e-06,0.7978693400986456
621,0.799692387073234,0.5587079405214228,0.005284574898806485,0.2356998729363583,0.18958941954032085,1.3841287200999992e-06,0.7977434225772557
622,0.7979092453940634,0.5583880431058874,0.005302546126990797,0.234218658514,0.19154904836245132,1.3841287200999992e-06,0.7977987882195477
623,0.7974976475158947,0.5588173819215674,0.005292954057027279,0.2333873122146255,0.19331190407133558,1.3841287200999992e-06,0.7978947899843517
624,0.7969484564505125,0.5583381701314278,0.005296706012561561,0.23331358023522572,0.1935494343558567,1.3841287200999992e-06,0.7978591431556136
625,0.7983605883053045,0.5580696323841953,0.005285423052938361,0.23500553342072586,0.18453151657820888,1.3841287200999992e-06,0.7977853304746618
626,0.7993473133972387,0.5579819031879663,0.005300345603358803,0.2360650637503446,0.18881108244640404,1.3841287200999992e-06,0.7981972817313728
627,0.7980406164552607,0.5581234161648454,0.00530910263791609,0.2346080979376889,0.19131627347338143,9.688901040699995e-07,0.7980154812335968
628,0.7974583127281882,0.5583255553359621,0.0053106569217152575,0.23382210054180838,0.1920870298689062,9.688901040699995e-07,0.7981497558252661
629,0.7979671205059763,0.5579831682894218,0.005297113548625599,0.2346868409850951,0.19132581716804414,9.688901040699995e-07,0.7978492799130353
630,0.8000439210086348,0.5586329815490394,0.005294594468112197,0.23611634588270097,0.19299090981626055,9.688901040699995e-07,0.7983265608834309
631,0.7979650651438955,0.5584955995447898,0.005285123888955732,0.2341843437777752,0.18988059728482123,9.688901040699995e-07,0.798153828690497
632,0.7958469420814058,0.5583714690219843,0.005289248017032751,0.23218622440071196,0.19343469088727777,9.688901040699995e-07,0.797947598359231
633,0.7991912253735739,0.5583831980182794,0.005288857592349988,0.23551917179492102,0.18577644977558172,9.688901040699995e-07,0.7981169561449991
634,0.795706012745223,0.5582915621511103,0.005300070110120271,0.2321143829081047,0.18994072835411183,9.688901040699995e-07,0.7979927117744701
635,0.7981095930035604,0.5583116196844566,0.005304162582141931,0.23449381120039514,0.19629124366638193,9.688901040699995e-07,0.7979676122442958
636,0.7993497342299046,0.5586458192202464,0.00530578787817339,0.23539812848613592,0.19035798418179653,9.688901040699995e-07,0.7979678543275622
637,0.7964697514424484,0.558225318432995,0.0053044911206624155,0.23293994281565744,0.19558480235805922,9.688901040699995e-07,0.7978107678262811
638,0.7978076201876955,0.5583042157323737,0.0052929740203054325,0.2342104301498267,0.1919223104723903,6.782230728489996e-07,0.7978456985722318
639,0.79905727862171,0.5582894175246572,0.005295483404369445,0.23547237801352186,0.19197062174811888,6.782230728489996e-07,0.7979547143838053
640,0.797716603467339,0.5582630269265061,0.005306291523162258,0.23414728516026548,0.18897566416759812,6.782230728489996e-07,0.7977219826296756
641,0.7975247820313467,0.5580557774413716,0.005308456398083262,0.23416054954654292,0.18546721674323652,6.782230728489996e-07,0.7976779543184207
642,0.7966552047353042,0.5584616907760858,0.005302769145326751,0.23289074602594786,0.19064854816243978,6.782230728489996e-07,0.7977587805838106
643,0.7994495249536049,0.5587146190935345,0.0053054062943709525,0.23542950049256595,0.19111917469133602,6.782230728489996e-07,0.7977846105418136
644,0.7957666282448472,0.558199657920445,0.005311159711135061,0.2322558117896746,0.19135660624675202,6.782230728489996e-07,0.797790672091776
645,0.7944899582121361,0.5584317410106294,0.005299429288891514,0.23075878951680717,0.18834777825186697,6.782230728489996e-07,0.7974287086126337
646,0.7989564185792749,0.5584130050462969,0.0052980438373875964,0.2352453711571876,0.18872438674195532,6.782230728489996e-07,0.7973893770475706
647,0.7968311415334638,0.5582679678378493,0.005305119393544905,0.23325805480115153,0.18988319129892514,6.782230728489996e-07,0.7974255160566723
648,0.7981639773936934,0.5582883697377438,0.005296692038266853,0.23457891576027756,0.19176513452136346,6.782230728489996e-07,0.7974611517772721
649,0.7985355845478733,0.558173196880441,0.005310332090660716,0.23505205721661235,0.18715132127680847,4.747561509942997e-07,0.7974089823698883
650,0.7973647733624472,0.5583319383089622,0.005300780517632882,0.2337320542506624,0.1881836460965672,4.747561509942997e-07,0.7973737993593992
651,0.8012005643981496,0.5586128661221865,0.00531374096300043,0.23727395813288302,0.18779470333071988,4.747561509942997e-07,0.7977413775960793
652,0.7993427888628398,0.5583264760708695,0.005292866218603399,0.23572344842709994,0.19086039964662213,4.747561509942997e-07,0.798010136008833
653,0.7991920239047,0.5581452085070633,0.005300135418558805,0.23574667994342924,0.19546972817638844,4.747561509942997e-07,0.7979843859039426
654,0.7992973598566923,0.558438862054542,0.005299068523936294,0.23555942977729596,0.1879491207488416,4.747561509942997e-07,0.7983374590651271
655,0.7976745235862914,0.5584796414706126,0.005310131317120419,0.233884751475884,0.190876948241697,4.747561509942997e-07,0.7986559156025426
656,0.7994472926313226,0.5586663856745907,0.005310759019623533,0.23547014957694917,0.19203674401107587,4.747561509942997e-07,0.7987050030077473
657,0.7982134111760336,0.5579372682925047,0.0053064141547280634,0.23496973058253384,0.18731794527700643,4.747561509942997e-07,0.7988432299720043
658,0.799873231558138,0.5584655144568266,0.005290132960634368,0.23611758364159524,0.19320864829292708,4.747561509942997e-07,0.7990141553884487
659,0.7967365347027209,0.5581662472355309,0.005303882525868393,0.23326640487002415,0.19108328551196596,4.747561509942997e-07,0.7988342504039334
660,0.7993313503322419,0.558427890379463,0.005297681646483937,0.23560577852018713,0.18819351661861228,3.3232930569600976e-07,0.799030908100913
661,0.7976001217319635,0.5583523912578108,0.00529706962941366,0.23395066219938998,0.1932425916052321,3.3232930569600976e-07,0.7986708638342944
662,0.7983573776397979,0.5584283274326598,0.005296862011320853,0.23463218725112636,0.1971501313042983,3.3232930569600976e-07,0.7985723227119902
663,0.7989268320028862,0.5586812807042063,0.005296257123992774,0.23494929342606422,0.1936582586055167,3.3232930569600976e-07,0.7985458035218087
664,0.7983984537957388,0.55871793128657,0.005299586428409558,0.23438093804143834,0.19358823191748853,3.3232930569600976e-07,0.7984559129157135
665,0.7984542376116702,0.5580324243985865,0.005289327014576305,0.23513248566377676,0.19186224218047976,3.3232930569600976e-07,0.7985338843182513
666,0.7962107360363007,0.5585956485077525,0.005284353021229283,0.23233073468556245,0.18731969812412583,3.3232930569600976e-07,0.7982102286587491
667,0.7985588233721884,0.5584951353985728,0.005310517749147552,0.2347531715078217,0.19354356877042345,3.3232930569600976e-07,0.7982447698783647
668,0.7982946612903375,0.5582893647645649,0.005299417596114309,0.2347058790722532,0.1870759565151479,3.3232930569600976e-07,0.7980869128515846
669,0.7957658556659827,0.5579992123482901,0.00531865620727174,0.23244798834030136,0.19049691515818737,3.3232930569600976e-07,0.7979898449479108
670,0.7972582360488947,0.558140090350329,0.00529535107635425,0.23382279558472657,0.19042812487440247,3.3232930569600976e-07,0.7977825335195761
671,0.7985745534372102,0.558552442697817,0.005294751037250866,0.2347273605577113,0.1885660093580707,2.326305139872068e-07,0.7978799766901007
672,0.7996528978553115,0.5583780723040184,0.00530968413968976,0.23596514251671338,0.18874600754257595,2.326305139872068e-07,0.7980095287116521
673,0.799709583583631,0.5583837906424509,0.005312963821100847,0.23601282904878187,0.19617180248196617,2.326305139872068e-07,0.7980878038697267
674,0.798374517540042,0.5578081391074441,0.005296240582990874,0.23527013895471702,0.1910744919374799,2.326305139872068e-07,0.7980854102441569
675,0.7977700256274648,0.5586382405894795,0.005309967903429242,0.23382181848920702,0.1921974828725226,2.326305139872068e-07,0.7980169890457363
676,0.7995297438219974,0.5579185953550931,0.005291791338669627,0.23631935794815492,0.18947922598802303,2.326305139872068e-07,0.798348889824306
677,0.7992818799030268,0.5586371973656011,0.005303243130588075,0.23534143937118887,0.1911641471266176,2.326305139872068e-07,0.7984211954773899
678,0.7987724914790341,0.5576256680431548,0.005300031324322714,0.2358467940722356,0.1896339200044933,2.326305139872068e-07,0.7984689784962594
679,0.7986658386636579,0.557992334000802,0.005292910137815339,0.2353805941685535,0.18964868299128337,2.326305139872068e-07,0.798758976796027
680,0.797121704908079,0.5583206114301271,0.005299122995166688,0.23350197028671726,0.19351801828761991,2.326305139872068e-07,0.7987453236819456
681,0.7983521632315439,0.5581419788764425,0.005304838766891991,0.23490534626553503,0.19477463862970115,2.326305139872068e-07,0.7987230846613789
682,0.7962573511463603,0.5584101696904196,0.00529323496886988,0.2325539479843167,0.19111429539878974,1.6284135979104476e-07,0.7983835299904838
683,0.7993640056922675,0.5589265204502635,0.005311332536085941,0.2351261532228244,0.18622331192904112,1.6284135979104476e-07,0.7983489722013475
684,0.7973497793720099,0.557676914063367,0.005310260508049048,0.23436260661867817,0.19075381385082263,1.6284135979104476e-07,0.7982464983845443
685,0.7973831641046625,0.558348320032421,0.0053021614061017925,0.23373268334346525,0.1909452537030124,1.6284135979104476e-07,0.798207812232264
686,0.8000894079082891,0.5582631988958879,0.005304047650697699,0.23652216068437795,0.19101221706165653,1.6284135979104476e-07,0.7982637786408932
687,0.7981209435531397,0.5581679595144171,0.005306821690792102,0.23464616352433793,0.1927262729292281,1.6284135979104476e-07,0.7981476850059044
688,0.7998418790872017,0.5581965720254268,0.005306112709227932,0.23633919538635956,0.18629405337372465,1.6284135979104476e-07,0.7982546237667212
689,0.7998643852592084,0.5588246408546941,0.005302399254301518,0.23573734479372582,0.18823626227498624,1.6284135979104476e-07,0.7983744784262763
690,0.7970032010352213,0.5582948128857681,0.005305588815771221,0.23340280036749453,0.1929709400500407,1.6284135979104476e-07,0.7983626280389905
691,0.7981984679493608,0.5586510848200492,0.005317650343242444,0.23422973471109948,0.1904590418606854,1.6284135979104476e-07,0.7983472585107722
692,0.7982808803542379,0.5584560364627382,0.00529400298469945,0.23453084112069253,0.19127344193926268,1.6284135979104476e-07,0.7985496114315598
693,0.7979035739693345,0.5576709560230018,0.005303208622635837,0.23492941046445565,0.1886893694409343,1.1398895185373132e-07,0.7984035682592665
694,0.7981589112840771,0.5585471802351007,0.005299434992685272,0.23431229637712953,0.1911845524131396,1.1398895185373132e-07,0.7984844814504733
695,0.796669426004282,0.5583140041554373,0.0052945938977328215,0.23306083087430615,0.19127861581493222,1.1398895185373132e-07,0.7984131076404353
696,0.800170128995722,0.5580081658785423,0.005309890617023815,0.23685207267839942,0.19495591752979743,1.1398895185373132e-07,0.7984211797491786
697,0.7988096113410292,0.5585595942570262,0.0053057105917679636,0.2349443064565864,0.1923648600943351,1.1398895185373132e-07,0.7984900465279676
698,0.7987302272228533,0.5587039202023921,0.00529689680446278,0.23472941053683677,0.1993674920720347,1.1398895185373132e-07,0.7983788813415327
699,0.7959892434651772,0.5580387955362146,0.005298215236390036,0.23265223283516734,0.18688898166400963,1.1398895185373132e-07,0.7979913671621295
700,0.7971441054173063,0.558578558373109,0.005308640345431971,0.23325690919417513,0.19018998246586494,1.1398895185373132e-07,0.7980054576003381
701,0.7982723453398527,0.558550644291645,0.005298066937752317,0.23442363378961692,0.19102754023229107,1.1398895185373132e-07,0.7980128453393872
702,0.7977982304598156,0.557959916488976,0.005306524523137289,0.23453179098059687,0.18825117038767875,1.1398895185373132e-07,0.7979645803499451
703,0.7979525838172037,0.558854601029574,0.005303690593208422,0.23379429319258513,0.19383594522065523,1.1398895185373132e-07,0.797969481334732
704,0.7988058290127932,0.5584817648504339,0.0053046981683758454,0.2350193668495525,0.19134749693163275,1e-07,0.7980341731076036
705,0.7969429890790054,0.5583731544930399,0.005299817717246462,0.23327001683307036,0.1930003638900638,1e-07,0.7980615294150759
706,0.7948763913800272,0.5581311245569202,0.005315767806112481,0.2314294996586713,0.1884960494400782,1e-07,0.7975321556535064
707,0.796596881162607,0.5585304348947899,0.005305378345781537,0.23276106984706588,0.18784101613971035,1e-07,0.7973108826356642
708,0.8001983512246438,0.5589283472328095,0.0053029120253603994,0.23596709335677363,0.1921361599242288,1e-07,0.7974576950358433
709,0.7975276717158596,0.5581756586378271,0.005297291506990862,0.2340547211076084,0.1901778764844511,1e-07,0.7976115378609114
710,0.7956087144368003,0.5581100314998171,0.00530455215125563,0.23219413333461045,0.18990873331515984,1e-07,0.7974579987628607
711,0.7983745462016055,0.5583818643287038,0.005290827682714143,0.23470185632911025,0.1900179477043129,1e-07,0.7974682188490362
712,0.800792132838491,0.5587990952735883,0.0053093005595595075,0.23668373622107164,0.19173600175306557,1e-07,0.7977676090869037
713,0.7991244309541712,0.55837062756981,0.005285795510670785,0.23546800922834132,0.18781959400935608,1e-07,0.7978847938006004
714,0.7967358727774552,0.5577892604056728,0.005293459983533649,0.23365315374289974,0.18977185481330425,1e-07,0.7976777981770666
715,0.794917574482101,0.5582346090574584,0.00530294482217451,0.23138002242055236,0.19021086947341856,1e-07,0.7974752567173763
716,0.7992589428094015,0.5588056291119333,0.005301250225048886,0.2351520629376886,0.19026852046188555,1e-07,0.7979135118603136
717,0.7986016072439805,0.5583880108794527,0.0052964416417208586,0.23491715675478347,0.19152528767665608,1e-07,0.7981139844684509
718,0.7978490478399267,0.5584526402813396,0.005284264612426028,0.2341121453346248,0.18452322579314265,1e-07,0.7978790541299793
719,0.801295556377566,0.5581447795817727,0.00528511732959291,0.23786566010787727,0.19379025808219133,1e-07,0.7982558425961498
720,0.7981030228035302,0.558437740688689,0.005315513416910856,0.234349770337771,0.1903045119708805,1e-07,0.7985052734328228
721,0.7993986338519594,0.5585606909539711,0.005294459858579499,0.23554348207689357,0.19195217204293566,1e-07,0.7986076821978583
722,0.7984988291582993,0.5583789870499424,0.005299158929067366,0.234820684355697,0.1906526327560963,1e-07,0.7983783518298392
723,0.7980896094769382,0.5587217638081912,0.005296716279390326,0.234071131706523,0.18738402672218935,1e-07,0.7982748696821157
724,0.7969382366780459,0.5585390918277667,0.005301065136941426,0.23309808031936582,0.19028604273020366,1e-07,0.7982951060721749
725,0.7960200175714265,0.5584629756982247,0.005301067988838305,0.23225597491817612,0.1903322853825309,1e-07,0.7984053503811075
726,0.7964197153394873,0.5583137402123812,0.005309295426145125,0.23279667995050193,0.18808891388930774,1e-07,0.798121427634116
727,0.7972961995019867,0.5580155585656326,0.005295611169349634,0.23398503138902085,0.1940112831204702,1e-07,0.7979908868599167
728,0.7987981746641643,0.5584309652946783,0.005308722480062093,0.23505848820842623,0.19049994319534758,1e-07,0.7980857995423405
729,0.799293067751889,0.5582378412547865,0.005302651076795952,0.235752576240227,0.1846610964699225,1e-07,0.7978855506797727
730,0.7977965561111579,0.558403613464684,0.005299978279040761,0.2340929643317843,0.1882034599709739,1e-07,0.7978549040105355
731,0.7972774223277443,0.5583676303687849,0.005290283255599902,0.2336195116978513,0.18904942566413058,1e-07,0.797642782858114
732,0.7975723789069071,0.5579892562336899,0.0053050757595226525,0.23427804655720744,0.18906319451531725,1e-07,0.7975501378329748
733,0.7976714319874796,0.5583112368173007,0.005307209548767674,0.23405298686911616,0.18984687592139085,1e-07,0.7975083200840289
734,0.7982317066648931,0.5580652815303163,0.005297377634276614,0.23486904889059979,0.19244600857416408,1e-07,0.7976376670827137
735,0.797293953918384,0.5585010572198476,0.00530916309812993,0.23348373360040656,0.1917541047388857,1e-07,0.7977650607174093
736,0.7979893038432564,0.5582493021727749,0.005297633734616366,0.23444237019955827,0.18806388179223504,1e-07,0.7979220195677862
737,0.7970302370176361,0.5580411155543259,0.005301723069551459,0.23368739917803039,0.1929136455130349,1e-07,0.7978954233193511
738,0.7987465658826691,0.5584065427905635,0.0052969156269821824,0.23504310842763865,0.19251826498211855,1e-07,0.7978902624412016
739,0.7986539435443696,0.5581958586234225,0.005303289331317519,0.2351547951261963,0.19227209701492456,1e-07,0.7978263500204498
740,0.7966982428537032,0.557981048046687,0.005302204754934357,0.2334149892678101,0.19033596422255894,1e-07,0.7977165186947043
741,0.7992283304057053,0.5579451857286207,0.005302856983750631,0.23598028705165716,0.1875598349710971,1e-07,0.7979116095025004
742,0.7972447606935456,0.5581301865680366,0.005299894148082824,0.23381468001307482,0.1939279678763385,1e-07,0.7978788476811641
743,0.7983322782379588,0.5583030761143808,0.005314080053539367,0.2347151210718748,0.18598340858112683,1e-07,0.7979449323062121
744,0.7977444848945837,0.5582793852644103,0.005300901438060559,0.2341641993328715,0.1928089042171907,1e-07,0.7978962101291812
745,0.7964112196812789,0.5578679901561098,0.005300021627873325,0.2332432076121061,0.18984348141548166,1e-07,0.7978079367054708
746,0.7984687685966492,0.558492658668728,0.005291877465955378,0.23468423424440138,0.18942723252128757,1e-07,0.7978558831808099
747,0.797400411378824,0.5581540605097867,0.005306929492494136,0.2339394221251661,0.19494242787931523,1e-07,0.7978929006169287
748,0.7943659380577398,0.5584687871510903,0.005292369988546417,0.23060478193409134,0.18787997686549238,1e-07,0.7974548378344358
749,0.7961532510638807,0.5583997511407405,0.0052922867131575445,0.23246121370906464,0.19067110431393938,1e-07,0.7972047685863869
750,0.7991599688689675,0.5584949148043491,0.005307362695630087,0.23535769204631377,0.19008301726083435,1e-07,0.7974509411879134
751,0.7974724038080736,0.5580319472762386,0.0053045433103753046,0.23413591386313642,0.19366513798681742,1e-07,0.7972753485281501
752,0.7971036116187082,0.5582233703022368,0.00529499316329591,0.23358524868790612,0.19083819762941753,1e-07,0.7972612336206665
753,0.7964684820631475,0.5583368333047657,0.0053056358720697284,0.23282601199509426,0.1882175325848269,1e-07,0.7970748540031853
754,0.797334043032815,0.5580193582904396,0.0052982246476497375,0.2340164604868615,0.18854010807412663,1e-07,0.7970338098170084
755,0.7958062891469618,0.5579330055622392,0.005295942274577309,0.23257734084671194,0.1887034913213059,1e-07,0.7969733167635769
756,0.7961152558121385,0.5585284571043042,0.0053009889912947515,0.2322858100017292,0.19993636439861864,1e-07,0.7967379654851257
757,0.7983288549635399,0.5585843480089635,0.005323109444248619,0.2344213988293301,0.18928204704985094,1e-07,0.7968308098435972
758,0.7973939933274922,0.5582133359030673,0.005304952272387783,0.23387570515203704,0.19299616525618082,1e-07,0.7971336153705724
759,0.7989439741846477,0.5585431110060386,0.005315364833083449,0.2350854984881205,0.19793178715061344,1e-07,0.7974126876826493
760,0.7995010222259321,0.5585072401322817,0.005302756596980483,0.23569102531842637,0.19369517530550798,1e-07,0.7974467930183458
761,0.7969528834500381,0.5585779724508951,0.005301587604449697,0.23307332376900472,0.19283363547479138,1e-07,0.7973948409825422
762,0.796443183741501,0.5583710028794393,0.005305736258839877,0.23276644463887056,0.18852758179441023,1e-07,0.7973287981948214
763,0.797587615308579,0.5579963332157957,0.005305457913704466,0.2342858229313741,0.19318099883184478,1e-07,0.7974407115193645
764,0.7986284929314299,0.558235642014508,0.005294432765559146,0.2350984166541168,0.19306629618103996,1e-07,0.797570156509226
765,0.7976334973385459,0.5584066674184571,0.005308033176586388,0.23391879824074832,0.18996644790092723,1e-07,0.7977528773283844
766,0.7980958003746835,0.5585892729496842,0.005285434745715566,0.23422109360615032,0.19276167370343322,1e-07,0.797950931784639
767,0.7976628282423796,0.558236180310044,0.005294718240436755,0.23413193150998302,0.19359918113387942,1e-07,0.7978843291125229
768,0.7975940690086218,0.5586171418285826,0.005301601578744404,0.2336753289522737,0.18851063140271382,1e-07,0.797904336680636
769,0.7992029075987601,0.5579202759779242,0.005295683322340677,0.23598694993833605,0.18996905399994415,1e-07,0.797930230022047
770,0.7981070131776435,0.5583921934714158,0.005315837962775709,0.23439898324069794,0.19118651790482005,1e-07,0.7977908291172182
771,0.7957888821665751,0.5578477070377204,0.0052966777787824566,0.23264449653015182,0.18946792153222708,1e-07,0.797674428988872
772,0.800306709189164,0.5583026949583628,0.005303549424312902,0.236700465947247,0.1880277806634538,1e-07,0.7980607815336384
773,0.7970685027717974,0.5584952725748126,0.005307594269656679,0.23326563721068166,0.19003489973585,1e-07,0.7980088702799601
774,0.7979474518287695,0.5583326481460955,0.005295003430124675,0.23431980228452592,0.19284587888198607,1e-07,0.797940766169694
775,0.7981656752705004,0.5583811917088248,0.005289747098986612,0.23449473781733993,0.19441247820568996,1e-07,0.7979939839628896
776,0.797717032963009,0.5581532087907837,0.005310719093067224,0.23425310397404803,0.187006441564366,1e-07,0.797956107221722
777,0.7999785532506459,0.558075344163265,0.005304231027667032,0.23659897955695977,0.19342378965405185,1e-07,0.7981876797225487
778,0.7980568809657576,0.5581475265288467,0.005315557336122796,0.23459379820589815,0.19618575089571008,1e-07,0.7982339609182623
779,0.8009175626855147,0.5579753838942952,0.005300351877531937,0.23764182837528475,0.1897962490123425,1e-07,0.7984054264269377
780,0.7991397062842356,0.558808556441485,0.00529642766742615,0.2350347220416417,0.19072412449920007,1e-07,0.7985086957375971
781,0.7978095148453872,0.5584780131800894,0.005308207997865084,0.23402329266926888,0.1902843078143859,1e-07,0.7987107590054782
782,0.7980190361515757,0.5581946487061715,0.0052932229909029875,0.23453116727074938,0.18678962382260691,1e-07,0.7984819917017193
783,0.7979963822513105,0.5583779777636368,0.005300446275318639,0.2343179601373855,0.19183244000068692,1e-07,0.7985747796496707
784,0.7975696251152805,0.5579059031306272,0.005296468734741211,0.23436725324991217,0.18948500450147968,1e-07,0.7985369969783217
785,0.7979696696740018,0.557899393105621,0.005295754619762658,0.2347745217347259,0.1871290353781869,1e-07,0.7985173964186718
786,0.798149274011548,0.5584084190535203,0.0053066776699997025,0.23443417710978448,0.19219396484382986,1e-07,0.7985606205235257
787,0.7992469662684573,0.5587933117693121,0.005316343033713017,0.2351373117862706,0.1941745312233861,1e-07,0.7984874618253068
788,0.7989787418020969,0.558185499820983,0.0053016403645419615,0.23549160286427684,0.19218525839479347,1e-07,0.7985796479089409
789,0.797407665321131,0.5581153715341285,0.005300229245966131,0.2339920647549287,0.18720639276019693,1e-07,0.7982286581725024
790,0.7989791333675385,0.5586380897241346,0.005299499160365055,0.23504154573074368,0.19325809483750586,1e-07,0.7982126008808328
791,0.7969529493288561,0.5580560984223654,0.005294480962616405,0.23360237151241758,0.18750632611330617,1e-07,0.7981269443291795
792,0.7968822737629904,0.5586674557062998,0.0053110852766265135,0.23290373384952545,0.18679994729717384,1e-07,0.7980132680903211
793,0.7990033781984777,0.5580407358242564,0.005279178539531653,0.23568346372774343,0.18859506230890466,1e-07,0.7981139676850378
794,0.8009189635372618,0.55832031183836,0.005319102814323024,0.23727954938366083,0.18846037074852218,1e-07,0.7984489015272359
795,0.7988703688651181,0.5580353192165137,0.005300615107613887,0.23553443450534173,0.1935979610567458,1e-07,0.7985389714463476
796,0.7961500287055969,0.5586431944769535,0.0052964319452714695,0.23221040324588713,0.19814910358219057,1e-07,0.7983390469157524
797,0.7981003706820273,0.5582123642618005,0.005301903594623913,0.23458610319991433,0.1869770397195976,1e-07,0.7982243873571094
798,0.7972643121577906,0.5583916426275335,0.0053073452990591245,0.23356532458768506,0.19078846724980186,1e-07,0.7980529443926788
799,0.7989292384334729,0.5585211928951683,0.005300148252094762,0.23510789814177882,0.18870164147404392,1e-07,0.798205101703913
800,0.7958436581221494,0.5582805749331935,0.005300039024444288,0.23226304498443193,0.1880547149757449,1e-07,0.7978915541793742
801,0.7972778579549926,0.5590005247501665,0.005296966390746632,0.232980367241864,0.19102465036953464,1e-07,0.7979240450419878
802,0.797734884696714,0.558030974636808,0.005303291898024709,0.23440061776974555,0.18989857072322563,1e-07,0.7980093061353601
803,0.7978330558281767,0.5582218759082721,0.005305291077737032,0.2343058893056007,0.19239248670459363,1e-07,0.7978922738983301
804,0.7977938596426585,0.5582900758850518,0.005320996188661128,0.23418278888794794,0.18973299885908382,1e-07,0.7975797635088697
805,0.795540557095879,0.5583414202957062,0.005300651041514565,0.23189848625774018,0.19370963862923343,1e-07,0.7972467823319458
806,0.7964411747227446,0.5581878011591697,0.005297950295169958,0.23295542230588967,0.18702013769218226,1e-07,0.7972758969336605
807,0.7991703958317423,0.5586430950883473,0.005304423530706378,0.23522287935161135,0.19282284286318785,1e-07,0.797382899448632
808,0.7993094286565005,0.5582104111402229,0.005303698578519684,0.23579532032805767,0.1860791673643167,1e-07,0.7975874110985031
809,0.797547736521543,0.5586104548433751,0.005294431624800394,0.2336428503029084,0.19580662599876167,1e-07,0.79744926090731
810,0.7970987304546046,0.5584311944445924,0.0052987502522445756,0.23336878750455436,0.18983839890745838,1e-07,0.7975747681405556
811,0.7963771246837087,0.5585187518140345,0.005299783209294223,0.2325585895712581,0.18692974746227264,1e-07,0.7974846948134272
812,0.7953166646535317,0.5583107461484426,0.00530034046994442,0.23170557894418684,0.1904834816900737,1e-07,0.7972428728091089
813,0.7986169741199347,0.5581961436705156,0.005309705814106043,0.23511112541958476,0.18761522554609764,1e-07,0.7973212646382848
814,0.7970889514428007,0.5581705858262532,0.005278762732966665,0.23363960384609597,0.18745862361061516,1e-07,0.797250773818299
815,0.7993915055357098,0.5584458831394689,0.005299211403969942,0.23564641134875813,0.1885390053881983,1e-07,0.7976358686622821
816,0.7993589830740787,0.5584589766258258,0.005298508981768595,0.23560149785862014,0.191414413768709,1e-07,0.7979276494974156
817,0.7974289210789511,0.5582956433581393,0.0052950935500660585,0.23383818577493778,0.18765347108743977,1e-07,0.7977535020221362
818,0.795856660490401,0.5580091269677906,0.005285850267090866,0.23256168368330413,0.19099785875903363,1e-07,0.7974082252055263
819,0.7968780084660179,0.557826659896157,0.005305207517158472,0.2337461410883511,0.18670378140570446,1e-07,0.7973412523999739
820,0.8003280108625238,0.5581637802021355,0.00529719568325572,0.2368670351910249,0.19086519703625493,1e-07,0.7976641804407658
821,0.7986673310612947,0.5589187207974886,0.005287059186177961,0.2344615499725182,0.189734211592583,1e-07,0.7978932010785245
822,0.8008814335724954,0.5581455116637015,0.005299245056353118,0.23743667642465618,0.18723616859559236,1e-07,0.7984496779704208
823,0.8012376985196291,0.5586356482152163,0.005316952198886415,0.2372850985511353,0.18998779720096498,1e-07,0.7987117504103902
824,0.8006332016162325,0.5582081425988503,0.005296669223091819,0.2371283902577236,0.19286014660123432,1e-07,0.7990661754277334
825,0.7975489281866539,0.5585710394895819,0.005279496811223372,0.23369839423866362,0.19244224175311733,1e-07,0.7988819176928278
826,0.7966293983482288,0.5584424051086297,0.005303912185595937,0.23288308176697725,0.19079829616980118,1e-07,0.7986089592202428
827,0.7977321920782755,0.5588206443490024,0.005295007993159682,0.233616542017631,0.1867583513117293,1e-07,0.7986392863201753
828,0.7982168478543679,0.5580792710826727,0.005296376333282325,0.23484120008192563,0.19343070361460224,1e-07,0.798875305056572
829,0.7994252272199786,0.5586115024876936,0.005293592026359157,0.23552013242073608,0.18750249376992859,1e-07,0.7991300269319679
830,0.7975425510600423,0.5585954906552603,0.005298343856939288,0.23364871808073737,0.19252587323696418,1e-07,0.7988514809517198
831,0.798138086020091,0.5585507769048499,0.0052958182170630645,0.23429149253801865,0.1879169294280869,1e-07,0.7987985564475995
832,0.796915914310793,0.5582842183740515,0.005287781001278088,0.23334391586232983,0.1995352463502633,1e-07,0.7984020045214293
833,0.798493319863908,0.5583870696108877,0.005299939493243204,0.23480631229267165,0.18729908247456026,1e-07,0.7981275666558572
834,0.7968095603742098,0.5584337842521485,0.005308479783637672,0.2330672990120769,0.19188870578719097,1e-07,0.7977452025316549
835,0.7975550992637159,0.5582843576892141,0.00529404405201451,0.2339766979502719,0.18578685827232433,1e-07,0.7977458196393611
836,0.7990854115862596,0.5584761467561767,0.005298133957328979,0.23531112969634635,0.18724223636269,1e-07,0.7979914209631642
837,0.7993188172436216,0.5581468174046877,0.005287445903394781,0.23588455468416214,0.1881807432220313,1e-07,0.7981500834796987
838,0.7989885290844019,0.5583306197344401,0.005296921045586253,0.2353609909780288,0.1895520536665711,1e-07,0.7982272516027021
839,0.7969433535514265,0.557986375675247,0.005298121408982711,0.23365885785749654,0.18736133310926018,1e-07,0.797979064235847
840,0.7976475416473224,0.558367016212792,0.005308874486165754,0.2339716527308003,0.19405925266765522,1e-07,0.797989563294575
841,0.7976450155796617,0.5585830833352924,0.005290444387773578,0.23377148938949027,0.1873877211050554,1e-07,0.7979402562505319
842,0.8005599995549215,0.5577605945641915,0.005293724639564039,0.23750568124238383,0.19031288478363073,1e-07,0.7983046647749448
843,0.7978425074422189,0.558367072822945,0.00530596897362522,0.23416946618037932,0.19140496529175333,1e-07,0.798239583532776
844,0.7963498969112287,0.5582800647288418,0.005306889565937827,0.23276294389980262,0.19314784777649283,1e-07,0.798193617186478
845,0.7978779212995009,0.5586131798308431,0.005299677689109693,0.2339650643499274,0.18745911798693918,1e-07,0.7982258993900564
846,0.7993622710259908,0.5585076264217139,0.005279547574987822,0.23557509761749273,0.19335363530798963,1e-07,0.7982535853340293
847,0.7983492170794729,0.5583575325149098,0.005303513775601912,0.2346881715375841,0.1911672808265572,1e-07,0.7981566253176146
848,0.8007254991234775,0.5583462123380324,0.005307791906110407,0.2370714940950631,0.19604994003709994,1e-07,0.7983303223215222
849,0.800567680853976,0.5583907159036426,0.005297430679558567,0.2368795345559645,0.1990651845147735,1e-07,0.7986927550517772
850,0.7974358322232534,0.5583720172991593,0.005299122424787311,0.2337646941034988,0.18840896491513867,1e-07,0.7986715841093701
851,0.8000184207726894,0.5585816871891752,0.0053162218280956505,0.23612051403693604,0.18333978615879443,1e-07,0.7989089246286729
852,0.7955288155512377,0.5581229873821496,0.005290601527291622,0.2321152269626348,0.18726907114378002,1e-07,0.7984058062283047
853,0.7960557643876692,0.5584075522194639,0.00530442467146513,0.232343787888876,0.18839149248371853,1e-07,0.7982271319228498
854,0.7987652080195943,0.5587549856975318,0.005291307942148601,0.2347189152354829,0.19557117389149642,1e-07,0.7984686630336861
855,0.7968993817219894,0.5583292766336049,0.005307358132595081,0.23326274670624847,0.19055212845214817,1e-07,0.798370809075935
856,0.7993687789120743,0.5584354718621267,0.00530548472153513,0.23562782229276366,0.18988568082665713,1e-07,0.7983714598645433
